directory_name,name_ja,image_order,is_main,image_url
nosferamon,ノスフェラモン,1,True,https://digimon.net/cimages/digimon/nosferamon.jpg
artiomon,アルティオモン,1,True,https://digimon.net/cimages/digimon/artiomon.jpg
atratusmon,アトラタスモン,1,True,https://digimon.net/cimages/digimon/atratusmon.jpg
albatusmon,アルバタスモン,1,True,https://digimon.net/cimages/digimon/albatusmon.jpg
heliosboamon,ヘリオスボアモン,1,True,https://digimon.net/cimages/digimon/heliosboamon.jpg
habakirimon,ハバキリモン,1,True,https://digimon.net/cimages/digimon/habakirimon.jpg
bearcatmon,ベアキャットモン,1,True,https://digimon.net/cimages/digimon/bearcatmon.jpg
taowumon,タオウーモン,1,True,https://digimon.net/cimages/digimon/taowumon.jpg
scourgechiropmon,スカージキロプモン,1,True,https://digimon.net/cimages/digimon/scourgechiropmon.jpg
monarchlizamon,モナークリザモン,1,True,https://digimon.net/cimages/digimon/monarchlizamon.jpg
apollomon_whispered,アポロモン：ウィスパード,1,True,https://digimon.net/cimages/digimon/apollomon_whispered.jpg
kingwhamon,キングホエーモン,1,True,https://digimon.net/cimages/digimon/kingwhamon.jpg
armamon_burstmode,アルマモン：バーストモード,1,True,https://digimon.net/cimages/digimon/armamon_burstmode.jpg
armamon,アルマモン,1,True,https://digimon.net/cimages/digimon/armamon.jpg
shoutmonx5s,シャウトモンX5S,1,True,https://digimon.net/cimages/digimon/shoutmonx5s.jpg
vortexdramon,ヴォルテクスドラモン,1,True,https://digimon.net/cimages/digimon/vortexdramon.jpg
shoutmonx4s,シャウトモンX4S,1,True,https://digimon.net/cimages/digimon/shoutmonx4s.jpg
shoutmonx3sd,シャウトモンX3SD,1,True,https://digimon.net/cimages/digimon/shoutmonx3sd.jpg
shoutmonx3gm,シャウトモンX3GM,1,True,https://digimon.net/cimages/digimon/shoutmonx3gm.jpg
azhdarmon,アズダルモン,1,True,https://digimon.net/cimages/digimon/azhdarmon.jpg
tengumon,テングモン,1,True,https://digimon.net/cimages/digimon/tengumon.jpg
amaterasumon,アマテラスモン,1,True,https://digimon.net/cimages/digimon/amaterasumon.jpg
enmamon,エンマモン,1,True,https://digimon.net/cimages/digimon/enmamon.jpg
seitengokuwmon,セイテンゴクウモン,1,True,https://digimon.net/cimages/digimon/seitengokuwmon.jpg
seitengokuwmon,セイテンゴクウモン,2,False,https://digimon.net/cimages/digimon/seitengokuwmon_2.jpg
exmaquinamon,エクスマキナモン,1,True,https://digimon.net/cimages/digimon/exmaquinamon.jpg
dalphomon,ダルフォモン,1,True,https://digimon.net/cimages/digimon/dalphomon.jpg
shishimamon,シシマモン,1,True,https://digimon.net/cimages/digimon/shishimamon.jpg
darumamon,ダルマモン,1,True,https://digimon.net/cimages/digimon/darumamon.jpg
rhamphomon,ランフォモン,1,True,https://digimon.net/cimages/digimon/rhamphomon.jpg
chronomon_destroy,クロノモン：デストロイモード,1,True,https://digimon.net/cimages/digimon/chronomon_destroy.jpg
chronomon_holy,クロノモン：ホーリーモード,1,True,https://digimon.net/cimages/digimon/chronomon_holy.jpg
butenmon,ブテンモン,1,True,https://digimon.net/cimages/digimon/butenmon.jpg
buraimon,ブライモン,1,True,https://digimon.net/cimages/digimon/buraimon.jpg
hyokomon,ヒョコモン,1,True,https://digimon.net/cimages/digimon/hyokomon.jpg
chicchimon,チッチモン,1,True,https://digimon.net/cimages/digimon/chicchimon.jpg
zombieplutomon,ゾンビプルートモン,1,True,https://digimon.net/cimages/digimon/zombieplutomon.jpg
manekimon,マネキモン,1,True,https://digimon.net/cimages/digimon/manekimon.jpg
hakubamon,ハクバモン,1,True,https://digimon.net/cimages/digimon/hakubamon.jpg
wankomon,ワンコモン,1,True,https://digimon.net/cimages/digimon/wankomon.jpg
gasamon,ガサモン,1,True,https://digimon.net/cimages/digimon/gasamon.jpg
takinmon,ターキモン,1,True,https://digimon.net/cimages/digimon/takinmon.jpg
fujamon,フージャモン,1,True,https://digimon.net/cimages/digimon/fujamon.jpg
kakamon,カカモン,1,True,https://digimon.net/cimages/digimon/kakamon.jpg
armalizamon,アルマリザモン,1,True,https://digimon.net/cimages/digimon/armalizamon.jpg
onibimon,オニビモン,1,True,https://digimon.net/cimages/digimon/onibimon.jpg
tomorimon,トモリモン,1,True,https://digimon.net/cimages/digimon/tomorimon.jpg
mococomon,モココモン,1,True,https://digimon.net/cimages/digimon/mococomon.jpg
fukamon,フカモン,1,True,https://digimon.net/cimages/digimon/fukamon.jpg
parallelmon,パラレルモン,1,True,https://digimon.net/cimages/digimon/parallelmon.jpg
nightchiropmon,ナイトキロプモン,1,True,https://digimon.net/cimages/digimon/nightchiropmon.jpg
styracomon,スティラコモン,1,True,https://digimon.net/cimages/digimon/styracomon.jpg
taotiemon,タオティエモン,1,True,https://digimon.net/cimages/digimon/taotiemon.jpg
craniummon_enbarrmon,クレニアムモン+アンヴァルモン,1,True,https://digimon.net/cimages/digimon/craniummon_enbarrmon.jpg
enbarrmon,アンヴァルモン,1,True,https://digimon.net/cimages/digimon/enbarrmon.jpg
metatromon,メタトロモン,1,True,https://digimon.net/cimages/digimon/metatromon.jpg
greatgryzmon,グレートグリズモン,1,True,https://digimon.net/cimages/digimon/greatgryzmon.jpg
titamon_skullbaluchimon,タイタモン+スカルバルキモン,1,True,https://digimon.net/cimages/digimon/titamon_skullbaluchimon.jpg
cougarmon,クーガモン,1,True,https://digimon.net/cimages/digimon/cougarmon.jpg
masterblimpmon,マスターブリンプモン,1,True,https://digimon.net/cimages/digimon/masterblimpmon.jpg
hyemon,ハイエモン,1,True,https://digimon.net/cimages/digimon/hyemon.jpg
murasamemon,ムラサメモン,1,True,https://digimon.net/cimages/digimon/murasamemon.jpg
wolvermon,ウルヴァモン,1,True,https://digimon.net/cimages/digimon/wolvermon.jpg
chiropmon,キロプモン,1,True,https://digimon.net/cimages/digimon/chiropmon.jpg
pristimon,プリスティモン,1,True,https://digimon.net/cimages/digimon/pristimon.jpg
dullahamon,デュラハモン,1,True,https://digimon.net/cimages/digimon/dullahamon.jpg
gekkomon,ゲッコーモン,1,True,https://digimon.net/cimages/digimon/gekkomon.jpg
kekkomon,ケッコモン,1,True,https://digimon.net/cimages/digimon/kekkomon.jpg
kekomon,ケコモン,1,True,https://digimon.net/cimages/digimon/kekomon.jpg
magneticdramon,マグネティックドラモン,1,True,https://digimon.net/cimages/digimon/magneticdramon.jpg
maneuvermon,マニューバモン,1,True,https://digimon.net/cimages/digimon/maneuvermon.jpg
turbomon,ターボモン,1,True,https://digimon.net/cimages/digimon/turbomon.jpg
nyabootmon,ニャブートモン,1,True,https://digimon.net/cimages/digimon/nyabootmon.jpg
yihumon,イーフーモン,1,True,https://digimon.net/cimages/digimon/yihumon.jpg
ariemon,アリエモン,1,True,https://digimon.net/cimages/digimon/ariemon.jpg
skullseadramon,スカルシードラモン,1,True,https://digimon.net/cimages/digimon/skullseadramon.jpg
sharkmon,シャークモン,1,True,https://digimon.net/cimages/digimon/sharkmon.jpg
kaguyamon,カグヤモン,1,True,https://digimon.net/cimages/digimon/kaguyamon.jpg
karakurumon,カラクルモン,1,True,https://digimon.net/cimages/digimon/karakurumon.jpg
kokeshimon,コケシモン,1,True,https://digimon.net/cimages/digimon/kokeshimon.jpg
hanimon,ハニモン,1,True,https://digimon.net/cimages/digimon/hanimon.jpg
mockingbirdmon,モッキンバーモン,1,True,https://digimon.net/cimages/digimon/mockingbirdmon.jpg
mulemon,ミュールモン,1,True,https://digimon.net/cimages/digimon/mulemon.jpg
maquinamon,マキナモン,1,True,https://digimon.net/cimages/digimon/maquinamon.jpg
nazhamon_crimson,ナタモン：クリムゾンモード,1,True,https://digimon.net/cimages/digimon/nazhamon_crimson.jpg
shagaramon,シャガラモン,1,True,https://digimon.net/cimages/digimon/shagaramon.jpg
medusamon,メデューサモン,1,True,https://digimon.net/cimages/digimon/medusamon.jpg
lamiamon,ラミアモン,1,True,https://digimon.net/cimages/digimon/lamiamon.jpg
necromon,ネクロモン,1,True,https://digimon.net/cimages/digimon/necromon.jpg
jougamon,ジョウガモン,1,True,https://digimon.net/cimages/digimon/jougamon.jpg
pyramidimon,ピラミディモン,1,True,https://digimon.net/cimages/digimon/pyramidimon.jpg
proganomon,プロガノモン,1,True,https://digimon.net/cimages/digimon/proganomon.jpg
landramon,ランドラモン,1,True,https://digimon.net/cimages/digimon/landramon.jpg
invisimon,インビジモン,1,True,https://digimon.net/cimages/digimon/invisimon.jpg
oblivimon,オブリビモン,1,True,https://digimon.net/cimages/digimon/oblivimon.jpg
dimetromon,ディメトロモン,1,True,https://digimon.net/cimages/digimon/dimetromon.jpg
ryugumon,リュウグウモン,1,True,https://digimon.net/cimages/digimon/ryugumon.jpg
cerunumon,ケルヌモン,1,True,https://digimon.net/cimages/digimon/cerunumon.jpg
marinbullmon,マリンブルモン,1,True,https://digimon.net/cimages/digimon/marinbullmon.jpg
elizamon,エリザモン,1,True,https://digimon.net/cimages/digimon/elizamon.jpg
nezhamon,ナタモン,1,True,https://digimon.net/cimages/digimon/nezhamon.jpg
dinomon,ダイナモン,1,True,https://digimon.net/cimages/digimon/dinomon.jpg
skadimon,スカーディモン,1,True,https://digimon.net/cimages/digimon/skadimon.jpg
polarbearmon,ポーラーベアモン,1,True,https://digimon.net/cimages/digimon/polarbearmon.jpg
erlangmon_blast,イーランモン：ブラストモード,1,True,https://digimon.net/cimages/digimon/erlangmon_blast.jpg
queenbeemon,クイーンビーモン,1,True,https://digimon.net/cimages/digimon/queenbeemon.jpg
queenbeemon,クイーンビーモン,2,False,https://digimon.net/cimages/digimon/queenbeemon_2.jpg
vespamon,ヴェスパモン,1,True,https://digimon.net/cimages/digimon/vespamon.jpg
forgebeemon,フォージビーモン,1,True,https://digimon.net/cimages/digimon/forgebeemon.jpg
heavymetaldramon,ヘヴィーメタルドラモン,1,True,https://digimon.net/cimages/digimon/heavymetaldramon.jpg
loudmon,ラウドモン,1,True,https://digimon.net/cimages/digimon/loudmon.jpg
punkmon,パンクモン,1,True,https://digimon.net/cimages/digimon/punkmon.jpg
takutoumon_wrath,タクトウモン：ラースモード,1,True,https://digimon.net/cimages/digimon/takutoumon_wrath.jpg
erlangmon,イーランモン,1,True,https://digimon.net/cimages/digimon/erlangmon.jpg
cendrillmon,サンドリモン,1,True,https://digimon.net/cimages/digimon/cendrillmon.jpg
chaperomon,シャペロモン,1,True,https://digimon.net/cimages/digimon/chaperomon.jpg
zephagamon,ゼファーガモン,1,True,https://digimon.net/cimages/digimon/zephagamon.jpg
grandgalemon,グランゲイルモン,1,True,https://digimon.net/cimages/digimon/grandgalemon.jpg
fluffymon,フラフィモン,1,True,https://digimon.net/cimages/digimon/fluffymon.jpg
yolkmon,ヨークモン,1,True,https://digimon.net/cimages/digimon/yolkmon.jpg
callismon,カリスモン,1,True,https://digimon.net/cimages/digimon/callismon.jpg
tlalocmon,トラロックモン,1,True,https://digimon.net/cimages/digimon/tlalocmon.jpg
shoeshoemon,シューシューモン,1,True,https://digimon.net/cimages/digimon/shoeshoemon.jpg
shoemon,シューモン,1,True,https://digimon.net/cimages/digimon/shoemon.jpg
galemon,ゲイルモン,1,True,https://digimon.net/cimages/digimon/galemon.jpg
pteromon,プテロモン,1,True,https://digimon.net/cimages/digimon/pteromon.jpg
takutoumon,タクトウモン,1,True,https://digimon.net/cimages/digimon/takutoumon.jpg
fenriloogamon_takemikazuchi,フェンリルガモン：建御雷神(タケミカヅチ),1,True,https://digimon.net/cimages/digimon/fenriloogamon_takemikazuchi.jpg
bigukkomon,ビッグウッコモン,1,True,https://digimon.net/cimages/digimon/bigukkomon.jpg
ukkomon,ウッコモン,1,True,https://digimon.net/cimages/digimon/ukkomon.jpg
dijiangmon,ディージャンモン,1,True,https://digimon.net/cimages/digimon/dijiangmon.jpg
xingtianmon,シンテンモン,1,True,https://digimon.net/cimages/digimon/xingtianmon.jpg
lianpumon,リェンフーモン,1,True,https://digimon.net/cimages/digimon/lianpumon.jpg
dominimon,ドミニモン,1,True,https://digimon.net/cimages/digimon/dominimon.jpg
arkhaiangemon,アルケーエンジェモン,1,True,https://digimon.net/cimages/digimon/arkhaiangemon.jpg
luxmon,ルクスモン,1,True,https://digimon.net/cimages/digimon/luxmon.jpg
huanglongmon_ruin,ファンロンモン：ルインモード,1,True,https://digimon.net/cimages/digimon/huanglongmon_ruin.jpg
moonmon,ムンモン,1,True,https://digimon.net/cimages/digimon/moonmon.jpg
sunmon,サンモン,1,True,https://digimon.net/cimages/digimon/sunmon.jpg
brigadramon,ブリガードラモン,1,True,https://digimon.net/cimages/digimon/brigadramon.jpg
hi-commandramon,ハイコマンドラモン,1,True,https://digimon.net/cimages/digimon/hi-commandramon.jpg
fenriloogamon,フェンリルガモン,1,True,https://digimon.net/cimages/digimon/fenriloogamon.jpg
helloogarmon,ヘルガルモン,1,True,https://digimon.net/cimages/digimon/helloogarmon.jpg
soloogarmon,ソルガルモン,1,True,https://digimon.net/cimages/digimon/soloogarmon.jpg
cargodramon,カーゴドラモン,1,True,https://digimon.net/cimages/digimon/cargodramon.jpg
loogarmon,ルガルモン,1,True,https://digimon.net/cimages/digimon/loogarmon.jpg
bowmon,バウモン,1,True,https://digimon.net/cimages/digimon/bowmon.jpg
fusamon,フサモン,1,True,https://digimon.net/cimages/digimon/fusamon.jpg
quantumon,クオンタモン,1,True,https://digimon.net/cimages/digimon/quantumon.jpg
loogamon,ルガモン,1,True,https://digimon.net/cimages/digimon/loogamon.jpg
proximamon,プロキシマモン,1,True,https://digimon.net/cimages/digimon/proximamon.jpg
arcturusmon,アルクトゥルスモン,1,True,https://digimon.net/cimages/digimon/arcturusmon.jpg
greyknightsmon,グレイナイツモン,1,True,https://digimon.net/cimages/digimon/greyknightsmon.jpg
zanmetsumon,ザンメツモン,1,True,https://digimon.net/cimages/digimon/zanmetsumon.jpg
bombermon,ボマーモン,1,True,https://digimon.net/cimages/digimon/bombermon.jpg
ghilliedhumon,ギリードゥモン,1,True,https://digimon.net/cimages/digimon/ghilliedhumon.jpg
fumamon,フウマモン,1,True,https://digimon.net/cimages/digimon/fumamon.jpg
cthyllamon,クティーラモン,1,True,https://digimon.net/cimages/digimon/cthyllamon.jpg
regulusmon,レグルスモン,1,True,https://digimon.net/cimages/digimon/regulusmon.jpg
ragnamon,ラグナモン,1,True,https://digimon.net/cimages/digimon/ragnamon.jpg
destromon,デストロモン,1,True,https://digimon.net/cimages/digimon/destromon.jpg
snatchmon,スナッチモン,1,True,https://digimon.net/cimages/digimon/snatchmon.jpg
bemmon,ベムモン,1,True,https://digimon.net/cimages/digimon/bemmon.jpg
baalmon_x,バアルモン（X抗体）,1,True,https://digimon.net/cimages/digimon/baalmon_x.jpg
amphimon,アンフィモン,1,True,https://digimon.net/cimages/digimon/amphimon.jpg
diarbbitmon,ディルビットモン,1,True,https://digimon.net/cimages/digimon/diarbbitmon.jpg
siriusmon,シリウスモン,1,True,https://digimon.net/cimages/digimon/siriusmon.jpg
shinegreymon_ruin,シャイングレイモン： ルインモード,1,True,https://digimon.net/cimages/digimon/shinegreymon_ruin.jpg
chamblemon,シャンブルモン,1,True,https://digimon.net/cimages/digimon/chamblemon.jpg
publimon,パブリモン,1,True,https://digimon.net/cimages/digimon/publimon.jpg
oleamon,オウリアモン,1,True,https://digimon.net/cimages/digimon/oleamon.jpg
huankunmon,ファンクンモン,1,True,https://digimon.net/cimages/digimon/huankunmon.jpg
xiangpengmon,シャンポンモン,1,True,https://digimon.net/cimages/digimon/xiangpengmon.jpg
xiquemon,シーチューモン,1,True,https://digimon.net/cimages/digimon/xiquemon.jpg
imperialdramonfightermode_vi,インペリアルドラモン：ファイターモード（黒）,1,True,https://digimon.net/cimages/digimon/imperialdramonfightermode_vi.jpg
greymon_blue_x,グレイモン（青）（X抗体）,1,True,https://digimon.net/cimages/digimon/greymon_blue_x.jpg
oboromon,オボロモン,1,True,https://digimon.net/cimages/digimon/oboromon.jpg
gyukimon,ギュウキモン,1,True,https://digimon.net/cimages/digimon/gyukimon.jpg
shinmonzaemon,しんもんざえモン,1,True,https://digimon.net/cimages/digimon/shinmonzaemon.jpg
hoverespimon,ホバーエスピモン,1,True,https://digimon.net/cimages/digimon/hoverespimon.jpg
espimon,エスピモン,1,True,https://digimon.net/cimages/digimon/espimon.jpg
jupitermmon_wrath,ユピテルモン：ラースモード,1,True,https://digimon.net/cimages/digimon/jupitermmon_wrath.jpg
plutomon,プルートモン,1,True,https://digimon.net/cimages/digimon/plutomon.jpg
ceresmon,ケレスモン,1,True,https://digimon.net/cimages/digimon/ceresmon.jpg
ceresmon,ケレスモン,2,False,https://digimon.net/cimages/digimon/ceresmon_2.jpg
bacchusmon,バッカスモン,1,True,https://digimon.net/cimages/digimon/bacchusmon.jpg
bacchusmon,バッカスモン,2,False,https://digimon.net/cimages/digimon/bacchusmon_2.jpg
junomon_hysteric,ユノモン：ヒステリックモード,1,True,https://digimon.net/cimages/digimon/junomon_hysteric.jpg
junomon,ユノモン,1,True,https://digimon.net/cimages/digimon/junomon.jpg
thetismon,テティスモン,1,True,https://digimon.net/cimages/digimon/thetismon.jpg
lamortmon,ラモールモン,1,True,https://digimon.net/cimages/digimon/lamortmon.jpg
canoweissmon,カノーヴァイスモン,1,True,https://digimon.net/cimages/digimon/canoweissmon.jpg
sistermon_ciel_Awake,シスタモン シエル（覚醒）,1,True,https://digimon.net/cimages/digimon/sistermon_ciel_Awake.jpg
sistermon_noir_Awake,シスタモン ノワール（覚醒）,1,True,https://digimon.net/cimages/digimon/sistermon_noir_Awake.jpg
sistermon_blanc_Awake,シスタモン ブラン（覚醒）,1,True,https://digimon.net/cimages/digimon/sistermon_blanc_Awake.jpg
gulusgammamon,グルスガンマモン,1,True,https://digimon.net/cimages/digimon/gulusgammamon.jpg
teslajellymon,テスラジェリーモン,1,True,https://digimon.net/cimages/digimon/teslajellymon.jpg
symbareangoramon,ジンバーアンゴラモン,1,True,https://digimon.net/cimages/digimon/symbareangoramon.jpg
blacktailmon_uver,ブラックテイルモン Uver.,1,True,https://digimon.net/cimages/digimon/blacktailmon_uver.jpg
weddinmon,ウェディンモン,1,True,https://digimon.net/cimages/digimon/weddinmon.jpg
shortmon,ショートモン,1,True,https://digimon.net/cimages/digimon/shortmon.jpg
blackrapidmon,ブラックラピッドモン,1,True,https://digimon.net/cimages/digimon/blackrapidmon.jpg
blackgalgomon,ブラックガルゴモン,1,True,https://digimon.net/cimages/digimon/blackgalgomon.jpg
omegamonzwart_d,オメガモンズワルトDEFEAT,1,True,https://digimon.net/cimages/digimon/omegamonzwart_d.jpg
wezengammamon,ウェズンガンマモン,1,True,https://digimon.net/cimages/digimon/wezengammamon.jpg
kausgammamon,カウスガンマモン,1,True,https://digimon.net/cimages/digimon/kausgammamon.jpg
betelgammamon,ベテルガンマモン,1,True,https://digimon.net/cimages/digimon/betelgammamon.jpg
abbadomoncore,アバドモンコア,1,True,https://digimon.net/cimages/digimon/abbadomoncore.jpg
abbadomoncore,アバドモンコア,2,False,https://digimon.net/cimages/digimon/abbadomoncore_2.jpg
luminamon_nene,ルミナモン（ネネVer.）,1,True,https://digimon.net/cimages/digimon/luminamon_nene.jpg
shoutmonx7_superior,シャウトモンX7：スペリオルモード,1,True,https://digimon.net/cimages/digimon/shoutmonx7_superior.jpg
jellymon,ジェリーモン,1,True,https://digimon.net/cimages/digimon/jellymon.jpg
puyoyomon,プヨヨモン,1,True,https://digimon.net/cimages/digimon/puyoyomon.jpg
puyomon,プヨモン,1,True,https://digimon.net/cimages/digimon/puyomon.jpg
angoramon,アンゴラモン,1,True,https://digimon.net/cimages/digimon/angoramon.jpg
bosamon,ボサモン,1,True,https://digimon.net/cimages/digimon/bosamon.jpg
pyonmon,ピョンモン,1,True,https://digimon.net/cimages/digimon/pyonmon.jpg
gammamon,ガンマモン,1,True,https://digimon.net/cimages/digimon/gammamon.jpg
gurimon,グリモン,1,True,https://digimon.net/cimages/digimon/gurimon.jpg
curimon,クリモン,1,True,https://digimon.net/cimages/digimon/curimon.jpg
abbadomon,アバドモン,1,True,https://digimon.net/cimages/digimon/abbadomon.jpg
negamon,ネガーモン,1,True,https://digimon.net/cimages/digimon/negamon.jpg
pilevolcamon,パイルボルケーモン,1,True,https://digimon.net/cimages/digimon/pilevolcamon.jpg
raidenmon,ライデンモン,1,True,https://digimon.net/cimages/digimon/raidenmon.jpg
raijinmon,ライジンモン,1,True,https://digimon.net/cimages/digimon/raijinmon.jpg
dokunemon,ドクネモン,1,True,https://digimon.net/cimages/digimon/dokunemon.jpg
modokibetamon,モドキベタモン,1,True,https://digimon.net/cimages/digimon/modokibetamon.jpg
hydramon,ヒュドラモン,1,True,https://digimon.net/cimages/digimon/hydramon.jpg
bloomlordmon,ブルムロードモン,1,True,https://digimon.net/cimages/digimon/bloomlordmon.jpg
ajatarmon,アヤタラモン,1,True,https://digimon.net/cimages/digimon/ajatarmon.jpg
gardromon_gold,ガードロモン（金）,1,True,https://digimon.net/cimages/digimon/gardromon_gold.jpg
burgamon_lv4,バーガモン,1,True,https://digimon.net/cimages/digimon/burgamon_lv4.jpg
pidmon,ピッドモン,1,True,https://digimon.net/cimages/digimon/pidmon.jpg
sandyammamon,サンドヤンマモン,1,True,https://digimon.net/cimages/digimon/sandyammamon.jpg
yammamon,ヤンマモン,1,True,https://digimon.net/cimages/digimon/yammamon.jpg
morishellmon,モリシェルモン,1,True,https://digimon.net/cimages/digimon/morishellmon.jpg
bombernanimon,ボンバーナニモン,1,True,https://digimon.net/cimages/digimon/bombernanimon.jpg
heraklekabuterimon_x,ヘラクルカブテリモン（X抗体）,1,True,https://digimon.net/cimages/digimon/heraklekabuterimon_x.jpg
starmon_x,スターモン（X抗体）,1,True,https://digimon.net/cimages/digimon/starmon_x.jpg
growmon_x,グラウモン（X抗体）,1,True,https://digimon.net/cimages/digimon/growmon_x.jpg
hagurumon_x,ハグルモン（X抗体）,1,True,https://digimon.net/cimages/digimon/hagurumon_x.jpg
gaioumon_itto,ガイオウモン：厳刀ノ型,1,True,https://digimon.net/cimages/digimon/gaioumon_itto.jpg
brachiomon,ブラキモン,1,True,https://digimon.net/cimages/digimon/brachiomon.jpg
kyukimon,キュウキモン,1,True,https://digimon.net/cimages/digimon/kyukimon.jpg
vermillimon,ヴァーミリモン,1,True,https://digimon.net/cimages/digimon/vermillimon.jpg
assaultmon,アサルトモン,1,True,https://digimon.net/cimages/digimon/assaultmon.jpg
tekkamon,テッカモン,1,True,https://digimon.net/cimages/digimon/tekkamon.jpg
vulturemon,バルチャモン,1,True,https://digimon.net/cimages/digimon/vulturemon.jpg
goromon,ゴロモン,1,True,https://digimon.net/cimages/digimon/goromon.jpg
sunamon,スナモン,1,True,https://digimon.net/cimages/digimon/sunamon.jpg
burpmon,ば～ぷモン,1,True,https://digimon.net/cimages/digimon/burpmon.jpg
blackkingnumemon,ブラックキングヌメモン,1,True,https://digimon.net/cimages/digimon/blackkingnumemon.jpg
goldnumemon,ゴールドヌメモン,1,True,https://digimon.net/cimages/digimon/goldnumemon.jpg
culumon,クルモン,1,True,https://digimon.net/cimages/digimon/culumon.jpg
gladimon,グラディモン,1,True,https://digimon.net/cimages/digimon/gladimon.jpg
shoutmonx4k,シャウトモンX4K,1,True,https://digimon.net/cimages/digimon/shoutmonx4k.jpg
kodokugumon,コドクグモン,1,True,https://digimon.net/cimages/digimon/kodokugumon.jpg
yoxtuyoxtumon,ヨッ！ヨッ！モン,1,True,https://digimon.net/cimages/digimon/yoxtuyoxtumon.jpg
minidekachimon,ミニデカチモン,1,True,https://digimon.net/cimages/digimon/minidekachimon.jpg
atamadekachimon,アタマデカチモン,1,True,https://digimon.net/cimages/digimon/atamadekachimon.jpg
trailmon,トレイルモン,1,True,https://digimon.net/cimages/digimon/trailmon.jpg
greatkingscumon,スカモン大王,1,True,https://digimon.net/cimages/digimon/greatkingscumon.jpg
shroudmon,シュラウドモン,1,True,https://digimon.net/cimages/digimon/shroudmon.jpg
frosvelgrmon,フロスベルグモン,1,True,https://digimon.net/cimages/digimon/frosvelgrmon.jpg
frozomon,フロゾモン,1,True,https://digimon.net/cimages/digimon/frozomon.jpg
hiyarimon,ヒヤリモン,1,True,https://digimon.net/cimages/digimon/hiyarimon.jpg
blackseraphimon,ブラックセラフィモン,1,True,https://digimon.net/cimages/digimon/blackseraphimon.jpg
rareraremon,レアレアモン,1,True,https://digimon.net/cimages/digimon/rareraremon.jpg
climbmon,クライモン,1,True,https://digimon.net/cimages/digimon/climbmon.jpg
divemon,ダイブモン,1,True,https://digimon.net/cimages/digimon/divemon.jpg
clearagumon,クリアアグモン,1,True,https://digimon.net/cimages/digimon/clearagumon.jpg
bancholilimon,バンチョーリリモン,1,True,https://digimon.net/cimages/digimon/bancholilimon.jpg
metalgreymon_va_x,メタルグレイモン（ワクチン種）（Ｘ抗体）,1,True,https://digimon.net/cimages/digimon/metalgreymon_va_x.jpg
panjyamon_x,パンジャモン（Ｘ抗体）,1,True,https://digimon.net/cimages/digimon/panjyamon_x.jpg
metalmamemon_x,メタルマメモン（Ｘ抗体）,1,True,https://digimon.net/cimages/digimon/metalmamemon_x.jpg
thunderballmon_x,サンダーボールモン（Ｘ抗体）,1,True,https://digimon.net/cimages/digimon/thunderballmon_x.jpg
monochromon_x,モノクロモン（Ｘ抗体）,1,True,https://digimon.net/cimages/digimon/monochromon_x.jpg
dobermon_x,ドーベルモン（Ｘ抗体）,1,True,https://digimon.net/cimages/digimon/dobermon_x.jpg
gesomon_x,ゲソモン（Ｘ抗体）,1,True,https://digimon.net/cimages/digimon/gesomon_x.jpg
gottsumon_x,ゴツモン（Ｘ抗体）,1,True,https://digimon.net/cimages/digimon/gottsumon_x.jpg
ganimon_x,ガニモン（Ｘ抗体）,1,True,https://digimon.net/cimages/digimon/ganimon_x.jpg
guilmon_x,ギルモン（Ｘ抗体）,1,True,https://digimon.net/cimages/digimon/guilmon_x.jpg
shoutmon_ex6,シャウトモンEX6,1,True,https://digimon.net/cimages/digimon/shoutmon_ex6.jpg
torikaraballmon,とりからボールモン,1,True,https://digimon.net/cimages/digimon/torikaraballmon.jpg
burgamon,バーガモン,1,True,https://digimon.net/cimages/digimon/burgamon.jpg
potamon,ポテモン,1,True,https://digimon.net/cimages/digimon/potamon.jpg
achillesmon,アキレウスモン,1,True,https://digimon.net/cimages/digimon/achillesmon.jpg
shivamon,シーヴァモン,1,True,https://digimon.net/cimages/digimon/shivamon.jpg
kazuchimon,カヅチモン,1,True,https://digimon.net/cimages/digimon/kazuchimon.jpg
pistmon,ピストモン,1,True,https://digimon.net/cimages/digimon/pistmon.jpg
tempomon,テンポモン,1,True,https://digimon.net/cimages/digimon/tempomon.jpg
shootmon,シュートモン,1,True,https://digimon.net/cimages/digimon/shootmon.jpg
boutmon,バウトモン,1,True,https://digimon.net/cimages/digimon/boutmon.jpg
mitamamon,ミタマモン,1,True,https://digimon.net/cimages/digimon/mitamamon.jpg
lovelyangemon,ラブリーエンジェモン,1,True,https://digimon.net/cimages/digimon/lovelyangemon.jpg
bibimon,ビビモン,1,True,https://digimon.net/cimages/digimon/bibimon.jpg
dokimon,ドキモン,1,True,https://digimon.net/cimages/digimon/dokimon.jpg
namakemon,ナマケモン,1,True,https://digimon.net/cimages/digimon/namakemon.jpg
runnermon,ランナモン,1,True,https://digimon.net/cimages/digimon/runnermon.jpg
exermon,エキサモン,1,True,https://digimon.net/cimages/digimon/exermon.jpg
bulkmon,バルクモン,1,True,https://digimon.net/cimages/digimon/bulkmon.jpg
komondomon,コモンドモン,1,True,https://digimon.net/cimages/digimon/komondomon.jpg
pulsemon,パルスモン,1,True,https://digimon.net/cimages/digimon/pulsemon.jpg
omegamon_merciful,オメガモン：マーシフルモード,1,True,https://digimon.net/cimages/digimon/omegamon_merciful.jpg
donedevimon,ダンデビモン,1,True,https://digimon.net/cimages/digimon/donedevimon.jpg
waregarurumon_sagittarius,ワーガルルモン：サジタリウスモード,1,True,https://digimon.net/cimages/digimon/waregarurumon_sagittarius.jpg
imperialdramon_dragon_black,インペリアルドラモン：ドラゴンモード(黒),1,True,https://digimon.net/cimages/digimon/imperialdramon_dragon_black.jpg
manticoremon,マンティコアモン,1,True,https://digimon.net/cimages/digimon/manticoremon.jpg
mimicmon,ミミックモン,1,True,https://digimon.net/cimages/digimon/mimicmon.jpg
baluchimon,バルキモン,1,True,https://digimon.net/cimages/digimon/baluchimon.jpg
darkmaildramon,ダークメイルドラモン,1,True,https://digimon.net/cimages/digimon/darkmaildramon.jpg
metalgreymon_alter,メタルグレイモン：アルタラウスモード,1,True,https://digimon.net/cimages/digimon/metalgreymon_alter.jpg
rebellimon,リベリモン,1,True,https://digimon.net/cimages/digimon/rebellimon.jpg
machmon,マッハモン,1,True,https://digimon.net/cimages/digimon/machmon.jpg
junkmon,ジャンクモン,1,True,https://digimon.net/cimages/digimon/junkmon.jpg
heavyleomon,ヘヴィーレオモン,1,True,https://digimon.net/cimages/digimon/heavyleomon.jpg
hopmon,ホップモン,1,True,https://digimon.net/cimages/digimon/hopmon.jpg
ketomon,ケトモン,1,True,https://digimon.net/cimages/digimon/ketomon.jpg
nidhoggmon,ニーズヘッグモン,1,True,https://digimon.net/cimages/digimon/nidhoggmon.jpg
entmon,エントモン,1,True,https://digimon.net/cimages/digimon/entmon.jpg
parasaurmon,パラサウモン,1,True,https://digimon.net/cimages/digimon/parasaurmon.jpg
toropiamon,トロピアモン,1,True,https://digimon.net/cimages/digimon/toropiamon.jpg
pomumon,ポームモン,1,True,https://digimon.net/cimages/digimon/pomumon.jpg
eyesmon_scatter,アイズモン：スキャッターモード,1,True,https://digimon.net/cimages/digimon/eyesmon_scatter.jpg
eyesmon,アイズモン,1,True,https://digimon.net/cimages/digimon/eyesmon.jpg
betamon_x,ベタモン（X抗体）,1,True,https://digimon.net/cimages/digimon/betamon_x.jpg
gazimon_x,ガジモン（X抗体）,1,True,https://digimon.net/cimages/digimon/gazimon_x.jpg
algomon_lv1,アルゴモン,1,True,https://digimon.net/cimages/digimon/algomon_lv1.jpg
ghostmon,ゴースモン,1,True,https://digimon.net/cimages/digimon/ghostmon.jpg
regalecusmon,レガレクスモン,1,True,https://digimon.net/cimages/digimon/regalecusmon.jpg
piranimon,ピラニモン,1,True,https://digimon.net/cimages/digimon/piranimon.jpg
gusokumon,グソクモン,1,True,https://digimon.net/cimages/digimon/gusokumon.jpg
marinchimairamon,マリンキメラモン,1,True,https://digimon.net/cimages/digimon/marinchimairamon.jpg
tobiumon,トビウモン,1,True,https://digimon.net/cimages/digimon/tobiumon.jpg
sangomon,サンゴモン,1,True,https://digimon.net/cimages/digimon/sangomon.jpg
gogmamon,ゴグマモン,1,True,https://digimon.net/cimages/digimon/gogmamon.jpg
baboongamon,バブンガモン,1,True,https://digimon.net/cimages/digimon/baboongamon.jpg
sunarizamon,スナリザモン,1,True,https://digimon.net/cimages/digimon/sunarizamon.jpg
jewelbeemon,ジュエルビーモン,1,True,https://digimon.net/cimages/digimon/jewelbeemon.jpg
hudiemon,フーディエモン,1,True,https://digimon.net/cimages/digimon/hudiemon.jpg
arresterdramon_superior,アレスタードラモン：スペリオルモード,1,True,https://digimon.net/cimages/digimon/arresterdramon_superior.jpg
arresterdramon_superior,アレスタードラモン：スペリオルモード,2,False,https://digimon.net/cimages/digimon/arresterdramon_superior_2.jpg
garurumon_x,ガルルモン（X抗体）,1,True,https://digimon.net/cimages/digimon/garurumon_x.jpg
greymon_x,グレイモン（X抗体）,1,True,https://digimon.net/cimages/digimon/greymon_x.jpg
algomon_lv4,アルゴモン,1,True,https://digimon.net/cimages/digimon/algomon_lv4.jpg
algomon_lv3,アルゴモン,1,True,https://digimon.net/cimages/digimon/algomon_lv3.jpg
algomon_lv2,アルゴモン,1,True,https://digimon.net/cimages/digimon/algomon_lv2.jpg
spadamon,スパーダモン,1,True,https://digimon.net/cimages/digimon/spadamon.jpg
morphomon,モルフォモン,1,True,https://digimon.net/cimages/digimon/morphomon.jpg
eosmon_lv6,エオスモン,1,True,https://digimon.net/cimages/digimon/eosmon_lv6.jpg
gabumon_kizuna,ガブモン -友情の絆-,1,True,https://digimon.net/cimages/digimon/gabumon_kizuna.jpg
agumon_kizuna,アグモン -勇気の絆-,1,True,https://digimon.net/cimages/digimon/agumon_kizuna.jpg
eosmon_lv5,エオスモン,1,True,https://digimon.net/cimages/digimon/eosmon_lv5.jpg
eosmon_lv4,エオスモン,1,True,https://digimon.net/cimages/digimon/eosmon_lv4.jpg
tonosamamamemon,トノサママメモン,1,True,https://digimon.net/cimages/digimon/tonosamamamemon.jpg
omegamon_zwart,オメガモン ズワルト,1,True,https://digimon.net/cimages/digimon/omegamon_zwart.jpg
terriermon_assistant,テリアモン助手,1,True,https://digimon.net/cimages/digimon/terriermon_assistant.jpg
cryspaledramon,クリスペイルドラモン,1,True,https://digimon.net/cimages/digimon/cryspaledramon.jpg
metallicdramon,メタリックドラモン,1,True,https://digimon.net/cimages/digimon/metallicdramon.jpg
jazarichmon,ジャザリッヒモン,1,True,https://digimon.net/cimages/digimon/jazarichmon.jpg
jazardmon,ジャザードモン,1,True,https://digimon.net/cimages/digimon/jazardmon.jpg
jazamon,ジャザモン,1,True,https://digimon.net/cimages/digimon/jazamon.jpg
hexeblaumon,ヘクセブラウモン,1,True,https://digimon.net/cimages/digimon/hexeblaumon.jpg
paledramon,ペイルドラモン,1,True,https://digimon.net/cimages/digimon/paledramon.jpg
noblepumpmon,ノーブルパンプモン,1,True,https://digimon.net/cimages/digimon/noblepumpmon.jpg
ogudomon_x,オグドモン（X抗体）,1,True,https://digimon.net/cimages/digimon/ogudomon_x.jpg
jesmongx,ジエスモンGX,1,True,https://digimon.net/cimages/digimon/jesmongx.jpg
keramon_x,ケラモン（X抗体）,1,True,https://digimon.net/cimages/digimon/keramon_x.jpg
omegashoutmon_x,オメガシャウトモン（X抗体）,1,True,https://digimon.net/cimages/digimon/omegashoutmon_x.jpg
meramon_x,メラモン（X抗体）,1,True,https://digimon.net/cimages/digimon/meramon_x.jpg
pegasmon_x,ペガスモン（X抗体）,1,True,https://digimon.net/cimages/digimon/pegasmon_x.jpg
rapidmon_x,ラピッドモン（X抗体）,1,True,https://digimon.net/cimages/digimon/rapidmon_x.jpg
monzaemon_x,もんざえモン（X抗体）,1,True,https://digimon.net/cimages/digimon/monzaemon_x.jpg
gankoomon_x,ガンクゥモン（X抗体）,1,True,https://digimon.net/cimages/digimon/gankoomon_x.jpg
examon_x,エグザモン（X抗体）,1,True,https://digimon.net/cimages/digimon/examon_x.jpg
cyberdramon_x,サイバードラモン（X抗体）,1,True,https://digimon.net/cimages/digimon/cyberdramon_x.jpg
rizegreymon_x,ライズグレイモン（X抗体）,1,True,https://digimon.net/cimages/digimon/rizegreymon_x.jpg
hououmon_x,ホウオウモン（X抗体）,1,True,https://digimon.net/cimages/digimon/hououmon_x.jpg
justimon_x,ジャスティモン（X抗体）,1,True,https://digimon.net/cimages/digimon/justimon_x.jpg
wizarmon_x,ウィザーモン（X抗体）,1,True,https://digimon.net/cimages/digimon/wizarmon_x.jpg
siesamon_x,シーサモン（X抗体）,1,True,https://digimon.net/cimages/digimon/siesamon_x.jpg
cherubimon_x,ケルビモン（善）（X抗体）,1,True,https://digimon.net/cimages/digimon/cherubimon_x.jpg
ofanimon_x,オファニモン（X抗体）,1,True,https://digimon.net/cimages/digimon/ofanimon_x.jpg
angewomon_x,エンジェウーモン（X抗体）,1,True,https://digimon.net/cimages/digimon/angewomon_x.jpg
diablomon_x,ディアボロモン（Ｘ抗体）,1,True,https://digimon.net/cimages/digimon/diablomon_x.jpg
dynasmon_x,デュナスモン（X抗体）,1,True,https://digimon.net/cimages/digimon/dynasmon_x.jpg
duftmon_x,ドゥフトモン（X抗体）,1,True,https://digimon.net/cimages/digimon/duftmon_x.jpg
holydramon_x,ホーリードラモン（X抗体）,1,True,https://digimon.net/cimages/digimon/holydramon_x.jpg
plesiomon_x,プレシオモン（X抗体）,1,True,https://digimon.net/cimages/digimon/plesiomon_x.jpg
goddramon_x,ゴッドドラモン（X抗体）,1,True,https://digimon.net/cimages/digimon/goddramon_x.jpg
garudamon_x,ガルダモン（X抗体）,1,True,https://digimon.net/cimages/digimon/garudamon_x.jpg
tailmon_x,テイルモン（X抗体）,1,True,https://digimon.net/cimages/digimon/tailmon_x.jpg
togemon_x,トゲモン（X抗体）,1,True,https://digimon.net/cimages/digimon/togemon_x.jpg
tylomon_x,ティロモン（X抗体）,1,True,https://digimon.net/cimages/digimon/tylomon_x.jpg
lopmon_x,ロップモン（X抗体）,1,True,https://digimon.net/cimages/digimon/lopmon_x.jpg
shakomon_x,シャコモン（X抗体）,1,True,https://digimon.net/cimages/digimon/shakomon_x.jpg
terriermon_x,テリアモン（X抗体）,1,True,https://digimon.net/cimages/digimon/terriermon_x.jpg
palmon_x,パルモン（X抗体）,1,True,https://digimon.net/cimages/digimon/palmon_x.jpg
pteranomon_x,プテラノモン（X抗体）,1,True,https://digimon.net/cimages/digimon/pteranomon_x.jpg
mamemon_x,マメモン（X抗体）,1,True,https://digimon.net/cimages/digimon/mamemon_x.jpg
ebemon_x,イーバモン（X抗体）,1,True,https://digimon.net/cimages/digimon/ebemon_x.jpg
sleipmon_x,スレイプモン（X抗体）,1,True,https://digimon.net/cimages/digimon/sleipmon_x.jpg
craniummon_x,クレニアムモン（X抗体）,1,True,https://digimon.net/cimages/digimon/craniummon_x.jpg
ulforcevdramon_x,アルフォースブイドラモン（X抗体）,1,True,https://digimon.net/cimages/digimon/ulforcevdramon_x.jpg
magnamon_x,マグナモン（X抗体）,1,True,https://digimon.net/cimages/digimon/magnamon_x.jpg
megaseadramon_x,メガシードラモン（X抗体）,1,True,https://digimon.net/cimages/digimon/megaseadramon_x.jpg
triceramon_x,トリケラモン（X抗体）,1,True,https://digimon.net/cimages/digimon/triceramon_x.jpg
okuwamon_x,オオクワモン（X抗体）,1,True,https://digimon.net/cimages/digimon/okuwamon_x.jpg
mantaraymon_x,マンタレイモン（X抗体）,1,True,https://digimon.net/cimages/digimon/mantaraymon_x.jpg
nefertimon_x,ネフェルティモン（X抗体）,1,True,https://digimon.net/cimages/digimon/nefertimon_x.jpg
seadramon_x,シードラモン（X抗体）,1,True,https://digimon.net/cimages/digimon/seadramon_x.jpg
kuwagamon_x,クワガーモン（X抗体）,1,True,https://digimon.net/cimages/digimon/kuwagamon_x.jpg
allomon_x,アロモン（X抗体）,1,True,https://digimon.net/cimages/digimon/allomon_x.jpg
gomamon_x,ゴマモン（X抗体）,1,True,https://digimon.net/cimages/digimon/gomamon_x.jpg
kokuwamon_x,コクワモン（X抗体）,1,True,https://digimon.net/cimages/digimon/kokuwamon_x.jpg
blackwargreymon_x,ブラックウォーグレイモン（X抗体）,1,True,https://digimon.net/cimages/digimon/blackwargreymon_x.jpg
ladydevimon_x,レディーデビモン（Ｘ抗体）,1,True,https://digimon.net/cimages/digimon/ladydevimon_x.jpg
metalgreymon_vi_x,メタルグレイモン（ウィルス種）（Ｘ抗体）,1,True,https://digimon.net/cimages/digimon/metalgreymon_vi_x.jpg
orgemon_x,オーガモン（Ｘ抗体）,1,True,https://digimon.net/cimages/digimon/orgemon_x.jpg
agumon_b_x,アグモン（黒）（Ｘ抗体）,1,True,https://digimon.net/cimages/digimon/agumon_b_x.jpg
rasenmon,ラセンモン,1,True,https://digimon.net/cimages/digimon/rasenmon.jpg
rasenmon_f,ラセンモン：激昂モード,1,True,https://digimon.net/cimages/digimon/rasenmon_f.jpg
stiffilmon,スティフィルモン,1,True,https://digimon.net/cimages/digimon/stiffilmon.jpg
filmon,フィルモン,1,True,https://digimon.net/cimages/digimon/filmon.jpg
rosemon_x,ロゼモン（X抗体）,1,True,https://digimon.net/cimages/digimon/rosemon_x.jpg
princemamemon_x,プリンスマメモン（X抗体）,1,True,https://digimon.net/cimages/digimon/princemamemon_x.jpg
skullmammon_x,スカルマンモン（X抗体）,1,True,https://digimon.net/cimages/digimon/skullmammon_x.jpg
mammon_x,マンモン（X抗体）,1,True,https://digimon.net/cimages/digimon/mammon_x.jpg
mephismon_x,メフィスモン（Ｘ抗体）,1,True,https://digimon.net/cimages/digimon/mephismon_x.jpg
vamdemon_x,ヴァンデモン（X抗体）,1,True,https://digimon.net/cimages/digimon/vamdemon_x.jpg
plotmon_x,プロットモン（X抗体）,1,True,https://digimon.net/cimages/digimon/plotmon_x.jpg
otamamon_x,オタマモン（X抗体）,1,True,https://digimon.net/cimages/digimon/otamamon_x.jpg
yarmon,ヤーモン,1,True,https://digimon.net/cimages/digimon/yarmon.jpg
keemon,キーモン,1,True,https://digimon.net/cimages/digimon/keemon.jpg
impmon_x,インプモン（Ｘ抗体）,1,True,https://digimon.net/cimages/digimon/impmon_x.jpg
darktyranomon_x,ダークティラノモン（Ｘ抗体）,1,True,https://digimon.net/cimages/digimon/darktyranomon_x.jpg
numemon_x,ヌメモン（Ｘ抗体）,1,True,https://digimon.net/cimages/digimon/numemon_x.jpg
lucemon_x,ルーチェモン（Ｘ抗体）,1,True,https://digimon.net/cimages/digimon/lucemon_x.jpg
lilithmon_x,リリスモン（Ｘ抗体）,1,True,https://digimon.net/cimages/digimon/lilithmon_x.jpg
leviamon_x,リヴァイアモン（Ｘ抗体）,1,True,https://digimon.net/cimages/digimon/leviamon_x.jpg
belphemon_x,ベルフェモン（Ｘ抗体）,1,True,https://digimon.net/cimages/digimon/belphemon_x.jpg
barbamon_x,バルバモン（Ｘ抗体）,1,True,https://digimon.net/cimages/digimon/barbamon_x.jpg
demon_x,デーモン（Ｘ抗体）,1,True,https://digimon.net/cimages/digimon/demon_x.jpg
darkknightmon_x,ダークナイトモン（Ｘ抗体）,1,True,https://digimon.net/cimages/digimon/darkknightmon_x.jpg
cherubimondark_x,ケルビモン（悪）（Ｘ抗体）,1,True,https://digimon.net/cimages/digimon/cherubimondark_x.jpg
ofanimonfdm_x,オファニモン：フォールダウンモード（Ｘ抗体）,1,True,https://digimon.net/cimages/digimon/ofanimonfdm_x.jpg
ultimatechaosmon,アルティメットカオスモン,1,True,https://digimon.net/cimages/digimon/ultimatechaosmon.jpg
pusurimon,プスリモン,1,True,https://digimon.net/cimages/digimon/pusurimon.jpg
pusumon,プスモン,1,True,https://digimon.net/cimages/digimon/pusumon.jpg
surfimon,サーフィモン,1,True,https://digimon.net/cimages/digimon/surfimon.jpg
bulucomon,ブルコモン,1,True,https://digimon.net/cimages/digimon/bulucomon.jpg
herissmon,エリスモン,1,True,https://digimon.net/cimages/digimon/herissmon.jpg
metalgarurumon_black,メタルガルルモン（黒）,1,True,https://digimon.net/cimages/digimon/metalgarurumon_black.jpg
weregarurumon_black,ワーガルルモン（黒）,1,True,https://digimon.net/cimages/digimon/weregarurumon_black.jpg
garurumon_black,ガルルモン（黒）,1,True,https://digimon.net/cimages/digimon/garurumon_black.jpg
justimon_blitzarm,ジャスティモン：ブリッツアーム,1,True,https://digimon.net/cimages/digimon/justimon_blitzarm.jpg
ginkakumon_promote,ギンカクモンプロモート,1,True,https://digimon.net/cimages/digimon/ginkakumon_promote.jpg
icedevimon,アイスデビモン,1,True,https://digimon.net/cimages/digimon/icedevimon.jpg
kuzuhamon_miko,クズハモン：巫女モード,1,True,https://digimon.net/cimages/digimon/kuzuhamon_miko.jpg
megalograwmon_orange,メガログラウモン（橙）,1,True,https://digimon.net/cimages/digimon/megalograwmon_orange.jpg
greymon_blue,グレイモン（青）,1,True,https://digimon.net/cimages/digimon/greymon_blue.jpg
shoutmon_king,シャウトモン（キングVer.）,1,True,https://digimon.net/cimages/digimon/shoutmon_king.jpg
wargreymon_x,ウォーグレイモン（X抗体）,1,True,https://digimon.net/cimages/digimon/wargreymon_x.jpg
metalgarurumon_x,メタルガルルモン（X抗体）,1,True,https://digimon.net/cimages/digimon/metalgarurumon_x.jpg
megidramon_x,メギドラモン（X抗体）,1,True,https://digimon.net/cimages/digimon/megidramon_x.jpg
weregarurumon_x,ワーガルルモン（X抗体）,1,True,https://digimon.net/cimages/digimon/weregarurumon_x.jpg
lilimon_x,リリモン（X抗体）,1,True,https://digimon.net/cimages/digimon/lilimon_x.jpg
sakuyamon_x,サクヤモン（Ｘ抗体）,1,True,https://digimon.net/cimages/digimon/sakuyamon_x.jpg
beelzebumon_x,ベルゼブモン（X抗体）,1,True,https://digimon.net/cimages/digimon/beelzebumon_x.jpg
megalogrowmon_x,メガログラウモン（X抗体）,1,True,https://digimon.net/cimages/digimon/megalogrowmon_x.jpg
rhinomon_x,ライノモン（Ｘ抗体）,1,True,https://digimon.net/cimages/digimon/rhinomon_x.jpg
renamon_x,レナモン（Ｘ抗体）,1,True,https://digimon.net/cimages/digimon/renamon_x.jpg
tokomon_x,トコモン（Ｘ抗体）,1,True,https://digimon.net/cimages/digimon/tokomon_x.jpg
beelstarmon_x,ベルスターモン（Ｘ抗体）,1,True,https://digimon.net/cimages/digimon/beelstarmon_x.jpg
dukemon_x,デュークモン（X抗体）,1,True,https://digimon.net/cimages/digimon/dukemon_x.jpg
cerberumon_x,ケルベロモン（X抗体）,1,True,https://digimon.net/cimages/digimon/cerberumon_x.jpg
tyranomon_x,ティラノモン（X抗体）,1,True,https://digimon.net/cimages/digimon/tyranomon_x.jpg
dracomon_x,ドラコモン（X抗体）,1,True,https://digimon.net/cimages/digimon/dracomon_x.jpg
gabumon_x,ガブモン（X抗体）,1,True,https://digimon.net/cimages/digimon/gabumon_x.jpg
minervamon_x,ミネルヴァモン（X抗体）,1,True,https://digimon.net/cimages/digimon/minervamon_x.jpg
lordknightmon_x,ロードナイトモン（X抗体）,1,True,https://digimon.net/cimages/digimon/lordknightmon_x.jpg
sistermon_ciel,シスタモン シエル,1,True,https://digimon.net/cimages/digimon/sistermon_ciel.jpg
metaltyranomon_x,メタルティラノモン（X抗体）,1,True,https://digimon.net/cimages/digimon/metaltyranomon_x.jpg
leomon_x,レオモン（X抗体）,1,True,https://digimon.net/cimages/digimon/leomon_x.jpg
agumon_x,アグモン（X抗体）,1,True,https://digimon.net/cimages/digimon/agumon_x.jpg
jesmon_x,ジエスモン（X抗体）,1,True,https://digimon.net/cimages/digimon/jesmon_x.jpg
ragnaloardmon,ラグナロードモン,1,True,https://digimon.net/cimages/digimon/ragnaloardmon.jpg
rafflesimon,ラフレシモン,1,True,https://digimon.net/cimages/digimon/rafflesimon.jpg
ordinemon,オルディネモン,1,True,https://digimon.net/cimages/digimon/ordinemon.jpg
raptorsparrowmon,ラプタースパロウモン,1,True,https://digimon.net/cimages/digimon/raptorsparrowmon.jpg
banchogolemon,バンチョーゴーレモン,1,True,https://digimon.net/cimages/digimon/banchogolemon.jpg
cerberumon_werewolfmode,ケルベロモン：人狼モード,1,True,https://digimon.net/cimages/digimon/cerberumon_werewolfmode.jpg
growmon_orange,グラウモン（橙）,1,True,https://digimon.net/cimages/digimon/growmon_orange.jpg
toyagumon_black,トイアグモン（黒）,1,True,https://digimon.net/cimages/digimon/toyagumon_black.jpg
shootingstarmon,シューティングスターモン,1,True,https://digimon.net/cimages/digimon/shootingstarmon.jpg
justimon_criticalarm,ジャスティモン：クリティカルアーム,1,True,https://digimon.net/cimages/digimon/justimon_criticalarm.jpg
yatagaramon_axcel,ヤタガラモン,1,True,https://digimon.net/cimages/digimon/yatagaramon_axcel.jpg
dinohumon,ディノヒューモン,1,True,https://digimon.net/cimages/digimon/dinohumon.jpg
rapidmon_gold,ラピッドモン,1,True,https://digimon.net/cimages/digimon/rapidmon_gold.jpg
yaegerdorurumon,イェーガードルルモン,1,True,https://digimon.net/cimages/digimon/yaegerdorurumon.jpg
gundramon,ガンドラモン,1,True,https://digimon.net/cimages/digimon/gundramon.jpg
aegiochusmon_holly,アイギオテュースモン：ホーリー,1,True,https://digimon.net/cimages/digimon/aegiochusmon_holly.jpg
gabumon_black,ガブモン（黒）,1,True,https://digimon.net/cimages/digimon/gabumon_black.jpg
pipimon,ピピモン,1,True,https://digimon.net/cimages/digimon/pipimon.jpg
raguelmon,ラグエルモン,1,True,https://digimon.net/cimages/digimon/raguelmon.jpg
bryweludramon,ブリウエルドラモン,1,True,https://digimon.net/cimages/digimon/bryweludramon.jpg
volcanicdramon,ヴォルケニックドラモン,1,True,https://digimon.net/cimages/digimon/volcanicdramon.jpg
lavogaritamon,ラヴォガリータモン,1,True,https://digimon.net/cimages/digimon/lavogaritamon.jpg
meicrackmon_v,メイクラックモン：ヴィシャスモード,1,True,https://digimon.net/cimages/digimon/meicrackmon_v.jpg
mastemon,マスティモン,1,True,https://digimon.net/cimages/digimon/mastemon.jpg
voltobautamon,ボルトバウタモン,1,True,https://digimon.net/cimages/digimon/voltobautamon.jpg
raijiludomon,ライジルドモン,1,True,https://digimon.net/cimages/digimon/raijiludomon.jpg
tialudomon,ティアルドモン,1,True,https://digimon.net/cimages/digimon/tialudomon.jpg
lavorvomon,ラヴォーボモン,1,True,https://digimon.net/cimages/digimon/lavorvomon.jpg
bushiagumon,ブシアグモン,1,True,https://digimon.net/cimages/digimon/bushiagumon.jpg
ludomon,ルドモン,1,True,https://digimon.net/cimages/digimon/ludomon.jpg
kakkinmon,カッキンモン,1,True,https://digimon.net/cimages/digimon/kakkinmon.jpg
cotsucomon,コツコモン,1,True,https://digimon.net/cimages/digimon/cotsucomon.jpg
andiramon_2,アンティラモン,1,True,https://digimon.net/cimages/digimon/andiramon_2.jpg
meicoomon,メイクーモン,1,True,https://digimon.net/cimages/digimon/meicoomon.jpg
whamon_2,ホエーモン（成熟期）,1,True,https://digimon.net/cimages/digimon/whamon_2.jpg
gekomon,ゲコモン,1,True,https://digimon.net/cimages/digimon/gekomon.jpg
vorvomon,ヴォーボモン,1,True,https://digimon.net/cimages/digimon/vorvomon.jpg
atlurballistamon,アトラーバリスタモン,1,True,https://digimon.net/cimages/digimon/atlurballistamon.jpg
omegamon_alter-b,オメガモン Alter-B,1,True,https://digimon.net/cimages/digimon/omegamon_alter-b.jpg
blackmachgaogamon,ブラックマッハガオガモン,1,True,https://digimon.net/cimages/digimon/blackmachgaogamon.jpg
blackgaogamon,ブラックガオガモン,1,True,https://digimon.net/cimages/digimon/blackgaogamon.jpg
falcomon-2006,ファルコモン（２００６アニメ版）,1,True,https://digimon.net/cimages/digimon/falcomon-2006.jpg
kudamon-2006,クダモン（２００６アニメ版）,1,True,https://digimon.net/cimages/digimon/kudamon-2006.jpg
neo,ネオ,1,True,https://digimon.net/cimages/digimon/neo.jpg
yakiimon,ヤキイモン,1,True,https://digimon.net/cimages/digimon/yakiimon.jpg
monimon,モニモン,1,True,https://digimon.net/cimages/digimon/monimon.jpg
monitamon,モニタモン,1,True,https://digimon.net/cimages/digimon/monitamon.jpg
mervamon,メルヴァモン,1,True,https://digimon.net/cimages/digimon/mervamon.jpg
metalgreymon_cyberlauncher,メタルグレイモン＋サイバーランチャー,1,True,https://digimon.net/cimages/digimon/metalgreymon_cyberlauncher.jpg
metalgreymon,メタルグレイモン（2010アニメ版）,1,True,https://digimon.net/cimages/digimon/metalgreymon.jpg
mailbirdramon,メイルバードラモン,1,True,https://digimon.net/cimages/digimon/mailbirdramon.jpg
musoknightmon,ムソーナイトモン,1,True,https://digimon.net/cimages/digimon/musoknightmon.jpg
madleomon:armedmode,マッドレオモン：アームドモード,1,True,https://digimon.net/cimages/digimon/madleomon:armedmode.jpg
madleomon,マッドレオモン,1,True,https://digimon.net/cimages/digimon/madleomon.jpg
bombmon-xwars,ボムモン（2010アニメ版）,1,True,https://digimon.net/cimages/digimon/bombmon-xwars.jpg
beelzebumon-xwars,ベルゼブモン（2010アニメ版）,1,True,https://digimon.net/cimages/digimon/beelzebumon-xwars.jpg
blastmon,ブラストモン,1,True,https://digimon.net/cimages/digimon/blastmon.jpg
footmon,フットモン,1,True,https://digimon.net/cimages/digimon/footmon.jpg
pillomon,ピロモン,1,True,https://digimon.net/cimages/digimon/pillomon.jpg
pickmon,ピックモン,1,True,https://digimon.net/cimages/digimon/pickmon.jpg
baristamon,バリスタモン,1,True,https://digimon.net/cimages/digimon/baristamon.jpg
bacomon,バコモン,1,True,https://digimon.net/cimages/digimon/bacomon.jpg
bagramon,バグラモン,1,True,https://digimon.net/cimages/digimon/bagramon.jpg
hi-visionmonitamon,ハイビジョンモニタモン,1,True,https://digimon.net/cimages/digimon/hi-visionmonitamon.jpg
baalmon,バアルモン,1,True,https://digimon.net/cimages/digimon/baalmon.jpg
neovamdemon,ネオヴァンデモン,1,True,https://digimon.net/cimages/digimon/neovamdemon.jpg
dondokomon,ドンドコモン,1,True,https://digimon.net/cimages/digimon/dondokomon.jpg
donshoutmon,ドンシャウトモン,1,True,https://digimon.net/cimages/digimon/donshoutmon.jpg
dorulumon,ドルルモン,1,True,https://digimon.net/cimages/digimon/dorulumon.jpg
dorbickmon,ドルビックモン,1,True,https://digimon.net/cimages/digimon/dorbickmon.jpg
troopmon,トループモン,1,True,https://digimon.net/cimages/digimon/troopmon.jpg
deadlyaxemon,デッドリーアックスモン,1,True,https://digimon.net/cimages/digimon/deadlyaxemon.jpg
deckerdramon,デッカードラモン,1,True,https://digimon.net/cimages/digimon/deckerdramon.jpg
deckergreymon,デッカーグレイモン,1,True,https://digimon.net/cimages/digimon/deckergreymon.jpg
tuwarmon,ツワーモン,1,True,https://digimon.net/cimages/digimon/tuwarmon.jpg
tyutyumon,チューチューモン,1,True,https://digimon.net/cimages/digimon/tyutyumon.jpg
chibickmon,チビックモン,1,True,https://digimon.net/cimages/digimon/chibickmon.jpg
chikurimon,チクリモン,1,True,https://digimon.net/cimages/digimon/chikurimon.jpg
damemon,ダメモン,1,True,https://digimon.net/cimages/digimon/damemon.jpg
tactimon,タクティモン,1,True,https://digimon.net/cimages/digimon/tactimon.jpg
darknessbagramon,ダークネスバグラモン,1,True,https://digimon.net/cimages/digimon/darknessbagramon.jpg
darkknightmon,ダークナイトモン,1,True,https://digimon.net/cimages/digimon/darkknightmon.jpg
zenimon,ゼニモン,1,True,https://digimon.net/cimages/digimon/zenimon.jpg
splashmon,スプラッシュモン,1,True,https://digimon.net/cimages/digimon/splashmon.jpg
splashmon,スプラッシュモン,2,False,https://digimon.net/cimages/digimon/splashmon_2.jpg
sparrowmon,スパロウモン,1,True,https://digimon.net/cimages/digimon/sparrowmon.jpg
starmons,スターモンズ,1,True,https://digimon.net/cimages/digimon/starmons.jpg
skullknightmonbigaxemode,スカルナイトモン：ビッグアックスモード,1,True,https://digimon.net/cimages/digimon/skullknightmonbigaxemode.jpg
skullknightmoncavaliermode,スカルナイトモン：騎馬モード,1,True,https://digimon.net/cimages/digimon/skullknightmoncavaliermode.jpg
skullknightmon,スカルナイトモン,1,True,https://digimon.net/cimages/digimon/skullknightmon.jpg
jokermon,ジョーカーモン,1,True,https://digimon.net/cimages/digimon/jokermon.jpg
shonitamon,シャニタモン,1,True,https://digimon.net/cimages/digimon/shonitamon.jpg
dorulucannon,シャウトモン＋ドルルキャノン,1,True,https://digimon.net/cimages/digimon/dorulucannon.jpg
starsword,シャウトモン＋スターソード,1,True,https://digimon.net/cimages/digimon/starsword.jpg
jetsparrow,シャウトモン＋ジェットスパロウ,1,True,https://digimon.net/cimages/digimon/jetsparrow.jpg
shoutmonx7,シャウトモンX7,1,True,https://digimon.net/cimages/digimon/shoutmonx7.jpg
shoutmonx5b,シャウトモンX5B,1,True,https://digimon.net/cimages/digimon/shoutmonx5b.jpg
shoutmonx5,シャウトモンX5,1,True,https://digimon.net/cimages/digimon/shoutmonx5.jpg
shoutmonx4b,シャウトモンX4B,1,True,https://digimon.net/cimages/digimon/shoutmonx4b.jpg
shoutmonx4,シャウトモンX4,1,True,https://digimon.net/cimages/digimon/shoutmonx4.jpg
shoutmonx3,シャウトモンX3,1,True,https://digimon.net/cimages/digimon/shoutmonx3.jpg
shoutmonx2,シャウトモンX2,1,True,https://digimon.net/cimages/digimon/shoutmonx2.jpg
shoutmondx,シャウトモンDX,1,True,https://digimon.net/cimages/digimon/shoutmondx.jpg
shoutmon,シャウトモン,1,True,https://digimon.net/cimages/digimon/shoutmon.jpg
jetmervamon,ジェットメルヴァモン,1,True,https://digimon.net/cimages/digimon/jetmervamon.jpg
zekegreymon,ジークグレイモン,1,True,https://digimon.net/cimages/digimon/zekegreymon.jpg
zamielmon,ザミエールモン,1,True,https://digimon.net/cimages/digimon/zamielmon.jpg
soundbirdmon,サウンドバードモン,1,True,https://digimon.net/cimages/digimon/soundbirdmon.jpg
cyberdramon-xwars,サイバードラモン,1,True,https://digimon.net/cimages/digimon/cyberdramon-xwars.jpg
kozenimon,コゼニモン,1,True,https://digimon.net/cimages/digimon/kozenimon.jpg
greymon,グレイモン（2010アニメ版）,1,True,https://digimon.net/cimages/digimon/greymon.jpg
gravimon,グラビモン,1,True,https://digimon.net/cimages/digimon/gravimon.jpg
cutemon,キュートモン,1,True,https://digimon.net/cimages/digimon/cutemon.jpg
gumdramon,ガムドラモン,1,True,https://digimon.net/cimages/digimon/gumdramon.jpg
ganemon,ガネモン,1,True,https://digimon.net/cimages/digimon/ganemon.jpg
gaossmon,ガオスモン,1,True,https://digimon.net/cimages/digimon/gaossmon.jpg
olegmon,オレーグモン,1,True,https://digimon.net/cimages/digimon/olegmon.jpg
omegashoutmon,オメガシャウトモン,1,True,https://digimon.net/cimages/digimon/omegashoutmon.jpg
ekakimon,エカキモン,1,True,https://digimon.net/cimages/digimon/ekakimon.jpg
iguneetmon,イグニートモン,1,True,https://digimon.net/cimages/digimon/iguneetmon.jpg
arresterdramon,アレスタードラモン,1,True,https://digimon.net/cimages/digimon/arresterdramon.jpg
louwemon,レーベモン,1,True,https://digimon.net/cimages/digimon/louwemon.jpg
ranamon,ラーナモン,1,True,https://digimon.net/cimages/digimon/ranamon.jpg
raihimon,ライヒモン,1,True,https://digimon.net/cimages/digimon/raihimon.jpg
rhinokabuterimon,ライノカブテリモン,1,True,https://digimon.net/cimages/digimon/rhinokabuterimon.jpg
mercuremon,メルキューレモン,1,True,https://digimon.net/cimages/digimon/mercuremon.jpg
magnagarurumon,マグナガルルモン,1,True,https://digimon.net/cimages/digimon/magnagarurumon.jpg
bolgmon,ボルグモン,1,True,https://digimon.net/cimages/digimon/bolgmon.jpg
velgrmon,ベルグモン,1,True,https://digimon.net/cimages/digimon/velgrmon.jpg
petaldramon,ペタルドラモン,1,True,https://digimon.net/cimages/digimon/petaldramon.jpg
beowolfmon,ベオウルフモン,1,True,https://digimon.net/cimages/digimon/beowolfmon.jpg
flamon,フレイモン,1,True,https://digimon.net/cimages/digimon/flamon.jpg
blitzmon,ブリッツモン,1,True,https://digimon.net/cimages/digimon/blitzmon.jpg
blizzarmon,ブリザーモン,1,True,https://digimon.net/cimages/digimon/blizzarmon.jpg
fairimon,フェアリモン,1,True,https://digimon.net/cimages/digimon/fairimon.jpg
chackmon,チャックモン,1,True,https://digimon.net/cimages/digimon/chackmon.jpg
duskmon,ダスクモン,1,True,https://digimon.net/cimages/digimon/duskmon.jpg
daipenmon,ダイペンモン,1,True,https://digimon.net/cimages/digimon/daipenmon.jpg
sephirothmon,セフィロトモン,1,True,https://digimon.net/cimages/digimon/sephirothmon.jpg
storabimon,ストラビモン,1,True,https://digimon.net/cimages/digimon/storabimon.jpg
shutumon,シューツモン,1,True,https://digimon.net/cimages/digimon/shutumon.jpg
jetsilphymon,ジェットシルフィーモン,1,True,https://digimon.net/cimages/digimon/jetsilphymon.jpg
grottemon,グロットモン,1,True,https://digimon.net/cimages/digimon/grottemon.jpg
gigasmon,ギガスモン,1,True,https://digimon.net/cimages/digimon/gigasmon.jpg
garummon,ガルムモン,1,True,https://digimon.net/cimages/digimon/garummon.jpg
calamaramon,カルマーラモン,1,True,https://digimon.net/cimages/digimon/calamaramon.jpg
kaisergreymon,カイゼルグレイモン,1,True,https://digimon.net/cimages/digimon/kaisergreymon.jpg
kaiserleomon,カイザーレオモン,1,True,https://digimon.net/cimages/digimon/kaiserleomon.jpg
vritramon,ヴリトラモン,1,True,https://digimon.net/cimages/digimon/vritramon.jpg
wolfmon,ヴォルフモン,1,True,https://digimon.net/cimages/digimon/wolfmon.jpg
arbormon,アルボルモン,1,True,https://digimon.net/cimages/digimon/arbormon.jpg
aldamon,アルダモン,1,True,https://digimon.net/cimages/digimon/aldamon.jpg
agnimon,アグニモン,1,True,https://digimon.net/cimages/digimon/agnimon.jpg
rinkmon,リンクモン,1,True,https://digimon.net/cimages/digimon/rinkmon.jpg
lynxmon,ランクスモン,1,True,https://digimon.net/cimages/digimon/lynxmon.jpg
rhinomon,ライノモン,1,True,https://digimon.net/cimages/digimon/rhinomon.jpg
lighdramon,ライドラモン,1,True,https://digimon.net/cimages/digimon/lighdramon.jpg
yaksamon,ヤシャモン,1,True,https://digimon.net/cimages/digimon/yaksamon.jpg
mothmon,モスモン,1,True,https://digimon.net/cimages/digimon/mothmon.jpg
maildramon,メイルドラモン,1,True,https://digimon.net/cimages/digimon/maildramon.jpg
moosemon,ムースモン,1,True,https://digimon.net/cimages/digimon/moosemon.jpg
manbomon,マンボモン,1,True,https://digimon.net/cimages/digimon/manbomon.jpg
mantaraymon,マンタレイモン,1,True,https://digimon.net/cimages/digimon/mantaraymon.jpg
magnamon,マグナモン,1,True,https://digimon.net/cimages/digimon/magnamon.jpg
ponchomon,ポンチョモン,1,True,https://digimon.net/cimages/digimon/ponchomon.jpg
holsmon,ホルスモン,1,True,https://digimon.net/cimages/digimon/holsmon.jpg
boarmon,ボアモン,1,True,https://digimon.net/cimages/digimon/boarmon.jpg
pegasmon,ペガスモン,1,True,https://digimon.net/cimages/digimon/pegasmon.jpg
frogmon,フロッグモン,1,True,https://digimon.net/cimages/digimon/frogmon.jpg
prairiemon,プレイリモン,1,True,https://digimon.net/cimages/digimon/prairiemon.jpg
fladramon,フレイドラモン,1,True,https://digimon.net/cimages/digimon/fladramon.jpg
flawizarmon,フレイウィザーモン,1,True,https://digimon.net/cimages/digimon/flawizarmon.jpg
bullmon,ブルモン,1,True,https://digimon.net/cimages/digimon/bullmon.jpg
flybeemon,フライビーモン,1,True,https://digimon.net/cimages/digimon/flybeemon.jpg
pteranomon,プテラノモン,1,True,https://digimon.net/cimages/digimon/pteranomon.jpg
pucchiemon-green,プッチーモン（緑）,1,True,https://digimon.net/cimages/digimon/pucchiemon-green.jpg
pucchiemon,プッチーモン,1,True,https://digimon.net/cimages/digimon/pucchiemon.jpg
pipismon,ピピスモン,1,True,https://digimon.net/cimages/digimon/pipismon.jpg
bitmon,ビットモン,1,True,https://digimon.net/cimages/digimon/bitmon.jpg
peacockmon,ピーコックモン,1,True,https://digimon.net/cimages/digimon/peacockmon.jpg
baromon,バロモン,1,True,https://digimon.net/cimages/digimon/baromon.jpg
honeybeemon,ハニービーモン,1,True,https://digimon.net/cimages/digimon/honeybeemon.jpg
butterflamon,バタフラモン,1,True,https://digimon.net/cimages/digimon/butterflamon.jpg
harpymon,ハーピモン,1,True,https://digimon.net/cimages/digimon/harpymon.jpg
nohemon,ノヘモン,1,True,https://digimon.net/cimages/digimon/nohemon.jpg
nefertimon,ネフェルティモン,1,True,https://digimon.net/cimages/digimon/nefertimon.jpg
togemogumon,トゲモグモン,1,True,https://digimon.net/cimages/digimon/togemogumon.jpg
tocanmon,トーカンモン,1,True,https://digimon.net/cimages/digimon/tocanmon.jpg
depthmon,デプスモン,1,True,https://digimon.net/cimages/digimon/depthmon.jpg
tylomon,ティロモン,1,True,https://digimon.net/cimages/digimon/tylomon.jpg
digmon,ディグモン,1,True,https://digimon.net/cimages/digimon/digmon.jpg
sepikmon,セピックモン,1,True,https://digimon.net/cimages/digimon/sepikmon.jpg
sethmon,セトモン,1,True,https://digimon.net/cimages/digimon/sethmon.jpg
swanmon,スワンモン,1,True,https://digimon.net/cimages/digimon/swanmon.jpg
stegomon,ステゴモン,1,True,https://digimon.net/cimages/digimon/stegomon.jpg
shurimon,シュリモン,1,True,https://digimon.net/cimages/digimon/shurimon.jpg
shadramon,シェイドラモン,1,True,https://digimon.net/cimages/digimon/shadramon.jpg
seahomon,シーホモン,1,True,https://digimon.net/cimages/digimon/seahomon.jpg
sheepmon,シープモン,1,True,https://digimon.net/cimages/digimon/sheepmon.jpg
thunderbirmon,サンダーバーモン,1,True,https://digimon.net/cimages/digimon/thunderbirmon.jpg
salamandamon,サラマンダモン,1,True,https://digimon.net/cimages/digimon/salamandamon.jpg
sabmarimon,サブマリモン,1,True,https://digimon.net/cimages/digimon/sabmarimon.jpg
sagittarimon,サジタリモン,1,True,https://digimon.net/cimages/digimon/sagittarimon.jpg
searchmon,サーチモン,1,True,https://digimon.net/cimages/digimon/searchmon.jpg
kongoumon,コンゴウモン,1,True,https://digimon.net/cimages/digimon/kongoumon.jpg
goldv-dramon,ゴールドブイドラモン,1,True,https://digimon.net/cimages/digimon/goldv-dramon.jpg
goatmon,ゴートモン,1,True,https://digimon.net/cimages/digimon/goatmon.jpg
kenkimon,ケンキモン,1,True,https://digimon.net/cimages/digimon/kenkimon.jpg
quetzalmon,クアトルモン,1,True,https://digimon.net/cimages/digimon/quetzalmon.jpg
kangarumon,カンガルモン,1,True,https://digimon.net/cimages/digimon/kangarumon.jpg
chamelemon,カメレモン,1,True,https://digimon.net/cimages/digimon/chamelemon.jpg
kabukimon,カブキモン,1,True,https://digimon.net/cimages/digimon/kabukimon.jpg
gargomon,ガーゴモン,1,True,https://digimon.net/cimages/digimon/gargomon.jpg
orcamon,オルカモン,1,True,https://digimon.net/cimages/digimon/orcamon.jpg
opossummon,オポッサモン,1,True,https://digimon.net/cimages/digimon/opossummon.jpg
elephamon,エレファモン,1,True,https://digimon.net/cimages/digimon/elephamon.jpg
allomon,アロモン,1,True,https://digimon.net/cimages/digimon/allomon.jpg
archelomon,アーケロモン,1,True,https://digimon.net/cimages/digimon/archelomon.jpg
owlmon,アウルモン,1,True,https://digimon.net/cimages/digimon/owlmon.jpg
lordknightmon,ロードナイトモン,1,True,https://digimon.net/cimages/digimon/lordknightmon.jpg
lotusmon,ロトスモン,1,True,https://digimon.net/cimages/digimon/lotusmon.jpg
rosemonburstmode,ロゼモン：バーストモード,1,True,https://digimon.net/cimages/digimon/rosemonburstmode.jpg
rosemon,ロゼモン,1,True,https://digimon.net/cimages/digimon/rosemon.jpg
ravmonburstmode,レイヴモン：バーストモード,1,True,https://digimon.net/cimages/digimon/ravmonburstmode.jpg
ravmon,レイヴモン,1,True,https://digimon.net/cimages/digimon/ravmon.jpg
lucemonlarva,ルーチェモン：ラルバ,1,True,https://digimon.net/cimages/digimon/lucemonlarva.jpg
lucemonsatanmode,ルーチェモン：サタンモード,1,True,https://digimon.net/cimages/digimon/lucemonsatanmode.jpg
lilithmon,リリスモン,1,True,https://digimon.net/cimages/digimon/lilithmon.jpg
leviamon,リヴァイアモン,1,True,https://digimon.net/cimages/digimon/leviamon.jpg
lampmon,ランプモン,1,True,https://digimon.net/cimages/digimon/lampmon.jpg
rusttyranomon,ラストティラノモン,1,True,https://digimon.net/cimages/digimon/rusttyranomon.jpg
rasielmon,ラジエルモン,1,True,https://digimon.net/cimages/digimon/rasielmon.jpg
jupitermon,ユピテルモン,1,True,https://digimon.net/cimages/digimon/jupitermon.jpg
mercurymon,メルクリモン,1,True,https://digimon.net/cimages/digimon/mercurymon.jpg
medievaldukemon,メディーバルデュークモン,1,True,https://digimon.net/cimages/digimon/medievaldukemon.jpg
metalpiranimon,メタルピラニモン,1,True,https://digimon.net/cimages/digimon/metalpiranimon.jpg
metalseadramon,メタルシードラモン,1,True,https://digimon.net/cimages/digimon/metalseadramon.jpg
metalgarurumon,メタルガルルモン,1,True,https://digimon.net/cimages/digimon/metalgarurumon.jpg
metaletemon,メタルエテモン,1,True,https://digimon.net/cimages/digimon/metaletemon.jpg
megidramon,メギドラモン,1,True,https://digimon.net/cimages/digimon/megidramon.jpg
moonmillenniumon,ムーンミレニアモン,1,True,https://digimon.net/cimages/digimon/moonmillenniumon.jpg
murmukusmon,ムルムクスモン,1,True,https://digimon.net/cimages/digimon/murmukusmon.jpg
mugendramon,ムゲンドラモン,1,True,https://digimon.net/cimages/digimon/mugendramon.jpg
millenniumon,ミレニアモン,1,True,https://digimon.net/cimages/digimon/millenniumon.jpg
miragegaogamon:burstmode,ミラージュガオガモン：バーストモード,1,True,https://digimon.net/cimages/digimon/miragegaogamon:burstmode.jpg
miragegaogamon,ミラージュガオガモン,1,True,https://digimon.net/cimages/digimon/miragegaogamon.jpg
minervamon,ミネルヴァモン,1,True,https://digimon.net/cimages/digimon/minervamon.jpg
marsmon,マルスモン,1,True,https://digimon.net/cimages/digimon/marsmon.jpg
marinangemon,マリンエンジェモン,1,True,https://digimon.net/cimages/digimon/marinangemon.jpg
magnakidmon,マグナキッドモン,1,True,https://digimon.net/cimages/digimon/magnakidmon.jpg
boltmon,ボルトモン,1,True,https://digimon.net/cimages/digimon/boltmon.jpg
holydramon,ホーリードラモン,1,True,https://digimon.net/cimages/digimon/holydramon.jpg
hououmon,ホウオウモン,1,True,https://digimon.net/cimages/digimon/hououmon.jpg
belphemonragemode,ベルフェモン：レイジモード,1,True,https://digimon.net/cimages/digimon/belphemonragemode.jpg
belphemonsleepmode,ベルフェモン：スリープモード,1,True,https://digimon.net/cimages/digimon/belphemonsleepmode.jpg
beelzebumonblastmode,ベルゼブモン：ブラストモード,1,True,https://digimon.net/cimages/digimon/beelzebumonblastmode.jpg
beelzebumon,ベルゼブモン,1,True,https://digimon.net/cimages/digimon/beelzebumon.jpg
beelzebumon,ベルゼブモン,2,False,https://digimon.net/cimages/digimon/beelzebumon_2.jpg
beelstarmon,ベルスターモン,1,True,https://digimon.net/cimages/digimon/beelstarmon.jpg
belialvamdemon,ベリアルヴァンデモン,1,True,https://digimon.net/cimages/digimon/belialvamdemon.jpg
heraklekabuterimon,ヘラクルカブテリモン,1,True,https://digimon.net/cimages/digimon/heraklekabuterimon.jpg
plesiomon,プレシオモン,1,True,https://digimon.net/cimages/digimon/plesiomon.jpg
breakdramon,ブレイクドラモン,1,True,https://digimon.net/cimages/digimon/breakdramon.jpg
princemamemon,プリンスマメモン,1,True,https://digimon.net/cimages/digimon/princemamemon.jpg
blitzgreymon,ブリッツグレイモン,1,True,https://digimon.net/cimages/digimon/blitzgreymon.jpg
blacksaintgalgomon,ブラックセントガルゴモン,1,True,https://digimon.net/cimages/digimon/blacksaintgalgomon.jpg
blackwargreymon,ブラックウォーグレイモン,1,True,https://digimon.net/cimages/digimon/blackwargreymon.jpg
platinumnumemon,プラチナヌメモン,1,True,https://digimon.net/cimages/digimon/platinumnumemon.jpg
pukumon,プクモン,1,True,https://digimon.net/cimages/digimon/pukumon.jpg
fujinmon,フウジンモン,1,True,https://digimon.net/cimages/digimon/fujinmon.jpg
huanglongmon,ファンロンモン,1,True,https://digimon.net/cimages/digimon/huanglongmon.jpg
pharaohmon,ファラオモン,1,True,https://digimon.net/cimages/digimon/pharaohmon.jpg
pinochimon,ピノッキモン,1,True,https://digimon.net/cimages/digimon/pinochimon.jpg
victorygreymon,ビクトリーグレイモン,1,True,https://digimon.net/cimages/digimon/victorygreymon.jpg
piemon,ピエモン,1,True,https://digimon.net/cimages/digimon/piemon.jpg
bancholeomon,バンチョーレオモン,1,True,https://digimon.net/cimages/digimon/bancholeomon.jpg
bancholeomon,バンチョーレオモン,2,False,https://digimon.net/cimages/digimon/bancholeomon_2.jpg
banchomamemon,バンチョーマメモン,1,True,https://digimon.net/cimages/digimon/banchomamemon.jpg
banchostingmon,バンチョースティングモン,1,True,https://digimon.net/cimages/digimon/banchostingmon.jpg
barbamon,バルバモン,1,True,https://digimon.net/cimages/digimon/barbamon.jpg
parasimon,パラサイモン,1,True,https://digimon.net/cimages/digimon/parasimon.jpg
babamon,ババモン,1,True,https://digimon.net/cimages/digimon/babamon.jpg
baihumon,バイフーモン,1,True,https://digimon.net/cimages/digimon/baihumon.jpg
hiandromon,ハイアンドロモン,1,True,https://digimon.net/cimages/digimon/hiandromon.jpg
neptunemon,ネプトゥーンモン,1,True,https://digimon.net/cimages/digimon/neptunemon.jpg
dorugoramon,ドルゴラモン,1,True,https://digimon.net/cimages/digimon/dorugoramon.jpg
duftmonleopardmode,ドゥフトモン：レオパルドモード,1,True,https://digimon.net/cimages/digimon/duftmonleopardmode.jpg
duftmon,ドゥフトモン,1,True,https://digimon.net/cimages/digimon/duftmon.jpg
durandamon,デュランダモン,1,True,https://digimon.net/cimages/digimon/durandamon.jpg
dynasmon,デュナスモン,1,True,https://digimon.net/cimages/digimon/dynasmon.jpg
dukemoncrimsonmode,デュークモン：クリムゾンモード,1,True,https://digimon.net/cimages/digimon/dukemoncrimsonmode.jpg
dukemon,デュークモン,1,True,https://digimon.net/cimages/digimon/dukemon.jpg
dukemon,デュークモン,2,False,https://digimon.net/cimages/digimon/dukemon_2.jpg
devitamamon,デビタマモン,1,True,https://digimon.net/cimages/digimon/devitamamon.jpg
deathmon-black,デスモン（黒）,1,True,https://digimon.net/cimages/digimon/deathmon-black.jpg
deathmon,デスモン,1,True,https://digimon.net/cimages/digimon/deathmon.jpg
death-x-mon,デクスモン,1,True,https://digimon.net/cimages/digimon/death-x-mon.jpg
demon,デーモン,1,True,https://digimon.net/cimages/digimon/demon.jpg
death-x-dorugoramon,デクスドルゴラモン,1,True,https://digimon.net/cimages/digimon/death-x-dorugoramon.jpg
dinorexmon,ディノレクスモン,1,True,https://digimon.net/cimages/digimon/dinorexmon.jpg
dinotigermon,ディノタイガモン,1,True,https://digimon.net/cimages/digimon/dinotigermon.jpg
diablomon,ディアボロモン,1,True,https://digimon.net/cimages/digimon/diablomon.jpg
dianamon,ディアナモン,1,True,https://digimon.net/cimages/digimon/dianamon.jpg
qinglongmon,チンロンモン,1,True,https://digimon.net/cimages/digimon/qinglongmon.jpg
darkdramon,ダークドラモン,1,True,https://digimon.net/cimages/digimon/darkdramon.jpg
tyrantkabuterimon,タイラントカブテリモン,1,True,https://digimon.net/cimages/digimon/tyrantkabuterimon.jpg
titamon,タイタモン,1,True,https://digimon.net/cimages/digimon/titamon.jpg
tigervespamon,タイガーヴェスパモン,1,True,https://digimon.net/cimages/digimon/tigervespamon.jpg
saintgalgomon,セントガルゴモン,1,True,https://digimon.net/cimages/digimon/saintgalgomon.jpg
seraphimon,セラフィモン,1,True,https://digimon.net/cimages/digimon/seraphimon.jpg
slayerdramon,スレイヤードラモン,1,True,https://digimon.net/cimages/digimon/slayerdramon.jpg
sleipmon,スレイプモン,1,True,https://digimon.net/cimages/digimon/sleipmon.jpg
slashangemon,スラッシュエンジェモン,1,True,https://digimon.net/cimages/digimon/slashangemon.jpg
spinomon,スピノモン,1,True,https://digimon.net/cimages/digimon/spinomon.jpg
susanoomon,スサノオモン,1,True,https://digimon.net/cimages/digimon/susanoomon.jpg
susanoomon,スサノオモン,2,False,https://digimon.net/cimages/digimon/susanoomon_2.jpg
skullmammon,スカルマンモン,1,True,https://digimon.net/cimages/digimon/skullmammon.jpg
zhuqiaomon,スーツェーモン,1,True,https://digimon.net/cimages/digimon/zhuqiaomon.jpg
suijinmon,スイジンモン,1,True,https://digimon.net/cimages/digimon/suijinmon.jpg
zeedmillenniumon,ズィードミレニアモン,1,True,https://digimon.net/cimages/digimon/zeedmillenniumon.jpg
zdgarurumon,ズィードガルルモン,1,True,https://digimon.net/cimages/digimon/zdgarurumon.jpg
jumbogamemon,ジャンボガメモン,1,True,https://digimon.net/cimages/digimon/jumbogamemon.jpg
justimon,ジャスティモン：アクセルアーム,1,True,https://digimon.net/cimages/digimon/justimon.jpg
shakamon,シャカモン,1,True,https://digimon.net/cimages/digimon/shakamon.jpg
shinegreymonburstmode,シャイングレイモン：バーストモード,1,True,https://digimon.net/cimages/digimon/shinegreymonburstmode.jpg
shinegreymon,シャイングレイモン,1,True,https://digimon.net/cimages/digimon/shinegreymon.jpg
jijimon,ジジモン,1,True,https://digimon.net/cimages/digimon/jijimon.jpg
xuanwumon,シェンウーモン,1,True,https://digimon.net/cimages/digimon/xuanwumon.jpg
jesmon,ジエスモン,1,True,https://digimon.net/cimages/digimon/jesmon.jpg
zanbamon,ザンバモン,1,True,https://digimon.net/cimages/digimon/zanbamon.jpg
sakuyamon:mikomode,サクヤモン：巫女モード,1,True,https://digimon.net/cimages/digimon/sakuyamon:mikomode.jpg
sakuyamon,サクヤモン,1,True,https://digimon.net/cimages/digimon/sakuyamon.jpg
saberleomon,サーベルレオモン,1,True,https://digimon.net/cimages/digimon/saberleomon.jpg
goddramon,ゴッドドラモン,1,True,https://digimon.net/cimages/digimon/goddramon.jpg
gokumon,ゴクモン,1,True,https://digimon.net/cimages/digimon/gokumon.jpg
cherubimon-vice,ケルビモン（悪）,1,True,https://digimon.net/cimages/digimon/cherubimon-vice.jpg
cherubimon,ケルビモン（善）,1,True,https://digimon.net/cimages/digimon/cherubimon.jpg
crossmon,クロスモン,1,True,https://digimon.net/cimages/digimon/crossmon.jpg
craniummon,クレニアムモン,1,True,https://digimon.net/cimages/digimon/craniummon.jpg
gracenovamon,グレイスノヴァモン,1,True,https://digimon.net/cimages/digimon/gracenovamon.jpg
griffomon,グリフォモン,1,True,https://digimon.net/cimages/digimon/griffomon.jpg
grandlocomon,グランドロコモン,1,True,https://digimon.net/cimages/digimon/grandlocomon.jpg
granddracumon,グランドラクモン,1,True,https://digimon.net/cimages/digimon/granddracumon.jpg
grandiskuwagamon,グランディスクワガーモン,1,True,https://digimon.net/cimages/digimon/grandiskuwagamon.jpg
grankuwagamon,グランクワガーモン,1,True,https://digimon.net/cimages/digimon/grankuwagamon.jpg
clavisangemon,クラヴィスエンジェモン,1,True,https://digimon.net/cimages/digimon/clavisangemon.jpg
kuzuhamon,クズハモン,1,True,https://digimon.net/cimages/digimon/kuzuhamon.jpg
quartzmon,クオーツモン,1,True,https://digimon.net/cimages/digimon/quartzmon.jpg
cresgarurumon,クーレスガルルモン,1,True,https://digimon.net/cimages/digimon/cresgarurumon.jpg
queenchessmon,クイーンチェスモン,1,True,https://digimon.net/cimages/digimon/queenchessmon.jpg
kingchessmon,キングチェスモン,1,True,https://digimon.net/cimages/digimon/kingchessmon.jpg
kingetemon,キングエテモン,1,True,https://digimon.net/cimages/digimon/kingetemon.jpg
cannondramon,キャノンドラモン,1,True,https://digimon.net/cimages/digimon/cannondramon.jpg
gigaseadramon,ギガシードラモン,1,True,https://digimon.net/cimages/digimon/gigaseadramon.jpg
gankoomon,ガンクゥモン,1,True,https://digimon.net/cimages/digimon/gankoomon.jpg
gulfmon,ガルフモン,1,True,https://digimon.net/cimages/digimon/gulfmon.jpg
chaosmonvaldurarm,カオスモン：ヴァロドゥルアーム,1,True,https://digimon.net/cimages/digimon/chaosmonvaldurarm.jpg
chaosmon,カオスモン,1,True,https://digimon.net/cimages/digimon/chaosmon.jpg
chaosdramon-x,カオスドラモン（X抗体）,1,True,https://digimon.net/cimages/digimon/chaosdramon-x.jpg
chaosdramon,カオスドラモン,1,True,https://digimon.net/cimages/digimon/chaosdramon.jpg
chaosdukemon,カオスデュークモン,1,True,https://digimon.net/cimages/digimon/chaosdukemon.jpg
gaioumon,ガイオウモン,1,True,https://digimon.net/cimages/digimon/gaioumon.jpg
omegamon-alter-s,オメガモン Alter-S,1,True,https://digimon.net/cimages/digimon/omegamon-alter-s.jpg
omegamon-x,オメガモン（X抗体）,1,True,https://digimon.net/cimages/digimon/omegamon-x.jpg
omegamon,オメガモン,1,True,https://digimon.net/cimages/digimon/omegamon.jpg
ofanimonfalldownmode,オファニモン：フォールダウンモード,1,True,https://digimon.net/cimages/digimon/ofanimonfalldownmode.jpg
ofanimon,オファニモン,1,True,https://digimon.net/cimages/digimon/ofanimon.jpg
ornismon,オニスモン,1,True,https://digimon.net/cimages/digimon/ornismon.jpg
ogudomon,オグドモン,1,True,https://digimon.net/cimages/digimon/ogudomon.jpg
ouryumon,オウリュウモン,1,True,https://digimon.net/cimages/digimon/ouryumon.jpg
ancientwisetmon,エンシェントワイズモン,1,True,https://digimon.net/cimages/digimon/ancientwisetmon.jpg
ancientmegatheriumon,エンシェントメガテリウモン,1,True,https://digimon.net/cimages/digimon/ancientmegatheriumon.jpg
ancientmermaimon,エンシェントマーメイモン,1,True,https://digimon.net/cimages/digimon/ancientmermaimon.jpg
ancientvolcamon,エンシェントボルケーモン,1,True,https://digimon.net/cimages/digimon/ancientvolcamon.jpg
ancientbeatmon,エンシェントビートモン,1,True,https://digimon.net/cimages/digimon/ancientbeatmon.jpg
ancienttroiamon,エンシェントトロイアモン,1,True,https://digimon.net/cimages/digimon/ancienttroiamon.jpg
ancientsphinkmon,エンシェントスフィンクモン,1,True,https://digimon.net/cimages/digimon/ancientsphinkmon.jpg
ancientgreymon,エンシェントグレイモン,1,True,https://digimon.net/cimages/digimon/ancientgreymon.jpg
ancientgarurumon,エンシェントガルルモン,1,True,https://digimon.net/cimages/digimon/ancientgarurumon.jpg
ancientirismon,エンシェントイリスモン,1,True,https://digimon.net/cimages/digimon/ancientirismon.jpg
eldoradimon,エルドラディモン,1,True,https://digimon.net/cimages/digimon/eldoradimon.jpg
examon,エグザモン,1,True,https://digimon.net/cimages/digimon/examon.jpg
vulcanusmon,ウルカヌスモン,1,True,https://digimon.net/cimages/digimon/vulcanusmon.jpg
wargreymon,ウォーグレイモン,1,True,https://digimon.net/cimages/digimon/wargreymon.jpg
venomvamdemon,ヴェノムヴァンデモン,1,True,https://digimon.net/cimages/digimon/venomvamdemon.jpg
venusmon,ウェヌスモン,1,True,https://digimon.net/cimages/digimon/venusmon.jpg
valdurmon,ヴァロドゥルモン,1,True,https://digimon.net/cimages/digimon/valdurmon.jpg
valkyrimon,ヴァルキリモン,1,True,https://digimon.net/cimages/digimon/valkyrimon.jpg
vikemon,ヴァイクモン,1,True,https://digimon.net/cimages/digimon/vikemon.jpg
ebemon,イーバモン,1,True,https://digimon.net/cimages/digimon/ebemon.jpg
ageisdramon,イージスドラモン,1,True,https://digimon.net/cimages/digimon/ageisdramon.jpg
imperialdramonfightermode,インペリアルドラモン：ファイターモード,1,True,https://digimon.net/cimages/digimon/imperialdramonfightermode.jpg
imperialdramonpaladinmode,インペリアルドラモン：パラディンモード,1,True,https://digimon.net/cimages/digimon/imperialdramonpaladinmode.jpg
imperialdramondragonmode,インペリアルドラモン：ドラゴンモード,1,True,https://digimon.net/cimages/digimon/imperialdramondragonmode.jpg
yggdrasill7d6,イグドラシル＿７Ｄ６,1,True,https://digimon.net/cimages/digimon/yggdrasill7d6.jpg
ulforcevdramon,アルフォースブイドラモン,1,True,https://digimon.net/cimages/digimon/ulforcevdramon.jpg
alphamon:ouryuken,アルファモン：王竜剣,1,True,https://digimon.net/cimages/digimon/alphamon:ouryuken.jpg
alphamon,アルファモン,1,True,https://digimon.net/cimages/digimon/alphamon.jpg
ultimatebrakimon,アルティメットブラキモン,1,True,https://digimon.net/cimages/digimon/ultimatebrakimon.jpg
algomon,アルゴモン,1,True,https://digimon.net/cimages/digimon/algomon.jpg
apollomon,アポロモン,1,True,https://digimon.net/cimages/digimon/apollomon.jpg
apoclymon,アポカリモン,1,True,https://digimon.net/cimages/digimon/apoclymon.jpg
anubimon,アヌビモン,1,True,https://digimon.net/cimages/digimon/anubimon.jpg
armagemon,アーマゲモン,1,True,https://digimon.net/cimages/digimon/armagemon.jpg
avengekidmon,アヴェンジキッドモン,1,True,https://digimon.net/cimages/digimon/avengekidmon.jpg
warumonzaemon,ワルもんざえモン,1,True,https://digimon.net/cimages/digimon/warumonzaemon.jpg
waruseadramon,ワルシードラモン,1,True,https://digimon.net/cimages/digimon/waruseadramon.jpg
wisemon,ワイズモン,1,True,https://digimon.net/cimages/digimon/wisemon.jpg
weregarrumon,ワーガルルモン,1,True,https://digimon.net/cimages/digimon/weregarrumon.jpg
locomon,ロコモン,1,True,https://digimon.net/cimages/digimon/locomon.jpg
loaderleomon,ローダーレオモン,1,True,https://digimon.net/cimages/digimon/loaderleomon.jpg
ladydevimon,レディーデビモン,1,True,https://digimon.net/cimages/digimon/ladydevimon.jpg
luminamon,ルミナモン,1,True,https://digimon.net/cimages/digimon/luminamon.jpg
rucemonfalldownmode,ルーチェモン：フォールダウンモード,1,True,https://digimon.net/cimages/digimon/rucemonfalldownmode.jpg
rookchessmon,ルークチェスモン,1,True,https://digimon.net/cimages/digimon/rookchessmon.jpg
lilimon,リリモン,1,True,https://digimon.net/cimages/digimon/lilimon.jpg
rapidmon,ラピッドモン,1,True,https://digimon.net/cimages/digimon/rapidmon.jpg
lilamon,ライラモン,1,True,https://digimon.net/cimages/digimon/lilamon.jpg
rizegreymon,ライズグレイモン,1,True,https://digimon.net/cimages/digimon/rizegreymon.jpg
yatagaramon,ヤタガラモン（2006年アニメ版）,1,True,https://digimon.net/cimages/digimon/yatagaramon.jpg
monzaemon,もんざえモン,1,True,https://digimon.net/cimages/digimon/monzaemon.jpg
mephismon,メフィスモン,1,True,https://digimon.net/cimages/digimon/mephismon.jpg
metalmamemon,メタルマメモン,1,True,https://digimon.net/cimages/digimon/metalmamemon.jpg
metalfantomon,メタルファントモン,1,True,https://digimon.net/cimages/digimon/metalfantomon.jpg
metaltyranomon,メタルティラノモン,1,True,https://digimon.net/cimages/digimon/metaltyranomon.jpg
metalgreymon-v,メタルグレイモン（ワクチン種）,1,True,https://digimon.net/cimages/digimon/metalgreymon-v.jpg
metalgreymon-web,メタルグレイモン（ウィルス種）,1,True,https://digimon.net/cimages/digimon/metalgreymon-web.jpg
metallifekuwagamon,メタリフェクワガーモン,1,True,https://digimon.net/cimages/digimon/metallifekuwagamon.jpg
megalogrowmon,メガログラウモン,1,True,https://digimon.net/cimages/digimon/megalogrowmon.jpg
megadramon,メガドラモン,1,True,https://digimon.net/cimages/digimon/megadramon.jpg
megaseadramon,メガシードラモン,1,True,https://digimon.net/cimages/digimon/megaseadramon.jpg
meicrackmon,メイクラックモン,1,True,https://digimon.net/cimages/digimon/meicrackmon.jpg
mihiramon,ミヒラモン,1,True,https://digimon.net/cimages/digimon/mihiramon.jpg
mistymon,ミスティモン,1,True,https://digimon.net/cimages/digimon/mistymon.jpg
mammon,マンモン,1,True,https://digimon.net/cimages/digimon/mammon.jpg
marindevimon,マリンデビモン,1,True,https://digimon.net/cimages/digimon/marindevimon.jpg
mametyramon,マメティラモン,1,True,https://digimon.net/cimages/digimon/mametyramon.jpg
mamemon,マメモン,1,True,https://digimon.net/cimages/digimon/mamemon.jpg
mummymon,マミーモン,1,True,https://digimon.net/cimages/digimon/mummymon.jpg
machgaogamon,マッハガオガモン,1,True,https://digimon.net/cimages/digimon/machgaogamon.jpg
matadrmon,マタドゥルモン,1,True,https://digimon.net/cimages/digimon/matadrmon.jpg
mastertyranomon,マスターティラノモン,1,True,https://digimon.net/cimages/digimon/mastertyranomon.jpg
majiramon,マジラモン,1,True,https://digimon.net/cimages/digimon/majiramon.jpg
makuramon,マクラモン,1,True,https://digimon.net/cimages/digimon/makuramon.jpg
mermaimon,マーメイモン,1,True,https://digimon.net/cimages/digimon/mermaimon.jpg
volcamon,ボルケーモン,1,True,https://digimon.net/cimages/digimon/volcamon.jpg
holyangemon,ホーリーエンジェモン,1,True,https://digimon.net/cimages/digimon/holyangemon.jpg
holyangemon,ホーリーエンジェモン,2,False,https://digimon.net/cimages/digimon/holyangemon_2.jpg
whamon,ホエーモン,1,True,https://digimon.net/cimages/digimon/whamon.jpg
betsumon,ベツモン,1,True,https://digimon.net/cimages/digimon/betsumon.jpg
vademon2,ベーダモン（X抗体）,1,True,https://digimon.net/cimages/digimon/vademon2.jpg
vademon,ベーダモン,1,True,https://digimon.net/cimages/digimon/vademon.jpg
blossomon,ブロッサモン,1,True,https://digimon.net/cimages/digimon/blossomon.jpg
flaremon,フレアモン,1,True,https://digimon.net/cimages/digimon/flaremon.jpg
bluemeramon,ブルーメラモン,1,True,https://digimon.net/cimages/digimon/bluemeramon.jpg
blackmegalogrowmon,ブラックメガログラウモン,1,True,https://digimon.net/cimages/digimon/blackmegalogrowmon.jpg
phelesmon,フェレスモン,1,True,https://digimon.net/cimages/digimon/phelesmon.jpg
fantomon,ファントモン,1,True,https://digimon.net/cimages/digimon/fantomon.jpg
hippogriffomon,ヒポグリフォモン,1,True,https://digimon.net/cimages/digimon/hippogriffomon.jpg
picklemon,ピッコロモン,1,True,https://digimon.net/cimages/digimon/picklemon.jpg
bigmamemon,ビッグマメモン,1,True,https://digimon.net/cimages/digimon/bigmamemon.jpg
bishopchessmon,ビショップチェスモン,1,True,https://digimon.net/cimages/digimon/bishopchessmon.jpg
hisyaryumon,ヒシャリュウモン,1,True,https://digimon.net/cimages/digimon/hisyaryumon.jpg
pumpmon,パンプモン,1,True,https://digimon.net/cimages/digimon/pumpmon.jpg
pandamon,パンダモン,1,True,https://digimon.net/cimages/digimon/pandamon.jpg
panjyamon,パンジャモン,1,True,https://digimon.net/cimages/digimon/panjyamon.jpg
hangyomon,ハンギョモン,1,True,https://digimon.net/cimages/digimon/hangyomon.jpg
parrotmon,パロットモン,1,True,https://digimon.net/cimages/digimon/parrotmon.jpg
valvemon,バルブモン,1,True,https://digimon.net/cimages/digimon/valvemon.jpg
bastemon,バステモン,1,True,https://digimon.net/cimages/digimon/bastemon.jpg
pajiramon,パジラモン,1,True,https://digimon.net/cimages/digimon/pajiramon.jpg
paildramon,パイルドラモン,1,True,https://digimon.net/cimages/digimon/paildramon.jpg
neodevimon,ネオデビモン,1,True,https://digimon.net/cimages/digimon/neodevimon.jpg
nanomon,ナノモン,1,True,https://digimon.net/cimages/digimon/nanomon.jpg
knightmon,ナイトモン,1,True,https://digimon.net/cimages/digimon/knightmon.jpg
doruguremon,ドルグレモン,1,True,https://digimon.net/cimages/digimon/doruguremon.jpg
triceramon,トリケラモン,1,True,https://digimon.net/cimages/digimon/triceramon.jpg
tonosamagekomon,トノサマゲコモン,1,True,https://digimon.net/cimages/digimon/tonosamagekomon.jpg
doumon,ドウモン,1,True,https://digimon.net/cimages/digimon/doumon.jpg
delumon,デラモン,1,True,https://digimon.net/cimages/digimon/delumon.jpg
duramon,デュラモン,1,True,https://digimon.net/cimages/digimon/duramon.jpg
deathmeramon,デスメラモン,1,True,https://digimon.net/cimages/digimon/deathmeramon.jpg
digitamamon,デジタマモン,1,True,https://digimon.net/cimages/digimon/digitamamon.jpg
death-x-doruguremon,デクスドルグレモン,1,True,https://digimon.net/cimages/digimon/death-x-doruguremon.jpg
dinobeemon,ディノビーモン,1,True,https://digimon.net/cimages/digimon/dinobeemon.jpg
chohakkaimon,チョ・ハッカイモン,1,True,https://digimon.net/cimages/digimon/chohakkaimon.jpg
caturamon,チャツラモン,1,True,https://digimon.net/cimages/digimon/caturamon.jpg
tyilinmon,チィリンモン,1,True,https://digimon.net/cimages/digimon/tyilinmon.jpg
tankdramon,タンクドラモン,1,True,https://digimon.net/cimages/digimon/tankdramon.jpg
dagomon,ダゴモン,1,True,https://digimon.net/cimages/digimon/dagomon.jpg
taomon,タオモン,1,True,https://digimon.net/cimages/digimon/taomon.jpg
darksuperstarmon,ダークスーパースターモン,1,True,https://digimon.net/cimages/digimon/darksuperstarmon.jpg
sirenmon,セイレーンモン,1,True,https://digimon.net/cimages/digimon/sirenmon.jpg
saviorhuckmon,セイバーハックモン,1,True,https://digimon.net/cimages/digimon/saviorhuckmon.jpg
zudomon,ズドモン,1,True,https://digimon.net/cimages/digimon/zudomon.jpg
scorpiomon,スコピオモン,1,True,https://digimon.net/cimages/digimon/scorpiomon.jpg
skullbaluchimon,スカルバルキモン,1,True,https://digimon.net/cimages/digimon/skullbaluchimon.jpg
skullsatamon,スカルサタモン,1,True,https://digimon.net/cimages/digimon/skullsatamon.jpg
skullgreymon,スカルグレイモン,1,True,https://digimon.net/cimages/digimon/skullgreymon.jpg
superstarmon,スーパースターモン,1,True,https://digimon.net/cimages/digimon/superstarmon.jpg
sinduramon,シンドゥーラモン,1,True,https://digimon.net/cimages/digimon/sinduramon.jpg
silphymon,シルフィーモン,1,True,https://digimon.net/cimages/digimon/silphymon.jpg
jyureimon,ジュレイモン,1,True,https://digimon.net/cimages/digimon/jyureimon.jpg
shakkoumon,シャッコウモン,1,True,https://digimon.net/cimages/digimon/shakkoumon.jpg
jyagamon,ジャガモン,1,True,https://digimon.net/cimages/digimon/jyagamon.jpg
shawujinmon,シャウジンモン,1,True,https://digimon.net/cimages/digimon/shawujinmon.jpg
sandiramon,サンティラモン,1,True,https://digimon.net/cimages/digimon/sandiramon.jpg
sanzomon,サンゾモン,1,True,https://digimon.net/cimages/digimon/sanzomon.jpg
sagomon,サゴモン,1,True,https://digimon.net/cimages/digimon/sagomon.jpg
cyberdramon,サイバードラモン,1,True,https://digimon.net/cimages/digimon/cyberdramon.jpg
gokuwmon,ゴクウモン,1,True,https://digimon.net/cimages/digimon/gokuwmon.jpg
cerberumon,ケルベロモン,1,True,https://digimon.net/cimages/digimon/cerberumon.jpg
kumbhiramon,クンビラモン,1,True,https://digimon.net/cimages/digimon/kumbhiramon.jpg
crescemon,クレシェモン,1,True,https://digimon.net/cimages/digimon/crescemon.jpg
grademon,グレイドモン,1,True,https://digimon.net/cimages/digimon/grademon.jpg
grappuleomon,グラップレオモン,1,True,https://digimon.net/cimages/digimon/grappuleomon.jpg
groundramon,グラウンドラモン,1,True,https://digimon.net/cimages/digimon/groundramon.jpg
giromon,ギロモン,1,True,https://digimon.net/cimages/digimon/giromon.jpg
captainhookmon,キャプテンフックモン,1,True,https://digimon.net/cimages/digimon/captainhookmon.jpg
cannonbeemon,キャノンビーモン,1,True,https://digimon.net/cimages/digimon/cannonbeemon.jpg
catchmamemon,キャッチマメモン,1,True,https://digimon.net/cimages/digimon/catchmamemon.jpg
chimairamon,キメラモン,1,True,https://digimon.net/cimages/digimon/chimairamon.jpg
gigadramon,ギガドラモン,1,True,https://digimon.net/cimages/digimon/gigadramon.jpg
garudamon,ガルダモン,1,True,https://digimon.net/cimages/digimon/garudamon.jpg
karatenmon,カラテンモン,1,True,https://digimon.net/cimages/digimon/karatenmon.jpg
gerbemon,ガーベモン,1,True,https://digimon.net/cimages/digimon/gerbemon.jpg
orochimon,オロチモン,1,True,https://digimon.net/cimages/digimon/orochimon.jpg
okuwamon,オオクワモン,1,True,https://digimon.net/cimages/digimon/okuwamon.jpg
angewomon,エンジェウーモン,1,True,https://digimon.net/cimages/digimon/angewomon.jpg
etemon,エテモン,1,True,https://digimon.net/cimages/digimon/etemon.jpg
ex-tyranomon,エクスティラノモン,1,True,https://digimon.net/cimages/digimon/ex-tyranomon.jpg
earov-dramon,エアロブイドラモン,1,True,https://digimon.net/cimages/digimon/earov-dramon.jpg
volcdoramon,ヴォルクドラモン,1,True,https://digimon.net/cimages/digimon/volcdoramon.jpg
wingdramon,ウイングドラモン,1,True,https://digimon.net/cimages/digimon/wingdramon.jpg
vikaralamon,ヴィカラーラモン,1,True,https://digimon.net/cimages/digimon/vikaralamon.jpg
vamdemon,ヴァンデモン,1,True,https://digimon.net/cimages/digimon/vamdemon.jpg
vajramon,ヴァジラモン,1,True,https://digimon.net/cimages/digimon/vajramon.jpg
infermon,インフェルモン,1,True,https://digimon.net/cimages/digimon/infermon.jpg
indaramon,インダラモン,1,True,https://digimon.net/cimages/digimon/indaramon.jpg
insekimon,インセキモン,1,True,https://digimon.net/cimages/digimon/insekimon.jpg
andromon,アンドロモン,1,True,https://digimon.net/cimages/digimon/andromon.jpg
andiramon,アンティラモン（デーヴァ）,1,True,https://digimon.net/cimages/digimon/andiramon.jpg
algomon-ultimate,アルゴモン,1,True,https://digimon.net/cimages/digimon/algomon-ultimate.jpg
archnemon,アルケニモン,1,True,https://digimon.net/cimages/digimon/archnemon.jpg
anomalocarimon-x,アノマロカリモン（X抗体）,1,True,https://digimon.net/cimages/digimon/anomalocarimon-x.jpg
anomalocarimon,アノマロカリモン,1,True,https://digimon.net/cimages/digimon/anomalocarimon.jpg
atlurkabuterimon,アトラーカブテリモン（赤）,1,True,https://digimon.net/cimages/digimon/atlurkabuterimon.jpg
atlurkabuterimon-blue,アトラーカブテリモン（青）,1,True,https://digimon.net/cimages/digimon/atlurkabuterimon-blue.jpg
astamon,アスタモン,1,True,https://digimon.net/cimages/digimon/astamon.jpg
asuramon,アシュラモン,1,True,https://digimon.net/cimages/digimon/asuramon.jpg
aegiochusmon:blue,アイギオテュースモン：ブルー,1,True,https://digimon.net/cimages/digimon/aegiochusmon:blue.jpg
aegiochusmon:dark,アイギオテュースモン：ダーク,1,True,https://digimon.net/cimages/digimon/aegiochusmon:dark.jpg
aegiochusmon:green,アイギオテュースモン：グリーン,1,True,https://digimon.net/cimages/digimon/aegiochusmon:green.jpg
aegiochusmon,アイギオテュースモン,1,True,https://digimon.net/cimages/digimon/aegiochusmon.jpg
waspmon,ワスプモン,1,True,https://digimon.net/cimages/digimon/waspmon.jpg
reppamon,レッパモン,1,True,https://digimon.net/cimages/digimon/reppamon.jpg
redvegimon,レッドベジーモン,1,True,https://digimon.net/cimages/digimon/redvegimon.jpg
lekismon,レキスモン,1,True,https://digimon.net/cimages/digimon/lekismon.jpg
leomon,レオモン,1,True,https://digimon.net/cimages/digimon/leomon.jpg
raremon,レアモン,1,True,https://digimon.net/cimages/digimon/raremon.jpg
rukamon,ルカモン,1,True,https://digimon.net/cimages/digimon/rukamon.jpg
revolmon,リボルモン,1,True,https://digimon.net/cimages/digimon/revolmon.jpg
raptordramon,ラプタードラモン,1,True,https://digimon.net/cimages/digimon/raptordramon.jpg
liamon,ライアモン,1,True,https://digimon.net/cimages/digimon/liamon.jpg
youkomon,ヨウコモン,1,True,https://digimon.net/cimages/digimon/youkomon.jpg
youkomon,ヨウコモン,2,False,https://digimon.net/cimages/digimon/youkomon_2.jpg
yunimon,ユニモン,1,True,https://digimon.net/cimages/digimon/yunimon.jpg
yukidarumon,ユキダルモン,1,True,https://digimon.net/cimages/digimon/yukidarumon.jpg
monochromon,モノクロモン,1,True,https://digimon.net/cimages/digimon/monochromon.jpg
mojyamon,モジャモン,1,True,https://digimon.net/cimages/digimon/mojyamon.jpg
meramon,メラモン,1,True,https://digimon.net/cimages/digimon/meramon.jpg
mechanorimon,メカノリモン,1,True,https://digimon.net/cimages/digimon/mechanorimon.jpg
musyamon,ムシャモン,1,True,https://digimon.net/cimages/digimon/musyamon.jpg
minotaurmon,ミノタルモン,1,True,https://digimon.net/cimages/digimon/minotaurmon.jpg
mikemon,ミケモン,1,True,https://digimon.net/cimages/digimon/mikemon.jpg
porcupamon,ポキュパモン,1,True,https://digimon.net/cimages/digimon/porcupamon.jpg
peckmon,ペックモン,1,True,https://digimon.net/cimages/digimon/peckmon.jpg
vegimon,ベジーモン,1,True,https://digimon.net/cimages/digimon/vegimon.jpg
bladekuwagamon,ブレイドクワガーモン,1,True,https://digimon.net/cimages/digimon/bladekuwagamon.jpg
flarelizamon,フレアリザモン,1,True,https://digimon.net/cimages/digimon/flarelizamon.jpg
blimpmon,ブリンプモン,1,True,https://digimon.net/cimages/digimon/blimpmon.jpg
blacktailmon,ブラックテイルモン,1,True,https://digimon.net/cimages/digimon/blacktailmon.jpg
blackgrowmon,ブラックグラウモン,1,True,https://digimon.net/cimages/digimon/blackgrowmon.jpg
platinasukamon,プラチナスカモン,1,True,https://digimon.net/cimages/digimon/platinasukamon.jpg
flymon,フライモン,1,True,https://digimon.net/cimages/digimon/flymon.jpg
hookmon,フックモン,1,True,https://digimon.net/cimages/digimon/hookmon.jpg
boogiemon,ブギーモン,1,True,https://digimon.net/cimages/digimon/boogiemon.jpg
fugamon,フーガモン,1,True,https://digimon.net/cimages/digimon/fugamon.jpg
v-dramon,ブイドラモン,1,True,https://digimon.net/cimages/digimon/v-dramon.jpg
fangmon,ファングモン,1,True,https://digimon.net/cimages/digimon/fangmon.jpg
firamon,ファイラモン,1,True,https://digimon.net/cimages/digimon/firamon.jpg
hyougamon,ヒョーガモン,1,True,https://digimon.net/cimages/digimon/hyougamon.jpg
petermon,ピーターモン,1,True,https://digimon.net/cimages/digimon/petermon.jpg
hanumon,ハヌモン,1,True,https://digimon.net/cimages/digimon/hanumon.jpg
bakemon,バケモン,1,True,https://digimon.net/cimages/digimon/bakemon.jpg
baohuckmon,バオハックモン,1,True,https://digimon.net/cimages/digimon/baohuckmon.jpg
birdramon,バードラモン,1,True,https://digimon.net/cimages/digimon/birdramon.jpg
numemon,ヌメモン,1,True,https://digimon.net/cimages/digimon/numemon.jpg
nisedrimogemon,ニセドリモゲモン,1,True,https://digimon.net/cimages/digimon/nisedrimogemon.jpg
nanimon,ナニモン,1,True,https://digimon.net/cimages/digimon/nanimon.jpg
knightchessmon,ナイトチェスモン（白）,1,True,https://digimon.net/cimages/digimon/knightchessmon.jpg
knightchessmon_black,ナイトチェスモン（黒）,1,True,https://digimon.net/cimages/digimon/knightchessmon_black.jpg
dorugamon,ドルガモン,1,True,https://digimon.net/cimages/digimon/dorugamon.jpg
drimogemon,ドリモゲモン,1,True,https://digimon.net/cimages/digimon/drimogemon.jpg
tobucatmon,トブキャットモン,1,True,https://digimon.net/cimages/digimon/tobucatmon.jpg
dogmon,ドッグモン,1,True,https://digimon.net/cimages/digimon/dogmon.jpg
togemon,トゲモン,1,True,https://digimon.net/cimages/digimon/togemon.jpg
dokugumon,ドクグモン,1,True,https://digimon.net/cimages/digimon/dokugumon.jpg
dobermon,ドーベルモン,1,True,https://digimon.net/cimages/digimon/dobermon.jpg
tortamon,トータモン,1,True,https://digimon.net/cimages/digimon/tortamon.jpg
turuiemon,トゥルイエモン,1,True,https://digimon.net/cimages/digimon/turuiemon.jpg
deltamon,デルタモン,1,True,https://digimon.net/cimages/digimon/deltamon.jpg
devimon,デビモン,1,True,https://digimon.net/cimages/digimon/devimon.jpg
devidramon,デビドラモン,1,True,https://digimon.net/cimages/digimon/devidramon.jpg
death-x-dorugamon,デクスドルガモン,1,True,https://digimon.net/cimages/digimon/death-x-dorugamon.jpg
tailmon,テイルモン,1,True,https://digimon.net/cimages/digimon/tailmon.jpg
tyranomon,ティラノモン,1,True,https://digimon.net/cimages/digimon/tyranomon.jpg
diatrymon,ディアトリモン,1,True,https://digimon.net/cimages/digimon/diatrymon.jpg
tuchidarumon,ツチダルモン,1,True,https://digimon.net/cimages/digimon/tuchidarumon.jpg
tankmon,タンクモン,1,True,https://digimon.net/cimages/digimon/tankmon.jpg
darcmon,ダルクモン,1,True,https://digimon.net/cimages/digimon/darcmon.jpg
tuskmon,タスクモン,1,True,https://digimon.net/cimages/digimon/tuskmon.jpg
targetmon,ターゲットモン,1,True,https://digimon.net/cimages/digimon/targetmon.jpg
darklizamon,ダークリザモン,1,True,https://digimon.net/cimages/digimon/darklizamon.jpg
darktyranomon,ダークティラノモン,1,True,https://digimon.net/cimages/digimon/darktyranomon.jpg
sorcerimon,ソーサリモン,1,True,https://digimon.net/cimages/digimon/sorcerimon.jpg
soulmon,ソウルモン,1,True,https://digimon.net/cimages/digimon/soulmon.jpg
saberdramon,セーバードラモン,1,True,https://digimon.net/cimages/digimon/saberdramon.jpg
zubaeagermon,ズバイガーモン,1,True,https://digimon.net/cimages/digimon/zubaeagermon.jpg
snimon,スナイモン,1,True,https://digimon.net/cimages/digimon/snimon.jpg
strikedramon,ストライクドラモン,1,True,https://digimon.net/cimages/digimon/strikedramon.jpg
stingmon,スティングモン,1,True,https://digimon.net/cimages/digimon/stingmon.jpg
starmon,スターモン,1,True,https://digimon.net/cimages/digimon/starmon.jpg
scumon,スカモン,1,True,https://digimon.net/cimages/digimon/scumon.jpg
junglemojamon,ジャングルモジャモン,1,True,https://digimon.net/cimages/digimon/junglemojamon.jpg
shimaunimon,シマユニモン,1,True,https://digimon.net/cimages/digimon/shimaunimon.jpg
sistermonnoir,シスタモン ノワール,1,True,https://digimon.net/cimages/digimon/sistermonnoir.jpg
geogreymon,ジオグレイモン,1,True,https://digimon.net/cimages/digimon/geogreymon.jpg
shellmon,シェルモン,1,True,https://digimon.net/cimages/digimon/shellmon.jpg
shademon,シェイドモン,1,True,https://digimon.net/cimages/digimon/shademon.jpg
sealsdramon,シールズドラモン,1,True,https://digimon.net/cimages/digimon/sealsdramon.jpg
coelamon,シーラモン,1,True,https://digimon.net/cimages/digimon/coelamon.jpg
seadramon,シードラモン,1,True,https://digimon.net/cimages/digimon/seadramon.jpg
siesamon,シーサモン,1,True,https://digimon.net/cimages/digimon/siesamon.jpg
sunflowmon,サンフラウモン,1,True,https://digimon.net/cimages/digimon/sunflowmon.jpg
thunderballmon,サンダーボールモン,1,True,https://digimon.net/cimages/digimon/thunderballmon.jpg
sangloupmon,サングルゥモン,1,True,https://digimon.net/cimages/digimon/sangloupmon.jpg
zassoumon,ザッソーモン,1,True,https://digimon.net/cimages/digimon/zassoumon.jpg
cyclomon,サイクロモン,1,True,https://digimon.net/cimages/digimon/cyclomon.jpg
gorimon,ゴリモン,1,True,https://digimon.net/cimages/digimon/gorimon.jpg
gokimon,ゴキモン,1,True,https://digimon.net/cimages/digimon/gokimon.jpg
golemon,ゴーレモン,1,True,https://digimon.net/cimages/digimon/golemon.jpg
cockatrimon,コカトリモン,1,True,https://digimon.net/cimages/digimon/cockatrimon.jpg
kougamon,コウガモン,1,True,https://digimon.net/cimages/digimon/kougamon.jpg
coredramon_g,コアドラモン（緑）,1,True,https://digimon.net/cimages/digimon/coredramon_g.jpg
coredramon_b,コアドラモン（青）,1,True,https://digimon.net/cimages/digimon/coredramon_b.jpg
centalmon,ケンタルモン,1,True,https://digimon.net/cimages/digimon/centalmon.jpg
geremon,ゲレモン,1,True,https://digimon.net/cimages/digimon/geremon.jpg
gesomon,ゲソモン,1,True,https://digimon.net/cimages/digimon/gesomon.jpg
kuwagamon,クワガーモン,1,True,https://digimon.net/cimages/digimon/kuwagamon.jpg
clockmon,クロックモン,1,True,https://digimon.net/cimages/digimon/clockmon.jpg
greymon-first,グレイモン,1,True,https://digimon.net/cimages/digimon/greymon-first.jpg
gururumon,グルルモン,1,True,https://digimon.net/cimages/digimon/gururumon.jpg
gryzmon,グリズモン,1,True,https://digimon.net/cimages/digimon/gryzmon.jpg
chrysalimon,クリサリモン,1,True,https://digimon.net/cimages/digimon/chrysalimon.jpg
growmon,グラウモン,1,True,https://digimon.net/cimages/digimon/growmon.jpg
ginryumon,ギンリュウモン,1,True,https://digimon.net/cimages/digimon/ginryumon.jpg
ginkakumon,ギンカクモン,1,True,https://digimon.net/cimages/digimon/ginkakumon.jpg
kinkakumon,キンカクモン,1,True,https://digimon.net/cimages/digimon/kinkakumon.jpg
kyubimon,キュウビモン,1,True,https://digimon.net/cimages/digimon/kyubimon.jpg
kiwimon,キウイモン,1,True,https://digimon.net/cimages/digimon/kiwimon.jpg
gawappamon,ガワッパモン,1,True,https://digimon.net/cimages/digimon/gawappamon.jpg
garurumon,ガルルモン,1,True,https://digimon.net/cimages/digimon/garurumon.jpg
galgomon,ガルゴモン,1,True,https://digimon.net/cimages/digimon/galgomon.jpg
karatukinumemon,カラツキヌメモン,1,True,https://digimon.net/cimages/digimon/karatukinumemon.jpg
kabuterimon,カブテリモン,1,True,https://digimon.net/cimages/digimon/kabuterimon.jpg
guardromon,ガードロモン,1,True,https://digimon.net/cimages/digimon/guardromon.jpg
gaogamon,ガオガモン,1,True,https://digimon.net/cimages/digimon/gaogamon.jpg
omekamon,オメカモン,1,True,https://digimon.net/cimages/digimon/omekamon.jpg
octmon,オクタモン,1,True,https://digimon.net/cimages/digimon/octmon.jpg
orgemon,オーガモン,1,True,https://digimon.net/cimages/digimon/orgemon.jpg
angemon,エンジェモン,1,True,https://digimon.net/cimages/digimon/angemon.jpg
ebidramon,エビドラモン,1,True,https://digimon.net/cimages/digimon/ebidramon.jpg
xv-mon,エクスブイモン,1,True,https://digimon.net/cimages/digimon/xv-mon.jpg
airdramon,エアドラモン,1,True,https://digimon.net/cimages/digimon/airdramon.jpg
woodmon,ウッドモン,1,True,https://digimon.net/cimages/digimon/woodmon.jpg
wendimon,ウェンディモン,1,True,https://digimon.net/cimages/digimon/wendimon.jpg
witchmon,ウィッチモン,1,True,https://digimon.net/cimages/digimon/witchmon.jpg
wizarmon,ウィザーモン,1,True,https://digimon.net/cimages/digimon/wizarmon.jpg
evilmon,イビルモン,1,True,https://digimon.net/cimages/digimon/evilmon.jpg
ikkakumon,イッカクモン,1,True,https://digimon.net/cimages/digimon/ikkakumon.jpg
igamon,イガモン,1,True,https://digimon.net/cimages/digimon/igamon.jpg
ankylomon,アンキロモン,1,True,https://digimon.net/cimages/digimon/ankylomon.jpg
aquilamon,アクィラモン,1,True,https://digimon.net/cimages/digimon/aquilamon.jpg
akatorimon,アカトリモン,1,True,https://digimon.net/cimages/digimon/akatorimon.jpg
icemon,アイスモン,1,True,https://digimon.net/cimages/digimon/icemon.jpg
aegiomon,アイギオモン,1,True,https://digimon.net/cimages/digimon/aegiomon.jpg
wormmon,ワームモン,1,True,https://digimon.net/cimages/digimon/wormmon.jpg
lopmon,ロップモン,1,True,https://digimon.net/cimages/digimon/lopmon.jpg
lopmon,ロップモン,2,False,https://digimon.net/cimages/digimon/lopmon_2.jpg
renamon,レナモン,1,True,https://digimon.net/cimages/digimon/renamon.jpg
liollmon,レオルモン,1,True,https://digimon.net/cimages/digimon/liollmon.jpg
lunamon,ルナモン,1,True,https://digimon.net/cimages/digimon/lunamon.jpg
lucemon,ルーチェモン,1,True,https://digimon.net/cimages/digimon/lucemon.jpg
ryudamon,リュウダモン,1,True,https://digimon.net/cimages/digimon/ryudamon.jpg
lalamon,ララモン,1,True,https://digimon.net/cimages/digimon/lalamon.jpg
labramon,ラブラモン,1,True,https://digimon.net/cimages/digimon/labramon.jpg
yukiagumon,ユキアグモン,1,True,https://digimon.net/cimages/digimon/yukiagumon.jpg
monodramon,モノドラモン,1,True,https://digimon.net/cimages/digimon/monodramon.jpg
muchomon,ムーチョモン,1,True,https://digimon.net/cimages/digimon/muchomon.jpg
mushmon,マッシュモン,1,True,https://digimon.net/cimages/digimon/mushmon.jpg
bokomon,ボコモン,1,True,https://digimon.net/cimages/digimon/bokomon.jpg
paunchessmon-white,ポーンチェスモン（白）,1,True,https://digimon.net/cimages/digimon/paunchessmon-white.jpg
paunchessmon,ポーンチェスモン（黒）,1,True,https://digimon.net/cimages/digimon/paunchessmon.jpg
hawkmon,ホークモン,1,True,https://digimon.net/cimages/digimon/hawkmon.jpg
penmon,ペンモン,1,True,https://digimon.net/cimages/digimon/penmon.jpg
betamon,ベタモン,1,True,https://digimon.net/cimages/digimon/betamon.jpg
bearmon,ベアモン,1,True,https://digimon.net/cimages/digimon/bearmon.jpg
plotmon,プロットモン,1,True,https://digimon.net/cimages/digimon/plotmon.jpg
floramon,フローラモン,1,True,https://digimon.net/cimages/digimon/floramon.jpg
v-mon,ブイモン,1,True,https://digimon.net/cimages/digimon/v-mon.jpg
funbeemon,ファンビーモン,1,True,https://digimon.net/cimages/digimon/funbeemon.jpg
falcomon,ファルコモン,1,True,https://digimon.net/cimages/digimon/falcomon.jpg
phascomon,ファスコモン,1,True,https://digimon.net/cimages/digimon/phascomon.jpg
piyomon,ピヨモン,1,True,https://digimon.net/cimages/digimon/piyomon.jpg
picodevimon,ピコデビモン,1,True,https://digimon.net/cimages/digimon/picodevimon.jpg
palmon,パルモン,1,True,https://digimon.net/cimages/digimon/palmon.jpg
huckmon,ハックモン,1,True,https://digimon.net/cimages/digimon/huckmon.jpg
patamon,パタモン,1,True,https://digimon.net/cimages/digimon/patamon.jpg
hagurumon,ハグルモン,1,True,https://digimon.net/cimages/digimon/hagurumon.jpg
bakumon,バクモン,1,True,https://digimon.net/cimages/digimon/bakumon.jpg
neamon,ネーモン,1,True,https://digimon.net/cimages/digimon/neamon.jpg
niseagumonhakase,ニセアグモン博士,1,True,https://digimon.net/cimages/digimon/niseagumonhakase.jpg
dorumon,ドルモン,1,True,https://digimon.net/cimages/digimon/dorumon.jpg
dracomon,ドラコモン,1,True,https://digimon.net/cimages/digimon/dracomon.jpg
dracumon,ドラクモン,1,True,https://digimon.net/cimages/digimon/dracumon.jpg
toyagumon,トイアグモン,1,True,https://digimon.net/cimages/digimon/toyagumon.jpg
tentomon,テントモン,1,True,https://digimon.net/cimages/digimon/tentomon.jpg
terriermon,テリアモン,1,True,https://digimon.net/cimages/digimon/terriermon.jpg
tinkermon,ティンカーモン,1,True,https://digimon.net/cimages/digimon/tinkermon.jpg
tukaimon,ツカイモン,1,True,https://digimon.net/cimages/digimon/tukaimon.jpg
tyumon,チューモン,1,True,https://digimon.net/cimages/digimon/tyumon.jpg
solarmon,ソーラーモン,1,True,https://digimon.net/cimages/digimon/solarmon.jpg
zubamon,ズバモン,1,True,https://digimon.net/cimages/digimon/zubamon.jpg
snowgoburimon,スノーゴブリモン,1,True,https://digimon.net/cimages/digimon/snowgoburimon.jpg
swimmon,スイムモン,1,True,https://digimon.net/cimages/digimon/swimmon.jpg
shakomon,シャコモン,1,True,https://digimon.net/cimages/digimon/shakomon.jpg
shamamon,シャーマモン,1,True,https://digimon.net/cimages/digimon/shamamon.jpg
sistermonblanc,シスタモン ブラン,1,True,https://digimon.net/cimages/digimon/sistermonblanc.jpg
psychemon,サイケモン,1,True,https://digimon.net/cimages/digimon/psychemon.jpg
coronamon,コロナモン,1,True,https://digimon.net/cimages/digimon/coronamon.jpg
commandramon,コマンドラモン,1,True,https://digimon.net/cimages/digimon/commandramon.jpg
gomamon,ゴマモン,1,True,https://digimon.net/cimages/digimon/gomamon.jpg
goburimon,ゴブリモン,1,True,https://digimon.net/cimages/digimon/goburimon.jpg
kotemon,コテモン,1,True,https://digimon.net/cimages/digimon/kotemon.jpg
gottsumon,ゴツモン,1,True,https://digimon.net/cimages/digimon/gottsumon.jpg
kokuwamon,コクワモン,1,True,https://digimon.net/cimages/digimon/kokuwamon.jpg
kokabuterimon,コカブテリモン,1,True,https://digimon.net/cimages/digimon/kokabuterimon.jpg
koemon,コエモン,1,True,https://digimon.net/cimages/digimon/koemon.jpg
keramon,ケラモン,1,True,https://digimon.net/cimages/digimon/keramon.jpg
kunemon,クネモン,1,True,https://digimon.net/cimages/digimon/kunemon.jpg
kudamon,クダモン,1,True,https://digimon.net/cimages/digimon/kudamon.jpg
guilmon,ギルモン,1,True,https://digimon.net/cimages/digimon/guilmon.jpg
candmon,キャンドモン,1,True,https://digimon.net/cimages/digimon/candmon.jpg
gizamon,ギザモン,1,True,https://digimon.net/cimages/digimon/gizamon.jpg
kamemon,カメモン,1,True,https://digimon.net/cimages/digimon/kamemon.jpg
gabumon,ガブモン,1,True,https://digimon.net/cimages/digimon/gabumon.jpg
ganimon,ガニモン,1,True,https://digimon.net/cimages/digimon/ganimon.jpg
gazimon,ガジモン,1,True,https://digimon.net/cimages/digimon/gazimon.jpg
gaomon,ガオモン,1,True,https://digimon.net/cimages/digimon/gaomon.jpg
otamamon-red,オタマモン（赤）,1,True,https://digimon.net/cimages/digimon/otamamon-red.jpg
otamamon,オタマモン,1,True,https://digimon.net/cimages/digimon/otamamon.jpg
elecmon-violet,エレキモン（紫）,1,True,https://digimon.net/cimages/digimon/elecmon-violet.jpg
elecmon,エレキモン,1,True,https://digimon.net/cimages/digimon/elecmon.jpg
ebiburgamon,エビバーガモン,1,True,https://digimon.net/cimages/digimon/ebiburgamon.jpg
impmon,インプモン,1,True,https://digimon.net/cimages/digimon/impmon.jpg
alraumon,アルラウモン,1,True,https://digimon.net/cimages/digimon/alraumon.jpg
armadimon,アルマジモン,1,True,https://digimon.net/cimages/digimon/armadimon.jpg
arkadimon,アルカディモン,1,True,https://digimon.net/cimages/digimon/arkadimon.jpg
agumonhakase,アグモン博士,1,True,https://digimon.net/cimages/digimon/agumonhakase.jpg
agumon-black,アグモン（黒）,1,True,https://digimon.net/cimages/digimon/agumon-black.jpg
agumon-2006,アグモン（２００６アニメ版）,1,True,https://digimon.net/cimages/digimon/agumon-2006.jpg
agumon,アグモン,1,True,https://digimon.net/cimages/digimon/agumon.jpg
wanyamon,ワニャモン,1,True,https://digimon.net/cimages/digimon/wanyamon.jpg
mochimon,モチモン,1,True,https://digimon.net/cimages/digimon/mochimon.jpg
minomon,ミノモン,1,True,https://digimon.net/cimages/digimon/minomon.jpg
missimon,ミサイモン,1,True,https://digimon.net/cimages/digimon/missimon.jpg
poromon,ポロモン,1,True,https://digimon.net/cimages/digimon/poromon.jpg
pokomon,ポコモン,1,True,https://digimon.net/cimages/digimon/pokomon.jpg
babydmon,ベビドモン,1,True,https://digimon.net/cimages/digimon/babydmon.jpg
puroromon,プロロモン,1,True,https://digimon.net/cimages/digimon/puroromon.jpg
frimon,フリモン,1,True,https://digimon.net/cimages/digimon/frimon.jpg
petimeramon,プチメラモン,1,True,https://digimon.net/cimages/digimon/petimeramon.jpg
pukamon,プカモン,1,True,https://digimon.net/cimages/digimon/pukamon.jpg
pyocomon,ピョコモン,1,True,https://digimon.net/cimages/digimon/pyocomon.jpg
pinamon,ピナモン,1,True,https://digimon.net/cimages/digimon/pinamon.jpg
budmon,バドモン,1,True,https://digimon.net/cimages/digimon/budmon.jpg
pagumon,パグモン,1,True,https://digimon.net/cimages/digimon/pagumon.jpg
nyaromon,ニャロモン,1,True,https://digimon.net/cimages/digimon/nyaromon.jpg
dorimon,ドリモン,1,True,https://digimon.net/cimages/digimon/dorimon.jpg
tokomon,トコモン,1,True,https://digimon.net/cimages/digimon/tokomon.jpg
tsumemon,ツメモン,1,True,https://digimon.net/cimages/digimon/tsumemon.jpg
tunomon,ツノモン,1,True,https://digimon.net/cimages/digimon/tunomon.jpg
chocomon,チョコモン,1,True,https://digimon.net/cimages/digimon/chocomon.jpg
chapmon,チャップモン,1,True,https://digimon.net/cimages/digimon/chapmon.jpg
chibimon,チビモン,1,True,https://digimon.net/cimages/digimon/chibimon.jpg
tanemon,タネモン,1,True,https://digimon.net/cimages/digimon/tanemon.jpg
xiaomon,シャオモン,1,True,https://digimon.net/cimages/digimon/xiaomon.jpg
sakuttomon,サクットモン,1,True,https://digimon.net/cimages/digimon/sakuttomon.jpg
koromon,コロモン,1,True,https://digimon.net/cimages/digimon/koromon.jpg
gummymon,グミモン,1,True,https://digimon.net/cimages/digimon/gummymon.jpg
kyokyomon,キョキョモン,1,True,https://digimon.net/cimages/digimon/kyokyomon.jpg
cupimon,キュピモン,1,True,https://digimon.net/cimages/digimon/cupimon.jpg
kyaromon,キャロモン,1,True,https://digimon.net/cimages/digimon/kyaromon.jpg
gigimon,ギギモン,1,True,https://digimon.net/cimages/digimon/gigimon.jpg
capromon,カプリモン,1,True,https://digimon.net/cimages/digimon/capromon.jpg
upamon,ウパモン,1,True,https://digimon.net/cimages/digimon/upamon.jpg
relemon,レレモン,1,True,https://digimon.net/cimages/digimon/relemon.jpg
leafmon,リーフモン,1,True,https://digimon.net/cimages/digimon/leafmon.jpg
yuramon,ユラモン,1,True,https://digimon.net/cimages/digimon/yuramon.jpg
yukimibotamon,ユキミボタモン,1,True,https://digimon.net/cimages/digimon/yukimibotamon.jpg
mokumon,モクモン,1,True,https://digimon.net/cimages/digimon/mokumon.jpg
poyomon,ポヨモン,1,True,https://digimon.net/cimages/digimon/poyomon.jpg
bommon,ボムモン,1,True,https://digimon.net/cimages/digimon/bommon.jpg
popomon,ポポモン,1,True,https://digimon.net/cimages/digimon/popomon.jpg
botamon,ボタモン,1,True,https://digimon.net/cimages/digimon/botamon.jpg
puwamon,プワモン,1,True,https://digimon.net/cimages/digimon/puwamon.jpg
pururumon,プルルモン,1,True,https://digimon.net/cimages/digimon/pururumon.jpg
pupumon,ププモン,1,True,https://digimon.net/cimages/digimon/pupumon.jpg
fufumon,フフモン,1,True,https://digimon.net/cimages/digimon/fufumon.jpg
punimon,プニモン,1,True,https://digimon.net/cimages/digimon/punimon.jpg
puttimon,プットモン,1,True,https://digimon.net/cimages/digimon/puttimon.jpg
petitmon,プチモン,1,True,https://digimon.net/cimages/digimon/petitmon.jpg
pitchmon,ピチモン,1,True,https://digimon.net/cimages/digimon/pitchmon.jpg
pafumon,パフモン,1,True,https://digimon.net/cimages/digimon/pafumon.jpg
bubbmon,バブモン,1,True,https://digimon.net/cimages/digimon/bubbmon.jpg
paomon,パオモン,1,True,https://digimon.net/cimages/digimon/paomon.jpg
nyokimon,ニョキモン,1,True,https://digimon.net/cimages/digimon/nyokimon.jpg
dodomon,ドドモン,1,True,https://digimon.net/cimages/digimon/dodomon.jpg
tsubumon,ツブモン,1,True,https://digimon.net/cimages/digimon/tsubumon.jpg
choromon,チョロモン,1,True,https://digimon.net/cimages/digimon/choromon.jpg
chicomon,チコモン,1,True,https://digimon.net/cimages/digimon/chicomon.jpg
zerimon,ゼリモン,1,True,https://digimon.net/cimages/digimon/zerimon.jpg
zurumon,ズルモン,1,True,https://digimon.net/cimages/digimon/zurumon.jpg
jyarimon,ジャリモン,1,True,https://digimon.net/cimages/digimon/jyarimon.jpg
sakumon,サクモン,1,True,https://digimon.net/cimages/digimon/sakumon.jpg
cocomon,ココモン,1,True,https://digimon.net/cimages/digimon/cocomon.jpg
kuramon,クラモン,1,True,https://digimon.net/cimages/digimon/kuramon.jpg
