directory_name,detail_url,name_ja,name_roman,level_raw,level_normalized,type_raw,type_normalized,attribute_raw,attribute_normalized,special_moves_raw,main_image_url,has_additional_illustrations,additional_illustration_count,listing_level,listing_level_2,listing_level_order,is_x_antibody,icon_new,icon_20th,profile_ja_available_on_official_page,profile_ja_char_count,profile_ja_sha256,profile_ja_omitted_from_bundle
nosferamon,https://digimon.net/reference/detail.php?directory_name=nosferamon,ノスフェラモン,NOSFERAMON,究極体,究極体,アンデッド型,アンデッド型,ウィルス,ウィルス,"・ランページバレット
・アネスシージアゲイズ",https://digimon.net/cimages/digimon/nosferamon.jpg,False,0,究極体,,6,False,True,False,True,603,8d6a37e089a0cbb9da532ada4e42eabf5dec01b0b173f04a6aab9dd0f4f94d01,True
artiomon,https://digimon.net/reference/detail.php?directory_name=artiomon,アルティオモン,ARTIOMON,究極体,究極体,獣人型,獣人型,ワクチン,ワクチン,"・ドゥームバスター
・ディキャピテイトクロウ",https://digimon.net/cimages/digimon/artiomon.jpg,False,0,究極体,,6,False,True,False,True,520,e64df501cb6a8ee172628c82abf90a4a02a8a36690b5ea0c692b7026d4ea3aa7,True
atratusmon,https://digimon.net/reference/detail.php?directory_name=atratusmon,アトラタスモン,ATRATUSMON,究極体,究極体,突然変異型,突然変異型,データ,データ,・,https://digimon.net/cimages/digimon/atratusmon.jpg,False,0,究極体,,6,False,True,False,True,58,de1f45fef6cecb6b4cd877e2697b56ceb669fdc93c623aa41e52d9982b756500,True
albatusmon,https://digimon.net/reference/detail.php?directory_name=albatusmon,アルバタスモン,ALBATUSMON,究極体,究極体,突然変異型,突然変異型,データ,データ,・,https://digimon.net/cimages/digimon/albatusmon.jpg,False,0,究極体,,6,False,True,False,True,58,8dae5ff281c51b3362e6273d29f3738661bf139aee3566f87b2e0c7812537ca2,True
heliosboamon,https://digimon.net/reference/detail.php?directory_name=heliosboamon,ヘリオスボアモン,HELIOSBOAMON,完全体,完全体,爬虫類型,爬虫類型,データ,データ,"・ソウルパラヴライザー
・レストリクトアイ",https://digimon.net/cimages/digimon/heliosboamon.jpg,False,0,完全体,,5,False,False,False,True,653,d020d763b3ba7893fcdb8e182bce7847819d6f2feaef7fc13538cffe3b8ebc2f,True
habakirimon,https://digimon.net/reference/detail.php?directory_name=habakirimon,ハバキリモン,HABAKIRIMON,究極体,究極体,神人型,神人型,ウィルス,ウィルス,"・羽々斬（はばきり）
・麁正（あらまさ）",https://digimon.net/cimages/digimon/habakirimon.jpg,False,0,究極体,,6,False,False,False,True,689,e0a46d2b318d35d29cda75e3cd1271ac7d9f7ea241ce51f3b40fd0b9218ff138,True
bearcatmon,https://digimon.net/reference/detail.php?directory_name=bearcatmon,ベアキャットモン,BEARCATMON,完全体,完全体,獣人型,獣人型,ワクチン,ワクチン,"・ペネトレイトブロウ
・マーダライズラッシュ
・ベアダウンスピニングキック",https://digimon.net/cimages/digimon/bearcatmon.jpg,False,0,完全体,,5,False,False,False,True,564,d3c7e1d33dd9a8871ae456a8117fe9773400c1eb90bad3fe3f8a39855b5a0ef9,True
taowumon,https://digimon.net/reference/detail.php?directory_name=taowumon,タオウーモン,TAOWUMON,究極体,究極体,魔獣型,魔獣型,ウィルス,ウィルス,"・氷骸礫(ひょうがいれき)
・轟蹄崩(ごうていほう)
・凍烈檮牙(とうれつとうが)",https://digimon.net/cimages/digimon/taowumon.jpg,False,0,究極体,,6,False,False,False,True,438,825dd3f24273eac9c273b2f48bc6d6247f9c751aa5eaacaf0d2c88de6619eee7,True
scourgechiropmon,https://digimon.net/reference/detail.php?directory_name=scourgechiropmon,スカージキロプモン,SCOURGECHIROPMON,完全体,完全体,マシーン型,マシーン型,ウィルス,ウィルス,"・トライアンギュレーションスキャン
・デスペアブラスト
・エリミネイトレイン
・サイレントスクリーム",https://digimon.net/cimages/digimon/scourgechiropmon.jpg,False,0,完全体,,5,False,False,False,True,645,87baaf470ef0cf96451d466ad188ad34ce10cf8269576bfc52de064e44a9515c,True
monarchlizamon,https://digimon.net/reference/detail.php?directory_name=monarchlizamon,モナークリザモン,MONARCHLIZAMON,完全体,完全体,サイボーグ型,サイボーグ型,データ,データ,"・アナイアレイトエッジ
・モナークオーディナンス
・ファイナルジャッジメント",https://digimon.net/cimages/digimon/monarchlizamon.jpg,False,0,完全体,,5,False,False,False,True,568,5b27aa1691ba544e444e366d1ee4999c5b746c63ea3fa61fcf25c59e8488d5ad,True
apollomon_whispered,https://digimon.net/reference/detail.php?directory_name=apollomon_whispered,アポロモン：ウィスパード,APOLLOMON：WHISPERED,"究極体
(クロスウォーズ)","究極体
(クロスウォーズ)",神人型,神人型,ウィルス,ウィルス,"・アロー・オブ・ウィスパード
・サン・オブ・ソローズ",https://digimon.net/cimages/digimon/apollomon_whispered.jpg,False,0,究極体,クロスウォーズ,6,False,False,False,True,231,d7f2b0c35bf8b7f546a0c90ed4c1ccc3af5906361112fef422d82b1fef5ce67e,True
kingwhamon,https://digimon.net/reference/detail.php?directory_name=kingwhamon,キングホエーモン,KINGWHAMON,究極体,究極体,水棲哺乳類型,水棲哺乳類型,ワクチン,ワクチン,"・ウォジェット
・ライドライト",https://digimon.net/cimages/digimon/kingwhamon.jpg,False,0,究極体,,6,False,False,False,True,178,9f3c28470fd89cda8387284e65481441ebd0856c9d4f20246e3c1a4049f1594b,True
armamon_burstmode,https://digimon.net/reference/detail.php?directory_name=armamon_burstmode,アルマモン：バーストモード,ARMAMON:BURSTMODE,"究極体
(クロスウォーズ)","究極体
(クロスウォーズ)",武器型,武器型,フリー,フリー,"・ソード・オブ・メテオ
・インフィニティソードレイン",https://digimon.net/cimages/digimon/armamon_burstmode.jpg,False,0,究極体,クロスウォーズ,6,False,False,False,True,245,54861c86e15d1c74dc542bda13231d3f830bb076aa738e4d5ec288204a519a3f,True
armamon,https://digimon.net/reference/detail.php?directory_name=armamon,アルマモン,ARMAMON,"究極体
(クロスウォーズ)","究極体
(クロスウォーズ)",武器型,武器型,フリー,フリー,"・マルクトクリスタル
・レインボーハンド
・ソードマスカレード",https://digimon.net/cimages/digimon/armamon.jpg,False,0,究極体,クロスウォーズ,6,False,False,False,True,313,de9f6b4b6c8d57598ecbb5e1c2025ed110d4ec168140ee29859eeec8fa711cbd,True
shoutmonx5s,https://digimon.net/reference/detail.php?directory_name=shoutmonx5s,シャウトモンX5S,SHOUTMONX5S,"究極体
(クロスウォーズ)","究極体
(クロスウォーズ)",合成型,合成型,データ,データ,"・スペースチャクラム
・ヘリオスラッシャー
・コズモビクトリー",https://digimon.net/cimages/digimon/shoutmonx5s.jpg,False,0,究極体,クロスウォーズ,6,False,False,False,True,189,a5681b9f4e4159d27c6a148e43536bbaacd9c1d28850341500dbdf476c9e6b74,True
vortexdramon,https://digimon.net/reference/detail.php?directory_name=vortexdramon,ヴォルテクスドラモン,VORTEXDRAMON,究極体,究極体,鳥竜型,鳥竜型,データ,データ,"・フローズンガスト
・ブレイジングガスト
・レーヴァテイン",https://digimon.net/cimages/digimon/vortexdramon.jpg,False,0,究極体,,6,False,False,False,True,301,4b10862be312919c9805cabe6ec5b2cd26b665b12456a95b061313a043a43a4c,True
shoutmonx4s,https://digimon.net/reference/detail.php?directory_name=shoutmonx4s,シャウトモンX4S,SHOUTMONX4S,"完全体
(クロスウォーズ)","完全体
(クロスウォーズ)",合成型,合成型,データ,データ,"・ブレイズファイアー
・クロスレッド＆ブルー
・ビクトリーブレイブ",https://digimon.net/cimages/digimon/shoutmonx4s.jpg,False,0,完全体,クロスウォーズ,5,False,False,False,True,189,55dc138473ebdc7522b9e5b58cbb19c0055bfa06a9031656a0279ebf5cabd34e,True
shoutmonx3sd,https://digimon.net/reference/detail.php?directory_name=shoutmonx3sd,シャウトモンX3SD,SHOUTMONX3SD,"完全体
(クロスウォーズ)","完全体
(クロスウォーズ)",戦士型,戦士型,データ,データ,"・アシッドタイフーン
・ビリオンスタブ",https://digimon.net/cimages/digimon/shoutmonx3sd.jpg,False,0,完全体,クロスウォーズ,5,False,False,False,True,166,a1fb7b12b5f412f1bc7162d3e50ed81eaeba744fbcac35de581bc5edfa169714,True
shoutmonx3gm,https://digimon.net/reference/detail.php?directory_name=shoutmonx3gm,シャウトモンX3GM,SHOUTMONX3GM,"完全体
(クロスウォーズ)","完全体
(クロスウォーズ)",翼竜型,翼竜型,データ,データ,"・ワイルドバーニング
・ブリリアンスダガー
・ブレス・オブ・ペルーン",https://digimon.net/cimages/digimon/shoutmonx3gm.jpg,False,0,完全体,クロスウォーズ,5,False,False,False,True,211,4ffbd5be6f226c52e487b4a3df47034ca2d309c63e5d41f1fb8eaa8a8fbca7f1,True
azhdarmon,https://digimon.net/reference/detail.php?directory_name=azhdarmon,アズダルモン,AZHDARMON,完全体,完全体,翼竜型,翼竜型,ウィルス,ウィルス,"・トマホークストライク
・トライカーヴレイン
・トリニティライトニング",https://digimon.net/cimages/digimon/azhdarmon.jpg,False,0,完全体,,5,False,False,False,True,360,e79f16f3f680f2d354884519a32bb3b3cb22d2d2c16f65f2b7bdd8581dc7b288,True
tengumon,https://digimon.net/reference/detail.php?directory_name=tengumon,テングモン,TENGUMON,究極体,究極体,鳥人型,鳥人型,ウィルス,ウィルス,"・魔縁斬蹴撃（まえんざんしゅうげき）
・尊天大烈風（そんてんだいれっぷう）",https://digimon.net/cimages/digimon/tengumon.jpg,False,0,究極体,,6,False,False,False,True,304,2307bfcb62f51154ee88bc36fbd867f4842f7ee88aa23d19fc5204192d2a3ae3,True
amaterasumon,https://digimon.net/reference/detail.php?directory_name=amaterasumon,アマテラスモン,AMATERASUMON,究極体,究極体,神人型,神人型,ワクチン,ワクチン,"・厳之御魂（いづのみたま）
・六合照徹閃（りくごうしょうてつせん）",https://digimon.net/cimages/digimon/amaterasumon.jpg,False,0,究極体,,6,False,False,False,True,299,ce9567d7c57e0ffa4da4840e288b791671ad2f222d4d293c271c5742ba15b64e,True
enmamon,https://digimon.net/reference/detail.php?directory_name=enmamon,エンマモン,ENMAMON,究極体,究極体,魔王型,魔王型,ウィルス,ウィルス,"・浄玻璃鏡(じょうはりのかがみ)
・閻羅王降誕（えんらおうごうたん）",https://digimon.net/cimages/digimon/enmamon.jpg,False,0,究極体,,6,False,False,False,True,362,07e1fdd64e14810a32e0c025aed26a5525158b21b769ea35c8f2fbebff3fe81a,True
seitengokuwmon,https://digimon.net/reference/detail.php?directory_name=seitengokuwmon,セイテンゴクウモン,SEITENGOKUWMON,究極体,究極体,如来型,如来型,ウィルス,ウィルス,"・火眼金睛（かがんきんせい）
・八戒炎天撃（はっかいえんてんげき）
・悟浄水天葬（ごじょうすいてんそう）
・超大聖雷天砲（ちょうたいせいらいてんほう）",https://digimon.net/cimages/digimon/seitengokuwmon.jpg,True,1,究極体,,6,False,False,False,True,616,3f7b08920c8b3ae82acfc8a2a283492132aa3454443ef19764946ba2a4fc818f,True
exmaquinamon,https://digimon.net/reference/detail.php?directory_name=exmaquinamon,エクスマキナモン,EXMAQUINAMON,究極体,究極体,特異型,特異型,データ,データ,・エスカトン,https://digimon.net/cimages/digimon/exmaquinamon.jpg,False,0,究極体,,6,False,False,False,True,220,adafb5b783e4bb05f9b6728225fe207d4c75e154917bc910b5b6c09b938837c8,True
dalphomon,https://digimon.net/reference/detail.php?directory_name=dalphomon,ダルフォモン,DALPHOMON,究極体,究極体,獣型,獣型,ウィルス,ウィルス,"・プロフェットオブエリヤ
・ジェイルマオン
・ブルータルヘイロウ",https://digimon.net/cimages/digimon/dalphomon.jpg,False,0,究極体,,6,False,False,False,True,423,5b83e80fa34a1eb0df0aa01eec971266654fa4c55a9ec42c1f959d8667796969,True
shishimamon,https://digimon.net/reference/detail.php?directory_name=shishimamon,シシマモン,SHISHIMAMON,完全体,完全体,聖獣型,聖獣型,ワクチン,ワクチン,"・光爪神楽（こうそうかぐら）
・魔祓灼光（まふつのしゃっこう）",https://digimon.net/cimages/digimon/shishimamon.jpg,False,0,完全体,,5,False,False,False,True,264,0c784c950c22fe177f7354c5c04dd30a8c9a66c64bb4147873e67d8b09188e80,True
darumamon,https://digimon.net/reference/detail.php?directory_name=darumamon,ダルマモン,DARUMAMON,完全体,完全体,突然変異型,突然変異型,ワクチン,ワクチン,"・猛進火達磨（もうしんひだるま）
・断災達磨落とし（だんさいだるまおとし）",https://digimon.net/cimages/digimon/darumamon.jpg,False,0,完全体,,5,False,False,False,True,267,f76409a26e4244d9ec96dd8f65142dd6d19293d23afcd2ec3f6b78140203cbc3,True
rhamphomon,https://digimon.net/reference/detail.php?directory_name=rhamphomon,ランフォモン,RHAMPHOMON,成熟期,成熟期,翼竜型,翼竜型,ウィルス,ウィルス,"・クリスタルキャノン
・ハンマーストライク
・ノーホープフォール
・クリスタルレイン",https://digimon.net/cimages/digimon/rhamphomon.jpg,False,0,成熟期,,4,False,False,False,True,359,68ba8d0d2b1926e86b51d43b6fed8614dffd8a7c63765fccc65fec2ebcdbc8f1,True
chronomon_destroy,https://digimon.net/reference/detail.php?directory_name=chronomon_destroy,クロノモン：デストロイモード,CHRONOMON：DESTROYMODE,究極体,究極体,神人型,神人型,ウィルス,ウィルス,"・フィンガーボム
・ホーリーフレア
・クロノデヴォリューション",https://digimon.net/cimages/digimon/chronomon_destroy.jpg,False,0,究極体,,6,False,False,False,True,363,971a25f18ad36bb7f4373ada8bf4d2fe78c930d8cb9563bcf6b173039565df83,True
chronomon_holy,https://digimon.net/reference/detail.php?directory_name=chronomon_holy,クロノモン：ホーリーモード,CHRONOMON：HOLYMODE,究極体,究極体,神人型,神人型,ワクチン,ワクチン,"・ホーリーフレア
・クロノスクロップ",https://digimon.net/cimages/digimon/chronomon_holy.jpg,False,0,究極体,,6,False,False,False,True,311,8788bfca04a2c49cfe84894c37ae6a5a8d08adbcec3f5bfcd74645d90fefb030,True
butenmon,https://digimon.net/reference/detail.php?directory_name=butenmon,ブテンモン,BUTENMON,完全体,完全体,神人型,神人型,ワクチン,ワクチン,"・日輪の舞
・暁光一閃",https://digimon.net/cimages/digimon/butenmon.jpg,False,0,完全体,,5,False,False,False,True,227,af3e5b5344de60e3644fbc78c2a382cb8dd874eb5d62b16ebc46a6693be50d15,True
buraimon,https://digimon.net/reference/detail.php?directory_name=buraimon,ブライモン,BURAIMON,成熟期,成熟期,鳥人型,鳥人型,ワクチン,ワクチン,"・ツバメ二枚返し
・秘剣・飛鳥落とし",https://digimon.net/cimages/digimon/buraimon.jpg,False,0,成熟期,,4,False,False,False,True,284,24b38f961809840e3e32b820074ccbc19e58cd71b9905850ad8ca858de4d2683,True
hyokomon,https://digimon.net/reference/detail.php?directory_name=hyokomon,ヒョコモン,HYOKOMON,成長期,成長期,ヒナ鳥型,ヒナ鳥型,ワクチン,ワクチン,"・唐竹割り
・秘剣ピヨピヨ斬り",https://digimon.net/cimages/digimon/hyokomon.jpg,False,0,成長期,,3,False,False,False,True,223,2c023a850d0191a5595064adb63d876633883aad3eeceb2918938ecf28d77a70,True
chicchimon,https://digimon.net/reference/detail.php?directory_name=chicchimon,チッチモン,CHICCHIMON,幼年期Ⅱ,幼年期Ⅱ,ヒナ鳥型,ヒナ鳥型,,,・ピヨピヨ,https://digimon.net/cimages/digimon/chicchimon.jpg,False,0,幼年期Ⅱ,,2,False,False,False,True,215,09e618b98ac54553d1bb8f339f192c2d3a63df78d77d07f4b1e0d867ea579e06,True
zombieplutomon,https://digimon.net/reference/detail.php?directory_name=zombieplutomon,ゾンビプルートモン,ZOMBIEPLUTOMON,究極体,究極体,アンデッド型,アンデッド型,ウィルス,ウィルス,"・ハザードホールド
・ヘルズスライス
・マリオネットアボミネーション",https://digimon.net/cimages/digimon/zombieplutomon.jpg,False,0,究極体,,6,False,False,False,True,311,0f576b99462ba70719914a8019dfef094d7223f3147320ac25bb61420e6c6eba,True
manekimon,https://digimon.net/reference/detail.php?directory_name=manekimon,マネキモン,MANEKIMON,成熟期,成熟期,パペット型,パペット型,ワクチン,ワクチン,"・小判振舞い
・招敵来来拳（しょうてきらいらいけん）",https://digimon.net/cimages/digimon/manekimon.jpg,False,0,成熟期,,4,False,False,False,True,221,f75babd2df8cf8f6df55f53c52647fba57a9ac591baebeed4109548063612207,True
hakubamon,https://digimon.net/reference/detail.php?directory_name=hakubamon,ハクバモン,HAKUBAMON,成熟期,成熟期,聖獣型,聖獣型,ワクチン,ワクチン,"・劈龍爪（へきりゅうそう）
・焔明珠（えんめいしゅ）",https://digimon.net/cimages/digimon/hakubamon.jpg,False,0,成熟期,,4,False,False,False,True,278,d3aa3b0198e605e62fd0bc901c2e47add712f2abee8adff5e86012fbf044e4a8,True
wankomon,https://digimon.net/reference/detail.php?directory_name=wankomon,ワンコモン,WANKOMON,成長期,成長期,獣型,獣型,ワクチン,ワクチン,"・豪狛毬（ごうはくきゅう）
・石土之体（いしづちのてい）",https://digimon.net/cimages/digimon/wankomon.jpg,False,0,成長期,,3,False,False,False,True,238,3c52687259c09013556bbfe52a9473e8b60f7ca31820248aa2026d9653daa91f,True
gasamon,https://digimon.net/reference/detail.php?directory_name=gasamon,ガサモン,GASAMON,成長期,成長期,軟体型,軟体型,ウィルス,ウィルス,"・編笠スピン斬り
・粘溶液（ねんようえき）",https://digimon.net/cimages/digimon/gasamon.jpg,False,0,成長期,,3,False,False,False,True,252,0e8e8dee0a7c567549437d3871360b609237459bcb7f7e6f6f30ff1ddecdf40a,True
takinmon,https://digimon.net/reference/detail.php?directory_name=takinmon,ターキモン,TAKINMON,成長期,成長期,獣型,獣型,ワクチン,ワクチン,"・猛冲角（もうちゅうかく）
・岩衝弾（がんしょうだん）",https://digimon.net/cimages/digimon/takinmon.jpg,False,0,成長期,,3,False,False,False,True,259,cdcdcc81d74038e477b0063418dc671406db9a91c7699d93a5aa49a2e7224785,True
fujamon,https://digimon.net/reference/detail.php?directory_name=fujamon,フージャモン,FUJAMON,成長期,成長期,水棲型,水棲型,ウィルス,ウィルス,"・泿水弾（ぎんすいだん）
・蛟牙（こうが）",https://digimon.net/cimages/digimon/fujamon.jpg,False,0,成長期,,3,False,False,False,True,280,250abf45400963068412f2df3aefb3d45deda68ea1a669cbf38336024b6a9b26,True
kakamon,https://digimon.net/reference/detail.php?directory_name=kakamon,カカモン,KAKAMON,成長期,成長期,獣型,獣型,ワクチン,ワクチン,"・猿攻回転弾（えんこうかいてんだん）
・金絲吼（きんしこう）",https://digimon.net/cimages/digimon/kakamon.jpg,False,0,成長期,,3,False,False,False,True,325,68b55f89a53672c1db71af5c51c8fb30b42079ee940b8887445b5cf6c1c67e02,True
armalizamon,https://digimon.net/reference/detail.php?directory_name=armalizamon,アルマリザモン,ARMALIZAMON,成熟期,成熟期,爬虫類型,爬虫類型,データ,データ,"・ニュートロンレイザー
・ニュートロンデフューザー
・ニュートロンブレイド
・デスロールプレス",https://digimon.net/cimages/digimon/armalizamon.jpg,False,0,成熟期,,4,False,False,False,True,550,0b8097ebda751945a8f2ad467e24aea8512aa384f8bb39086ee6e467409d326a,True
onibimon,https://digimon.net/reference/detail.php?directory_name=onibimon,オニビモン,ONIBIMON,幼年期Ⅱ,幼年期Ⅱ,ゴースト型,ゴースト型,,,・燐火（りんか）,https://digimon.net/cimages/digimon/onibimon.jpg,False,0,幼年期Ⅱ,,2,False,False,False,True,145,7aa95012b1700f3876d68478b98cf229e9c57fa8fc979a4008909a57faea1d5b,True
tomorimon,https://digimon.net/reference/detail.php?directory_name=tomorimon,トモリモン,TOMORIMON,幼年期Ⅰ,幼年期Ⅰ,ゴースト型,ゴースト型,,,・ヒノタマ,https://digimon.net/cimages/digimon/tomorimon.jpg,False,0,幼年期Ⅰ,,1,False,False,False,True,155,02a45269cccd312b4c2399d1a5a11ad95bed6cfecb672c94d48a790baeb15b26,True
mococomon,https://digimon.net/reference/detail.php?directory_name=mococomon,モココモン,MOCOCOMON,幼年期Ⅱ,幼年期Ⅱ,スモーク型,スモーク型,,,・黏雲（ねんうん）,https://digimon.net/cimages/digimon/mococomon.jpg,False,0,幼年期Ⅱ,,2,False,False,False,True,197,cef44bbf5d9b08a7a782fce7b5c98cf885040c5e3a1273a682a787ede7921745,True
fukamon,https://digimon.net/reference/detail.php?directory_name=fukamon,フカモン,FUKAMON,幼年期Ⅰ,幼年期Ⅰ,スモーク型,スモーク型,,,・呼雲（こうん）,https://digimon.net/cimages/digimon/fukamon.jpg,False,0,幼年期Ⅰ,,1,False,False,False,True,165,e3c958f0816efecbfc1f75e381d0718047278c2fa4695670660e089e1c505dab,True
parallelmon,https://digimon.net/reference/detail.php?directory_name=parallelmon,パラレルモン,PARALLELMON,究極体,究極体,突然変異型,突然変異型,ウィルス,ウィルス,"・アブソーベント・バン
・エンドレストランス",https://digimon.net/cimages/digimon/parallelmon.jpg,False,0,究極体,,6,False,False,False,True,256,de6c0127366cf80950efb78fb488420a3063f923b7156ef92d41d21d51abfec7,True
nightchiropmon,https://digimon.net/reference/detail.php?directory_name=nightchiropmon,ナイトキロプモン,NIGHTCHIROPMON,成熟期,成熟期,獣人型,獣人型,ウィルス,ウィルス,"・プロビデンススキャン
・シャドウアーツ
・ジャイアントラング
・メズマバースト",https://digimon.net/cimages/digimon/nightchiropmon.jpg,False,0,成熟期,,4,False,False,False,True,513,001f85dd04466a1f9fd72865fb34bfbb241f283c993a50d6cbb88d8631766a31,True
styracomon,https://digimon.net/reference/detail.php?directory_name=styracomon,スティラコモン,STYRACOMON,究極体,究極体,竜人型,竜人型,データ,データ,"・クリムゾンクレスト
・ドレッドノートスタンピード",https://digimon.net/cimages/digimon/styracomon.jpg,False,0,究極体,,6,False,False,False,True,343,d8005e2b8c9b34c0cf6353774acdfa18b2934821b3a87b3b500b959d72bc6696,True
taotiemon,https://digimon.net/reference/detail.php?directory_name=taotiemon,タオティエモン,TAOTIEMON,究極体,究極体,鬼人型,鬼人型,ウィルス,ウィルス,"・九淵貪角(きゅうえんどんかく)
・穢吐餓(えとが)
・饕飢爆（とうきばく）",https://digimon.net/cimages/digimon/taotiemon.jpg,False,0,究極体,,6,False,False,False,True,470,a7ec100f3e631a54c49f5d88dce9015567bea5a3189c3d8ed8d766c2bc9ac2f7,True
craniummon_enbarrmon,https://digimon.net/reference/detail.php?directory_name=craniummon_enbarrmon,クレニアムモン+アンヴァルモン,CRANIUMMON + ENBARRMON,究極体,究極体,聖騎士型,聖騎士型,ワクチン,ワクチン,・ルースレスチャージ,https://digimon.net/cimages/digimon/craniummon_enbarrmon.jpg,False,0,究極体,,6,False,False,False,True,529,d32196106ce767321067cb8cbd8108174e121fc00d24c4212cc01ddc6f351fc0,True
enbarrmon,https://digimon.net/reference/detail.php?directory_name=enbarrmon,アンヴァルモン,ENBARRMON,完全体,完全体,アンデッド型,アンデッド型,データ,データ,"・ディスレンジホーン
・ヴェインアンサー",https://digimon.net/cimages/digimon/enbarrmon.jpg,False,0,完全体,,5,False,False,False,True,275,40eedf8f49e79f4b55d037ef57856d99f2dbb64944e718fecde911d1daca2623,True
metatromon,https://digimon.net/reference/detail.php?directory_name=metatromon,メタトロモン,METATROMON,究極体,究極体,マシーン型,マシーン型,ワクチン,ワクチン,"・アイアンヘイロウ
・アイズオブエノク
・メタトロニオス",https://digimon.net/cimages/digimon/metatromon.jpg,False,0,究極体,,6,False,False,False,True,549,6a77009429c59a14501c0a489f2eac7580218ae1a98fdcd0a2d2d6c2ad622a64,True
greatgryzmon,https://digimon.net/reference/detail.php?directory_name=greatgryzmon,グレートグリズモン,GREATGRYZMON,完全体,完全体,獣人型,獣人型,ワクチン,ワクチン,"・闘魂爪（とうこんそう）
・爆霧（ばくぎり）
・GGS（ジージーエス）",https://digimon.net/cimages/digimon/greatgryzmon.jpg,False,0,完全体,,5,False,False,False,True,281,ab1572a32704d5d996c67ff844572b71982e6bdbd7d55010117188293a995a2f,True
titamon_skullbaluchimon,https://digimon.net/reference/detail.php?directory_name=titamon_skullbaluchimon,タイタモン+スカルバルキモン,TITAMON+SKULLBALUCHIMON,究極体,究極体,神人型,神人型,ウィルス,ウィルス,・千塵鬼神斬（せんじんきしんざん）,https://digimon.net/cimages/digimon/titamon_skullbaluchimon.jpg,False,0,究極体,,6,False,False,False,True,317,8ce1b2ab7ac56d33ccf45cff163eed265b6d80e059b211d695dff9f8401552d3,True
cougarmon,https://digimon.net/reference/detail.php?directory_name=cougarmon,クーガモン,COUGARMON,成熟期,成熟期,哺乳類型,哺乳類型,ウィルス,ウィルス,"・ルースレスファング
・ルースレスクロー
・ラースロア",https://digimon.net/cimages/digimon/cougarmon.jpg,False,0,成熟期,,4,False,False,False,True,291,2bea90ee5d340bd767ffd7d33764f0a66ff55c652267144fcb67d67ec6bc066c,True
masterblimpmon,https://digimon.net/reference/detail.php?directory_name=masterblimpmon,マスターブリンプモン,MASTERBLIMPMON,完全体,完全体,マシーン型,マシーン型,データ,データ,"・ツェッペリンサーカス
・デアデビルブレイク",https://digimon.net/cimages/digimon/masterblimpmon.jpg,False,0,完全体,,5,False,False,False,True,221,d19fe5c1bec4cbf56bc75b202bd2a2dcc1cfb9adbfe30747fccb3913365d52b0,True
hyemon,https://digimon.net/reference/detail.php?directory_name=hyemon,ハイエモン,HYEMON,成長期,成長期,獣型,獣型,データ,データ,"・カーズバイト
・リリースハウリング",https://digimon.net/cimages/digimon/hyemon.jpg,False,0,成長期,,3,False,False,False,True,301,5bc064213cf942ac49275cce462be2af9a25d8729dbd2d95c36267cfadb5df38,True
murasamemon,https://digimon.net/reference/detail.php?directory_name=murasamemon,ムラサメモン,MURASAMEMON,完全体,完全体,獣人型,獣人型,ウィルス,ウィルス,"・豪ノ斬・叢時雨（ごうのざん・むらしぐれ）
・柔ノ斬・月時雨（じゅうのざん・つきしぐれ）
・終ノ斬・哭雨（ついのざん・こくう）",https://digimon.net/cimages/digimon/murasamemon.jpg,False,0,完全体,,5,False,False,False,True,462,3f2217e9d50ee442105bd61611ba50305a58bae80fa2b4ddc477ea4a639c6734,True
wolvermon,https://digimon.net/reference/detail.php?directory_name=wolvermon,ウルヴァモン,WOLVERMON,成熟期,成熟期,サイボーグ型,サイボーグ型,ワクチン,ワクチン,"・ラピッドバースト
・スキャッターロケット
・バージャースラッシュ
・トムボーイブレイズ",https://digimon.net/cimages/digimon/wolvermon.jpg,False,0,成熟期,,4,False,False,False,True,352,31e09d3c6c73bc51d75dc795e3451acdb4c364fedb363db25c0d8b9a9a1d9dbb,True
chiropmon,https://digimon.net/reference/detail.php?directory_name=chiropmon,キロプモン,CHIROPMON,成長期,成長期,哺乳類型,哺乳類型,ウィルス,ウィルス,"・パラライズエコー
・アナライズエコー
・キュリアスアイズ
・コンデンスドエコー",https://digimon.net/cimages/digimon/chiropmon.jpg,False,0,成長期,,3,False,False,False,True,470,8b61b8e4cf67fa7747c7f1de2567121b791f42379b8de00969120ccea4ce349b,True
pristimon,https://digimon.net/reference/detail.php?directory_name=pristimon,プリスティモン,PRISTIMON,成長期,成長期,パペット型,パペット型,ワクチン,ワクチン,"・プリショット
・スタブクロー
・テイルスラップ",https://digimon.net/cimages/digimon/pristimon.jpg,False,0,成長期,,3,False,False,False,True,343,977ae9d9c66b3245c9d8b06463b449a24c966d875f19f6038f2e7bc150c8b437,True
dullahamon,https://digimon.net/reference/detail.php?directory_name=dullahamon,デュラハモン,DULLAHAMON,究極体,究極体,ゴースト型,ゴースト型,データ,データ,"・ベルシラックエッジ
・スリーピーホロウ",https://digimon.net/cimages/digimon/dullahamon.jpg,False,0,究極体,,6,False,False,False,True,258,048ef4e4e37dc793471784e8fe4cc61afa7407941e89d2cff4ab7281e53c58cc,True
gekkomon,https://digimon.net/reference/detail.php?directory_name=gekkomon,ゲッコーモン,GEKKOMON,成長期,成長期,爬虫類型,爬虫類型,データ,データ,"・スマッシュビート
・ブレイクスロー
・スイングタックル",https://digimon.net/cimages/digimon/gekkomon.jpg,False,0,成長期,,3,False,False,False,True,447,018e97fc11471607da28cb69b04ce8fc85d8f5fb1e4b659e91140d4575113cbe,True
kekkomon,https://digimon.net/reference/detail.php?directory_name=kekkomon,ケッコモン,KEKKOMON,幼年期Ⅱ,幼年期Ⅱ,レッサー型,レッサー型,,,・ビートリック,https://digimon.net/cimages/digimon/kekkomon.jpg,False,0,幼年期Ⅱ,,2,False,False,False,True,204,17a2dd290b388f7716bf3b947d896a1f9c9b63ebe4f3eba2b29464cc83696dab,True
kekomon,https://digimon.net/reference/detail.php?directory_name=kekomon,ケコモン,KEKOMON,幼年期Ⅰ,幼年期Ⅰ,スライム型,スライム型,,,・粘着性の泡,https://digimon.net/cimages/digimon/kekomon.jpg,False,0,幼年期Ⅰ,,1,False,False,False,True,110,1cd46c88a3c56b20d4986574df1b70b453fc8271a6c5704fe856c09ece16c156,True
magneticdramon,https://digimon.net/reference/detail.php?directory_name=magneticdramon,マグネティックドラモン,MAGNETICDRAMON,究極体,究極体,岩竜型,岩竜型,ウィルス,ウィルス,"・ストーンレールガン
・エレクトリックコンプレッション
・マグネティックテンペスト",https://digimon.net/cimages/digimon/magneticdramon.jpg,False,0,究極体,,6,False,False,False,True,528,cc18c5793df9fad250476de295343500acf7d5ff65e425180fca3913be476467,True
maneuvermon,https://digimon.net/reference/detail.php?directory_name=maneuvermon,マニューバモン,MANEUVERMON,完全体,完全体,獣型,獣型,ウィルス,ウィルス,"・ブルータルエアロバティック
・フォルゴーレ",https://digimon.net/cimages/digimon/maneuvermon.jpg,False,0,完全体,,5,False,False,False,True,444,8c18d47de6ec40f2bb4173aba37dc17e66014b5746b88323f787529f362adf6f,True
turbomon,https://digimon.net/reference/detail.php?directory_name=turbomon,ターボモン,TURBOMON,成熟期,成熟期,獣型,獣型,ウィルス,ウィルス,"・ブルータルホイール
・クラッシュギアスピン",https://digimon.net/cimages/digimon/turbomon.jpg,False,0,成熟期,,4,False,False,False,True,420,926e47dfc257ca6c6ef5a9d869facd1ac8b64e37a4b728d39f7080f20ab5af01,True
nyabootmon,https://digimon.net/reference/detail.php?directory_name=nyabootmon,ニャブートモン,NYABOOTMON,究極体,究極体,パペット型,パペット型,ウィルス,ウィルス,"・グラビトンネコキック
・カラバスペシャル
・秘剣キャット・ザ・ナインライブス",https://digimon.net/cimages/digimon/nyabootmon.jpg,False,0,究極体,,6,False,False,False,True,450,d3d04b6662345729adc01e58c0a7b60d87025386c0671bf1a8fccca717af1e7d,True
yihumon,https://digimon.net/reference/detail.php?directory_name=yihumon,イーフーモン,YIHUMON,究極体,究極体,獣人型,獣人型,ワクチン,ワクチン,"・斬空(ざんくう)
・刃羽颪(じんばおろし)
・窮牙嵐断襲(きゅうがらんだんしゅう)",https://digimon.net/cimages/digimon/yihumon.jpg,False,0,究極体,,6,False,False,False,True,535,6ca0ac318f0fb3d7fc4ef761c59b2ca5c03ad818efff5adeef501d0a5c53823a,True
ariemon,https://digimon.net/reference/detail.php?directory_name=ariemon,アリエモン,ARIEMON,究極体,究極体,水棲型,水棲型,データ,データ,"・絡縛藻紐（らくばくそうちゅう）
・波濤深槍（はとうしんそう）
・浄流海癒（じょうりゅうかいゆ）",https://digimon.net/cimages/digimon/ariemon.jpg,False,0,究極体,,6,False,False,False,True,446,c52d7060dc9fbfe02fea25b21286937ab7dec23f712df65efd30b797340302e7,True
skullseadramon,https://digimon.net/reference/detail.php?directory_name=skullseadramon,スカルシードラモン,SKULLSEADRAMON,完全体,完全体,アンデッド型,アンデッド型,ウィルス,ウィルス,"・サンダージャベリン
・デッドロール",https://digimon.net/cimages/digimon/skullseadramon.jpg,False,0,完全体,,5,False,False,False,True,182,3718351095b5e866ef9bcdafc48f85f6cae503cb5f7f4dc0f285137a79caff6b,True
sharkmon,https://digimon.net/reference/detail.php?directory_name=sharkmon,シャークモン,SHARKMON,完全体,完全体,サイボーグ型,サイボーグ型,ウィルス,ウィルス,"・一斉砲撃
・プルトダモン
・ファングチャージ",https://digimon.net/cimages/digimon/sharkmon.jpg,False,0,完全体,,5,False,False,False,True,196,547feeaa4ad2fc002d7ac1466ca10a4df278c70789289463c2ce86db3d1b9589,True
kaguyamon,https://digimon.net/reference/detail.php?directory_name=kaguyamon,カグヤモン,KAGUYAMON,究極体,究極体,パペット型,パペット型,データ,データ,"・武獲物語（たけとりものがたり）
・月夜之迎（つきよのむかえ）",https://digimon.net/cimages/digimon/kaguyamon.jpg,False,0,究極体,,6,False,False,False,True,506,7b498c15ab112d7ac25d711fefba1d57c9dfca9a41652e3f92dc3f9ed0ba0033,True
karakurumon,https://digimon.net/reference/detail.php?directory_name=karakurumon,カラクルモン,KARAKURUMON,完全体,完全体,パペット型,パペット型,データ,データ,"・骸繰艶舞・鉢かづき
・初瀬のおもてなし",https://digimon.net/cimages/digimon/karakurumon.jpg,False,0,完全体,,5,False,False,False,True,394,cfbab58aebe54c3214854b3d3adf385107de6728b62fb6ceb2964b4b2214fec7,True
kokeshimon,https://digimon.net/reference/detail.php?directory_name=kokeshimon,コケシモン,KOKESHIMON,成熟期,成熟期,パペット型,パペット型,データ,データ,"・ダンマクエンジュ
・キデコノイスクミ",https://digimon.net/cimages/digimon/kokeshimon.jpg,False,0,成熟期,,4,False,False,False,True,368,7b10be8eaeb95223cccc0436f8f98d86c032d563abc4a62e5c59b0ad57a59302,True
hanimon,https://digimon.net/reference/detail.php?directory_name=hanimon,ハニモン,HANIMON,成長期,成長期,パペット型,パペット型,データ,データ,"・ハニワフラッシュ
・コフンタックル",https://digimon.net/cimages/digimon/hanimon.jpg,False,0,成長期,,3,False,False,False,True,387,56c8cf9e2316aa9b83ce9a16117c3b920f6fc5480ade0d68996ed351a3eb334a,True
mockingbirdmon,https://digimon.net/reference/detail.php?directory_name=mockingbirdmon,モッキンバーモン,MOCKINGBIRDMON,完全体,完全体,マシーン型,マシーン型,ワクチン,ワクチン,"・アイアンインヘイラー
・トライエアボッツ",https://digimon.net/cimages/digimon/mockingbirdmon.jpg,False,0,完全体,,5,False,False,False,True,443,d91758c166126f087912a96990c37359f624f692c92f6af3681f4f5100ea672e,True
mulemon,https://digimon.net/reference/detail.php?directory_name=mulemon,ミュールモン,MULEMON,成熟期,成熟期,マシーン型,マシーン型,ワクチン,ワクチン,"・アイアンギャロップ
・ロデオミサイル",https://digimon.net/cimages/digimon/mulemon.jpg,False,0,成熟期,,4,False,False,False,True,416,0efb1de73447cce8cb6f959e2a07258ac8543f5cd6522259c02cc283a8554c92,True
maquinamon,https://digimon.net/reference/detail.php?directory_name=maquinamon,マキナモン,MAQUINAMON,成長期,成長期,合成型,合成型,データ,データ,・ツインバブル,https://digimon.net/cimages/digimon/maquinamon.jpg,False,0,成長期,,3,False,False,False,True,490,5029723a8b9203353ab911e5123a97c547559a523c8b7f4aea8d2e6392767a7a,True
nazhamon_crimson,https://digimon.net/reference/detail.php?directory_name=nazhamon_crimson,ナタモン：クリムゾンモード,NEZHAMON：CRIMSONMODE,究極体,究極体,サイボーグ型,サイボーグ型,データ,データ,"・斬砍双刃撃
・封神六蓮華",https://digimon.net/cimages/digimon/nazhamon_crimson.jpg,False,0,究極体,,6,False,False,False,True,435,9cc3e0682f4f4180f9b257ba6b9cca387002a2304dc99afd022433ec98bb0bbf,True
shagaramon,https://digimon.net/reference/detail.php?directory_name=shagaramon,シャガラモン,SHAGARAMON,究極体,究極体,聖竜型,聖竜型,データ,データ,"・浪濤扇（ろうとうせん）
・鹹海炸滄陣（かんかいさくそうじん）
・蒼纏龍神牙（そうてんりゅうじんが）",https://digimon.net/cimages/digimon/shagaramon.jpg,False,0,究極体,,6,False,False,False,True,437,36d0685502b80030e122ed426306fffe31b1ece2e4370fceb9db4ae25248067f,True
medusamon,https://digimon.net/reference/detail.php?directory_name=medusamon,メデューサモン,MEDUSAMON,究極体,究極体,竜人型,竜人型,ウィルス,ウィルス,"・バイティングブート
・アイズオブゴルゴーン
・レイジングサーペンタイン",https://digimon.net/cimages/digimon/medusamon.jpg,False,0,究極体,,6,False,False,False,True,415,d7e5999af2e2728c99ef66f44a135975b0026067da8feea428441a08a3442c11,True
lamiamon,https://digimon.net/reference/detail.php?directory_name=lamiamon,ラミアモン,LAMIAMON,完全体,完全体,竜人型,竜人型,ウィルス,ウィルス,"・ヴェノブレラ
・スプラッシュトキシン",https://digimon.net/cimages/digimon/lamiamon.jpg,False,0,完全体,,5,False,False,False,True,356,3cd81630250f7a5f44faed83e6da822d808820a547959cc92da5a9665e10ef33,True
necromon,https://digimon.net/reference/detail.php?directory_name=necromon,ネクロモン,NECROMON,究極体,究極体,ゴースト型,ゴースト型,ウィルス,ウィルス,"・ソウルストライカー
・アパリションレギオン",https://digimon.net/cimages/digimon/necromon.jpg,False,0,究極体,,6,False,False,False,True,439,88afcd33084c5dd2d2ac4dd5ccf7639948a8432c67e99e89a9306c9b9373f8ec,True
jougamon,https://digimon.net/reference/detail.php?directory_name=jougamon,ジョウガモン,JOUGAMON,究極体,究極体,神人型,神人型,ワクチン,ワクチン,"・墜月衝（ついげつしょう）
・蛾眉截波（がびせっぱ）
・太陰皓光（たいいんこうこう）",https://digimon.net/cimages/digimon/jougamon.jpg,False,0,究極体,,6,False,False,False,True,381,458cb01bff269fa4dc4def9b6940e83cc4893dc55237182fbcf64b66947dbc65,True
pyramidimon,https://digimon.net/reference/detail.php?directory_name=pyramidimon,ピラミディモン,PYRAMIDIMON,究極体,究極体,鉱物型,鉱物型,ウィルス,ウィルス,"・ゾフルカーブース
・アペシュイカーブ
・ラアナハムシーン",https://digimon.net/cimages/digimon/pyramidimon.jpg,False,0,究極体,,6,False,False,False,True,374,78714864f2f4532ac3227c0c1011c48b539dc9b1b04490191cb3aecad6f9c869,True
proganomon,https://digimon.net/reference/detail.php?directory_name=proganomon,プロガノモン,PROGANOMON,完全体,完全体,鉱物型,鉱物型,ウィルス,ウィルス,"・トリコンビットデモリッシャー
・ドリルエミッション",https://digimon.net/cimages/digimon/proganomon.jpg,False,0,完全体,,5,False,False,False,True,325,95a8114fce9ca7b71cead49e6bbbee21077b93e91401c185bbcfec057a9340ec,True
landramon,https://digimon.net/reference/detail.php?directory_name=landramon,ランドラモン,LANDRAMON,成熟期,成熟期,鉱物型,鉱物型,ウィルス,ウィルス,"・グラウンドスパイク
・デザートアビス",https://digimon.net/cimages/digimon/landramon.jpg,False,0,成熟期,,4,False,False,False,True,327,ac948815c759cf62d946901473487c4a4ad4be2c223146460f3cc2ba302d8ac7,True
invisimon,https://digimon.net/reference/detail.php?directory_name=invisimon,インビジモン,INVISIMON,究極体,究極体,サイボーグ型,サイボーグ型,ウィルス,ウィルス,"・インビジブルカッター
・スーパーロケットフィスト
・アルティメットブレーザー",https://digimon.net/cimages/digimon/invisimon.jpg,False,0,究極体,,6,False,False,False,True,520,b627a46baf69791e5313ba970201a3a54dc60964e247c3ebf2fd914c3a599c43,True
oblivimon,https://digimon.net/reference/detail.php?directory_name=oblivimon,オブリビモン,OBLIVIMON,完全体,完全体,サイボーグ型,サイボーグ型,ウィルス,ウィルス,"・ウェイストアブダクション
・アナイデントファイド・エアリアル・フェノメノン",https://digimon.net/cimages/digimon/oblivimon.jpg,False,0,完全体,,5,False,False,False,True,525,085bf33abc458bd039430023ffcd38cb574829511c47cb2b6f396c78fa4e687f,True
dimetromon,https://digimon.net/reference/detail.php?directory_name=dimetromon,ディメトロモン,DIMETROMON,成熟期,成熟期,爬虫類型,爬虫類型,ウィルス,ウィルス,"・ルミナスヒート
・セイリングスピン",https://digimon.net/cimages/digimon/dimetromon.jpg,False,0,成熟期,,4,False,False,False,True,274,0f3420f219a56ff37a491de929d526356fb296c8fdf345a58c50b9ed4211924f,True
ryugumon,https://digimon.net/reference/detail.php?directory_name=ryugumon,リュウグウモン,RYUGUMON,究極体,究極体,軟体型,軟体型,データ,データ,"・儀来四海招（にらいしかいしょう）
・海神之祓（わだつみのはらえ）",https://digimon.net/cimages/digimon/ryugumon.jpg,False,0,究極体,,6,False,False,False,True,399,86866d7f5c2531e7c5b5681b081026cb5035a60a0cd8a453680882401c27fdd0,True
cerunumon,https://digimon.net/reference/detail.php?directory_name=cerunumon,ケルヌモン,CERNUMON,究極体,究極体,聖獣型,聖獣型,データ,データ,"・ケルティックバインド
・スキャッターゴームグラス",https://digimon.net/cimages/digimon/cerunumon.jpg,False,0,究極体,,6,False,False,False,True,407,c3c5506ce07f8a2b6209160650c46558717aa677483f48025068e7cadc71b26e,True
marinbullmon,https://digimon.net/reference/detail.php?directory_name=marinbullmon,マリンブルモン,MARINBULLMON,完全体,完全体,軟体型,軟体型,データ,データ,"・ハイドロデモリッシャー
・トキシックスプレッド",https://digimon.net/cimages/digimon/marinbullmon.jpg,False,0,完全体,,5,False,False,False,True,415,d75ce37481e7441b3dc25a6bb5648c02058382c70a522b82c4aa22c1a0e50c6d,True
elizamon,https://digimon.net/reference/detail.php?directory_name=elizamon,エリザモン,ELIZAMON,成長期,成長期,爬虫類型,爬虫類型,ウィルス,ウィルス,"・フリルドカッター
・ヘリコプテイル",https://digimon.net/cimages/digimon/elizamon.jpg,False,0,成長期,,3,False,False,False,True,242,04bbb4c35bda546bc5994e408cd95f8aa9671b7f0dcc9c0bb2919f6c9d250494,True
nezhamon,https://digimon.net/reference/detail.php?directory_name=nezhamon,ナタモン,NEZHAMON,究極体,究極体,サイボーグ型,サイボーグ型,データ,データ,"・乾坤圏
・爆迅炎戟破",https://digimon.net/cimages/digimon/nezhamon.jpg,False,0,究極体,,6,False,False,False,True,372,e5132239e9bb1315bfacb67b94406861ec76757d09e1aa4deb9ab429f7558b48,True
dinomon,https://digimon.net/reference/detail.php?directory_name=dinomon,ダイナモン,DINOMON,究極体,究極体,恐竜型,恐竜型,ワクチン,ワクチン,"・バーニングエンド
・ダイナブレス",https://digimon.net/cimages/digimon/dinomon.jpg,False,0,究極体,,6,False,False,False,True,472,a855551380a40f78e9835743332101be864536e532574185b213e68e26a79b50,True
skadimon,https://digimon.net/reference/detail.php?directory_name=skadimon,スカーディモン,SKADIMON,究極体,究極体,氷雪型,氷雪型,ワクチン,ワクチン,"・スノースワッター
・スノーマンズダンス
・レイジングアバランチ",https://digimon.net/cimages/digimon/skadimon.jpg,False,0,究極体,,6,False,False,False,True,497,87138818d06886e3282d575d5f68f8d91f4675b5597c69d415cba1c0a49451bb,True
polarbearmon,https://digimon.net/reference/detail.php?directory_name=polarbearmon,ポーラーベアモン,POLARBEARMON,完全体,完全体,氷雪型,氷雪型,ワクチン,ワクチン,"・コークスクリューキック
・ウィンターガナリー",https://digimon.net/cimages/digimon/polarbearmon.jpg,False,0,完全体,,5,False,False,False,True,346,d4986aeba1d683c7212c99535e1b7caa3a647dbe510afd9bb7ef37d824449013,True
erlangmon_blast,https://digimon.net/reference/detail.php?directory_name=erlangmon_blast,イーランモン：ブラストモード,ERLANGMON：BLASTMODE,究極体,究極体,神人型,神人型,ワクチン,ワクチン,"・万象逸貫
・天眼顕聖",https://digimon.net/cimages/digimon/erlangmon_blast.jpg,False,0,究極体,,6,False,False,False,True,409,fe7c3b2cb24c680ddafd9a3c205da6e89635d5559fff7f598283936a96af2314,True
queenbeemon,https://digimon.net/reference/detail.php?directory_name=queenbeemon,クイーンビーモン,QUEENBEEMON,究極体,究極体,サイボーグ型,サイボーグ型,ウィルス,ウィルス,"・アクセルスティンガー
・ホーネットイレイザー",https://digimon.net/cimages/digimon/queenbeemon.jpg,True,1,究極体,,6,True,False,False,True,485,65e51735db67ed08c31894200077f5991d4e209691604065f21edfd6cd0b3dc5,True
vespamon,https://digimon.net/reference/detail.php?directory_name=vespamon,ヴェスパモン,VESPAMON,完全体,完全体,サイボーグ型,サイボーグ型,ウィルス,ウィルス,"・マッハスティンガー
・ビーファランクス",https://digimon.net/cimages/digimon/vespamon.jpg,False,0,完全体,,5,True,False,False,True,340,238a94ebce50fbfa7e49ea599b3d4d762d54c1cd95b7b59ba39c06b4f95f3216,True
forgebeemon,https://digimon.net/reference/detail.php?directory_name=forgebeemon,フォージビーモン,FORGEBEEMON,成熟期,成熟期,サイボーグ型,サイボーグ型,ウィルス,ウィルス,"・トルクスティンガー
・バンブルウェルダー",https://digimon.net/cimages/digimon/forgebeemon.jpg,False,0,成熟期,,4,True,False,False,True,351,892cb358b1a593583e6fd5a62312f0442455365ec6f08aa338f24accdfd7d435,True
heavymetaldramon,https://digimon.net/reference/detail.php?directory_name=heavymetaldramon,ヘヴィーメタルドラモン,HEAVYMETALDRAMON,究極体,究極体,邪竜型,邪竜型,ウィルス,ウィルス,"・ブラックサバス
・ブルーマーダーフレイム",https://digimon.net/cimages/digimon/heavymetaldramon.jpg,False,0,究極体,,6,False,False,False,True,490,11ab8ddbfdc98a155c833881741b56a7b3471a80c3b3de662eaf372e8f72d635,True
loudmon,https://digimon.net/reference/detail.php?directory_name=loudmon,ラウドモン,LOUDMON,完全体,完全体,サイボーグ型,サイボーグ型,ウィルス,ウィルス,"・メタリカエッジ
・ディープパープルブラスター",https://digimon.net/cimages/digimon/loudmon.jpg,False,0,完全体,,5,False,False,False,True,454,683af804dde3f7b2f4c46ff4d3165fe1a2f08ed4ea7150b9a9def3603dcfd3c5,True
punkmon,https://digimon.net/reference/detail.php?directory_name=punkmon,パンクモン,PUNKMON,成熟期,成熟期,魔竜型,魔竜型,ウィルス,ウィルス,"・ブリッツクリーグバップ
・アナーキストフレイム",https://digimon.net/cimages/digimon/punkmon.jpg,False,0,成熟期,,4,False,False,False,True,393,050c2475b6aced78940853b4fa672e653930800f8f9eef69c7908eb08f7819d1,True
takutoumon_wrath,https://digimon.net/reference/detail.php?directory_name=takutoumon_wrath,タクトウモン：ラースモード,TAKUTOUMON：WRATHMODE,究極体,究極体,神人型,神人型,ワクチン,ワクチン,"・龍閃乱撃
・毘沙門八極殲陣",https://digimon.net/cimages/digimon/takutoumon_wrath.jpg,False,0,究極体,,6,False,False,False,True,410,e39680d38a4f2022188fcabda53fbb709449c9eb8e2479e9b62cd3b380bba641,True
erlangmon,https://digimon.net/reference/detail.php?directory_name=erlangmon,イーランモン,ERLANGMON,究極体,究極体,神人型,神人型,ワクチン,ワクチン,"・鷹尖円舞
・招来・哮天犬",https://digimon.net/cimages/digimon/erlangmon.jpg,False,0,究極体,,6,False,False,False,True,484,e3084f90feb0c072638665b5d0d984bb5b6d57fd7f409f094d28e2c702657867,True
cendrillmon,https://digimon.net/reference/detail.php?directory_name=cendrillmon,サンドリモン,CENDRILLMON,究極体,究極体,パペット型,パペット型,ウィルス,ウィルス,"・マリッジストライク
・ノーブルファミリアーツ
・プリズムデイトブレイク",https://digimon.net/cimages/digimon/cendrillmon.jpg,False,0,究極体,,6,False,False,False,True,488,fe82395bbc03894e89ddd446bc888108e5d9a2ceaf92e66d0af040037cfea25b,True
chaperomon,https://digimon.net/reference/detail.php?directory_name=chaperomon,シャペロモン,CHAPEROMON,完全体,完全体,パペット型,パペット型,ウィルス,ウィルス,"・アップルフォーユー
・クリムゾンリッパー
・マーシーバスケット",https://digimon.net/cimages/digimon/chaperomon.jpg,False,0,完全体,,5,False,False,False,True,445,5f3dae12af3a21da0d22db8758d3aa59b20d200fd726e08fa2238272dd68079b,True
zephagamon,https://digimon.net/reference/detail.php?directory_name=zephagamon,ゼファーガモン,ZEPHAGAMON,究極体,究極体,魔法騎士型,魔法騎士型,データ,データ,"・ゲイルブレイバー
・アネモイエンブレイス
・ディバインテンペスト",https://digimon.net/cimages/digimon/zephagamon.jpg,False,0,究極体,,6,False,False,False,True,400,f6b12189ba369aa6a80425164974277233397f2fd6d1c7adff056c4b96763636,True
grandgalemon,https://digimon.net/reference/detail.php?directory_name=grandgalemon,グランゲイルモン,GRANDGALEMON,完全体,完全体,鳥竜型,鳥竜型,データ,データ,"・ドラゴニックストーム
・ウィングトルネード",https://digimon.net/cimages/digimon/grandgalemon.jpg,False,0,完全体,,5,False,False,False,True,414,3d0400d224b386b1c0927676531e696725bdd0b8a84692390736ee20fd0161da,True
fluffymon,https://digimon.net/reference/detail.php?directory_name=fluffymon,フラフィモン,FLUFFYMON,幼年期Ⅱ,幼年期Ⅱ,小鳥型,小鳥型,,,・バーディーヘッド,https://digimon.net/cimages/digimon/fluffymon.jpg,False,0,幼年期Ⅱ,,2,False,False,False,True,140,7c42c117e3ad22d83fc5d5eda1b33e5a7b81061a69f3fbdba550119f9fb5d5b6,True
yolkmon,https://digimon.net/reference/detail.php?directory_name=yolkmon,ヨークモン,YOLKMON,幼年期Ⅰ,幼年期Ⅰ,スライム型,スライム型,,,・泡,https://digimon.net/cimages/digimon/yolkmon.jpg,False,0,幼年期Ⅰ,,1,False,False,False,True,134,7433917d49caf80e5bed4680a4097ea9f99380ad2c0b8862b7c7b4a6ae80d49b,True
callismon,https://digimon.net/reference/detail.php?directory_name=callismon,カリスモン,CALLISMON,究極体,究極体,魔獣型,魔獣型,ウィルス,ウィルス,"・ディープフォレスト
・ロデオバレット",https://digimon.net/cimages/digimon/callismon.jpg,False,0,究極体,,6,False,False,False,True,280,7260afcf335a92a5bd95738981bec8b4fd1467c9ed0f055e37c80b1f1d543498,True
tlalocmon,https://digimon.net/reference/detail.php?directory_name=tlalocmon,トラロックモン,TLALOCMON,究極体,究極体,鉱物型,鉱物型,データ,データ,"・ネトティリズトリ
・ナウイキアウィトル",https://digimon.net/cimages/digimon/tlalocmon.jpg,False,0,究極体,,6,False,False,False,True,337,f4babea54f702a951c5b29ff070b0b1f6903601eb6e0b9e50a141390b977edf4,True
shoeshoemon,https://digimon.net/reference/detail.php?directory_name=shoeshoemon,シューシューモン,SHOESHOEMON,成熟期,成熟期,パペット型,パペット型,ウィルス,ウィルス,"・ローリングストンパー
・ドングリボム",https://digimon.net/cimages/digimon/shoeshoemon.jpg,False,0,成熟期,,4,False,False,False,True,308,8d67e6b9a5fe9784a1d4836833162cdbcda82b28c851a735fcaa67eafb8177d1,True
shoemon,https://digimon.net/reference/detail.php?directory_name=shoemon,シューモン,SHOEMON,成長期,成長期,パペット型,パペット型,ウィルス,ウィルス,"・ワンダーストンプ
・プチニードル",https://digimon.net/cimages/digimon/shoemon.jpg,False,0,成長期,,3,False,False,False,True,321,7d8438cbb61aa6b60323716fd92fdfb8ab25f86c13c05e1891f38e3e95bcc510,True
galemon,https://digimon.net/reference/detail.php?directory_name=galemon,ゲイルモン,GALEMON,成熟期,成熟期,鳥竜型,鳥竜型,データ,データ,"・ハリケーンスライサー
・トルネードスロワー",https://digimon.net/cimages/digimon/galemon.jpg,False,0,成熟期,,4,False,False,False,True,330,5163155c303c156487123d667dc217c6cf00eaef1aa4c6185d2eddc070a8e0d9,True
pteromon,https://digimon.net/reference/detail.php?directory_name=pteromon,プテロモン,PTEROMON,成長期,成長期,鳥竜型,鳥竜型,データ,データ,"・ウィンドスライサー
・ランブルクロー",https://digimon.net/cimages/digimon/pteromon.jpg,False,0,成長期,,3,False,False,False,True,271,e42da21440ba0a048481744cbab8c51387f4d66675f67acca6a074d115228b82,True
takutoumon,https://digimon.net/reference/detail.php?directory_name=takutoumon,タクトウモン,TAKUTOUMON,究極体,究極体,神人型,神人型,ワクチン,ワクチン,"・天星斬
・鉄天摧砕",https://digimon.net/cimages/digimon/takutoumon.jpg,False,0,究極体,,6,False,False,False,True,460,7da40892c2c2419f9096c261c33a977cac0f66edea522bd1a90834b0cd64e23d,True
fenriloogamon_takemikazuchi,https://digimon.net/reference/detail.php?directory_name=fenriloogamon_takemikazuchi,フェンリルガモン：建御雷神(タケミカヅチ),FENRILOOGAMON：TAKEMIKAZUCHI,究極体,究極体,魔獣型,魔獣型,ウィルス,ウィルス,"・終極戦刃建御雷神（シュウキョクセンジンタケミカヅチ）
・絶極舞刀建御雷神（ゼツゴクブトウタケミカヅチ）",https://digimon.net/cimages/digimon/fenriloogamon_takemikazuchi.jpg,False,0,究極体,,6,True,False,False,True,362,d318e00a4d30aeca1dff0d7e6bc154fabe5e5f2f7993a7b84f86b85b4e7cb211,True
bigukkomon,https://digimon.net/reference/detail.php?directory_name=bigukkomon,ビッグウッコモン,BIGUKKOMON,究極体,究極体,古代妖精型,古代妖精型,フリー,フリー,・ヴァイオレントパニッシャー,https://digimon.net/cimages/digimon/bigukkomon.jpg,False,0,究極体,,6,False,False,False,True,255,e9a3cf368d5b8b8b6b8d89d06b76353633506816c0d069c70aa73b5def4605c1,True
ukkomon,https://digimon.net/reference/detail.php?directory_name=ukkomon,ウッコモン,UKKOMON,成長期,成長期,古代妖精型,古代妖精型,フリー,フリー,"・ワールプールスピン
・ライアードリーム",https://digimon.net/cimages/digimon/ukkomon.jpg,False,0,成長期,,3,False,False,False,True,218,f3a9f149aafbae3561dd683a6df48594f19d91e0d30c9fd8df5b528aecb8fc18,True
dijiangmon,https://digimon.net/reference/detail.php?directory_name=dijiangmon,ディージャンモン,DIJIANGMON,究極体,究極体,突然変異型,突然変異型,ウィルス,ウィルス,"・凶旋壊（きょうせんかい）
・咒煉衝刻（じゅれんしょうこく）
・渾沌亜空虚（こんとんあくうきょ）",https://digimon.net/cimages/digimon/dijiangmon.jpg,False,0,究極体,,6,False,False,False,True,376,facd6305590f0617ef6c99d3783ed7c2eff03090413d690fd79d1950be7ed4ff,True
xingtianmon,https://digimon.net/reference/detail.php?directory_name=xingtianmon,シンテンモン,XINGTIANMON,完全体,完全体,鬼人型,鬼人型,ウィルス,ウィルス,"・斧乗炎怒（ふじょうえんど）
・盾射轟哀（じゅんせきごうあい）
・雷鬧（らいどう)",https://digimon.net/cimages/digimon/xingtianmon.jpg,False,0,完全体,,5,False,False,False,True,279,36d0852691537da090a956dfe2581cbe494b383668f103566dc9689e951f4774,True
lianpumon,https://digimon.net/reference/detail.php?directory_name=lianpumon,リェンフーモン,LIANPUMON,成熟期,成熟期,突然変異型,突然変異型,データ,データ,"・鉄壁相（てっぺきのそう）
・献身相（けんしんのそう）
・九種九面撃（きゅうしゅきゅうめんげき）",https://digimon.net/cimages/digimon/lianpumon.jpg,False,0,成熟期,,4,False,False,False,True,433,b2cca804b9a3ae2e11a696509cd09bab9cd8eca72601edb6ee17d911e1551c53,True
dominimon,https://digimon.net/reference/detail.php?directory_name=dominimon,ドミニモン,DOMINIMON,究極体,究極体,主天使型,主天使型,ワクチン,ワクチン,"・ファイナルエクスキャリバー
・ゼロヘブンズ
・ディヴォーションフィールド",https://digimon.net/cimages/digimon/dominimon.jpg,False,0,究極体,,6,False,False,False,True,338,4336f802455da2e2b4222d14bc361824dca5114dd5b6e6185d15383262517755,True
arkhaiangemon,https://digimon.net/reference/detail.php?directory_name=arkhaiangemon,アルケーエンジェモン,ARKHAIANGEMON,完全体,完全体,権天使型,権天使型,ワクチン,ワクチン,"・セイントレギオン
・ヘブンズフレイム
・ブレイブオーラ",https://digimon.net/cimages/digimon/arkhaiangemon.jpg,False,0,完全体,,5,False,False,False,True,398,1c642558ff43641de24220fb29a3ae6d3b661d3739f1d3486869c8cdd36be95a,True
luxmon,https://digimon.net/reference/detail.php?directory_name=luxmon,ルクスモン,LUXMON,成長期,成長期,天使型,天使型,ワクチン,ワクチン,"・ピコナックル
・クラウドバリア",https://digimon.net/cimages/digimon/luxmon.jpg,False,0,成長期,,3,False,False,False,True,248,17ce5e645ee698dc168f7615dc89a100837690ea37e18d38fb63a29450b2dadc,True
huanglongmon_ruin,https://digimon.net/reference/detail.php?directory_name=huanglongmon_ruin,ファンロンモン：ルインモード,HUANGLONGMON: RUIN MODE,究極体,究極体,神獣型,神獣型,NO DATA,NO DATA,"・無極
・晦冥葬",https://digimon.net/cimages/digimon/huanglongmon_ruin.jpg,False,0,究極体,,6,False,False,False,True,196,7f077c8fba6286e13230bc6ca84c9c96eb7e6a4d7e06bc1e6a0635d3c0936754,True
moonmon,https://digimon.net/reference/detail.php?directory_name=moonmon,ムンモン,MOONMON,幼年期Ⅱ,幼年期Ⅱ,レッサー型,レッサー型,,,・ムーンライトバブル,https://digimon.net/cimages/digimon/moonmon.jpg,False,0,幼年期Ⅱ,,2,False,False,False,True,134,42bfbbce1bded345b00ea6b29b4714f8846708fb81b13b7860374c305766e103,True
sunmon,https://digimon.net/reference/detail.php?directory_name=sunmon,サンモン,SUNMON,幼年期Ⅱ,幼年期Ⅱ,レッサー型,レッサー型,,,・サンライトバブル,https://digimon.net/cimages/digimon/sunmon.jpg,False,0,幼年期Ⅱ,,2,False,False,False,True,127,4cc7d07dfd137e13f8a5b26ac681a2b2f825c1a5021465e65cfa30cd8eb5b068,True
brigadramon,https://digimon.net/reference/detail.php?directory_name=brigadramon,ブリガードラモン,BRIGADRAMON,究極体,究極体,サイボーグ型,サイボーグ型,ウィルス,ウィルス,"・ジェノサイドレイン
・エクサデストロイヤー",https://digimon.net/cimages/digimon/brigadramon.jpg,False,0,究極体,,6,False,False,False,True,521,c21b8f47bad2a7305007767639b0deb4b76f489983b1a696bde9ad7229114842,True
hi-commandramon,https://digimon.net/reference/detail.php?directory_name=hi-commandramon,ハイコマンドラモン,HI-COMMANDRAMON,成熟期,成熟期,サイボーグ型,サイボーグ型,ウィルス,ウィルス,"・DCDグレネード
・デストロイチャージ",https://digimon.net/cimages/digimon/hi-commandramon.jpg,False,0,成熟期,,4,False,False,False,True,318,728d96992a520cdc652be2a3c14fe934acba0ef3a59bad4cf521dafb0ab29147,True
fenriloogamon,https://digimon.net/reference/detail.php?directory_name=fenriloogamon,フェンリルガモン,FENRILOOGAMON,究極体,究極体,魔獣型,魔獣型,ウィルス,ウィルス,"・ラグナロクハウリング
・ヨトゥンヘイムゲイル
・フローズヴィトニル",https://digimon.net/cimages/digimon/fenriloogamon.jpg,False,0,究極体,,6,True,False,False,True,395,cb303a7fa3755f52125769cecd962e179400a9ed4b4948c3637c5248dc0e8846,True
helloogarmon,https://digimon.net/reference/detail.php?directory_name=helloogarmon,ヘルガルモン,HELLOOGARMON,完全体,完全体,魔獣型,魔獣型,ウィルス,ウィルス,"・ハウリングバースト
・インフェルノクロー
・ハティエンブレイス",https://digimon.net/cimages/digimon/helloogarmon.jpg,False,0,完全体,,5,True,False,False,True,331,56fe60a606184c7610386a9d2f7a12fd45231c62ae8eac0b4dc1f178ca51e5b8,True
soloogarmon,https://digimon.net/reference/detail.php?directory_name=soloogarmon,ソルガルモン,SOLOOGARMON,完全体,完全体,魔獣型,魔獣型,ウィルス,ウィルス,"・プロミネンスレーザー
・イラプションハウリング
・スコルレイジ",https://digimon.net/cimages/digimon/soloogarmon.jpg,False,0,完全体,,5,True,False,False,True,439,1b349efe8e09147da5934b38a9920ba5640feeb29c4423f638b51b266f8e0abf,True
cargodramon,https://digimon.net/reference/detail.php?directory_name=cargodramon,カーゴドラモン,CARGODRAMON,完全体,完全体,マシーン型,マシーン型,ウィルス,ウィルス,"・サプレッションストライク
・スローターブレード",https://digimon.net/cimages/digimon/cargodramon.jpg,False,0,完全体,,5,False,False,False,True,402,dfee46930408f99c0c4f693b59177748fe5d22aacc3b7c23bd6e4c171c956bd4,True
loogarmon,https://digimon.net/reference/detail.php?directory_name=loogarmon,ルガルモン,LOOGARMON,成熟期,成熟期,魔獣型,魔獣型,ウィルス,ウィルス,"・ハウリングバーナー
・フレイムブロウ",https://digimon.net/cimages/digimon/loogarmon.jpg,False,0,成熟期,,4,True,False,False,True,252,b27a1194e732b34cc1696957765f614b1d70d00ec28546908df9d495e75050f8,True
bowmon,https://digimon.net/reference/detail.php?directory_name=bowmon,バウモン,BOWMON,幼年期Ⅱ,幼年期Ⅱ,レッサー型,レッサー型,,,・パピースパーク,https://digimon.net/cimages/digimon/bowmon.jpg,False,0,幼年期Ⅱ,,2,True,False,False,True,188,c3224dd64a15dcb3283c9802ae52424efc0496719e550b3f294ce3663175ee74,True
fusamon,https://digimon.net/reference/detail.php?directory_name=fusamon,フサモン,FUSAMON,幼年期Ⅰ,幼年期Ⅰ,スライム型,スライム型,,,・パピーノイズ,https://digimon.net/cimages/digimon/fusamon.jpg,False,0,幼年期Ⅰ,,1,True,False,False,True,110,33ddcb479410eab6d083de848a526350bc4d9b76b8ff5280b17cc4443708f10f,True
quantumon,https://digimon.net/reference/detail.php?directory_name=quantumon,クオンタモン,QUANTUMON,究極体,究極体,妖精型,妖精型,データ,データ,"・アンリミテッドジャーニー
・ヘイジータイム",https://digimon.net/cimages/digimon/quantumon.jpg,False,0,究極体,,6,False,False,False,True,325,e92076a87152be831ab417cec5c5980f3e8fa7a668c8751947406fdd3cfb61cc,True
loogamon,https://digimon.net/reference/detail.php?directory_name=loogamon,ルガモン,LOOGAMON,成長期,成長期,魔獣型,魔獣型,ウィルス,ウィルス,"・ハウリングファイア
・スパイラルバイト",https://digimon.net/cimages/digimon/loogamon.jpg,False,0,成長期,,3,True,False,False,True,312,fbc59d39305dca282ebe4ba61a4f7c2281d5c6b54f5430eb9930e0bb58a73f96,True
proximamon,https://digimon.net/reference/detail.php?directory_name=proximamon,プロキシマモン,PROXIMAMON,究極体,究極体,特異型,特異型,ウィルス,ウィルス,"・エクスティンクションクラウド
・ライトオブリクリエイション",https://digimon.net/cimages/digimon/proximamon.jpg,False,0,究極体,,6,False,False,False,True,434,ca6e0f8276872691363f28209bc4b8560824f5791699d31c2189864d633c01bb,True
arcturusmon,https://digimon.net/reference/detail.php?directory_name=arcturusmon,アルクトゥルスモン,ARCTURUSMON,究極体,究極体,竜人型,竜人型,ウィルス,ウィルス,"・ブラックデス
・ブラックコンフェッション",https://digimon.net/cimages/digimon/arcturusmon.jpg,False,0,究極体,,6,False,False,False,True,457,607b090d38e89360f8bbd6b50f010314aa0d78dcd0457b73fd9658cf3661ea55,True
greyknightsmon,https://digimon.net/reference/detail.php?directory_name=greyknightsmon,グレイナイツモン,GREYKNIGHTSMON,"究極体
(クロスウォーズ)","究極体
(クロスウォーズ)",暗黒騎士型,暗黒騎士型,ウィルス,ウィルス,"・ギガーススパイラル
・ヘルインシネレート
・デスデストロイヤー",https://digimon.net/cimages/digimon/greyknightsmon.jpg,False,0,究極体,クロスウォーズ,6,False,False,False,True,186,9527fb2ca12ce3f479b14fed8fd2f17cb75a92cf2a71ecfb1d1740ffe2a21883,True
zanmetsumon,https://digimon.net/reference/detail.php?directory_name=zanmetsumon,ザンメツモン,ZANMETSUMON,完全体,完全体,獣竜型,獣竜型,ウィルス,ウィルス,"・伍連断霊斬（ごれんだんれいざん）
・伍重螺旋断（ごじゅうらせんだち）
・獄門縛（ごくもんしばり）",https://digimon.net/cimages/digimon/zanmetsumon.jpg,False,0,完全体,,5,False,False,False,True,275,f9cf7ab7982de2402a862596067e8bb60fe0a393bef4e5ad296f6a3782efb60f,True
bombermon,https://digimon.net/reference/detail.php?directory_name=bombermon,ボマーモン,BOMBERMON,完全体,完全体,突然変異型,突然変異型,ウィルス,ウィルス,"・コンボブラスト
・リミットエクスプロージョン",https://digimon.net/cimages/digimon/bombermon.jpg,False,0,完全体,,5,False,False,False,True,343,3c265a68ec759a2f7e688ca96f08ebf694180a834655a354d8836e2d50a9c806,True
ghilliedhumon,https://digimon.net/reference/detail.php?directory_name=ghilliedhumon,ギリードゥモン,GHILLIEDHUMON,完全体,完全体,妖精型,妖精型,データ,データ,"・トゥルーアイズ
・コアシュート",https://digimon.net/cimages/digimon/ghilliedhumon.jpg,False,0,完全体,,5,False,False,False,True,311,66d825dacb9b2667e1520aceed8eaff54aed740e6833de955df41aedeaf52554,True
fumamon,https://digimon.net/reference/detail.php?directory_name=fumamon,フウマモン,FUMAMON,完全体,完全体,サイボーグ型,サイボーグ型,データ,データ,"・燕（つばくろ）
・舎利弗（しゃりほつ）
・黄泉戻（よみもどし）",https://digimon.net/cimages/digimon/fumamon.jpg,False,0,完全体,,5,False,False,False,True,356,18943597f81b2fd4065ace1f118779844ef86c95579013dd6ae991299a1c028c,True
cthyllamon,https://digimon.net/reference/detail.php?directory_name=cthyllamon,クティーラモン,CTHYLLAMON,究極体,究極体,妖精型,妖精型,ウィルス,ウィルス,"・バッカルラッシュ
・オーシャンヘル
・アクアグラインダー",https://digimon.net/cimages/digimon/cthyllamon.jpg,False,0,究極体,,6,False,False,False,True,361,c9d07938798fccbbfc85145cd20ee77a1c8806a263b0f72771f7f02c8e231f19,True
regulusmon,https://digimon.net/reference/detail.php?directory_name=regulusmon,レグルスモン,REGULUSMON,完全体,完全体,邪竜型,邪竜型,ウィルス,ウィルス,"・カリプバイト
・ゲニアス
・デッドエンドスパイク
・グラントレース",https://digimon.net/cimages/digimon/regulusmon.jpg,False,0,完全体,,5,False,False,False,True,352,ee711a99cde565cdf9c331a1260c2983b5f7d67b0330ea26f7bba66470049c24,True
ragnamon,https://digimon.net/reference/detail.php?directory_name=ragnamon,ラグナモン,RAGNAMON,究極体,究極体,不明,不明,不明,不明,"・ラグナロク・キャノン
・ギムレットガン
・スペイザー
・シャトルシザーズ
・サテライトバスター
・フュージョナイズ",https://digimon.net/cimages/digimon/ragnamon.jpg,False,0,究極体,,6,False,False,False,True,293,5bc4b073cd63a40f1f41c2be21ab85f3d935e33c1dc0ea66206a3af3b9918cb3,True
destromon,https://digimon.net/reference/detail.php?directory_name=destromon,デストロモン,DESTROMON,完全体,完全体,不明,不明,不明,不明,"・3連装砲
・ジャガーノートブラスト
・ロングレンジバスターキャノン
・フュージョナイズ",https://digimon.net/cimages/digimon/destromon.jpg,False,0,完全体,,5,False,False,False,True,165,aad58b227fd40d4152d2df88b6daa718b302c029d8026810a247856805e31f0f,True
snatchmon,https://digimon.net/reference/detail.php?directory_name=snatchmon,スナッチモン,SNATCHMON,成熟期,成熟期,不明,不明,不明,不明,"・ルインレーザー
・トゥースピア
・フュージョナイズ",https://digimon.net/cimages/digimon/snatchmon.jpg,False,0,成熟期,,4,False,False,False,True,186,196195df1301a1f86003e5dee59c41ae9ea1d147a14c28af67aa09871f6d81d3,True
bemmon,https://digimon.net/reference/detail.php?directory_name=bemmon,ベムモン,VEMMON,成長期,成長期,不明,不明,不明,不明,"・メッサークロー
・フュージョナイズ",https://digimon.net/cimages/digimon/bemmon.jpg,False,0,成長期,,3,False,False,False,True,97,97af220343cf0a425266a20c701cd5a90606ff83eb83871ef5f1166150b53ae7,True
baalmon_x,https://digimon.net/reference/detail.php?directory_name=baalmon_x,バアルモン（X抗体）,BAALMON_X,完全体,完全体,魔人型,魔人型,フリー,フリー,"・トゥーリブラスト
・ザイカミウチ
・アブソマーク",https://digimon.net/cimages/digimon/baalmon_x.jpg,False,0,完全体,,5,True,False,False,True,574,79ac7b544432ad3e49c17b5b5b6acac6edc4bdd4cead7fa7ac70e7f4075a1442,True
amphimon,https://digimon.net/reference/detail.php?directory_name=amphimon,アンフィモン,AMPHIMON,究極体,究極体,サイボーグ型,サイボーグ型,データ,データ,"・クリスタルフリーザー
・アクアザンバー
・ライバーンブレイク
・アンブレディフェンダー",https://digimon.net/cimages/digimon/amphimon.jpg,False,0,究極体,,6,False,False,False,True,358,3d9735695852cf665b8f1a316592f93129b51c0eaa1d15b3bda7c521987f5f3d,True
diarbbitmon,https://digimon.net/reference/detail.php?directory_name=diarbbitmon,ディルビットモン,DIARBBITMON,究極体,究極体,獣騎士型,獣騎士型,ワクチン,ワクチン,"・トラスゲイン
・ボルジャーグ
・バックストラッシュ",https://digimon.net/cimages/digimon/diarbbitmon.jpg,False,0,究極体,,6,False,False,False,True,288,9988abe04b0be9deacf7586b75aeaa5f8d8dd77ccf50af58272762741ac284af,True
siriusmon,https://digimon.net/reference/detail.php?directory_name=siriusmon,シリウスモン,SIRIUSMON,究極体,究極体,光竜型,光竜型,ワクチン,ワクチン,"・フォトンブラスター
・コスモブレード
・ブレイクエーサー
・プラネイトナックル",https://digimon.net/cimages/digimon/siriusmon.jpg,False,0,究極体,,6,False,False,False,True,364,2282a03c503d356cae23de02a34c0c643d4e81f13240eb392b757473f3fbbcce,True
shinegreymon_ruin,https://digimon.net/reference/detail.php?directory_name=shinegreymon_ruin,シャイングレイモン： ルインモード,SHINEGREYMON： RUINMODE,究極体,究極体,光竜型,光竜型,ワクチン,ワクチン,"・コロナブレイズソード
・ファイナルシャイニングバースト
・トリッドヴァイス",https://digimon.net/cimages/digimon/shinegreymon_ruin.jpg,False,0,究極体,,6,False,False,False,True,175,1fc21290d8dcd8020a2fe7dc5db6bccf4441adb48f04ad290d0e070869cae547,True
chamblemon,https://digimon.net/reference/detail.php?directory_name=chamblemon,シャンブルモン,CHAMBLEMON,成熟期,成熟期,植物型,植物型,ウィルス,ウィルス,"・スイーポア
・シャンピオン・ボム",https://digimon.net/cimages/digimon/chamblemon.jpg,False,0,成熟期,,4,False,False,False,True,205,37d530b882d93cac5a1fb3cb09194a8f403cf51b091443e47b0a90968ccac289,True
publimon,https://digimon.net/reference/detail.php?directory_name=publimon,パブリモン,PUBLIMON,成熟期,成熟期,突然変異型,突然変異型,データ,データ,"・デュアルプレッサー
・ジュークラック",https://digimon.net/cimages/digimon/publimon.jpg,False,0,成熟期,,4,False,False,False,True,249,0b9589bc245f47e1dd3ee895a0a1683da0ca49d71264a052295a7c5ab4c85286,True
oleamon,https://digimon.net/reference/detail.php?directory_name=oleamon,オウリアモン,OLEAMON,完全体,完全体,食虫植物型,食虫植物型,ウィルス,ウィルス,"・ジャミール
・リーフレッド",https://digimon.net/cimages/digimon/oleamon.jpg,False,0,完全体,,5,False,False,False,True,233,2347d21bc157a791c1a7aba2edd422a9aa402698274e218188d4e7d70403f58e,True
huankunmon,https://digimon.net/reference/detail.php?directory_name=huankunmon,ファンクンモン,HUANKUNMON,完全体,完全体,水棲型,水棲型,ワクチン,ワクチン,"・孤籠泡（ころうほう）
・冰乱結突（ひょうらんけっとつ）
・潮流旋禍（ちょうりゅうせんか）",https://digimon.net/cimages/digimon/huankunmon.jpg,False,0,完全体,,5,False,False,False,True,370,5dc9298b737760fcb4a7cd99f224bbdd2b85dc6295bc8939ca4f25c88c581a69,True
xiangpengmon,https://digimon.net/reference/detail.php?directory_name=xiangpengmon,シャンポンモン,XIANGPENGMON,究極体,究極体,聖鳥型,聖鳥型,ワクチン,ワクチン,"・雷煌鞭（らいこうべん）
・神碎牙（しんさいが）
・天星壊海（てんせいかいかい）",https://digimon.net/cimages/digimon/xiangpengmon.jpg,False,0,究極体,,6,False,False,False,True,432,97ed496778217946585209f153fac32690d76d36b1014595dd2641377fd26ece,True
xiquemon,https://digimon.net/reference/detail.php?directory_name=xiquemon,シーチューモン,XIQUEMON,成熟期,成熟期,鳥型,鳥型,ワクチン,ワクチン,"・瀑閃（ばくせん）
・魚流炮（ぎょりゅうほう）
・冰凍爪（ひょうとうそう）",https://digimon.net/cimages/digimon/xiquemon.jpg,False,0,成熟期,,4,False,False,False,True,464,6a9610ff39ace529d2a1d050f8b91164686b03bc84021fb821da159a158f2ed3,True
imperialdramonfightermode_vi,https://digimon.net/reference/detail.php?directory_name=imperialdramonfightermode_vi,インペリアルドラモン：ファイターモード（黒）,IMPERIALDRAMON： FIGHTERMODE（BLACK）,究極体,究極体,古代竜人型,古代竜人型,ウィルス,ウィルス,"・ポジトロンレーザー
・ギガデス
・ポジトロンレーザーランス",https://digimon.net/cimages/digimon/imperialdramonfightermode_vi.jpg,False,0,究極体,,6,False,False,False,True,261,42537307c3f42742d26f1e8df583cf366a91f073ab98938270c821e78d798e7b,True
greymon_blue_x,https://digimon.net/reference/detail.php?directory_name=greymon_blue_x,グレイモン（青）（X抗体）,GREYMON_BLUE_X,成熟期,成熟期,恐竜型,恐竜型,ウィルス,ウィルス,"・メガバースト
・ブレイダーテイル",https://digimon.net/cimages/digimon/greymon_blue_x.jpg,False,0,成熟期,,4,True,False,False,True,275,ce29d913fcb6dbde0863be94e9fa29446d0269dbd992472baebd542e7a2793e9,True
oboromon,https://digimon.net/reference/detail.php?directory_name=oboromon,オボロモン,OBOROMON,完全体,完全体,アンデッド型,アンデッド型,ウィルス,ウィルス,"・千万ノ太刀（ちよろずのたち）
・羅焼門（らしょうもん）
・幽玄（ゆうげん）",https://digimon.net/cimages/digimon/oboromon.jpg,False,0,完全体,,5,False,False,False,True,370,688abba7b99157231046c496c63bef73d3a23e9b7a3e8c7505e0ccb8e8a0d863,True
gyukimon,https://digimon.net/reference/detail.php?directory_name=gyukimon,ギュウキモン,GYUKIMON,完全体,完全体,魔獣型,魔獣型,ウィルス,ウィルス,"・八束染縛（やつかせんばく）
・魔塵瓢箪（まじんびょうたん）
・千砲土蜘蛛（せんほうつちぐも）",https://digimon.net/cimages/digimon/gyukimon.jpg,False,0,完全体,,5,False,False,False,True,357,d5d354c74a64c36a20cbf19dd5301f6a19dec65956d56496c3bda09864c055ee,True
shinmonzaemon,https://digimon.net/reference/detail.php?directory_name=shinmonzaemon,しんもんざえモン,SHINMONZAEMON,究極体,究極体,パペット型,パペット型,ワクチン,ワクチン,"・ナイトメアレイン
・ファンシーファンタジスタ
・スイートラブリーアタック",https://digimon.net/cimages/digimon/shinmonzaemon.jpg,False,0,究極体,,6,False,False,False,True,437,df44e0df1fad43c1db116ae8b359f604cce13d93ac61d643d6e40e0b36278a41,True
hoverespimon,https://digimon.net/reference/detail.php?directory_name=hoverespimon,ホバーエスピモン,HOVERESPIMON,成熟期,成熟期,サイボーグ型,サイボーグ型,ウィルス,ウィルス,"・スタンパーミサイル
・ブレストキャノン
・ドロンガー
・ダイバニッシュ",https://digimon.net/cimages/digimon/hoverespimon.jpg,False,0,成熟期,,4,False,False,False,True,343,32e4e4a1986700a38b2d29edde050114a903208f8407f80b74265c0ed0e281b7,True
espimon,https://digimon.net/reference/detail.php?directory_name=espimon,エスピモン,ESPIMON,成長期,成長期,サイボーグ型,サイボーグ型,ウィルス,ウィルス,"・モットボム
・ダイバニッシュ",https://digimon.net/cimages/digimon/espimon.jpg,False,0,成長期,,3,False,False,False,True,299,c0fcac1380fc51c0b041815c1f66a09d56610851f5513dc583975610ce74f5c9,True
jupitermmon_wrath,https://digimon.net/reference/detail.php?directory_name=jupitermmon_wrath,ユピテルモン：ラースモード,JUPITERMON： WRATHMODE,究極体,究極体,神人型,神人型,ワクチン,ワクチン,"・ケラウノスディバイド
・ライトニングビー
・ディオスサンダー",https://digimon.net/cimages/digimon/jupitermmon_wrath.jpg,False,0,究極体,,6,False,False,False,True,326,e875cf1eb501578e474ac9777ef71c41d4f05914fe17ccfc544f15e05abeca90,True
plutomon,https://digimon.net/reference/detail.php?directory_name=plutomon,プルートモン,PLUTOMON,究極体,究極体,神人型,神人型,ウィルス,ウィルス,"・ハガードクラスター
・ヘルズゲート
・ケイオスライツ",https://digimon.net/cimages/digimon/plutomon.jpg,False,0,究極体,,6,False,False,False,True,503,b4887879415f7f8a3a67e87ec4a1b7db28b2c7943298b53046f5bbee22b2adb6,True
ceresmon,https://digimon.net/reference/detail.php?directory_name=ceresmon,ケレスモン,CERESMON,究極体,究極体,神人型,神人型,データ,データ,"・アイランドフリーフォール
・バーニングブラッドシェル
・フルーツフレシェット",https://digimon.net/cimages/digimon/ceresmon.jpg,True,1,究極体,,6,False,False,False,True,558,a85c6183e88f173aebb31ac77d49400e30754cd19cc6546ea3f55d158be9e4f0,True
bacchusmon,https://digimon.net/reference/detail.php?directory_name=bacchusmon,バッカスモン,BACCHUSMON,究極体,究極体,神人型,神人型,ウィルス,ウィルス,"・クック・オブ・ザ・ヘル
・パーティー・オブ・ザ・ヘブン
・リバース・オブ・ザ・デッド",https://digimon.net/cimages/digimon/bacchusmon.jpg,True,1,究極体,,6,False,False,False,True,617,5f0de01e33dac4f606266a606d74b9af4836f06991c1781f365645db873c3034,True
junomon_hysteric,https://digimon.net/reference/detail.php?directory_name=junomon_hysteric,ユノモン：ヒステリックモード,JUNOMON： HYSTERICMODE,究極体,究極体,神人型,神人型,ウィルス,ウィルス,"・ウェルカムロスト
・リングラッジ
・ライアーバニッシュメント",https://digimon.net/cimages/digimon/junomon_hysteric.jpg,False,0,究極体,,6,False,False,False,True,332,fbf7d765a4ed186bff9f221ef75424f56fb4e2de499281b89bb2e6a89b4f580f,True
junomon,https://digimon.net/reference/detail.php?directory_name=junomon,ユノモン,JUNOMON,究極体,究極体,神人型,神人型,ウィルス,ウィルス,"・ニードルハイブ
・グレイスランス
・ラブバスケット",https://digimon.net/cimages/digimon/junomon.jpg,False,0,究極体,,6,False,False,False,True,245,6a8992c03326518b958403ca845886fd47cd751ddd8dd54a59703b6b2ec577a5,True
thetismon,https://digimon.net/reference/detail.php?directory_name=thetismon,テティスモン,THETISMON,完全体,完全体,水棲獣人型,水棲獣人型,データ,データ,"・ビリースマッシャー
・ハンマーサンダー
・アドゥワールド
・ドクテアーゼ",https://digimon.net/cimages/digimon/thetismon.jpg,False,0,完全体,,5,False,False,False,True,344,a8ab5b30363ffa80acbc89a48e7b8bdde17cf8513793d86186cf63d5f4b4d88d,True
lamortmon,https://digimon.net/reference/detail.php?directory_name=lamortmon,ラモールモン,LAMORTMON,完全体,完全体,獣型,獣型,ワクチン,ワクチン,"・禍災爪（かさいそう）
・叩破伐倒（こうはばっとう）
・風牙烈巻迅（ふうがれっかんじん）
・豪怨毀永斬（ごうおんきえいざん）",https://digimon.net/cimages/digimon/lamortmon.jpg,False,0,完全体,,5,False,False,False,True,354,2f64ed65a6d4b8c5889c7c26e2d841f8f17d958cba0c099caa2b026b0ca7d2b3,True
canoweissmon,https://digimon.net/reference/detail.php?directory_name=canoweissmon,カノーヴァイスモン,CANOWEISSMON,完全体,完全体,天竜型,天竜型,ワクチン,ワクチン,"・ガリアフィッシャー
・ドラゴニア
・メテオルクス
・グランノヴァ",https://digimon.net/cimages/digimon/canoweissmon.jpg,False,0,完全体,,5,False,False,False,True,369,abe7a792ea4035587515ce107d9c1f36c01d3c9e29d431bfa51e411cd84ae63c,True
sistermon_ciel_Awake,https://digimon.net/reference/detail.php?directory_name=sistermon_ciel_Awake,シスタモン シエル（覚醒）,SISTERMON_CIEL_AWAKENED,成熟期,成熟期,パペット型,パペット型,データ,データ,"・白詰一文字切り（覚醒）
・白殺（覚醒）　（びゃくさい）
・突蜂（覚醒）　（とっほう）",https://digimon.net/cimages/digimon/sistermon_ciel_Awake.jpg,False,0,成熟期,,4,False,False,False,True,142,10a0735a131020ccf4a0d29b35282f1551c926c5f00e07a5278f26b0d367a705,True
sistermon_noir_Awake,https://digimon.net/reference/detail.php?directory_name=sistermon_noir_Awake,シスタモン ノワール（覚醒）,SISTERMON_NOIR_AWAKENED,成熟期,成熟期,パペット型,パペット型,ウィルス,ウィルス,"・ミッキーバレット（覚醒）
・ブレスファイア（覚醒）
・グランドシスタークルス（覚醒）",https://digimon.net/cimages/digimon/sistermon_noir_Awake.jpg,False,0,成熟期,,4,False,False,False,True,100,59e4b11fde6c74d79efb825a2b3d37210452790ade1d234c5cf443f0089f70ed,True
sistermon_blanc_Awake,https://digimon.net/reference/detail.php?directory_name=sistermon_blanc_Awake,シスタモン ブラン（覚醒）,SISTERMON_BLANC_AWAKENED,成長期,成長期,パペット型,パペット型,ワクチン,ワクチン,"・ディバインピース(覚醒)
・プロテクトウェーブ(覚醒)
・グランドシスタークルス(覚醒)",https://digimon.net/cimages/digimon/sistermon_blanc_Awake.jpg,False,0,成長期,,3,False,False,False,True,146,be418d0efa1f71053c1f706baa86b3bddb5e57ae729eae4527367e4d49270a00,True
gulusgammamon,https://digimon.net/reference/detail.php?directory_name=gulusgammamon,グルスガンマモン,GULUSGAMMAMON,成熟期,成熟期,竜人型,竜人型,ウィルス,ウィルス,"・ダークパレス
・デスデモーナ
・デッドエンドスキュアー",https://digimon.net/cimages/digimon/gulusgammamon.jpg,False,0,成熟期,,4,False,False,False,True,226,292979da14cd854a4dfeb0b07e2a9e99375b83a80473875ca3cf761a6e4b3a97,True
teslajellymon,https://digimon.net/reference/detail.php?directory_name=teslajellymon,テスラジェリーモン,TESLAJELLYMON,成熟期,成熟期,軟体型,軟体型,データ,データ,"・フィサリスト
・パニッシューネ
・ボルスプライト",https://digimon.net/cimages/digimon/teslajellymon.jpg,False,0,成熟期,,4,False,False,False,True,228,62181f86c182990f7bde8de5397cd561130958da21849124e040c4c8f9d818f6,True
symbareangoramon,https://digimon.net/reference/detail.php?directory_name=symbareangoramon,ジンバーアンゴラモン,SYMBAREANGORAMON,成熟期,成熟期,獣人型,獣人型,ワクチン,ワクチン,"・ジャイブ
・レントライザー
・ブレイキンストリーム",https://digimon.net/cimages/digimon/symbareangoramon.jpg,False,0,成熟期,,4,False,False,False,True,233,a6ae92bb05fc3920bfd95e9d990a0166d6466fc3150143f5f5d399d8f0a6e05f,True
blacktailmon_uver,https://digimon.net/reference/detail.php?directory_name=blacktailmon_uver,ブラックテイルモン Uver.,BLACKTAILMON UVER.,成熟期,成熟期,魔獣型,魔獣型,ウィルス,ウィルス,"・ネコパンチ
・バコーニャ",https://digimon.net/cimages/digimon/blacktailmon_uver.jpg,False,0,成熟期,,4,False,False,False,True,297,303c81e3117bf731411333bfa0bd6f0e917b3da4b0e411bfc8971a6f03f6b2e5,True
weddinmon,https://digimon.net/reference/detail.php?directory_name=weddinmon,ウェディンモン,WEDDINMON,完全体,完全体,妖精型,妖精型,ワクチン,ワクチン,"・ホイップデコレーション
・ケーキカッティング
・ハピネスフォール",https://digimon.net/cimages/digimon/weddinmon.jpg,False,0,完全体,,5,False,False,False,True,304,65841ece3c74fbed68333a521d2eb5bf120b9dcb40b03d2a5aa0801ab11f843d,True
shortmon,https://digimon.net/reference/detail.php?directory_name=shortmon,ショートモン,SHORTMON,成熟期,成熟期,食物型,食物型,データ,データ,"・テイストーン
・スウィートベリー",https://digimon.net/cimages/digimon/shortmon.jpg,False,0,成熟期,,4,False,False,False,True,194,ceed7bd02742ac10b32efff7de2a3993682c26528d051714ece0b22e63434c18,True
blackrapidmon,https://digimon.net/reference/detail.php?directory_name=blackrapidmon,ブラックラピッドモン,BLACKRAPIDMON,完全体,完全体,サイボーグ型,サイボーグ型,ワクチン,ワクチン,"・ラピッドファイア
・ゴールデントライアングル",https://digimon.net/cimages/digimon/blackrapidmon.jpg,False,0,完全体,,5,False,False,False,True,205,3be764d5d27af7f3ad2e4f55f58652af3b73c8bd732e13ed236030e5a11dd2c6,True
blackgalgomon,https://digimon.net/reference/detail.php?directory_name=blackgalgomon,ブラックガルゴモン,BLACKGALGOMON,成熟期,成熟期,獣人型,獣人型,ワクチン,ワクチン,"・ガトリングアーム
・ダムダムアッパー",https://digimon.net/cimages/digimon/blackgalgomon.jpg,False,0,成熟期,,4,False,False,False,True,161,a3c5335c5352b0442445871c320a6275cc4bd2088224396f2ac3bbde1fd86e49,True
omegamonzwart_d,https://digimon.net/reference/detail.php?directory_name=omegamonzwart_d,オメガモンズワルトDEFEAT,OMEGAMONZWART_D,究極体,究極体,聖騎士型,聖騎士型,ウィルス,ウィルス,"・ガルルキャノン
・グレイソード",https://digimon.net/cimages/digimon/omegamonzwart_d.jpg,False,0,究極体,,6,False,False,False,True,204,ee8f0eb5a93e36b832669bca7bfcce1b46d9dcf256fdadac34b98b32d372f52d,True
wezengammamon,https://digimon.net/reference/detail.php?directory_name=wezengammamon,ウェズンガンマモン,WEZENGAMMAMON,成熟期,成熟期,角竜型,角竜型,データ,データ,"・セドナ
・アルビオン",https://digimon.net/cimages/digimon/wezengammamon.jpg,False,0,成熟期,,4,False,False,False,True,232,65b5e7c327cf2ba71c0e7b71f4178c839927582dc580f0056b0fb8992465a2fa,True
kausgammamon,https://digimon.net/reference/detail.php?directory_name=kausgammamon,カウスガンマモン,KAUSGAMMAMON,成熟期,成熟期,竜人型,竜人型,データ,データ,"・ウルダインパルス
・ランベルタキック",https://digimon.net/cimages/digimon/kausgammamon.jpg,False,0,成熟期,,4,False,False,False,True,174,57d585ed25c3e518823243e93ec8ca57a6d988bc006ad1e4e70f626783244e1c,True
betelgammamon,https://digimon.net/reference/detail.php?directory_name=betelgammamon,ベテルガンマモン,BETELGAMMAMON,成熟期,成熟期,竜人型,竜人型,ワクチン,ワクチン,"・ソルブロー
・ソルショット",https://digimon.net/cimages/digimon/betelgammamon.jpg,False,0,成熟期,,4,False,False,False,True,141,5a29b8ec1ae7adcc8426df1e0fd13a432e09272af9d6523d6a09beb5cc47dd37,True
abbadomoncore,https://digimon.net/reference/detail.php?directory_name=abbadomoncore,アバドモンコア,ABBADOMONCORE,究極体,究極体,種族不明,種族不明,不明,不明,"・エクリプスノーン
・ビンジェラード
・デスチャージ
・ゲーズイレイザー",https://digimon.net/cimages/digimon/abbadomoncore.jpg,True,1,究極体,,6,False,False,False,True,241,83a1922b5b6db1dc17da885c0e07bf57271a8d8bcfcb6cc15caf302d7c140f83,True
luminamon_nene,https://digimon.net/reference/detail.php?directory_name=luminamon_nene,ルミナモン（ネネVer.）,LUMINAMON_NENE,完全体,完全体,合成型,合成型,ワクチン,ワクチン,・,https://digimon.net/cimages/digimon/luminamon_nene.jpg,False,0,完全体,,5,False,False,False,True,193,1ce6a1f151fc4ef473b3a90d871fed1177251827577500f79eefd4890a92b176,True
shoutmonx7_superior,https://digimon.net/reference/detail.php?directory_name=shoutmonx7_superior,シャウトモンX7：スペリオルモード,SHOUTMONX7_SUPERIOR,"究極体
(クロスウォーズ)","究極体
(クロスウォーズ)",合成型,合成型,データ,データ,"・ファイナルクロスブレード
・クロスバーニングロッカー
・ダブルフレアバスター
・セブンビクトライズ",https://digimon.net/cimages/digimon/shoutmonx7_superior.jpg,False,0,究極体,クロスウォーズ,6,False,False,False,True,273,02960548aa215feed06c174ee36b7a7ffc18ed86b86a14ddc1edd4f9686e86c0,True
jellymon,https://digimon.net/reference/detail.php?directory_name=jellymon,ジェリーモン,JELLYMON,成長期,成長期,軟体型,軟体型,データ,データ,"・ビビサンダー
・ボルトナックル
・スパイラルキック",https://digimon.net/cimages/digimon/jellymon.jpg,False,0,成長期,,3,False,False,False,True,209,c6f2b429fc3ffba1a0718b450ef6b53f2ab4c6338e6fc2d41a2bd4d650464eb2,True
puyoyomon,https://digimon.net/reference/detail.php?directory_name=puyoyomon,プヨヨモン,PUYOYOMON,幼年期Ⅱ,幼年期Ⅱ,レッサー型,レッサー型,,,・ゾーンパチパチ,https://digimon.net/cimages/digimon/puyoyomon.jpg,False,0,幼年期Ⅱ,,2,False,False,False,True,205,2cd161c2fbd73a6da0354dbf39889d71bc7f146bf052f8b2cbff89e5e7b92c41,True
puyomon,https://digimon.net/reference/detail.php?directory_name=puyomon,プヨモン,PUYOMON,幼年期Ⅰ,幼年期Ⅰ,スライム型,スライム型,,,・パチパチガス,https://digimon.net/cimages/digimon/puyomon.jpg,False,0,幼年期Ⅰ,,1,False,False,False,True,212,4eed020a5a87a43864cfd3ce26dd3511a7645080726247bbcba40f7749322e62,True
angoramon,https://digimon.net/reference/detail.php?directory_name=angoramon,アンゴラモン,ANGORAMON,成長期,成長期,獣型,獣型,ワクチン,ワクチン,"・ダブルラリアット
・プチトルネード
・ピョンダンプ",https://digimon.net/cimages/digimon/angoramon.jpg,False,0,成長期,,3,False,False,False,True,248,507b88ddbb71522d3737ab7a72a4ec1bae4d57d105e23d8c39890ec80e38ed5c,True
bosamon,https://digimon.net/reference/detail.php?directory_name=bosamon,ボサモン,BOSAMON,幼年期Ⅱ,幼年期Ⅱ,レッサー型,レッサー型,,,・ミッコミ,https://digimon.net/cimages/digimon/bosamon.jpg,False,0,幼年期Ⅱ,,2,False,False,False,True,238,24a6e7e5f32d1dd63f9158f30554efd35662eccf4f30b80bbcf16ef8853bdf4b,True
pyonmon,https://digimon.net/reference/detail.php?directory_name=pyonmon,ピョンモン,PYONMON,幼年期Ⅰ,幼年期Ⅰ,スライム型,スライム型,,,・イヤンタ,https://digimon.net/cimages/digimon/pyonmon.jpg,False,0,幼年期Ⅰ,,1,False,False,False,True,205,81c2d6112bb919a1c7f55782a0fe7aef21e9d862158064e21f37880089a8dabf,True
gammamon,https://digimon.net/reference/detail.php?directory_name=gammamon,ガンマモン,GAMMAMON,成長期,成長期,角竜型,角竜型,ウィルス,ウィルス,"・ホーンアタック
・ブレイクロー",https://digimon.net/cimages/digimon/gammamon.jpg,False,0,成長期,,3,False,False,False,True,216,c1091cc29560277cd1ced40788d2e784f9f62bda33a53cdb8799c265a747a31f,True
gurimon,https://digimon.net/reference/detail.php?directory_name=gurimon,グリモン,GURIMON,幼年期Ⅱ,幼年期Ⅱ,レッサー型,レッサー型,,,・チクチクアタック,https://digimon.net/cimages/digimon/gurimon.jpg,False,0,幼年期Ⅱ,,2,False,False,False,True,154,8c3da64deb976a189938a2ad29f231c2b2b493f00fa293f78d70559c91a59002,True
curimon,https://digimon.net/reference/detail.php?directory_name=curimon,クリモン,CURIMON,幼年期Ⅰ,幼年期Ⅰ,スライム型,スライム型,,,・泡,https://digimon.net/cimages/digimon/curimon.jpg,False,0,幼年期Ⅰ,,1,False,False,False,True,152,3d20dd1f8f7c03e6cea8831a6f1507765c79fc95c90a8609c62b9aca325eca05,True
abbadomon,https://digimon.net/reference/detail.php?directory_name=abbadomon,アバドモン,ABBADOMON,究極体,究極体,種族不明,種族不明,不明,不明,"・ゲーズイレイザー
・ガーライトネス
・ホワイトライナー",https://digimon.net/cimages/digimon/abbadomon.jpg,False,0,究極体,,6,False,False,False,True,300,297abe1bb96503fbcff873b553827dfa0b78488fb2529d1530714f79bfb7b5bb,True
negamon,https://digimon.net/reference/detail.php?directory_name=negamon,ネガーモン,NEGAMON,幼年期Ⅱ,幼年期Ⅱ,不明,不明,,,・ダウナーアイ,https://digimon.net/cimages/digimon/negamon.jpg,False,0,幼年期Ⅱ,,2,False,False,False,True,156,8463bde94c13a448560ce267323df117105e24c6615f717d5f225e2639039f23,True
pilevolcamon,https://digimon.net/reference/detail.php?directory_name=pilevolcamon,パイルボルケーモン,PILEVOLCAMON,究極体,究極体,サイボーグ型,サイボーグ型,データ,データ,"・ボルケニックドライバー
・ダイヤモンドフィスト",https://digimon.net/cimages/digimon/pilevolcamon.jpg,False,0,究極体,,6,False,False,False,True,190,b6511892cfcbf1627e5044d716b6202ed4880f251f559fe82cd34353c4eff3f9,True
raidenmon,https://digimon.net/reference/detail.php?directory_name=raidenmon,ライデンモン,RAIDENMON,究極体,究極体,マシーン型,マシーン型,ウィルス,ウィルス,"・キルリアン・ブラント
・ライジング・サン",https://digimon.net/cimages/digimon/raidenmon.jpg,False,0,究極体,,6,False,False,False,True,153,74f2dc0b1689b6a6d829e4f3429ebf0a353fdffea19a5701e29903294d1239b9,True
raijinmon,https://digimon.net/reference/detail.php?directory_name=raijinmon,ライジンモン,RAIJINMON,究極体,究極体,サイボーグ型,サイボーグ型,ウィルス,ウィルス,"・エレクーゲル
・ブリッツアーム",https://digimon.net/cimages/digimon/raijinmon.jpg,False,0,究極体,,6,False,False,False,True,127,762099b35aa9229a6bd978ec15113ff5c4feea33fcf068049f3e356e32e2b044,True
dokunemon,https://digimon.net/reference/detail.php?directory_name=dokunemon,ドクネモン,DOKUNEMON,成長期,成長期,幼虫型,幼虫型,ウィルス,ウィルス,"・ワームベノム
・ポイズンライド",https://digimon.net/cimages/digimon/dokunemon.jpg,False,0,成長期,,3,False,False,False,True,190,1624d824b34c764340050e19069f9a6623217a284a09439ad4e66f64341c2de8,True
modokibetamon,https://digimon.net/reference/detail.php?directory_name=modokibetamon,モドキベタモン,MODOKIBETAMON,成長期,成長期,両生類型,両生類型,データ,データ,"・アクアタワー
・ブレードフィン",https://digimon.net/cimages/digimon/modokibetamon.jpg,False,0,成長期,,3,False,False,False,True,127,ff738b9d76767518465e8f678978c47ae64b6a773648d6857b3fc1aa369ea881,True
hydramon,https://digimon.net/reference/detail.php?directory_name=hydramon,ヒュドラモン,HYDRAMON,究極体,究極体,植物型,植物型,ウィルス,ウィルス,"・バイオトキシン
・インテンスランテール
・ディビジョンブレイク",https://digimon.net/cimages/digimon/hydramon.jpg,False,0,究極体,,6,False,False,False,True,265,32a548084e9a5c306b206429f4143c967820dfac6996f99df9e69d1d7b3c51b3,True
bloomlordmon,https://digimon.net/reference/detail.php?directory_name=bloomlordmon,ブルムロードモン,BLOOMLORDMON,究極体,究極体,妖精型,妖精型,ワクチン,ワクチン,"・マルチプルシード
・スプラウトラッシュ
・グラン・デル・ソル",https://digimon.net/cimages/digimon/bloomlordmon.jpg,False,0,究極体,,6,False,False,False,True,262,eda13bded75cf876a3a4601381d9d744d9c0d7b6a6b22242450e48d0872df670,True
ajatarmon,https://digimon.net/reference/detail.php?directory_name=ajatarmon,アヤタラモン,AJATARMON,完全体,完全体,植物型,植物型,ワクチン,ワクチン,"・アサルトハチェット
・タイドアップアイビー
・ショットガンモス",https://digimon.net/cimages/digimon/ajatarmon.jpg,False,0,完全体,,5,False,False,False,True,259,cab951190199f793ab7e10d13d6e7b72829942716a995f565ec106df584623d9,True
gardromon_gold,https://digimon.net/reference/detail.php?directory_name=gardromon_gold,ガードロモン（金）,GARDROMON_GOLD,成熟期,成熟期,マシーン型,マシーン型,フリー,フリー,・ディストラクショングレネード,https://digimon.net/cimages/digimon/gardromon_gold.jpg,False,0,成熟期,,4,False,False,False,True,216,49033c9b1411fb606950910686c6b92556e1d6a943e7d5d5d2a3e5c10bc0c615,True
burgamon_lv4,https://digimon.net/reference/detail.php?directory_name=burgamon_lv4,バーガモン,BURGAMON_CHAMPION,成熟期,成熟期,食物型,食物型,ワクチン,ワクチン,"・スパイシーオニオン
・デリシャスパティ",https://digimon.net/cimages/digimon/burgamon_lv4.jpg,False,0,成熟期,,4,False,False,False,True,166,630c18eb15cf951d678b6e951be4e23e97f324c3ebae280ca73f9b3d7c0e158b,True
pidmon,https://digimon.net/reference/detail.php?directory_name=pidmon,ピッドモン,PIDMON,成熟期,成熟期,天使型,天使型,ワクチン,ワクチン,"・ファイアフェザー
・ピッドスピード",https://digimon.net/cimages/digimon/pidmon.jpg,False,0,成熟期,,4,False,False,False,True,192,3a906922e3fcbdd84d366d0aab85227b4dbb73564473e32e2a16a5802ab81501,True
sandyammamon,https://digimon.net/reference/detail.php?directory_name=sandyammamon,サンドヤンマモン,SANDYAMMAMON,成熟期,成熟期,昆虫型,昆虫型,データ,データ,・デザートウィンド,https://digimon.net/cimages/digimon/sandyammamon.jpg,False,0,成熟期,,4,False,False,False,True,99,c86edb6ee69323ffb9643e63137ba6008ac6e4e406474cf89e0fa2c2b5a2f7ca,True
yammamon,https://digimon.net/reference/detail.php?directory_name=yammamon,ヤンマモン,YAMMAMON,成熟期,成熟期,昆虫型,昆虫型,データ,データ,"・サンダーレイ
・インセクスオーム",https://digimon.net/cimages/digimon/yammamon.jpg,False,0,成熟期,,4,False,False,False,True,161,4a10b5c025380a869b19f126b83fd28fe8ddeb5fd18c87c79b897d16ad4a49fb,True
morishellmon,https://digimon.net/reference/detail.php?directory_name=morishellmon,モリシェルモン,MORISHELLMON,成熟期,成熟期,軟体型,軟体型,データ,データ,"・パイルシェル
・マインドフォッグ",https://digimon.net/cimages/digimon/morishellmon.jpg,False,0,成熟期,,4,False,False,False,True,208,f8c23d930d543efd9d5b2b0035e628e6b71d827211ac0c802c04429fbe007a06,True
bombernanimon,https://digimon.net/reference/detail.php?directory_name=bombernanimon,ボンバーナニモン,BOMBERNANIMON,成熟期,成熟期,インベイド型,インベイド型,ウィルス,ウィルス,"・フリースローボム
・爆・オヤジパンチ",https://digimon.net/cimages/digimon/bombernanimon.jpg,False,0,成熟期,,4,False,False,False,True,168,c3a1a99cd7285c2865d636e29dc0fe982865975aa7a810f7143b0aa71f821a63,True
heraklekabuterimon_x,https://digimon.net/reference/detail.php?directory_name=heraklekabuterimon_x,ヘラクルカブテリモン（X抗体）,HERAKLEKABUTERIMON_X,究極体,究極体,昆虫型,昆虫型,ワクチン,ワクチン,"・ギガブラスター
・ホーンバスター改",https://digimon.net/cimages/digimon/heraklekabuterimon_x.jpg,False,0,究極体,,6,True,False,False,True,417,59b58abd1734af711bfd445729848c4bf06be7935d4dc8165576cd361776835a,True
starmon_x,https://digimon.net/reference/detail.php?directory_name=starmon_x,スターモン（X抗体）,STARMON_X,成熟期,成熟期,突然変異型,突然変異型,データ,データ,"・メテオスコール
・メテオチャンピオン",https://digimon.net/cimages/digimon/starmon_x.jpg,False,0,成熟期,,4,True,False,False,True,426,e2d2b77e9fe1d658cf0516267aa444ae7a3e4fd41044ca3d7e6471bde779b9e3,True
growmon_x,https://digimon.net/reference/detail.php?directory_name=growmon_x,グラウモン（X抗体）,GROWMON_X,成熟期,成熟期,魔竜型,魔竜型,ウィルス,ウィルス,"・プラズマブレイド
・エキゾーストフレイム
・ライデンブレイド",https://digimon.net/cimages/digimon/growmon_x.jpg,False,0,成熟期,,4,True,False,False,True,472,433dbdc57752f4228126a5cb13fa57c8c901d33e767ea508962d7081d312fc15,True
hagurumon_x,https://digimon.net/reference/detail.php?directory_name=hagurumon_x,ハグルモン（X抗体）,HAGURUMON_X,成長期,成長期,マシーン型,マシーン型,ウィルス,ウィルス,・ダークネスギア,https://digimon.net/cimages/digimon/hagurumon_x.jpg,False,0,成長期,,3,True,False,False,True,450,50fe7c6cd1ffb5623c16aed27e2b2915d2c91ea92c11688a8faeadd6665f5691,True
gaioumon_itto,https://digimon.net/reference/detail.php?directory_name=gaioumon_itto,ガイオウモン：厳刀ノ型,GAIOUMON_ITTO,究極体,究極体,竜人型,竜人型,ウィルス,ウィルス,"・旋風縛（せんぷうばく）
・菊燐一閃・號雷斬（きくりんいっせん・ごうらいざん）
・刀華静謐（とうかせいひつ）",https://digimon.net/cimages/digimon/gaioumon_itto.jpg,False,0,究極体,,6,True,False,False,True,363,df9294284a73941cc9c1bc8ce64c68a910ef7d0b5ab67d28018ccc10f921536b,True
brachiomon,https://digimon.net/reference/detail.php?directory_name=brachiomon,ブラキモン,BRAKIMON,完全体,完全体,首長竜型,首長竜型,データ,データ,・ブラキオバブル,https://digimon.net/cimages/digimon/brachiomon.jpg,False,0,完全体,,5,False,False,False,True,131,f23094c4716b92ca44f8f51d3be548b02a95f434582ffa80400a019c6156d4d6,True
kyukimon,https://digimon.net/reference/detail.php?directory_name=kyukimon,キュウキモン,KYUKIMON,完全体,完全体,妖獣型,妖獣型,ウィルス,ウィルス,"・ブレイドツイスター
・三連星",https://digimon.net/cimages/digimon/kyukimon.jpg,False,0,完全体,,5,False,False,False,True,154,53edce8e3a4d36c0d312e0a9818b8c444f3bb22ced764f9f05984a673ede8dff,True
vermillimon,https://digimon.net/reference/detail.php?directory_name=vermillimon,ヴァーミリモン,VERMILLIMON,完全体,完全体,鎧竜型,鎧竜型,データ,データ,"・ヴォルケーノストライクS
・ハードタックル",https://digimon.net/cimages/digimon/vermillimon.jpg,False,0,完全体,,5,False,False,False,True,154,4a46c607407516dedb5ddf44e8f5de8e4254a30d749bda7d66d1ef37dcdd4a02,True
assaultmon,https://digimon.net/reference/detail.php?directory_name=assaultmon,アサルトモン,ASSAULTMON,完全体,完全体,サイボーグ型,サイボーグ型,ウィルス,ウィルス,"・ジャスティスマサカー
・サプライズアタック",https://digimon.net/cimages/digimon/assaultmon.jpg,False,0,完全体,,5,False,False,False,True,155,b9c80f24e7830cc0976e71c9a083b20784b752598dfaeed1c02c22c1949937f4,True
tekkamon,https://digimon.net/reference/detail.php?directory_name=tekkamon,テッカモン,TEKKAMON,完全体,完全体,マシーン型,マシーン型,ウィルス,ウィルス,"・斬電剣
・スカルスタンド",https://digimon.net/cimages/digimon/tekkamon.jpg,False,0,完全体,,5,False,False,False,True,150,6c6ea1ae362ba1962d90ee5c44906de4de24be887f8b3feb7f394f8f30959c6d,True
vulturemon,https://digimon.net/reference/detail.php?directory_name=vulturemon,バルチャモン,VULTUREMON,完全体,完全体,鳥人型,鳥人型,ウィルス,ウィルス,"・リーパーストライク
・デザートデスサイズ
・ウィザーウィング",https://digimon.net/cimages/digimon/vulturemon.jpg,False,0,完全体,,5,False,False,False,True,272,44c63d9346c969e3a67255449b4ab7928238750045cfe8cf82528f0959a8727f,True
goromon,https://digimon.net/reference/detail.php?directory_name=goromon,ゴロモン,GOROMON,幼年期Ⅱ,幼年期Ⅱ,鉱石型,鉱石型,,,・ロックブレス,https://digimon.net/cimages/digimon/goromon.jpg,False,0,幼年期Ⅱ,,2,False,False,False,True,146,834aee5b6fc195af962dca3e3d681ed8338d35cceb891ee4ed4da534fc1fe11f,True
sunamon,https://digimon.net/reference/detail.php?directory_name=sunamon,スナモン,SUNAMON,幼年期Ⅰ,幼年期Ⅰ,スライム型,スライム型,,,・砂かけ,https://digimon.net/cimages/digimon/sunamon.jpg,False,0,幼年期Ⅰ,,1,False,False,False,True,133,f4e2aba9cfc10bac906f3318317e26843fde00c5d205de9cfac981d69088fff7,True
burpmon,https://digimon.net/reference/detail.php?directory_name=burpmon,ば～ぷモン,BURPMON,不明,不明,突然変異型,突然変異型,不明,不明,・,https://digimon.net/cimages/digimon/burpmon.jpg,False,0,不明,,10,False,False,False,True,162,4a4ded5f98e6df72b889e93d6f764096a0567e95852bf5ab19740a973b079024,True
blackkingnumemon,https://digimon.net/reference/detail.php?directory_name=blackkingnumemon,ブラックキングヌメモン,BLACKKINGNUMEMON,完全体,完全体,軟体型,軟体型,ウィルス,ウィルス,"・ダークピューピル
・ポイズンミュークス",https://digimon.net/cimages/digimon/blackkingnumemon.jpg,False,0,完全体,,5,False,False,False,True,196,59aa7e8b7848706f5ed7ec0700bae40fe5835536493e3fad5b96d010be0c9509,True
goldnumemon,https://digimon.net/reference/detail.php?directory_name=goldnumemon,ゴールドヌメモン,GOLDNUMEMON,成熟期,成熟期,突然変異型,突然変異型,ウィルス,ウィルス,"・ゴルドリアンラッシュ
・ゴールドエクスクレメント",https://digimon.net/cimages/digimon/goldnumemon.jpg,False,0,成熟期,,4,False,False,False,True,161,8457d09cbb5d972e8996342a112afa34348d69729a9c311fe7d1b75ae508e55b,True
culumon,https://digimon.net/reference/detail.php?directory_name=culumon,クルモン,CULUMON,不明,不明,不明,不明,不明,不明,・,https://digimon.net/cimages/digimon/culumon.jpg,False,0,不明,,10,False,False,False,True,115,da0192eac451f444a31c89948c888797530647811c42ad4531f855aaabc4c447,True
gladimon,https://digimon.net/reference/detail.php?directory_name=gladimon,グラディモン,GLADIMON,成熟期,成熟期,戦士型,戦士型,ワクチン,ワクチン,"・ホイールラッシュ
・ソードダンサー",https://digimon.net/cimages/digimon/gladimon.jpg,False,0,成熟期,,4,False,False,False,True,183,50547f18a0764a70aab5b815ffb7ad30403704131c3f55e61693ddfe2b96462f,True
shoutmonx4k,https://digimon.net/reference/detail.php?directory_name=shoutmonx4k,シャウトモンX4K,SHOUTMONX4K,"完全体
(クロスウォーズ)","完全体
(クロスウォーズ)",合成型,合成型,データ,データ,"・バーニングスタークラッシャー
・スリービクトライズ
・スリーインパクト
・ビクトライズブーメラン",https://digimon.net/cimages/digimon/shoutmonx4k.jpg,False,0,完全体,クロスウォーズ,5,False,False,False,True,199,df8cc64d72b696f5288195a82971eb071d7c28e2f471037aceafba681f34c315,True
kodokugumon,https://digimon.net/reference/detail.php?directory_name=kodokugumon,コドクグモン,KODOKUGUMON,成長期,成長期,昆虫型,昆虫型,ウィルス,ウィルス,・ポイズンネイル,https://digimon.net/cimages/digimon/kodokugumon.jpg,False,0,成長期,,3,False,False,False,True,149,1b349ef632409f96233fb7b45c482c04e589170713122376cba623821b65b9e6,True
yoxtuyoxtumon,https://digimon.net/reference/detail.php?directory_name=yoxtuyoxtumon,ヨッ！ヨッ！モン,YOXTUYOXTUMON,成熟期,成熟期,パペット型,パペット型,ウィルス,ウィルス,"・ラッパーコースター
・ワンハンド・スイング
・トルペド・クロッシング",https://digimon.net/cimages/digimon/yoxtuyoxtumon.jpg,False,0,成熟期,,4,False,False,False,True,270,d0be30cb900396e2c839ecd5668659e08a362d34b323b6d577f19ddb80b9e1e0,True
minidekachimon,https://digimon.net/reference/detail.php?directory_name=minidekachimon,ミニデカチモン,MINIDEKACHIMON,成長期,成長期,小竜型,小竜型,データ,データ,"・コッチョン
・ミニデカフレイム",https://digimon.net/cimages/digimon/minidekachimon.jpg,False,0,成長期,,3,False,False,False,True,190,e1b73026f36004f708fcf50fe0e909dfca419828ab3248cf6c21ccb2bfffe16d,True
atamadekachimon,https://digimon.net/reference/detail.php?directory_name=atamadekachimon,アタマデカチモン,ATAMADEKACHIMON,成熟期,成熟期,恐竜型,恐竜型,データ,データ,"・鼓・爆砕
・頭つぶし
・ミニデカフレイム",https://digimon.net/cimages/digimon/atamadekachimon.jpg,False,0,成熟期,,4,False,False,False,True,304,d1f98001ae624faa48f283bc37b45320da779cfa336af67227ae06337ab24d6b,True
trailmon,https://digimon.net/reference/detail.php?directory_name=trailmon,トレイルモン,TRAILMON,成熟期,成熟期,マシーン型,マシーン型,データ,データ,"・クールランニング
・急ブレーキスパーク",https://digimon.net/cimages/digimon/trailmon.jpg,False,0,成熟期,,4,False,False,False,True,151,529d6db0ddadf3ac7996aebf3562eb26f3a02bd44143ffd24c50102d9c9df64a,True
greatkingscumon,https://digimon.net/reference/detail.php?directory_name=greatkingscumon,スカモン大王,GREATKINGSCUMON,完全体,完全体,突然変異型,突然変異型,ウィルス,ウィルス,"・ウンチ投げ
・キングスタンプ",https://digimon.net/cimages/digimon/greatkingscumon.jpg,False,0,完全体,,5,False,False,False,True,173,a16951e3c726d9011af39ba9b6df8202bb14d36cf67776831133ae3853e99bf1,True
shroudmon,https://digimon.net/reference/detail.php?directory_name=shroudmon,シュラウドモン,SHROUDMON,究極体,究極体,魔人型,魔人型,ウィルス,ウィルス,"・鬼瞬轟拳（きしゅんごうけん）
・獄炎破回蹴（ごくえんはかいしゅう）
・喰雷炎砕破（がらいえんさいは）",https://digimon.net/cimages/digimon/shroudmon.jpg,False,0,究極体,,6,False,False,False,True,290,a883d17fb6d999b08012a2ea89c72e61ce08abc7fea365c4a7cad347687ebfd5,True
frosvelgrmon,https://digimon.net/reference/detail.php?directory_name=frosvelgrmon,フロスベルグモン,FROSVELGRMON,究極体,究極体,巨鳥型,巨鳥型,ウィルス,ウィルス,"・イノセンスブリザード
・フリージングレイ
・ルインリバーヴ",https://digimon.net/cimages/digimon/frosvelgrmon.jpg,False,0,究極体,,6,False,False,False,True,283,9ee1bd84597895935dfb4c49bc8b91bee30daed9dabbcca4ed6ec87e836dc6e6,True
frozomon,https://digimon.net/reference/detail.php?directory_name=frozomon,フロゾモン,FROZOMON,完全体,完全体,マシーン型,マシーン型,ウィルス,ウィルス,"・リムーバルブロウ
・デフロストブレード
・グラシエイトミサイル",https://digimon.net/cimages/digimon/frozomon.jpg,False,0,完全体,,5,False,False,False,True,283,878b550486181e76eebbc8172903e1439f9e2b7fb57b220c57f1b817b16afddd,True
hiyarimon,https://digimon.net/reference/detail.php?directory_name=hiyarimon,ヒヤリモン,HIYARIMON,幼年期Ⅱ,幼年期Ⅱ,レッサー型,レッサー型,,,・ダイアモンドダスト,https://digimon.net/cimages/digimon/hiyarimon.jpg,False,0,幼年期Ⅱ,,2,False,False,False,True,165,e7f22a0799ce78e96c3b9b220aa4a0429d81c813c0a3434b10660a621f81b45a,True
blackseraphimon,https://digimon.net/reference/detail.php?directory_name=blackseraphimon,ブラックセラフィモン,BLACKSERAPHIMON,究極体,究極体,熾天使型,熾天使型,ウィルス,ウィルス,"・セブンヘルズ
・テスタメント",https://digimon.net/cimages/digimon/blackseraphimon.jpg,False,0,究極体,,6,False,False,False,True,152,a6d4d035c415e2e449235f8da6cbc1c5bab3adfbd420d16cafaf0abb9b1664fa,True
rareraremon,https://digimon.net/reference/detail.php?directory_name=rareraremon,レアレアモン,RARERAREMON,完全体,完全体,アンデッド型,アンデッド型,ウィルス,ウィルス,"・ダイジェス
・ディケイズン",https://digimon.net/cimages/digimon/rareraremon.jpg,False,0,完全体,,5,False,False,False,True,195,931aa5b97a2e2a591891f6db05591055a925a87eb21aa2d6360a69b4c676c0fb,True
climbmon,https://digimon.net/reference/detail.php?directory_name=climbmon,クライモン,CLIMBMON,完全体,完全体,昆虫型,昆虫型,ウィルス,ウィルス,"・擬遁アイソレーション（ぎとんあいそれーしょん）
・クラックハーケン
・ダイナミックサイファー",https://digimon.net/cimages/digimon/climbmon.jpg,False,0,完全体,,5,False,False,False,True,267,94a9f5f4e45bb528070fcd3f99984939c4fbb5ca13200d3aab56c6146f2fa5f1,True
divemon,https://digimon.net/reference/detail.php?directory_name=divemon,ダイブモン,DIVEMON,完全体,完全体,水棲型,水棲型,データ,データ,"・フィレットブレード
・リップルエッジ
・リキッドヴェール",https://digimon.net/cimages/digimon/divemon.jpg,False,0,完全体,,5,False,False,False,True,285,caf53560b74d49949c63e707ee6345e6d7975433b80ddb104560dd943a310cab,True
clearagumon,https://digimon.net/reference/detail.php?directory_name=clearagumon,クリアアグモン,CLEARAGUMON,成長期,成長期,パペット型,パペット型,ワクチン,ワクチン,"・プレシャスフレア
・ドリームミサイル",https://digimon.net/cimages/digimon/clearagumon.jpg,False,0,成長期,,3,False,False,False,True,203,04a9a5881bcfb7ebf3af4986e689fd83886a25c73bc31b591cdf785bde8e14ad,True
bancholilimon,https://digimon.net/reference/detail.php?directory_name=bancholilimon,バンチョーリリモン,BANCHOLILIMON,究極体,究極体,妖精型,妖精型,データ,データ,"・アブソリュートテリトリー
・ナイトメアアッセンブル
・トゥインペタル",https://digimon.net/cimages/digimon/bancholilimon.jpg,False,0,究極体,,6,False,False,False,True,256,43b6eff4316321bab4785a757c77d8486abce98f518684fd7dd60815a8a7c9b9,True
metalgreymon_va_x,https://digimon.net/reference/detail.php?directory_name=metalgreymon_va_x,メタルグレイモン（ワクチン種）（Ｘ抗体）,METALGREYMON_VA_X,完全体,完全体,サイボーグ型,サイボーグ型,ワクチン,ワクチン,"・トライデントアームＶＥＲ９.９
・ギガデストロイヤー",https://digimon.net/cimages/digimon/metalgreymon_va_x.jpg,False,0,完全体,,5,True,False,False,True,506,2bed7684e65afc7fe205d28801bd12b8b7ff1b1db6cf54012ba7c64a0d14ed91,True
panjyamon_x,https://digimon.net/reference/detail.php?directory_name=panjyamon_x,パンジャモン（Ｘ抗体）,PANJYAMON_X,完全体,完全体,獣人型,獣人型,ワクチン,ワクチン,"・氷獣拳
・雪花火",https://digimon.net/cimages/digimon/panjyamon_x.jpg,False,0,完全体,,5,True,False,False,True,306,f695838fb0b0f4dcc49997fdffd584a5393354407e1ca9ac744fac5a3af2502a,True
metalmamemon_x,https://digimon.net/reference/detail.php?directory_name=metalmamemon_x,メタルマメモン（Ｘ抗体）,METALMAMEMON_X,完全体,完全体,サイボーグ型,サイボーグ型,データ,データ,"・エネルギーボム
・エネルギーレーザーボム",https://digimon.net/cimages/digimon/metalmamemon_x.jpg,False,0,完全体,,5,True,False,False,True,299,c3fe0ce8780e43f8058ba1152c83466bfa45a536d0d105f24fc37fbd0241723e,True
thunderballmon_x,https://digimon.net/reference/detail.php?directory_name=thunderballmon_x,サンダーボールモン（Ｘ抗体）,THUNDERBALLMON_X,成熟期,成熟期,突然変異型,突然変異型,データ,データ,"・アノードパンチ
・カソードキック
・サンダーボマー",https://digimon.net/cimages/digimon/thunderballmon_x.jpg,False,0,成熟期,,4,True,False,False,True,270,cd31b973b28e54350195289a65e732afe28b29ca247b3f539105d03386036ffb,True
monochromon_x,https://digimon.net/reference/detail.php?directory_name=monochromon_x,モノクロモン（Ｘ抗体）,MONOCHROMON_X,成熟期,成熟期,鎧竜型,鎧竜型,データ,データ,"・ヴォルケーノストライク
・トマホークスラッシュ",https://digimon.net/cimages/digimon/monochromon_x.jpg,False,0,成熟期,,4,True,False,False,True,372,5eb7b642ab8b64162cbb68214dfdd55e6e5285ed690c358c8e6263001221ec4c,True
dobermon_x,https://digimon.net/reference/detail.php?directory_name=dobermon_x,ドーベルモン（Ｘ抗体）,DOBERMON_X,成熟期,成熟期,魔獣型,魔獣型,ウィルス,ウィルス,"・グラオ・レルム
・シュヴァルツ・シュトラール",https://digimon.net/cimages/digimon/dobermon_x.jpg,False,0,成熟期,,4,True,False,False,True,326,38b12035b81b014e8823bced5b607e0ad47da87391a7afdd8de47d030a5ab482,True
gesomon_x,https://digimon.net/reference/detail.php?directory_name=gesomon_x,ゲソモン（Ｘ抗体）,GESOMON_X,成熟期,成熟期,軟体型,軟体型,ウィルス,ウィルス,"・デッドリーシェード
・マッドバイキング",https://digimon.net/cimages/digimon/gesomon_x.jpg,False,0,成熟期,,4,True,False,False,True,430,fc80ae3b7c499362403d4a869840d88274d77ce09fbf2ca66b8af61fe9ed56b7,True
gottsumon_x,https://digimon.net/reference/detail.php?directory_name=gottsumon_x,ゴツモン（Ｘ抗体）,GOTTSUMON_X,成長期,成長期,鉱石型,鉱石型,データ,データ,"・アングリーロック
・レイジロック",https://digimon.net/cimages/digimon/gottsumon_x.jpg,False,0,成長期,,3,True,False,False,True,347,be2cfc48dfb4c37eab6faee5134ccf45b1350edefb3de9be22fd73e2769e5b5d,True
ganimon_x,https://digimon.net/reference/detail.php?directory_name=ganimon_x,ガニモン（Ｘ抗体）,GANIMON_X,成長期,成長期,甲殻類型,甲殻類型,データ,データ,"・シザーズエクスキューション
・ヘビークランチ",https://digimon.net/cimages/digimon/ganimon_x.jpg,False,0,成長期,,3,True,False,False,True,409,4cbc52af04cbeec808d2545283e0b881e7af13953801cb5351970f826a8b39b1,True
guilmon_x,https://digimon.net/reference/detail.php?directory_name=guilmon_x,ギルモン（Ｘ抗体）,GUILMON_X,成長期,成長期,魔竜型,魔竜型,ウィルス,ウィルス,"・ロックブレイカー
・ファイアーボール
・ファイアーミット",https://digimon.net/cimages/digimon/guilmon_x.jpg,False,0,成長期,,3,True,False,False,True,453,d3d573a72c534e76751b8eb7f522494429e20341f9a16b172cfa2938e260c4b1,True
shoutmon_ex6,https://digimon.net/reference/detail.php?directory_name=shoutmon_ex6,シャウトモンEX6,SHOUTMON EX6,"究極体
(クロスウォーズ)","究極体
(クロスウォーズ)",合成型,合成型,データ,データ,"・ソル・キャリバー
・デモリッションホーン
・リュウセイロックダマシー",https://digimon.net/cimages/digimon/shoutmon_ex6.jpg,False,0,究極体,クロスウォーズ,6,False,False,False,True,220,4c66336b0673613d4a4050cb49ab92ea70b8ec60d4791b30ed8bc01bc9e940d2,True
torikaraballmon,https://digimon.net/reference/detail.php?directory_name=torikaraballmon,とりからボールモン,TORIKARABALLMON,幼年期Ⅱ,幼年期Ⅱ,食物型,食物型,,,・植物性の泡,https://digimon.net/cimages/digimon/torikaraballmon.jpg,False,0,幼年期Ⅱ,,2,False,False,False,True,152,20d217cc94b8e59f0b67518c47b61a4fd7cc4ee785296fc7a488aafe7ffcbc40,True
burgamon,https://digimon.net/reference/detail.php?directory_name=burgamon,バーガモン,BURGAMON_ROOKIE,成長期,成長期,食物型,食物型,ワクチン,ワクチン,"・デリシャスパティ
・グリーンピクルス",https://digimon.net/cimages/digimon/burgamon.jpg,False,0,成長期,,3,False,False,False,True,211,9156999ebe9be89c489f4e1d3af2768858ab820b33792bdb771a4d5bbeabdef5,True
potamon,https://digimon.net/reference/detail.php?directory_name=potamon,ポテモン,POTAMON,成熟期,成熟期,食物型,食物型,ワクチン,ワクチン,"・シュバシュバポテト
・バッシュドポテト",https://digimon.net/cimages/digimon/potamon.jpg,False,0,成熟期,,4,False,False,False,True,235,18a2da7407725b19e7496956a22827c3cf510d8ad842e8b9466c9fa3e9045791,True
achillesmon,https://digimon.net/reference/detail.php?directory_name=achillesmon,アキレウスモン,ACHILLESMON,究極体,究極体,獣人型,獣人型,ウィルス,ウィルス,"・アネモダルメノス
・アステロイディス
・ロンヒ・アディスタクト",https://digimon.net/cimages/digimon/achillesmon.jpg,False,0,究極体,,6,False,False,False,True,251,7a2c21bd8cb8167a197e75dbee3466835fdc2c31dcc3dcecaf7d8783a87e3141,True
shivamon,https://digimon.net/reference/detail.php?directory_name=shivamon,シーヴァモン,SHIVAMON,究極体,究極体,昆虫型,昆虫型,データ,データ,"・クータスタ・キラナ
・カマラ・カルマ
・サマディ・シャンティ",https://digimon.net/cimages/digimon/shivamon.jpg,False,0,究極体,,6,False,False,False,True,296,fb49ec214e613a24293bd388ba592c9b9334ccb839b27832e0187c116a433bd2,True
kazuchimon,https://digimon.net/reference/detail.php?directory_name=kazuchimon,カヅチモン,KAZUCHIMON,究極体,究極体,神人型,神人型,ワクチン,ワクチン,"・二刀勢雷（にとうせいらい）
・士道一徹（しどういってつ）
・神電召雷光（しんでんしょうらいこう）",https://digimon.net/cimages/digimon/kazuchimon.jpg,False,0,究極体,,6,False,False,False,True,281,6b01cf334e16bcd8d7d86e4e938e69a62b8f3bb0609ca6d33a9ac10509064dcc,True
pistmon,https://digimon.net/reference/detail.php?directory_name=pistmon,ピストモン,PISTMON,完全体,完全体,植物型,植物型,ウィルス,ウィルス,"・ブランブルショット
・クリムゾンスポアーズ
・キリングケイデンス",https://digimon.net/cimages/digimon/pistmon.jpg,False,0,完全体,,5,False,False,False,True,238,b3c5c7d93aaa900b11b757c26ae60e48e62f3c567ef15d36019a1adbac903d7d,True
tempomon,https://digimon.net/reference/detail.php?directory_name=tempomon,テンポモン,TEMPOMON,完全体,完全体,鳥人型,鳥人型,データ,データ,"・リズミック・アーツ
・ハウリングブラスト
・アップビートツイスター",https://digimon.net/cimages/digimon/tempomon.jpg,False,0,完全体,,5,False,False,False,True,260,b4bd0d0ba4e710c1cb87d45ad91ecc6542871226d8454f09247f7ab3d5778621,True
shootmon,https://digimon.net/reference/detail.php?directory_name=shootmon,シュートモン,SHOOTMON,完全体,完全体,マシーン型,マシーン型,ワクチン,ワクチン,"・キャノンボールシューター
・ワイルドピッチ
・ラウンドジェイル",https://digimon.net/cimages/digimon/shootmon.jpg,False,0,完全体,,5,False,False,False,True,282,0f070da1f6bd4a9ced57724e43fcfd67fbb9f895c314df16238596d17c0bd646,True
boutmon,https://digimon.net/reference/detail.php?directory_name=boutmon,バウトモン,BOUTMON,完全体,完全体,獣人型,獣人型,ワクチン,ワクチン,"・雷撃踵（らいげきしょう）
・武電破弾（ぶでんはだん）
・迅雷廻天戟（じんらいかいてんげき）",https://digimon.net/cimages/digimon/boutmon.jpg,False,0,完全体,,5,False,False,False,True,264,dfb3d6a678d7d9148e25db2567085c79eaee33c569955ccbaf36da57ed8e8d6c,True
mitamamon,https://digimon.net/reference/detail.php?directory_name=mitamamon,ミタマモン,MITAMAMON,究極体,究極体,神獣型,神獣型,ワクチン,ワクチン,"・轟炎輪（ごうえんりん）
・灰迅雷瞳（かいじんらいどう）
・響香水月（きょうかすいげつ）",https://digimon.net/cimages/digimon/mitamamon.jpg,False,0,究極体,,6,False,False,False,True,412,1a50151d3de0eda042001a11c139f1a9066c0c43e2b02b348d648cf366001171,True
lovelyangemon,https://digimon.net/reference/detail.php?directory_name=lovelyangemon,ラブリーエンジェモン,LOVELYANGEMON,究極体,究極体,戦士型,戦士型,ワクチン,ワクチン,"・マーブルインパクト
・ドリームハリケーン
・ラブリーシャワー",https://digimon.net/cimages/digimon/lovelyangemon.jpg,False,0,究極体,,6,False,False,False,True,309,e90a16732ea2fa8d79857906dd101e15bc90d233dec0f8b78ae5afe28aa52acc,True
bibimon,https://digimon.net/reference/detail.php?directory_name=bibimon,ビビモン,BIBIMON,幼年期Ⅱ,幼年期Ⅱ,レッサー型,レッサー型,,,・ミニマルフラッシュ,https://digimon.net/cimages/digimon/bibimon.jpg,False,0,幼年期Ⅱ,,2,False,False,False,True,142,a7657b1a018427ddfbd1bb057ae29260ee766780b3c3c2a775f3def26a091286,True
dokimon,https://digimon.net/reference/detail.php?directory_name=dokimon,ドキモン,DOKIMON,幼年期Ⅰ,幼年期Ⅰ,スライム型,スライム型,,,・静電気,https://digimon.net/cimages/digimon/dokimon.jpg,False,0,幼年期Ⅰ,,1,False,False,False,True,135,adc74ab5a64d27931322680dcb22c2686b3fc0a96d2ca686f3857f1e4d97f4ee,True
namakemon,https://digimon.net/reference/detail.php?directory_name=namakemon,ナマケモン,NAMAKEMON,成熟期,成熟期,パペット型,パペット型,ウィルス,ウィルス,"・ウンチ投げ
・パラライズリック",https://digimon.net/cimages/digimon/namakemon.jpg,False,0,成熟期,,4,False,False,False,True,217,75f14fff89b28b9e4c3b1aecf5d111d4748601c6e888b5592c0e138f7d66747b,True
runnermon,https://digimon.net/reference/detail.php?directory_name=runnermon,ランナモン,RUNNERMON,成熟期,成熟期,獣型,獣型,ウィルス,ウィルス,"・ライトニングラッシュ
・ハートビートインパルス",https://digimon.net/cimages/digimon/runnermon.jpg,False,0,成熟期,,4,False,False,False,True,216,ceb4741091a36b381c1f5d83d81b08bc22ee3f2b52fab1706d09c77a86865286,True
exermon,https://digimon.net/reference/detail.php?directory_name=exermon,エキサモン,EXERMON,成熟期,成熟期,昆虫型,昆虫型,データ,データ,"・インセクマインド
・デフィブレイショック",https://digimon.net/cimages/digimon/exermon.jpg,False,0,成熟期,,4,False,False,False,True,239,6b7b7f2fc56fc0a3d1a0ace593b42346f8aa9f8366d13603ec37902a2da610b6,True
bulkmon,https://digimon.net/reference/detail.php?directory_name=bulkmon,バルクモン,BULKMON,成熟期,成熟期,竜人型,竜人型,ワクチン,ワクチン,"・エレクトリカルフィスト
・サンダードレッド",https://digimon.net/cimages/digimon/bulkmon.jpg,False,0,成熟期,,4,False,False,False,True,224,4873400e543e1992e7d5a031a835eacd0ae253babf1d2fecf6b2b4ffe46b34a7,True
komondomon,https://digimon.net/reference/detail.php?directory_name=komondomon,コモンドモン,KOMONDOMON,成熟期,成熟期,獣型,獣型,データ,データ,"・ワイワイパー
・マッシグラン",https://digimon.net/cimages/digimon/komondomon.jpg,False,0,成熟期,,4,False,False,False,True,218,0e0522cd1bffb1238a8b1b28473793889c63daf443cbc47c741981872615b7d7,True
pulsemon,https://digimon.net/reference/detail.php?directory_name=pulsemon,パルスモン,PULSEMON,成長期,成長期,獣人型,獣人型,ワクチン,ワクチン,"・エレキラッシュ
・プチインパルス",https://digimon.net/cimages/digimon/pulsemon.jpg,False,0,成長期,,3,False,False,False,True,266,73b234b146c498924b08c8048882856a2b543205921d02ab35e600d6ad7491df,True
omegamon_merciful,https://digimon.net/reference/detail.php?directory_name=omegamon_merciful,オメガモン：マーシフルモード,OMEGAMON:MERCIFUL MODE,究極体,究極体,聖騎士型,聖騎士型,ワクチン,ワクチン,"・雅琉々砲（がるるほう）
・虞玲刀（ぐれいとう）",https://digimon.net/cimages/digimon/omegamon_merciful.jpg,False,0,究極体,,6,False,False,False,True,368,e993447e43576cc0a5d09efde1a4b781a124c85093f157e872fc6ffe96d7fe1a,True
donedevimon,https://digimon.net/reference/detail.php?directory_name=donedevimon,ダンデビモン,DONEDEVIMON,究極体,究極体,堕天使型,堕天使型,ウィルス,ウィルス,"・デストロイクロウ
・アルティメットフレア
・マイアスピウ",https://digimon.net/cimages/digimon/donedevimon.jpg,False,0,究極体,,6,False,False,False,True,208,7c676821e131985b3812ae93a2da51da54305ba109cc1541428d8b1526ca09cb,True
waregarurumon_sagittarius,https://digimon.net/reference/detail.php?directory_name=waregarurumon_sagittarius,ワーガルルモン：サジタリウスモード,WAREGARURUMON:SAGITTARIUS MODE,完全体,完全体,獣人型,獣人型,ワクチン,ワクチン,"・カウスラッガー
・アルナスショット
・カイザーネイル",https://digimon.net/cimages/digimon/waregarurumon_sagittarius.jpg,False,0,完全体,,5,False,False,False,True,230,e9f19cb74908989edd12767a1064859d79ef76463ccacc078644e2b98f876635,True
imperialdramon_dragon_black,https://digimon.net/reference/detail.php?directory_name=imperialdramon_dragon_black,インペリアルドラモン：ドラゴンモード(黒),IMPERIALDRAMON:DRAGON MODE_BLACK,究極体,究極体,古代竜型,古代竜型,ウィルス,ウィルス,・メガデス,https://digimon.net/cimages/digimon/imperialdramon_dragon_black.jpg,False,0,究極体,,6,False,False,False,True,158,a609d741b0440f519d123e21464ae438974e3a391691051e77c4a2f1692248f7,True
manticoremon,https://digimon.net/reference/detail.php?directory_name=manticoremon,マンティコアモン,MANTICOREMON,完全体,完全体,魔獣型,魔獣型,ウィルス,ウィルス,"・トリニティゴスペル
・アシッドインジェクション",https://digimon.net/cimages/digimon/manticoremon.jpg,False,0,完全体,,5,False,False,False,True,240,691b8b86e8a053d3a9a3215bdf5bf9bf86ee1e27788b5598f1c554979e4e6aa1,True
mimicmon,https://digimon.net/reference/detail.php?directory_name=mimicmon,ミミックモン,MIMICMON,成熟期,成熟期,突然変異型,突然変異型,ウィルス,ウィルス,"・デッドショット
・ヒンダーマイアズマ",https://digimon.net/cimages/digimon/mimicmon.jpg,False,0,成熟期,,4,False,False,False,True,282,b736d89052c7dae1cba1d1ad3a29f0488b723570b6f7266c5d3b47dac2e18e6f,True
baluchimon,https://digimon.net/reference/detail.php?directory_name=baluchimon,バルキモン,BALUCHIMON,成熟期,成熟期,聖獣型,聖獣型,データ,データ,"・サイキックチェーン
・クラウドビジョン",https://digimon.net/cimages/digimon/baluchimon.jpg,False,0,成熟期,,4,False,False,False,True,254,1a2b97ddb387cdbf53f9d49bfc6eef826c3dbd90fa48e06adcb9ef47e31e5a8c,True
darkmaildramon,https://digimon.net/reference/detail.php?directory_name=darkmaildramon,ダークメイルドラモン,DARKMAILDRAMON,成熟期,成熟期,サイボーグ型,サイボーグ型,ウィルス,ウィルス,・ダークウィング,https://digimon.net/cimages/digimon/darkmaildramon.jpg,False,0,成熟期,,4,False,False,False,True,179,53305e9529f84a3e990555e97b26cecac78aeeb436ef62c73a07302999be0a5a,True
metalgreymon_alter,https://digimon.net/reference/detail.php?directory_name=metalgreymon_alter,メタルグレイモン：アルタラウスモード,METALGREYMON:Alterous Mode,完全体,完全体,サイボーグ型,サイボーグ型,ワクチン,ワクチン,"・ポジトロンブラスター
・アルタブレード
・ギガデストロイヤー
・トライデントアーム
・ジガストーム",https://digimon.net/cimages/digimon/metalgreymon_alter.jpg,False,0,完全体,,5,False,False,False,True,227,df46d2ed2970a519be7d8070f1cbaadf41ba9baf388e6a0dd1f4a2920a71da1e,True
rebellimon,https://digimon.net/reference/detail.php?directory_name=rebellimon,リベリモン,REBELLIMON,完全体,完全体,サイボーグ型,サイボーグ型,ウィルス,ウィルス,"・ヴァンキッシュミサイル
・マキシマムデモリッシャー",https://digimon.net/cimages/digimon/rebellimon.jpg,False,0,完全体,,5,False,False,False,True,209,fbd8772681ea5d87590823387abff2ff15bddb3183642355fcd2aa2afe87d4ce,True
machmon,https://digimon.net/reference/detail.php?directory_name=machmon,マッハモン,MACHMON,成熟期,成熟期,サイボーグ型,サイボーグ型,ワクチン,ワクチン,"・フルスロットルエッジ
・マッドネスファイア",https://digimon.net/cimages/digimon/machmon.jpg,False,0,成熟期,,4,False,False,False,True,213,df9ec3b22191538e3ff191b1aac19184106ad026a56189fa12fd73aa47b1efe1,True
junkmon,https://digimon.net/reference/detail.php?directory_name=junkmon,ジャンクモン,JUNKMON,成長期,成長期,パペット型,パペット型,ウィルス,ウィルス,"・パラボリックジャンク
・スクラップティース",https://digimon.net/cimages/digimon/junkmon.jpg,False,0,成長期,,3,False,False,False,True,200,f37287a726937e2d7b62fd3969d23b01d91daf6f67dc6431c046c7fb0c8ddbd8,True
heavyleomon,https://digimon.net/reference/detail.php?directory_name=heavyleomon,ヘヴィーレオモン,HEAVYLEOMON,究極体,究極体,マシーン型,マシーン型,ワクチン,ワクチン,"・バレッジスイーパー
・レスティングバーナー
・ソニックエクスカベーター",https://digimon.net/cimages/digimon/heavyleomon.jpg,False,0,究極体,,6,False,False,False,True,404,758e3609c177f575a27f052253e88b677163dce05921738b1b914dc62707b35c,True
hopmon,https://digimon.net/reference/detail.php?directory_name=hopmon,ホップモン,HOPMON,幼年期Ⅱ,幼年期Ⅱ,幼竜型,幼竜型,,,・ホップヒップ,https://digimon.net/cimages/digimon/hopmon.jpg,False,0,幼年期Ⅱ,,2,False,False,False,True,130,43ef082b2313ea601a4e937974eba95646181707d29fc473928854292af8e53d,True
ketomon,https://digimon.net/reference/detail.php?directory_name=ketomon,ケトモン,KETOMON,幼年期Ⅰ,幼年期Ⅰ,スライム型,スライム型,,,・ポッピンティア,https://digimon.net/cimages/digimon/ketomon.jpg,False,0,幼年期Ⅰ,,1,False,False,False,True,108,d0758ee8c98bda37fada2263b67f6d79d7e7d12132c479eb4d1bba23320b2b55,True
nidhoggmon,https://digimon.net/reference/detail.php?directory_name=nidhoggmon,ニーズヘッグモン,NIDHOGGMON,究極体,究極体,魔竜型,魔竜型,ウィルス,ウィルス,"・アナイアレンション
・ルウダメント",https://digimon.net/cimages/digimon/nidhoggmon.jpg,False,0,究極体,,6,False,False,False,True,169,1dd37e4e72a05b51145b39726d5adf4f76ee39441941d3281af9c6723c6bcf2c,True
entmon,https://digimon.net/reference/detail.php?directory_name=entmon,エントモン,ENTMON,完全体,完全体,植物型,植物型,ウィルス,ウィルス,"・ドライアドスティンガー
・ブラステッドディザスター",https://digimon.net/cimages/digimon/entmon.jpg,False,0,完全体,,5,False,False,False,True,246,1362641cfd219593560cfcd37c428240ba1b676f00786de849a9bd6247fb981f,True
parasaurmon,https://digimon.net/reference/detail.php?directory_name=parasaurmon,パラサウモン,PARASAURMON,成熟期,成熟期,恐竜型,恐竜型,ウィルス,ウィルス,"・パルシースイート
・ウェイビーオクタヴィスト",https://digimon.net/cimages/digimon/parasaurmon.jpg,False,0,成熟期,,4,False,False,False,True,229,5120fb4a254a30d52caa1048aeb7bd475836842e68df98276f573a53e5ed94e7,True
toropiamon,https://digimon.net/reference/detail.php?directory_name=toropiamon,トロピアモン,TOROPIAMON,完全体,完全体,植物型,植物型,ウィルス,ウィルス,"・ペタリーカーネイジ
・トロピカルヴェノム",https://digimon.net/cimages/digimon/toropiamon.jpg,False,0,完全体,,5,False,False,False,True,242,fcc77275952e5bf38943c2a374dcf32bfa20efb46f4c85148d7cd408e5035489,True
pomumon,https://digimon.net/reference/detail.php?directory_name=pomumon,ポームモン,POMUMON,成長期,成長期,植物型,植物型,データ,データ,"・ラピッドシード
・フルーツラッシュ",https://digimon.net/cimages/digimon/pomumon.jpg,False,0,成長期,,3,False,False,False,True,199,217c4130740e10d1b364bf6b69c7c701a69095fb8c220c291b89d0f3717cbbc1,True
eyesmon_scatter,https://digimon.net/reference/detail.php?directory_name=eyesmon_scatter,アイズモン：スキャッターモード,EYESMON:SCATTER MODE,成熟期,成熟期,魔竜型,魔竜型,ウィルス,ウィルス,"・邪念眼
・影縛り",https://digimon.net/cimages/digimon/eyesmon_scatter.jpg,False,0,成熟期,,4,False,False,False,True,120,ba0aa5aa3b15e21a9ca7c73995e83e2cfdac803b3cdbadedd031bbfe396dbf14,True
eyesmon,https://digimon.net/reference/detail.php?directory_name=eyesmon,アイズモン,EYESMON,成熟期,成熟期,魔竜型,魔竜型,ウィルス,ウィルス,"・邪念眼
・愚幻",https://digimon.net/cimages/digimon/eyesmon.jpg,False,0,成熟期,,4,False,False,False,True,120,3162b870dc73b8fd386848d01147b0f5f6c25d6ba1df38e4e805fa44f7fa0926,True
betamon_x,https://digimon.net/reference/detail.php?directory_name=betamon_x,ベタモン（X抗体）,BETAMON_X,成長期,成長期,水棲型,水棲型,ウィルス,ウィルス,"・電撃ビリリン185V
・電撃ビリリン",https://digimon.net/cimages/digimon/betamon_x.jpg,False,0,成長期,,3,True,False,False,True,295,282898a87097fe98b0a8cd981ce6699654523178a0e3996cc18acf0a1e086f50,True
gazimon_x,https://digimon.net/reference/detail.php?directory_name=gazimon_x,ガジモン（X抗体）,GAZIMON_X,成長期,成長期,哺乳類型,哺乳類型,ウィルス,ウィルス,"・パラライズブレス
・ブービーピット",https://digimon.net/cimages/digimon/gazimon_x.jpg,False,0,成長期,,3,True,False,False,True,412,be35d5676d3795fedd5754a45770d64f28f4c108a067865f174505ff4df3aa34,True
algomon_lv1,https://digimon.net/reference/detail.php?directory_name=algomon_lv1,アルゴモン,ALGOMON,幼年期Ⅰ,幼年期Ⅰ,突然変異型,突然変異型,,,・酸の泡,https://digimon.net/cimages/digimon/algomon_lv1.jpg,False,0,幼年期Ⅰ,,1,False,False,False,True,85,dce5797a8985c924ed88ebcc5e7c7803b18b0b3d580527d1e2ef1ed59e01860b,True
ghostmon,https://digimon.net/reference/detail.php?directory_name=ghostmon,ゴースモン,GHOSTMON,成長期,成長期,ゴースト型,ゴースト型,データ,データ,"・リトルプラズマ
・ジャックレイド",https://digimon.net/cimages/digimon/ghostmon.jpg,False,0,成長期,,3,False,False,False,True,186,31c62c08e8ba790dab3c7aa50e3b4c76b67fe8e1d15169149e775b30741add0d,True
regalecusmon,https://digimon.net/reference/detail.php?directory_name=regalecusmon,レガレクスモン,REGALECUSMON,究極体,究極体,水棲型,水棲型,ウィルス,ウィルス,"・ブリューナストライク
・リアクターディスチャージ",https://digimon.net/cimages/digimon/regalecusmon.jpg,False,0,究極体,,6,False,False,False,True,193,285c0f7b1e492de70900f3a56eb73de80bb4815e6dc8e9fe7a42b08e0dbfa7d7,True
piranimon,https://digimon.net/reference/detail.php?directory_name=piranimon,ピラニモン,PIRANIMON,完全体,完全体,水棲型,水棲型,ウィルス,ウィルス,"・クルーアルインバイト
・カラミティバイス",https://digimon.net/cimages/digimon/piranimon.jpg,False,0,完全体,,5,False,False,False,True,219,dc257d0224c198d501ab4c1441918b517c09ed42d5ad7afb308c6dc4c886b129,True
gusokumon,https://digimon.net/reference/detail.php?directory_name=gusokumon,グソクモン,GUSOKUMON,完全体,完全体,甲殻類型,甲殻類型,ワクチン,ワクチン,"・ブラントクロー
・コロニートーピード",https://digimon.net/cimages/digimon/gusokumon.jpg,False,0,完全体,,5,False,False,False,True,226,e3ce4516277084c1d0cfa95d04b9bb34a152e39c0927c16f7c9af2b6ea9f16e3,True
marinchimairamon,https://digimon.net/reference/detail.php?directory_name=marinchimairamon,マリンキメラモン,MARINCHIMAIRAMON,完全体,完全体,合成型,合成型,ワクチン,ワクチン,"・ポセイドンボルテックス
・アクア・バイパー",https://digimon.net/cimages/digimon/marinchimairamon.jpg,False,0,完全体,,5,False,False,False,True,188,e98774cef07527133299382bbeecd549a95f84b7d14de9a17ae7bb678fc53dcb,True
tobiumon,https://digimon.net/reference/detail.php?directory_name=tobiumon,トビウモン,TOBIUMON,成熟期,成熟期,水棲型,水棲型,ワクチン,ワクチン,"・サッカーフィッシュダーツ
・フライングフィニッシュ",https://digimon.net/cimages/digimon/tobiumon.jpg,False,0,成熟期,,4,False,False,False,True,172,8957c49ecb2555f98e02fd561ae6e33eb6d18c27e21ae7b1b6391ab19b9bf70f,True
sangomon,https://digimon.net/reference/detail.php?directory_name=sangomon,サンゴモン,SANGOMON,成長期,成長期,軟体型,軟体型,データ,データ,"・レフュージミスト
・コーラルプレッシャー",https://digimon.net/cimages/digimon/sangomon.jpg,False,0,成長期,,3,False,False,False,True,172,85f6f740952f4739d742e15d8a3cb01c67ced44c77323a9a99e2c60642459dd3,True
gogmamon,https://digimon.net/reference/detail.php?directory_name=gogmamon,ゴグマモン,GOGMAMON,完全体,完全体,鉱石型,鉱石型,ワクチン,ワクチン,"・ジャイアントグレイター
・カース・リフレクション",https://digimon.net/cimages/digimon/gogmamon.jpg,False,0,完全体,,5,False,False,False,True,192,1a6732c49bfa395f94e73a0e7732ee6ea1447ab48e74be67c5a999ffa5e1038e,True
baboongamon,https://digimon.net/reference/detail.php?directory_name=baboongamon,バブンガモン,BABOONGAMON,成熟期,成熟期,獣型,獣型,ワクチン,ワクチン,"・マウントストーン
・グライドロックス",https://digimon.net/cimages/digimon/baboongamon.jpg,False,0,成熟期,,4,False,False,False,True,158,9ba9f32b152d807c3a3451a17558ff1ba326f09592b7ec2a8705e39ccbcb16c2,True
sunarizamon,https://digimon.net/reference/detail.php?directory_name=sunarizamon,スナリザモン,SUNARIZAMON,成長期,成長期,爬虫類型,爬虫類型,ウィルス,ウィルス,"・グリットネイル
・サンドブラスト",https://digimon.net/cimages/digimon/sunarizamon.jpg,False,0,成長期,,3,False,False,False,True,188,faa58c3433a6a077d663b3d3e8a694ba24f0b87d25f4b61ff190e5d85f966f63,True
jewelbeemon,https://digimon.net/reference/detail.php?directory_name=jewelbeemon,ジュエルビーモン,JEWELBEEMON,完全体,完全体,昆虫型,昆虫型,ワクチン,ワクチン,・スパイクバスター,https://digimon.net/cimages/digimon/jewelbeemon.jpg,False,0,完全体,,5,False,False,False,True,126,254a33708a5708fda8f5fb7f29fcaa8e5d1ecc02a3406b2b29a30ca57810d1d4,True
hudiemon,https://digimon.net/reference/detail.php?directory_name=hudiemon,フーディエモン,HUDIEMON,成熟期,成熟期,昆虫型,昆虫型,フリー,フリー,"・フライングキック
・インフィニティドリーム",https://digimon.net/cimages/digimon/hudiemon.jpg,False,0,成熟期,,4,False,False,False,True,340,3a6e94e0c51353dd72b6e9a9139e014195fbe6b8df8e5c53097f6412aa9c4188,True
arresterdramon_superior,https://digimon.net/reference/detail.php?directory_name=arresterdramon_superior,アレスタードラモン：スペリオルモード,ARRESTERDRAMON_SUPERIOR,"完全体
(クロスウォーズ)","完全体
(クロスウォーズ)",竜型,竜型,ワクチン,ワクチン,"・ブレイズスパイカー
・マッハフリッカー
・フロッグショット
・スピンカリバー
・スパイラルシュレッダー
・プリズムギャレット",https://digimon.net/cimages/digimon/arresterdramon_superior.jpg,True,1,完全体,クロスウォーズ,5,False,False,False,True,284,c55a7ed45525e6ee818d79fb1fc9f1c562be2c25f3cac8d28c5d95a7abba8998,True
garurumon_x,https://digimon.net/reference/detail.php?directory_name=garurumon_x,ガルルモン（X抗体）,GARURUMON_X,成熟期,成熟期,獣型,獣型,ワクチン,ワクチン,・フォックスファイアー,https://digimon.net/cimages/digimon/garurumon_x.jpg,False,0,成熟期,,4,True,False,False,True,416,77cb97c108e8a81844675be7f2784aadb98ec9576225cca0ce320b91b48d5b96,True
greymon_x,https://digimon.net/reference/detail.php?directory_name=greymon_x,グレイモン（X抗体）,GREYMON_X,成熟期,成熟期,恐竜型,恐竜型,ワクチン,ワクチン,"・メガフレイム
・メガバースト",https://digimon.net/cimages/digimon/greymon_x.jpg,False,0,成熟期,,4,True,False,False,True,324,cfc1536fb63ae4a00f212024bcd24cddf9beab288021dff17001f3c2f59001ea,True
algomon_lv4,https://digimon.net/reference/detail.php?directory_name=algomon_lv4,アルゴモン,ALGOMON_CHAMPION,成熟期,成熟期,突然変異型,突然変異型,ウィルス,ウィルス,"・ボルトライン
・インプリズメント",https://digimon.net/cimages/digimon/algomon_lv4.jpg,False,0,成熟期,,4,False,False,False,True,116,d8b69bc7450927dbf31447744ac8b01d95247b39b21df8d193259112dcc2935a,True
algomon_lv3,https://digimon.net/reference/detail.php?directory_name=algomon_lv3,アルゴモン,ALGOMON_ROOKIE,成長期,成長期,突然変異型,突然変異型,ウィルス,ウィルス,"・ブルートナックル
・インプリズメント",https://digimon.net/cimages/digimon/algomon_lv3.jpg,False,0,成長期,,3,False,False,False,True,103,6b675fa7ccb1cf9cd05c58e0689cfa954ec350050bbc5fd73fedfd720b3219ed,True
algomon_lv2,https://digimon.net/reference/detail.php?directory_name=algomon_lv2,アルゴモン,ALGOMON_IN-TRAININGⅡ,幼年期Ⅱ,幼年期Ⅱ,突然変異型,突然変異型,,,・酸の泡,https://digimon.net/cimages/digimon/algomon_lv2.jpg,False,0,幼年期Ⅱ,,2,False,False,False,True,85,eca5776f6b2d553a6b22e53ed1ccf53a9b572c6aceedbedb998f1e9e02b8952e,True
spadamon,https://digimon.net/reference/detail.php?directory_name=spadamon,スパーダモン,SPADAMON,成長期,成長期,武器型,武器型,フリー,フリー,"・シュガーパウンド
・ブルーブレイブ
・オーロラブレイザー",https://digimon.net/cimages/digimon/spadamon.jpg,False,0,成長期,,3,False,False,False,True,129,e9a94fc4a430b3188f5be2c32f3c452a8d0dcf3cc9152dc1cedaa80b3e936a9b,True
morphomon,https://digimon.net/reference/detail.php?directory_name=morphomon,モルフォモン,MORPHOMON,成長期,成長期,昆虫型,昆虫型,ワクチン,ワクチン,・リンリンテラピー,https://digimon.net/cimages/digimon/morphomon.jpg,False,0,成長期,,3,False,False,False,True,167,34601c2295235e937713ecf22975f0853fb54c55fe3834fd60c39bdb7afb0d7f,True
eosmon_lv6,https://digimon.net/reference/detail.php?directory_name=eosmon_lv6,エオスモン,EOSMON_LV6,究極体,究極体,不明,不明,不明,不明,"・オーロラストリーム
・カッティングエッジ
・クルーティレイン",https://digimon.net/cimages/digimon/eosmon_lv6.jpg,False,0,究極体,,6,False,False,False,True,218,a1e9218590e8ce8b00ed44c2a86f82dc0daad0b954258460f8c9a192d14980ae,True
gabumon_kizuna,https://digimon.net/reference/detail.php?directory_name=gabumon_kizuna,ガブモン -友情の絆-,GABUMON_KIZUNA,究極体,究極体,不明,不明,不明,不明,"・フルメタルマシンガン
・クールエッジ
・ムーンテンス
・レドルスター",https://digimon.net/cimages/digimon/gabumon_kizuna.jpg,False,0,究極体,,6,False,False,False,True,283,9cf605b1ec8faa4d353cb9420ec61df4f7156a4d5097523bd0c95e9467fb7ae0,True
agumon_kizuna,https://digimon.net/reference/detail.php?directory_name=agumon_kizuna,アグモン -勇気の絆-,AGUMON_KIZUNA,究極体,究極体,不明,不明,不明,不明,"・レッドリーマー
・ストラッシュサラマンダー
・ガイアブレイブ",https://digimon.net/cimages/digimon/agumon_kizuna.jpg,False,0,究極体,,6,False,False,False,True,248,fe28d975d61d193ad944189a3136b0b0d2c60edbf9c41485329a16113e03387f,True
eosmon_lv5,https://digimon.net/reference/detail.php?directory_name=eosmon_lv5,エオスモン,EOSMON_LV5,完全体,完全体,不明,不明,不明,不明,"・ビートプレス
・ヘクサンダー
・カッティングエッジ",https://digimon.net/cimages/digimon/eosmon_lv5.jpg,False,0,完全体,,5,False,False,False,True,219,6da74a3f40541a145b488ca2de15a42c63daa6c6d149fae9c453dd1e6b5f9bca,True
eosmon_lv4,https://digimon.net/reference/detail.php?directory_name=eosmon_lv4,エオスモン,EOSMON_LV4,成熟期,成熟期,不明,不明,不明,不明,"・ミラーガード
・ミラーダスト
・ボールトリプ",https://digimon.net/cimages/digimon/eosmon_lv4.jpg,False,0,成熟期,,4,False,False,False,True,208,d1127712017ddd93af711d84bb04de9cc03e9571a50df05fad9379a00f49c670,True
tonosamamamemon,https://digimon.net/reference/detail.php?directory_name=tonosamamamemon,トノサママメモン,TONOSAMAMAMEMON,究極体,究極体,突然変異型,突然変異型,データ,データ,"・天晴れ桜
・扇子返し",https://digimon.net/cimages/digimon/tonosamamamemon.jpg,False,0,究極体,,6,False,False,False,True,303,b8d7a25d7aae469006745904058ff0a39b30024c5d811165370abb2aa30d3bef,True
omegamon_zwart,https://digimon.net/reference/detail.php?directory_name=omegamon_zwart,オメガモン ズワルト,OMEGAMON_ZWART,究極体,究極体,聖騎士型,聖騎士型,ワクチン,ワクチン,"・ガルルキャノン
・グレイソード",https://digimon.net/cimages/digimon/omegamon_zwart.jpg,False,0,究極体,,6,False,False,False,True,390,43733d1435bd974c3732d214c2de07f08f97bbc012a4243156fb9ae8b97d143a,True
terriermon_assistant,https://digimon.net/reference/detail.php?directory_name=terriermon_assistant,テリアモン助手,TERRIERMON_ASSISTANT,成長期,成長期,獣型,獣型,ワクチン,ワクチン,"・ダイバッチグー
・プチツイスター",https://digimon.net/cimages/digimon/terriermon_assistant.jpg,False,0,成長期,,3,False,False,False,True,111,70ebd7cbb3921b0d7b7f1102574a42f11b364e60c0a76db09c2a8f8f99dd6e39,True
cryspaledramon,https://digimon.net/reference/detail.php?directory_name=cryspaledramon,クリスペイルドラモン,CRYSPALEDRAMON,完全体,完全体,竜人型,竜人型,データ,データ,"・フローズンクロー
・カロスディメンション",https://digimon.net/cimages/digimon/cryspaledramon.jpg,False,0,完全体,,5,False,False,False,True,259,5893e5c5251cc4e31db0f3ff5777447771fab8a92355a4362eaea6aeeb6164fb,True
metallicdramon,https://digimon.net/reference/detail.php?directory_name=metallicdramon,メタリックドラモン,METALLICDRAMON,究極体,究極体,天竜型,天竜型,データ,データ,"・レーザーカノン
・レーザーサーベル",https://digimon.net/cimages/digimon/metallicdramon.jpg,False,0,究極体,,6,False,False,False,True,303,0767d3ce176ccd9211331adedbd2674bac75a5ef65a3c5b18c5f5be72f85deb7,True
jazarichmon,https://digimon.net/reference/detail.php?directory_name=jazarichmon,ジャザリッヒモン,JAZARICHMON,完全体,完全体,機竜型,機竜型,データ,データ,"・メッサースパイラル
・N・S・B・M",https://digimon.net/cimages/digimon/jazarichmon.jpg,False,0,完全体,,5,False,False,False,True,199,74bc503f33daad67201cd0662b4efafa923416d24c1dc2dfdda70d78d3a8224d,True
jazardmon,https://digimon.net/reference/detail.php?directory_name=jazardmon,ジャザードモン,JAZARDMON,成熟期,成熟期,機竜型,機竜型,データ,データ,"・レーザーアイ
・ソニックバルカン",https://digimon.net/cimages/digimon/jazardmon.jpg,False,0,成熟期,,4,False,False,False,True,185,baa6de5145aab36889ad737adecd137c33b0d7cac9d343c9861705cbb40d8362,True
jazamon,https://digimon.net/reference/detail.php?directory_name=jazamon,ジャザモン,JAZAMON,成長期,成長期,鳥竜型,鳥竜型,データ,データ,・ココンピック,https://digimon.net/cimages/digimon/jazamon.jpg,False,0,成長期,,3,False,False,False,True,114,94713bb9006d634a7f6c7479b08c17920e52e1519be721b30da67e8680d69956,True
hexeblaumon,https://digimon.net/reference/detail.php?directory_name=hexeblaumon,ヘクセブラウモン,HEXEBLAUMON,究極体,究極体,魔法騎士型,魔法騎士型,データ,データ,"・サモンフロスト
・ヘクトエッジブリザード
・アブソリュートブラスト",https://digimon.net/cimages/digimon/hexeblaumon.jpg,False,0,究極体,,6,False,False,False,True,328,b8f5c241ebd31cf344816a9cbc07f1b591efc04dd8078fc631d7843c01049491,True
paledramon,https://digimon.net/reference/detail.php?directory_name=paledramon,ペイルドラモン,PALEDRAMON,成熟期,成熟期,竜型,竜型,データ,データ,"・アイスエイジ
・メテオヘイル",https://digimon.net/cimages/digimon/paledramon.jpg,False,0,成熟期,,4,False,False,False,True,218,e992573dc67262016d3dae04209524c7aca4c97c2275d04f6ae0e83f580361f3,True
noblepumpmon,https://digimon.net/reference/detail.php?directory_name=noblepumpmon,ノーブルパンプモン,NOBLEPUMPMON,究極体,究極体,パペット型,パペット型,データ,データ,"・トリックオアトリート・ウォレス
・アトランティックダム
・ワッサムリングジャック",https://digimon.net/cimages/digimon/noblepumpmon.jpg,False,0,究極体,,6,False,False,False,True,271,6b8b0079a3bcd5e7cd7c3182852e86c7c47b1bb32fff271caa372436509aace8,True
ogudomon_x,https://digimon.net/reference/detail.php?directory_name=ogudomon_x,オグドモン（X抗体）,OGUDOMON_X,究極体,究極体,化身型,化身型,ウィルス,ウィルス,・デスティニー・デス・デストラクション（Death3）,https://digimon.net/cimages/digimon/ogudomon_x.jpg,False,0,究極体,,6,True,False,False,True,413,13b921b55dc1994163e1e8b8affd5b2387b64ec8fb13b18f2af4418d95091945,True
jesmongx,https://digimon.net/reference/detail.php?directory_name=jesmongx,ジエスモンGX,JESMONGX,究極体,究極体,聖騎士型,聖騎士型,データ,データ,"・聖拳滅破
・ナイツ・イントルーダー",https://digimon.net/cimages/digimon/jesmongx.jpg,False,0,究極体,,6,True,False,False,True,349,e075c147bc6e5f3d2229ca0673b78beaaef5639c7355d8762be07edca77cfaec,True
keramon_x,https://digimon.net/reference/detail.php?directory_name=keramon_x,ケラモン（X抗体）,KERAMON_X,成長期,成長期,種族不明,種族不明,不明,不明,・クレイジーギグル,https://digimon.net/cimages/digimon/keramon_x.jpg,False,0,成長期,,3,True,False,False,True,359,66eccde9c7a4a91be6987ab2c0e57c1aba87b35443a60a82773b04c90ff55a57,True
omegashoutmon_x,https://digimon.net/reference/detail.php?directory_name=omegashoutmon_x,オメガシャウトモン（X抗体）,OMEGASHOUTMON_X,完全体,完全体,竜人型,竜人型,ワクチン,ワクチン,"・フレアロックダマシー
・ヘヴィヒートバルカン
・ジアルマグナム
・オメガ・ザ・フュージョン",https://digimon.net/cimages/digimon/omegashoutmon_x.jpg,False,0,完全体,,5,True,False,False,True,689,54a3b062abe2d7b541b9ddcf710df6b23bcdf6b5855714766816a62d9fa33116,True
meramon_x,https://digimon.net/reference/detail.php?directory_name=meramon_x,メラモン（X抗体）,MERAMON_X,成熟期,成熟期,火炎型,火炎型,データ,データ,・エクスラディケート,https://digimon.net/cimages/digimon/meramon_x.jpg,False,0,成熟期,,4,True,False,False,True,379,1d6edceb08c123c7bb48ce5093ba3dfaacf032d135cc993a40a386eb79467a4d,True
pegasmon_x,https://digimon.net/reference/detail.php?directory_name=pegasmon_x,ペガスモン（X抗体）,PEGASMON_X,成熟期,成熟期,聖獣型,聖獣型,ワクチン,ワクチン,"・メテオライザー
・ゴールデンスクエア
・シークレッドウォール",https://digimon.net/cimages/digimon/pegasmon_x.jpg,False,0,成熟期,,4,True,False,False,True,434,b99c6541db668842f25854cfe33335ab6bd4b4e87229809b18b4c47f79771638,True
rapidmon_x,https://digimon.net/reference/detail.php?directory_name=rapidmon_x,ラピッドモン（X抗体）,RAPIDMON_X,究極体,究極体,聖騎士型,聖騎士型,ワクチン,ワクチン,"・ラピッドブラスター
・レーザーガトリングアーム
・ビリオンバレット",https://digimon.net/cimages/digimon/rapidmon_x.jpg,False,0,究極体,,6,True,False,False,True,468,9863deadf09725edc25b050df38363e842ec240b7794faa136512d643f1ffee0,True
monzaemon_x,https://digimon.net/reference/detail.php?directory_name=monzaemon_x,もんざえモン（X抗体）,MONZAEMON_X,完全体,完全体,パペット型,パペット型,ワクチン,ワクチン,・ラブリースプラッシュ,https://digimon.net/cimages/digimon/monzaemon_x.jpg,False,0,完全体,,5,True,False,False,True,381,846de7ea4e4de118b8acfe8f8d43215f75f24dce17fe383f0e7677172de2df3e,True
gankoomon_x,https://digimon.net/reference/detail.php?directory_name=gankoomon_x,ガンクゥモン（X抗体）,GANKOOMON_X,究極体,究極体,聖騎士型,聖騎士型,データ,データ,"・究極戦技天仰拳
・鉄ゲタ張り手",https://digimon.net/cimages/digimon/gankoomon_x.jpg,False,0,究極体,,6,True,False,False,True,803,c5ac7838bdf6ce616b7d71770fef973ca311d0e9532bf49ac1fe08634d82a6fc,True
examon_x,https://digimon.net/reference/detail.php?directory_name=examon_x,エグザモン（X抗体）,EXAMON_X,究極体,究極体,聖騎士型,聖騎士型,データ,データ,"・ペンドラゴンスパークル
・雷剣ブレイラガハ",https://digimon.net/cimages/digimon/examon_x.jpg,False,0,究極体,,6,True,False,False,True,861,9c0a9e9d06337224e200626c4a22b58f09c6594a1f839d62d6c784af3ea2119b,True
cyberdramon_x,https://digimon.net/reference/detail.php?directory_name=cyberdramon_x,サイバードラモン（X抗体）,CYBERDRAMON_X,完全体,完全体,サイボーグ型,サイボーグ型,ワクチン,ワクチン,"・エクストリームテイラー
・イレイズクロー",https://digimon.net/cimages/digimon/cyberdramon_x.jpg,False,0,完全体,,5,True,False,False,True,454,6ceca75f7432d46059f1e5581566cabb0b71c8e62460211d031bc6eae4e8152f,True
rizegreymon_x,https://digimon.net/reference/detail.php?directory_name=rizegreymon_x,ライズグレイモン（X抗体）,RIZEGREYMON_X,完全体,完全体,サイボーグ型,サイボーグ型,ワクチン,ワクチン,"・サンライズバスター
・ザンスラスト",https://digimon.net/cimages/digimon/rizegreymon_x.jpg,False,0,完全体,,5,True,False,False,True,463,8ec45b1c5305279f4afee60b7cf6240f79c024e0cd1349ebe5aacc6fd49e0434,True
hououmon_x,https://digimon.net/reference/detail.php?directory_name=hououmon_x,ホウオウモン（X抗体）,HOUOUMON_X,究極体,究極体,聖獣型,聖獣型,ワクチン,ワクチン,・スターライトエクスプロージョン,https://digimon.net/cimages/digimon/hououmon_x.jpg,False,0,究極体,,6,True,False,False,True,471,73b024e488e77b1f0d3487e87da061414c28fb375ef086b7bf1d311855b8cd30,True
justimon_x,https://digimon.net/reference/detail.php?directory_name=justimon_x,ジャスティモン（X抗体）,JUSTIMON_X,究極体,究極体,サイボーグ型,サイボーグ型,ワクチン,ワクチン,"・ジャスティスXキック
・ジャスティスXパンチ
・ジャスティスXブレード",https://digimon.net/cimages/digimon/justimon_x.jpg,False,0,究極体,,6,True,False,False,True,599,15a2c05dda18c6654c648958e925a1947b77e1f68755ea82153c1801824fd429,True
wizarmon_x,https://digimon.net/reference/detail.php?directory_name=wizarmon_x,ウィザーモン（X抗体）,WIZARMON_X,成熟期,成熟期,魔人型,魔人型,データ,データ,"・ボルトブレイク
・サンダークラウド",https://digimon.net/cimages/digimon/wizarmon_x.jpg,False,0,成熟期,,4,True,False,False,True,335,6671087dfb38bf30eccc65141758ea1999ae71fa3a7ff70d0cc9f72e4f72b911,True
siesamon_x,https://digimon.net/reference/detail.php?directory_name=siesamon_x,シーサモン（X抗体）,SIESAMON_X,成熟期,成熟期,聖獣型,聖獣型,ワクチン,ワクチン,"・胡劉球（こりゅうきゅう）
・石敢当（せっかんとう）
・ティーダ・イヤ",https://digimon.net/cimages/digimon/siesamon_x.jpg,False,0,成熟期,,4,True,False,False,True,425,c9a0dc6e4b3c8f8d9677d8e15ec1e2bbf8cadeae73b185f3083d4ca2ebbfce71,True
cherubimon_x,https://digimon.net/reference/detail.php?directory_name=cherubimon_x,ケルビモン（善）（X抗体）,CHERUBIMON_X,究極体,究極体,智天使型,智天使型,ワクチン,ワクチン,"・ビリリンハギュー
・ライトニングスピア
・ヘブンズ・ジャッジメント",https://digimon.net/cimages/digimon/cherubimon_x.jpg,False,0,究極体,,6,True,False,False,True,421,121a36aa953aa3c2522f71a2c70afbd63135b08872859525e5e3051cee05cd6a,True
ofanimon_x,https://digimon.net/reference/detail.php?directory_name=ofanimon_x,オファニモン（X抗体）,OFANIMON_X,究極体,究極体,座天使型,座天使型,ワクチン,ワクチン,"・ホーリーマテリアル
・エデンスランス",https://digimon.net/cimages/digimon/ofanimon_x.jpg,False,0,究極体,,6,True,False,False,True,388,b969026a4d89a2b6f4dc9d69cc561f19b6221a8a45874a2a52b7fea8ce4d33ea,True
angewomon_x,https://digimon.net/reference/detail.php?directory_name=angewomon_x,エンジェウーモン（X抗体）,ANGEWOMON_X,完全体,完全体,大天使型,大天使型,ワクチン,ワクチン,"・グランドホーリーアロー
・ヘブンズチャーム",https://digimon.net/cimages/digimon/angewomon_x.jpg,False,0,完全体,,5,True,False,False,True,463,8009d1bf942b7c885e357fdf557be3aa27c902fda6be1965280aba8da7270b94,True
diablomon_x,https://digimon.net/reference/detail.php?directory_name=diablomon_x,ディアボロモン（Ｘ抗体）,DIABLOMON_X,究極体,究極体,種族不明,種族不明,不明,不明,"・スプーキーザッパー
・フェイタルゲイズ
・リワインドアビス13（サーティーン）",https://digimon.net/cimages/digimon/diablomon_x.jpg,False,0,究極体,,6,True,False,False,True,650,a93d1cc004853630600b9a0a08ebcfd3d5654832af867e390e0140599079611e,True
dynasmon_x,https://digimon.net/reference/detail.php?directory_name=dynasmon_x,デュナスモン（X抗体）,DYNASMON_X,究極体,究極体,聖騎士型,聖騎士型,データ,データ,"・ドラゴンズロア
・ブレス・オブ・ワイバーン
・ドラゴンズガスト",https://digimon.net/cimages/digimon/dynasmon_x.jpg,False,0,究極体,,6,True,False,False,True,497,1c11ebe0c04d7c15119fdce8030641653e58b7962b04ed49bb1ff005f2f93676,True
duftmon_x,https://digimon.net/reference/detail.php?directory_name=duftmon_x,ドゥフトモン（X抗体）,DUFTMON_X,究極体,究極体,聖騎士型,聖騎士型,データ,データ,"・アウススターベン
・ブラオンネーベル
・アイネ・ビリオン",https://digimon.net/cimages/digimon/duftmon_x.jpg,False,0,究極体,,6,True,False,False,True,387,b244b39e6feea2011b9f3de1ea61848898716a5145b61a1b6c0443576080e0c0,True
holydramon_x,https://digimon.net/reference/detail.php?directory_name=holydramon_x,ホーリードラモン（X抗体）,HOLYDRAMON_X,究極体,究極体,聖竜型,聖竜型,ワクチン,ワクチン,"・ホーリーフレイム
・ホーリーブレイズ",https://digimon.net/cimages/digimon/holydramon_x.jpg,False,0,究極体,,6,True,False,False,True,454,804bc54bdef1692d2ede0395788c8f12c3205990890446c3fe589aeab2b079dc,True
plesiomon_x,https://digimon.net/reference/detail.php?directory_name=plesiomon_x,プレシオモン（X抗体）,PLESIOMON_X,究極体,究極体,首長竜型,首長竜型,データ,データ,"・ソローブルー
・ファンタジーミスト",https://digimon.net/cimages/digimon/plesiomon_x.jpg,False,0,究極体,,6,True,False,False,True,473,4118b506d5070344a450339f5094fa160b0bf4b4548c67e4cf3d7cef6fed63cb,True
goddramon_x,https://digimon.net/reference/detail.php?directory_name=goddramon_x,ゴッドドラモン（X抗体）,GODDRAMON_X,究極体,究極体,聖竜型,聖竜型,ワクチン,ワクチン,"・ゴッドフレイム
・ゴッドフィスト",https://digimon.net/cimages/digimon/goddramon_x.jpg,False,0,究極体,,6,True,False,False,True,550,c67630743570d059bdb2f495de576afdd54c7e10a11222fd151eaeeb4278351a,True
garudamon_x,https://digimon.net/reference/detail.php?directory_name=garudamon_x,ガルダモン（X抗体）,GARUDAMON_X,完全体,完全体,鳥人型,鳥人型,ワクチン,ワクチン,・シャドーウィング,https://digimon.net/cimages/digimon/garudamon_x.jpg,False,0,完全体,,5,True,False,False,True,477,736e9e5bf0726eea8df83cfb5acde7fa74c5fc9e1a740f7fac88c2f26eb463cb,True
tailmon_x,https://digimon.net/reference/detail.php?directory_name=tailmon_x,テイルモン（X抗体）,TAILMON_X,成熟期,成熟期,聖獣型,聖獣型,ワクチン,ワクチン,"・ネコパンチ
・ホーリーチャイム",https://digimon.net/cimages/digimon/tailmon_x.jpg,False,0,成熟期,,4,True,False,False,True,407,0583433e35f0c7495f55f09a589eaf22499323afbd1111147e28c52a891e1976,True
togemon_x,https://digimon.net/reference/detail.php?directory_name=togemon_x,トゲモン（X抗体）,TOGEMON_X,成熟期,成熟期,植物型,植物型,データ,データ,"・チクチクバンバン
・チクチクバムバム",https://digimon.net/cimages/digimon/togemon_x.jpg,False,0,成熟期,,4,True,False,False,True,545,99b513c7847bb23f1a8f0844b7111a79886f43336b91edf8176e85779710aff7,True
tylomon_x,https://digimon.net/reference/detail.php?directory_name=tylomon_x,ティロモン（X抗体）,TYLOMON_X,成熟期,成熟期,海竜型,海竜型,ワクチン,ワクチン,"・トーピードアタック
・シックルストリーム",https://digimon.net/cimages/digimon/tylomon_x.jpg,False,0,成熟期,,4,True,False,False,True,448,3ca1ccec5ed9f0d3a44223fc7835dec1e5128c7813136e44c4f7b3e03b1bedaf,True
lopmon_x,https://digimon.net/reference/detail.php?directory_name=lopmon_x,ロップモン（X抗体）,LOPMON_X,成長期,成長期,獣型,獣型,データ,データ,"・ブレイジングアイス
・プチツイスター
・ファロストタイフーン",https://digimon.net/cimages/digimon/lopmon_x.jpg,False,0,成長期,,3,True,False,False,True,482,657756eb749b18d93a0fff7e8962c313cef3efb8bf2a242214c3f43ad813c293,True
shakomon_x,https://digimon.net/reference/detail.php?directory_name=shakomon_x,シャコモン（X抗体）,SHAKOMON_X,成長期,成長期,甲殻類型,甲殻類型,ウィルス,ウィルス,・ブラックパール,https://digimon.net/cimages/digimon/shakomon_x.jpg,False,0,成長期,,3,True,False,False,True,388,a66317ec2c2b7967b660ea07891fd0fd97961ae2cb4d5828fb9edad96aed6199,True
terriermon_x,https://digimon.net/reference/detail.php?directory_name=terriermon_x,テリアモン（X抗体）,TERRIERMON_X,成長期,成長期,獣型,獣型,ワクチン,ワクチン,"・ブレイジングファイア
・プチツイスター
・ファロストタイフーン",https://digimon.net/cimages/digimon/terriermon_x.jpg,False,0,成長期,,3,True,False,False,True,470,c586479d714a78dc4a7b5002bc0fadbc800e5f090968c7117c63641fa41e0ab4,True
palmon_x,https://digimon.net/reference/detail.php?directory_name=palmon_x,パルモン（X抗体）,PALMON_X,成長期,成長期,植物型,植物型,データ,データ,"・ポイズンアイビー
・ＲＧＢハーブ",https://digimon.net/cimages/digimon/palmon_x.jpg,False,0,成長期,,3,True,False,False,True,473,d8b05ce06a524735a60308e13a958c4449367015d6a22ba56212a20c084e1690,True
pteranomon_x,https://digimon.net/reference/detail.php?directory_name=pteranomon_x,プテラノモン（X抗体）,PTERANOMON_X,成熟期,成熟期,翼竜型,翼竜型,データ,データ,"・ビークピアス
・ネイルコーム",https://digimon.net/cimages/digimon/pteranomon_x.jpg,False,0,成熟期,,4,True,False,False,True,440,fdb8c8509f0b5501e66901a06e33a78f06cfe86acdf5c656abae9c2315ffce33,True
mamemon_x,https://digimon.net/reference/detail.php?directory_name=mamemon_x,マメモン（X抗体）,MAMEMON_X,完全体,完全体,突然変異型,突然変異型,データ,データ,"・スマイリーボム
・ボムシング",https://digimon.net/cimages/digimon/mamemon_x.jpg,False,0,完全体,,5,True,False,False,True,295,a4f7316a8811686d54f39168cf9dc0577a4d865a35636df0df9c4edacfb794e5,True
ebemon_x,https://digimon.net/reference/detail.php?directory_name=ebemon_x,イーバモン（X抗体）,EBEMON_X,究極体,究極体,サイボーグ型,サイボーグ型,ウィルス,ウィルス,"・ブレインラプチュアー
・プラネットデストロイヤー
・プラネットデストロイヤージャスティス",https://digimon.net/cimages/digimon/ebemon_x.jpg,False,0,究極体,,6,True,False,False,True,543,17b6d4fa2d25e2cd97a370868187e23a634b901fc180361e5ffa7ae961955292,True
sleipmon_x,https://digimon.net/reference/detail.php?directory_name=sleipmon_x,スレイプモン（X抗体）,SLEIPMON_X,究極体,究極体,聖騎士型,聖騎士型,ワクチン,ワクチン,"・スルトブランダー
・ニヴルヘイムアレスト",https://digimon.net/cimages/digimon/sleipmon_x.jpg,False,0,究極体,,6,True,False,False,True,528,671aae660aef3b5c30ebfc0a9976da182ab3dfe380f0ca85f39caddf040d5929,True
craniummon_x,https://digimon.net/reference/detail.php?directory_name=craniummon_x,クレニアムモン（X抗体）,CRANIUMMON_X,究極体,究極体,聖騎士型,聖騎士型,ワクチン,ワクチン,"・グランドグリーズル
・ヒャズニング・ワルツ",https://digimon.net/cimages/digimon/craniummon_x.jpg,False,0,究極体,,6,True,False,False,True,517,d418262f5bc9e55648932151bf8c7e63a120e6b18c07b57ed26a98448d9eb3ed,True
ulforcevdramon_x,https://digimon.net/reference/detail.php?directory_name=ulforcevdramon_x,アルフォースブイドラモン（X抗体）,ULFORCEVDRAMON_X,究極体,究極体,聖騎士型,聖騎士型,ワクチン,ワクチン,・シャイニングＶフォース,https://digimon.net/cimages/digimon/ulforcevdramon_x.jpg,False,0,究極体,,6,True,False,False,True,513,7f1b1ab0df6919209fb4bbbfa5172786d17ec8091f176b3d8d17132c9135f686,True
magnamon_x,https://digimon.net/reference/detail.php?directory_name=magnamon_x,マグナモン（X抗体）,MAGNAMON_X,究極体,究極体,聖騎士型,聖騎士型,ワクチン,ワクチン,"・プラズマシュート
・シャイニングゴールドソーラーストーム",https://digimon.net/cimages/digimon/magnamon_x.jpg,False,0,究極体,,6,True,False,False,True,724,5e16cb14cebf7c4e5df11d3ccf97b22d8c3192e0943760d0db2e8ef56e8589d4,True
megaseadramon_x,https://digimon.net/reference/detail.php?directory_name=megaseadramon_x,メガシードラモン（X抗体）,MEGASEADRAMON_X,完全体,完全体,水棲型,水棲型,データ,データ,"・サンダージャベリン
・キングジャベリン",https://digimon.net/cimages/digimon/megaseadramon_x.jpg,False,0,完全体,,5,True,False,False,True,430,0288047255b4a94908054cfcbd67c4398cd9401fd871c60972ca6d08caf0a0ac,True
triceramon_x,https://digimon.net/reference/detail.php?directory_name=triceramon_x,トリケラモン（X抗体）,TRICERAMON_X,完全体,完全体,角竜型,角竜型,データ,データ,"・トライホーンアタック
・ゴールデントライホーンアタック",https://digimon.net/cimages/digimon/triceramon_x.jpg,False,0,完全体,,5,True,False,False,True,415,d9df154ed3499256c2ba6842f6a6d1eba7cda04a25c670c994a336719ee2f048,True
okuwamon_x,https://digimon.net/reference/detail.php?directory_name=okuwamon_x,オオクワモン（X抗体）,OKUWAMON_X,完全体,完全体,昆虫型,昆虫型,ウィルス,ウィルス,・シザーアームズΩ３^３,https://digimon.net/cimages/digimon/okuwamon_x.jpg,False,0,完全体,,5,True,False,False,True,353,9d5f9e89f94759243ed33c45e6866580a254235c61c1914fdacc7e658e13f59c,True
mantaraymon_x,https://digimon.net/reference/detail.php?directory_name=mantaraymon_x,マンタレイモン（X抗体）,MANTARAYMON_X,成熟期,成熟期,水棲型,水棲型,ワクチン,ワクチン,"・パラライズテイル
・パラライズ・ボム",https://digimon.net/cimages/digimon/mantaraymon_x.jpg,False,0,成熟期,,4,True,False,False,True,609,dc88157c03e9d3b19e3c9e25f1c280f51ddd5a49e0056ccd3f93e44fe6ffaee8,True
nefertimon_x,https://digimon.net/reference/detail.php?directory_name=nefertimon_x,ネフェルティモン（X抗体）,NEFERTIMON_X,成熟期,成熟期,聖獣型,聖獣型,ワクチン,ワクチン,"・カースオブクィーン
・ロゼッタストーン
・カルトゥーシュ",https://digimon.net/cimages/digimon/nefertimon_x.jpg,False,0,成熟期,,4,True,False,False,True,460,5bce03bf17a4768e1209d8a6db460a7e8d5f4e9f43ab901a37ad37c91a269177,True
seadramon_x,https://digimon.net/reference/detail.php?directory_name=seadramon_x,シードラモン（X抗体）,SEADRAMON_X,成熟期,成熟期,水棲型,水棲型,データ,データ,"・アイスアロー
・アイススピアー",https://digimon.net/cimages/digimon/seadramon_x.jpg,False,0,成熟期,,4,True,False,False,True,373,cfc768d9e86627b7f9a881f5b5aab44088ab3834c45f14961c923af090333e66,True
kuwagamon_x,https://digimon.net/reference/detail.php?directory_name=kuwagamon_x,クワガーモン（X抗体）,KUWAGAMON_X,成熟期,成熟期,昆虫型,昆虫型,ウィルス,ウィルス,"・シザーアームズ
・クランチアーム",https://digimon.net/cimages/digimon/kuwagamon_x.jpg,False,0,成熟期,,4,True,False,False,True,318,1f8c353ac164727f3b0b30b6d1ba26b620eea9b481d173f152c6a7df17ecc7b1,True
allomon_x,https://digimon.net/reference/detail.php?directory_name=allomon_x,アロモン（X抗体）,ALLOMON_X,成熟期,成熟期,恐竜型,恐竜型,データ,データ,"・ディノバースト
・ディノフラッシュ",https://digimon.net/cimages/digimon/allomon_x.jpg,False,0,成熟期,,4,True,False,False,True,355,372da922257564a293bc35e1a5393efad8d0774b85e7f36cadc4a6021b40a570,True
gomamon_x,https://digimon.net/reference/detail.php?directory_name=gomamon_x,ゴマモン（X抗体）,GOMAMON_X,成長期,成長期,海獣型,海獣型,ワクチン,ワクチン,・マーチングフィッシィーズ,https://digimon.net/cimages/digimon/gomamon_x.jpg,False,0,成長期,,3,True,False,False,True,489,094be1d9eb0e5ca664e4cf4c45f6891c9419a7721bccedb982970e7e9cd841c9,True
kokuwamon_x,https://digimon.net/reference/detail.php?directory_name=kokuwamon_x,コクワモン（X抗体）,KOKUWAMON_X,成長期,成長期,マシーン型,マシーン型,データ,データ,・シザーアームズミニ,https://digimon.net/cimages/digimon/kokuwamon_x.jpg,False,0,成長期,,3,True,False,False,True,335,5063d0d87bb491e8b34d4a63e55b0e1b784ccc432542ac93eeae2db9afc37077,True
blackwargreymon_x,https://digimon.net/reference/detail.php?directory_name=blackwargreymon_x,ブラックウォーグレイモン（X抗体）,BLACKWARGREYMON_X,究極体,究極体,竜人型,竜人型,ウィルス,ウィルス,"・暗黒のガイアフォース
・ハデスフォース
・アフターバースト",https://digimon.net/cimages/digimon/blackwargreymon_x.jpg,False,0,究極体,,6,True,False,False,True,568,e61857767365686817359fba35e52e3368d5dd9e216519da45e390373d04c0bc,True
ladydevimon_x,https://digimon.net/reference/detail.php?directory_name=ladydevimon_x,レディーデビモン（Ｘ抗体）,LADYDEVIMON_X,完全体,完全体,堕天使型,堕天使型,ウィルス,ウィルス,"・グレイエム
・エンデブレッヘン",https://digimon.net/cimages/digimon/ladydevimon_x.jpg,False,0,完全体,,5,True,False,False,True,386,c25cc05e3053c2ba5d5117fe058d1d0b66956751879cd7c1b65a3f4ce53de988,True
metalgreymon_vi_x,https://digimon.net/reference/detail.php?directory_name=metalgreymon_vi_x,メタルグレイモン（ウィルス種）（Ｘ抗体）,METALGREYMON_VI_X,完全体,完全体,サイボーグ型,サイボーグ型,ウィルス,ウィルス,"・エネルギアブリッツ
・パンデミックデストロイヤー",https://digimon.net/cimages/digimon/metalgreymon_vi_x.jpg,False,0,完全体,,5,True,False,False,True,435,f39447e51783a1e605d9c778b2490b65e1d9a20b10b7b79bdb952ab52f58d9ab,True
orgemon_x,https://digimon.net/reference/detail.php?directory_name=orgemon_x,オーガモン（Ｘ抗体）,ORGEMON_X,成熟期,成熟期,鬼人型,鬼人型,ウィルス,ウィルス,"・覇王拳
・WEEK END",https://digimon.net/cimages/digimon/orgemon_x.jpg,False,0,成熟期,,4,True,False,False,True,396,826efb209d2d5c2846c0c52db6ccd5a6f7a770a239b295472cfdbae254190438,True
agumon_b_x,https://digimon.net/reference/detail.php?directory_name=agumon_b_x,アグモン（黒）（Ｘ抗体）,AGUMON_B_X,成長期,成長期,爬虫類型,爬虫類型,ウィルス,ウィルス,・BBバーナー,https://digimon.net/cimages/digimon/agumon_b_x.jpg,False,0,成長期,,3,True,False,False,True,262,eb9e34bcb4b5ec67bc689feaa2239e7f2409777917f628e6d269bd63e0239eaf,True
rasenmon,https://digimon.net/reference/detail.php?directory_name=rasenmon,ラセンモン,RASENMON,究極体,究極体,獣人型,獣人型,データ,データ,"・ジャイロスマッシュ
・クオリアライズブラスト
・スパイラルヴァニッシュ",https://digimon.net/cimages/digimon/rasenmon.jpg,False,0,究極体,,6,False,False,False,True,364,afd5663b51cfe6a6be5ba7308cf8097ab843642af3140067bb029a3cd7882a7b,True
rasenmon_f,https://digimon.net/reference/detail.php?directory_name=rasenmon_f,ラセンモン：激昂モード,RASENMON：FURY MODE,究極体,究極体,妖獣型,妖獣型,データ,データ,"・デスペレイトボルテックス
・プレデターズバイト
・スパイラル・ヘル",https://digimon.net/cimages/digimon/rasenmon_f.jpg,False,0,究極体,,6,False,False,False,True,300,b70d8398755823c1d0f901fd355c4dc432bd5fb1478433fe291902da41f8270f,True
stiffilmon,https://digimon.net/reference/detail.php?directory_name=stiffilmon,スティフィルモン,STIFFILMON,完全体,完全体,獣人型,獣人型,データ,データ,"・ギガクリムゾンダイブ
・ヴァーミリオンボルテックス",https://digimon.net/cimages/digimon/stiffilmon.jpg,False,0,完全体,,5,False,False,False,True,283,9b94d877799039325194c22c3ded2570c45dff173c98228604c51dd0c955ef86,True
filmon,https://digimon.net/reference/detail.php?directory_name=filmon,フィルモン,FILMON,成熟期,成熟期,獣人型,獣人型,データ,データ,"・ライトニングスティンガー
・クリムゾンスラッシュ",https://digimon.net/cimages/digimon/filmon.jpg,False,0,成熟期,,4,False,False,False,True,177,75277294dbd0884d0bd62a66cbb8a53208f06b1cdce5847bfe00ab44b1cc53fe,True
rosemon_x,https://digimon.net/reference/detail.php?directory_name=rosemon_x,ロゼモン（X抗体）,ROSEMON_X,究極体,究極体,妖精型,妖精型,データ,データ,"・ソーンウィップ
・ローゼンブラッド",https://digimon.net/cimages/digimon/rosemon_x.jpg,False,0,究極体,,6,True,False,False,True,483,db4504522fb65b14a3c5d3cd4911230abfc0025fd6d3234b574372889bd0932a,True
princemamemon_x,https://digimon.net/reference/detail.php?directory_name=princemamemon_x,プリンスマメモン（X抗体）,PRINCEMAMEMON_X,究極体,究極体,突然変異型,突然変異型,データ,データ,"・スマイリーウォーヘッド
・デルモウォーキング",https://digimon.net/cimages/digimon/princemamemon_x.jpg,False,0,究極体,,6,True,False,False,True,259,aeceeb08fe880a9aadb529a46cbfaa04d47e77e1bc6b0ec11b6a8a3ee802e20e,True
skullmammon_x,https://digimon.net/reference/detail.php?directory_name=skullmammon_x,スカルマンモン（X抗体）,SKULLMAMMON_X,究極体,究極体,アンデッド型,アンデッド型,ワクチン,ワクチン,"・スパイラルボーン
・ジャイアントクラッシュボーン",https://digimon.net/cimages/digimon/skullmammon_x.jpg,False,0,究極体,,6,True,False,False,True,431,398d37d508be972cf8fbb95d0172221f3cc8630235df585eca6ee7db8d95d2e6,True
mammon_x,https://digimon.net/reference/detail.php?directory_name=mammon_x,マンモン（X抗体）,MAMMON_X,完全体,完全体,古代獣型,古代獣型,ワクチン,ワクチン,"・タスクストライクス
・ツンドラブレス
・ジオメトリックフリーザー",https://digimon.net/cimages/digimon/mammon_x.jpg,False,0,完全体,,5,True,False,False,True,621,25c9fbce40e793ccf8e63b0a1353863d2a38dbf692f0167fd684bf1ca042cf8c,True
mephismon_x,https://digimon.net/reference/detail.php?directory_name=mephismon_x,メフィスモン（Ｘ抗体）,MEPHISMON_X,完全体,完全体,堕天使型,堕天使型,ウィルス,ウィルス,"・ヘルマニア
・メリーメリーデストラクション",https://digimon.net/cimages/digimon/mephismon_x.jpg,False,0,完全体,,5,True,False,False,True,378,732a7e906e8da5bebf2114c59dcfdd1b98d34c849a03a156f4f89c36fa7fdc42,True
vamdemon_x,https://digimon.net/reference/detail.php?directory_name=vamdemon_x,ヴァンデモン（X抗体）,VAMDEMON_X,完全体,完全体,アンデッド型,アンデッド型,ウィルス,ウィルス,"・ヴァンパイアセオリー
・ブラッディドレイン",https://digimon.net/cimages/digimon/vamdemon_x.jpg,False,0,完全体,,5,True,False,False,True,390,d6b551d434b0b482c7c227b448a553e69886001f66de3184e143146ecc742891,True
plotmon_x,https://digimon.net/reference/detail.php?directory_name=plotmon_x,プロットモン（X抗体）,PLOTMON_X,成長期,成長期,哺乳類型,哺乳類型,ワクチン,ワクチン,"・パピーハウリング
・パピーポー",https://digimon.net/cimages/digimon/plotmon_x.jpg,False,0,成長期,,3,True,False,False,True,397,99178ccc5c725894ce2b35c1a414cc4dc67efdcab2d7796e4e301fd4bfe87340,True
otamamon_x,https://digimon.net/reference/detail.php?directory_name=otamamon_x,オタマモン（X抗体）,OTAMAMON_X,成長期,成長期,両生類型,両生類型,ウィルス,ウィルス,"・ララバイバブル
・スマイリーヘッドバット",https://digimon.net/cimages/digimon/otamamon_x.jpg,False,0,成長期,,3,True,False,False,True,430,ff135ff7812b14b1cb823e180a4714c33f9e42bd9c2b59e1b77321a5f00bb7b9,True
yarmon,https://digimon.net/reference/detail.php?directory_name=yarmon,ヤーモン,YARMON,幼年期Ⅱ,幼年期Ⅱ,レッサー型,レッサー型,,,・ペイントスプラッシュ,https://digimon.net/cimages/digimon/yarmon.jpg,False,0,幼年期Ⅱ,,2,False,False,False,True,105,3ca1f89e83b12283eb41beceda7a8123d366f7108a8283441c98b223319ea1f1,True
keemon,https://digimon.net/reference/detail.php?directory_name=keemon,キーモン,KEEMON,幼年期Ⅰ,幼年期Ⅰ,スライム型,スライム型,,,・プシュー,https://digimon.net/cimages/digimon/keemon.jpg,False,0,幼年期Ⅰ,,1,False,False,False,True,110,b3f8773063442c0f0ed5da14eaefa4ecd51e4eabe58ac1bdda0d8cfb8fc21beb,True
impmon_x,https://digimon.net/reference/detail.php?directory_name=impmon_x,インプモン（Ｘ抗体）,IMPMON_X,成長期,成長期,小悪魔型,小悪魔型,ウィルス,ウィルス,"・ナイト・オブ・ファイアー
・サモンチェイサー",https://digimon.net/cimages/digimon/impmon_x.jpg,False,0,成長期,,3,True,False,False,True,451,0c1b488723427b66341034cc952c2f107cccd195af4d5e2c8d3cf4605041f472,True
darktyranomon_x,https://digimon.net/reference/detail.php?directory_name=darktyranomon_x,ダークティラノモン（Ｘ抗体）,DARKTYRANOMON_X,成熟期,成熟期,恐竜型,恐竜型,ウィルス,ウィルス,"・ファイアーブラスト
・フレイムスナッチ",https://digimon.net/cimages/digimon/darktyranomon_x.jpg,False,0,成熟期,,4,True,False,False,True,371,092a554f4eec17b97cffbddac463294aa6f093f1b9ff74daa3a824176ae18586,True
numemon_x,https://digimon.net/reference/detail.php?directory_name=numemon_x,ヌメモン（Ｘ抗体）,NUMEMON_X,成熟期,成熟期,軟体型,軟体型,ウィルス,ウィルス,・ウンチラッシュ,https://digimon.net/cimages/digimon/numemon_x.jpg,False,0,成熟期,,4,True,False,False,True,301,e056ce518328b80dd85b645fa0485d0e20d680464b4fbd97fb5a17f630198163,True
lucemon_x,https://digimon.net/reference/detail.php?directory_name=lucemon_x,ルーチェモン（Ｘ抗体）,LUCEMON_X,究極体,究極体,魔王型,魔王型,ウィルス,ウィルス,"・パラダイスロスト
・パーガトリアルフレイム
・セブンス・ディバイン・クルス",https://digimon.net/cimages/digimon/lucemon_x.jpg,False,0,究極体,,6,True,False,False,True,631,39e3dc01f00b1441c9eb2638425b673b9c91c2cf44a3a27a693862a3a0395a69,True
lilithmon_x,https://digimon.net/reference/detail.php?directory_name=lilithmon_x,リリスモン（Ｘ抗体）,LILITHMON_X,究極体,究極体,魔王型,魔王型,ウィルス,ウィルス,"・ナザルネイル
・ファントムペイン
・セブンス・ファシネイト",https://digimon.net/cimages/digimon/lilithmon_x.jpg,False,0,究極体,,6,True,False,False,True,519,494972725180c64fb4fe4db6c7cf80a8fa8066456687d3e620bf1e283fa8d8ec,True
leviamon_x,https://digimon.net/reference/detail.php?directory_name=leviamon_x,リヴァイアモン（Ｘ抗体）,LEVIAMON_X,究極体,究極体,魔王型,魔王型,ウィルス,ウィルス,"・カウダ・モルティフェラ
・ロストルム・トリアデンス
・セブンス・ライトニング",https://digimon.net/cimages/digimon/leviamon_x.jpg,False,0,究極体,,6,True,False,False,True,573,dc012ecccd992c490c762c0399b33060e7cdee0c35623757e0db6fcc99fbb12e,True
belphemon_x,https://digimon.net/reference/detail.php?directory_name=belphemon_x,ベルフェモン（Ｘ抗体）,BELPHEMON_X,究極体,究極体,魔王型,魔王型,ウィルス,ウィルス,"・ランプランツス
・ギフトオブダークネス
・セブンス・ペネトレート",https://digimon.net/cimages/digimon/belphemon_x.jpg,False,0,究極体,,6,True,False,False,True,483,d4371534649822a8e4af152e42c690c034a49658d889ac5eb18dd08460594a05,True
barbamon_x,https://digimon.net/reference/detail.php?directory_name=barbamon_x,バルバモン（Ｘ抗体）,BARBAMON_X,究極体,究極体,魔王型,魔王型,ウィルス,ウィルス,"・デスルアー
・パンデモニウムロスト
・セブンス・ジュエライズ",https://digimon.net/cimages/digimon/barbamon_x.jpg,False,0,究極体,,6,True,False,False,True,537,5b663868d21bcd153f3198370416013e9a7da846979a62fa65e92243e16b4f88,True
demon_x,https://digimon.net/reference/detail.php?directory_name=demon_x,デーモン（Ｘ抗体）,DEMON_X,究極体,究極体,魔王型,魔王型,ウィルス,ウィルス,"・フレイムインフェルノ
・セブンス・グラビトン
・インフェルノバースト",https://digimon.net/cimages/digimon/demon_x.jpg,False,0,究極体,,6,True,False,False,True,587,3f146293f1310f4970c43bac1268abaf0ac1d82887f5aee866296e7f71c39825,True
darkknightmon_x,https://digimon.net/reference/detail.php?directory_name=darkknightmon_x,ダークナイトモン（Ｘ抗体）,DARKKNIGHTMON_X,究極体,究極体,暗黒騎士型,暗黒騎士型,ウィルス,ウィルス,"・クルーエルトルネード
・デッドリーブレイクロスト
・アンデッドソルジャー",https://digimon.net/cimages/digimon/darkknightmon_x.jpg,False,0,究極体,,6,True,False,False,True,481,5d7adb4bf9db5fdd81147360002f775986447c9b26bee621b74f0b1329dcfa78,True
cherubimondark_x,https://digimon.net/reference/detail.php?directory_name=cherubimondark_x,ケルビモン（悪）（Ｘ抗体）,CHERUBIMONDARK_X,究極体,究極体,智天使型,智天使型,ワクチン,ワクチン,"・ライトニングスピア
・ヘブンズ・ジャッジメント
・ダークネスプリズン",https://digimon.net/cimages/digimon/cherubimondark_x.jpg,False,0,究極体,,6,True,False,False,True,384,af4c6104394935803d49d05ad50a49ec7fcbe5548d5b04677654a3eb8048069f,True
ofanimonfdm_x,https://digimon.net/reference/detail.php?directory_name=ofanimonfdm_x,オファニモン：フォールダウンモード（Ｘ抗体）,OFANIMON:FALLDOWNMODE_X,究極体,究極体,堕天使型,堕天使型,ワクチン,ワクチン,"・デモンズクリスタル
・フレイムヘルサイズ
・ビヘッドスラッシャー",https://digimon.net/cimages/digimon/ofanimonfdm_x.jpg,False,0,究極体,,6,True,False,False,True,399,7fc74f31ef2688f7e53d234a0e73bb333f98c68eb7e7b09530be83b845b02b19,True
ultimatechaosmon,https://digimon.net/reference/detail.php?directory_name=ultimatechaosmon,アルティメットカオスモン,ULTIMATECHAOSMON,究極体,究極体,特異型,特異型,不明,不明,"・ブロウクンデストロイ
・ウルティマバースト",https://digimon.net/cimages/digimon/ultimatechaosmon.jpg,False,0,究極体,,6,False,False,False,True,292,360ee02d00a680b676ec496618c22aba143939ea3a03a50237321ce58b15abc6,True
pusurimon,https://digimon.net/reference/detail.php?directory_name=pusurimon,プスリモン,PUSURIMON,幼年期Ⅱ,幼年期Ⅱ,レッサー型,レッサー型,,,・チクチクローリング,https://digimon.net/cimages/digimon/pusurimon.jpg,False,0,幼年期Ⅱ,,2,False,False,False,True,118,2d6aee6167fc32959009f43ac78a6b216d2f2c727c45baae3536d32dd450a8e9,True
pusumon,https://digimon.net/reference/detail.php?directory_name=pusumon,プスモン,PUSUMON,幼年期Ⅰ,幼年期Ⅰ,スライム型,スライム型,,,・おしゃぶり,https://digimon.net/cimages/digimon/pusumon.jpg,False,0,幼年期Ⅰ,,1,False,False,False,True,129,7e24479015d9af5ea9a4362a050a5e070bd343fb4790d6efd52884cef48f3bd7,True
surfimon,https://digimon.net/reference/detail.php?directory_name=surfimon,サーフィモン,SURFIMON,究極体,究極体,サイボーグ型,サイボーグ型,ワクチン,ワクチン,"・バリアブレード
・ライトニングカッター",https://digimon.net/cimages/digimon/surfimon.jpg,False,0,究極体,,6,False,False,False,True,187,d52efe20b2e436d2380c90264b7f5f1178bda10e3957f0c0aa3b9540f92acce4,True
bulucomon,https://digimon.net/reference/detail.php?directory_name=bulucomon,ブルコモン,BULUCOMON,成長期,成長期,小竜型,小竜型,データ,データ,"・ベビーヘイル
・アイスマッシュ",https://digimon.net/cimages/digimon/bulucomon.jpg,False,0,成長期,,3,False,False,False,True,226,657e4aacc721e1624f79f3c6c739f0eb18493f65fe42ba085a15ff80b2f8474a,True
herissmon,https://digimon.net/reference/detail.php?directory_name=herissmon,エリスモン,HERISSMON,成長期,成長期,哺乳類型,哺乳類型,データ,データ,"・ライトニングファー
・ケンザンダイブ",https://digimon.net/cimages/digimon/herissmon.jpg,False,0,成長期,,3,False,False,False,True,225,aefbd584101df94c5d65df8e58e313f6ffe182d6013e56313dae0750e7505053,True
metalgarurumon_black,https://digimon.net/reference/detail.php?directory_name=metalgarurumon_black,メタルガルルモン（黒）,METALGARURUMON_BLACK,究極体,究極体,サイボーグ型,サイボーグ型,ウィルス,ウィルス,"・コキュートスブレス
・ガルルトマホーク
・グレイスクロスフリーザー",https://digimon.net/cimages/digimon/metalgarurumon_black.jpg,False,0,究極体,,6,False,False,False,True,208,0fa3090578a94a7612e7f390a97ff149b7cd2dd40069e634a6081636a30bcb21,True
weregarurumon_black,https://digimon.net/reference/detail.php?directory_name=weregarurumon_black,ワーガルルモン（黒）,WEREGARURUMON_BLACK,完全体,完全体,獣人型,獣人型,ウィルス,ウィルス,・カイザーネイル,https://digimon.net/cimages/digimon/weregarurumon_black.jpg,False,0,完全体,,5,False,False,False,True,88,d92372256441c949bac9f065def6b95806e974d4155056ff214b8d99697d795b,True
garurumon_black,https://digimon.net/reference/detail.php?directory_name=garurumon_black,ガルルモン（黒）,GARURUMON_BLACK,成熟期,成熟期,獣型,獣型,ウィルス,ウィルス,・フォックスファイアー,https://digimon.net/cimages/digimon/garurumon_black.jpg,False,0,成熟期,,4,False,False,False,True,128,24e3bcf66eaaae049b9f1733d0101494aff380d8e961b3fa3127668ad59dbc98,True
justimon_blitzarm,https://digimon.net/reference/detail.php?directory_name=justimon_blitzarm,ジャスティモン：ブリッツアーム,JUSTIMON_BLITZARM,究極体,究極体,サイボーグ型,サイボーグ型,ワクチン,ワクチン,"・トリニティーアーム
・ジャスティスキック",https://digimon.net/cimages/digimon/justimon_blitzarm.jpg,False,0,究極体,,6,False,False,False,True,310,cb26d708377f2d5a5511824bffb5b8f9e94d1a966a6f4d44575104fbb6d79d9a,True
ginkakumon_promote,https://digimon.net/reference/detail.php?directory_name=ginkakumon_promote,ギンカクモンプロモート,GINKAKUMON_PROMOTE,成熟期,成熟期,鬼人型,鬼人型,ウィルス,ウィルス,・火電鬼爆波（ひでんきばくは）,https://digimon.net/cimages/digimon/ginkakumon_promote.jpg,False,0,成熟期,,4,False,False,False,True,106,c0c505a2ad8752f5f090e70959f0127e09868f4da0eea2e9532532b892364824,True
icedevimon,https://digimon.net/reference/detail.php?directory_name=icedevimon,アイスデビモン,ICEDEVIMON,成熟期,成熟期,堕天使型,堕天使型,ウィルス,ウィルス,・フロストクロー,https://digimon.net/cimages/digimon/icedevimon.jpg,False,0,成熟期,,4,False,False,False,True,85,372baaf809c7c3ce95a4931d62d5c16958d23cfa6e779186d647c84bdd5be61c,True
kuzuhamon_miko,https://digimon.net/reference/detail.php?directory_name=kuzuhamon_miko,クズハモン：巫女モード,KUZUHAMON_MIKO,究極体,究極体,神人型,神人型,データ,データ,"・裏飯綱（うらいづな）
・胎蔵界曼荼羅（たいぞうかいまんだら）",https://digimon.net/cimages/digimon/kuzuhamon_miko.jpg,False,0,究極体,,6,False,False,False,True,58,2f6546faef6b2e90e772f62b0aaf564db070cca4b717f9c1c4e9965ee1c7f26f,True
megalograwmon_orange,https://digimon.net/reference/detail.php?directory_name=megalograwmon_orange,メガログラウモン（橙）,MEGALOGRAWMON_ORANGE,完全体,完全体,サイボーグ型,サイボーグ型,データ,データ,"・ダブルエッジ
・アトミックブラスター",https://digimon.net/cimages/digimon/megalograwmon_orange.jpg,False,0,完全体,,5,False,False,False,True,108,d59c8e4989ee0e5eed8a63f29fb9d6699f5901803f20bdc3f19d3daaebd750de,True
greymon_blue,https://digimon.net/reference/detail.php?directory_name=greymon_blue,グレイモン（青）,GREYMON_BLUE,成熟期,成熟期,恐竜型,恐竜型,ウィルス,ウィルス,・メガフレイム,https://digimon.net/cimages/digimon/greymon_blue.jpg,False,0,成熟期,,4,False,False,False,True,102,3e5a75513c5ce3f40500cdb6ea16e2b53ec84f40dc7d2ac9b070c9dd3b766986,True
shoutmon_king,https://digimon.net/reference/detail.php?directory_name=shoutmon_king,シャウトモン（キングVer.）,SHOUTMON_KING,"成熟期
(クロスウォーズ)","成熟期
(クロスウォーズ)",小竜型,小竜型,データ,データ,"・ロックダマシー
・ソウルクラッシャー
・ラウディロッカー",https://digimon.net/cimages/digimon/shoutmon_king.jpg,False,0,成熟期,クロスウォーズ,4,False,False,False,True,201,d048bf2f1180f8d2eb38ea8ea4e16974a4d5856137bf71399a25bf3900f63528,True
wargreymon_x,https://digimon.net/reference/detail.php?directory_name=wargreymon_x,ウォーグレイモン（X抗体）,WARGREYMON_X,究極体,究極体,竜人型,竜人型,ワクチン,ワクチン,"・ガイアフォースＺＥＲＯ
・アフターバースト",https://digimon.net/cimages/digimon/wargreymon_x.jpg,False,0,究極体,,6,True,False,False,True,653,1d5909887a969c8d2ac039a5f373c512094c301050fec6319eeadebe09ee1128,True
metalgarurumon_x,https://digimon.net/reference/detail.php?directory_name=metalgarurumon_x,メタルガルルモン（X抗体）,METALGARURUMON_X,究極体,究極体,サイボーグ型,サイボーグ型,データ,データ,"・メタルストーム
・コキュートスブレス",https://digimon.net/cimages/digimon/metalgarurumon_x.jpg,False,0,究極体,,6,True,False,False,True,508,9314a55b841eb3df46f437661b22d06920bab09fb881a136f330300d907ef4ad,True
megidramon_x,https://digimon.net/reference/detail.php?directory_name=megidramon_x,メギドラモン（X抗体）,MEGIDRAMON_X,究極体,究極体,邪竜型,邪竜型,ウィルス,ウィルス,"・ヘル・ハウリング
・メギドフレイム",https://digimon.net/cimages/digimon/megidramon_x.jpg,False,0,究極体,,6,True,False,False,True,672,3539ad99fda00f578569f93c916c3cf4d489a9048a7698aa093213b24bf02c0b,True
weregarurumon_x,https://digimon.net/reference/detail.php?directory_name=weregarurumon_x,ワーガルルモン（X抗体）,WEREGARURUMON_X,完全体,完全体,獣人型,獣人型,ワクチン,ワクチン,・カイザーネイル,https://digimon.net/cimages/digimon/weregarurumon_x.jpg,False,0,完全体,,5,True,False,False,True,426,f1c73d56da829be09ff79c5d28f2ac6c87b278b538777f7e34c30c725002d6fe,True
lilimon_x,https://digimon.net/reference/detail.php?directory_name=lilimon_x,リリモン（X抗体）,LILIMON_X,完全体,完全体,妖精型,妖精型,データ,データ,"・スリーピーバッド
・フラウカノン",https://digimon.net/cimages/digimon/lilimon_x.jpg,False,0,完全体,,5,True,False,False,True,538,738423cbe745be3a7036bde7d1e927b4141e8457fc07f32960ce270e5e6fb0bd,True
sakuyamon_x,https://digimon.net/reference/detail.php?directory_name=sakuyamon_x,サクヤモン（Ｘ抗体）,SAKUYAMON_X,究極体,究極体,神人型,神人型,データ,データ,"・金剛界曼荼羅（こんごうかいまんだら）
・此ノ花戦姫万象（このはなせんきばんしょう）
・宇迦之御魂（うかのみたま）",https://digimon.net/cimages/digimon/sakuyamon_x.jpg,False,0,究極体,,6,True,False,False,True,619,e8a19a4e59c54765a5cd023c604472e6eea741095a9777b8e3a0dabd110fcf58,True
beelzebumon_x,https://digimon.net/reference/detail.php?directory_name=beelzebumon_x,ベルゼブモン（X抗体）,BEELZEBUMON_X,究極体,究極体,魔王型,魔王型,ウィルス,ウィルス,"・グラトニーフレア
・ダークネスクロウ
・ダブルインパクト
・セブンス・フルクラスター",https://digimon.net/cimages/digimon/beelzebumon_x.jpg,False,0,究極体,,6,True,False,False,True,671,978922d9251febe0046372f3bc6a47166adfe12f88268ca471c91ea811cf4ba1,True
megalogrowmon_x,https://digimon.net/reference/detail.php?directory_name=megalogrowmon_x,メガログラウモン（X抗体）,MEGALOGROWMON_X,完全体,完全体,サイボーグ型,サイボーグ型,ウィルス,ウィルス,"・ダブルエッジΣ（シグマ）
・アトミックブラスター
・アトミックメガロブラスター",https://digimon.net/cimages/digimon/megalogrowmon_x.jpg,False,0,完全体,,5,True,False,False,True,501,3eea4a999882a06328562a23c5d1b580b8ef6c7c49a5d7ba81ba0524ede2c98d,True
rhinomon_x,https://digimon.net/reference/detail.php?directory_name=rhinomon_x,ライノモン（Ｘ抗体）,RHINOMON_X,成熟期,成熟期,哺乳類型,哺乳類型,ワクチン,ワクチン,"・アイン・ソフ・オウル
・アトミックブレイド
・スピリットバースト",https://digimon.net/cimages/digimon/rhinomon_x.jpg,False,0,成熟期,,4,True,False,False,True,489,9d49dd3715f6d9681671444c3acd15cc4c18b604b382c72313baab89ae108ccc,True
renamon_x,https://digimon.net/reference/detail.php?directory_name=renamon_x,レナモン（Ｘ抗体）,RENAMON_X,成長期,成長期,獣人型,獣人型,データ,データ,"・太極旋（たいきょくせん）
・狐蝶幻（こちょうげん）",https://digimon.net/cimages/digimon/renamon_x.jpg,False,0,成長期,,3,True,False,False,True,466,49ffee4498abb1791ec8ca8769a2d8ab556d2e362a99fbd5f2f0aa33e783068d,True
tokomon_x,https://digimon.net/reference/detail.php?directory_name=tokomon_x,トコモン（Ｘ抗体）,TOKOMON_X,幼年期Ⅱ,幼年期Ⅱ,レッサー型,レッサー型,,,"・トコトコダイブ
・噛み付き",https://digimon.net/cimages/digimon/tokomon_x.jpg,False,0,幼年期Ⅱ,,2,True,False,False,True,331,019e64f316842d1f769996b0c816886cd41ac7a3d2a4fae6ec5e3535e34956f7,True
beelstarmon_x,https://digimon.net/reference/detail.php?directory_name=beelstarmon_x,ベルスターモン（Ｘ抗体）,BEELSTARMON_X,究極体,究極体,魔人型,魔人型,ウィルス,ウィルス,"・ダブルクロウ
・フライバレット・セグンド
・ディスタンシア・セロ",https://digimon.net/cimages/digimon/beelstarmon_x.jpg,False,0,究極体,,6,True,False,False,True,670,4be2c0747a6760bc3e27327c29696935479435009975f1f0d1b65d09d3ae3b82,True
dukemon_x,https://digimon.net/reference/detail.php?directory_name=dukemon_x,デュークモン（X抗体）,DUKEMON_X,究極体,究極体,聖騎士型,聖騎士型,ウィルス,ウィルス,"・ジークセイバー
・ファイナル・エリシオン",https://digimon.net/cimages/digimon/dukemon_x.jpg,False,0,究極体,,6,True,False,False,True,633,a7e6dc7abc3a2da6f6708df6d2c35a35b4afb3edb0a525d2bb5efaaf623c9d59,True
cerberumon_x,https://digimon.net/reference/detail.php?directory_name=cerberumon_x,ケルベロモン（X抗体）,CERBERUMON_X,完全体,完全体,魔獣型,魔獣型,ワクチン,ワクチン,"・インフェルノゲート
・ヘルファイアー",https://digimon.net/cimages/digimon/cerberumon_x.jpg,False,0,完全体,,5,True,False,False,True,488,8e4a73e575d466092fe98eaa58c9506dee8859aee1e0ad89a78beed47abb051f,True
tyranomon_x,https://digimon.net/reference/detail.php?directory_name=tyranomon_x,ティラノモン（X抗体）,TYRANOMON_X,成熟期,成熟期,恐竜型,恐竜型,データ,データ,"・クリムゾンブレス
・クラッシュローリング",https://digimon.net/cimages/digimon/tyranomon_x.jpg,False,0,成熟期,,4,True,False,False,True,429,ff8f39fc847de2433a3c0225230ed738e2c7514a9a8b191f932b0a5865c770dc,True
dracomon_x,https://digimon.net/reference/detail.php?directory_name=dracomon_x,ドラコモン（X抗体）,DRACOMON_X,成長期,成長期,竜型,竜型,データ,データ,"・ベビーブレイズ
・スマッシュホーン
・ジ・シュルネン",https://digimon.net/cimages/digimon/dracomon_x.jpg,False,0,成長期,,3,True,False,False,True,673,7aaa1a1874710bc5c0bb30ebffb286b28649925c024071d04c036f08a08f8f36,True
gabumon_x,https://digimon.net/reference/detail.php?directory_name=gabumon_x,ガブモン（X抗体）,GABUMON_X,成長期,成長期,獣型,獣型,データ,データ,・プチファイアー,https://digimon.net/cimages/digimon/gabumon_x.jpg,False,0,成長期,,3,True,False,False,True,362,f550a8e809cc098462b64850a561e69f881ea1c09707456a59fbdb0f52ba5029,True
minervamon_x,https://digimon.net/reference/detail.php?directory_name=minervamon_x,ミネルヴァモン（X抗体）,MINERVAMON_X,究極体,究極体,神人型,神人型,ウィルス,ウィルス,"・ホーンテッドピルス
・クレイジーゴーラウンド
・サンクタス・トルメンタム",https://digimon.net/cimages/digimon/minervamon_x.jpg,False,0,究極体,,6,True,False,False,True,707,0fb327ba1ae4c908418fe3bd9937a9fe71606f94ef5c816bf4021b6150f24a4e,True
lordknightmon_x,https://digimon.net/reference/detail.php?directory_name=lordknightmon_x,ロードナイトモン（X抗体）,LORDKNIGHTMON_X,究極体,究極体,聖騎士型,聖騎士型,ウィルス,ウィルス,"・ロードオブフラタニティ
・ノブレス・オブ・ルージュ
・究極戦突剣（きゅうきょくせんとつけん）グランローゼリオ",https://digimon.net/cimages/digimon/lordknightmon_x.jpg,False,0,究極体,,6,True,False,False,True,694,3a295f2ea12a075c1c937c7b36cbd406baaf9aafbb337b28ccdf02d1932634cb,True
sistermon_ciel,https://digimon.net/reference/detail.php?directory_name=sistermon_ciel,シスタモン シエル,SISTERMON_CIEL,成熟期,成熟期,パペット型,パペット型,データ,データ,"・白詰一文字切り
・白殺（びゃくさい）
・突蜂（とっほう）",https://digimon.net/cimages/digimon/sistermon_ciel.jpg,False,0,成熟期,,4,False,False,False,True,306,fac2edea25a9f85fd3d7d7d0b03c0a254df1162b6d73bdaefdb1e2970560c14c,True
metaltyranomon_x,https://digimon.net/reference/detail.php?directory_name=metaltyranomon_x,メタルティラノモン（X抗体）,METALTYRANOMON_X,完全体,完全体,サイボーグ型,サイボーグ型,ウィルス,ウィルス,"・ギガデストロイヤーⅡ
・ヌークリアレーザーⅡ",https://digimon.net/cimages/digimon/metaltyranomon_x.jpg,False,0,完全体,,5,True,False,False,True,498,e97d376e5d3c5e4f172b4dbe7bfa01f31889fa6b9103f2d716a8e19bd6e2ad53,True
leomon_x,https://digimon.net/reference/detail.php?directory_name=leomon_x,レオモン（X抗体）,LEOMON_X,成熟期,成熟期,獣人型,獣人型,ワクチン,ワクチン,・獣王拳,https://digimon.net/cimages/digimon/leomon_x.jpg,False,0,成熟期,,4,True,False,False,True,376,fecc9937cdacbc4bba118bbb2f4ae3cea90f146f98ebf4edc770fbb616788bec,True
agumon_x,https://digimon.net/reference/detail.php?directory_name=agumon_x,アグモン（X抗体）,AGUMON_X,成長期,成長期,恐竜型,恐竜型,ワクチン,ワクチン,"・ベビーフレイム
・ベビーバーナー",https://digimon.net/cimages/digimon/agumon_x.jpg,False,0,成長期,,3,True,False,False,True,335,c07d0d6c20c4782f45378e343df19b180e03793036d202ba6a5604723864598f,True
jesmon_x,https://digimon.net/reference/detail.php?directory_name=jesmon_x,ジエスモン（X抗体）,JESMON_X,究極体,究極体,聖騎士型,聖騎士型,データ,データ,"・鉄拳断罪
・シュベルトフリューゲル
・究極戦刃聖覇剣（きゅうきょくせんじんせいばけん）",https://digimon.net/cimages/digimon/jesmon_x.jpg,False,0,究極体,,6,True,False,False,True,712,686f6d6a27f24f7b52cbaad0b9af26d5dbc418b44db5724035ed669a65364bc5,True
ragnaloardmon,https://digimon.net/reference/detail.php?directory_name=ragnaloardmon,ラグナロードモン,RAGNALOARDMON,究極体,究極体,特異型,特異型,ウィルス,ウィルス,"・ディレクトスマッシャー
・イグニッションプロミネンス
・デュエルエッジフロージョン",https://digimon.net/cimages/digimon/ragnaloardmon.jpg,False,0,究極体,,6,False,False,False,True,536,66c0cc3aff704d3c5882862b96f6d8f37f2b19ffd9766f5bfb6b767c93759e6d,True
rafflesimon,https://digimon.net/reference/detail.php?directory_name=rafflesimon,ラフレシモン,RAFFLESIMON,究極体,究極体,妖精型,妖精型,データ,データ,"・バレエガン
・ウィスレン",https://digimon.net/cimages/digimon/rafflesimon.jpg,False,0,究極体,,6,False,False,False,True,337,104d17a24e9668dcdd904e8ae798938a2a20168183445db007085d0eb94bef88,True
ordinemon,https://digimon.net/reference/detail.php?directory_name=ordinemon,オルディネモン,ORDINEMON,究極体,究極体,堕天使型,堕天使型,ウィルス,ウィルス,"・エンド・オブ・ザ・ワールド
・マグナヴィジビリティ
・サモン・アポカリプス",https://digimon.net/cimages/digimon/ordinemon.jpg,False,0,究極体,,6,False,False,False,True,403,a541e95a3c65b1ba28b79ba530fa7b2fe561d22631aaf9676b19fe16d7d09029,True
raptorsparrowmon,https://digimon.net/reference/detail.php?directory_name=raptorsparrowmon,ラプタースパロウモン,RAPTORSPARROWMON,"成熟期
(クロスウォーズ)","成熟期
(クロスウォーズ)",サイボーグ型,サイボーグ型,データ,データ,"・ラプターグラップル
・クラッシュチャージ",https://digimon.net/cimages/digimon/raptorsparrowmon.jpg,False,0,成熟期,クロスウォーズ,4,False,False,False,True,212,54a5dd0b18ba1ad46faca8d079759dd58381c9c713e69c9849c375bb9e4987fd,True
banchogolemon,https://digimon.net/reference/detail.php?directory_name=banchogolemon,バンチョーゴーレモン,BANCHOGOLEMON,究極体,究極体,鉱物型,鉱物型,ウィルス,ウィルス,"・天波返し（てんばがえし）
・漢癪ダスト（かんしゃくダスト）
・世堀クロードリル（よぼりクロードリル）",https://digimon.net/cimages/digimon/banchogolemon.jpg,False,0,究極体,,6,False,False,False,True,366,017bbce75b537fbb6bb53e7044876188929bc877e4b8565bc71e6fbba519951c,True
cerberumon_werewolfmode,https://digimon.net/reference/detail.php?directory_name=cerberumon_werewolfmode,ケルベロモン：人狼モード,CERBERUMON:WEREWOLFMODE,完全体,完全体,魔人型,魔人型,ワクチン,ワクチン,"・インフェルノディバイド
・サーベラスイレイズ
・ヘルファイアー",https://digimon.net/cimages/digimon/cerberumon_werewolfmode.jpg,False,0,完全体,,5,False,False,False,True,330,b2ccf43600cfe67661818c1791b1632109eed64da55bcc0f41108c6b4fcaa676,True
growmon_orange,https://digimon.net/reference/detail.php?directory_name=growmon_orange,グラウモン（橙）,GROWMON_ORANGE,成熟期,成熟期,魔竜型,魔竜型,データ,データ,"・プラズマブレイド
・エキゾーストフレイム",https://digimon.net/cimages/digimon/growmon_orange.jpg,False,0,成熟期,,4,False,False,False,True,94,6edd7c9805e0e605d8acf660c6cfbbd2f302e82fb10cca6546d5b40a9c48e04c,True
toyagumon_black,https://digimon.net/reference/detail.php?directory_name=toyagumon_black,トイアグモン（黒）,TOYAGUMON_BLACK,成長期,成長期,パペット型,パペット型,ウィルス,ウィルス,・トイフレイム,https://digimon.net/cimages/digimon/toyagumon_black.jpg,False,0,成長期,,3,False,False,False,True,85,48a3248cec275011719b9eb8c1fc3b00fcd87a622e06f1a8e657f44d850c5edf,True
shootingstarmon,https://digimon.net/reference/detail.php?directory_name=shootingstarmon,シューティングスターモン,SHOOTINGSTARMON,"成熟期
(クロスウォーズ)","成熟期
(クロスウォーズ)",超メジャー型,超メジャー型,データ,データ,"・アストロボンバー
・ダイナマイトソウル
・リュウセイロックダマシー",https://digimon.net/cimages/digimon/shootingstarmon.jpg,False,0,成熟期,クロスウォーズ,4,False,False,False,True,239,8cae0247d4d9110fe658140b72d6f55a155516792ade2c09c544c693a20cf309,True
justimon_criticalarm,https://digimon.net/reference/detail.php?directory_name=justimon_criticalarm,ジャスティモン：クリティカルアーム,JUSTIMON_CRITICALARM,究極体,究極体,サイボーグ型,サイボーグ型,ワクチン,ワクチン,"・トリニティーアーム
・ジャスティスキック",https://digimon.net/cimages/digimon/justimon_criticalarm.jpg,False,0,究極体,,6,False,False,False,True,310,cb26d708377f2d5a5511824bffb5b8f9e94d1a966a6f4d44575104fbb6d79d9a,True
yatagaramon_axcel,https://digimon.net/reference/detail.php?directory_name=yatagaramon_axcel,ヤタガラモン,YATAGARAMON_AXCEL,完全体,完全体,妖鳥型,妖鳥型,ワクチン,ワクチン,"・甕布都神（ミカフツノカミ）
・羽黒（ハグロ）",https://digimon.net/cimages/digimon/yatagaramon_axcel.jpg,False,0,完全体,,5,False,False,False,True,395,a051abcf82c9d578a147a10a646e527e590358eafdf0cb57207cefbbc8f2f6ef,True
dinohumon,https://digimon.net/reference/detail.php?directory_name=dinohumon,ディノヒューモン,DINOHUMON,成熟期,成熟期,竜人型,竜人型,データ,データ,・リザードダンス,https://digimon.net/cimages/digimon/dinohumon.jpg,False,0,成熟期,,4,False,False,False,True,127,4ddd02b993a2f58e6e82401533a4418e241c8c26499eb4ebc13c297e36710425,True
rapidmon_gold,https://digimon.net/reference/detail.php?directory_name=rapidmon_gold,ラピッドモン,RAPIDMON_GOLD,アーマー体,アーマー体,聖騎士型,聖騎士型,ワクチン,ワクチン,"・ラピッドファイア
・ゴールデントライアングル",https://digimon.net/cimages/digimon/rapidmon_gold.jpg,False,0,アーマー体,,7,False,False,False,True,198,003f1e1c2a400e254fcc5fd07781a0b317b892f438ef9948576e25f603366186,True
yaegerdorurumon,https://digimon.net/reference/detail.php?directory_name=yaegerdorurumon,イェーガードルルモン,YAEGERDORURUMON,"完全体
(クロスウォーズ)","完全体
(クロスウォーズ)",獣人型,獣人型,ウィルス,ウィルス,"・ヴァイスシュピラーレ
・シュバルツナーゲル",https://digimon.net/cimages/digimon/yaegerdorurumon.jpg,False,0,完全体,クロスウォーズ,5,False,False,False,True,200,4faa4341b3e30b2cc7b4f8101222a052ba87977bbd359743baaf4a697cf9be8a,True
gundramon,https://digimon.net/reference/detail.php?directory_name=gundramon,ガンドラモン,GUNDRAMON,究極体,究極体,マシーン型,マシーン型,ウィルス,ウィルス,"・デルブリッツ
・プラッツェンクロイツ
・ゲヴァルトシュベルマー",https://digimon.net/cimages/digimon/gundramon.jpg,False,0,究極体,,6,False,False,False,True,314,8330fee60bc8fa18b35e4d7086aeb096661091c7b0ec480401b70c2cbcd3c2cf,True
aegiochusmon_holly,https://digimon.net/reference/detail.php?directory_name=aegiochusmon_holly,アイギオテュースモン：ホーリー,AEGIOCHUSMON_HOLLY,完全体,完全体,神人型,神人型,ワクチン,ワクチン,"・ライトニングシャワー
・サンダースラッシュ
・サークレットディフェンス",https://digimon.net/cimages/digimon/aegiochusmon_holly.jpg,False,0,完全体,,5,False,False,False,True,366,dc31ab4f19c7b634dca3691e277002e97ed9d8a282a00b88f55a08e8fa85c740,True
gabumon_black,https://digimon.net/reference/detail.php?directory_name=gabumon_black,ガブモン（黒）,GABUMON_BLACK,成長期,成長期,爬虫類型,爬虫類型,ウィルス,ウィルス,・プチファイアー,https://digimon.net/cimages/digimon/gabumon_black.jpg,False,0,成長期,,3,False,False,False,True,120,f0123ff8e20c9bb109263ee21784cb74e22c9776da77182cd41b99b816e9b1a8,True
pipimon,https://digimon.net/reference/detail.php?directory_name=pipimon,ピピモン,PIPIMON,幼年期Ⅰ,幼年期Ⅰ,スライム型,スライム型,,,・,https://digimon.net/cimages/digimon/pipimon.jpg,False,0,幼年期Ⅰ,,1,False,False,False,True,68,bfd46dc58263f1c028c6d0feefdcec75ccde79de9dc1532d7c3067f4de9cb8d5,True
raguelmon,https://digimon.net/reference/detail.php?directory_name=raguelmon,ラグエルモン,RAGUELMON,究極体,究極体,不明,不明,不明,不明,"・フォルムタラニス
・パーホルス",https://digimon.net/cimages/digimon/raguelmon.jpg,False,0,究極体,,6,False,False,False,True,260,0843a1654d928d35a80b088578283029b7f3487d4499d57cee60d3c6709e1bbb,True
bryweludramon,https://digimon.net/reference/detail.php?directory_name=bryweludramon,ブリウエルドラモン,BRYWELUDRAMON,究極体,究極体,防具型,防具型,データ,データ,"・グレンストーム
・ブラストスマッシュ",https://digimon.net/cimages/digimon/bryweludramon.jpg,False,0,究極体,,6,False,False,False,True,447,64edc790c1568423c8e71512c668318a881114d224d690e37c3f9a722a17ddff,True
volcanicdramon,https://digimon.net/reference/detail.php?directory_name=volcanicdramon,ヴォルケニックドラモン,VOLCANICDRAMON,究極体,究極体,地竜型,地竜型,ウィルス,ウィルス,"・ヴォルケニック・フレア
・グライドブレイズ",https://digimon.net/cimages/digimon/volcanicdramon.jpg,False,0,究極体,,6,False,False,False,True,312,83906acd9c7bc8a13360bb668e06a64db19172bda6dfc1d87488cc3d17f83fbf,True
lavogaritamon,https://digimon.net/reference/detail.php?directory_name=lavogaritamon,ラヴォガリータモン,LAVOGARITAMON,完全体,完全体,岩竜型,岩竜型,ウィルス,ウィルス,"・メルダイナー
・ワイルドブラスト",https://digimon.net/cimages/digimon/lavogaritamon.jpg,False,0,完全体,,5,False,False,False,True,245,9474bf827817979f04413aa7dd1388d0a72e5b255dfc2f41667311c960eef9a4,True
meicrackmon_v,https://digimon.net/reference/detail.php?directory_name=meicrackmon_v,メイクラックモン：ヴィシャスモード,MEICRACKMON_VICIOUSMODE,完全体,完全体,不明,不明,不明,不明,・フェルトメイド,https://digimon.net/cimages/digimon/meicrackmon_v.jpg,False,0,完全体,,5,False,False,False,True,217,d58a4d347dc4187620fe0afb292042800176f4aa262dd88cf2e0badf23156715,True
mastemon,https://digimon.net/reference/detail.php?directory_name=mastemon,マスティモン,MASTEMON,究極体,究極体,天使型,天使型,ワクチン,ワクチン,"・ホーリーディザイア
・ダークディスパイア
・カオスディグレイド",https://digimon.net/cimages/digimon/mastemon.jpg,False,0,究極体,,6,False,False,False,True,389,53d5bfdb7ddd14752752b7e5d905c79cc0cabe6c8a70c5d402a8b1930e7f9eb1,True
voltobautamon,https://digimon.net/reference/detail.php?directory_name=voltobautamon,ボルトバウタモン,VOLTOBAUTAMON,究極体,究極体,魔人型,魔人型,ウィルス,ウィルス,"・パラズィヴァルツァー
・クオーツィオーネ",https://digimon.net/cimages/digimon/voltobautamon.jpg,False,0,究極体,,6,False,False,False,True,296,3604b168c8bccd1feae4ea81e8df0fbcb56f620d963b130ba82f7e6df6e54c4a,True
raijiludomon,https://digimon.net/reference/detail.php?directory_name=raijiludomon,ライジルドモン,RAIJILUDOMON,完全体,完全体,防具型,防具型,データ,データ,"・ライトニングバスター
・ロケットメッサー",https://digimon.net/cimages/digimon/raijiludomon.jpg,False,0,完全体,,5,False,False,False,True,241,8ab2e16f7062a7a014549fea1b71797e6b6c2c8bf320a84f8753877b899f10a1,True
tialudomon,https://digimon.net/reference/detail.php?directory_name=tialudomon,ティアルドモン,TIALUDOMON,成熟期,成熟期,防具型,防具型,データ,データ,"・フリスビッカー
・アサルトクロー",https://digimon.net/cimages/digimon/tialudomon.jpg,False,0,成熟期,,4,False,False,False,True,222,73fe3ca9ee7674586cd5f10113bd27e12d5f355539f9e463c6cbbaf1aa0fd98f,True
lavorvomon,https://digimon.net/reference/detail.php?directory_name=lavorvomon,ラヴォーボモン,LAVORVOMON,成熟期,成熟期,岩竜型,岩竜型,ウィルス,ウィルス,"・グレイトフレイム
・アースタンプ",https://digimon.net/cimages/digimon/lavorvomon.jpg,False,0,成熟期,,4,False,False,False,True,228,519be8e5485f54a0e77542b1994b6ab7521cc6c3658fb415bee304562aeb52fa,True
bushiagumon,https://digimon.net/reference/detail.php?directory_name=bushiagumon,ブシアグモン,BUSHIAGUMON,成長期,成長期,恐竜型,恐竜型,ワクチン,ワクチン,"・超低速一文字斬り
・超高速一文字斬り",https://digimon.net/cimages/digimon/bushiagumon.jpg,False,0,成長期,,3,False,False,False,True,131,f225753f05027f2674c2af8d1c3fe8cc2da6284871f03a0f52c350e49ba91c72,True
ludomon,https://digimon.net/reference/detail.php?directory_name=ludomon,ルドモン,LUDOMON,成長期,成長期,防具型,防具型,データ,データ,・ウォルレーキ,https://digimon.net/cimages/digimon/ludomon.jpg,False,0,成長期,,3,False,False,False,True,204,c211de427ff5fd0cf6442603d519f244d55b0934159a4cda342bed68dc3ef1eb,True
kakkinmon,https://digimon.net/reference/detail.php?directory_name=kakkinmon,カッキンモン,KAKKINMON,幼年期Ⅱ,幼年期Ⅱ,防具型,防具型,,,・カンカン,https://digimon.net/cimages/digimon/kakkinmon.jpg,False,0,幼年期Ⅱ,,2,False,False,False,True,124,8e994db376a790887c7a29009e8c09132b8f746260d1167029df0f162e79c6d1,True
cotsucomon,https://digimon.net/reference/detail.php?directory_name=cotsucomon,コツコモン,COTSUCOMON,幼年期Ⅰ,幼年期Ⅰ,防具型,防具型,,,・コッツン,https://digimon.net/cimages/digimon/cotsucomon.jpg,False,0,幼年期Ⅰ,,1,False,False,False,True,115,ad7cf4ae88a50b35cfa8ae9a3ca08f8ba405c822ba2631b3f1968556ddb5eca4,True
andiramon_2,https://digimon.net/reference/detail.php?directory_name=andiramon_2,アンティラモン,ANDIRAMON_2,完全体,完全体,聖獣型,聖獣型,ウィルス,ウィルス,"・メディテーションキュア
・マントラチャント",https://digimon.net/cimages/digimon/andiramon_2.jpg,False,0,完全体,,5,False,False,False,True,201,2bc66349b0a42aed256089c314c5efb86c6af088ce25c1d33f2208efc155621a,True
meicoomon,https://digimon.net/reference/detail.php?directory_name=meicoomon,メイクーモン,MEICOOMON,成熟期,成熟期,不明,不明,不明,不明,"・シャットクロー
・トリコベゾアール
・エクススクラッチ",https://digimon.net/cimages/digimon/meicoomon.jpg,False,0,成熟期,,4,False,False,False,True,184,a5b68d19feef88f49b2bbde84858bdee49c1870092206f01333a81d443ae4736,True
whamon_2,https://digimon.net/reference/detail.php?directory_name=whamon_2,ホエーモン（成熟期）,WHAMON_2,成熟期,成熟期,水棲型,水棲型,ワクチン,ワクチン,・ジェットアロー,https://digimon.net/cimages/digimon/whamon_2.jpg,False,0,成熟期,,4,False,False,False,True,156,5d47adce78d611e50c85e53a9ffb8344ec8b564a4640fc93b09cc0f932132574,True
gekomon,https://digimon.net/reference/detail.php?directory_name=gekomon,ゲコモン,GEKOMON,成熟期,成熟期,両生類型,両生類型,ウィルス,ウィルス,・クラッシュシンフォニー,https://digimon.net/cimages/digimon/gekomon.jpg,False,0,成熟期,,4,False,False,False,True,193,cc28bb6e21333681bf4b24f045ddb3716bd665d99f3576461312f962e3f2197f,True
vorvomon,https://digimon.net/reference/detail.php?directory_name=vorvomon,ヴォーボモン,VORVOMON,成長期,成長期,岩竜型,岩竜型,ウィルス,ウィルス,・プチフレイム,https://digimon.net/cimages/digimon/vorvomon.jpg,False,0,成長期,,3,False,False,False,True,115,dc88b65d3de666bedc667adbc2aad5ec36be1a1cabb3463b715190a30a200200,True
atlurballistamon,https://digimon.net/reference/detail.php?directory_name=atlurballistamon,アトラーバリスタモン,ATLURBALLISTAMON,"完全体
(クロスウォーズ)","完全体
(クロスウォーズ)",マシーン型,マシーン型,ワクチン,ワクチン,"・プラズマクラック
・ロケットバンカー",https://digimon.net/cimages/digimon/atlurballistamon.jpg,False,0,完全体,クロスウォーズ,5,False,False,False,True,180,5da75915caf9afa182e6afd5f0c2db8ef42c89c2b6233d33ac4c5e680087ed0d,True
omegamon_alter-b,https://digimon.net/reference/detail.php?directory_name=omegamon_alter-b,オメガモン Alter-B,OMEGAMON_ALTER-B,究極体,究極体,聖騎士型,聖騎士型,ウィルス,ウィルス,"・ガルルソード
・グレイキャノン",https://digimon.net/cimages/digimon/omegamon_alter-b.jpg,False,0,究極体,,6,False,False,False,True,98,e7cf5b19165950f4f0dcf4186b2ea219580d31363fe76bf064ce6b723472563e,True
blackmachgaogamon,https://digimon.net/reference/detail.php?directory_name=blackmachgaogamon,ブラックマッハガオガモン,BLACKMACHGAOGAMON,完全体,完全体,サイボーグ型,サイボーグ型,データ,データ,"・ガオガトルネード
・ウィニングナックル
・ハウリングキャノン",https://digimon.net/cimages/digimon/blackmachgaogamon.jpg,False,0,完全体,,5,False,False,False,True,179,9c81df338d32549d80639b49fbd931ea84d5b8a8835bf31ede5994b37363e5c1,True
blackgaogamon,https://digimon.net/reference/detail.php?directory_name=blackgaogamon,ブラックガオガモン,BLACKGAOGAMON,成熟期,成熟期,獣型,獣型,データ,データ,"・ダッシュダブルクロー
・ガオガハウンド
・スパイラルブロー",https://digimon.net/cimages/digimon/blackgaogamon.jpg,False,0,成熟期,,4,False,False,False,True,232,be6ed098ce1c269dbd53a6282404d8cfe29120871b9c9d09ad455efa66943885,True
falcomon-2006,https://digimon.net/reference/detail.php?directory_name=falcomon-2006,ファルコモン（２００６アニメ版）,FALCOMON-2006,成長期,成長期,鳥型,鳥型,ワクチン,ワクチン,"・スクラッチスマッシュ
・手裏裏剣（しゅりりんけん）
・打竹落し（うちたけおとし）",https://digimon.net/cimages/digimon/falcomon-2006.jpg,False,0,成長期,,3,False,False,False,True,207,3f59052a81afc78208c1b0ee0b862febb5db71a8c82e892c0091cc3d5eccc5a0,True
kudamon-2006,https://digimon.net/reference/detail.php?directory_name=kudamon-2006,クダモン（２００６アニメ版）,KUDAMON-2006,成長期,成長期,聖獣型,聖獣型,ワクチン,ワクチン,"・弾丸旋風（だんがんせんぷう）
・絶光衝（ぜっこうしょう）
・ホーリーショット",https://digimon.net/cimages/digimon/kudamon-2006.jpg,False,0,成長期,,3,False,False,False,True,262,53a4f107c26546bd84478421d90dd2151bdd2ce0bfbcb40964213b5a75f4979e,True
neo,https://digimon.net/reference/detail.php?directory_name=neo,ネオ,NEO,不明,不明,不明,不明,不明,不明,"・ジャッジメント
・ゼロ・ジェネシス",https://digimon.net/cimages/digimon/neo.jpg,False,0,不明,,10,False,False,False,True,417,e8c6a7a0ec707691e57487ae0769950681c960beed5702f4848176f758deeb3e,True
yakiimon,https://digimon.net/reference/detail.php?directory_name=yakiimon,ヤキイモン,YAKIIMON,"成熟期
(クロスウォーズ)","成熟期
(クロスウォーズ)",植物型,植物型,ワクチン,ワクチン,"・ベニアズマ・ストレート
・ベニアズマ・アッパーカット",https://digimon.net/cimages/digimon/yakiimon.jpg,False,0,成熟期,クロスウォーズ,4,False,False,False,True,228,c5f0171ff508a12f157cd220ccf2eb9b4934df25951e3da4f50a784b32265cb1,True
monimon,https://digimon.net/reference/detail.php?directory_name=monimon,モニモン,MONIMON,"幼年期Ⅱ
(クロスウォーズ)","幼年期Ⅱ
(クロスウォーズ)",ブラウン型,ブラウン型,,,"・乱破（らっぱ）
・水破（すっぱ）
・突破（とっぱ）",https://digimon.net/cimages/digimon/monimon.jpg,False,0,幼年期Ⅱ,クロスウォーズ,2,False,False,False,True,229,be1dae23c604a41740cb28a85ddff78d86b91eb5831ea540ae1b55472a8e5dcf,True
monitamon,https://digimon.net/reference/detail.php?directory_name=monitamon,モニタモン,MONITAMON,"成長期
(クロスウォーズ)","成長期
(クロスウォーズ)",ブラウン型,ブラウン型,データ,データ,"・火弾
・水竜
・風車
・電閃
・索敵",https://digimon.net/cimages/digimon/monitamon.jpg,False,0,成長期,クロスウォーズ,3,False,False,False,True,269,194e1058c354fbf27cc3e0fdfdc3d151ffe7037b2d92b411ade30bf625644d58,True
mervamon,https://digimon.net/reference/detail.php?directory_name=mervamon,メルヴァモン,MERVAMON,"究極体
(クロスウォーズ)","究極体
(クロスウォーズ)",神人型,神人型,ウィルス,ウィルス,"・ナイトストーカー
・ラブポイズン
・ファイナルストライクロール
・マッドネスメリーゴーランドＤＸ",https://digimon.net/cimages/digimon/mervamon.jpg,False,0,究極体,クロスウォーズ,6,False,False,False,True,442,afe10a866fc6580565fb0de0774384ebb73550c0476e3c2ad46f5af4e198cdb4,True
metalgreymon_cyberlauncher,https://digimon.net/reference/detail.php?directory_name=metalgreymon_cyberlauncher,メタルグレイモン＋サイバーランチャー,METALGREYMON+CYBERLAUNCHER,"完全体
(クロスウォーズ)","完全体
(クロスウォーズ)",強化型,強化型,ウィルス,ウィルス,"・サイバーギガンティックランチャー
・コロナル・マス・エジェクション",https://digimon.net/cimages/digimon/metalgreymon_cyberlauncher.jpg,False,0,完全体,クロスウォーズ,5,False,False,False,True,146,1a37e416ce2784e9407c95b7df5ad4f2cb7823da55bd951b095950519d49d7b1,True
metalgreymon,https://digimon.net/reference/detail.php?directory_name=metalgreymon,メタルグレイモン（2010アニメ版）,METALGREYMON,"完全体
(クロスウォーズ)","完全体
(クロスウォーズ)",サイボーグ型,サイボーグ型,ウィルス,ウィルス,"・トライデントアーム
・ギガデストロイヤー",https://digimon.net/cimages/digimon/metalgreymon.jpg,False,0,完全体,クロスウォーズ,5,False,False,False,True,222,1afde98cbb209c0c7fd67848de1fe3ace0776eedab9f2e4edfd63b7b103bf34a,True
mailbirdramon,https://digimon.net/reference/detail.php?directory_name=mailbirdramon,メイルバードラモン,MAILBIRDRAMON,"成熟期
(クロスウォーズ)","成熟期
(クロスウォーズ)",マシーン型,マシーン型,データ,データ,"・プラズマキャノン
・ナイトホーク
・トライデントテール",https://digimon.net/cimages/digimon/mailbirdramon.jpg,False,0,成熟期,クロスウォーズ,4,False,False,False,True,251,2843bafa488aadae8aaa7216011c4b3cea5dea97d469872e7e99fc335926d336,True
musoknightmon,https://digimon.net/reference/detail.php?directory_name=musoknightmon,ムソーナイトモン,MUSOKNIGHTMON,"完全体
(クロスウォーズ)","完全体
(クロスウォーズ)",強化型,強化型,ウィルス,ウィルス,"・強羅打雷銃（ゴウラダライガン）
・超力鳴動破（チョウリキメイドウハ）
・魔重力呪縛陣（まじゅうりょくじゅばくじん）",https://digimon.net/cimages/digimon/musoknightmon.jpg,False,0,完全体,クロスウォーズ,5,False,False,False,True,363,f1a0e505a371042b0fe9a50423589a501122f4a56ce05ca9654a97267f9128be,True
madleomon:armedmode,https://digimon.net/reference/detail.php?directory_name=madleomon:armedmode,マッドレオモン：アームドモード,MADLEOMON:ARMEDMODE,"成熟期
(クロスウォーズ)","成熟期
(クロスウォーズ)",アンデッド型,アンデッド型,ウィルス,ウィルス,"・The Lion Sleeps Tonight
・Lion Heart",https://digimon.net/cimages/digimon/madleomon:armedmode.jpg,False,0,成熟期,クロスウォーズ,4,False,False,False,True,386,2098ec05aa093f143df27d385755e3cb9a7bece5cf3fe376f8bea4ac5904309a,True
madleomon,https://digimon.net/reference/detail.php?directory_name=madleomon,マッドレオモン,MADLEOMON,"成熟期
(クロスウォーズ)","成熟期
(クロスウォーズ)",アンデッド型,アンデッド型,ウィルス,ウィルス,"・獣王堕拳
・腐毒爪",https://digimon.net/cimages/digimon/madleomon.jpg,False,0,成熟期,クロスウォーズ,4,False,False,False,True,305,d7aa82df0f966f0be933233c7cfae9297d0af3eb7685f18a234442af87976e96,True
bombmon-xwars,https://digimon.net/reference/detail.php?directory_name=bombmon-xwars,ボムモン（2010アニメ版）,BOMBMON-XWARS,"幼年期Ⅰ
(クロスウォーズ)","幼年期Ⅰ
(クロスウォーズ)",スライム型,スライム型,,,"・ボンバーヘッド
・ファイヤーワークスレボリューション",https://digimon.net/cimages/digimon/bombmon-xwars.jpg,False,0,幼年期Ⅰ,クロスウォーズ,1,False,False,False,True,203,1fd22d061e57acddfc914f85d33a331f0621230573c229255ac477a4e376db03,True
beelzebumon-xwars,https://digimon.net/reference/detail.php?directory_name=beelzebumon-xwars,ベルゼブモン（2010アニメ版）,BEELZEBUMON-XWARS,"究極体
(クロスウォーズ)","究極体
(クロスウォーズ)",魔王型,魔王型,ウィルス,ウィルス,"・デス・ザ・キャノン
・ダークネスクロウ",https://digimon.net/cimages/digimon/beelzebumon-xwars.jpg,False,0,究極体,クロスウォーズ,6,False,False,False,True,343,745ad1d19153e615db702e6d7f5e99de0c917de858e2df448cac8f065f5c8cde,True
blastmon,https://digimon.net/reference/detail.php?directory_name=blastmon,ブラストモン,BLASTMON,"究極体
(クロスウォーズ)","究極体
(クロスウォーズ)",鉱物型,鉱物型,ワクチン,ワクチン,"・ダイアモンドマシンガン
・ダイアモンドヘッジホッグ
・プリズムフラッシュ
・クリスタルブレス",https://digimon.net/cimages/digimon/blastmon.jpg,False,0,究極体,クロスウォーズ,6,False,False,False,True,328,a63a8249978a0946bd93ccf4c1eec190263d51213713e3d6218b2d56ac32eff0,True
footmon,https://digimon.net/reference/detail.php?directory_name=footmon,フットモン,FOOTMON,"完全体
(クロスウォーズ)","完全体
(クロスウォーズ)",サイボーグ型,サイボーグ型,ワクチン,ワクチン,"・ライトニングシュート
・ライトニングオーバーヘッド",https://digimon.net/cimages/digimon/footmon.jpg,False,0,完全体,クロスウォーズ,5,False,False,False,True,200,7ee4bc7ff336f97bbae5f27323b2e9e086ce70078b0e75545b9bea28754da7ee,True
pillomon,https://digimon.net/reference/detail.php?directory_name=pillomon,ピロモン,PILLOMON,"成長期
(クロスウォーズ)","成長期
(クロスウォーズ)",哺乳類型,哺乳類型,ワクチン,ワクチン,"・ララバイバブル
・悪夢の泡",https://digimon.net/cimages/digimon/pillomon.jpg,False,0,成長期,クロスウォーズ,3,False,False,False,True,216,4946b5283953640fa56f63e4629c3d9496320b26325e21f3a86dd16b1ab7ca78,True
pickmon,https://digimon.net/reference/detail.php?directory_name=pickmon,ピックモン,PICKMON,"幼年期Ⅱ
(クロスウォーズ)","幼年期Ⅱ
(クロスウォーズ)",マイナー型,マイナー型,,,"・チンチクリン
・シュガープラム",https://digimon.net/cimages/digimon/pickmon.jpg,False,0,幼年期Ⅱ,クロスウォーズ,2,False,False,False,True,211,1a1772b872d90666aee61b8d7a1a255c94a2c7aaa58fba97f2533d056fd20204,True
baristamon,https://digimon.net/reference/detail.php?directory_name=baristamon,バリスタモン,BARISTAMON,"成熟期
(クロスウォーズ)","成熟期
(クロスウォーズ)",マシーン型,マシーン型,ワクチン,ワクチン,"・ホーンブレイカー
・へヴィスピーカー",https://digimon.net/cimages/digimon/baristamon.jpg,False,0,成熟期,クロスウォーズ,4,False,False,False,True,421,af396a84990bbc7da1b7b473806cc409a053143fe0e1e6d464953602d2c606b0,True
bacomon,https://digimon.net/reference/detail.php?directory_name=bacomon,バコモン,BACOMON,"成長期
(クロスウォーズ)","成長期
(クロスウォーズ)",突然変異型,突然変異型,データ,データ,"・ガムロール
・トランスデリバリー",https://digimon.net/cimages/digimon/bacomon.jpg,False,0,成長期,クロスウォーズ,3,False,False,False,True,244,e493fa1d0420ee357c18a3b560750164cbae50889ae939710340ce24bd66aa48,True
bagramon,https://digimon.net/reference/detail.php?directory_name=bagramon,バグラモン,BAGRAMON,"究極体
(クロスウォーズ)","究極体
(クロスウォーズ)",魔王型,魔王型,ウィルス,ウィルス,"・アストラルスナッチャー
・スカーレットブラッドワイン
・インビジブルスネークアイズ",https://digimon.net/cimages/digimon/bagramon.jpg,False,0,究極体,クロスウォーズ,6,False,False,False,True,480,162756ec96be32ec7ace66af5ce65261f8799c5c9cd2f6e67e5dc8a44f377b4f,True
hi-visionmonitamon,https://digimon.net/reference/detail.php?directory_name=hi-visionmonitamon,ハイビジョンモニタモン,HI-VISIONMONITAMON,"成熟期
(クロスウォーズ)","成熟期
(クロスウォーズ)",液晶薄型,液晶薄型,データ,データ,"・電影烈破（でんえいれっぱ）
・光電殺法之陣（こうでんさっぽうのじん）
・癒天光(いてんこう）
・業火弾（ごうかだん）
・爆水竜（ばくすいりゅう）
・暴風車（ぼうふうしゃ）
・雷電閃（らいでんじん）
・瞬索敵（しゅんさくてき）",https://digimon.net/cimages/digimon/hi-visionmonitamon.jpg,False,0,成熟期,クロスウォーズ,4,False,False,False,True,518,93e0cfd20c6a8ce74f53b00d75283e782f8d2e5b6d3a20c529c869a19103f144,True
baalmon,https://digimon.net/reference/detail.php?directory_name=baalmon,バアルモン,BAALMON,"完全体
(クロスウォーズ)","完全体
(クロスウォーズ)",魔人型,魔人型,フリー,フリー,"・カミウチ
・ギルティッシュ
・リークインフォメーション",https://digimon.net/cimages/digimon/baalmon.jpg,False,0,完全体,クロスウォーズ,5,False,False,False,True,344,0069dcfa23e476d60ab0d75cbc115cf64ff268f67169125dee91081c411a3d91,True
neovamdemon,https://digimon.net/reference/detail.php?directory_name=neovamdemon,ネオヴァンデモン,NEOVAMDEMON,"究極体
(クロスウォーズ)","究極体
(クロスウォーズ)",アンデッド型,アンデッド型,ウィルス,ウィルス,"・ナイトメアレイド
・ブラッディストリームグレイド
・ギャディアックレイド",https://digimon.net/cimages/digimon/neovamdemon.jpg,False,0,究極体,クロスウォーズ,6,False,False,False,True,425,99c4c10f708d9f9134bb9d7a180d9ea8d2b30d3d50b6b59438a1161afd7248e8,True
dondokomon,https://digimon.net/reference/detail.php?directory_name=dondokomon,ドンドコモン,DONDOKOMON,"成長期
(クロスウォーズ)","成長期
(クロスウォーズ)",楽器型,楽器型,ワクチン,ワクチン,"・ドンドコ音頭
・乱れ打ちラッシュ
・極め太鼓",https://digimon.net/cimages/digimon/dondokomon.jpg,False,0,成長期,クロスウォーズ,3,False,False,False,True,271,e3b1348a4f5eb942b8dc967247eaf32f36fec376c901db3c029561eb60fe66b9,True
donshoutmon,https://digimon.net/reference/detail.php?directory_name=donshoutmon,ドンシャウトモン,DONSHOUTMON,"成熟期
(クロスウォーズ)","成熟期
(クロスウォーズ)",強化型,強化型,データ,データ,"・漢魂乱れ太鼓
・ラウディドラマー",https://digimon.net/cimages/digimon/donshoutmon.jpg,False,0,成熟期,クロスウォーズ,4,False,False,False,True,435,60667e9eea4d808e18e5cdac65d367a982fd4b2bd07bf176fa56b69ae1b98a32,True
dorulumon,https://digimon.net/reference/detail.php?directory_name=dorulumon,ドルルモン,DORULUMON,"成熟期
(クロスウォーズ)","成熟期
(クロスウォーズ)",獣型,獣型,ウィルス,ウィルス,"・ドリルバスター
・ドルルトルネード
・ドリルブレーダー",https://digimon.net/cimages/digimon/dorulumon.jpg,False,0,成熟期,クロスウォーズ,4,False,False,False,True,349,f75f4027c1f19fb5d3719c4f7cdc6d6877e1e98bb5342ee0b984ee5d33a531db,True
dorbickmon,https://digimon.net/reference/detail.php?directory_name=dorbickmon,ドルビックモン,DORBICKMON,"究極体
(クロスウォーズ)","究極体
(クロスウォーズ)",竜人型,竜人型,ウィルス,ウィルス,"・タイラントコルブラント
・バーニング・ザ・ドラゴン
・ドラゴンブレストニックファイア",https://digimon.net/cimages/digimon/dorbickmon.jpg,False,0,究極体,クロスウォーズ,6,False,False,False,True,327,a01ca81c8dffa52a466fd9911e6d5deb7740036e2c4ccde0af130949f6d5d649,True
troopmon,https://digimon.net/reference/detail.php?directory_name=troopmon,トループモン,TROOPMON,"成熟期
(クロスウォーズ)","成熟期
(クロスウォーズ)",アンデッド型,アンデッド型,データ,データ,"・ハラショーアタック
・デスマーチ",https://digimon.net/cimages/digimon/troopmon.jpg,False,0,成熟期,クロスウォーズ,4,False,False,False,True,265,f30e4e3bd47c4a258b24fbac476163a2b90e0093c06d37cbc5f6dd024ffbfaa6,True
deadlyaxemon,https://digimon.net/reference/detail.php?directory_name=deadlyaxemon,デッドリーアックスモン,DEADLYAXEMON,"成熟期
(クロスウォーズ)","成熟期
(クロスウォーズ)",魔獣型,魔獣型,ウィルス,ウィルス,"・エアスライサー
・アクアレジア
・アクアレイジ",https://digimon.net/cimages/digimon/deadlyaxemon.jpg,False,0,成熟期,クロスウォーズ,4,False,False,False,True,341,f1479119c1c45213c7174f0ae2ce3f58efa76697765b8695ba4de6412fb7c8fe,True
deckerdramon,https://digimon.net/reference/detail.php?directory_name=deckerdramon,デッカードラモン,DECKERDRAMON,"成熟期
(クロスウォーズ)","成熟期
(クロスウォーズ)",サイボーグ型,サイボーグ型,ウィルス,ウィルス,"・デッカードランチャー
・スモーキーファング
・ヘビーテイルフック",https://digimon.net/cimages/digimon/deckerdramon.jpg,False,0,成熟期,クロスウォーズ,4,False,False,False,True,284,c12e8bbc1821d7b5900cb99863618a86b703594acc37b6b5118abd4f455fdff9,True
deckergreymon,https://digimon.net/reference/detail.php?directory_name=deckergreymon,デッカーグレイモン,DECKERGREYMON,"完全体
(クロスウォーズ)","完全体
(クロスウォーズ)",強化型,強化型,ウィルス,ウィルス,"・プラズマデッカードランチャー
・メイルバードランチャー
・テラデストロイヤー
・ファイナルスパーク",https://digimon.net/cimages/digimon/deckergreymon.jpg,False,0,完全体,クロスウォーズ,5,False,False,False,True,389,d80c5ac4c05abf63010903e8c283614399cd70bd96b20b710309669b9b2d6ab7,True
tuwarmon,https://digimon.net/reference/detail.php?directory_name=tuwarmon,ツワーモン,TUWARMON,"成熟期
(クロスウォーズ)","成熟期
(クロスウォーズ)",突然変異型,突然変異型,ウィルス,ウィルス,"・マンティスダンス
・スモーキンブギ",https://digimon.net/cimages/digimon/tuwarmon.jpg,False,0,成熟期,クロスウォーズ,4,False,False,False,True,400,8f116c2f566ed3ae5886ff01a857491b6c5ee861dd017064d5aaeec284e8d475,True
tyutyumon,https://digimon.net/reference/detail.php?directory_name=tyutyumon,チューチューモン,TYUTYUMON,"成長期
(クロスウォーズ)","成長期
(クロスウォーズ)",獣型,獣型,ウィルス,ウィルス,・チューチュー・ツイッター,https://digimon.net/cimages/digimon/tyutyumon.jpg,False,0,成長期,クロスウォーズ,3,False,False,False,True,277,4ab4760d1e89e929ea68acbb34a886d97c32f0281c784a4204ea5f98c47137b7,True
chibickmon,https://digimon.net/reference/detail.php?directory_name=chibickmon,チビックモン,CHIBICKMON,"幼年期Ⅰ
(クロスウォーズ)","幼年期Ⅰ
(クロスウォーズ)",スライム型,スライム型,,,"・チンチクリンリン
・プチシュガープラム",https://digimon.net/cimages/digimon/chibickmon.jpg,False,0,幼年期Ⅰ,クロスウォーズ,1,False,False,False,True,232,c9ab130aabca54608f3c67c4851e22180285179d18aced044df64e90988b92fe,True
chikurimon,https://digimon.net/reference/detail.php?directory_name=chikurimon,チクリモン,CHIKURIMON,"成長期
(クロスウォーズ)","成長期
(クロスウォーズ)",機雷型,機雷型,ウィルス,ウィルス,"・ファイナルチクリモン
・コンペートーハンマー",https://digimon.net/cimages/digimon/chikurimon.jpg,False,0,成長期,クロスウォーズ,3,False,False,False,True,229,97ecf1ae529f166fa6cac0c852401715aa3e8a333fcbedc199de16f247b6cccc,True
damemon,https://digimon.net/reference/detail.php?directory_name=damemon,ダメモン,DAMEMON,"成熟期
(クロスウォーズ)","成熟期
(クロスウォーズ)",突然変異型,突然変異型,ウィルス,ウィルス,"・ブンブン拳
・ガンバルカン
・ブー・スト・アタック",https://digimon.net/cimages/digimon/damemon.jpg,False,0,成熟期,クロスウォーズ,4,False,False,False,True,512,4627a7cbe3ed2473b17118f97791c8e362e5a244042b859891028317a1c070ad,True
tactimon,https://digimon.net/reference/detail.php?directory_name=tactimon,タクティモン,TACTIMON,"究極体
(クロスウォーズ)","究極体
(クロスウォーズ)",魔人型,魔人型,データ,データ,"・壱の太刀
・弐の太刀
・参の太刀
・タネガシマ
・鬼神突
・星割り",https://digimon.net/cimages/digimon/tactimon.jpg,False,0,究極体,クロスウォーズ,6,False,False,False,True,408,12ff74bb662fba05cbfc9c71f9ef093bab4d4d07cdf580247947d8361047c265,True
darknessbagramon,https://digimon.net/reference/detail.php?directory_name=darknessbagramon,ダークネスバグラモン,DARKNESSBAGRAMON,"究極体
(クロスウォーズ)","究極体
(クロスウォーズ)",合成型,合成型,ウィルス,ウィルス,"・ゴッドオブデススナッチャー
・バルフィアイズ
・エターナルダークメア",https://digimon.net/cimages/digimon/darknessbagramon.jpg,False,0,究極体,クロスウォーズ,6,False,False,False,True,483,34ed086bd768f05beb79b151dac816072fbeec23fbc2df02840c457f379b6ad4,True
darkknightmon,https://digimon.net/reference/detail.php?directory_name=darkknightmon,ダークナイトモン,DARKKNIGHTMON,"完全体
(クロスウォーズ)","完全体
(クロスウォーズ)",暗黒騎士型,暗黒騎士型,ウィルス,ウィルス,"・ツインスピア
・ショルダーブレード
・アンデッドソルジャー",https://digimon.net/cimages/digimon/darkknightmon.jpg,False,0,完全体,クロスウォーズ,5,False,False,False,True,288,9363fdf1af8e7086926a90186d5e8190402dd659ba07f76ca45035dbba5d1b0a,True
zenimon,https://digimon.net/reference/detail.php?directory_name=zenimon,ゼニモン,ZENIMON,"成長期
(クロスウォーズ)","成長期
(クロスウォーズ)",突然変異型,突然変異型,ワクチン,ワクチン,"・こめっとランチャー
・ゼニナゲ",https://digimon.net/cimages/digimon/zenimon.jpg,False,0,成長期,クロスウォーズ,3,False,False,False,True,208,27f51ecf24e64601b1db7d2ab11122000fcc6031af3c5b4af5ae253d1d190094,True
splashmon,https://digimon.net/reference/detail.php?directory_name=splashmon,スプラッシュモン,SPLASHMON,"完全体
(クロスウォーズ)","完全体
(クロスウォーズ)",水棲獣人型,水棲獣人型,ウィルス,ウィルス,"・ポイゾナスフォース
・ハイドロプレッシャー
・ビードラウン
・タイガータイフーン（真の姿時）",https://digimon.net/cimages/digimon/splashmon.jpg,True,1,完全体,クロスウォーズ,5,False,False,False,True,647,c285a1a9f4ab0912b85b0fbc35b2a6d27eb6a84d05dd33e5c593930a9a52b214,True
sparrowmon,https://digimon.net/reference/detail.php?directory_name=sparrowmon,スパロウモン,SPARROWMON,"成長期
(クロスウォーズ)","成長期
(クロスウォーズ)",鳥型,鳥型,データ,データ,"・クラッシュブーム
・ウィングエッジ
・ランダムレーザー",https://digimon.net/cimages/digimon/sparrowmon.jpg,False,0,成長期,クロスウォーズ,3,False,False,False,True,330,5eb4c60d9d3a652133fabeee7ce10970775a5198ec9f5d8882f8ddc4f73ae84a,True
starmons,https://digimon.net/reference/detail.php?directory_name=starmons,スターモンズ,STARMONS,"成長期
(クロスウォーズ)","成長期
(クロスウォーズ)",メジャー型,メジャー型,データ,データ,"・メテオスコール
・ウィッシュアポンアスター",https://digimon.net/cimages/digimon/starmons.jpg,False,0,成長期,クロスウォーズ,3,False,False,False,True,317,cad76229ab3ec866768ca9df63e637530ba61302c574c2426e8709e2d93eea33,True
skullknightmonbigaxemode,https://digimon.net/reference/detail.php?directory_name=skullknightmonbigaxemode,スカルナイトモン：ビッグアックスモード,SKULLKNIGHTMON:BIGAXEMODE,"成熟期
(クロスウォーズ)","成熟期
(クロスウォーズ)",強化型,強化型,ウィルス,ウィルス,"・アックスライダー
・ストームアックス",https://digimon.net/cimages/digimon/skullknightmonbigaxemode.jpg,False,0,成熟期,クロスウォーズ,4,False,False,False,True,222,b3d100806ab1785fdebf937029cb00b429e43bf2cb0d9a05d173e0477ba5d025,True
skullknightmoncavaliermode,https://digimon.net/reference/detail.php?directory_name=skullknightmoncavaliermode,スカルナイトモン：騎馬モード,SKULLKNIGHTMON:CAVALIERMODE,"成熟期
(クロスウォーズ)","成熟期
(クロスウォーズ)",強化型,強化型,ウィルス,ウィルス,・キバブレイバー,https://digimon.net/cimages/digimon/skullknightmoncavaliermode.jpg,False,0,成熟期,クロスウォーズ,4,False,False,False,True,251,84ad07e7f1a5aac41288041976b3dd4c4096af0e9b498d17fdebb63674dbeac9,True
skullknightmon,https://digimon.net/reference/detail.php?directory_name=skullknightmon,スカルナイトモン,SKULLKNIGHTMON,"成熟期
(クロスウォーズ)","成熟期
(クロスウォーズ)",アンデッド型,アンデッド型,ウィルス,ウィルス,"・スピアニードル
・ブレストアイ・ウィンク",https://digimon.net/cimages/digimon/skullknightmon.jpg,False,0,成熟期,クロスウォーズ,4,False,False,False,True,200,904042935d510993820a37d61ed90cbe32ac68c5b35abb60ebbe0f485aaa87f7,True
jokermon,https://digimon.net/reference/detail.php?directory_name=jokermon,ジョーカーモン,JOKERMON,"完全体
(クロスウォーズ)","完全体
(クロスウォーズ)",魔人型,魔人型,ウィルス,ウィルス,"・ルナティックスラッシュ
・ガイアマジッカー",https://digimon.net/cimages/digimon/jokermon.jpg,False,0,完全体,クロスウォーズ,5,False,False,False,True,262,0d7e357dc35aab39acb809a4eab48227c94e7a176cfd98fa40f05c460114888a,True
shonitamon,https://digimon.net/reference/detail.php?directory_name=shonitamon,シャニタモン,SHONITAMON,"成熟期
(クロスウォーズ)","成熟期
(クロスウォーズ)",強化型,強化型,データ,データ,"・霞隠
・葉隠",https://digimon.net/cimages/digimon/shonitamon.jpg,False,0,成熟期,クロスウォーズ,4,False,False,False,True,255,1b956022698cfca0bda59c4ff854242c786d6a683ced1972f5739fdf918734f5,True
dorulucannon,https://digimon.net/reference/detail.php?directory_name=dorulucannon,シャウトモン＋ドルルキャノン,DORULUCANNON,"成長期
(クロスウォーズ)","成長期
(クロスウォーズ)",強化型,強化型,データ,データ,・ドルルキャノン,https://digimon.net/cimages/digimon/dorulucannon.jpg,False,0,成長期,クロスウォーズ,3,False,False,False,True,210,ee84d760bf7339e0754d0589231cd2b70aca180c8ab5c8588bda798a986b3d52,True
starsword,https://digimon.net/reference/detail.php?directory_name=starsword,シャウトモン＋スターソード,STARSWORD,"成長期
(クロスウォーズ)","成長期
(クロスウォーズ)",強化型,強化型,データ,データ,・スターブレイド,https://digimon.net/cimages/digimon/starsword.jpg,False,0,成長期,クロスウォーズ,3,False,False,False,True,224,244b0eca21345e230ea9bbea01fc452b3b3a09318e35ea667f6081111301feb2,True
jetsparrow,https://digimon.net/reference/detail.php?directory_name=jetsparrow,シャウトモン＋ジェットスパロウ,JETSPARROW,"成長期
(クロスウォーズ)","成長期
(クロスウォーズ)",強化型,強化型,データ,データ,"・エアシューター
・プラズマブラスター",https://digimon.net/cimages/digimon/jetsparrow.jpg,False,0,成長期,クロスウォーズ,3,False,False,False,True,311,2afc0add93c640cc5bfca8b8b6d9aba116f1ca891ff437b32a88f35e2eb50a8c,True
shoutmonx7,https://digimon.net/reference/detail.php?directory_name=shoutmonx7,シャウトモンX7,SHOUTMONX7,"究極体
(クロスウォーズ)","究極体
(クロスウォーズ)",合成型,合成型,データ,データ,"・クロスバーニングロッカー
・ダブルフレアバスター
・セブンビクトライズ",https://digimon.net/cimages/digimon/shoutmonx7.jpg,False,0,究極体,クロスウォーズ,6,False,False,False,True,396,dded96f2262074ec5479321fff92c770e2041b35b6048fc3503c9ee9519e9611,True
shoutmonx5b,https://digimon.net/reference/detail.php?directory_name=shoutmonx5b,シャウトモンX5B,SHOUTMONX5B,"究極体
(クロスウォーズ)","究極体
(クロスウォーズ)",合成型,合成型,データ,データ,"・バーストダッシュストリーム
・メテオバスターアタック
・メテオインパクト
・カオスフレア
・スターズブレイドセレストライク
・バーニングスタークラッシャー
・スリービクトライズ",https://digimon.net/cimages/digimon/shoutmonx5b.jpg,False,0,究極体,クロスウォーズ,6,False,False,False,True,274,71f34f93201cee4d5278bcfc7dac2892fe18f01a1a66ea97096fea5cc55a75d1,True
shoutmonx5,https://digimon.net/reference/detail.php?directory_name=shoutmonx5,シャウトモンX5,SHOUTMONX5,"完全体
(クロスウォーズ)","完全体
(クロスウォーズ)",合成型,合成型,データ,データ,"・メテオバスターアタック
・メテオインパクト
・バーニングスタークラッシャー
・スリービクトライズ",https://digimon.net/cimages/digimon/shoutmonx5.jpg,False,0,完全体,クロスウォーズ,5,False,False,False,True,222,1a2bbb7bc6cc27362ee08f2966e59fb34a4f9ba4471891a75b2b1ed3f807e516,True
shoutmonx4b,https://digimon.net/reference/detail.php?directory_name=shoutmonx4b,シャウトモンX4B,SHOUTMONX4B,"完全体
(クロスウォーズ)","完全体
(クロスウォーズ)",合成型,合成型,データ,データ,"・スターズブレイドセレストライク
・カオスフレア
・バーニングスタークラッシャー
・スリービクトライズ",https://digimon.net/cimages/digimon/shoutmonx4b.jpg,False,0,完全体,クロスウォーズ,5,False,False,False,True,275,fbf02b40c17e1290227319d1f64a0a26134db2b41344f20630c1bf3e210e03d1,True
shoutmonx4,https://digimon.net/reference/detail.php?directory_name=shoutmonx4,シャウトモンX4,SHOUTMONX4,"成熟期
(クロスウォーズ)","成熟期
(クロスウォーズ)",合成型,合成型,データ,データ,"・バーニングスタークラッシャー
・スリービクトライズ
・スリーインパクト
・ハイアドモスフェリックプレッシャー
・ビクトライズブーメラン
・バーニングスタースラッシャー",https://digimon.net/cimages/digimon/shoutmonx4.jpg,False,0,成熟期,クロスウォーズ,4,False,False,False,True,233,84bc1e8e93a797667a6182a30d199ee79af8dc8186f68792b023de2c0795630c,True
shoutmonx3,https://digimon.net/reference/detail.php?directory_name=shoutmonx3,シャウトモンX3,SHOUTMONX3,"成熟期
(クロスウォーズ)","成熟期
(クロスウォーズ)",合成型,合成型,データ,データ,"・スリービクトライズ
・スリーインパクト
・ビクトライズブーメラン",https://digimon.net/cimages/digimon/shoutmonx3.jpg,False,0,成熟期,クロスウォーズ,4,False,False,False,True,224,e4e0fcf8ead6fa68501439b49ec1adfbc611ca1a07a8abd491f987fdfadacc3a,True
shoutmonx2,https://digimon.net/reference/detail.php?directory_name=shoutmonx2,シャウトモンX2,SHOUTMONX2,"成熟期
(クロスウォーズ)","成熟期
(クロスウォーズ)",強化型,強化型,データ,データ,"・マックアロー
・ホーンブレイカーDX
・バディブラスター
・アームバンカー
・オプティックレーザー
・ミヤバルカン",https://digimon.net/cimages/digimon/shoutmonx2.jpg,False,0,成熟期,クロスウォーズ,4,False,False,False,True,325,f5d9215fad86da1c348675c2c6523a8808dca8fa75418cdda913dfb8ca29b6fe,True
shoutmondx,https://digimon.net/reference/detail.php?directory_name=shoutmondx,シャウトモンDX,SHOUTMONDX,"究極体
(クロスウォーズ)","究極体
(クロスウォーズ)",合成型,合成型,データ,データ,"・トライデントジャスファング
・ハイパーロックマグナム
・エレキバスタークロス
・ビクトライズ・バンキング
・ブレイブビートロックダブルクロス",https://digimon.net/cimages/digimon/shoutmondx.jpg,False,0,究極体,クロスウォーズ,6,False,False,False,True,547,24dab2a55d87cb57baf9d0879a5f40328d8993cff0e22c3481af9c634c8d51b6,True
shoutmon,https://digimon.net/reference/detail.php?directory_name=shoutmon,シャウトモン,SHOUTMON,"成長期
(クロスウォーズ)","成長期
(クロスウォーズ)",小竜型,小竜型,データ,データ,"・ロックダマシー
・ソウルクラッシャー
・ラウディロッカー",https://digimon.net/cimages/digimon/shoutmon.jpg,False,0,成長期,クロスウォーズ,3,False,False,False,True,619,5c43d3e0606d6e3de8f0618ad8059bc0d71e8366357b8812826b4e9161c5d128,True
jetmervamon,https://digimon.net/reference/detail.php?directory_name=jetmervamon,ジェットメルヴァモン,JETMERVAMON,"究極体
(クロスウォーズ)","究極体
(クロスウォーズ)",強化型,強化型,ウィルス,ウィルス,"・ハートブレイクショット
・セクシーダイナマイツ
・ウロボロスゲート
・スパイシーハードラヴ
・ナイトストーカー
・ラブポイズン",https://digimon.net/cimages/digimon/jetmervamon.jpg,False,0,究極体,クロスウォーズ,6,False,False,False,True,430,b98272f9be7aa2635729ce0be408f2fbd7a6eda4bb53d8c3173f360a2e05cf60,True
zekegreymon,https://digimon.net/reference/detail.php?directory_name=zekegreymon,ジークグレイモン,ZEKEGREYMON,"究極体
(クロスウォーズ)","究極体
(クロスウォーズ)",サイボーグ型,サイボーグ型,ウィルス,ウィルス,"・トライデントファング
・デストロイスマッシャー
・ジークフレイム
・プラズマレールガン
・ファイナルストライクス",https://digimon.net/cimages/digimon/zekegreymon.jpg,False,0,究極体,クロスウォーズ,6,False,False,False,True,435,c4d7cbbf4d1194503c2f90d30413f3f31c2413cdfe41ae18e30f650ac6c9afb2,True
zamielmon,https://digimon.net/reference/detail.php?directory_name=zamielmon,ザミエールモン,ZAMIELMON,"完全体
(クロスウォーズ)","完全体
(クロスウォーズ)",魔人型,魔人型,データ,データ,"・スナイプヘッドショット
・ボウカッター
・フットショット
・アローランス
・タービュランスアロー
・ザ・ワールドショット",https://digimon.net/cimages/digimon/zamielmon.jpg,False,0,完全体,クロスウォーズ,5,False,False,False,True,484,b9191fb00033ff466bd9349ad54db191d0a1a61a7626b7c8c2ef69455ba3174b,True
soundbirdmon,https://digimon.net/reference/detail.php?directory_name=soundbirdmon,サウンドバードモン,SOUNDBIRDMON,"成長期
(クロスウォーズ)","成長期
(クロスウォーズ)",鳥型,鳥型,ウィルス,ウィルス,"・ギガスクリーム
・サウンドフィニッシュ",https://digimon.net/cimages/digimon/soundbirdmon.jpg,False,0,成長期,クロスウォーズ,3,False,False,False,True,167,05e3bc8cd90ccbb2579101fcbe7fcf058f516f7d2edc25f5b69471d2101533dc,True
cyberdramon-xwars,https://digimon.net/reference/detail.php?directory_name=cyberdramon-xwars,サイバードラモン,CYBERDRAMON_2010,"完全体
(クロスウォーズ)","完全体
(クロスウォーズ)",エイリアン型,エイリアン型,ワクチン,ワクチン,"・イレイザークロー
・グラットンファング
・サイバーブレーダー
・デスディバイダー",https://digimon.net/cimages/digimon/cyberdramon-xwars.jpg,False,0,完全体,クロスウォーズ,5,False,False,False,True,337,9b79fa5659c9a0a820460892145c58a2d3e0874cc7291b732f007e6b720942af,True
kozenimon,https://digimon.net/reference/detail.php?directory_name=kozenimon,コゼニモン,KOZENIMON,"幼年期Ⅱ
(クロスウォーズ)","幼年期Ⅱ
(クロスウォーズ)",突然変異型,突然変異型,,,"・イッチ・ダン・ケツ
・￥UE-N",https://digimon.net/cimages/digimon/kozenimon.jpg,False,0,幼年期Ⅱ,クロスウォーズ,2,False,False,False,True,242,28bc241dd1558c38ec7951f2c9eaca8106a0e1b4965e686dbabaae32ba8b817b,True
greymon,https://digimon.net/reference/detail.php?directory_name=greymon,グレイモン（2010アニメ版）,GREYMON_2010 ANIME VERSION,"成熟期
(クロスウォーズ)","成熟期
(クロスウォーズ)",恐竜型,恐竜型,ウィルス,ウィルス,"・メガフレイム
・ブラスターテイル
・ホーンストライク",https://digimon.net/cimages/digimon/greymon.jpg,False,0,成熟期,クロスウォーズ,4,False,False,False,True,327,cee6a13484dba9ccf0b80e2c7aaf03f81d3f2ad87b2442b1a9d98bdb88c4481e,True
gravimon,https://digimon.net/reference/detail.php?directory_name=gravimon,グラビモン,GRAVIMON,"完全体
(クロスウォーズ)","完全体
(クロスウォーズ)",種族不明,種族不明,ウィルス,ウィルス,"・オクタグラビティ
・ハイグラビティープレッシャー
・グラビティー・バン",https://digimon.net/cimages/digimon/gravimon.jpg,False,0,完全体,クロスウォーズ,5,False,False,False,True,540,68d931331b743b8f3f46e3be9f5b9d2c38f731aa6d89ab98aae83a2291db37dc,True
cutemon,https://digimon.net/reference/detail.php?directory_name=cutemon,キュートモン,CUTEMON,"成長期
(クロスウォーズ)","成長期
(クロスウォーズ)",妖精型,妖精型,ワクチン,ワクチン,"・キズナオール
・スグナオール
・ヨクナオール
・スーパーソニックウェーブ
・ウルトラソニックウェーブ",https://digimon.net/cimages/digimon/cutemon.jpg,False,0,成長期,クロスウォーズ,3,False,False,False,True,334,3a3678af544357ae0505115dc6072ad6a2b1eb947fbfea5adef30b9bbdf8b559,True
gumdramon,https://digimon.net/reference/detail.php?directory_name=gumdramon,ガムドラモン,GUMDRAMON,"成長期
(クロスウォーズ)","成長期
(クロスウォーズ)",小竜型,小竜型,ワクチン,ワクチン,"・ランガムブレイク
・ジャックドハンマー
・ファイアーボルテクス",https://digimon.net/cimages/digimon/gumdramon.jpg,False,0,成長期,クロスウォーズ,3,False,False,False,True,321,cc03a64e15412780bd0c55d39231eacbda2c2823725dbd58f394682b24777416,True
ganemon,https://digimon.net/reference/detail.php?directory_name=ganemon,ガネモン,GANEMON,"成熟期
(クロスウォーズ)","成熟期
(クロスウォーズ)",突然変異型,突然変異型,ワクチン,ワクチン,"・ゴールドボーリング
・ゴールドプレス",https://digimon.net/cimages/digimon/ganemon.jpg,False,0,成熟期,クロスウォーズ,4,False,False,False,True,292,2f0bf382c7588d3fa3051008cb1c1e0b69c3a00f0850a06623f5886cd138c9ea,True
gaossmon,https://digimon.net/reference/detail.php?directory_name=gaossmon,ガオスモン,GAOSSMON,"成長期
(クロスウォーズ)","成長期
(クロスウォーズ)",爬虫類型,爬虫類型,ウィルス,ウィルス,"・キロフレイム
・ヘッドストライク",https://digimon.net/cimages/digimon/gaossmon.jpg,False,0,成長期,クロスウォーズ,3,False,False,False,True,242,1e595cd32cfc00e36cad0b0572aa3c9e536e4fc011661f44fa6c80661cf07201,True
olegmon,https://digimon.net/reference/detail.php?directory_name=olegmon,オレーグモン,OLEGMON,"究極体
(クロスウォーズ)","究極体
(クロスウォーズ)",海獣型,海獣型,ワクチン,ワクチン,"・デュアルトマホークブーメラン
・バイキングヴュッフェ
・エイジオブディスカバリー
・ドリームカムズトゥルー",https://digimon.net/cimages/digimon/olegmon.jpg,False,0,究極体,クロスウォーズ,6,False,False,False,True,487,0eccff787ab59569c8bccf705111d5c6d6eb0898cdeedfa81d773ec213b3c80d,True
omegashoutmon,https://digimon.net/reference/detail.php?directory_name=omegashoutmon,オメガシャウトモン,OMEGASHOUTMON,"完全体
(クロスウォーズ)","完全体
(クロスウォーズ)",竜人型,竜人型,データ,データ,"・ヘヴィメタルバルカン
・ビクトライズ・バンキング
・ハードロックダマシー
・ビートスラッシュ
・オメガ・ザ・フュージョン",https://digimon.net/cimages/digimon/omegashoutmon.jpg,False,0,完全体,クロスウォーズ,5,False,False,False,True,468,67a46a457cb26e5389f298f2f33be74bd1a083ba953f1284766586f45f794130,True
ekakimon,https://digimon.net/reference/detail.php?directory_name=ekakimon,エカキモン,EKAKIMON,"成長期
(クロスウォーズ)","成長期
(クロスウォーズ)",突然変異型,突然変異型,データ,データ,"・ミニミニエカキモン
・カラフルチェンジ",https://digimon.net/cimages/digimon/ekakimon.jpg,False,0,成長期,クロスウォーズ,3,False,False,False,True,219,c1a25a8d7bab053b0b06db6583cb29ba214be3426c4ff9a086407a13b24555b9,True
iguneetmon,https://digimon.net/reference/detail.php?directory_name=iguneetmon,イグニートモン,IGUNEETMON,"成長期
(クロスウォーズ)","成長期
(クロスウォーズ)",爬人型,爬人型,ウィルス,ウィルス,"・ガラパゴスフィールド
・ティモニナイザー
・ファイナルトラベラー",https://digimon.net/cimages/digimon/iguneetmon.jpg,False,0,成長期,クロスウォーズ,3,False,False,False,True,420,1ce3d1f241bf5b75f09ad0e06b1fab9934a13da64ba741bca2a03f5ce6db80cd,True
arresterdramon,https://digimon.net/reference/detail.php?directory_name=arresterdramon,アレスタードラモン,ARRESTERDRAMON,"成熟期
(クロスウォーズ)","成熟期
(クロスウォーズ)",竜型,竜型,ワクチン,ワクチン,"・マッハフリッカー
・フロッグショット
・スピンカリパー
・スパイラルシュレッダー
・プリズムギャレット",https://digimon.net/cimages/digimon/arresterdramon.jpg,False,0,成熟期,クロスウォーズ,4,False,False,False,True,306,bf25fbfc639b42f0cd0289291e6c8ee5e0d3e0a2b842cfeab36492972d5c6953,True
louwemon,https://digimon.net/reference/detail.php?directory_name=louwemon,レーベモン,LOUWEMON,ハイブリッド体,ハイブリッド体,戦士型,戦士型,ヴァリアブル,ヴァリアブル,"・エーヴィッヒ・シュラーフ
・エントリヒ・メテオール",https://digimon.net/cimages/digimon/louwemon.jpg,False,0,ハイブリッド体,,8,False,False,False,True,319,10b573ee572bcf23f78f8cbc7e438df9bd282ee6f2f04b3be3d5972a3de576c1,True
ranamon,https://digimon.net/reference/detail.php?directory_name=ranamon,ラーナモン,RANAMON,ハイブリッド体,ハイブリッド体,妖精型,妖精型,ヴァリアブル,ヴァリアブル,"・レインストリーム
・ジェラシーレイン",https://digimon.net/cimages/digimon/ranamon.jpg,False,0,ハイブリッド体,,8,False,False,False,True,276,d95ab1f17f74d12db25ec08054acb47dfe0356c6a7ec6d787971333e71d89381,True
raihimon,https://digimon.net/reference/detail.php?directory_name=raihimon,ライヒモン,RAIHIMON,ハイブリッド体,ハイブリッド体,戦士型,戦士型,ヴァリアブル,ヴァリアブル,"・シュバルツ・レールザッツ（黒定理）
・ロート・クロイツ（赤十字架）",https://digimon.net/cimages/digimon/raihimon.jpg,False,0,ハイブリッド体,,8,False,False,False,True,180,84f5fdfd0df67d7a60ce63e8f2109e5a6b222478afe9fff2760fea23622c49e0,True
rhinokabuterimon,https://digimon.net/reference/detail.php?directory_name=rhinokabuterimon,ライノカブテリモン,RHINOKABUTERIMON,ハイブリッド体,ハイブリッド体,昆虫型,昆虫型,ヴァリアブル,ヴァリアブル,"・コンデンサストーム
・サンダーレーザー",https://digimon.net/cimages/digimon/rhinokabuterimon.jpg,False,0,ハイブリッド体,,8,False,False,False,True,247,1e0c5c12d6eea1851839d7d4736b75f2c4b9068a20e69f08816732d2d096714f,True
mercuremon,https://digimon.net/reference/detail.php?directory_name=mercuremon,メルキューレモン,MERCUREMON,ハイブリッド体,ハイブリッド体,突然変異型,突然変異型,ヴァリアブル,ヴァリアブル,"・ジェネラスミラー
・オフセットリフレクター",https://digimon.net/cimages/digimon/mercuremon.jpg,False,0,ハイブリッド体,,8,False,False,False,True,313,b8b2d892130e53d1dcf6e8681738537f4ba476e7e5ba7056146b464c7f8b4371,True
magnagarurumon,https://digimon.net/reference/detail.php?directory_name=magnagarurumon,マグナガルルモン,MAGNAGARURUMON,ハイブリッド体,ハイブリッド体,サイボーグ型,サイボーグ型,ヴァリアブル,ヴァリアブル,"・マシンガンデストロイ
・スターライトベロシティ",https://digimon.net/cimages/digimon/magnagarurumon.jpg,False,0,ハイブリッド体,,8,False,False,False,True,378,4cdfcf87959e060d1b354eb9d57704d1621fa64b192540c9e19d0cf34cbabc02,True
bolgmon,https://digimon.net/reference/detail.php?directory_name=bolgmon,ボルグモン,BOLGMON,ハイブリッド体,ハイブリッド体,サイボーグ型,サイボーグ型,ヴァリアブル,ヴァリアブル,"・アルティメットサンダー
・フィールドデストロイヤー",https://digimon.net/cimages/digimon/bolgmon.jpg,False,0,ハイブリッド体,,8,False,False,False,True,270,6e89050d2b66775fbe9040ce692ea1a700404570ec6236c5da09f14e8a9cbb21,True
velgrmon,https://digimon.net/reference/detail.php?directory_name=velgrmon,ベルグモン,VELGRMON,ハイブリッド体,ハイブリッド体,巨鳥型,巨鳥型,ヴァリアブル,ヴァリアブル,"・ゾーンデリーター
・マスターオブダークネス",https://digimon.net/cimages/digimon/velgrmon.jpg,False,0,ハイブリッド体,,8,False,False,False,True,291,342fd4e6c08067709fe3c9762b784fc230b6ab48a3f95495151590acda7eccef,True
petaldramon,https://digimon.net/reference/detail.php?directory_name=petaldramon,ペタルドラモン,PETALDRAMON,ハイブリッド体,ハイブリッド体,植物型,植物型,ヴァリアブル,ヴァリアブル,"・リーフサイクロン
・サウザンドスパイク",https://digimon.net/cimages/digimon/petaldramon.jpg,False,0,ハイブリッド体,,8,False,False,False,True,316,8b0d1f92cb1030101b23acc1d0288de4fee4a5f31277044f9ea9882d6b1db505,True
beowolfmon,https://digimon.net/reference/detail.php?directory_name=beowolfmon,ベオウルフモン,BEOWOLFMON,ハイブリッド体,ハイブリッド体,戦士型,戦士型,ヴァリアブル,ヴァリアブル,"・リヒトアングリフ
・ツヴァイハンダー",https://digimon.net/cimages/digimon/beowolfmon.jpg,False,0,ハイブリッド体,,8,False,False,False,True,314,68534bc80ffc7353c30e3a6c27c9d8115616bf4d95baefff718140015365467c,True
flamon,https://digimon.net/reference/detail.php?directory_name=flamon,フレイモン,FLAMON,ハイブリッド体,ハイブリッド体,魔人型,魔人型,ヴァリアブル,ヴァリアブル,・ベビーサラマンダー,https://digimon.net/cimages/digimon/flamon.jpg,False,0,ハイブリッド体,,8,False,False,False,True,228,b4b88a4b48193e37222418932f69c55015e224f6e0871f4d2ee3f759faecb7d7,True
blitzmon,https://digimon.net/reference/detail.php?directory_name=blitzmon,ブリッツモン,BLITZMON,ハイブリッド体,ハイブリッド体,サイボーグ型,サイボーグ型,ヴァリアブル,ヴァリアブル,"・トールハンマー
・ミョルニルサンダー",https://digimon.net/cimages/digimon/blitzmon.jpg,False,0,ハイブリッド体,,8,False,False,False,True,266,579ff86f436d85ad125fb398de77e31cf47409bb2a3465a3717447154542c35a,True
blizzarmon,https://digimon.net/reference/detail.php?directory_name=blizzarmon,ブリザーモン,BLIZZARMON,ハイブリッド体,ハイブリッド体,獣型,獣型,ヴァリアブル,ヴァリアブル,"・アヴァランチステップ
・グレッチャートルペイド（氷河魚雷）",https://digimon.net/cimages/digimon/blizzarmon.jpg,False,0,ハイブリッド体,,8,False,False,False,True,281,04c4b12a5f21b319ecfd569ee9972462f6e4fcb2bf1477d1236bd35b587b146f,True
fairimon,https://digimon.net/reference/detail.php?directory_name=fairimon,フェアリモン,FAIRIMON,ハイブリッド体,ハイブリッド体,妖精型,妖精型,ヴァリアブル,ヴァリアブル,"・トルナード・ガンバ
・ロゼオ・テンポラーレ",https://digimon.net/cimages/digimon/fairimon.jpg,False,0,ハイブリッド体,,8,False,False,False,True,267,e961107702dde6e783c6a618304789b49671e00f0c0867277aca39356f43a70e,True
chackmon,https://digimon.net/reference/detail.php?directory_name=chackmon,チャックモン,CHACKMON,ハイブリッド体,ハイブリッド体,獣人型,獣人型,ヴァリアブル,ヴァリアブル,"・ツララララ～
・スノーボンバー",https://digimon.net/cimages/digimon/chackmon.jpg,False,0,ハイブリッド体,,8,False,False,False,True,332,95dec32d89150ee3e70d1c8272c272cf3b103b5b9bc38f61b7a7a3b26d4ad8ff,True
duskmon,https://digimon.net/reference/detail.php?directory_name=duskmon,ダスクモン,DUSKMON,ハイブリッド体,ハイブリッド体,魔人型,魔人型,ヴァリアブル,ヴァリアブル,"・ガイストアーベント
・エアオーベルング",https://digimon.net/cimages/digimon/duskmon.jpg,False,0,ハイブリッド体,,8,False,False,False,True,340,93a1f448c47af9bc57b0e233437e7f278b37a6f3f5f0c74318a38d9faa725a74,True
daipenmon,https://digimon.net/reference/detail.php?directory_name=daipenmon,ダイペンモン,DAIPENMON,ハイブリッド体,ハイブリッド体,サイボーグ型,サイボーグ型,ヴァリアブル,ヴァリアブル,"・ブルーハワイデス
・イチゴデス",https://digimon.net/cimages/digimon/daipenmon.jpg,False,0,ハイブリッド体,,8,False,False,False,True,252,3268de50cb5ed4f6d70d6207f1d53bbc3ddbdba0f56c4f29c44532fe6efc02ae,True
sephirothmon,https://digimon.net/reference/detail.php?directory_name=sephirothmon,セフィロトモン,SEPHIROTHMON,ハイブリッド体,ハイブリッド体,突然変異型,突然変異型,ヴァリアブル,ヴァリアブル,・ランブルブレンドナンバー（１～１０）,https://digimon.net/cimages/digimon/sephirothmon.jpg,False,0,ハイブリッド体,,8,False,False,False,True,266,add693c30c3aa84522891cbc07e93c166a408e6f3b519a6adeb4324073c1b4bb,True
storabimon,https://digimon.net/reference/detail.php?directory_name=storabimon,ストラビモン,STORABIMON,ハイブリッド体,ハイブリッド体,獣人型,獣人型,ヴァリアブル,ヴァリアブル,・リヒト・ナーゲル,https://digimon.net/cimages/digimon/storabimon.jpg,False,0,ハイブリッド体,,8,False,False,False,True,201,32581066f46a9f20c240ce43474a7855b0d0ad223ddbab5328f2d60e18188463,True
shutumon,https://digimon.net/reference/detail.php?directory_name=shutumon,シューツモン,SHUTUMON,ハイブリッド体,ハイブリッド体,鳥人型,鳥人型,ヴァリアブル,ヴァリアブル,"・ギルガメッシュスライサー
・ウィンドオブペイン",https://digimon.net/cimages/digimon/shutumon.jpg,False,0,ハイブリッド体,,8,False,False,False,True,277,f46cbed37a19b5cb8775826ea0bedb2b27316faed28bcfbcbb033b5368477d13,True
jetsilphymon,https://digimon.net/reference/detail.php?directory_name=jetsilphymon,ジェットシルフィーモン,JETSILPHYMON,ハイブリッド体,ハイブリッド体,サイボーグ型,サイボーグ型,ヴァリアブル,ヴァリアブル,"・ジェットビンター
・ウルトラタービュレンス",https://digimon.net/cimages/digimon/jetsilphymon.jpg,False,0,ハイブリッド体,,8,False,False,False,True,183,6f0fa45db9f1aa6fefba0401e0d16c0633486503bc6436e295fc4eb3635e2fce,True
grottemon,https://digimon.net/reference/detail.php?directory_name=grottemon,グロットモン,GROTTEMON,ハイブリッド体,ハイブリッド体,鬼人型,鬼人型,ヴァリアブル,ヴァリアブル,"・スネークアイブレイク
・ジャック・イン・ザ・ボックス",https://digimon.net/cimages/digimon/grottemon.jpg,False,0,ハイブリッド体,,8,False,False,False,True,327,c6d345691df310f5f3c920a450f678a869565131c4aad38a374f04dff87aae2e,True
gigasmon,https://digimon.net/reference/detail.php?directory_name=gigasmon,ギガスモン,GIGASMON,ハイブリッド体,ハイブリッド体,鉱物型,鉱物型,ヴァリアブル,ヴァリアブル,"・アースクェイク
・ハリケーンボンバー",https://digimon.net/cimages/digimon/gigasmon.jpg,False,0,ハイブリッド体,,8,False,False,False,True,254,3d9595aba6de971216b5441faef216e4800fed0545ad646fa9ae1bdf3bc2a95e,True
garummon,https://digimon.net/reference/detail.php?directory_name=garummon,ガルムモン,GARUMMON,ハイブリッド体,ハイブリッド体,サイボーグ型,サイボーグ型,ヴァリアブル,ヴァリアブル,"・スピードスター
・ソーラレーザー",https://digimon.net/cimages/digimon/garummon.jpg,False,0,ハイブリッド体,,8,False,False,False,True,264,2f08fda918a3aaaed9eca035a553806b02534a4a8d4cce7f2517c9ce957c17b5,True
calamaramon,https://digimon.net/reference/detail.php?directory_name=calamaramon,カルマーラモン,CALAMARAMON,ハイブリッド体,ハイブリッド体,水棲型,水棲型,ヴァリアブル,ヴァリアブル,"・ネーロコルソ
・タイタニックチャージ",https://digimon.net/cimages/digimon/calamaramon.jpg,False,0,ハイブリッド体,,8,False,False,False,True,285,8d5ff61cb723b8dd3d04ce7994c3656dea04619d559bedc24691e3f011e1eb58,True
kaisergreymon,https://digimon.net/reference/detail.php?directory_name=kaisergreymon,カイゼルグレイモン,KAISERGREYMON,ハイブリッド体,ハイブリッド体,竜戦士型,竜戦士型,ヴァリアブル,ヴァリアブル,"・炎龍撃（えんりゅうげき）
・九頭龍陣（くずりゅうじん）",https://digimon.net/cimages/digimon/kaisergreymon.jpg,False,0,ハイブリッド体,,8,False,False,False,True,261,201734efdf45d098afc6c49cbf1c8c8d37853c96916e0b7b0f2fc372c209054e,True
kaiserleomon,https://digimon.net/reference/detail.php?directory_name=kaiserleomon,カイザーレオモン,KAISERLEOMON,ハイブリッド体,ハイブリッド体,サイボーグ型,サイボーグ型,ヴァリアブル,ヴァリアブル,"・シュヴァルツ・ドンナー
・シュヴァルツ・ケーニッヒ",https://digimon.net/cimages/digimon/kaiserleomon.jpg,False,0,ハイブリッド体,,8,False,False,False,True,307,5f80b4ddbb570aacaf98dd9ff13b4a79490603746b88348eab561d580f425121,True
vritramon,https://digimon.net/reference/detail.php?directory_name=vritramon,ヴリトラモン,VRITRAMON,ハイブリッド体,ハイブリッド体,魔竜型,魔竜型,ヴァリアブル,ヴァリアブル,"・コロナブラスター
・フレイムストーム",https://digimon.net/cimages/digimon/vritramon.jpg,False,0,ハイブリッド体,,8,False,False,False,True,307,97f239663b0f065786149ddd5498be7d45d38419a83fc722b37ae70778789915,True
wolfmon,https://digimon.net/reference/detail.php?directory_name=wolfmon,ヴォルフモン,WOLFMON,ハイブリッド体,ハイブリッド体,戦士型,戦士型,ヴァリアブル,ヴァリアブル,"・リヒト・ズィーガー
・ツヴァイ・ズィーガー",https://digimon.net/cimages/digimon/wolfmon.jpg,False,0,ハイブリッド体,,8,False,False,False,True,312,f31f57275c5b5b1af028e3c08a37f1a209d3368c7af24a7dda094e72ae520973,True
arbormon,https://digimon.net/reference/detail.php?directory_name=arbormon,アルボルモン,ARBORMON,ハイブリッド体,ハイブリッド体,サイボーグ型,サイボーグ型,ヴァリアブル,ヴァリアブル,"・マシンガン・ダンス（機銃の踊り）
・ブロッケイドシード（封じ込めの種）",https://digimon.net/cimages/digimon/arbormon.jpg,False,0,ハイブリッド体,,8,False,False,False,True,305,6b381c4def7fef4a6ab1b8a7d6500facd66d6b7722c6192aafa7fc5c3d0ee06e,True
aldamon,https://digimon.net/reference/detail.php?directory_name=aldamon,アルダモン,ALDAMON,ハイブリッド体,ハイブリッド体,魔人型,魔人型,ヴァリアブル,ヴァリアブル,"・ブラフマシル
・ブラフマストラ",https://digimon.net/cimages/digimon/aldamon.jpg,False,0,ハイブリッド体,,8,False,False,False,True,346,21e0ac0cbb5d556d84bfc14ac052475d3be150f88c25fe461b4996cf3730e660,True
agnimon,https://digimon.net/reference/detail.php?directory_name=agnimon,アグニモン,AGNIMON,ハイブリッド体,ハイブリッド体,魔人型,魔人型,ヴァリアブル,ヴァリアブル,"・バーニングサラマンダー
・サラマンダーブレイク",https://digimon.net/cimages/digimon/agnimon.jpg,False,0,ハイブリッド体,,8,False,False,False,True,272,490a47822f02d4acc13c7abf5a8c198f8e56c10cd541b8e001f385d417b6a861,True
rinkmon,https://digimon.net/reference/detail.php?directory_name=rinkmon,リンクモン,RINKMON,アーマー体,アーマー体,サイボーグ型,サイボーグ型,フリー,フリー,・スピニングカッター,https://digimon.net/cimages/digimon/rinkmon.jpg,False,0,アーマー体,,7,False,False,False,True,279,79bca4ad9b956801c54de7e6c8948fefa92b7199f013121c6e13122b26287681,True
lynxmon,https://digimon.net/reference/detail.php?directory_name=lynxmon,ランクスモン,LYNXMON,アーマー体,アーマー体,獣型,獣型,フリー,フリー,・サーマルメイン,https://digimon.net/cimages/digimon/lynxmon.jpg,False,0,アーマー体,,7,False,False,False,True,193,3442ffb0d7ba8dd95b72798c54b1f87e3feb37357444d93795fb2ac1542455ed,True
rhinomon,https://digimon.net/reference/detail.php?directory_name=rhinomon,ライノモン,RHINOMON,アーマー体,アーマー体,哺乳類型,哺乳類型,フリー,フリー,"・アイン・ソフ・オウル
・アトミックバースト",https://digimon.net/cimages/digimon/rhinomon.jpg,False,0,アーマー体,,7,False,False,False,True,304,034f6cad2162acc1656343753ccec7cd35c2bb01fc66e3ebb49de31103b545f9,True
lighdramon,https://digimon.net/reference/detail.php?directory_name=lighdramon,ライドラモン,LIGHDRAMON,アーマー体,アーマー体,獣型,獣型,フリー,フリー,"・ライトニングブレード
・ブルーサンダー",https://digimon.net/cimages/digimon/lighdramon.jpg,False,0,アーマー体,,7,False,False,False,True,184,cbdfea8cd030231995f526d4ee091d1895877a8a12673ee66276ce5488dec58f,True
yaksamon,https://digimon.net/reference/detail.php?directory_name=yaksamon,ヤシャモン,YAKSAMON,アーマー体,アーマー体,魔人型,魔人型,フリー,フリー,"・一刀両断（イットウリョウダン）
・クグツの術",https://digimon.net/cimages/digimon/yaksamon.jpg,False,0,アーマー体,,7,False,False,False,True,202,829bd273a3aaf2c7955a586fef690484539603f42ef82455e2ae7943c95433fb,True
mothmon,https://digimon.net/reference/detail.php?directory_name=mothmon,モスモン,MOTHMON,アーマー体,アーマー体,昆虫型,昆虫型,フリー,フリー,・モルフォンガトリング,https://digimon.net/cimages/digimon/mothmon.jpg,False,0,アーマー体,,7,False,False,False,True,295,daf811fcd071a552c22ae795631a7922b7bf235975cf9bc7aaaca3322abcf47d,True
maildramon,https://digimon.net/reference/detail.php?directory_name=maildramon,メイルドラモン,MAILDRAMON,アーマー体,アーマー体,サイボーグ型,サイボーグ型,フリー,フリー,・アイアンプレス,https://digimon.net/cimages/digimon/maildramon.jpg,False,0,アーマー体,,7,False,False,False,True,184,e1557fa9a3160b8c669add37cf77c4b921ebaa956d46ae9f76cb5c3853f6af76,True
moosemon,https://digimon.net/reference/detail.php?directory_name=moosemon,ムースモン,MOOSEMON,アーマー体,アーマー体,古代獣型,古代獣型,フリー,フリー,・ホーンブレード,https://digimon.net/cimages/digimon/moosemon.jpg,False,0,アーマー体,,7,False,False,False,True,320,2cad77bd8504f640757ca83e7c102fb014c6ff4a3143400737dda9f6cf488fbb,True
manbomon,https://digimon.net/reference/detail.php?directory_name=manbomon,マンボモン,MANBOMON,アーマー体,アーマー体,突然変異型,突然変異型,フリー,フリー,"・バルーンマイン
・グローバル・グローブ",https://digimon.net/cimages/digimon/manbomon.jpg,False,0,アーマー体,,7,False,False,False,True,289,2406b6ebecd7dd71f23014fd9b3824a6536f91fc08b99e686f014b630d3bb7dd,True
mantaraymon,https://digimon.net/reference/detail.php?directory_name=mantaraymon,マンタレイモン,MANTARAYMON,アーマー体,アーマー体,水棲型,水棲型,フリー,フリー,・パラライズテイル,https://digimon.net/cimages/digimon/mantaraymon.jpg,False,0,アーマー体,,7,False,False,False,True,325,f4af1890918f95457d405904849f79f2edbe64fe9984b074e326f210a648f78e,True
magnamon,https://digimon.net/reference/detail.php?directory_name=magnamon,マグナモン,MAGNAMON,アーマー体,アーマー体,聖騎士型,聖騎士型,フリー,フリー,"・プラズマシュート
・シャイニングゴールドソーラーストーム",https://digimon.net/cimages/digimon/magnamon.jpg,False,0,アーマー体,,7,False,False,False,True,301,e5cb1764dbbc86dece2f20fee4b8c3e3789f396b0fd492e1378b26b87e4a65a8,True
ponchomon,https://digimon.net/reference/detail.php?directory_name=ponchomon,ポンチョモン,PONCHOMON,アーマー体,アーマー体,ゴースト型,ゴースト型,フリー,フリー,"・ブラッドダンス・マラカスバージョン
・テキーラナックル",https://digimon.net/cimages/digimon/ponchomon.jpg,False,0,アーマー体,,7,False,False,False,True,379,adb3e2692b9dc1670d8845fc162c5180f06b6b43cebcbeb32edd9819a3cf687d,True
holsmon,https://digimon.net/reference/detail.php?directory_name=holsmon,ホルスモン,HOLSMON,アーマー体,アーマー体,獣型,獣型,フリー,フリー,"・マッハインパルス
・テンペストウィング
・ウジャトゲイズ",https://digimon.net/cimages/digimon/holsmon.jpg,False,0,アーマー体,,7,False,False,False,True,229,6ebc05264e0088688a2248f564ce469625a32430cad9e0795e0b16772876bd3e,True
boarmon,https://digimon.net/reference/detail.php?directory_name=boarmon,ボアモン,BOARMON,アーマー体,アーマー体,哺乳類型,哺乳類型,フリー,フリー,・ノーズブラスター,https://digimon.net/cimages/digimon/boarmon.jpg,False,0,アーマー体,,7,False,False,False,True,252,ac31be0f33ec7e030e6bdcefea3944c4b300f285f4d5a30a7b3d3f25e2935e35,True
pegasmon,https://digimon.net/reference/detail.php?directory_name=pegasmon,ペガスモン,PEGASMON,アーマー体,アーマー体,聖獣型,聖獣型,フリー,フリー,"・ロデオギャロップ
・シルバーブレイズ
・シューティングスター",https://digimon.net/cimages/digimon/pegasmon.jpg,False,0,アーマー体,,7,False,False,False,True,225,9a1fbb58bff4cef922f00023232272a22c4c8b1fbd2e957012ac826bde5f146e,True
frogmon,https://digimon.net/reference/detail.php?directory_name=frogmon,フロッグモン,FROGMON,アーマー体,アーマー体,突然変異型,突然変異型,フリー,フリー,・リーフホイールカッター,https://digimon.net/cimages/digimon/frogmon.jpg,False,0,アーマー体,,7,False,False,False,True,342,de21cc6f2ea7312d189b3798a7b18b0c643c56619de133d20e4ef5e852f7b650,True
prairiemon,https://digimon.net/reference/detail.php?directory_name=prairiemon,プレイリモン,PRAIRIEMON,アーマー体,アーマー体,獣型,獣型,フリー,フリー,・ソニックイヤー,https://digimon.net/cimages/digimon/prairiemon.jpg,False,0,アーマー体,,7,False,False,False,True,270,e14ddd36dced88a581156d09a604d761bc18840a13279ab5c61ad890d59c6e16,True
fladramon,https://digimon.net/reference/detail.php?directory_name=fladramon,フレイドラモン,FLADRAMON,アーマー体,アーマー体,竜人型,竜人型,フリー,フリー,"・ナックルファイア
・ファイアロケット",https://digimon.net/cimages/digimon/fladramon.jpg,False,0,アーマー体,,7,False,False,False,True,193,e9b3f08118b4d49433f81461d89734098b41d8ab73005f30de968e734773bfe3,True
flawizarmon,https://digimon.net/reference/detail.php?directory_name=flawizarmon,フレイウィザーモン,FLAWIZARMON,アーマー体,アーマー体,魔人型,魔人型,ウィルス,ウィルス,"・マジックイグニッション
・ファイヤークラウド",https://digimon.net/cimages/digimon/flawizarmon.jpg,False,0,アーマー体,,7,False,False,False,True,162,3404b544418df4f5c1e04f3e5c9818330f18cd5db1327a53c9fbec3eae2026d3,True
bullmon,https://digimon.net/reference/detail.php?directory_name=bullmon,ブルモン,BULLMON,アーマー体,アーマー体,哺乳類型,哺乳類型,フリー,フリー,・マタドールダッシュ,https://digimon.net/cimages/digimon/bullmon.jpg,False,0,アーマー体,,7,False,False,False,True,189,5207fb81a03f26d26eaf5168cb380e1820bd264c74b419db3bf4b0301483a0a3,True
flybeemon,https://digimon.net/reference/detail.php?directory_name=flybeemon,フライビーモン,FLYBEEMON,アーマー体,アーマー体,昆虫型,昆虫型,フリー,フリー,"・フライスパーク
・ニードルスティンガー",https://digimon.net/cimages/digimon/flybeemon.jpg,False,0,アーマー体,,7,False,False,False,True,305,72b5fae07cb62769804faba48acb5ed2ca8b2c226f247ff215dec511324ca144,True
pteranomon,https://digimon.net/reference/detail.php?directory_name=pteranomon,プテラノモン,PTERANOMON,アーマー体,アーマー体,翼竜型,翼竜型,フリー,フリー,・ビークピアス,https://digimon.net/cimages/digimon/pteranomon.jpg,False,0,アーマー体,,7,False,False,False,True,218,e8c2f53f1e1f36975080b96b27c30d49b1261196ea28ac84a188d0916512d245,True
pucchiemon-green,https://digimon.net/reference/detail.php?directory_name=pucchiemon-green,プッチーモン（緑）,PUCCHIEMON-GREEN,アーマー体,アーマー体,妖精型,妖精型,フリー,フリー,・ハートナービーム,https://digimon.net/cimages/digimon/pucchiemon-green.jpg,False,0,アーマー体,,7,False,False,False,True,244,ce7ae79d935df593d878a57ec1ee354d5ec1f52250daf98443f971c719bd1e2f,True
pucchiemon,https://digimon.net/reference/detail.php?directory_name=pucchiemon,プッチーモン,PUCCHIEMON,アーマー体,アーマー体,妖精型,妖精型,フリー,フリー,・ハートナービーム,https://digimon.net/cimages/digimon/pucchiemon.jpg,False,0,アーマー体,,7,False,False,False,True,257,c12b5693f3832971120f827a994692b5d05f167c36dca2bff59a8711d8fbbadb,True
pipismon,https://digimon.net/reference/detail.php?directory_name=pipismon,ピピスモン,PIPISMON,アーマー体,アーマー体,突然変異型,突然変異型,フリー,フリー,・クレイジーソニック,https://digimon.net/cimages/digimon/pipismon.jpg,False,0,アーマー体,,7,False,False,False,True,294,54a6dd5448514ed29dbc4b9f4439f2d05c9c5d8fbcdabb03058af1609d817f7f,True
bitmon,https://digimon.net/reference/detail.php?directory_name=bitmon,ビットモン,BITMON,アーマー体,アーマー体,哺乳類型,哺乳類型,フリー,フリー,・イヤーランサー,https://digimon.net/cimages/digimon/bitmon.jpg,False,0,アーマー体,,7,False,False,False,True,259,366a2cc2de96bb1780c34bb556da50bfa4c51eb29cfbe4c25f14a7cb607bdd26,True
peacockmon,https://digimon.net/reference/detail.php?directory_name=peacockmon,ピーコックモン,PEACOCKMON,アーマー体,アーマー体,マシーン型,マシーン型,フリー,フリー,・レインボーシャワー,https://digimon.net/cimages/digimon/peacockmon.jpg,False,0,アーマー体,,7,False,False,False,True,243,3dc82511dff2250b2dac8036c43238665b1dd246b891db9c841b8181d9d613a5,True
baromon,https://digimon.net/reference/detail.php?directory_name=baromon,バロモン,BAROMON,アーマー体,アーマー体,魔人型,魔人型,フリー,フリー,・メテオダンス,https://digimon.net/cimages/digimon/baromon.jpg,False,0,アーマー体,,7,False,False,False,True,305,2af9f70804d0817c2497a8e7f513bf1b929a14497b12f6aa5f08e17243ac26dc,True
honeybeemon,https://digimon.net/reference/detail.php?directory_name=honeybeemon,ハニービーモン,HONEYBEEMON,アーマー体,アーマー体,昆虫型,昆虫型,フリー,フリー,"・ポイズンパウダー
・パラライズスティング",https://digimon.net/cimages/digimon/honeybeemon.jpg,False,0,アーマー体,,7,False,False,False,True,314,4bd38c0b2dbbd0ded7f53741ff48a961a051b6f4270121acfad0442fca6d7758,True
butterflamon,https://digimon.net/reference/detail.php?directory_name=butterflamon,バタフラモン,BUTTERFLAMON,アーマー体,アーマー体,昆虫型,昆虫型,フリー,フリー,・スウィートフェロモン,https://digimon.net/cimages/digimon/butterflamon.jpg,False,0,アーマー体,,7,False,False,False,True,263,c194621300e981c3f44e31946fab805a9053a7bedb3a385454c106ad4642fb91,True
harpymon,https://digimon.net/reference/detail.php?directory_name=harpymon,ハーピモン,HARPYMON,アーマー体,アーマー体,幻獣型,幻獣型,フリー,フリー,・ウィンドシーカー,https://digimon.net/cimages/digimon/harpymon.jpg,False,0,アーマー体,,7,False,False,False,True,260,ab98da1ad309be71be240d1da3d58416a053bd6ad322fceda12c984fa0277761,True
nohemon,https://digimon.net/reference/detail.php?directory_name=nohemon,ノヘモン,NOHEMON,アーマー体,アーマー体,パペット型,パペット型,フリー,フリー,・デリションクロウ,https://digimon.net/cimages/digimon/nohemon.jpg,False,0,アーマー体,,7,False,False,False,True,192,ed5b51065377ba6b214aee38d67c6daefe142a95addadaa02aff23e5a01b7ecb,True
nefertimon,https://digimon.net/reference/detail.php?directory_name=nefertimon,ネフェルティモン,NEFERTIMON,アーマー体,アーマー体,聖獣型,聖獣型,フリー,フリー,"・カースオブクィーン
・ロゼッタストーン",https://digimon.net/cimages/digimon/nefertimon.jpg,False,0,アーマー体,,7,False,False,False,True,232,ea7c38bbd89192fe37cf04e8aa3f509342dba01e94e29b1fdffebdda36d122a4,True
togemogumon,https://digimon.net/reference/detail.php?directory_name=togemogumon,トゲモグモン,TOGEMOGUMON,アーマー体,アーマー体,哺乳類型,哺乳類型,フリー,フリー,・ヘイルマシンガン,https://digimon.net/cimages/digimon/togemogumon.jpg,False,0,アーマー体,,7,False,False,False,True,257,c36dfd5cd3bae56399cba80eb17da8f428cf8bbf1cc51f0920d99c4648ebe78a,True
tocanmon,https://digimon.net/reference/detail.php?directory_name=tocanmon,トーカンモン,TOCANMON,アーマー体,アーマー体,鳥型,鳥型,フリー,フリー,・ペンチカッター,https://digimon.net/cimages/digimon/tocanmon.jpg,False,0,アーマー体,,7,False,False,False,True,276,c37a2cad2708631123fd893b30d523da6b2cda5c4d847ace18cba8a062b08f1b,True
depthmon,https://digimon.net/reference/detail.php?directory_name=depthmon,デプスモン,DEPTHMON,アーマー体,アーマー体,水棲獣人型,水棲獣人型,フリー,フリー,・バブルボム,https://digimon.net/cimages/digimon/depthmon.jpg,False,0,アーマー体,,7,False,False,False,True,182,fab93f382aceb46fd88da650afd25fa7abdc38674208840860fe47f9e30be509,True
tylomon,https://digimon.net/reference/detail.php?directory_name=tylomon,ティロモン,TYLOMON,アーマー体,アーマー体,海竜型,海竜型,フリー,フリー,"・トーピードアタック
・オーシャンストライク",https://digimon.net/cimages/digimon/tylomon.jpg,False,0,アーマー体,,7,False,False,False,True,282,c74be457489e3592eedec0e357f17ad510f587cf4efcedb96e5f15ff6776dc81,True
digmon,https://digimon.net/reference/detail.php?directory_name=digmon,ディグモン,DIGMON,アーマー体,アーマー体,昆虫型,昆虫型,フリー,フリー,"・ビッグクラック
・ゴールドラッシュ",https://digimon.net/cimages/digimon/digmon.jpg,False,0,アーマー体,,7,False,False,False,True,221,dabd93fc9e8ebaa392315c6bbee14d2f82ad54653ea31cc327ec43b4858bfcf1,True
sepikmon,https://digimon.net/reference/detail.php?directory_name=sepikmon,セピックモン,SEPIKMON,アーマー体,アーマー体,魔人型,魔人型,フリー,フリー,・スピリットブーメラン,https://digimon.net/cimages/digimon/sepikmon.jpg,False,0,アーマー体,,7,False,False,False,True,294,cc78f97753a7e87787d8c8ea3affd3b89419e6a5677376cc46c2133e07ae262b,True
sethmon,https://digimon.net/reference/detail.php?directory_name=sethmon,セトモン,SETHMON,アーマー体,アーマー体,魔獣型,魔獣型,フリー,フリー,"・ヒートストーム
・タスクドライバー",https://digimon.net/cimages/digimon/sethmon.jpg,False,0,アーマー体,,7,False,False,False,True,212,b8351c01c2685be8b2474bb2146fb933804492e448a0c1d1abc2393a688b5d2e,True
swanmon,https://digimon.net/reference/detail.php?directory_name=swanmon,スワンモン,SWANMON,アーマー体,アーマー体,鳥型,鳥型,フリー,フリー,・ダウントーネ－ド,https://digimon.net/cimages/digimon/swanmon.jpg,False,0,アーマー体,,7,False,False,False,True,246,c8445f27fdf09f93b89e212b65f5a79783e6e0a087ccbdea41a8f2cf5387ee8f,True
stegomon,https://digimon.net/reference/detail.php?directory_name=stegomon,ステゴモン,STEGOMON,アーマー体,アーマー体,剣竜型,剣竜型,フリー,フリー,・シェルニードルレイン,https://digimon.net/cimages/digimon/stegomon.jpg,False,0,アーマー体,,7,False,False,False,True,297,1559808b89a037bb647988bd32fbb6914b68898352505fda298558b40eac288a,True
shurimon,https://digimon.net/reference/detail.php?directory_name=shurimon,シュリモン,SHURIMON,アーマー体,アーマー体,突然変異型,突然変異型,フリー,フリー,"・紅葉おろし
・草薙",https://digimon.net/cimages/digimon/shurimon.jpg,False,0,アーマー体,,7,False,False,False,True,237,f497be3a217a6d94aa0a47f4a136e833b7f021c699aa34ae4789654733cc126d,True
shadramon,https://digimon.net/reference/detail.php?directory_name=shadramon,シェイドラモン,SHADRAMON,アーマー体,アーマー体,昆虫型,昆虫型,フリー,フリー,・フレアバスター,https://digimon.net/cimages/digimon/shadramon.jpg,False,0,アーマー体,,7,False,False,False,True,169,bbe6a07607fe9dd868d68041a8ce274dace3bd316767003710a15cca3614e0f2,True
seahomon,https://digimon.net/reference/detail.php?directory_name=seahomon,シーホモン,SEAHOMON,アーマー体,アーマー体,水棲型,水棲型,フリー,フリー,・プリズムレインボー,https://digimon.net/cimages/digimon/seahomon.jpg,False,0,アーマー体,,7,False,False,False,True,261,7982c07c26a1f7b73864d40f1e3e06d74b9e044bb50d96254a83e02c60fd30e8,True
sheepmon,https://digimon.net/reference/detail.php?directory_name=sheepmon,シープモン,SHEEPMON,アーマー体,アーマー体,哺乳類型,哺乳類型,フリー,フリー,・ウールグレネード,https://digimon.net/cimages/digimon/sheepmon.jpg,False,0,アーマー体,,7,False,False,False,True,243,90f4cd12878b4b6e3156b6f76f087e6797f30f8c5ac251dca464c5c2f923839e,True
thunderbirmon,https://digimon.net/reference/detail.php?directory_name=thunderbirmon,サンダーバーモン,THUNDERBIRMON,アーマー体,アーマー体,巨鳥型,巨鳥型,データ,データ,"・スパークウィング
・サンダーストーム",https://digimon.net/cimages/digimon/thunderbirmon.jpg,False,0,アーマー体,,7,False,False,False,True,165,def89aae0d1f25df9b8069118d86387af29fce318023683b3f205ced8c591f39,True
salamandamon,https://digimon.net/reference/detail.php?directory_name=salamandamon,サラマンダモン,SALAMANDAMON,アーマー体,アーマー体,両生類型,両生類型,ウィルス,ウィルス,"・ヒートブレス
・バックドラフト",https://digimon.net/cimages/digimon/salamandamon.jpg,False,0,アーマー体,,7,False,False,False,True,156,0874c9cc325086cdd712e942a970ef267a9e54375bc9b6741f74998b9f0d7f22,True
sabmarimon,https://digimon.net/reference/detail.php?directory_name=sabmarimon,サブマリモン,SABMARIMON,アーマー体,アーマー体,水棲型,水棲型,フリー,フリー,"・オキシジェンホーミング
・サブマリンアタック",https://digimon.net/cimages/digimon/sabmarimon.jpg,False,0,アーマー体,,7,False,False,False,True,235,e68b228dc144fbb0fee7124c6ae2933e8ea9f39da025292b853a37ebdd1eb62f,True
sagittarimon,https://digimon.net/reference/detail.php?directory_name=sagittarimon,サジタリモン,SAGITTARIMON,アーマー体,アーマー体,幻獣型,幻獣型,フリー,フリー,・ジャッジメントアロー,https://digimon.net/cimages/digimon/sagittarimon.jpg,False,0,アーマー体,,7,False,False,False,True,215,202650b6bed659342fcf580ca9a6040080503b0816ee4a43c3b7d7d4cf7478c3,True
searchmon,https://digimon.net/reference/detail.php?directory_name=searchmon,サーチモン,SEARCHMON,アーマー体,アーマー体,昆虫型,昆虫型,フリー,フリー,・ジャミングヘルツ,https://digimon.net/cimages/digimon/searchmon.jpg,False,0,アーマー体,,7,False,False,False,True,195,cc5faf4bda28c5e7380c19763f19511b09f365aaaa7164b420715cf257b8dfce,True
kongoumon,https://digimon.net/reference/detail.php?directory_name=kongoumon,コンゴウモン,KONGOUMON,アーマー体,アーマー体,昆虫型,昆虫型,フリー,フリー,・鉄砲（テッポウ）,https://digimon.net/cimages/digimon/kongoumon.jpg,False,0,アーマー体,,7,False,False,False,True,187,3b0b5292c4988e8d2bf1d9a48a3b62afe669231492db9e2f9c7fe78c642006d0,True
goldv-dramon,https://digimon.net/reference/detail.php?directory_name=goldv-dramon,ゴールドブイドラモン,GOLDV-DRAMON,アーマー体,アーマー体,幻竜型,幻竜型,ワクチン,ワクチン,・ブイブレスアロー,https://digimon.net/cimages/digimon/goldv-dramon.jpg,False,0,アーマー体,,7,False,False,False,True,129,76c85282792ee8fda5c075b23fbc3a17eaebe23335d7ce8a85dad55dd2f55548,True
goatmon,https://digimon.net/reference/detail.php?directory_name=goatmon,ゴートモン,GOATMON,アーマー体,アーマー体,哺乳類型,哺乳類型,フリー,フリー,・ミスティックベル,https://digimon.net/cimages/digimon/goatmon.jpg,False,0,アーマー体,,7,False,False,False,True,227,5d835df0b2fe80b160ed3e6924f044a8c6a3c823a1b1bfdc1610924ddfe12b36,True
kenkimon,https://digimon.net/reference/detail.php?directory_name=kenkimon,ケンキモン,KENKIMON,アーマー体,アーマー体,マシーン型,マシーン型,データ,データ,・クレイジークレーン,https://digimon.net/cimages/digimon/kenkimon.jpg,False,0,アーマー体,,7,False,False,False,True,128,80a53c900bbc9b3dfa903e55ab50928a016a10cfef186b9a075c195b3e52e7f2,True
quetzalmon,https://digimon.net/reference/detail.php?directory_name=quetzalmon,クアトルモン,QUETZALMON,アーマー体,アーマー体,幻獣型,幻獣型,フリー,フリー,・フリーズウェーブ,https://digimon.net/cimages/digimon/quetzalmon.jpg,False,0,アーマー体,,7,False,False,False,True,175,49b5b6641c65bb4155a476c2a310b3090da1eb0cc66064582f7633da90859948,True
kangarumon,https://digimon.net/reference/detail.php?directory_name=kangarumon,カンガルモン,KANGARUMON,アーマー体,アーマー体,哺乳類型,哺乳類型,フリー,フリー,・ジャンピングブロー,https://digimon.net/cimages/digimon/kangarumon.jpg,False,0,アーマー体,,7,False,False,False,True,188,78336b59445d46f82c490876f6da89209850830c5de5685a027a1ab5faab77af,True
chamelemon,https://digimon.net/reference/detail.php?directory_name=chamelemon,カメレモン,CHAMELEMON,アーマー体,アーマー体,爬虫類型,爬虫類型,フリー,フリー,・タングウィップ,https://digimon.net/cimages/digimon/chamelemon.jpg,False,0,アーマー体,,7,False,False,False,True,272,d22690c8f6e116f624a731930b1391c2b72f6035c5ed8b148af02098dacb8408,True
kabukimon,https://digimon.net/reference/detail.php?directory_name=kabukimon,カブキモン,KABUKIMON,アーマー体,アーマー体,突然変異型,突然変異型,フリー,フリー,"・桜吹雪
・連獅子",https://digimon.net/cimages/digimon/kabukimon.jpg,False,0,アーマー体,,7,False,False,False,True,371,13a8e60f8da88182c4c06027f99f63c5489971b25a11cad3d53f5cf7b58b4fc3,True
gargomon,https://digimon.net/reference/detail.php?directory_name=gargomon,ガーゴモン,GARGOMON,アーマー体,アーマー体,魔獣型,魔獣型,フリー,フリー,・ホワイトスタチュー,https://digimon.net/cimages/digimon/gargomon.jpg,False,0,アーマー体,,7,False,False,False,True,165,1b23ea3ccb6599a3dac9cca6c086ccad1ddc4ba39d540fee22b5c9e075e4ddeb,True
orcamon,https://digimon.net/reference/detail.php?directory_name=orcamon,オルカモン,ORCAMON,アーマー体,アーマー体,水棲獣人型,水棲獣人型,フリー,フリー,・バサロクラッシュ,https://digimon.net/cimages/digimon/orcamon.jpg,False,0,アーマー体,,7,False,False,False,True,326,d959c3f7ff2cb99d7278b95a87f44ce3fd697c32e98142631bb667fbad61819d,True
opossummon,https://digimon.net/reference/detail.php?directory_name=opossummon,オポッサモン,OPOSSUMMON,アーマー体,アーマー体,獣型,獣型,フリー,フリー,・マッドバルーンボム,https://digimon.net/cimages/digimon/opossummon.jpg,False,0,アーマー体,,7,False,False,False,True,321,1703185ee4216b7e020020a684c093da81d460a1be606a2a55593e4294037bc0,True
elephamon,https://digimon.net/reference/detail.php?directory_name=elephamon,エレファモン,ELEPHAMON,アーマー体,アーマー体,サイボーグ型,サイボーグ型,フリー,フリー,・ニトロタービンウェーブ,https://digimon.net/cimages/digimon/elephamon.jpg,False,0,アーマー体,,7,False,False,False,True,291,5d3f5e76c771cc008c7ca0b8749c33bc7e72170f394df1472a7ff54dce3da6bb,True
allomon,https://digimon.net/reference/detail.php?directory_name=allomon,アロモン,ALLOMON,アーマー体,アーマー体,恐竜型,恐竜型,フリー,フリー,・ディノバースト,https://digimon.net/cimages/digimon/allomon.jpg,False,0,アーマー体,,7,False,False,False,True,166,4bb5c74a5dd510d186762d9b5904c6ba95185fb10cfad21c9342ac2d6edc160a,True
archelomon,https://digimon.net/reference/detail.php?directory_name=archelomon,アーケロモン,ARCHELOMON,アーマー体,アーマー体,爬虫類型,爬虫類型,フリー,フリー,・オーシャンストローム,https://digimon.net/cimages/digimon/archelomon.jpg,False,0,アーマー体,,7,False,False,False,True,175,fb4283ead90964a9aed3edbdb754609c38e5d2222eb3c532699b9053a83d5767,True
owlmon,https://digimon.net/reference/detail.php?directory_name=owlmon,アウルモン,OWLMON,アーマー体,アーマー体,鳥型,鳥型,フリー,フリー,・ミッドナイトクラッチ,https://digimon.net/cimages/digimon/owlmon.jpg,False,0,アーマー体,,7,False,False,False,True,211,6d98e8664cf253de0f53511a64189f414308c33e4ded522b9dcbb3728049c1a6,True
lordknightmon,https://digimon.net/reference/detail.php?directory_name=lordknightmon,ロードナイトモン,LORDKNIGHTMON,究極体,究極体,聖騎士型,聖騎士型,ウィルス,ウィルス,"・スパイラルマスカレード
・アージェントフィアー",https://digimon.net/cimages/digimon/lordknightmon.jpg,False,0,究極体,,6,False,False,False,True,259,7d610368e658c8917dbb1455d081b211ed53ba1c31e4fc37eaa582c6c0c9a018,True
lotusmon,https://digimon.net/reference/detail.php?directory_name=lotusmon,ロトスモン,LOTUSMON,究極体,究極体,妖精型,妖精型,データ,データ,"・サーペントキュア
・サーペントルイン
・セブンズファンタジア",https://digimon.net/cimages/digimon/lotusmon.jpg,False,0,究極体,,6,False,False,False,True,226,3c8b83cc60dbb14892dd734e01d625832c2f5b489e56627a6b120ecc8c29b4ef,True
rosemonburstmode,https://digimon.net/reference/detail.php?directory_name=rosemonburstmode,ロゼモン：バーストモード,ROSEMON:BURSTMODE,究極体,究極体,妖精型,妖精型,データ,データ,"・シャリテ
・アギシャンレーヴル
・ティファレト",https://digimon.net/cimages/digimon/rosemonburstmode.jpg,False,0,究極体,,6,False,False,False,True,149,060bd427c25593a7e7547da1893ad8886f5ffd953bb4606821e2203637ec49bb,True
rosemon,https://digimon.net/reference/detail.php?directory_name=rosemon,ロゼモン,ROSEMON,究極体,究極体,妖精型,妖精型,データ,データ,"・ソーンウィップ
・ローゼスレイピア
・フォービドゥンテンプテイション",https://digimon.net/cimages/digimon/rosemon.jpg,False,0,究極体,,6,False,False,False,True,358,8029449ea3bd951aff4a9e32638ad6912d9eca067d85d959216eecae3b0b4920,True
ravmonburstmode,https://digimon.net/reference/detail.php?directory_name=ravmonburstmode,レイヴモン：バーストモード,RAVMON:BURSTMODE,究極体,究極体,サイボーグ型,サイボーグ型,ワクチン,ワクチン,"・無双天翔翼之陣（むそうてんしょうよくのじん）
・怒涛闇供喪之舞（どとうやみくものまい）
・雷光一閃之突（らいこういっせんのつき）",https://digimon.net/cimages/digimon/ravmonburstmode.jpg,False,0,究極体,,6,False,False,False,True,185,5c9d87d8493de69128c30eeeea8f676f4c5c1d1f0ae6c1bf9e4b328e17492f58,True
ravmon,https://digimon.net/reference/detail.php?directory_name=ravmon,レイヴモン,RAVMON,究極体,究極体,サイボーグ型,サイボーグ型,ワクチン,ワクチン,"・スパイラルレイヴンクロウ
・ブラストウィング
・烏王丸（ちょうおうまる）",https://digimon.net/cimages/digimon/ravmon.jpg,False,0,究極体,,6,False,False,False,True,313,cb1cf7fffb761529afede713e8b09d0f0e55b6f82d9a6409649c554d9dede179,True
lucemonlarva,https://digimon.net/reference/detail.php?directory_name=lucemonlarva,ルーチェモン：ラルバ,LUCEMON:LARVA,究極体,究極体,魔神型,魔神型,ウィルス,ウィルス,・,https://digimon.net/cimages/digimon/lucemonlarva.jpg,False,0,究極体,,6,False,False,False,True,86,748686e0ac3f963b2600917af72e2fd5ec4d02384afb532767720f482c6ea6b3,True
lucemonsatanmode,https://digimon.net/reference/detail.php?directory_name=lucemonsatanmode,ルーチェモン：サタンモード,LUCEMONSATANMODE,究極体,究極体,魔神型,魔神型,ウィルス,ウィルス,"・パーガトリアルフレイム
・ディバインアトーンメント",https://digimon.net/cimages/digimon/lucemonsatanmode.jpg,False,0,究極体,,6,False,False,False,True,297,78b89d3b8feff843f4e246a36f40f2b61b696f7deba96328434dc761445e94ba,True
lilithmon,https://digimon.net/reference/detail.php?directory_name=lilithmon,リリスモン,LILITHMON,究極体,究極体,魔王型,魔王型,ウィルス,ウィルス,・ファントムペイン,https://digimon.net/cimages/digimon/lilithmon.jpg,False,0,究極体,,6,False,False,False,True,270,15efb937d8f9bb37125149ac67c34d9215cd285b11b8eb25b0dcad97fafbad8e,True
leviamon,https://digimon.net/reference/detail.php?directory_name=leviamon,リヴァイアモン,LEVIAMON,究極体,究極体,魔王型,魔王型,ウィルス,ウィルス,"・ロストルム
・カウダ",https://digimon.net/cimages/digimon/leviamon.jpg,False,0,究極体,,6,False,False,False,True,314,59aebffc4a1d630b89b2ca8522205e2dc8ac7f676c95f8cc8a1772b22e39dbfe,True
lampmon,https://digimon.net/reference/detail.php?directory_name=lampmon,ランプモン,LAMPMON,究極体,究極体,魔人型,魔人型,データ,データ,・ファントムターバン,https://digimon.net/cimages/digimon/lampmon.jpg,False,0,究極体,,6,False,False,False,True,260,568a91484769dd4fe098eba6bf7442f33165810c1d5ef4c7ede813dc61d37609,True
rusttyranomon,https://digimon.net/reference/detail.php?directory_name=rusttyranomon,ラストティラノモン,RUSTTYRANOMON,究極体,究極体,サイボーグ型,サイボーグ型,ウィルス,ウィルス,"・テラーズクラスター
・ラストブレス",https://digimon.net/cimages/digimon/rusttyranomon.jpg,False,0,究極体,,6,False,False,False,True,304,f1e389af605995b0e61c57a24f038fef0cae9b98b8395aa6c15a86306c01fb15,True
rasielmon,https://digimon.net/reference/detail.php?directory_name=rasielmon,ラジエルモン,RASIELMON,究極体,究極体,座天使型,座天使型,ワクチン,ワクチン,"・ノウレッジストリーム
・セファーラジエール",https://digimon.net/cimages/digimon/rasielmon.jpg,False,0,究極体,,6,False,False,False,True,228,5016356149251a05e50efc47a1d3f045eedc9443e5756d96b169faaa09c6a304,True
jupitermon,https://digimon.net/reference/detail.php?directory_name=jupitermon,ユピテルモン,JUPITERMON,究極体,究極体,神人型,神人型,ワクチン,ワクチン,"・マボルト
・パニッシュジャッジ
・ワイドプラズメント",https://digimon.net/cimages/digimon/jupitermon.jpg,False,0,究極体,,6,False,False,False,True,369,df7eedde5024f6c0b17a7555f0058cbdbfcb0b503ee9e6d74a9740b58b8d3ae1,True
mercurymon,https://digimon.net/reference/detail.php?directory_name=mercurymon,メルクリモン,MERCURYMON,究極体,究極体,神人型,神人型,ウィルス,ウィルス,"・サウザンドフィスト
・スピリチャルエンチャント",https://digimon.net/cimages/digimon/mercurymon.jpg,False,0,究極体,,6,False,False,False,True,268,9450c778107bbf1847ece78f096483fa1bcb8bd5897810b92ad0ce90d92a5aa0,True
medievaldukemon,https://digimon.net/reference/detail.php?directory_name=medievaldukemon,メディーバルデュークモン,MEDIEVALDUKEMON,究極体,究極体,戦士型,戦士型,データ,データ,"・レイジ・オブ・ワイバーン
・ファイナル・クレスト",https://digimon.net/cimages/digimon/medievaldukemon.jpg,False,0,究極体,,6,False,False,False,True,410,0c168f56d7c686cb3da2bf0526fe3aa3c201a8fe159d28d5589fb855b8b4d9a1,True
metalpiranimon,https://digimon.net/reference/detail.php?directory_name=metalpiranimon,メタルピラニモン,METALPIRANIMON,究極体,究極体,水棲型,水棲型,ウィルス,ウィルス,"・３Dレイザー
・マックスパワーバイス",https://digimon.net/cimages/digimon/metalpiranimon.jpg,False,0,究極体,,6,True,False,False,True,325,52e6fbc43b46995989758850e59b8679f80447d899c3ef9288f326be8f850d0a,True
metalseadramon,https://digimon.net/reference/detail.php?directory_name=metalseadramon,メタルシードラモン,METALSEADRAMON,究極体,究極体,サイボーグ型,サイボーグ型,データ,データ,・アルティメットストリーム,https://digimon.net/cimages/digimon/metalseadramon.jpg,False,0,究極体,,6,False,False,False,True,340,9e13764d0fdd382b349d662b995c125cfa52f8c477873b2a08f29733fe502fb4,True
metalgarurumon,https://digimon.net/reference/detail.php?directory_name=metalgarurumon,メタルガルルモン,METALGARURUMON,究極体,究極体,サイボーグ型,サイボーグ型,データ,データ,"・コキュートスブレス
・ガルルトマホーク
・グレイスクロスフリーザー",https://digimon.net/cimages/digimon/metalgarurumon.jpg,False,0,究極体,,6,False,False,False,True,395,d994843b517372f8dd5a4ed26c0158fd832a05c3a03faddd5fcbaad2d196becb,True
metaletemon,https://digimon.net/reference/detail.php?directory_name=metaletemon,メタルエテモン,METALETEMON,究極体,究極体,サイボーグ型,サイボーグ型,ウィルス,ウィルス,・バナナスリップ,https://digimon.net/cimages/digimon/metaletemon.jpg,False,0,究極体,,6,False,False,False,True,269,4aeb34e360900ad1cfcc442b77d7a5090ce0eaa87f2e1b6be265aeb15c635367,True
megidramon,https://digimon.net/reference/detail.php?directory_name=megidramon,メギドラモン,MEGIDRAMON,究極体,究極体,邪竜型,邪竜型,ウィルス,ウィルス,"・ヘル・ハウリング
・メギドフレイム",https://digimon.net/cimages/digimon/megidramon.jpg,False,0,究極体,,6,False,False,False,True,379,cb9efa12b03de9e2dbe76fe68b1393a2023f3d47dec38092822417b2de0fcfd4,True
moonmillenniumon,https://digimon.net/reference/detail.php?directory_name=moonmillenniumon,ムーンミレニアモン,MOONMILLENNIUMON,究極体,究極体,邪神型,邪神型,ウィルス,ウィルス,・デス・クリスタル,https://digimon.net/cimages/digimon/moonmillenniumon.jpg,False,0,究極体,,6,False,False,False,True,314,c600ae304352b4cea307db97fa4d3574439e2b82584283bdb870b63ba743d304,True
murmukusmon,https://digimon.net/reference/detail.php?directory_name=murmukusmon,ムルムクスモン,MURMUKUSMON,究極体,究極体,魔王型,魔王型,ウィルス,ウィルス,・ゲヘナ・フレイム,https://digimon.net/cimages/digimon/murmukusmon.jpg,False,0,究極体,,6,False,False,False,True,158,c0fc442fdc5b4f2b1eaadb256fb393b33cb91b6ea0571497f10af764225b1172,True
mugendramon,https://digimon.net/reference/detail.php?directory_name=mugendramon,ムゲンドラモン,MUGENDRAMON,究極体,究極体,マシーン型,マシーン型,ウィルス,ウィルス,・∞（ムゲン）キャノン,https://digimon.net/cimages/digimon/mugendramon.jpg,False,0,究極体,,6,False,False,False,True,296,8a1843fa581d5e93340fc6e56512e9d34a37235808f2cb3b5364ab12094d6581,True
millenniumon,https://digimon.net/reference/detail.php?directory_name=millenniumon,ミレニアモン,MILLENNIUMON,究極体,究極体,合成型,合成型,ウィルス,ウィルス,・タイムアンリミテッド,https://digimon.net/cimages/digimon/millenniumon.jpg,False,0,究極体,,6,False,False,False,True,172,a32f4fc7745a83f01d1098edf183a100b073f6f224f760a75331a4d548b44be1,True
miragegaogamon:burstmode,https://digimon.net/reference/detail.php?directory_name=miragegaogamon:burstmode,ミラージュガオガモン：バーストモード,MIRAGEGAOGAMON:BURSTMODE,究極体,究極体,獣騎士型,獣騎士型,データ,データ,"・フルムーンメテオインパクト
・ファイナルミラージュバースト
・ルナハーケンスラッシャー",https://digimon.net/cimages/digimon/miragegaogamon:burstmode.jpg,False,0,究極体,,6,False,False,False,True,186,c36df8cb337181373b75b7ed99be439d6cc4ec5ec9884318c61dcca56d2b0b88,True
miragegaogamon,https://digimon.net/reference/detail.php?directory_name=miragegaogamon,ミラージュガオガモン,MIRAGEGAOGAMON,究極体,究極体,獣騎士型,獣騎士型,データ,データ,"・ダブルクレセントミラージュ
・フルムーンブラスター
・ゲイルクロー",https://digimon.net/cimages/digimon/miragegaogamon.jpg,False,0,究極体,,6,False,False,False,True,172,f9ea7dc73e414e5e3c855d9242d7e4e5a2b5b4353b7bf9fef7bc11614bb7995a,True
minervamon,https://digimon.net/reference/detail.php?directory_name=minervamon,ミネルヴァモン,MINERVAMON,究極体,究極体,神人型,神人型,ウィルス,ウィルス,"・ストライクロール
・マッドネスメリーゴーランド",https://digimon.net/cimages/digimon/minervamon.jpg,False,0,究極体,,6,False,False,False,True,259,4002acfe0fc9d289e1e926bf050952304edf2776068a0825bd76b83be5158a1d,True
marsmon,https://digimon.net/reference/detail.php?directory_name=marsmon,マルスモン,MARSMON,究極体,究極体,神人型,神人型,ワクチン,ワクチン,・コロナサンクションズ,https://digimon.net/cimages/digimon/marsmon.jpg,False,0,究極体,,6,False,False,False,True,308,ae6a0a8afd3c4c08aa7650442baa6fa24ada13cb9bddfe4cdba42446951ec3b5,True
marinangemon,https://digimon.net/reference/detail.php?directory_name=marinangemon,マリンエンジェモン,MARINANGEMON,究極体,究極体,妖精型,妖精型,ワクチン,ワクチン,・オーシャンラブ,https://digimon.net/cimages/digimon/marinangemon.jpg,False,0,究極体,,6,False,False,False,True,239,f047bbad0df8ae9c0a68e53679bd197d1ecdff45f40f03056b1ee0623d41ca9b,True
magnakidmon,https://digimon.net/reference/detail.php?directory_name=magnakidmon,マグナキッドモン,MAGNAKIDMON,究極体,究極体,竜人型,竜人型,ウィルス,ウィルス,"・バインドレッドトリッガー
・ハッピーバレットシャワリング
・ケイオストライアングラー",https://digimon.net/cimages/digimon/magnakidmon.jpg,False,0,究極体,,6,False,False,False,True,435,4515e02f3781bd558cfeace5ad48aaf6e7ada36500bc3b87606f20c2bd2e4970,True
boltmon,https://digimon.net/reference/detail.php?directory_name=boltmon,ボルトモン,BOLTMON,究極体,究極体,サイボーグ型,サイボーグ型,データ,データ,・トマホークシュタイナー,https://digimon.net/cimages/digimon/boltmon.jpg,False,0,究極体,,6,False,False,False,True,174,434c93db77b0ea9024d973e57fa0a8aa5ff36bda23b4c02ae6c33d04e4270788,True
holydramon,https://digimon.net/reference/detail.php?directory_name=holydramon,ホーリードラモン,HOLYDRAMON,究極体,究極体,聖竜型,聖竜型,ワクチン,ワクチン,・ホーリーフレイム,https://digimon.net/cimages/digimon/holydramon.jpg,False,0,究極体,,6,False,False,False,True,186,138dfb1c9ea269bc5e0f13f391ff4fccb1637e993f443dd81c2c91c87c9638d4,True
hououmon,https://digimon.net/reference/detail.php?directory_name=hououmon,ホウオウモン,HOUOUMON,究極体,究極体,聖獣型,聖獣型,ワクチン,ワクチン,・スターライトエクスプロージョン,https://digimon.net/cimages/digimon/hououmon.jpg,False,0,究極体,,6,False,False,False,True,253,fc0cba594dfa8c84d43642ff97cb87aa03b2cc49010ec9106b94048cc098b310,True
belphemonragemode,https://digimon.net/reference/detail.php?directory_name=belphemonragemode,ベルフェモン：レイジモード,BELPHEMON:RAGEMODE,究極体,究極体,魔王型,魔王型,ウィルス,ウィルス,"・ランプランツス
・ギフトオブダークネス",https://digimon.net/cimages/digimon/belphemonragemode.jpg,False,0,究極体,,6,False,False,False,True,288,931c86a40950bac2a8ea80951f9e8113e364bc0fe3a299b5a7e5861beb710438,True
belphemonsleepmode,https://digimon.net/reference/detail.php?directory_name=belphemonsleepmode,ベルフェモン：スリープモード,BELPHEMON:SLEEPMODE,究極体,究極体,魔王型,魔王型,ウィルス,ウィルス,"・エターナルナイトメア
・ランプランツス",https://digimon.net/cimages/digimon/belphemonsleepmode.jpg,False,0,究極体,,6,False,False,False,True,292,2c955324988b93a599466caaa2f32484e0dc986b25272627ef593e29aa62413d,True
beelzebumonblastmode,https://digimon.net/reference/detail.php?directory_name=beelzebumonblastmode,ベルゼブモン：ブラストモード,BEELZEBUMON:BLASTMODE,究極体,究極体,魔王型,魔王型,ウィルス,ウィルス,"・デススリンガー
・カオスフレア",https://digimon.net/cimages/digimon/beelzebumonblastmode.jpg,False,0,究極体,,6,False,False,False,True,262,fc5a42a58103230d9cb482815f40b0facb340c9daab15178ca682b8b17cf3284,True
beelzebumon,https://digimon.net/reference/detail.php?directory_name=beelzebumon,ベルゼブモン,BEELZEBUMON,究極体,究極体,魔王型,魔王型,ウィルス,ウィルス,"・ダークネスクロウ
・ダブルインパクト",https://digimon.net/cimages/digimon/beelzebumon.jpg,True,1,究極体,,6,False,False,False,True,288,19ad29ca6051bac7c6b218084462bca9921a845c61691d2c32a55274f25833cc,True
beelstarmon,https://digimon.net/reference/detail.php?directory_name=beelstarmon,ベルスターモン,BEELSTARMON,究極体,究極体,魔人型,魔人型,ウィルス,ウィルス,"・フライバレット
・ダブルクロウ
・ハリケーンビスショット",https://digimon.net/cimages/digimon/beelstarmon.jpg,False,0,究極体,,6,False,False,False,True,354,e03de6aab69f2f84489737f69f55af24c46b8e777096a06b2d3510e0a333303c,True
belialvamdemon,https://digimon.net/reference/detail.php?directory_name=belialvamdemon,ベリアルヴァンデモン,BELIALVAMDEMON,究極体,究極体,魔王型,魔王型,ウィルス,ウィルス,・パンデモニウムフレイム,https://digimon.net/cimages/digimon/belialvamdemon.jpg,False,0,究極体,,6,False,False,False,True,203,bcab7bcb74c4ab6b985cb11f33ed31832d41229790d3f9f9ba48e96d47b6d203,True
heraklekabuterimon,https://digimon.net/reference/detail.php?directory_name=heraklekabuterimon,ヘラクルカブテリモン,HERAKLEKABUTERIMON,究極体,究極体,昆虫型,昆虫型,ワクチン,ワクチン,・ギガブラスター,https://digimon.net/cimages/digimon/heraklekabuterimon.jpg,False,0,究極体,,6,False,False,False,True,220,edce46fc1464a4db834d2a425acc062684bb44fb7c913413f37896820641902e,True
plesiomon,https://digimon.net/reference/detail.php?directory_name=plesiomon,プレシオモン,PLESIOMON,究極体,究極体,首長竜型,首長竜型,データ,データ,・ソローブルー,https://digimon.net/cimages/digimon/plesiomon.jpg,False,0,究極体,,6,False,False,False,True,178,2d94570c28cbd964fefe128b81276d5237393a79405f6e72d7f2d9b867c91cb4,True
breakdramon,https://digimon.net/reference/detail.php?directory_name=breakdramon,ブレイクドラモン,BREAKDRAMON,究極体,究極体,機竜型,機竜型,ウィルス,ウィルス,"・デストロイドラッシュ
・インフィニティボーリング
・グラビティプレス",https://digimon.net/cimages/digimon/breakdramon.jpg,False,0,究極体,,6,False,False,False,True,347,63123033ef8f25fd0e613403f0618365d3338c0b4cd7d32d03e52c36e519dc97,True
princemamemon,https://digimon.net/reference/detail.php?directory_name=princemamemon,プリンスマメモン,PRINCEMAMEMON,究極体,究極体,突然変異型,突然変異型,データ,データ,・スマイリーウォーヘッド,https://digimon.net/cimages/digimon/princemamemon.jpg,False,0,究極体,,6,False,False,False,True,230,413e94a6e8680a406f8db2700a9918ffaad17ee02164466c0372cbb0eb4c4d7d,True
blitzgreymon,https://digimon.net/reference/detail.php?directory_name=blitzgreymon,ブリッツグレイモン,BLITZGREYMON,究極体,究極体,サイボーグ型,サイボーグ型,ウィルス,ウィルス,"・プラズマステーク
・サンダーバーニア
・エレックガード",https://digimon.net/cimages/digimon/blitzgreymon.jpg,False,0,究極体,,6,False,False,False,True,192,6aaa3cc6beed6225090b4af90554e00560596edd442677e611bd66b2cc9eb2da,True
blacksaintgalgomon,https://digimon.net/reference/detail.php?directory_name=blacksaintgalgomon,ブラックセントガルゴモン,BLACKSAINTGALGOMON,究極体,究極体,マシーン型,マシーン型,ワクチン,ワクチン,"・ジャイアントミサイル
・バーストショット",https://digimon.net/cimages/digimon/blacksaintgalgomon.jpg,False,0,究極体,,6,False,False,False,True,109,9c6515e57972019348daf77e7c821fae537af3a051126712d5710ed0e6be0516,True
blackwargreymon,https://digimon.net/reference/detail.php?directory_name=blackwargreymon,ブラックウォーグレイモン,BLACKWARGREYMON,究極体,究極体,竜人型,竜人型,ウィルス,ウィルス,・暗黒のガイアフォース,https://digimon.net/cimages/digimon/blackwargreymon.jpg,False,0,究極体,,6,False,False,False,True,255,3b84570e31ef091642f110d42c02a4e53967ce5375ddbc03e5fe0f954ff2c9d9,True
platinumnumemon,https://digimon.net/reference/detail.php?directory_name=platinumnumemon,プラチナヌメモン,PLATINUMNUMEMON,究極体,究極体,突然変異型,突然変異型,ウィルス,ウィルス,"・エクスクレメント
・プラチナエクスクレメント
・プラチナバープ",https://digimon.net/cimages/digimon/platinumnumemon.jpg,False,0,究極体,,6,False,False,False,True,278,c0d6749aa40be5eb2df3b1ead360a2dc8c856eebfe04402978e90a966e9c7c30,True
pukumon,https://digimon.net/reference/detail.php?directory_name=pukumon,プクモン,PUKUMON,究極体,究極体,突然変異型,突然変異型,ウィルス,ウィルス,・ニードルスコール,https://digimon.net/cimages/digimon/pukumon.jpg,False,0,究極体,,6,False,False,False,True,214,c7913643353288756669f4f35d30e0ed9d921b58ad4fc6ddbd8c76dc7e0a7a7f,True
fujinmon,https://digimon.net/reference/detail.php?directory_name=fujinmon,フウジンモン,FUJINMON,究極体,究極体,マシーン型,マシーン型,ワクチン,ワクチン,"・マルトサイクロン
・クリティカルアーム",https://digimon.net/cimages/digimon/fujinmon.jpg,False,0,究極体,,6,False,False,False,True,122,6ea23efb217480025d60dc26b20084e12132da600e57ce5663d0e91f0d82aeec,True
huanglongmon,https://digimon.net/reference/detail.php?directory_name=huanglongmon,ファンロンモン,HUANGLONGMON,究極体,究極体,神獣型,神獣型,NO DATA,NO DATA,"・太極（たいきょく）
・黄廻（おうかい）",https://digimon.net/cimages/digimon/huanglongmon.jpg,False,0,究極体,,6,False,False,False,True,625,ac06d556d91a6d67523429643b6d6c5de13c44edda9e4b1c26b38af41e8b5a9a,True
pharaohmon,https://digimon.net/reference/detail.php?directory_name=pharaohmon,ファラオモン,PHARAOHMON,究極体,究極体,魔人型,魔人型,ウィルス,ウィルス,・ネクロミスト,https://digimon.net/cimages/digimon/pharaohmon.jpg,False,0,究極体,,6,False,False,False,True,356,2240fe38396e4cc02d1df47f1432c0ecc755f4143d511097e1019d4e8642c10e,True
pinochimon,https://digimon.net/reference/detail.php?directory_name=pinochimon,ピノッキモン,PINOCHIMON,究極体,究極体,パペット型,パペット型,ウィルス,ウィルス,・ブリットハンマー,https://digimon.net/cimages/digimon/pinochimon.jpg,False,0,究極体,,6,False,False,False,True,251,460c1ef384a5e14d630ecd020e606baa1e4f92f97dec18070e3f78641d564b14,True
victorygreymon,https://digimon.net/reference/detail.php?directory_name=victorygreymon,ビクトリーグレイモン,VICTORYGREYMON,究極体,究極体,竜人型,竜人型,ワクチン,ワクチン,"・ドラモンブレイカー
・トライデントガイア
・ビクトリーチャージ",https://digimon.net/cimages/digimon/victorygreymon.jpg,False,0,究極体,,6,False,False,False,True,333,c1d611df8eaf974e18004045ef88dc18bf489aa0f0bdb747c74f7dea7e5ac74b,True
piemon,https://digimon.net/reference/detail.php?directory_name=piemon,ピエモン,PIEMON,究極体,究極体,魔人型,魔人型,ウィルス,ウィルス,・トランプ・ソード,https://digimon.net/cimages/digimon/piemon.jpg,False,0,究極体,,6,False,False,False,True,244,229db9311d2514647d4efca73d4b349d5ed367e2e0f10cdcc6078218a06e2287,True
bancholeomon,https://digimon.net/reference/detail.php?directory_name=bancholeomon,バンチョーレオモン,BANCHOLEOMON,究極体,究極体,獣人型,獣人型,ワクチン,ワクチン,"・獅子羅王漸（ししらおうざん）
・フラッシュバンチョーパンチ",https://digimon.net/cimages/digimon/bancholeomon.jpg,True,1,究極体,,6,False,False,False,True,333,cae81a4cc4b96bb7b5d559ac11a8c914242751bb2fbe3dbedf56e341bc2920b2,True
banchomamemon,https://digimon.net/reference/detail.php?directory_name=banchomamemon,バンチョーマメモン,BANCHOMAMEMON,究極体,究極体,突然変異型,突然変異型,データ,データ,"・護王流伝羅守（ごーるでんらっしゅ）
・千本爆砕（せんぼんどっかーん）
・特攻漢弾（ぶっこみおとこだま）",https://digimon.net/cimages/digimon/banchomamemon.jpg,False,0,究極体,,6,False,False,False,True,453,4afc38b282beec5ca412aa018facca51ed915edc0e633344dee9dc0164ab065f,True
banchostingmon,https://digimon.net/reference/detail.php?directory_name=banchostingmon,バンチョースティングモン,BANCHOSTINGMON,究極体,究極体,昆虫型,昆虫型,フリー,フリー,"・ブラッディーフィニッシュ
・爆雷天
・レッドバット",https://digimon.net/cimages/digimon/banchostingmon.jpg,False,0,究極体,,6,False,False,False,True,276,129ce1039349d50891f56b883cb0ce51fee23947ec93bcc2e27bd408fc76e026,True
barbamon,https://digimon.net/reference/detail.php?directory_name=barbamon,バルバモン,BARBAMON,究極体,究極体,魔王型,魔王型,ウィルス,ウィルス,"・デスルアー
・パンデモニウムロスト",https://digimon.net/cimages/digimon/barbamon.jpg,False,0,究極体,,6,False,False,False,True,333,d41c7a373f6eea1e91e4cea0943fcee1e7f79fbc9548992105b3f0ee3095494f,True
parasimon,https://digimon.net/reference/detail.php?directory_name=parasimon,パラサイモン,PARASIMON,究極体,究極体,寄生型,寄生型,ウィルス,ウィルス,・エレクトリックバインド,https://digimon.net/cimages/digimon/parasimon.jpg,False,0,究極体,,6,False,False,False,True,282,1bb3e6b8508d59f8501865123e4eae0c59b3e66a426a367bc72bc31516d40efe,True
babamon,https://digimon.net/reference/detail.php?directory_name=babamon,ババモン,BABAMON,究極体,究極体,エンシェント型,エンシェント型,ワクチン,ワクチン,・エンブレスヘイズ,https://digimon.net/cimages/digimon/babamon.jpg,False,0,究極体,,6,False,False,False,True,105,223f693dba41255383c100b70ca99863aca7a653380c0cc78bc71e4a4d3b7c5a,True
baihumon,https://digimon.net/reference/detail.php?directory_name=baihumon,バイフーモン,BAIHUMON,究極体,究極体,聖獣型,聖獣型,データ,データ,・金剛（こんごう）,https://digimon.net/cimages/digimon/baihumon.jpg,False,0,究極体,,6,False,False,False,True,296,01c7a0b78bec6ca5ecababbedc4b5640590873e498c283aca181ca832203aa70,True
hiandromon,https://digimon.net/reference/detail.php?directory_name=hiandromon,ハイアンドロモン,HIANDROMON,究極体,究極体,サイボーグ型,サイボーグ型,ワクチン,ワクチン,・アトミック・レイ,https://digimon.net/cimages/digimon/hiandromon.jpg,False,0,究極体,,6,False,False,False,True,343,7c5eb2c4aeeca73249a8a78f1186294562f751d0adb021d22faf4505e947eddc,True
neptunemon,https://digimon.net/reference/detail.php?directory_name=neptunemon,ネプトゥーンモン,NEPTUNEMON,究極体,究極体,神人型,神人型,ワクチン,ワクチン,"・ボルテックスペネトレート
・ウェーブオブデプス",https://digimon.net/cimages/digimon/neptunemon.jpg,False,0,究極体,,6,False,False,False,True,268,5bbb9458d84cd45167ca0969a831e6a8833b22d8996596497997d3db4ab64ee8,True
dorugoramon,https://digimon.net/reference/detail.php?directory_name=dorugoramon,ドルゴラモン,DORUGORAMON,究極体,究極体,獣竜型,獣竜型,データ,データ,"・ブレイブメタル
・ドルディーン",https://digimon.net/cimages/digimon/dorugoramon.jpg,False,0,究極体,,6,True,False,False,True,213,4beb6c1b82c2c46ad2520fb09bb7803e934bd589611f776217e85163319955c7,True
duftmonleopardmode,https://digimon.net/reference/detail.php?directory_name=duftmonleopardmode,ドゥフトモン：レオパルドモード,DUFTMON:LEOPARDMODE,究極体,究極体,聖騎士型,聖騎士型,データ,データ,"・ヴォルケンクラッツァー
・ブロッカーデ
・エアオーベルング",https://digimon.net/cimages/digimon/duftmonleopardmode.jpg,False,0,究極体,,6,False,False,False,True,161,00ce22b9056bae0b42c5cdfafba52b6adb9e4b807326e0058eb4a30f09c02a3f,True
duftmon,https://digimon.net/reference/detail.php?directory_name=duftmon,ドゥフトモン,DUFTMON,究極体,究極体,聖騎士型,聖騎士型,データ,データ,"・アウススターベン
・エルンストウェル",https://digimon.net/cimages/digimon/duftmon.jpg,False,0,究極体,,6,False,False,False,True,163,d0165e89d9b2df3d6d44402da7c5b36795b74d41c544c0dec9bdec91d6dd3eb5,True
durandamon,https://digimon.net/reference/detail.php?directory_name=durandamon,デュランダモン,DURANDAMON,究極体,究極体,聖剣型,聖剣型,ワクチン,ワクチン,"・ツヴァングレンツェ
・トロンメッサー",https://digimon.net/cimages/digimon/durandamon.jpg,False,0,究極体,,6,False,False,False,True,310,50db5b37af9174e073e979ac76400d1317253df025e30144fbf3f4039999cdb2,True
dynasmon,https://digimon.net/reference/detail.php?directory_name=dynasmon,デュナスモン,DYNASMON,究極体,究極体,聖騎士型,聖騎士型,データ,データ,"・ドラゴンズロア
・ブレス・オブ・ワイバーン",https://digimon.net/cimages/digimon/dynasmon.jpg,False,0,究極体,,6,False,False,False,True,264,00c9fce8aab9818303a02c639767640bfce56a3a02c9590004f7aada31f6fa6d,True
dukemoncrimsonmode,https://digimon.net/reference/detail.php?directory_name=dukemoncrimsonmode,デュークモン：クリムゾンモード,DUKEMON:CRIMSONMODE,究極体,究極体,聖騎士型,聖騎士型,ウィルス,ウィルス,"・インビンシブルソード（無敵剣）
・クォ・ヴァディス",https://digimon.net/cimages/digimon/dukemoncrimsonmode.jpg,False,0,究極体,,6,False,False,False,True,279,40f37a8b1d692fe7ad1e8e5ce5ecc1c25d418a37e1fc34e090e55fc06e8854a5,True
dukemon,https://digimon.net/reference/detail.php?directory_name=dukemon,デュークモン,DUKEMON,究極体,究極体,聖騎士型,聖騎士型,ウィルス,ウィルス,"・ロイヤルセーバー
・ファイナル・エリシオン",https://digimon.net/cimages/digimon/dukemon.jpg,True,1,究極体,,6,False,False,False,True,328,d1305c222588974a75f8f8fcb8fb7c9d436b663aefddaaa7503a455b778a994f,True
devitamamon,https://digimon.net/reference/detail.php?directory_name=devitamamon,デビタマモン,DEVITAMAMON,究極体,究極体,突然変異型,突然変異型,データ,データ,・ブラックデスクラウド,https://digimon.net/cimages/digimon/devitamamon.jpg,False,0,究極体,,6,False,False,False,True,304,2b691c0855fcb34d8359600c76d4a711ca638194427afafc258a3fe195b63ed0,True
deathmon-black,https://digimon.net/reference/detail.php?directory_name=deathmon-black,デスモン（黒）,DEATHMON-BLACK,究極体,究極体,魔王型,魔王型,データ,データ,"・デスアロー
・エクスプロージョンアイ",https://digimon.net/cimages/digimon/deathmon-black.jpg,False,0,究極体,,6,False,False,False,True,296,19bc18d9d0dca86621d3a8c05697e021feb77ebd67b01cec61746a93e321d0c3,True
deathmon,https://digimon.net/reference/detail.php?directory_name=deathmon,デスモン,DEATHMON,究極体,究極体,魔王型,魔王型,データ,データ,"・デスアロー
・エクスプロージョンアイ",https://digimon.net/cimages/digimon/deathmon.jpg,False,0,究極体,,6,False,False,False,True,296,19bc18d9d0dca86621d3a8c05697e021feb77ebd67b01cec61746a93e321d0c3,True
death-x-mon,https://digimon.net/reference/detail.php?directory_name=death-x-mon,デクスモン,DEATH-X-MON,究極体,究極体,解析不能,解析不能,ウィルス,ウィルス,・,https://digimon.net/cimages/digimon/death-x-mon.jpg,False,0,究極体,,6,False,False,False,True,186,57673c6f8492e6adce97b87165a3411060daa16b8e24c154b13cd0a98731c736,True
demon,https://digimon.net/reference/detail.php?directory_name=demon,デーモン,DEMON,究極体,究極体,魔王型,魔王型,ウィルス,ウィルス,・フレイムインフェルノ,https://digimon.net/cimages/digimon/demon.jpg,False,0,究極体,,6,False,False,False,True,318,ba4c2418dfce6e605cd39ac7799c824aec9740edcb599ee868f4d569a6d786bc,True
death-x-dorugoramon,https://digimon.net/reference/detail.php?directory_name=death-x-dorugoramon,デクスドルゴラモン,DEATH-X-DORUGORAMON,究極体,究極体,アンデッド型,アンデッド型,ウィルス,ウィルス,"・メタルインパルス
・ドルディーン",https://digimon.net/cimages/digimon/death-x-dorugoramon.jpg,False,0,究極体,,6,True,False,False,True,299,eeba68efd9b625e409c65a879193b237d573ccf2b0aaff54d66d5bec37821482,True
dinorexmon,https://digimon.net/reference/detail.php?directory_name=dinorexmon,ディノレクスモン,DINOREXMON,究極体,究極体,恐竜型,恐竜型,データ,データ,"・スプラッターハンティング
・オーガフレイム",https://digimon.net/cimages/digimon/dinorexmon.jpg,False,0,究極体,,6,True,False,False,True,293,562d55ee5f26db39ce492aec61b70025ac723f115057e9a6654fdcac2dd53b5c,True
dinotigermon,https://digimon.net/reference/detail.php?directory_name=dinotigermon,ディノタイガモン,DINOTIGERMON,究極体,究極体,古代獣型,古代獣型,データ,データ,"・グラウンドファング
・ハイランドファング",https://digimon.net/cimages/digimon/dinotigermon.jpg,False,0,究極体,,6,True,False,False,True,291,37e46d8db47da3aa719ef15c7f45171e6d4f041082e74b0d6f30d039ba6edb7d,True
diablomon,https://digimon.net/reference/detail.php?directory_name=diablomon,ディアボロモン,DIABLOMON,究極体,究極体,種族不明,種族不明,不明,不明,・カタストロフィーカノン,https://digimon.net/cimages/digimon/diablomon.jpg,False,0,究極体,,6,False,False,False,True,255,5b92518e9f55e8d3efa61bb5d4edb0741b66261ee4d4c9cf4d598204a7e404ed,True
dianamon,https://digimon.net/reference/detail.php?directory_name=dianamon,ディアナモン,DIANAMON,究極体,究極体,神人型,神人型,データ,データ,"・クレセントハーケン
・アロー・オブ・アルテミス
・グッドナイト・ムーン",https://digimon.net/cimages/digimon/dianamon.jpg,False,0,究極体,,6,False,False,False,True,232,961ddc9cc379a67d45845ec026dba9c090a07f551a4ca878e85d66ef7c9ec529,True
qinglongmon,https://digimon.net/reference/detail.php?directory_name=qinglongmon,チンロンモン,QINGLONGMON,究極体,究極体,聖竜型,聖竜型,データ,データ,・蒼雷（そうらい）,https://digimon.net/cimages/digimon/qinglongmon.jpg,False,0,究極体,,6,False,False,False,True,255,8d8566d3da9be3f027f85d06cf1807369d549960285c1b7c64b565ae277c62bb,True
darkdramon,https://digimon.net/reference/detail.php?directory_name=darkdramon,ダークドラモン,DARKDRAMON,究極体,究極体,サイボーグ型,サイボーグ型,ウィルス,ウィルス,"・ダークロアー
・ギガスティックランス",https://digimon.net/cimages/digimon/darkdramon.jpg,False,0,究極体,,6,False,False,False,True,369,ab7b603737e0ddc4cc68ec574ffcf9c6dc3505a8d8ef1c75197b2b47a381ca79,True
tyrantkabuterimon,https://digimon.net/reference/detail.php?directory_name=tyrantkabuterimon,タイラントカブテリモン,TYRANTKABUTERIMON,究極体,究極体,昆虫型,昆虫型,ウィルス,ウィルス,"・シャインオブビー
・ビーサイクロン",https://digimon.net/cimages/digimon/tyrantkabuterimon.jpg,False,0,究極体,,6,False,False,False,True,253,e64e0b1d1d8ed3b97894911776db448cf01199984949842bc113f5ad5cbe4c35,True
titamon,https://digimon.net/reference/detail.php?directory_name=titamon,タイタモン,TITAMON,究極体,究極体,神人型,神人型,ウィルス,ウィルス,"・魂魄芯撃（こんぱくしんげき）
・幻刃無痕（げんじんむこん）
・呼応冥軍（こおうめいぐん）",https://digimon.net/cimages/digimon/titamon.jpg,False,0,究極体,,6,False,False,False,True,492,da978abd292a672c1680ccf59d8874bff4f69d32ce0904f60272e6f561bf3e16,True
tigervespamon,https://digimon.net/reference/detail.php?directory_name=tigervespamon,タイガーヴェスパモン,TIGERVESPAMON,究極体,究極体,サイボーグ型,サイボーグ型,ウィルス,ウィルス,・マッハスティンガーＶ（ビクトリー）,https://digimon.net/cimages/digimon/tigervespamon.jpg,False,0,究極体,,6,True,False,False,True,268,6afb9ce3564378aa091341bfa3a3d493f5e0bd95a0e81ba2daf619b2509e7005,True
saintgalgomon,https://digimon.net/reference/detail.php?directory_name=saintgalgomon,セントガルゴモン,SAINTGALGOMON,究極体,究極体,マシーン型,マシーン型,ワクチン,ワクチン,"・バーストショット
・ジャイアントミサイル",https://digimon.net/cimages/digimon/saintgalgomon.jpg,False,0,究極体,,6,False,False,False,True,279,1c14f4657019629e38adb083625bf87c1712b0c4577c25917d059694c770b0cb,True
seraphimon,https://digimon.net/reference/detail.php?directory_name=seraphimon,セラフィモン,SERAPHIMON,究極体,究極体,熾天使型,熾天使型,ワクチン,ワクチン,"・セブンヘブンズ
・テスタメント",https://digimon.net/cimages/digimon/seraphimon.jpg,False,0,究極体,,6,False,False,False,True,284,de8a5398a0cf8fe2e15af5d57e497b139c0fa5119bdf8eda0ce5f0c872abae0b,True
slayerdramon,https://digimon.net/reference/detail.php?directory_name=slayerdramon,スレイヤードラモン,SLAYERDRAMON,究極体,究極体,竜人型,竜人型,ワクチン,ワクチン,"・天竜斬破（てんりゅうざんは）
・昇竜斬波（しょうりゅうざんぱ）
・咬竜斬刃（こうりゅうざんば）",https://digimon.net/cimages/digimon/slayerdramon.jpg,False,0,究極体,,6,False,False,False,True,309,a36857f0055ad04e44310c89fcacc782e66fc2d6e56f35950cddcb6acb4287ca,True
sleipmon,https://digimon.net/reference/detail.php?directory_name=sleipmon,スレイプモン,SLEIPMON,究極体,究極体,聖騎士型,聖騎士型,ワクチン,ワクチン,"・ビフロスト
・オーディンズブレス",https://digimon.net/cimages/digimon/sleipmon.jpg,False,0,究極体,,6,False,False,False,True,392,f2242e895217a7a49514316bf2dfeb850710f61bbd17077e0238b711a208cdc1,True
slashangemon,https://digimon.net/reference/detail.php?directory_name=slashangemon,スラッシュエンジェモン,SLASHANGEMON,究極体,究極体,能天使型,能天使型,ワクチン,ワクチン,"・ホーリーエスパーダ
・ヘブンズリッパー",https://digimon.net/cimages/digimon/slashangemon.jpg,False,0,究極体,,6,False,False,False,True,174,c518b107afb373e5f8dcb03108c98b64f132893f3774143f2d2a8a3b95335273,True
spinomon,https://digimon.net/reference/detail.php?directory_name=spinomon,スピノモン,SPINOMON,究極体,究極体,恐竜型,恐竜型,ウィルス,ウィルス,"・ソニックスラッシュレイン
・ブループロミネンス",https://digimon.net/cimages/digimon/spinomon.jpg,False,0,究極体,,6,False,False,False,True,321,967c0a9fcb1303d2017d1d773cc7af99a1d203edd175a2f2a43bea738c278336,True
susanoomon,https://digimon.net/reference/detail.php?directory_name=susanoomon,スサノオモン,SUSANOOMON,究極体,究極体,神人型,神人型,ワクチン,ワクチン,"・天羽々斬（あまのはばきり）
・八雷神（やくさのいかづち）",https://digimon.net/cimages/digimon/susanoomon.jpg,True,1,究極体,,6,False,False,False,True,204,558b9facfdddf0efee6f29e9bfa8d7e132ccea9cb03f0154158cceb515dd0e1f,True
skullmammon,https://digimon.net/reference/detail.php?directory_name=skullmammon,スカルマンモン,SKULLMAMMON,究極体,究極体,アンデッド型,アンデッド型,ワクチン,ワクチン,・スパイラルボーン,https://digimon.net/cimages/digimon/skullmammon.jpg,False,0,究極体,,6,False,False,False,True,232,4a42cd5ff0542edd99611bd1e40f0969e396c88969e8fa5cb44a905cf07d428f,True
zhuqiaomon,https://digimon.net/reference/detail.php?directory_name=zhuqiaomon,スーツェーモン,ZHUQIAOMON,究極体,究極体,聖鳥型,聖鳥型,ウィルス,ウィルス,・紅焔（こうえん）,https://digimon.net/cimages/digimon/zhuqiaomon.jpg,False,0,究極体,,6,False,False,False,True,241,c936eb098bcbca8b8f374418b708696cc1bba7a88e9aeac3a90a93222e1236c3,True
suijinmon,https://digimon.net/reference/detail.php?directory_name=suijinmon,スイジンモン,SUIJINMON,究極体,究極体,マシーン型,マシーン型,データ,データ,"・ムゲンキャノン
・アクセルアーム",https://digimon.net/cimages/digimon/suijinmon.jpg,False,0,究極体,,6,False,False,False,True,127,f46dbe4e9c3b68ac72a2da4a347fb24d4b44981a79ad9e38e9a99fbd0b1fcc09,True
zeedmillenniumon,https://digimon.net/reference/detail.php?directory_name=zeedmillenniumon,ズィードミレニアモン,ZEEDMILLENNIUMON,究極体,究極体,邪神型,邪神型,ウィルス,ウィルス,・タイムデストロイヤー,https://digimon.net/cimages/digimon/zeedmillenniumon.jpg,False,0,究極体,,6,False,False,False,True,347,cacd4d190541cdea7238086ab671eac5682ee8fdba2ce8a97af3429ed1fa346c,True
zdgarurumon,https://digimon.net/reference/detail.php?directory_name=zdgarurumon,ズィードガルルモン,ZDGARURUMON,究極体,究極体,サイボーグ型,サイボーグ型,データ,データ,"・ズィード砲
・フルメタルブレイズ
・ブローバックブレス",https://digimon.net/cimages/digimon/zdgarurumon.jpg,False,0,究極体,,6,False,False,False,True,336,7831e89bc95aa23ade2c51fdda82968b68d5ec35021f3c914ead20f6d46756e1,True
jumbogamemon,https://digimon.net/reference/detail.php?directory_name=jumbogamemon,ジャンボガメモン,JUMBOGAMEMON,究極体,究極体,サイボーグ型,サイボーグ型,データ,データ,"・メガトンハイドロレーザー
・ジャンボクレーター
・ジャンボジェッター",https://digimon.net/cimages/digimon/jumbogamemon.jpg,False,0,究極体,,6,False,False,False,True,221,70f79f97cb44d12d5139af444f421eb8dabf8d0d80b089f27fb624a98e702f4a,True
justimon,https://digimon.net/reference/detail.php?directory_name=justimon,ジャスティモン：アクセルアーム,JUSTIMON,究極体,究極体,サイボーグ型,サイボーグ型,ワクチン,ワクチン,"・トリニティーアーム
・ジャスティスキック",https://digimon.net/cimages/digimon/justimon.jpg,False,0,究極体,,6,False,False,False,True,328,a4df4626e48c224694131682546ed366c1e85414ac57b7c6183e5b3a9b154e86,True
shakamon,https://digimon.net/reference/detail.php?directory_name=shakamon,シャカモン,SHAKAMON,究極体,究極体,如来型,如来型,ワクチン,ワクチン,"・悟遍路掌（さとりへんろしょう）
・霊光蜘蛛之糸（れいこうくものいと）
・怠条真言（たいじょうしんごん）",https://digimon.net/cimages/digimon/shakamon.jpg,False,0,究極体,,6,False,False,False,True,392,112dd20ebdf897fadc387c8be63d20783aaaf7cefc1c96469818a3f08af5d2cf,True
shinegreymonburstmode,https://digimon.net/reference/detail.php?directory_name=shinegreymonburstmode,シャイングレイモン：バーストモード,SHINEGREYMON:BURSTMODE,究極体,究極体,光竜型,光竜型,ワクチン,ワクチン,"・コロナブレイズソード
・ファイナルシャイニングバースト
・トリッドヴァイス",https://digimon.net/cimages/digimon/shinegreymonburstmode.jpg,False,0,究極体,,6,False,False,False,True,166,24f07841315f8d4eca472176be9f4676fb05e9335f914e8755dcd73f2614a9bf,True
shinegreymon,https://digimon.net/reference/detail.php?directory_name=shinegreymon,シャイングレイモン,SHINEGREYMON,究極体,究極体,光竜型,光竜型,ワクチン,ワクチン,"・グロリアスバースト
・シャイニングブラスト
・ジオグレイソード",https://digimon.net/cimages/digimon/shinegreymon.jpg,False,0,究極体,,6,False,False,False,True,140,19f4545a53674b489ea1d161cfb585aadf05986de9d2edcbed462829789135d8,True
jijimon,https://digimon.net/reference/detail.php?directory_name=jijimon,ジジモン,JIJIMON,究極体,究極体,エンシェント型,エンシェント型,ワクチン,ワクチン,・ハング・オン・デス,https://digimon.net/cimages/digimon/jijimon.jpg,False,0,究極体,,6,False,False,False,True,151,70bc8c77bb0898e789c83784edd5745d59d58f3491b65f781926437233951a5c,True
xuanwumon,https://digimon.net/reference/detail.php?directory_name=xuanwumon,シェンウーモン,XUANWUMON,究極体,究極体,聖獣型,聖獣型,ワクチン,ワクチン,・霧幻（むげん）,https://digimon.net/cimages/digimon/xuanwumon.jpg,False,0,究極体,,6,False,False,False,True,265,49066684f94e8597a1ab67e49ef4f13c429a2d2da2ebfdca972b7d0ef27e50f6,True
jesmon,https://digimon.net/reference/detail.php?directory_name=jesmon,ジエスモン,JESMON,究極体,究極体,聖騎士型,聖騎士型,データ,データ,"・轍剣成敗（てっけんせいばい）
・シュベルトガイスト
・アウスジェネリクス",https://digimon.net/cimages/digimon/jesmon.jpg,False,0,究極体,,6,False,False,False,True,514,f800c08e7ec425906532644e30a1c943490568621aff7574527a7bd06b88c4a2,True
zanbamon,https://digimon.net/reference/detail.php?directory_name=zanbamon,ザンバモン,ZANBAMON,究極体,究極体,魔人型,魔人型,ウィルス,ウィルス,"・打首獄門
・十文字斬り",https://digimon.net/cimages/digimon/zanbamon.jpg,False,0,究極体,,6,False,False,False,True,340,b1a9daef619b92c1f78689751aea3e188537afd052d879be351f413deb4e0d04,True
sakuyamon:mikomode,https://digimon.net/reference/detail.php?directory_name=sakuyamon:mikomode,サクヤモン：巫女モード,SAKUYAMON:MIKOMODE,究極体,究極体,神人型,神人型,データ,データ,・,https://digimon.net/cimages/digimon/sakuyamon:mikomode.jpg,False,0,究極体,,6,False,False,False,True,58,bf01b9d37278fb0463b6ee381375b6aa8fcee35b00d468b3327ce061790d4efa,True
sakuyamon,https://digimon.net/reference/detail.php?directory_name=sakuyamon,サクヤモン,SAKUYAMON,究極体,究極体,神人型,神人型,データ,データ,"・飯綱（いづな）
・金剛界曼荼羅（こんごうかいまんだら）",https://digimon.net/cimages/digimon/sakuyamon.jpg,False,0,究極体,,6,False,False,False,True,306,9b02ff2f1b10a70a74e02eab079d7f35536285746e57527d06a7890dbb3425c4,True
saberleomon,https://digimon.net/reference/detail.php?directory_name=saberleomon,サーベルレオモン,SABERLEOMON,究極体,究極体,古代獣型,古代獣型,データ,データ,・ネイルクラッシャー,https://digimon.net/cimages/digimon/saberleomon.jpg,False,0,究極体,,6,False,False,False,True,263,9f4d0919c9ca3b06eb4340b551494902711da81921ecd1ea61f2f5a365725227,True
goddramon,https://digimon.net/reference/detail.php?directory_name=goddramon,ゴッドドラモン,GODDRAMON,究極体,究極体,聖竜型,聖竜型,ワクチン,ワクチン,・ゴッドフレイム,https://digimon.net/cimages/digimon/goddramon.jpg,False,0,究極体,,6,False,False,False,True,270,06847eaac296f0a1cd47bbc58295601b5af1a621a709c5a250e6954d4acff5e9,True
gokumon,https://digimon.net/reference/detail.php?directory_name=gokumon,ゴクモン,GOKUMON,究極体,究極体,サイボーグ型,サイボーグ型,ウィルス,ウィルス,・髑髏乱舞（どくろらんぶ),https://digimon.net/cimages/digimon/gokumon.jpg,False,0,究極体,,6,False,False,False,True,147,8ef7e6e8aff16c58f5489d82e79e1bcecf8a66fee2cdce10a3f6da87ca9fbd9c,True
cherubimon-vice,https://digimon.net/reference/detail.php?directory_name=cherubimon-vice,ケルビモン（悪）,CHERUBIMON-VICE,究極体,究極体,智天使型,智天使型,ワクチン,ワクチン,"・ライトニングスピア
・ヘブンズ・ジャッジメント",https://digimon.net/cimages/digimon/cherubimon-vice.jpg,False,0,究極体,,6,False,False,False,True,229,c108caf7ff31ad696f76b3d92091c23cdf57f2ad0224868d3e162fbe093cd552,True
cherubimon,https://digimon.net/reference/detail.php?directory_name=cherubimon,ケルビモン（善）,CHERUBIMON,究極体,究極体,智天使型,智天使型,ワクチン,ワクチン,"・ライトニングスピア
・ヘブンズ・ジャッジメント",https://digimon.net/cimages/digimon/cherubimon.jpg,False,0,究極体,,6,False,False,False,True,229,c108caf7ff31ad696f76b3d92091c23cdf57f2ad0224868d3e162fbe093cd552,True
crossmon,https://digimon.net/reference/detail.php?directory_name=crossmon,クロスモン,CROSSMON,究極体,究極体,巨鳥型,巨鳥型,ワクチン,ワクチン,"・カイザーフェニックス
・ミスティックブレイク",https://digimon.net/cimages/digimon/crossmon.jpg,False,0,究極体,,6,False,False,False,True,250,aab2bef928fbe5b575c774edd421dd6bd32b0f5c2ccef4e2ed351405c689094a,True
craniummon,https://digimon.net/reference/detail.php?directory_name=craniummon,クレニアムモン,CRANIUMMON,究極体,究極体,聖騎士型,聖騎士型,ワクチン,ワクチン,"・エンド・ワルツ
・ゴッドブレス",https://digimon.net/cimages/digimon/craniummon.jpg,False,0,究極体,,6,False,False,False,True,380,e0bcefd3a203f1b9bd73e8250a211303403bfb9d4da516dcd5e64a055fff0e4e,True
gracenovamon,https://digimon.net/reference/detail.php?directory_name=gracenovamon,グレイスノヴァモン,GRACENOVAMON,究極体,究極体,銀河型,銀河型,ワクチン,ワクチン,"・エクリプスフィンガー
・カリュドーンアルクス",https://digimon.net/cimages/digimon/gracenovamon.jpg,False,0,究極体,,6,False,False,False,True,293,d6c2c23339b6e4ad457db1c44816f072104deaa0aa80a02dbe3c196c6982fbf6,True
griffomon,https://digimon.net/reference/detail.php?directory_name=griffomon,グリフォモン,GRIFFOMON,究極体,究極体,幻獣型,幻獣型,データ,データ,・スーパーソニックボイス,https://digimon.net/cimages/digimon/griffomon.jpg,False,0,究極体,,6,False,False,False,True,249,678ac8d8dbff57c59b6770d91b59bb206ec22bc417207290ce99d181a6577557,True
grandlocomon,https://digimon.net/reference/detail.php?directory_name=grandlocomon,グランドロコモン,GRANDLOCOMON,究極体,究極体,マシーン型,マシーン型,データ,データ,・デストロイドクラッシュ,https://digimon.net/cimages/digimon/grandlocomon.jpg,False,0,究極体,,6,False,False,False,True,231,45ea62959d31ced9de479d7800b1a949ffe61a38b53095ab3bfeb69d1e2e20fb,True
granddracumon,https://digimon.net/reference/detail.php?directory_name=granddracumon,グランドラクモン,GRANDDRACUMON,究極体,究極体,魔獣型,魔獣型,ウィルス,ウィルス,"・クリスタルレボリューション
・アイオブザゴーゴン",https://digimon.net/cimages/digimon/granddracumon.jpg,False,0,究極体,,6,False,False,False,True,362,dc529ae02bbe6e9f6be9bbb646c92b178f17a250727caff4179940a0dbd7475d,True
grandiskuwagamon,https://digimon.net/reference/detail.php?directory_name=grandiskuwagamon,グランディスクワガーモン,GRANDISKUWAGAMON,究極体,究極体,昆虫型,昆虫型,ウィルス,ウィルス,"・グランキラー
・グランディスシザー",https://digimon.net/cimages/digimon/grandiskuwagamon.jpg,False,0,究極体,,6,True,False,False,True,278,095c71ee4123060dfb29d0b236a45cd978091618d114a127e6aacc7ecfa7f0e5,True
grankuwagamon,https://digimon.net/reference/detail.php?directory_name=grankuwagamon,グランクワガーモン,GRANKUWAGAMON,究極体,究極体,昆虫型,昆虫型,フリー,フリー,・ディメンションシザー,https://digimon.net/cimages/digimon/grankuwagamon.jpg,False,0,究極体,,6,False,False,False,True,218,f7ec3138480e954c8c7b7fbc3c09c724bcf38f917f01e1b5ff5ba65bda5fb8bb,True
clavisangemon,https://digimon.net/reference/detail.php?directory_name=clavisangemon,クラヴィスエンジェモン,CLAVISANGEMON,究極体,究極体,力天使型,力天使型,ワクチン,ワクチン,・ザ・キー,https://digimon.net/cimages/digimon/clavisangemon.jpg,False,0,究極体,,6,False,False,False,True,245,45cfc82649ed3147b9993d8c5843c5920f4f27a8e6366544fc14c17608af4364,True
kuzuhamon,https://digimon.net/reference/detail.php?directory_name=kuzuhamon,クズハモン,KUZUHAMON,究極体,究極体,神人型,神人型,データ,データ,"・裏飯綱（うらいづな）
・胎蔵界曼荼羅（たいぞうかいまんだら）",https://digimon.net/cimages/digimon/kuzuhamon.jpg,False,0,究極体,,6,False,False,False,True,244,b184c8095237e1b477a3d9257c6ba676342287a5e1fcd638d48c3b85f81647f9,True
quartzmon,https://digimon.net/reference/detail.php?directory_name=quartzmon,クオーツモン,QUARTZMON,究極体,究極体,種族不明,種族不明,不明,不明,"・ギュプト粒子砲
・ルーインブラスト(破滅の爆薬)",https://digimon.net/cimages/digimon/quartzmon.jpg,False,0,究極体,,6,False,False,False,True,280,bb5ef00fd49a26ccf533ddb942c2e096b7373f0c98f6d33808e33e1763ad002e,True
cresgarurumon,https://digimon.net/reference/detail.php?directory_name=cresgarurumon,クーレスガルルモン,CRESGARURUMON,究極体,究極体,獣騎士型,獣騎士型,データ,データ,"・黄獣偃月刀（きじゅうえんげつとう）
・獣狼大回転（じゅうろうだいかいてん)
・激・氷月牙（げき ひょうげつが）",https://digimon.net/cimages/digimon/cresgarurumon.jpg,False,0,究極体,,6,False,False,False,True,164,9c9c6ee0334ffb0e3b49830b7aca9a150c86a94fa472ce8d41d67c2ba7108f8d,True
queenchessmon,https://digimon.net/reference/detail.php?directory_name=queenchessmon,クイーンチェスモン,QUEENCHESSMON,究極体,究極体,パペット型,パペット型,ウィルス,ウィルス,"・ハートブレイカー
・クィーンスタンプ
・クィーンスティック",https://digimon.net/cimages/digimon/queenchessmon.jpg,False,0,究極体,,6,False,False,False,True,169,3c3a89cf766a41bf574e9ac32e5af0602fa82926594bffe89a65595da7376b11,True
kingchessmon,https://digimon.net/reference/detail.php?directory_name=kingchessmon,キングチェスモン,KINGCHESSMON,究極体,究極体,パペット型,パペット型,ウィルス,ウィルス,"・チェックメイト
・キングスティック
・キングダッシュ",https://digimon.net/cimages/digimon/kingchessmon.jpg,False,0,究極体,,6,False,False,False,True,258,0256fa38ea2e65d80795712f0677ac0de1fb2e4d398d2c5d5ded2ac49aebedd9,True
kingetemon,https://digimon.net/reference/detail.php?directory_name=kingetemon,キングエテモン,KINGETEMON,究極体,究極体,パペット型,パペット型,ウィルス,ウィルス,・サルしばい,https://digimon.net/cimages/digimon/kingetemon.jpg,False,0,究極体,,6,False,False,False,True,170,48e5a5e5a87153b7a76535bdc92995416707454f4d27d7eefe841ded0690d17d,True
cannondramon,https://digimon.net/reference/detail.php?directory_name=cannondramon,キャノンドラモン,CANNONDRAMON,究極体,究極体,サイボーグ型,サイボーグ型,データ,データ,"・ダイナ・キャノン
・グレネードストーム",https://digimon.net/cimages/digimon/cannondramon.jpg,False,0,究極体,,6,False,False,False,True,128,567e1ee2c4ed73381452424b2c169d80602db61869da43c48882e9f182b4129e,True
gigaseadramon,https://digimon.net/reference/detail.php?directory_name=gigaseadramon,ギガシードラモン,GIGASEADRAMON,究極体,究極体,サイボーグ型,サイボーグ型,データ,データ,"・ギガシーデストロイヤー
・スカイウェーブ",https://digimon.net/cimages/digimon/gigaseadramon.jpg,False,0,究極体,,6,True,False,False,True,298,91ff3fdc2280e1a88acd39bdee01b3a58b4c7f913e4271f3f2ceca8de4fcb06e,True
gankoomon,https://digimon.net/reference/detail.php?directory_name=gankoomon,ガンクゥモン,GANKOOMON,究極体,究極体,聖騎士型,聖騎士型,データ,データ,"・鉄拳制裁
・地神！神鳴！神馳！親父！（じしん！かみなり！かじ！おやじ！）
・ちゃぶ台返し",https://digimon.net/cimages/digimon/gankoomon.jpg,False,0,究極体,,6,False,False,False,True,555,4963bf83c48c679338e0ab71728d628f23934de7fd2b5fab99eaab977845227d,True
gulfmon,https://digimon.net/reference/detail.php?directory_name=gulfmon,ガルフモン,GULFMON,究極体,究極体,魔獣型,魔獣型,ウィルス,ウィルス,"・ブラックレクイエム
・デッドスクリーム",https://digimon.net/cimages/digimon/gulfmon.jpg,False,0,究極体,,6,False,False,False,True,329,325820eb3a0b369ea761749d16724ef9360fb5d8d84f775a2add768cc5db1447,True
chaosmonvaldurarm,https://digimon.net/reference/detail.php?directory_name=chaosmonvaldurarm,カオスモン：ヴァロドゥルアーム,CHAOSMONVALDURARM,究極体,究極体,特異型,特異型,ワクチン,ワクチン,"・覇王両断剣
・オーロラブラスター",https://digimon.net/cimages/digimon/chaosmonvaldurarm.jpg,False,0,究極体,,6,False,False,False,True,419,1d41d8acf8a96641ea5d22add44961252877816c1f9d69f821374928b69aa820,True
chaosmon,https://digimon.net/reference/detail.php?directory_name=chaosmon,カオスモン,CHAOSMON,究極体,究極体,特異型,特異型,ワクチン,ワクチン,"・覇王両断剣
・ダークプロミネンス",https://digimon.net/cimages/digimon/chaosmon.jpg,False,0,究極体,,6,False,False,False,True,442,81b0ff1d7037d6d2f53609d7f94b644b6af6fe0ff99a2e09fc0833ef34eb58a6,True
chaosdramon-x,https://digimon.net/reference/detail.php?directory_name=chaosdramon-x,カオスドラモン（X抗体）,CHAOSDRAMON-X,究極体,究極体,マシーン型,マシーン型,ウィルス,ウィルス,"・ハイパームゲンキャノン
・カオスクラッシャー
・スーパージェノサイドアタック",https://digimon.net/cimages/digimon/chaosdramon-x.jpg,False,0,究極体,,6,True,False,False,True,549,19904482843410f4a5a401524c1f8beed9d3ec7c708c9dab9d2cc30070402726,True
chaosdramon,https://digimon.net/reference/detail.php?directory_name=chaosdramon,カオスドラモン,CHAOSDRAMON,究極体,究極体,マシーン型,マシーン型,ウィルス,ウィルス,・ハイパームゲンキャノン,https://digimon.net/cimages/digimon/chaosdramon.jpg,False,0,究極体,,6,False,False,False,True,313,7f2693c9b5ca5f010f5924233550049b6bb38c17c29b7e1bfcf7a9e820504808,True
chaosdukemon,https://digimon.net/reference/detail.php?directory_name=chaosdukemon,カオスデュークモン,CHAOSDUKEMON,究極体,究極体,暗黒騎士型,暗黒騎士型,ウィルス,ウィルス,"・デモンズディザスター
・ジュデッカプリズン",https://digimon.net/cimages/digimon/chaosdukemon.jpg,False,0,究極体,,6,False,False,False,True,241,182fe13890dadd10dca1e2fa3a5c57fb55e2c25a1375cd9f3e79b7d24a271b9a,True
gaioumon,https://digimon.net/reference/detail.php?directory_name=gaioumon,ガイオウモン,GAIOUMON,究極体,究極体,竜人型,竜人型,ウィルス,ウィルス,"・燐火斬（りんかざん）
・ガイアリアクター
・燐火撃（りんかげき）",https://digimon.net/cimages/digimon/gaioumon.jpg,False,0,究極体,,6,True,False,False,True,305,a0713a95ccf7c31550abf14b75ae651cb5f299f77916ad9bedf8f9a4f8d7d4cc,True
omegamon-alter-s,https://digimon.net/reference/detail.php?directory_name=omegamon-alter-s,オメガモン Alter-S,OMEGAMON_ALTER-S,究極体,究極体,聖騎士型,聖騎士型,ウィルス,ウィルス,"・ガルルソード
・グレイキャノン",https://digimon.net/cimages/digimon/omegamon-alter-s.jpg,False,0,究極体,,6,False,False,False,True,303,bed08db639338f8e36cff01bd0d77fca2b5d0583cfc84adf69483b120cc1f5d7,True
omegamon-x,https://digimon.net/reference/detail.php?directory_name=omegamon-x,オメガモン（X抗体）,OMEGAMON-X,究極体,究極体,聖騎士型,聖騎士型,ワクチン,ワクチン,"・ガルルキャノン
・グレイソード
・オールデリート",https://digimon.net/cimages/digimon/omegamon-x.jpg,False,0,究極体,,6,True,False,False,True,572,143e07d1ec184a8f40f7ff190ff8cf3f3d1bd7316f77b202ba914b8fad3489df,True
omegamon,https://digimon.net/reference/detail.php?directory_name=omegamon,オメガモン,OMEGAMON,究極体,究極体,聖騎士型,聖騎士型,ワクチン,ワクチン,"・ガルルキャノン
・グレイソード",https://digimon.net/cimages/digimon/omegamon.jpg,False,0,究極体,,6,False,False,False,True,314,03ed7e9d283d75114022f0081f5a03cec3228f4b5de6ffe1dd3da0a28c384aad,True
ofanimonfalldownmode,https://digimon.net/reference/detail.php?directory_name=ofanimonfalldownmode,オファニモン：フォールダウンモード,OFANIMON:FALLDOWNMODE,究極体,究極体,堕天使型,堕天使型,ワクチン,ワクチン,"・フレイムヘルサイズ
・デモンズクリスタル",https://digimon.net/cimages/digimon/ofanimonfalldownmode.jpg,False,0,究極体,,6,False,False,False,True,216,12b5b96451b2745b0f1678e4d147f36ff9fbf5ac07935b8a22ceb136b220ec1c,True
ofanimon,https://digimon.net/reference/detail.php?directory_name=ofanimon,オファニモン,OFANIMON,究極体,究極体,座天使型,座天使型,ワクチン,ワクチン,"・エデンズジャベリン
・セフィロートクリスタル",https://digimon.net/cimages/digimon/ofanimon.jpg,False,0,究極体,,6,False,False,False,True,201,d4edbd7a96019e3c15f6f466ecc3d0a85320d58db165e5f232e6182742af9d3e,True
ornismon,https://digimon.net/reference/detail.php?directory_name=ornismon,オニスモン,ORNISMON,究極体,究極体,古代鳥型,古代鳥型,ウィルス,ウィルス,・コズミックレイ,https://digimon.net/cimages/digimon/ornismon.jpg,False,0,究極体,,6,False,False,False,True,115,ee1069ceda3f5ba70d422e0acb96a13558096052053fdb2f158e1ea3c38082af,True
ogudomon,https://digimon.net/reference/detail.php?directory_name=ogudomon,オグドモン,OGUDOMON,究極体,究極体,化身型,化身型,ウィルス,ウィルス,"・オーラーティオ・グランディオロクア
・カテドラール
・グラドゥス",https://digimon.net/cimages/digimon/ogudomon.jpg,False,0,究極体,,6,False,False,False,True,196,ec1bc503f744920308e7b978224fb0cc5505b1532a5ce41b62da950c10c9f650,True
ouryumon,https://digimon.net/reference/detail.php?directory_name=ouryumon,オウリュウモン,OURYUMON,究極体,究極体,獣竜型,獣竜型,ワクチン,ワクチン,"・永世竜王刃（えいせいりゅうおうじん）
・黄鎧（おうがい）",https://digimon.net/cimages/digimon/ouryumon.jpg,False,0,究極体,,6,True,False,False,True,385,7977801f1dfd2ec71c336cca34f2cfaac5d805eaa64e90bfe9e28f7a87d2894f,True
ancientwisetmon,https://digimon.net/reference/detail.php?directory_name=ancientwisetmon,エンシェントワイズモン,ANCIENTWISETMON,究極体,究極体,古代突然変異型,古代突然変異型,ウィルス,ウィルス,"・ラプラスの魔
・エルダーサイン",https://digimon.net/cimages/digimon/ancientwisetmon.jpg,False,0,究極体,,6,False,False,False,True,319,4a616d3845117a1bb730af9ff58f8e4767ac944f087a1db3534be6c76cec10c2,True
ancientmegatheriumon,https://digimon.net/reference/detail.php?directory_name=ancientmegatheriumon,エンシェントメガテリウモン,ANCIENTMEGATHERIUMON,究極体,究極体,古代獣型,古代獣型,データ,データ,"・フリージングブリザード
・グレートスノープロー",https://digimon.net/cimages/digimon/ancientmegatheriumon.jpg,False,0,究極体,,6,False,False,False,True,241,7adf64308b7d67b234ca50e412882e2b70d2cc329db71a67c5f0e6ba46310677,True
ancientmermaimon,https://digimon.net/reference/detail.php?directory_name=ancientmermaimon,エンシェントマーメイモン,ANCIENTMERMAIMON,究極体,究極体,古代水棲獣人型,古代水棲獣人型,データ,データ,"・グレイト・メイルストローム
・クリスタルビロー",https://digimon.net/cimages/digimon/ancientmermaimon.jpg,False,0,究極体,,6,False,False,False,True,292,502f01ece33384b946e7a3b091596dfda6feb9ea03c60f787888c581804c1b68,True
ancientvolcamon,https://digimon.net/reference/detail.php?directory_name=ancientvolcamon,エンシェントボルケーモン,ANCIENTVOLCAMON,究極体,究極体,古代鉱物型,古代鉱物型,ウィルス,ウィルス,"・アトミックボンバー
・スーパーノヴァ",https://digimon.net/cimages/digimon/ancientvolcamon.jpg,False,0,究極体,,6,False,False,False,True,254,ca1ff681e5aaea67fd283f4387929db0270b8dd38c71061458ee16085194e7e7,True
ancientbeatmon,https://digimon.net/reference/detail.php?directory_name=ancientbeatmon,エンシェントビートモン,ANCIENTBEATMON,究極体,究極体,古代昆虫型,古代昆虫型,ワクチン,ワクチン,"・カラミティサンダー
・テラブラスター",https://digimon.net/cimages/digimon/ancientbeatmon.jpg,False,0,究極体,,6,False,False,False,True,249,a75fad914f9ed99b7dfc141754ccc01e5e43b7f237224cd618d2a9895b17b71f,True
ancienttroiamon,https://digimon.net/reference/detail.php?directory_name=ancienttroiamon,エンシェントトロイアモン,ANCIENTTROIAMON,究極体,究極体,古代植物型,古代植物型,データ,データ,"・エペイオスギミック
・サプライズキャノン",https://digimon.net/cimages/digimon/ancienttroiamon.jpg,False,0,究極体,,6,False,False,False,True,234,b4e075f71d0b84ccfc95558ee477ffe7e934b2cb5837989b0d5bce6799802b44,True
ancientsphinkmon,https://digimon.net/reference/detail.php?directory_name=ancientsphinkmon,エンシェントスフィンクモン,ANCIENTSPHINKMON,究極体,究極体,古代幻獣型,古代幻獣型,ウィルス,ウィルス,"・ダークブラスト
・ネクロエクリプス",https://digimon.net/cimages/digimon/ancientsphinkmon.jpg,False,0,究極体,,6,False,False,False,True,237,420d1139234270585fad892c3e88b6351f097bc6b6febf69f6bc78210fc6bbbe,True
ancientgreymon,https://digimon.net/reference/detail.php?directory_name=ancientgreymon,エンシェントグレイモン,ANCIENTGREYMON,究極体,究極体,古代竜型,古代竜型,ワクチン,ワクチン,"・ガイアトルネード
・オメガバースト",https://digimon.net/cimages/digimon/ancientgreymon.jpg,False,0,究極体,,6,False,False,False,True,263,f8ac433a9a7e221ff87319223084d5132eaaff1936adbcab9505ea70112f0822,True
ancientgarurumon,https://digimon.net/reference/detail.php?directory_name=ancientgarurumon,エンシェントガルルモン,ANCIENTGARURUMON,究極体,究極体,古代獣型,古代獣型,データ,データ,"・シャープネスクレイモア
・アブソリュート・ゼロ",https://digimon.net/cimages/digimon/ancientgarurumon.jpg,False,0,究極体,,6,False,False,False,True,240,55b895727cd6959e71e919c9fbe11924133b15deafd8fadda2de421a6d48c57f,True
ancientirismon,https://digimon.net/reference/detail.php?directory_name=ancientirismon,エンシェントイリスモン,ANCIENTIRISMON,究極体,究極体,古代鳥人型,古代鳥人型,ワクチン,ワクチン,"・ストームゲイザー
・レインボーシンフォニー",https://digimon.net/cimages/digimon/ancientirismon.jpg,False,0,究極体,,6,False,False,False,True,245,22440fe29c7d6c228ba2661104580a1e7450b8c0094e63b299f3e75e2272cd10,True
eldoradimon,https://digimon.net/reference/detail.php?directory_name=eldoradimon,エルドラディモン,ELDORADIMON,究極体,究極体,突然変異型,突然変異型,データ,データ,"・ゴールデンロード
・メテオアースクエイク
・ジャイアントニッパー",https://digimon.net/cimages/digimon/eldoradimon.jpg,False,0,究極体,,6,False,False,False,True,274,0143ae15f63c2ac4ff62ffadabd0d8ffdd89140dbfa070020dca34fe9bca199d,True
examon,https://digimon.net/reference/detail.php?directory_name=examon,エグザモン,EXAMON,究極体,究極体,聖騎士型,聖騎士型,データ,データ,"・アヴァロンズゲート
・ペンドラゴンズグローリー
・ドラゴニックインパクト",https://digimon.net/cimages/digimon/examon.jpg,False,0,究極体,,6,False,False,False,True,570,43bbfa3ae4cb841aada5ed8d03705e3e2438b3783d659667e7956d7a1a9f1b12,True
vulcanusmon,https://digimon.net/reference/detail.php?directory_name=vulcanusmon,ウルカヌスモン,VULCANUSMON,究極体,究極体,神人型,神人型,データ,データ,"・ピンポイントウェポンワークス
・アプロプリエートワークス
・ボンバーアート",https://digimon.net/cimages/digimon/vulcanusmon.jpg,False,0,究極体,,6,False,False,False,True,436,69deacbdf68e5c58922bdc721bd0b92d9551b5d29dbd15f98a7ac63d14e399a1,True
wargreymon,https://digimon.net/reference/detail.php?directory_name=wargreymon,ウォーグレイモン,WARGREYMON,究極体,究極体,竜人型,竜人型,ワクチン,ワクチン,"・ガイアフォース
・ブレイブトルネード",https://digimon.net/cimages/digimon/wargreymon.jpg,False,0,究極体,,6,False,False,False,True,401,7b598e0befecd1bcc918f269eb50aa1e68ac20b900e2424d2b7b604a40f3e9ec,True
venomvamdemon,https://digimon.net/reference/detail.php?directory_name=venomvamdemon,ヴェノムヴァンデモン,VENOMVAMDEMON,究極体,究極体,魔獣型,魔獣型,ウィルス,ウィルス,・ヴェノムインフューズ,https://digimon.net/cimages/digimon/venomvamdemon.jpg,False,0,究極体,,6,False,False,False,True,201,df72307e4d3733a2474ec8dd7688caf0d7e041d38dbb99274e3944fa57deceb3,True
venusmon,https://digimon.net/reference/detail.php?directory_name=venusmon,ウェヌスモン,VENUSMON,究極体,究極体,神人型,神人型,ワクチン,ワクチン,"・ヒーリングセラピー
・ＬＯＶＥＹＯＵ
・ピースファンタジア",https://digimon.net/cimages/digimon/venusmon.jpg,False,0,究極体,,6,False,False,False,True,415,62a3eb22834f140fca20deb557c09ac835cf4ec9f94ea0c6693eb4059c3410b6,True
valdurmon,https://digimon.net/reference/detail.php?directory_name=valdurmon,ヴァロドゥルモン,VALDURMON,究極体,究極体,聖鳥型,聖鳥型,ワクチン,ワクチン,"・パージシャイン
・オーロラアンジュレーション",https://digimon.net/cimages/digimon/valdurmon.jpg,False,0,究極体,,6,False,False,False,True,283,4392b291058900ba04fa8bea2869a0162df6b6dcbdda9b22d4bf0e3bddaeef19,True
valkyrimon,https://digimon.net/reference/detail.php?directory_name=valkyrimon,ヴァルキリモン,VALKYRIMON,究極体,究極体,戦士型,戦士型,フリー,フリー,"・フェンリルソード
・アウルヴァンディルの矢",https://digimon.net/cimages/digimon/valkyrimon.jpg,False,0,究極体,,6,False,False,False,True,283,02d894bedafc1bb2925df571136b986d42356c270b203204888bac19ce0b25c8,True
vikemon,https://digimon.net/reference/detail.php?directory_name=vikemon,ヴァイクモン,VIKEMON,究極体,究極体,獣人型,獣人型,フリー,フリー,"・アークティックブリザード
・ミョルニル",https://digimon.net/cimages/digimon/vikemon.jpg,False,0,究極体,,6,False,False,False,True,290,8fd47f714a6fd23a7408ee3b5eeeb8b0e7d7ff9dd1df94541abcd809d822dbb0,True
ebemon,https://digimon.net/reference/detail.php?directory_name=ebemon,イーバモン,EBEMON,究極体,究極体,サイボーグ型,サイボーグ型,ウィルス,ウィルス,"・ブレインラプチュアー
・プラネットデストロイヤー",https://digimon.net/cimages/digimon/ebemon.jpg,False,0,究極体,,6,False,False,False,True,334,d81d350e34867ce6a67f996ea4b2d61b9decd790b013a599ef5bdbaed98c4504,True
ageisdramon,https://digimon.net/reference/detail.php?directory_name=ageisdramon,イージスドラモン,AGEISDRAMON,究極体,究極体,サイボーグ型,サイボーグ型,ワクチン,ワクチン,"・パワーウォーター
・ブレイズパワー
・テラハイドロブレス
・シャインブレイカー",https://digimon.net/cimages/digimon/ageisdramon.jpg,False,0,究極体,,6,False,False,False,True,348,6196759527febf8cb13ba17927419d90f9d534537f39d90f9d179cd3564ec001,True
imperialdramonfightermode,https://digimon.net/reference/detail.php?directory_name=imperialdramonfightermode,インペリアルドラモン：ファイターモード,IMPERIALDRAMON:FIGHTERMODE,究極体,究極体,古代竜人型,古代竜人型,フリー,フリー,"・ポジトロンレーザー
・ギガデス",https://digimon.net/cimages/digimon/imperialdramonfightermode.jpg,False,0,究極体,,6,False,False,False,True,292,182fb333c2941e80f61ece7e5b883aa8272e70c7ace6ee08605b3cf3b9e15dd3,True
imperialdramonpaladinmode,https://digimon.net/reference/detail.php?directory_name=imperialdramonpaladinmode,インペリアルドラモン：パラディンモード,IMPERIALDRAMON:PALADINMODE,究極体,究極体,古代聖騎士型,古代聖騎士型,ワクチン,ワクチン,・オメガブレード,https://digimon.net/cimages/digimon/imperialdramonpaladinmode.jpg,False,0,究極体,,6,False,False,False,True,241,56ef8da7dd18355aecb6e05f063ea63906a79391236c9266bd68791f573b2e0a,True
imperialdramondragonmode,https://digimon.net/reference/detail.php?directory_name=imperialdramondragonmode,インペリアルドラモン：ドラゴンモード,IMPERIALDRAMON:DRAGONMODE,究極体,究極体,古代竜型,古代竜型,フリー,フリー,・メガデス,https://digimon.net/cimages/digimon/imperialdramondragonmode.jpg,False,0,究極体,,6,False,False,False,True,279,920a5e1ab123d05bc67b838470b39a7a6ef27950c5034bbea45ea9d4a701e674,True
yggdrasill7d6,https://digimon.net/reference/detail.php?directory_name=yggdrasill7d6,イグドラシル＿７Ｄ６,YGGDRASILL7D6,究極体,究極体,９０００型,９０００型,不明,不明,"・クリスタルの破片
・巨大なクリスタル
・自己修復",https://digimon.net/cimages/digimon/yggdrasill7d6.jpg,False,0,究極体,,6,False,False,False,True,114,53a20fa4be6faad53e1dc7ab7613a68c1d01c7ee1d5110e7ec579abbe053fff2,True
ulforcevdramon,https://digimon.net/reference/detail.php?directory_name=ulforcevdramon,アルフォースブイドラモン,ULFORCEVDRAMON,究極体,究極体,聖騎士型,聖騎士型,ワクチン,ワクチン,・シャイニングＶフォース,https://digimon.net/cimages/digimon/ulforcevdramon.jpg,False,0,究極体,,6,False,False,False,True,318,8585565244651c89b6920c46ce62a45c33dd88b6de092424e56b6cd8a923e8a3,True
alphamon:ouryuken,https://digimon.net/reference/detail.php?directory_name=alphamon:ouryuken,アルファモン：王竜剣,ALPHAMON:OURYUKEN,究極体,究極体,NO DATA,NO DATA,ワクチン,ワクチン,・究極戦刃王竜剣,https://digimon.net/cimages/digimon/alphamon:ouryuken.jpg,False,0,究極体,,6,True,False,False,True,200,2182f3a85830388defad3845b9b5757ffe434a9c058e2d9620cfadc2d67e61dd,True
alphamon,https://digimon.net/reference/detail.php?directory_name=alphamon,アルファモン,ALPHAMON,究極体,究極体,聖騎士型,聖騎士型,ワクチン,ワクチン,"・聖剣グレイダルファー
・デジタライズ・オブ・ソウル",https://digimon.net/cimages/digimon/alphamon.jpg,False,0,究極体,,6,True,False,False,True,391,7a0c4fb3788d902b7649a88f9691cb844e06980f30994dca8854ca94fb5e5021,True
ultimatebrakimon,https://digimon.net/reference/detail.php?directory_name=ultimatebrakimon,アルティメットブラキモン,ULTIMATEBRAKIMON,究極体,究極体,サイボーグ型,サイボーグ型,データ,データ,"・アルティメットブラスト
・アルティメットクエイク",https://digimon.net/cimages/digimon/ultimatebrakimon.jpg,False,0,究極体,,6,True,False,False,True,256,41819061d1c795edb88cd5b2554b609c9d4ecebd3be41cee1dfc09b22532f266,True
algomon,https://digimon.net/reference/detail.php?directory_name=algomon,アルゴモン,ALGOMON_MEGA,究極体,究極体,突然変異型,突然変異型,ウィルス,ウィルス,"・テラバイトディザスター
・ディストーションライン
・ブルートフォース",https://digimon.net/cimages/digimon/algomon.jpg,False,0,究極体,,6,False,False,False,True,146,092f557333ef2c939538e875adaacf136588ffee66e42eb6c7aa5325a738d171,True
apollomon,https://digimon.net/reference/detail.php?directory_name=apollomon,アポロモン,APOLLOMON,究極体,究極体,神人型,神人型,ワクチン,ワクチン,"・ソルブラスター
・フォイボス・ブロウ
・アロー・オブ・アポロ",https://digimon.net/cimages/digimon/apollomon.jpg,False,0,究極体,,6,False,False,False,True,194,6d20d1edf563ad2f3528e0647315c08a4bff99f37b51ff5e535ca2006957b247,True
apoclymon,https://digimon.net/reference/detail.php?directory_name=apoclymon,アポカリモン,APOCLYMON,究極体,究極体,種族不明,種族不明,不明,不明,・暗黒(ダークネスゾーン),https://digimon.net/cimages/digimon/apoclymon.jpg,False,0,究極体,,6,False,False,False,True,252,bda60b8ed57713b7dd4cf9d9e099f2b9abe6dda54487239e74f36767742e49c8,True
anubimon,https://digimon.net/reference/detail.php?directory_name=anubimon,アヌビモン,ANUBIMON,究極体,究極体,神人型,神人型,ワクチン,ワクチン,"・ピラミッドパワー
・アメミット",https://digimon.net/cimages/digimon/anubimon.jpg,False,0,究極体,,6,False,False,False,True,311,b8aad519798e0276e5a8549f2a33e44434c72ff1f2f0d784e0a5bc922181cfc4,True
armagemon,https://digimon.net/reference/detail.php?directory_name=armagemon,アーマゲモン,ARMAGEMON,究極体,究極体,種族不明,種族不明,不明,不明,"・ブラックレイン
・アルティメットフレア",https://digimon.net/cimages/digimon/armagemon.jpg,False,0,究極体,,6,False,False,False,True,290,0ef440d43be5f992314711113760b39eab7907647ac6c588d0566bc14996f7af,True
avengekidmon,https://digimon.net/reference/detail.php?directory_name=avengekidmon,アヴェンジキッドモン,AVENGEKIDMON,究極体,究極体,竜人型,竜人型,ウィルス,ウィルス,"・ミザリーバレットレイン
・デストラクショントリッガー",https://digimon.net/cimages/digimon/avengekidmon.jpg,False,0,究極体,,6,False,False,False,True,291,5fd6c256cb3c0d41a9ca71d08298cb5e97100dd7d425d2f7763e48ea7f5053fc,True
warumonzaemon,https://digimon.net/reference/detail.php?directory_name=warumonzaemon,ワルもんざえモン,WARUMONZAEMON,完全体,完全体,パペット型,パペット型,ウィルス,ウィルス,・ハートブレイクアタック,https://digimon.net/cimages/digimon/warumonzaemon.jpg,False,0,完全体,,5,False,False,False,True,265,f6cb279c13edc4cdf6c241b2221bfd5c712ba905aa3d5247a161bd5b0200166a,True
waruseadramon,https://digimon.net/reference/detail.php?directory_name=waruseadramon,ワルシードラモン,WARUSEADRAMON,完全体,完全体,水棲型,水棲型,ウィルス,ウィルス,"・ダークストローム
・イビルアイシクル
・ストレンジミスト",https://digimon.net/cimages/digimon/waruseadramon.jpg,False,0,完全体,,5,False,False,False,True,130,391060c966702ec2195b7c5ae1643a995d135e33219c45a1d2e2fe677117abcb,True
wisemon,https://digimon.net/reference/detail.php?directory_name=wisemon,ワイズモン,WISEMON,完全体,完全体,魔人型,魔人型,ウィルス,ウィルス,"・パンドーラ・ダイアログ
・エターナル・ニルヴァーナ",https://digimon.net/cimages/digimon/wisemon.jpg,False,0,完全体,,5,False,False,False,True,271,cdfad431115740984f4143a3eb37dc2c84defaa3769eaae61f5b6776815aa7ad,True
weregarrumon,https://digimon.net/reference/detail.php?directory_name=weregarrumon,ワーガルルモン,WEREGARURUMON,完全体,完全体,獣人型,獣人型,ワクチン,ワクチン,・カイザーネイル,https://digimon.net/cimages/digimon/weregarrumon.jpg,False,0,完全体,,5,False,False,False,True,212,7d8a5f991d428ac338bc67dabee983c0d7455423325ff5c750b3c3f970e5dfdb,True
locomon,https://digimon.net/reference/detail.php?directory_name=locomon,ロコモン,LOCOMON,完全体,完全体,マシーン型,マシーン型,データ,データ,"・スチームボム
・ホイールグラインダー",https://digimon.net/cimages/digimon/locomon.jpg,False,0,完全体,,5,False,False,False,True,282,8f03f829ccf752535a75d604749a5ffb5a0bcb972775d51c78de5e4422c9f3b5,True
loaderleomon,https://digimon.net/reference/detail.php?directory_name=loaderleomon,ローダーレオモン,LOADERLIOMON,完全体,完全体,マシーン型,マシーン型,ワクチン,ワクチン,"・ボーリンストーム
・ローダーモーニングスター",https://digimon.net/cimages/digimon/loaderleomon.jpg,False,0,完全体,,5,False,False,False,True,315,06990c63b570940f31cfd3b087bc1d82e7a0052797297f31091f7ee30742955b,True
ladydevimon,https://digimon.net/reference/detail.php?directory_name=ladydevimon,レディーデビモン,LADYDEVIMON,完全体,完全体,堕天使型,堕天使型,ウィルス,ウィルス,"・ダークネスウェーブ
・プワゾン",https://digimon.net/cimages/digimon/ladydevimon.jpg,False,0,完全体,,5,False,False,False,True,193,6b1946698e8522183a6a0697592d82a35a83806683565e416c6195d14262a047,True
luminamon,https://digimon.net/reference/detail.php?directory_name=luminamon,ルミナモン,LUMINAMON,完全体,完全体,妖精型,妖精型,ワクチン,ワクチン,"・ライトニングフィール
・ルミナフラッシュ",https://digimon.net/cimages/digimon/luminamon.jpg,False,0,完全体,,5,False,False,False,True,223,1d6a8e91617492d38ab7149b7f5933e75f806c9d632addfd2ecb1ea379bf92bc,True
rucemonfalldownmode,https://digimon.net/reference/detail.php?directory_name=rucemonfalldownmode,ルーチェモン：フォールダウンモード,RUCEMON:FALLDOWNMODE,完全体,完全体,魔王型,魔王型,ウィルス,ウィルス,"・パラダイスロスト
・デッド・オア・アライブ",https://digimon.net/cimages/digimon/rucemonfalldownmode.jpg,False,0,完全体,,5,False,False,False,True,340,efb36ed245d59f10cca450d40ad15cb53f103a24f8485f40fa38962f2821057d,True
rookchessmon,https://digimon.net/reference/detail.php?directory_name=rookchessmon,ルークチェスモン,ROOKCHESSMON,完全体,完全体,パペット型,パペット型,ウィルス,ウィルス,"・ストロングフォールド
・ルークガトリング
・キャッスルウォール",https://digimon.net/cimages/digimon/rookchessmon.jpg,False,0,完全体,,5,False,False,False,True,157,79c24f9d69768f5eedc169da72909798a51ce5c0d10528849baad15386bf3713,True
lilimon,https://digimon.net/reference/detail.php?directory_name=lilimon,リリモン,LILIMON,完全体,完全体,妖精型,妖精型,データ,データ,・フラウカノン,https://digimon.net/cimages/digimon/lilimon.jpg,False,0,完全体,,5,False,False,False,True,285,023cf6765bdb379199302169391782378f8a6989419507154801f704b31454d4,True
rapidmon,https://digimon.net/reference/detail.php?directory_name=rapidmon,ラピッドモン,RAPIDMON,完全体,完全体,サイボーグ型,サイボーグ型,ワクチン,ワクチン,"・ラピッドファイア
・ゴールデントライアングル",https://digimon.net/cimages/digimon/rapidmon.jpg,False,0,完全体,,5,False,False,False,True,228,d59a66286ec082cea877d5953418d1f09ab9b6ed08494d3b287b1ee4eefb1abc,True
lilamon,https://digimon.net/reference/detail.php?directory_name=lilamon,ライラモン,LILAMON,完全体,完全体,妖精型,妖精型,データ,データ,"・ライラシャワー
・ビューティースラップ
・アン・ドゥ・ポラン",https://digimon.net/cimages/digimon/lilamon.jpg,False,0,完全体,,5,False,False,False,True,237,29ae4472778f8b2840618c11fd79ca586b2e52296ceb68e6499b726518b325b2,True
rizegreymon,https://digimon.net/reference/detail.php?directory_name=rizegreymon,ライズグレイモン,RIZEGREYMON,完全体,完全体,サイボーグ型,サイボーグ型,ワクチン,ワクチン,"・トライデントリボルバー
・ライジングデストロイヤー
・ソリッドストライク",https://digimon.net/cimages/digimon/rizegreymon.jpg,False,0,完全体,,5,False,False,False,True,274,adb418e1d6a7943dacd048e7d769977ee6a69230ea177d7bffd651d7fde64ddd,True
yatagaramon,https://digimon.net/reference/detail.php?directory_name=yatagaramon,ヤタガラモン（2006年アニメ版）,YATAGARAMON,完全体,完全体,妖鳥型,妖鳥型,ワクチン,ワクチン,"・甕布都神（ミカフツノカミ）
・羽黒（ハグロ）",https://digimon.net/cimages/digimon/yatagaramon.jpg,False,0,完全体,,5,False,False,False,True,414,889a2085c88de2982071f70578a39d92f182f465288108bfe93ed991b486bf17,True
monzaemon,https://digimon.net/reference/detail.php?directory_name=monzaemon,もんざえモン,MONZAEMON,完全体,完全体,パペット型,パペット型,ワクチン,ワクチン,・ラブリーアタック,https://digimon.net/cimages/digimon/monzaemon.jpg,False,0,完全体,,5,False,False,False,True,137,9b74024b160184b8b5d8cc2fc114bf10088b15bd7c428e3b576ba1156924fa31,True
mephismon,https://digimon.net/reference/detail.php?directory_name=mephismon,メフィスモン,MEPHISMON,完全体,完全体,堕天使型,堕天使型,ウィルス,ウィルス,"・ブラックサバス
・デスクラウド",https://digimon.net/cimages/digimon/mephismon.jpg,False,0,完全体,,5,False,False,False,True,215,24f289a5d772853aaf9c46a5bae2b097cf0ebd48f703714fd4a2f667738f33b2,True
metalmamemon,https://digimon.net/reference/detail.php?directory_name=metalmamemon,メタルマメモン,METALMAMEMON,完全体,完全体,サイボーグ型,サイボーグ型,データ,データ,・エネルギーボム,https://digimon.net/cimages/digimon/metalmamemon.jpg,False,0,完全体,,5,False,False,False,True,143,7f3a353ae9e8dd6176814e0e89ac6b41862f6efc016d58ff08929975ebda18d7,True
metalfantomon,https://digimon.net/reference/detail.php?directory_name=metalfantomon,メタルファントモン,METALFANTOMON,完全体,完全体,サイボーグ型,サイボーグ型,データ,データ,"・ソウルプレデター
・グレイブスクリーム",https://digimon.net/cimages/digimon/metalfantomon.jpg,False,0,完全体,,5,True,False,False,True,200,1376bba0a6c314e2b5fa3220bc4fe75109e1e097ec3deca97072bf9c97b2e5f8,True
metaltyranomon,https://digimon.net/reference/detail.php?directory_name=metaltyranomon,メタルティラノモン,METALTYRANOMON,完全体,完全体,サイボーグ型,サイボーグ型,ウィルス,ウィルス,"・ギガデストロイヤーⅡ
・ヌークリアレーザー",https://digimon.net/cimages/digimon/metaltyranomon.jpg,False,0,完全体,,5,False,False,False,True,190,9602063df80c062b39c4f1c12f65c2da47976f5f72418e63d24867fc18bedca8,True
metalgreymon-v,https://digimon.net/reference/detail.php?directory_name=metalgreymon-v,メタルグレイモン（ワクチン種）,METALGREYMON-Va,完全体,完全体,サイボーグ型,サイボーグ型,ワクチン,ワクチン,"・トライデントアーム
・ギガデストロイヤー
・ジガストーム",https://digimon.net/cimages/digimon/metalgreymon-v.jpg,False,0,完全体,,5,False,False,False,True,369,20e6ab67bd5421625592e0358d8a127c8f0a2cabb8220497c493a83b14ec2c98,True
metalgreymon-web,https://digimon.net/reference/detail.php?directory_name=metalgreymon-web,メタルグレイモン（ウィルス種）,METALGREYMON-Vi,完全体,完全体,サイボーグ型,サイボーグ型,ウィルス,ウィルス,・ギガデストロイヤー,https://digimon.net/cimages/digimon/metalgreymon-web.jpg,False,0,完全体,,5,False,False,False,True,164,1af3d4d04937007abe1741ec3bdebd1e99f76056c0d9a5913faf0e909c5c8ea2,True
metallifekuwagamon,https://digimon.net/reference/detail.php?directory_name=metallifekuwagamon,メタリフェクワガーモン,METALLIFEKUWAGAMON,完全体,完全体,昆虫型,昆虫型,ウィルス,ウィルス,"・ホーミングレーザー
・エミットブレイド",https://digimon.net/cimages/digimon/metallifekuwagamon.jpg,False,0,完全体,,5,False,False,False,True,230,260932e4968e40986602cf4b52b2a2f03a29503511de389480f0e294690db981,True
megalogrowmon,https://digimon.net/reference/detail.php?directory_name=megalogrowmon,メガログラウモン,MEGALOGROWMON,完全体,完全体,サイボーグ型,サイボーグ型,ウィルス,ウィルス,"・ダブルエッジ
・アトミックブラスター",https://digimon.net/cimages/digimon/megalogrowmon.jpg,False,0,完全体,,5,False,False,False,True,284,d99a492779ed0e7c444de9f07010c80dc22374bcd8b16f3fa34ba8097a256ca5,True
megadramon,https://digimon.net/reference/detail.php?directory_name=megadramon,メガドラモン,MEGADRAMON,完全体,完全体,サイボーグ型,サイボーグ型,ウィルス,ウィルス,"・ジェノサイドアタック
・アルティメットスライサー",https://digimon.net/cimages/digimon/megadramon.jpg,False,0,完全体,,5,False,False,False,True,257,3bd2ec63f69531d75022f5db7c9812c9df03bf88473cce2886d3881e22027919,True
megaseadramon,https://digimon.net/reference/detail.php?directory_name=megaseadramon,メガシードラモン,MEGASEADRAMON,完全体,完全体,水棲型,水棲型,データ,データ,・サンダージャベリン,https://digimon.net/cimages/digimon/megaseadramon.jpg,False,0,完全体,,5,False,False,False,True,218,196c1d6f22ee420c0b5fb8024f2d2cccb6d3a833f9477b806eef496f0d8ffeb9,True
meicrackmon,https://digimon.net/reference/detail.php?directory_name=meicrackmon,メイクラックモン,MEICRACKMON,完全体,完全体,獣人型,獣人型,ワクチン,ワクチン,"・モデストリィスタン
・フェルトメイド",https://digimon.net/cimages/digimon/meicrackmon.jpg,False,0,完全体,,5,False,False,False,True,285,cff8b9fc6eda60111f642f8a54001b123af780de86aa23f50bc0f043ef2ebd34,True
mihiramon,https://digimon.net/reference/detail.php?directory_name=mihiramon,ミヒラモン,MIHIRAMON,完全体,完全体,聖獣型,聖獣型,データ,データ,・ヴィモーハナ,https://digimon.net/cimages/digimon/mihiramon.jpg,False,0,完全体,,5,False,False,False,True,219,a8fcc12841ea8992af81ad9a902ddf85044235a54b61485009f7785696a9476f,True
mistymon,https://digimon.net/reference/detail.php?directory_name=mistymon,ミスティモン,MISTYMON,完全体,完全体,魔法戦士型,魔法戦士型,ウィルス,ウィルス,"・コアダート
・ブラストファイア",https://digimon.net/cimages/digimon/mistymon.jpg,False,0,完全体,,5,False,False,False,True,202,1fa68e29071775b8e3a7e706209f2eaa6d1d225a4f0753e251e2dce0484fc30a,True
mammon,https://digimon.net/reference/detail.php?directory_name=mammon,マンモン,MAMMON,完全体,完全体,古代獣型,古代獣型,ワクチン,ワクチン,"・タスクストライクス
・ツンドラブレス",https://digimon.net/cimages/digimon/mammon.jpg,False,0,完全体,,5,False,False,False,True,289,c2fe8ab000d08ad1d33c1947466f114cf07258f2f033228487488f45589d867d,True
marindevimon,https://digimon.net/reference/detail.php?directory_name=marindevimon,マリンデビモン,MARINDEVIMON,完全体,完全体,水棲獣人型,水棲獣人型,ウィルス,ウィルス,・ギルティブラック,https://digimon.net/cimages/digimon/marindevimon.jpg,False,0,完全体,,5,False,False,False,True,172,f3636ed1088d37d40794e5f3b3012fcc5ab0cbc953ae4afbaedcc83f01a44510,True
mametyramon,https://digimon.net/reference/detail.php?directory_name=mametyramon,マメティラモン,MAMETYRAMON,完全体,完全体,突然変異型,突然変異型,データ,データ,"・マメバイト１０００
・メットラリアット",https://digimon.net/cimages/digimon/mametyramon.jpg,False,0,完全体,,5,True,False,False,True,304,c0a3ecfb5f984a97e91889957c68d4eaf1926f4fc550877c61b14c06434ec145,True
mamemon,https://digimon.net/reference/detail.php?directory_name=mamemon,マメモン,MAMEMON,完全体,完全体,突然変異型,突然変異型,データ,データ,・スマイリーボム,https://digimon.net/cimages/digimon/mamemon.jpg,False,0,完全体,,5,False,False,False,True,132,12ba4ebad503e33cc626450d123ab5e0ed5e9b19f4cc3279aae0a74770376dd0,True
mummymon,https://digimon.net/reference/detail.php?directory_name=mummymon,マミーモン,MUMMYMON,完全体,完全体,アンデッド型,アンデッド型,ウィルス,ウィルス,"・スネークバンデージ
・ネクロフォビア",https://digimon.net/cimages/digimon/mummymon.jpg,False,0,完全体,,5,False,False,False,True,240,d04a75a3fc5afe2144df065ff73717df13e6a1687a3fab1b63b138b4b8518e9f,True
machgaogamon,https://digimon.net/reference/detail.php?directory_name=machgaogamon,マッハガオガモン,MACHGAOGAMON,完全体,完全体,サイボーグ型,サイボーグ型,データ,データ,"・ガオガトルネード
・ウィニングナックル
・ハウリングキャノン",https://digimon.net/cimages/digimon/machgaogamon.jpg,False,0,完全体,,5,False,False,False,True,162,34a43e84b40f0fc450cd85a23fe4ab07ceef5bcd7858dce9f82fbda64580841b,True
matadrmon,https://digimon.net/reference/detail.php?directory_name=matadrmon,マタドゥルモン,MATADRMON,完全体,完全体,アンデッド型,アンデッド型,ウィルス,ウィルス,"・サウザンドアロー
・武舞独繰
・蝶絶喇叭蹴（ちょうぜつらっぱしゅう）",https://digimon.net/cimages/digimon/matadrmon.jpg,False,0,完全体,,5,False,False,False,True,296,ff71d5190c9b18b4d65ea0cb00a0e76dcb0b7d8fbcc7417e0acf241d26d51d2c,True
mastertyranomon,https://digimon.net/reference/detail.php?directory_name=mastertyranomon,マスターティラノモン,MASTERTYRANOMON,完全体,完全体,恐竜型,恐竜型,ワクチン,ワクチン,・マスターファイアー,https://digimon.net/cimages/digimon/mastertyranomon.jpg,False,0,完全体,,5,False,False,False,True,128,8af456d84fb88976622643b3a23b83b63b091c12af6dd08b87d9e092dca80b13,True
majiramon,https://digimon.net/reference/detail.php?directory_name=majiramon,マジラモン,MAJIRAMON,完全体,完全体,聖竜型,聖竜型,データ,データ,・ヴェーダカ,https://digimon.net/cimages/digimon/majiramon.jpg,False,0,完全体,,5,False,False,False,True,268,33879bbcb19c6a33af5dc726fe0d0375be4125bb2ccffd4cdc3ea2d08f3d5452,True
makuramon,https://digimon.net/reference/detail.php?directory_name=makuramon,マクラモン,MAKURAMON,完全体,完全体,聖獣型,聖獣型,データ,データ,・ラウラヴァ,https://digimon.net/cimages/digimon/makuramon.jpg,False,0,完全体,,5,False,False,False,True,266,ba3727c59b8fa8c506f0d08ed73aa00b135ee7fff3baf1e05c6305999e77728e,True
mermaimon,https://digimon.net/reference/detail.php?directory_name=mermaimon,マーメイモン,MERMAIMON,完全体,完全体,水棲獣人型,水棲獣人型,データ,データ,"・チャームプランダー
・ノーザンクロスボンバー",https://digimon.net/cimages/digimon/mermaimon.jpg,False,0,完全体,,5,False,False,False,True,299,075f9b7fae1edab5960bb982e143c53e651b576c1dc738633dc35d79afeafe9f,True
volcamon,https://digimon.net/reference/detail.php?directory_name=volcamon,ボルケーモン,VOLCAMON,完全体,完全体,サイボーグ型,サイボーグ型,データ,データ,"・ビックバン・ボイス
・ビックバン・タックル",https://digimon.net/cimages/digimon/volcamon.jpg,False,0,完全体,,5,False,False,False,True,198,55d640cfd36edf335f92c571a25efce5ad6e76b6e9300218a8b3c712836bf6ef,True
holyangemon,https://digimon.net/reference/detail.php?directory_name=holyangemon,ホーリーエンジェモン,HOLYANGEMON,完全体,完全体,大天使型,大天使型,ワクチン,ワクチン,・ヘブンズゲート,https://digimon.net/cimages/digimon/holyangemon.jpg,True,1,完全体,,5,False,False,False,True,312,a5a34e2740929ffe90cdf0be12f359bd46cc69ea3e47867093ab37bdb7037de3,True
whamon,https://digimon.net/reference/detail.php?directory_name=whamon,ホエーモン,WHAMON,完全体,完全体,水棲哺乳類型,水棲哺乳類型,ワクチン,ワクチン,・タイダルウェーブ,https://digimon.net/cimages/digimon/whamon.jpg,False,0,完全体,,5,False,False,False,True,199,f28b48a23b11b38d94feac7a218d2ebfa1ac6613eaaf232e3d3a1f102aa17265,True
betsumon,https://digimon.net/reference/detail.php?directory_name=betsumon,ベツモン,BETSUMON,完全体,完全体,パペット型,パペット型,データ,データ,"・つっこみパンチ
・コールドギャグ",https://digimon.net/cimages/digimon/betsumon.jpg,False,0,完全体,,5,False,False,False,True,189,fecfedd5d034221fc4f8eeee3cb4ea36c7c657913d0558e847d6fb7bb26cdb72,True
vademon2,https://digimon.net/reference/detail.php?directory_name=vademon2,ベーダモン（X抗体）,VADEMON2,完全体,完全体,宇宙人型,宇宙人型,ウィルス,ウィルス,・悪魔のなげキッス,https://digimon.net/cimages/digimon/vademon2.jpg,False,0,完全体,,5,True,False,False,True,371,61de2395674a2554eb0492bdacc8d04b31f96c246c6925f4b5c828019165b318,True
vademon,https://digimon.net/reference/detail.php?directory_name=vademon,ベーダモン,VADEMON,完全体,完全体,宇宙人型,宇宙人型,ウィルス,ウィルス,・悪魔のなげキッス,https://digimon.net/cimages/digimon/vademon.jpg,False,0,完全体,,5,False,False,False,True,161,8d463c5d5231028ce4aed241d95c3e928bd10a7a2bc6897472c4fc614b5303cd,True
blossomon,https://digimon.net/reference/detail.php?directory_name=blossomon,ブロッサモン,BLOSSOMON,完全体,完全体,植物型,植物型,データ,データ,・スパイラルフラワー,https://digimon.net/cimages/digimon/blossomon.jpg,False,0,完全体,,5,False,False,False,True,240,8d2f7c80d0813add416f2b292da9ef8c66b49538f4399da5d2d3d51ef23b2e6a,True
flaremon,https://digimon.net/reference/detail.php?directory_name=flaremon,フレアモン,FLAREMON,完全体,完全体,獣人型,獣人型,ワクチン,ワクチン,"・紅蓮獣王波（ぐれんじゅうおうは）
・紅・獅子之舞（くれない・ししのまい）
・清々之咆哮（せいせいのほうこう）",https://digimon.net/cimages/digimon/flaremon.jpg,False,0,完全体,,5,False,False,False,True,236,e54f56e78d51a6a1d0113e3532810211490e0a36a992bdbafe040b28cb2be0cd,True
bluemeramon,https://digimon.net/reference/detail.php?directory_name=bluemeramon,ブルーメラモン,BLUEMERAMON,完全体,完全体,火炎型,火炎型,ウィルス,ウィルス,"・アイスファントム
・コールドフレイム",https://digimon.net/cimages/digimon/bluemeramon.jpg,False,0,完全体,,5,False,False,False,True,65,194cea1586f4a4936f77d37e394cf70432a7a29c1e1e081cd3c0fc35a9f0a5c4,True
blackmegalogrowmon,https://digimon.net/reference/detail.php?directory_name=blackmegalogrowmon,ブラックメガログラウモン,BLACKMEGALOGROWMON,完全体,完全体,サイボーグ型,サイボーグ型,ウィルス,ウィルス,"・ダブルエッジ
・アトミックブラスター",https://digimon.net/cimages/digimon/blackmegalogrowmon.jpg,False,0,完全体,,5,False,False,False,True,238,a4ba701a0aadd086d465db912755be10eda9bbd9af733e371f605bc5de207d53,True
phelesmon,https://digimon.net/reference/detail.php?directory_name=phelesmon,フェレスモン,PHELESMON,完全体,完全体,堕天使型,堕天使型,ウィルス,ウィルス,"・ブラックスタチュー
・デーモンズシャウト",https://digimon.net/cimages/digimon/phelesmon.jpg,False,0,完全体,,5,False,False,False,True,148,8b74d1fda715803197e1f26c8c571916d2edf46d3d522d615e503c19c378fa47,True
fantomon,https://digimon.net/reference/detail.php?directory_name=fantomon,ファントモン,FANTOMON,完全体,完全体,ゴースト型,ゴースト型,ウィルス,ウィルス,・ソウルチョッパー,https://digimon.net/cimages/digimon/fantomon.jpg,False,0,完全体,,5,False,False,False,True,221,8680a9c6363de18e31dcd11ff04cceb3406736fd2f0fd739f3b5f451621fccdf,True
hippogriffomon,https://digimon.net/reference/detail.php?directory_name=hippogriffomon,ヒポグリフォモン,HIPPOGRIFFOMON,完全体,完全体,幻獣型,幻獣型,データ,データ,・ヒートウェーブ,https://digimon.net/cimages/digimon/hippogriffomon.jpg,False,0,完全体,,5,False,False,False,True,111,6f190ac397208551fb1d9308bbaeb798bba4dc5a693e11a61faf2663be8fe378,True
picklemon,https://digimon.net/reference/detail.php?directory_name=picklemon,ピッコロモン,PICKLEMON,完全体,完全体,妖精型,妖精型,データ,データ,・ビットボム,https://digimon.net/cimages/digimon/picklemon.jpg,False,0,完全体,,5,False,False,False,True,239,f06cd2e18e9c5460f163a76c9194b47abf135075fe0290a32a6343b01afec49c,True
bigmamemon,https://digimon.net/reference/detail.php?directory_name=bigmamemon,ビッグマメモン,BIGMAMEMON,完全体,完全体,突然変異型,突然変異型,データ,データ,・ビッグスマイリーボマー,https://digimon.net/cimages/digimon/bigmamemon.jpg,False,0,完全体,,5,False,False,False,True,282,0abf95d3b3fa45863123e54a97bbd073b7d7f23e41199d41e59d4ff1bba46fe4,True
bishopchessmon,https://digimon.net/reference/detail.php?directory_name=bishopchessmon,ビショップチェスモン,BISHOPCHESSMON,完全体,完全体,パペット型,パペット型,ウィルス,ウィルス,"・ビショップレーザー
・ビショップクロス
・マジカルスティック",https://digimon.net/cimages/digimon/bishopchessmon.jpg,False,0,完全体,,5,False,False,False,True,147,0107aff0f2ee0d6211080e46ce9bf921a637904d82112b1ad147cfc3ffa2b5ca,True
hisyaryumon,https://digimon.net/reference/detail.php?directory_name=hisyaryumon,ヒシャリュウモン,HISYARYUMON,完全体,完全体,獣竜型,獣竜型,ワクチン,ワクチン,"・成龍刃（せいりゅうじん）
・縦横車（じゅうおうぐるま）",https://digimon.net/cimages/digimon/hisyaryumon.jpg,False,0,完全体,,5,True,False,False,True,382,75253d7baa3a29c4d2a52825c79d1fe5916e86fc16eed0557c1172d1e0a8a942,True
pumpmon,https://digimon.net/reference/detail.php?directory_name=pumpmon,パンプモン,PUMPMON,完全体,完全体,パペット型,パペット型,データ,データ,・トリックオアトリート,https://digimon.net/cimages/digimon/pumpmon.jpg,False,0,完全体,,5,False,False,False,True,234,00fac2c184b0d6ee71c68e73a7933be6fdbb0d94ebab1ddf7ceb400fe5a9f0bd,True
pandamon,https://digimon.net/reference/detail.php?directory_name=pandamon,パンダモン,PANDAMON,完全体,完全体,パペット型,パペット型,データ,データ,・アニマルネイル,https://digimon.net/cimages/digimon/pandamon.jpg,False,0,完全体,,5,False,False,False,True,240,fdac80753bcba1c692dc804227cac9cf7a54a9ce5631101d49c075be66d24874,True
panjyamon,https://digimon.net/reference/detail.php?directory_name=panjyamon,パンジャモン,PANJYAMON,完全体,完全体,獣人型,獣人型,ワクチン,ワクチン,・氷獣拳,https://digimon.net/cimages/digimon/panjyamon.jpg,False,0,完全体,,5,False,False,False,True,141,3be942149d92b8175e70918fddfa412f71a51ffb8639533a4259bcb89f7ff96f,True
hangyomon,https://digimon.net/reference/detail.php?directory_name=hangyomon,ハンギョモン,HANGYOMON,完全体,完全体,水棲獣人型,水棲獣人型,データ,データ,・ストライクフィッシング,https://digimon.net/cimages/digimon/hangyomon.jpg,False,0,完全体,,5,False,False,False,True,130,04d48250d34fc8ced49ec57a1765d25245d65a8b5185e91e3816450485ec847a,True
parrotmon,https://digimon.net/reference/detail.php?directory_name=parrotmon,パロットモン,PARROTMON,完全体,完全体,巨鳥型,巨鳥型,ワクチン,ワクチン,"・ソニックデストロイヤー
・ミョルニルサンダー",https://digimon.net/cimages/digimon/parrotmon.jpg,False,0,完全体,,5,False,False,False,True,184,0f11f0e1578edf916fcc263b4e2e051b31ef3a06563b4c54fd07cd1942d7f90e,True
valvemon,https://digimon.net/reference/detail.php?directory_name=valvemon,バルブモン,VALVEMON,完全体,完全体,マシーン型,マシーン型,データ,データ,"・マッドポンプ
・オクタゴンアタック",https://digimon.net/cimages/digimon/valvemon.jpg,False,0,完全体,,5,False,False,False,True,122,3e3549ef78ebebb723edc692c7d2e28806ea7f97474a34c0ca4f67b32dc493b9,True
bastemon,https://digimon.net/reference/detail.php?directory_name=bastemon,バステモン,BASTEMON,完全体,完全体,獣人型,獣人型,ウィルス,ウィルス,"・ヘルタースケルター
・ヴァンパイアダンス",https://digimon.net/cimages/digimon/bastemon.jpg,False,0,完全体,,5,False,False,False,True,252,effc752f45c20a4b2071fa6251b2e9e8724a8c08e260615818f35c69817a1422,True
pajiramon,https://digimon.net/reference/detail.php?directory_name=pajiramon,パジラモン,PAJIRAMON,完全体,完全体,聖獣型,聖獣型,ウィルス,ウィルス,・ヴァフニジュヴァーラ,https://digimon.net/cimages/digimon/pajiramon.jpg,False,0,完全体,,5,False,False,False,True,280,6563f9a41960e06aea92a6790f311b69ea6551643795e04fe383638643a50bf7,True
paildramon,https://digimon.net/reference/detail.php?directory_name=paildramon,パイルドラモン,PAILDRAMON,完全体,完全体,竜人型,竜人型,フリー,フリー,"・エスグリーマ
・デスペラードブラスター",https://digimon.net/cimages/digimon/paildramon.jpg,False,0,完全体,,5,False,False,False,True,223,051ffc40c2160019f125a8bbda92673fb10b60949963c60ad6f606faa81fb306,True
neodevimon,https://digimon.net/reference/detail.php?directory_name=neodevimon,ネオデビモン,NEODEVIMON,完全体,完全体,堕天使型,堕天使型,ウィルス,ウィルス,・ギルティクロウ,https://digimon.net/cimages/digimon/neodevimon.jpg,False,0,完全体,,5,False,False,False,True,139,24cd15d17896eb874c84ce3388c88438fa98d54b9f5dcdb3861475829188e4db,True
nanomon,https://digimon.net/reference/detail.php?directory_name=nanomon,ナノモン,NANOMON,完全体,完全体,マシーン型,マシーン型,ウィルス,ウィルス,・プラグボム,https://digimon.net/cimages/digimon/nanomon.jpg,False,0,完全体,,5,False,False,False,True,232,5087dce65bdae0afe31361fd4c109044c01553aa4476f73165efaaadb2059bae,True
knightmon,https://digimon.net/reference/detail.php?directory_name=knightmon,ナイトモン,KNIGHTMON,完全体,完全体,戦士型,戦士型,データ,データ,・ベルセルクソード,https://digimon.net/cimages/digimon/knightmon.jpg,False,0,完全体,,5,False,False,False,True,247,df0894adcfabe1d45d8d78b565ac7a37c4ab5c82a986f87b6f8eb4a57952b44d,True
doruguremon,https://digimon.net/reference/detail.php?directory_name=doruguremon,ドルグレモン,DORUGUREMON,完全体,完全体,獣竜型,獣竜型,データ,データ,"・メタルメテオ
・ブラッディータワー",https://digimon.net/cimages/digimon/doruguremon.jpg,False,0,完全体,,5,True,False,False,True,263,ce7eb78cea2ac30d9be991ed2ca202f243a85cf713921f2db9cd49b54abb48bf,True
triceramon,https://digimon.net/reference/detail.php?directory_name=triceramon,トリケラモン,TRICERAMON,完全体,完全体,角竜型,角竜型,データ,データ,・トライホーンアタック,https://digimon.net/cimages/digimon/triceramon.jpg,False,0,完全体,,5,False,False,False,True,214,bf7567996208ae93519b7177f0f25ac0909ec6cf1fbdd84e645f7223e1e14658,True
tonosamagekomon,https://digimon.net/reference/detail.php?directory_name=tonosamagekomon,トノサマゲコモン,TONOSAMAGEKOMON,完全体,完全体,両生類型,両生類型,ウィルス,ウィルス,・コブシトーン,https://digimon.net/cimages/digimon/tonosamagekomon.jpg,False,0,完全体,,5,False,False,False,True,183,286cce80383f5c6bfc08d27f5106a8a462c48f98d2b16ee7da1de0aa5878317c,True
doumon,https://digimon.net/reference/detail.php?directory_name=doumon,ドウモン,DOUMON,完全体,完全体,魔人型,魔人型,データ,データ,"・呪禁札（じゅごんさつ）
・鬼門遁甲（きもんとんこう）",https://digimon.net/cimages/digimon/doumon.jpg,False,0,完全体,,5,False,False,False,True,236,ddc87d707eceb1d982e427d84e16684168dd83b212665a7371273a711a1fb2e3,True
delumon,https://digimon.net/reference/detail.php?directory_name=delumon,デラモン,DELUMON,完全体,完全体,鳥型,鳥型,データ,データ,・ロイヤルナッツ,https://digimon.net/cimages/digimon/delumon.jpg,False,0,完全体,,5,False,False,False,True,228,c880680f943f4060a9582999a8405eee003224e970099fe7f8a66a24bb3c228e,True
duramon,https://digimon.net/reference/detail.php?directory_name=duramon,デュラモン,DURAMON,完全体,完全体,武器型,武器型,ワクチン,ワクチン,"・グラスラッシュ
・ブリンデッド",https://digimon.net/cimages/digimon/duramon.jpg,False,0,完全体,,5,False,False,False,True,209,0b7727ecbaddcb0fad86d27394c927493254d4a573623fe5271d9e819a8bafb4,True
deathmeramon,https://digimon.net/reference/detail.php?directory_name=deathmeramon,デスメラモン,DEATHMERAMON,完全体,完全体,火炎型,火炎型,データ,データ,"・へヴィーメタルファイアー
・ヒートチェーン",https://digimon.net/cimages/digimon/deathmeramon.jpg,False,0,完全体,,5,False,False,False,True,186,8f7e8af0c6dd554b3e1e83a1d9d0b54fe024661a5ef5bd57734d397113450682,True
digitamamon,https://digimon.net/reference/detail.php?directory_name=digitamamon,デジタマモン,DIGITAMAMON,完全体,完全体,パーフェクト型,パーフェクト型,データ,データ,"・エニグマ
・ナイトメアシンドローム",https://digimon.net/cimages/digimon/digitamamon.jpg,False,0,完全体,,5,False,False,False,True,232,6caa40e0dc5f468124f02336bcd2a7311cfbc39723cc0b83a06eded5b98488ca,True
death-x-doruguremon,https://digimon.net/reference/detail.php?directory_name=death-x-doruguremon,デクスドルグレモン,DEATH-X-DORUGUREMON,完全体,完全体,アンデッド型,アンデッド型,ウィルス,ウィルス,"・ブラッディーケイブ
・メタルメテオ",https://digimon.net/cimages/digimon/death-x-doruguremon.jpg,False,0,完全体,,5,True,False,False,True,269,69ee2183447ea8d1c7729d509b2a3ca01ec6425eeb3f60f9bf640c7e86f9e4f1,True
dinobeemon,https://digimon.net/reference/detail.php?directory_name=dinobeemon,ディノビーモン,DINOBEEMON,完全体,完全体,突然変異型,突然変異型,フリー,フリー,・ヘルマスカレード,https://digimon.net/cimages/digimon/dinobeemon.jpg,False,0,完全体,,5,False,False,False,True,213,758257f9b3d9b9071749e081eb3c873311caf09e47091771f974aa90f67b973d,True
chohakkaimon,https://digimon.net/reference/detail.php?directory_name=chohakkaimon,チョ・ハッカイモン,CHOHAKKAIMON,完全体,完全体,パペット型,パペット型,データ,データ,"・強振砲舞乱（きょうしんホームラン）
・打々々魅飲血（だだだみんち）
・豚ノ丸焼（ぶたのまるやき）",https://digimon.net/cimages/digimon/chohakkaimon.jpg,False,0,完全体,,5,False,False,False,True,401,40a4c795ff85fdf213d622758dc3afee90330e34ce8500483c2475cd6444806f,True
caturamon,https://digimon.net/reference/detail.php?directory_name=caturamon,チャツラモン,CATURAMON,完全体,完全体,聖獣型,聖獣型,データ,データ,・シュヴァボージャナ,https://digimon.net/cimages/digimon/caturamon.jpg,False,0,完全体,,5,False,False,False,True,245,abea8b3c3edb573e3a68e8382a8a234eae79d5e5b4670741acceeb54177b16a1,True
tyilinmon,https://digimon.net/reference/detail.php?directory_name=tyilinmon,チィリンモン,TYILINMON,完全体,完全体,聖獣型,聖獣型,ワクチン,ワクチン,"・疾風天翔剣（しっぷうてんしょうけん）
・迅速の心得（じんそくのこころえ）
・改心の波動",https://digimon.net/cimages/digimon/tyilinmon.jpg,False,0,完全体,,5,False,False,False,True,326,f472155aab673804595945da13b61cadec191aaa4cbf97fd1c9f64dce7af19af,True
tankdramon,https://digimon.net/reference/detail.php?directory_name=tankdramon,タンクドラモン,TANKDRAMON,完全体,完全体,マシーン型,マシーン型,ウィルス,ウィルス,"・ストライバ－キャノン
・ブラストガトリング",https://digimon.net/cimages/digimon/tankdramon.jpg,False,0,完全体,,5,False,False,False,True,316,d35eaadbf4e1aebd5f8a76e03a73b59d83a65cebcf3d2c39ddc7ca0281b02152,True
dagomon,https://digimon.net/reference/detail.php?directory_name=dagomon,ダゴモン,DAGOMON,完全体,完全体,水棲獣人型,水棲獣人型,ウィルス,ウィルス,・フォービドゥントライデント,https://digimon.net/cimages/digimon/dagomon.jpg,False,0,完全体,,5,False,False,False,True,187,f7a229ea39596673b9d2e8a380c64652618ce29d084662a2e67322b813f7b33b,True
taomon,https://digimon.net/reference/detail.php?directory_name=taomon,タオモン,TAOMON,完全体,完全体,魔人型,魔人型,データ,データ,・梵筆閃（ぼんひつせん）,https://digimon.net/cimages/digimon/taomon.jpg,False,0,完全体,,5,False,False,False,True,269,c403604497e869c90075f2934bee20971a3199c7598068bbc90a220e8c968f1c,True
darksuperstarmon,https://digimon.net/reference/detail.php?directory_name=darksuperstarmon,ダークスーパースターモン,DARKSUPERSTARMON,完全体,完全体,突然変異型,突然変異型,ウィルス,ウィルス,"・ダークイクスプロージョン
・シュバルツネーベル
・ダークホール",https://digimon.net/cimages/digimon/darksuperstarmon.jpg,False,0,完全体,,5,False,False,False,True,155,75af122d406892fe08a9b40f2b418bc5fabe0987c714372b10a30e7c1dcfcb7c,True
sirenmon,https://digimon.net/reference/detail.php?directory_name=sirenmon,セイレーンモン,SIRENMON,完全体,完全体,神人型,神人型,データ,データ,"・第一曲≪ポリフォニー≫
・第二曲≪アリア≫
・第三曲≪カノン≫",https://digimon.net/cimages/digimon/sirenmon.jpg,False,0,完全体,,5,False,False,False,True,410,bdae0a7099a8f3efefcf137e76be207e5be0615d6c399aa888781d29f23bb24a,True
saviorhuckmon,https://digimon.net/reference/detail.php?directory_name=saviorhuckmon,セイバーハックモン,SAVIORHUCKMON,完全体,完全体,竜人型,竜人型,データ,データ,"・レッジストレイド
・メテオフレイム
・トライデントセイバー",https://digimon.net/cimages/digimon/saviorhuckmon.jpg,False,0,完全体,,5,False,False,False,True,383,80bdf154cf109f5abba58f72c8dd9a363cb863dcbb1070485546c3e873cc6ee1,True
zudomon,https://digimon.net/reference/detail.php?directory_name=zudomon,ズドモン,ZUDOMON,完全体,完全体,海獣型,海獣型,ワクチン,ワクチン,・ハンマースパーク,https://digimon.net/cimages/digimon/zudomon.jpg,False,0,完全体,,5,False,False,False,True,212,9c65bf0f1fb0483923f0f4b4f96bcb0f82250793e689a1928b114b3253a58e11,True
scorpiomon,https://digimon.net/reference/detail.php?directory_name=scorpiomon,スコピオモン,SCORPIOMON,完全体,完全体,昆虫型,昆虫型,データ,データ,"・ブラックアウト
・ポイズンピアス",https://digimon.net/cimages/digimon/scorpiomon.jpg,False,0,完全体,,5,False,False,False,True,287,4e2fd5aa69b409b2b0fa962761a9ff6d6d31abf4bee6367319c9e2dadff3969d,True
skullbaluchimon,https://digimon.net/reference/detail.php?directory_name=skullbaluchimon,スカルバルキモン,SKULLBALUCHIMON,完全体,完全体,アンデッド型,アンデッド型,データ,データ,"・グレイブボーン
・デッドリーフィアー",https://digimon.net/cimages/digimon/skullbaluchimon.jpg,False,0,完全体,,5,True,False,False,True,273,8d32f595b4a92422b71d28209ccd8cff0ab6fe65e81370219eee3d6c3ea74034,True
skullsatamon,https://digimon.net/reference/detail.php?directory_name=skullsatamon,スカルサタモン,SKULLSATAMON,完全体,完全体,アンデッド型,アンデッド型,ウィルス,ウィルス,・ネイルボーン,https://digimon.net/cimages/digimon/skullsatamon.jpg,False,0,完全体,,5,False,False,False,True,183,6472b74e73a8853ea4ee2a610dec28c244370be893346617ba09e47170603f43,True
skullgreymon,https://digimon.net/reference/detail.php?directory_name=skullgreymon,スカルグレイモン,SKULLGREYMON,完全体,完全体,アンデッド型,アンデッド型,ウィルス,ウィルス,・オブリビオンバード,https://digimon.net/cimages/digimon/skullgreymon.jpg,False,0,完全体,,5,False,False,False,True,180,0093afcfbe5615d530c7f0cc27217d63565780aa2f048caaf92cb4295c08d1d6,True
superstarmon,https://digimon.net/reference/detail.php?directory_name=superstarmon,スーパースターモン,SUPERSTARMON,完全体,完全体,突然変異型,突然変異型,データ,データ,・ハレースコール,https://digimon.net/cimages/digimon/superstarmon.jpg,False,0,完全体,,5,False,False,False,True,151,a1f42c39c45194d57f04cce0992f9d4234cf0119a3bf8fa2f55e8bc050d12591,True
sinduramon,https://digimon.net/reference/detail.php?directory_name=sinduramon,シンドゥーラモン,SINDURAMON,完全体,完全体,聖鳥型,聖鳥型,データ,データ,・プーヤヴァーハ,https://digimon.net/cimages/digimon/sinduramon.jpg,False,0,完全体,,5,False,False,False,True,246,ae549f1161821d4ac274a7bb85df2e7798b947816063092f63cfd851035ff19d,True
silphymon,https://digimon.net/reference/detail.php?directory_name=silphymon,シルフィーモン,SILPHYMON,完全体,完全体,獣人型,獣人型,フリー,フリー,"・トップガン
・デュアルソニック",https://digimon.net/cimages/digimon/silphymon.jpg,False,0,完全体,,5,False,False,False,True,259,0980722e74d04a7111e47335e982e783ca7316e7c78669d1ed17bcf233db08b1,True
jyureimon,https://digimon.net/reference/detail.php?directory_name=jyureimon,ジュレイモン,JYUREIMON,完全体,完全体,植物型,植物型,ウィルス,ウィルス,・チェリーボム,https://digimon.net/cimages/digimon/jyureimon.jpg,False,0,完全体,,5,False,False,False,True,273,705d25426f7c78ec1e2b41129bbd63a490ba43645185aa8d98768417aedf2851,True
shakkoumon,https://digimon.net/reference/detail.php?directory_name=shakkoumon,シャッコウモン,SHAKKOUMON,完全体,完全体,突然変異型,突然変異型,フリー,フリー,"・ニギミタマ
・アラミタマ",https://digimon.net/cimages/digimon/shakkoumon.jpg,False,0,完全体,,5,False,False,False,True,253,7807c1186527020fc240ee92e534a033bf01e32e2abcff8913e3b93417ca5491,True
jyagamon,https://digimon.net/reference/detail.php?directory_name=jyagamon,ジャガモン,JYAGAMON,完全体,完全体,植物型,植物型,ワクチン,ワクチン,・スマッシュポテト,https://digimon.net/cimages/digimon/jyagamon.jpg,False,0,完全体,,5,False,False,False,True,215,301faa6bcf1b3ed2860b2660ea24bf6b583f60ff895e81ee4811c91c72bb3e94,True
shawujinmon,https://digimon.net/reference/detail.php?directory_name=shawujinmon,シャウジンモン,SHAWUJINMON,完全体,完全体,魔人型,魔人型,ウィルス,ウィルス,"・降妖杖・渦紋の陣（かもんのじん）
・降妖杖・滝の陣（たきのじん）
・月牙斬（げつがざん）",https://digimon.net/cimages/digimon/shawujinmon.jpg,False,0,完全体,,5,False,False,False,True,229,fdea3b30d66c891361e208affbf1a80f1e8319ad63e0930c59a9259f61150e66,True
sandiramon,https://digimon.net/reference/detail.php?directory_name=sandiramon,サンティラモン,SANDIRAMON,完全体,完全体,聖獣型,聖獣型,ウィルス,ウィルス,・クリシュナ,https://digimon.net/cimages/digimon/sandiramon.jpg,False,0,完全体,,5,False,False,False,True,274,eb78132965b223c5b2b1be9901ebef5d168b01119b01fd20a099a5727b7c609e,True
sanzomon,https://digimon.net/reference/detail.php?directory_name=sanzomon,サンゾモン,SANZOMON,完全体,完全体,僧侶型,僧侶型,ワクチン,ワクチン,"・杜子春経（とししゅんきょう）
・胡蝶夢経（こちょうむきょう）
・無限弾幕心経（むげんだんまくしんきょう）",https://digimon.net/cimages/digimon/sanzomon.jpg,False,0,完全体,,5,False,False,False,True,448,4bb05d2effb65ce328a1ce83da571a8d89d42a2587e5a80f4156097baf258f76,True
sagomon,https://digimon.net/reference/detail.php?directory_name=sagomon,サゴモン,SAGOMON,完全体,完全体,魔人型,魔人型,ウィルス,ウィルス,"・渦紋の陣（かもんのじん）
・滝の陣（たきのじん）
・月牙斬（げつがざん）",https://digimon.net/cimages/digimon/sagomon.jpg,False,0,完全体,,5,False,False,False,True,310,701fad23085334488ad64d5b2d7efd3cf77de79fb7cec929d6d121e574c76008,True
cyberdramon,https://digimon.net/reference/detail.php?directory_name=cyberdramon,サイバードラモン,CYBERDRAMON_ANDROID,完全体,完全体,サイボーグ型,サイボーグ型,ワクチン,ワクチン,・イレイズクロー,https://digimon.net/cimages/digimon/cyberdramon.jpg,False,0,完全体,,5,False,False,False,True,273,f2fdf0b622d307211d7526e097fd3b419a6aab46ba73c137666a4c2d8e22778d,True
gokuwmon,https://digimon.net/reference/detail.php?directory_name=gokuwmon,ゴクウモン,GOKUWMON,完全体,完全体,獣人型,獣人型,ウィルス,ウィルス,"・秘技・夢現影（ひぎ・むげんえい）
・疾風迅雷撃（しっぷうじんらいげき）
・超帯電雷光砲（ちょうたいでんらいこうほう）
・觔斗雲（きんとうん）",https://digimon.net/cimages/digimon/gokuwmon.jpg,False,0,完全体,,5,False,False,False,True,606,6e4456d9e8b69d627bc02828daf9f6262860676faee3fab757b5010cda1ce05d,True
cerberumon,https://digimon.net/reference/detail.php?directory_name=cerberumon,ケルベロモン,CERBERUMON,完全体,完全体,魔獣型,魔獣型,ワクチン,ワクチン,"・インフェルノゲート
・ヘルファイアー",https://digimon.net/cimages/digimon/cerberumon.jpg,False,0,完全体,,5,False,False,False,True,239,8e18a5d105ff6ce2fd4f2bc21008a262dba34ab7ace6506ce7089de27a81dfa7,True
kumbhiramon,https://digimon.net/reference/detail.php?directory_name=kumbhiramon,クンビラモン,KUMBHIRAMON,完全体,完全体,聖獣型,聖獣型,ワクチン,ワクチン,・クリミシャ,https://digimon.net/cimages/digimon/kumbhiramon.jpg,False,0,完全体,,5,False,False,False,True,311,49fd81ea4f2bdee917f6bc5bd3c7634c725302222b112eda3268106c11d216ff,True
crescemon,https://digimon.net/reference/detail.php?directory_name=crescemon,クレシェモン,CRESCEMON,完全体,完全体,魔人型,魔人型,データ,データ,"・ルナティックダンス
・アイスアーチェリー
・ダークアーチェリー",https://digimon.net/cimages/digimon/crescemon.jpg,False,0,完全体,,5,False,False,False,True,233,319bb6c8bf51fe54476da92ceabeb6a09573262c57b8042d7cca1206e5b25f30,True
grademon,https://digimon.net/reference/detail.php?directory_name=grademon,グレイドモン,GRADEMON,完全体,完全体,戦士型,戦士型,ワクチン,ワクチン,"・クロスブレード
・グレイドスラッシュ",https://digimon.net/cimages/digimon/grademon.jpg,False,0,完全体,,5,True,False,False,True,261,95bb7673c950f11c83e0b1b95f7470319a520fcd046bf21b10d79c00a63da00e,True
grappuleomon,https://digimon.net/reference/detail.php?directory_name=grappuleomon,グラップレオモン,GRAPPULEOMON,完全体,完全体,獣人型,獣人型,ワクチン,ワクチン,"・獅子獣波斬
・旋風タービン蹴り",https://digimon.net/cimages/digimon/grappuleomon.jpg,False,0,完全体,,5,False,False,False,True,278,9e71809467701b2d285ff95f3d36210f2bc750a90078e068ce2904af4e05564d,True
groundramon,https://digimon.net/reference/detail.php?directory_name=groundramon,グラウンドラモン,GROUNDRAMON,完全体,完全体,地竜型,地竜型,ウィルス,ウィルス,"・スクラップレスクロー
・メガトンハマークラッシュ
・ギガクラック",https://digimon.net/cimages/digimon/groundramon.jpg,False,0,完全体,,5,False,False,False,True,345,8885af8be6689538b46eb39fed892eb227f4d84131375a0ac0216a5ff67ad9ec,True
giromon,https://digimon.net/reference/detail.php?directory_name=giromon,ギロモン,GIROMON,完全体,完全体,機雷型,機雷型,ワクチン,ワクチン,・デッドリーボム,https://digimon.net/cimages/digimon/giromon.jpg,False,0,完全体,,5,False,False,False,True,180,7624b794c21a0415e7af8c4f08b2f19c87eb4cce8d0b23ddcb00bb9607f1b4f9,True
captainhookmon,https://digimon.net/reference/detail.php?directory_name=captainhookmon,キャプテンフックモン,CAPTAINHOOKMON,完全体,完全体,海人型,海人型,ワクチン,ワクチン,"・レイジギガアンカー
・パイレーツパニッシャー
・レッグリボルバー",https://digimon.net/cimages/digimon/captainhookmon.jpg,False,0,完全体,,5,False,False,False,True,338,15db1e91c961d10bdfed106a3d83444aae4a52f024acb6b467a07899d534d5e9,True
cannonbeemon,https://digimon.net/reference/detail.php?directory_name=cannonbeemon,キャノンビーモン,CANNONBEEMON,完全体,完全体,サイボーグ型,サイボーグ型,ウィルス,ウィルス,"・ニトロスティンガー
・スカイロケット∞（ムゲン）",https://digimon.net/cimages/digimon/cannonbeemon.jpg,False,0,完全体,,5,True,False,False,True,200,c9f57865f1d94488d46f059c7f517fb67571f85ad0d03b2d8893f5a3241faf24,True
catchmamemon,https://digimon.net/reference/detail.php?directory_name=catchmamemon,キャッチマメモン,CATCHMAMEMON,完全体,完全体,突然変異型,突然変異型,データ,データ,"・マジックアーム
・ミラクルボム",https://digimon.net/cimages/digimon/catchmamemon.jpg,False,0,完全体,,5,False,False,False,True,259,c6122b10bd29e4966cbfaa24964867c18ad6e2ea0d2453028baaec12b340498e,True
chimairamon,https://digimon.net/reference/detail.php?directory_name=chimairamon,キメラモン,CHIMAIRAMON,完全体,完全体,合成型,合成型,データ,データ,・ヒート・バイパー,https://digimon.net/cimages/digimon/chimairamon.jpg,False,0,完全体,,5,False,False,False,True,306,7ee27d01c8d5956678c77b59399b7d478ebe64a239248d9579fb842f5219e14d,True
gigadramon,https://digimon.net/reference/detail.php?directory_name=gigadramon,ギガドラモン,GIGADRAMON,完全体,完全体,サイボーグ型,サイボーグ型,ウィルス,ウィルス,"・ジェノサイドギア
・ギルティクロー",https://digimon.net/cimages/digimon/gigadramon.jpg,False,0,完全体,,5,False,False,False,True,128,b1d13d248c6f0104286f9ed53612ca7bbe082dbca366e6e22a1149de753fbc6b,True
garudamon,https://digimon.net/reference/detail.php?directory_name=garudamon,ガルダモン,GARUDAMON,完全体,完全体,鳥人型,鳥人型,ワクチン,ワクチン,・シャドーウィング,https://digimon.net/cimages/digimon/garudamon.jpg,False,0,完全体,,5,False,False,False,True,282,b7ca394349b5d7a62baba57a5b6e38474b93e7f59230f7149e27a16cb774652f,True
karatenmon,https://digimon.net/reference/detail.php?directory_name=karatenmon,カラテンモン,KARATENMON,完全体,完全体,魔人型,魔人型,ウィルス,ウィルス,"・悟り（さとり）
・衝撃羽（しょうげきは）",https://digimon.net/cimages/digimon/karatenmon.jpg,False,0,完全体,,5,False,False,False,True,262,f9be70fac08a46806c7daf804e3f1f7e4e94fc17aa158d24931096df8384d917,True
gerbemon,https://digimon.net/reference/detail.php?directory_name=gerbemon,ガーベモン,GERBEMON,完全体,完全体,突然変異型,突然変異型,ウィルス,ウィルス,・ウンチバズーカ,https://digimon.net/cimages/digimon/gerbemon.jpg,False,0,完全体,,5,False,False,False,True,236,d8e40d65e4d18832cbbdc4ca1b994a3053ef0714594887eb198d756c98daf785,True
orochimon,https://digimon.net/reference/detail.php?directory_name=orochimon,オロチモン,OROCHIMON,完全体,完全体,魔竜型,魔竜型,ウィルス,ウィルス,"・酒ブレス
・アメノムラクモ",https://digimon.net/cimages/digimon/orochimon.jpg,False,0,完全体,,5,False,False,False,True,300,bc28250103eb2b50ff0fd1ec8860746dbe1680bd8ef1c6ae3c54a4b7bbc0bd50,True
okuwamon,https://digimon.net/reference/detail.php?directory_name=okuwamon,オオクワモン,OUKUWAMON,完全体,完全体,昆虫型,昆虫型,ウィルス,ウィルス,・シザーアームズΩ,https://digimon.net/cimages/digimon/okuwamon.jpg,False,0,完全体,,5,False,False,False,True,197,7ede4c2a944f7a5ef683ea4bb6c7cb28e80182d0e59bd4cbb23bf2317c639c78,True
angewomon,https://digimon.net/reference/detail.php?directory_name=angewomon,エンジェウーモン,ANGEWOMON,完全体,完全体,大天使型,大天使型,ワクチン,ワクチン,"・ホーリーアロー
・ヘブンズチャーム",https://digimon.net/cimages/digimon/angewomon.jpg,False,0,完全体,,5,False,False,False,True,262,bb87562a5ed2cee1a434a6fa3d8a31f449051c097e8bf2b29343814fd9d1ddbd,True
etemon,https://digimon.net/reference/detail.php?directory_name=etemon,エテモン,ETEMON,完全体,完全体,パペット型,パペット型,ウィルス,ウィルス,"・ラブ・セレナーデ
・ダークスピリッツ",https://digimon.net/cimages/digimon/etemon.jpg,False,0,完全体,,5,False,False,False,True,206,e7e9b32d1715fd649d2b1209a564a96aa47e3be2e5468958aece34c69901ba35,True
ex-tyranomon,https://digimon.net/reference/detail.php?directory_name=ex-tyranomon,エクスティラノモン,EX-TYRANOMON,完全体,完全体,パペット型,パペット型,ワクチン,ワクチン,"・プリティーアタック
・ブラックマター",https://digimon.net/cimages/digimon/ex-tyranomon.jpg,False,0,完全体,,5,False,False,False,True,265,04e694cec37676b9682d0e1956da2bd9f14adb1f7d5e7366f65ccd5d7ec64cfd,True
earov-dramon,https://digimon.net/reference/detail.php?directory_name=earov-dramon,エアロブイドラモン,EAROV-DRAMON,完全体,完全体,聖竜型,聖竜型,ワクチン,ワクチン,"・Ｖウィングブレード
・ドラゴンインパルス",https://digimon.net/cimages/digimon/earov-dramon.jpg,False,0,完全体,,5,False,False,False,True,332,058ef717e0ac572d5dbe238594b6723446cedf3d440f75c588082bee680163cd,True
volcdoramon,https://digimon.net/reference/detail.php?directory_name=volcdoramon,ヴォルクドラモン,VOLCDORAMON,完全体,完全体,竜型,竜型,データ,データ,"・ヴォルカニックフォーン
・サークルオブデス",https://digimon.net/cimages/digimon/volcdoramon.jpg,False,0,完全体,,5,False,False,False,True,260,5cf810c4d676fd5e6116b7fed2a4cbb889dc2d62ece80244149e3d8ac66cb942,True
wingdramon,https://digimon.net/reference/detail.php?directory_name=wingdramon,ウイングドラモン,WINGDRAMON,完全体,完全体,天竜型,天竜型,ワクチン,ワクチン,"・ブレイズソニックブレス
・エクスプロードソニックランス
・ウイングブラスト",https://digimon.net/cimages/digimon/wingdramon.jpg,False,0,完全体,,5,False,False,False,True,347,5e219502a259be2b54ffc3d8cbbcf32e575d4fbe9f0e7832a72fca2ae98ad29b,True
vikaralamon,https://digimon.net/reference/detail.php?directory_name=vikaralamon,ヴィカラーラモン,VIKARALAMON,完全体,完全体,聖獣型,聖獣型,ワクチン,ワクチン,・スーカラ,https://digimon.net/cimages/digimon/vikaralamon.jpg,False,0,完全体,,5,False,False,False,True,264,456042ddc1eb2064c3a8cd71aa4cf0fa18efc2ad94ecbca4c938cfe1aa3ccb9d,True
vamdemon,https://digimon.net/reference/detail.php?directory_name=vamdemon,ヴァンデモン,VAMDEMON,完全体,完全体,アンデッド型,アンデッド型,ウィルス,ウィルス,・ナイトレイド,https://digimon.net/cimages/digimon/vamdemon.jpg,False,0,完全体,,5,False,False,False,True,221,656e42997d92022b67dfc3a42fc2e14e0f0e329644d394d4c443bafb77c94e66,True
vajramon,https://digimon.net/reference/detail.php?directory_name=vajramon,ヴァジラモン,VAJRAMON,完全体,完全体,聖獣型,聖獣型,ワクチン,ワクチン,・ローダ,https://digimon.net/cimages/digimon/vajramon.jpg,False,0,完全体,,5,False,False,False,True,245,c5cf7a067671f83da33c380e90f9e7d4a63b39653c80c1a10e37298fc51c783d,True
infermon,https://digimon.net/reference/detail.php?directory_name=infermon,インフェルモン,INFERMON,完全体,完全体,種族不明,種族不明,不明,不明,"・ヘルズグレネード
・コクーンアタック",https://digimon.net/cimages/digimon/infermon.jpg,False,0,完全体,,5,False,False,False,True,261,0512ae20188900c28f579967991b12adf9a117dd14f6c5f3621b30a7837d9231,True
indaramon,https://digimon.net/reference/detail.php?directory_name=indaramon,インダラモン,INDARAMON,完全体,完全体,聖獣型,聖獣型,ウィルス,ウィルス,・アドームクハ,https://digimon.net/cimages/digimon/indaramon.jpg,False,0,完全体,,5,False,False,False,True,242,b760381c451487e928824a6e0c7963ae603defe01f0e9e0519a5f797c8136876,True
insekimon,https://digimon.net/reference/detail.php?directory_name=insekimon,インセキモン,INSEKIMON,完全体,完全体,鉱石型,鉱石型,データ,データ,・コズモフラッシュ,https://digimon.net/cimages/digimon/insekimon.jpg,False,0,完全体,,5,False,False,False,True,109,cadb90e9c2a849654471479cadb58eaa4c71b696ba25fa575256113e72317cda,True
andromon,https://digimon.net/reference/detail.php?directory_name=andromon,アンドロモン,ANDROMON,完全体,完全体,サイボーグ型,サイボーグ型,ワクチン,ワクチン,"・ガトリングミサイル
・スパイラルソード",https://digimon.net/cimages/digimon/andromon.jpg,False,0,完全体,,5,False,False,False,True,281,3c788f1106f2610628a7a3986c7787452dc38c1416df288916f4b0e23eb0f433,True
andiramon,https://digimon.net/reference/detail.php?directory_name=andiramon,アンティラモン（デーヴァ）,ANDIRAMON,完全体,完全体,聖獣型,聖獣型,データ,データ,・アシパトラヴァナ,https://digimon.net/cimages/digimon/andiramon.jpg,False,0,完全体,,5,False,False,False,True,214,09fe57949e9fa633896b11184d9f78f42b4097d2cd3a923f0a45db7bec2250a0,True
algomon-ultimate,https://digimon.net/reference/detail.php?directory_name=algomon-ultimate,アルゴモン,ALGOMON_ULTIMATE,完全体,完全体,突然変異型,突然変異型,ウィルス,ウィルス,"・インプリズメント
・エリミネイションライン
・ワームフェイズ",https://digimon.net/cimages/digimon/algomon-ultimate.jpg,False,0,完全体,,5,False,False,False,True,178,6705a47fd993d2e8a1111d42d72f7a520a7f68279f4b14963ed8f4363bfe4013,True
archnemon,https://digimon.net/reference/detail.php?directory_name=archnemon,アルケニモン,ARCHNEMON,完全体,完全体,魔獣型,魔獣型,ウィルス,ウィルス,"・スパイダースレッド
・プレデーションスパイダー",https://digimon.net/cimages/digimon/archnemon.jpg,False,0,完全体,,5,False,False,False,True,215,e436bd7af219e4a241cfcaead9a36d94229927968aa0f24ab36052078b5387ca,True
anomalocarimon-x,https://digimon.net/reference/detail.php?directory_name=anomalocarimon-x,アノマロカリモン（X抗体）,ANOMALOCARIMON-X,完全体,完全体,古代甲殻類型,古代甲殻類型,データ,データ,・スティンガーサプライズ,https://digimon.net/cimages/digimon/anomalocarimon-x.jpg,False,0,完全体,,5,True,False,False,True,441,fd86b2ace2170f26f57da9d2535706f2dd115796e72011f16b4025f081c5bfed,True
anomalocarimon,https://digimon.net/reference/detail.php?directory_name=anomalocarimon,アノマロカリモン,ANOMALOCARIMON,完全体,完全体,古代甲殻類型,古代甲殻類型,データ,データ,・スティンガーサプライズ,https://digimon.net/cimages/digimon/anomalocarimon.jpg,False,0,完全体,,5,False,False,False,True,241,f4ad9cca23b42ff553d76d04c03a201f0ece0cbd4dd80da740030bd5237f215c,True
atlurkabuterimon,https://digimon.net/reference/detail.php?directory_name=atlurkabuterimon,アトラーカブテリモン（赤）,ATLURKABUTERIMON,完全体,完全体,昆虫型,昆虫型,ワクチン,ワクチン,・ホーンバスター,https://digimon.net/cimages/digimon/atlurkabuterimon.jpg,False,0,完全体,,5,False,False,False,True,239,19878e103faa367bdfa09596b4f6e226c1c475ce35c7877b8eb4fee0c7f797af,True
atlurkabuterimon-blue,https://digimon.net/reference/detail.php?directory_name=atlurkabuterimon-blue,アトラーカブテリモン（青）,ATLURKABUTERIMON-BLUE,完全体,完全体,昆虫型,昆虫型,データ,データ,・ホーンバスター,https://digimon.net/cimages/digimon/atlurkabuterimon-blue.jpg,False,0,完全体,,5,False,False,False,True,199,4e1886cb6d2eabe88972fdd53c08614a386e59eeb45c1e3e7caa4345d59de2d2,True
astamon,https://digimon.net/reference/detail.php?directory_name=astamon,アスタモン,ASTAMON,完全体,完全体,魔人型,魔人型,ウィルス,ウィルス,"・ヘルファイア
・マーヴェリック",https://digimon.net/cimages/digimon/astamon.jpg,False,0,完全体,,5,False,False,False,True,224,04c43d2d3042c5bcc9441acfbcf4c0abf956d9b5f9830600f7c67f67ef62eb95,True
asuramon,https://digimon.net/reference/detail.php?directory_name=asuramon,アシュラモン,ASURAMON,完全体,完全体,魔人型,魔人型,ワクチン,ワクチン,・阿修羅神拳（あしゅらしんけん）,https://digimon.net/cimages/digimon/asuramon.jpg,False,0,完全体,,5,False,False,False,True,281,e9d462eb31d1f4abb2130b27f0e8d3c55f6f11698219ee9daadf600b03898070,True
aegiochusmon:blue,https://digimon.net/reference/detail.php?directory_name=aegiochusmon:blue,アイギオテュースモン：ブルー,AEGIOCHUSMON:BLUE,完全体,完全体,神人型,神人型,ワクチン,ワクチン,"・ペネトレイザー
・ウイングカッター
・パワードイグニッション",https://digimon.net/cimages/digimon/aegiochusmon:blue.jpg,False,0,完全体,,5,False,False,False,True,390,0f8ea95fe7330cb552f327e52a4ffb7c2bab389c262837d38079e189257563a4,True
aegiochusmon:dark,https://digimon.net/reference/detail.php?directory_name=aegiochusmon:dark,アイギオテュースモン：ダーク,AEGIOCHUSMON:DARK,完全体,完全体,神人型,神人型,ワクチン,ワクチン,"・トライアングラー
・プラズマッドネス
・デスディナー",https://digimon.net/cimages/digimon/aegiochusmon:dark.jpg,False,0,完全体,,5,False,False,False,True,360,1f5662cab3abdf2ffda49e52998aaa978267b27f8df1fcedeb547436bb10eda2,True
aegiochusmon:green,https://digimon.net/reference/detail.php?directory_name=aegiochusmon:green,アイギオテュースモン：グリーン,AEGIOCHUSMON:GREEN,完全体,完全体,神人型,神人型,ワクチン,ワクチン,"・ブランブルバイト
・プラントゾーンクレイドル
・チャージングストライク",https://digimon.net/cimages/digimon/aegiochusmon:green.jpg,False,0,完全体,,5,False,False,False,True,441,e9f00f83cf954bdea6f0c141a0f7488bef6a988a463e2d2c65f66ccf7f138af4,True
aegiochusmon,https://digimon.net/reference/detail.php?directory_name=aegiochusmon,アイギオテュースモン,AEGIOCHUSMON,完全体,完全体,神人型,神人型,ワクチン,ワクチン,"・ボルトブレイクノックダウン
・ライトニングパイル
・チャージングストライク",https://digimon.net/cimages/digimon/aegiochusmon.jpg,False,0,完全体,,5,False,False,False,True,383,e4b73ad3fee0a37e731a2d57bb317dce2aa0e3bbcba7fb93f518c693b67cb3a2,True
waspmon,https://digimon.net/reference/detail.php?directory_name=waspmon,ワスプモン,WASPMON,成熟期,成熟期,サイボーグ型,サイボーグ型,ウィルス,ウィルス,"・ターボスティンガー
・ベアバスター",https://digimon.net/cimages/digimon/waspmon.jpg,False,0,成熟期,,4,True,False,False,True,286,89c1630e780df61ba000e829ab6851b0ea22d5b66d0e8863af6e1a99689c6998,True
reppamon,https://digimon.net/reference/detail.php?directory_name=reppamon,レッパモン,REPPAMON,成熟期,成熟期,聖獣型,聖獣型,ワクチン,ワクチン,"・駆駆裂空斬（くるくるれっくうざん）
・獣牙乱撃（じゅうがらんげき）
・真空カマイタチ",https://digimon.net/cimages/digimon/reppamon.jpg,False,0,成熟期,,4,False,False,False,True,284,cf7729fa3d7274a080efbc509674d72a53c2fc7f99c0f6bc231c78ab5ea503c5,True
redvegimon,https://digimon.net/reference/detail.php?directory_name=redvegimon,レッドベジーモン,REDVEGIMON,成熟期,成熟期,植物型,植物型,ウィルス,ウィルス,・ハザードブレス,https://digimon.net/cimages/digimon/redvegimon.jpg,False,0,成熟期,,4,False,False,False,True,207,cc0dc7dbb7adda9b5acb416f7b1e6aebdc4ea1314eb97246a8e1f2bf8e4c8f99,True
lekismon,https://digimon.net/reference/detail.php?directory_name=lekismon,レキスモン,LEKISMON,成熟期,成熟期,獣人型,獣人型,データ,データ,"・ムーンナイトボム
・ティアーアロー
・ムーンナイトキック",https://digimon.net/cimages/digimon/lekismon.jpg,False,0,成熟期,,4,False,False,False,True,208,53a5de205a505501412350ed2137125dfa51dc34b619bd1c3dde748fc2f97dfa,True
leomon,https://digimon.net/reference/detail.php?directory_name=leomon,レオモン,LEOMON,成熟期,成熟期,獣人型,獣人型,ワクチン,ワクチン,・獣王拳,https://digimon.net/cimages/digimon/leomon.jpg,False,0,成熟期,,4,False,False,False,True,191,38cb49b58f59a2260b9fbbed69d36536a47618a86396958b0ead818c13d97c47,True
raremon,https://digimon.net/reference/detail.php?directory_name=raremon,レアモン,RAREMON,成熟期,成熟期,アンデッド型,アンデッド型,ウィルス,ウィルス,・ヘドロ,https://digimon.net/cimages/digimon/raremon.jpg,False,0,成熟期,,4,False,False,False,True,195,2e1aa188913962851b65bdf5327a1a457f636efbd127df926a6abfcfda56d191,True
rukamon,https://digimon.net/reference/detail.php?directory_name=rukamon,ルカモン,RUKAMON,成熟期,成熟期,水棲哺乳類型,水棲哺乳類型,ワクチン,ワクチン,・シェイキングパルス,https://digimon.net/cimages/digimon/rukamon.jpg,False,0,成熟期,,4,False,False,False,True,210,c3eaaf68e83f7e47d5625af01ec27de314e1e587bd8da68ae85b92e4f1817650,True
revolmon,https://digimon.net/reference/detail.php?directory_name=revolmon,リボルモン,REVOLMON,成熟期,成熟期,突然変異型,突然変異型,ワクチン,ワクチン,・ジャスティスブリット,https://digimon.net/cimages/digimon/revolmon.jpg,False,0,成熟期,,4,False,False,False,True,265,8479af5094566b6a624910aaf90deb08d38165f88e48405fb8307fb90e295aef,True
raptordramon,https://digimon.net/reference/detail.php?directory_name=raptordramon,ラプタードラモン,RAPTORDRAMON,成熟期,成熟期,サイボーグ型,サイボーグ型,ワクチン,ワクチン,"・クラッシュチャージ
・アンブッシュクランチ",https://digimon.net/cimages/digimon/raptordramon.jpg,False,0,成熟期,,4,True,False,False,True,287,11d17423c650af0a5c60dd72ee0c49cf755791a4004d9d4578fc9a2713f45e41,True
liamon,https://digimon.net/reference/detail.php?directory_name=liamon,ライアモン,LIAMON,成熟期,成熟期,聖獣型,聖獣型,ワクチン,ワクチン,"・サンダーオブキング
・クリティカルストライク",https://digimon.net/cimages/digimon/liamon.jpg,False,0,成熟期,,4,False,False,False,True,206,e7a66c7ae9a68b38f7289360ecb8a4c27e4afc93a64739089b14065046bae275,True
youkomon,https://digimon.net/reference/detail.php?directory_name=youkomon,ヨウコモン,YOUKOMON,成熟期,成熟期,妖獣型,妖獣型,データ,データ,"・焔玉（ほむらだま）
・邪炎龍（じゃえんりゅう)",https://digimon.net/cimages/digimon/youkomon.jpg,True,1,成熟期,,4,False,False,False,True,199,0618fb5e9fd3e3d0e21367437c2224db69d0c50255a5004e650a4f57a5fe25fe,True
yunimon,https://digimon.net/reference/detail.php?directory_name=yunimon,ユニモン,YUNIMON,成熟期,成熟期,幻獣型,幻獣型,ワクチン,ワクチン,・ホーリーショット,https://digimon.net/cimages/digimon/yunimon.jpg,False,0,成熟期,,4,False,False,False,True,166,fbcad617dbd812215e8aacfa17033668fee8396f23d6e42a07e73a0cfe0e2df8,True
yukidarumon,https://digimon.net/reference/detail.php?directory_name=yukidarumon,ユキダルモン,YUKIDARUMON,成熟期,成熟期,氷雪型,氷雪型,ワクチン,ワクチン,・絶対零度パンチ,https://digimon.net/cimages/digimon/yukidarumon.jpg,False,0,成熟期,,4,False,False,False,True,165,3c20d5dbe7fc3fcbd2b2e768272b2253d65075392deaeb2eec5c97a62834e54d,True
monochromon,https://digimon.net/reference/detail.php?directory_name=monochromon,モノクロモン,MONOCHROMON,成熟期,成熟期,鎧竜型,鎧竜型,データ,データ,・ヴォルケーノストライク,https://digimon.net/cimages/digimon/monochromon.jpg,False,0,成熟期,,4,False,False,False,True,217,1abc3c98f11751e3d538049775306d3894d452f2cfab249b02e4000310e3227c,True
mojyamon,https://digimon.net/reference/detail.php?directory_name=mojyamon,モジャモン,MOJYAMON,成熟期,成熟期,珍獣型,珍獣型,ワクチン,ワクチン,"・アイスクルロッド
・骨骨ブーメラン",https://digimon.net/cimages/digimon/mojyamon.jpg,False,0,成熟期,,4,False,False,False,True,244,7fce63e0de0352038015062df60195cf5746843064508b77b12ab5fff6291096,True
meramon,https://digimon.net/reference/detail.php?directory_name=meramon,メラモン,MERAMON,成熟期,成熟期,火炎型,火炎型,データ,データ,・バーニングフィスト,https://digimon.net/cimages/digimon/meramon.jpg,False,0,成熟期,,4,False,False,False,True,203,a0f44c9c09e6b9b712e365e775ddec9451c729acdf96b2424cda1e39550dd16e,True
mechanorimon,https://digimon.net/reference/detail.php?directory_name=mechanorimon,メカノリモン,MECHANORIMON,成熟期,成熟期,マシーン型,マシーン型,ウィルス,ウィルス,"・ジャイロブレイク
・トゥインクルビーム",https://digimon.net/cimages/digimon/mechanorimon.jpg,False,0,成熟期,,4,False,False,False,True,280,29d75f936a354acf7ca44e1f6d44e3b79a6589110e9989cc19df1a24ca0a6b00,True
musyamon,https://digimon.net/reference/detail.php?directory_name=musyamon,ムシャモン,MUSYAMON,成熟期,成熟期,魔人型,魔人型,ウィルス,ウィルス,・切り捨て御免,https://digimon.net/cimages/digimon/musyamon.jpg,False,0,成熟期,,4,False,False,False,True,318,ab9563e67ad9d639f9b08a77adba0394ad906a181d20beff223487a7c187f5f5,True
minotaurmon,https://digimon.net/reference/detail.php?directory_name=minotaurmon,ミノタルモン,MINOTAURMON,成熟期,成熟期,獣人型,獣人型,ウィルス,ウィルス,・ダークサイドクェイク,https://digimon.net/cimages/digimon/minotaurmon.jpg,False,0,成熟期,,4,False,False,False,True,144,498825c792c3e8f5645c49b4685220cbe76095a95d270fcb458fb566b7b21eb6,True
mikemon,https://digimon.net/reference/detail.php?directory_name=mikemon,ミケモン,MIKEMON,成熟期,成熟期,獣型,獣型,データ,データ,"・肉球パンチ
・ネコクロー",https://digimon.net/cimages/digimon/mikemon.jpg,False,0,成熟期,,4,False,False,False,True,187,c13806a8924ab95198594208457e45bb5e2b4726704ccf181aaf44af356d0406,True
porcupamon,https://digimon.net/reference/detail.php?directory_name=porcupamon,ポキュパモン,PORCUPAMON,成熟期,成熟期,パペット型,パペット型,ウィルス,ウィルス,"・マッドネスブローチ
・スラップアンドリップ",https://digimon.net/cimages/digimon/porcupamon.jpg,False,0,成熟期,,4,False,False,False,True,215,9830a2cf89355a5440b5f1e626c86e5ceb84b5117bfa5965ca0d0011b11d58f2,True
peckmon,https://digimon.net/reference/detail.php?directory_name=peckmon,ペックモン,PECKMON,成熟期,成熟期,鳥型,鳥型,ワクチン,ワクチン,"・スパイラルクロー
・苦無羽（くないばね）
・サウザンドビーク",https://digimon.net/cimages/digimon/peckmon.jpg,False,0,成熟期,,4,False,False,False,True,152,c2132152874ed57d3ba35f35bae9d5a92fad2b56115a41cc78045e531364673f,True
vegimon,https://digimon.net/reference/detail.php?directory_name=vegimon,ベジーモン,VEGIMON,成熟期,成熟期,食虫植物型,食虫植物型,ウィルス,ウィルス,・ウンチ投げ,https://digimon.net/cimages/digimon/vegimon.jpg,False,0,成熟期,,4,False,False,False,True,156,825de7ad159de65e6188be28580e31b5367aca5f0f1b66e7743fd7994a0ae561,True
bladekuwagamon,https://digimon.net/reference/detail.php?directory_name=bladekuwagamon,ブレイドクワガーモン,BLADEKUWAGAMON,成熟期,成熟期,マシーン型,マシーン型,ウィルス,ウィルス,"・スパークブレイド
・エアーナイフ",https://digimon.net/cimages/digimon/bladekuwagamon.jpg,False,0,成熟期,,4,False,False,False,True,166,a8693853b19ae140f4ecf8374ab27f925b29608a49965418332a19f8050f575c,True
flarelizamon,https://digimon.net/reference/detail.php?directory_name=flarelizamon,フレアリザモン,FLARELIZAMON,成熟期,成熟期,火炎竜型,火炎竜型,データ,データ,"・フレイムヒット
・フレイムタワー",https://digimon.net/cimages/digimon/flarelizamon.jpg,False,0,成熟期,,4,False,False,False,True,240,f121c9beb4370c2d411445262fb6559e20ddee78b71f686b6be74d7da26aeffc,True
blimpmon,https://digimon.net/reference/detail.php?directory_name=blimpmon,ブリンプモン,BLIMPMON,成熟期,成熟期,マシーン型,マシーン型,データ,データ,"・ヘリウムボム
・ツェッペリンエクスプロージョン",https://digimon.net/cimages/digimon/blimpmon.jpg,False,0,成熟期,,4,False,False,False,True,166,83697bb834486f2383b2f14f8c73ca25164c7e174474a14c8e05e88874503bc2,True
blacktailmon,https://digimon.net/reference/detail.php?directory_name=blacktailmon,ブラックテイルモン,BLACKTAILMON,成熟期,成熟期,魔獣型,魔獣型,ウィルス,ウィルス,・ネコパンチ,https://digimon.net/cimages/digimon/blacktailmon.jpg,False,0,成熟期,,4,False,False,False,True,193,c88e63c8adaa5d3e488d3071ca99aefd1c81cfd4b877e9ed12f5927ed838308d,True
blackgrowmon,https://digimon.net/reference/detail.php?directory_name=blackgrowmon,ブラックグラウモン,BLACKGROWMON,成熟期,成熟期,魔竜型,魔竜型,ウィルス,ウィルス,"・プラズマブレイド
・エキゾーストフレイム",https://digimon.net/cimages/digimon/blackgrowmon.jpg,False,0,成熟期,,4,False,False,False,True,244,396acba090ccf20ec915f472257adf2510ec6ba8163b843e6e61f7f115f8839e,True
platinasukamon,https://digimon.net/reference/detail.php?directory_name=platinasukamon,プラチナスカモン,PLATINASUKAMON,成熟期,成熟期,突然変異型,突然変異型,ウィルス,ウィルス,・レアメタルウンチ,https://digimon.net/cimages/digimon/platinasukamon.jpg,False,0,成熟期,,4,False,False,False,True,128,b8102d1e559d4a6e04af78d8679270e09ebee2171bc7103551681e1c5235b2ec,True
flymon,https://digimon.net/reference/detail.php?directory_name=flymon,フライモン,FLYMON,成熟期,成熟期,昆虫型,昆虫型,ウィルス,ウィルス,・デッドリースティング,https://digimon.net/cimages/digimon/flymon.jpg,False,0,成熟期,,4,False,False,False,True,271,925fb378b77c51004faf12caf24ca522e41b109786746069a837264fd5e9324d,True
hookmon,https://digimon.net/reference/detail.php?directory_name=hookmon,フックモン,HOOKMON,成熟期,成熟期,突然変異型,突然変異型,ウィルス,ウィルス,・キャプテンキャノン,https://digimon.net/cimages/digimon/hookmon.jpg,False,0,成熟期,,4,False,False,False,True,128,56a40032aed66c144cf6f3aabea9da4072d58edee93e49b65d83447f9b80637e,True
boogiemon,https://digimon.net/reference/detail.php?directory_name=boogiemon,ブギーモン,BOOGIEMON,成熟期,成熟期,魔人型,魔人型,ウィルス,ウィルス,・デスクラッシュ,https://digimon.net/cimages/digimon/boogiemon.jpg,False,0,成熟期,,4,False,False,False,True,123,ae81a734364ae92a7ea843a191b5c997c48eee312b2870b06a4ec887de7959f7,True
fugamon,https://digimon.net/reference/detail.php?directory_name=fugamon,フーガモン,FUGAMON,成熟期,成熟期,鬼人型,鬼人型,ウィルス,ウィルス,・イビルハリケーン,https://digimon.net/cimages/digimon/fugamon.jpg,False,0,成熟期,,4,False,False,False,True,122,aa6dbfde2ce7a13c2aa07a7c94787d875294b7e0741b9af30595568c7a3b7509,True
v-dramon,https://digimon.net/reference/detail.php?directory_name=v-dramon,ブイドラモン,V-DRAMON,成熟期,成熟期,幻竜型,幻竜型,ワクチン,ワクチン,・ブイブレスアロー,https://digimon.net/cimages/digimon/v-dramon.jpg,False,0,成熟期,,4,False,False,False,True,258,5cf9f8b10c5a1352c904247b002dcc80ad2a6f6388341fe7afd80c37b520a7c0,True
fangmon,https://digimon.net/reference/detail.php?directory_name=fangmon,ファングモン,FANGMON,成熟期,成熟期,魔獣型,魔獣型,データ,データ,"・スナイプスティール
・ブラストコフィン",https://digimon.net/cimages/digimon/fangmon.jpg,False,0,成熟期,,4,False,False,False,True,214,8cf8657de7ee6a02d0ac0a609c517562219fff898faa51dcc34ecf6403e423ea,True
firamon,https://digimon.net/reference/detail.php?directory_name=firamon,ファイラモン,FIRAMON,成熟期,成熟期,獣型,獣型,ワクチン,ワクチン,"・フレイムダイブ
・ファイラクロー
・ファイラボム",https://digimon.net/cimages/digimon/firamon.jpg,False,0,成熟期,,4,False,False,False,True,158,cbf19e184cbcb24439eb9b60f5f0f279d70d186c156530bf36e6dca6e3aa782b,True
hyougamon,https://digimon.net/reference/detail.php?directory_name=hyougamon,ヒョーガモン,HYOUGAMON,成熟期,成熟期,氷雪型,氷雪型,ウィルス,ウィルス,・スノーパンチ,https://digimon.net/cimages/digimon/hyougamon.jpg,False,0,成熟期,,4,False,False,False,True,103,4ca422a292ec4631dacf4eb83eb45487dc85553147f31e7ed6f2110bcde85d1b,True
petermon,https://digimon.net/reference/detail.php?directory_name=petermon,ピーターモン,PETERMON,成熟期,成熟期,妖精型,妖精型,データ,データ,"・スナイプスティング
・トゥインクルシュート
・ミッドナイトファンタジア",https://digimon.net/cimages/digimon/petermon.jpg,False,0,成熟期,,4,False,False,False,True,335,374b7b354870eb7fbb406454e060f961e6bc3a01ec3ca45b1bdc90872782afab,True
hanumon,https://digimon.net/reference/detail.php?directory_name=hanumon,ハヌモン,HANUMON,成熟期,成熟期,獣人型,獣人型,ワクチン,ワクチン,・怒髪天（どはつてん）,https://digimon.net/cimages/digimon/hanumon.jpg,False,0,成熟期,,4,False,False,False,True,212,8d8ecdf14334d32e87a1e73ad1bf77c4a482dd1cdbd15e6dd5dc321da295ac98,True
bakemon,https://digimon.net/reference/detail.php?directory_name=bakemon,バケモン,BAKEMON,成熟期,成熟期,ゴースト型,ゴースト型,ウィルス,ウィルス,"・ヘルズハンド
・デスチャーム",https://digimon.net/cimages/digimon/bakemon.jpg,False,0,成熟期,,4,False,False,False,True,220,bf86ed3e748a49cf9b16700f9aa5ba150ff14bf76791505eed99fa5223500b04,True
baohuckmon,https://digimon.net/reference/detail.php?directory_name=baohuckmon,バオハックモン,BAOHUCKMON,成熟期,成熟期,恐竜型,恐竜型,データ,データ,"・フィフクロス
・ティーンブレイド
・バーンフレイム
・ドラグレスパイカー",https://digimon.net/cimages/digimon/baohuckmon.jpg,False,0,成熟期,,4,False,False,False,True,284,a7f71f4cb6032d41941d171c50fb963f16e11ac1492e19a6b18503f60421beea,True
birdramon,https://digimon.net/reference/detail.php?directory_name=birdramon,バードラモン,BIRDRAMON,成熟期,成熟期,巨鳥型,巨鳥型,ワクチン,ワクチン,・メテオウィング,https://digimon.net/cimages/digimon/birdramon.jpg,False,0,成熟期,,4,False,False,False,True,161,ffc238ad9ce69cd86dd1cb222e2d492162d8d073b96666c86d729be95a7d94fc,True
numemon,https://digimon.net/reference/detail.php?directory_name=numemon,ヌメモン,NUMEMON,成熟期,成熟期,軟体型,軟体型,ウィルス,ウィルス,・ウンチ投げ,https://digimon.net/cimages/digimon/numemon.jpg,False,0,成熟期,,4,False,False,False,True,126,9ac5570b3ac13f0cfa651aaced6bb7e9f7d2dda257e5d02b41412a45a3ac5895,True
nisedrimogemon,https://digimon.net/reference/detail.php?directory_name=nisedrimogemon,ニセドリモゲモン,NISEDRIMOGEMON,成熟期,成熟期,獣型,獣型,データ,データ,・ニセドリルスピン,https://digimon.net/cimages/digimon/nisedrimogemon.jpg,False,0,成熟期,,4,False,False,False,True,114,6da508faf4a1542683d882ebab5b36e84c60ee751d909842e532e8bb1ef3e4cb,True
nanimon,https://digimon.net/reference/detail.php?directory_name=nanimon,ナニモン,NANIMON,成熟期,成熟期,インベイド型,インベイド型,ウィルス,ウィルス,"・ウンチ
・ウンチダンク",https://digimon.net/cimages/digimon/nanimon.jpg,False,0,成熟期,,4,False,False,False,True,227,1ee58a95f308dfe32120bbf6bbc2d4ac4e82c0848bee23d3d1ced4a31db4c9d2,True
knightchessmon,https://digimon.net/reference/detail.php?directory_name=knightchessmon,ナイトチェスモン（白）,KNIGHTCHESSMON,成熟期,成熟期,パペット型,パペット型,ウィルス,ウィルス,"・ビッグダーツ
・ギャロップホール
・ナイトランサー",https://digimon.net/cimages/digimon/knightchessmon.jpg,False,0,成熟期,,4,False,False,False,True,141,abac52f0e8ea98a5ce8422d6b64a97336ee676a9e5e45dbc839b432f86f43868,True
knightchessmon_black,https://digimon.net/reference/detail.php?directory_name=knightchessmon_black,ナイトチェスモン（黒）,KNIGHTCHESSMON_BLACK,成熟期,成熟期,パペット型,パペット型,ウィルス,ウィルス,"・ビッグダーツ
・ギャロップホール
・ナイトランサー",https://digimon.net/cimages/digimon/knightchessmon_black.jpg,False,0,成熟期,,4,False,False,False,True,141,abac52f0e8ea98a5ce8422d6b64a97336ee676a9e5e45dbc839b432f86f43868,True
dorugamon,https://digimon.net/reference/detail.php?directory_name=dorugamon,ドルガモン,DORUGAMON,成熟期,成熟期,獣竜型,獣竜型,データ,データ,"・キャノンボール
・パワーメタル",https://digimon.net/cimages/digimon/dorugamon.jpg,False,0,成熟期,,4,True,False,False,True,238,4439000ad8e5c82288a0ca21f087f70fc0629529140af803b84e2d4fbe4a9373,True
drimogemon,https://digimon.net/reference/detail.php?directory_name=drimogemon,ドリモゲモン,DRIMOGEMON,成熟期,成熟期,獣型,獣型,データ,データ,"・ドリルスピン
・クラッシャーボーン",https://digimon.net/cimages/digimon/drimogemon.jpg,False,0,成熟期,,4,False,False,False,True,178,d70bbbfac2d26ec2113e41d020df52b0ba3abd917aab216c0b6a586cb0d119d5,True
tobucatmon,https://digimon.net/reference/detail.php?directory_name=tobucatmon,トブキャットモン,TOBUCATMON,成熟期,成熟期,パペット型,パペット型,データ,データ,"・トブトブフェニックス
・グルグルファイト",https://digimon.net/cimages/digimon/tobucatmon.jpg,False,0,成熟期,,4,True,False,False,True,281,706e6426be2af4155b89fb570ea2a14464b0305a7f678cbd1733c7c4ca994cb0,True
dogmon,https://digimon.net/reference/detail.php?directory_name=dogmon,ドッグモン,DOGMON,成熟期,成熟期,パペット型,パペット型,データ,データ,"・ジステン・ハウリング
・ウルトラかみつく",https://digimon.net/cimages/digimon/dogmon.jpg,False,0,成熟期,,4,False,False,False,True,251,000bcba75be1ef79f9239fcbbb8b47a3fecedc36a03f27fe5867f286eccea4b5,True
togemon,https://digimon.net/reference/detail.php?directory_name=togemon,トゲモン,TOGEMON,成熟期,成熟期,植物型,植物型,データ,データ,・チクチクバンバン,https://digimon.net/cimages/digimon/togemon.jpg,False,0,成熟期,,4,False,False,False,True,198,b07263fadea65d531d79f4920ea6c38f91b6c0682f9a22b11ddb5a38bce159b9,True
dokugumon,https://digimon.net/reference/detail.php?directory_name=dokugumon,ドクグモン,DOKUGUMON,成熟期,成熟期,昆虫型,昆虫型,ウィルス,ウィルス,・スティンガー・ポレーション,https://digimon.net/cimages/digimon/dokugumon.jpg,False,0,成熟期,,4,False,False,False,True,320,259fe774f40a15178d0df17f6a6a94154b822ead9cbb5ee4dff08452ce841bc5,True
dobermon,https://digimon.net/reference/detail.php?directory_name=dobermon,ドーベルモン,DOBERMON,成熟期,成熟期,魔獣型,魔獣型,ワクチン,ワクチン,"・グラオ・レルム
・シュヴァルツ・シュトラール",https://digimon.net/cimages/digimon/dobermon.jpg,False,0,成熟期,,4,False,False,False,True,173,c7e8af0dc3a99cb19344217a14006941b0e63aa038dfc736fb4c6e8ee1e94e7a,True
tortamon,https://digimon.net/reference/detail.php?directory_name=tortamon,トータモン,TORTAMON,成熟期,成熟期,爬虫類型,爬虫類型,ワクチン,ワクチン,・シェルファランクス,https://digimon.net/cimages/digimon/tortamon.jpg,False,0,成熟期,,4,False,False,False,True,196,b4b978a20ea8d0a953b4d35d3c4f1870e66d22bb3882fa887c05e32c77bcaab9,True
turuiemon,https://digimon.net/reference/detail.php?directory_name=turuiemon,トゥルイエモン,TURUIEMON,成熟期,成熟期,獣人型,獣人型,データ,データ,・巌兎烈斗（ガントレット）,https://digimon.net/cimages/digimon/turuiemon.jpg,False,0,成熟期,,4,False,False,False,True,209,1d3b39eb14ca59baa44e6c062abcf064c6d63b6973d36981c022545c4a861ea0,True
deltamon,https://digimon.net/reference/detail.php?directory_name=deltamon,デルタモン,DELTAMON,成熟期,成熟期,合成型,合成型,ウィルス,ウィルス,"・トリプレックスフォース
・スカルファング",https://digimon.net/cimages/digimon/deltamon.jpg,False,0,成熟期,,4,False,False,False,True,260,cc61310708da5b6b065102bd973f41844c5493ec07813d7b752045a03ce52ae2,True
devimon,https://digimon.net/reference/detail.php?directory_name=devimon,デビモン,DEVIMON,成熟期,成熟期,堕天使型,堕天使型,ウィルス,ウィルス,・デスクロウ,https://digimon.net/cimages/digimon/devimon.jpg,False,0,成熟期,,4,False,False,False,True,220,100c8ee52b80c839660c926feed7041abbc9869868d4d317cba75e3befaca725,True
devidramon,https://digimon.net/reference/detail.php?directory_name=devidramon,デビドラモン,DEVIDRAMON,成熟期,成熟期,邪竜型,邪竜型,ウィルス,ウィルス,・クリムゾンネイル,https://digimon.net/cimages/digimon/devidramon.jpg,False,0,成熟期,,4,False,False,False,True,320,0f1282afb98868dc3d64f3d5cbc1723bdac6b20162ddfb331e0925a14d7bed5b,True
death-x-dorugamon,https://digimon.net/reference/detail.php?directory_name=death-x-dorugamon,デクスドルガモン,DEATH-X-DORUGAMON,成熟期,成熟期,アンデッド型,アンデッド型,ウィルス,ウィルス,"・キャノンボール
・メタルキャスト",https://digimon.net/cimages/digimon/death-x-dorugamon.jpg,False,0,成熟期,,4,True,False,False,True,175,ba7c54a3b8e56c66f2ceeb2b0518e0863a38f7348593b6eadc1f9ec3887c1452,True
tailmon,https://digimon.net/reference/detail.php?directory_name=tailmon,テイルモン,TAILMON,成熟期,成熟期,聖獣型,聖獣型,ワクチン,ワクチン,"・ネコパンチ
・キャッツ・アイ",https://digimon.net/cimages/digimon/tailmon.jpg,False,0,成熟期,,4,False,False,False,True,232,d0703c6b60a07367722c1ac266c44f538326976fd77fd62c3400e47e6377cad0,True
tyranomon,https://digimon.net/reference/detail.php?directory_name=tyranomon,ティラノモン,TYRANOMON,成熟期,成熟期,恐竜型,恐竜型,データ,データ,・ファイアーブレス,https://digimon.net/cimages/digimon/tyranomon.jpg,False,0,成熟期,,4,False,False,False,True,171,47a40567a53b7b03c29e83f6f745d5e3203835ea2d59f328f0378c2af6993bb2,True
diatrymon,https://digimon.net/reference/detail.php?directory_name=diatrymon,ディアトリモン,DIATRYMON,成熟期,成熟期,古代鳥型,古代鳥型,ワクチン,ワクチン,"・メガダッシュインパクト
・デストラクションロアー",https://digimon.net/cimages/digimon/diatrymon.jpg,False,0,成熟期,,4,False,False,False,True,253,52074641adee4ecdc8252940fb46dc801cacf2a74407cbd18ce3803f76efc31d,True
tuchidarumon,https://digimon.net/reference/detail.php?directory_name=tuchidarumon,ツチダルモン,TUCHIDARUMON,成熟期,成熟期,突然変異型,突然変異型,データ,データ,・グレートウェイト,https://digimon.net/cimages/digimon/tuchidarumon.jpg,False,0,成熟期,,4,False,False,False,True,131,72238356af4c1b6fe2d2a99d52bfb190d4e66be696d9d99116121d0338e86c49,True
tankmon,https://digimon.net/reference/detail.php?directory_name=tankmon,タンクモン,TANKMON,成熟期,成熟期,サイボーグ型,サイボーグ型,データ,データ,・ハイパーキャノン,https://digimon.net/cimages/digimon/tankmon.jpg,False,0,成熟期,,4,False,False,False,True,201,bd986d80f11874a4bbcb3c77ac4659aca0c06de1e0245bb38e172837db50d537,True
darcmon,https://digimon.net/reference/detail.php?directory_name=darcmon,ダルクモン,DARCMON,成熟期,成熟期,天使型,天使型,ワクチン,ワクチン,"・ラ・ピュセル
・バテーム・デ・アムール",https://digimon.net/cimages/digimon/darcmon.jpg,False,0,成熟期,,4,False,False,False,True,101,6ffcb51bb3c539d54334eba9f78e8d374acec363add30026fec0ec0a9e577b5f,True
tuskmon,https://digimon.net/reference/detail.php?directory_name=tuskmon,タスクモン,TUSKMON,成熟期,成熟期,恐竜型,恐竜型,ウィルス,ウィルス,・パンツァーナックル,https://digimon.net/cimages/digimon/tuskmon.jpg,False,0,成熟期,,4,False,False,False,True,265,b78d389b9b72afc4fbd2c2e241fd067f121284e68125f4e47cb75b65af3d984a,True
targetmon,https://digimon.net/reference/detail.php?directory_name=targetmon,ターゲットモン,TARGETMON,成熟期,成熟期,パペット型,パペット型,ウィルス,ウィルス,"・電撃ハグハグスニーカー
・トンガリヘッド
・アンニャセレナーデ",https://digimon.net/cimages/digimon/targetmon.jpg,False,0,成熟期,,4,False,False,False,True,208,3ed85772e7c800474105696487e5fa0d5bcf58fbaa372a0b3dfda5757f721552,True
darklizamon,https://digimon.net/reference/detail.php?directory_name=darklizamon,ダークリザモン,DARKLIZAMON,成熟期,成熟期,邪竜型,邪竜型,ウィルス,ウィルス,・ドレッドファイア,https://digimon.net/cimages/digimon/darklizamon.jpg,False,0,成熟期,,4,False,False,False,True,80,121420da50187c7d380ce78f31c170b8dbbd5b86cd70d1e284779f96214c2ce5,True
darktyranomon,https://digimon.net/reference/detail.php?directory_name=darktyranomon,ダークティラノモン,DARKTYRANOMON,成熟期,成熟期,恐竜型,恐竜型,ウィルス,ウィルス,・ファイアーブラスト,https://digimon.net/cimages/digimon/darktyranomon.jpg,False,0,成熟期,,4,False,False,False,True,215,92137140565449fc234ee69441d038adeb5624cda68e0f53ed0c888d622e05ec,True
sorcerimon,https://digimon.net/reference/detail.php?directory_name=sorcerimon,ソーサリモン,SORCERIMON,成熟期,成熟期,魔人型,魔人型,ワクチン,ワクチン,・クリスタルクラウド,https://digimon.net/cimages/digimon/sorcerimon.jpg,False,0,成熟期,,4,False,False,False,True,126,3ed7dd999e48f5f5f7d2205987893efc249fd12250914a27af3b5263dddd9c7c,True
soulmon,https://digimon.net/reference/detail.php?directory_name=soulmon,ソウルモン,SOULMON,成熟期,成熟期,ゴースト型,ゴースト型,ウィルス,ウィルス,・ネクロマジック,https://digimon.net/cimages/digimon/soulmon.jpg,False,0,成熟期,,4,False,False,False,True,128,54641c101221067399a33cdbd7f4579b99ecf4da539cf93c6e34f120e5f43c0a,True
saberdramon,https://digimon.net/reference/detail.php?directory_name=saberdramon,セーバードラモン,SABERDRAMON,成熟期,成熟期,巨鳥型,巨鳥型,ワクチン,ワクチン,・ブラックセーバー,https://digimon.net/cimages/digimon/saberdramon.jpg,False,0,成熟期,,4,False,False,False,True,77,4b58b86765acd3a21035ef795d9196887d0ce97133f685ac770c414741768ca9,True
zubaeagermon,https://digimon.net/reference/detail.php?directory_name=zubaeagermon,ズバイガーモン,ZUBAEAGERMON,成熟期,成熟期,武器型,武器型,ワクチン,ワクチン,"・Road T(w)o Decade
・ヴァンシオン",https://digimon.net/cimages/digimon/zubaeagermon.jpg,False,0,成熟期,,4,False,False,False,True,221,5c5085f7155c0da7e860de5f740bff6f74035940bf200304c864413ff11cf6eb,True
snimon,https://digimon.net/reference/detail.php?directory_name=snimon,スナイモン,SNIMON,成熟期,成熟期,昆虫型,昆虫型,ワクチン,ワクチン,・シャドウ・シックル,https://digimon.net/cimages/digimon/snimon.jpg,False,0,成熟期,,4,False,False,False,True,237,624b21b3f876916c6ac0cace64605ef91688867d43622bc4b7374ed4d8389cdf,True
strikedramon,https://digimon.net/reference/detail.php?directory_name=strikedramon,ストライクドラモン,STRIKEDRAMON,成熟期,成熟期,竜人型,竜人型,ワクチン,ワクチン,・ストライクファング,https://digimon.net/cimages/digimon/strikedramon.jpg,False,0,成熟期,,4,False,False,False,True,232,b7be94eacbb9685dec6584be9cce9fcdc8a32860dcf607354848bf0ee9a1e4f2,True
stingmon,https://digimon.net/reference/detail.php?directory_name=stingmon,スティングモン,STINGMON,成熟期,成熟期,昆虫型,昆虫型,フリー,フリー,・スパイキングフィニッシュ,https://digimon.net/cimages/digimon/stingmon.jpg,False,0,成熟期,,4,False,False,False,True,175,42546a83a1322877352968745ec60ff79d10a24104f3746f8cae963c6429182d,True
starmon,https://digimon.net/reference/detail.php?directory_name=starmon,スターモン,STARMON,成熟期,成熟期,突然変異型,突然変異型,データ,データ,・メテオスコール,https://digimon.net/cimages/digimon/starmon.jpg,False,0,成熟期,,4,False,False,False,True,223,b8ab8aa0fe3269322d3eab03addc05c6307b6be6f697370163660572fbd72d6a,True
scumon,https://digimon.net/reference/detail.php?directory_name=scumon,スカモン,SCUMON,成熟期,成熟期,ミュータント型,ミュータント型,ウィルス,ウィルス,・ウンチ,https://digimon.net/cimages/digimon/scumon.jpg,False,0,成熟期,,4,False,False,False,True,203,4dc819607f7b7bfce459a753d39ae46c6007e9b3cde0ced533aceb004a4c15e1,True
junglemojamon,https://digimon.net/reference/detail.php?directory_name=junglemojamon,ジャングルモジャモン,JUNGLEMOJAMON,成熟期,成熟期,珍獣型,珍獣型,データ,データ,・ジャングルパンチ,https://digimon.net/cimages/digimon/junglemojamon.jpg,False,0,成熟期,,4,False,False,False,True,93,326b2c072b37d719aca5b565e51133b660b8cb1c4939df2923ec5ab26844e736,True
shimaunimon,https://digimon.net/reference/detail.php?directory_name=shimaunimon,シマユニモン,SHIMAUNIMON,成熟期,成熟期,幻獣型,幻獣型,ワクチン,ワクチン,・ラスターショット,https://digimon.net/cimages/digimon/shimaunimon.jpg,False,0,成熟期,,4,False,False,False,True,138,2ed39fca85cead292fe0c05c7b09ec1f53aa6e21cce36c2ef4f7253cfaa79e81,True
sistermonnoir,https://digimon.net/reference/detail.php?directory_name=sistermonnoir,シスタモン ノワール,SISTERMONNOIR,成熟期,成熟期,パペット型,パペット型,ウィルス,ウィルス,"・ミッキーバレット
・ブレスファイア
・グランドシスタークルス",https://digimon.net/cimages/digimon/sistermonnoir.jpg,False,0,成熟期,,4,False,False,False,True,347,b288cd2786a03923e29b7d281e81f75e111a60d3f0e0db9e7d4389b1a876510d,True
geogreymon,https://digimon.net/reference/detail.php?directory_name=geogreymon,ジオグレイモン,GEOGREYMON,成熟期,成熟期,恐竜型,恐竜型,ワクチン,ワクチン,"・メガフレイム
・メガバースト
・ホーンインパルス",https://digimon.net/cimages/digimon/geogreymon.jpg,False,0,成熟期,,4,False,False,False,True,170,07b4c4393b6b1ab05a3addcf487f06b2627a626934a229bbe7088af7c8ae4550,True
shellmon,https://digimon.net/reference/detail.php?directory_name=shellmon,シェルモン,SHELLMON,成熟期,成熟期,軟体型,軟体型,データ,データ,・ハイドロプレッシャー,https://digimon.net/cimages/digimon/shellmon.jpg,False,0,成熟期,,4,False,False,False,True,221,5f181d83290cdf8e2eaccb94136a1a6daf248b84b59c40b07c71fa767e84ebd1,True
shademon,https://digimon.net/reference/detail.php?directory_name=shademon,シェイドモン,SHADEMON,成熟期,成熟期,種族不明,種族不明,ウィルス,ウィルス,"・フリーデスフォール
・キルミー",https://digimon.net/cimages/digimon/shademon.jpg,False,0,成熟期,,4,False,False,False,True,157,9f398f1196248aa74c65df7e2b99a572f75da0233ffe580d794cb0b9498685bf,True
sealsdramon,https://digimon.net/reference/detail.php?directory_name=sealsdramon,シールズドラモン,SEALSDRAMON,成熟期,成熟期,サイボーグ型,サイボーグ型,ウィルス,ウィルス,"・デスビハインド
・スカウターモノアイ",https://digimon.net/cimages/digimon/sealsdramon.jpg,False,0,成熟期,,4,False,False,False,True,204,f35a61b8a03d46dab9a8d6a906b27574dffbaebf52ce4c0e6fcb0e51f577dae4,True
coelamon,https://digimon.net/reference/detail.php?directory_name=coelamon,シーラモン,COELAMON,成熟期,成熟期,古代魚型,古代魚型,データ,データ,・ヴァリアブルダーツ,https://digimon.net/cimages/digimon/coelamon.jpg,False,0,成熟期,,4,False,False,False,True,204,a57e1233efd2ae9af15a08355c470d45a1c32603500f4df943cbfbc3a40c38ca,True
seadramon,https://digimon.net/reference/detail.php?directory_name=seadramon,シードラモン,SEADRAMON,成熟期,成熟期,水棲型,水棲型,データ,データ,・アイスアロー,https://digimon.net/cimages/digimon/seadramon.jpg,False,0,成熟期,,4,False,False,False,True,140,4b7fa547cc51008a58adb03242ca3503246ab800b4b973958dd246ee90803230,True
siesamon,https://digimon.net/reference/detail.php?directory_name=siesamon,シーサモン,SIESAMON,成熟期,成熟期,聖獣型,聖獣型,ワクチン,ワクチン,"・石敢当（せっかんとう）
・ティーダ・イヤ",https://digimon.net/cimages/digimon/siesamon.jpg,False,0,成熟期,,4,False,False,False,True,256,096d7865859df8009b1ebd352d24e1da14e63371da2ded9afe8186353bf8dd45,True
sunflowmon,https://digimon.net/reference/detail.php?directory_name=sunflowmon,サンフラウモン,SUNFLOWMON,成熟期,成熟期,植物型,植物型,データ,データ,"・サンシャインビーム
・スマイリービンタ
・カクタステイル",https://digimon.net/cimages/digimon/sunflowmon.jpg,False,0,成熟期,,4,False,False,False,True,179,3654ee39fd8da793a4f7f83cc1bfde4343e057a2597b5c97e5748123359e708b,True
thunderballmon,https://digimon.net/reference/detail.php?directory_name=thunderballmon,サンダーボールモン,THUNDERBALLMON,成熟期,成熟期,突然変異型,突然変異型,データ,データ,・サンダーボール,https://digimon.net/cimages/digimon/thunderballmon.jpg,False,0,成熟期,,4,False,False,False,True,110,3dbabe6e6c81e7116ed1c85d49131fb915e44c43bea3f80315e0d07f574edb00,True
sangloupmon,https://digimon.net/reference/detail.php?directory_name=sangloupmon,サングルゥモン,SANGLOUPMON,成熟期,成熟期,魔獣型,魔獣型,ウィルス,ウィルス,"・スティッカーブレイド
・ブラックマインド",https://digimon.net/cimages/digimon/sangloupmon.jpg,False,0,成熟期,,4,False,False,False,True,293,4ae56e180f24028fe404f255a875329a64c26c1edb2a9e576136c3e3ca391277,True
zassoumon,https://digimon.net/reference/detail.php?directory_name=zassoumon,ザッソーモン,ZASSOUMON,成熟期,成熟期,植物型,植物型,ウィルス,ウィルス,・スクイーズバイン,https://digimon.net/cimages/digimon/zassoumon.jpg,False,0,成熟期,,4,False,False,False,True,97,a7902473a182a3dfd823bd27f26d835865126de43799bf92345197913be1b03a,True
cyclomon,https://digimon.net/reference/detail.php?directory_name=cyclomon,サイクロモン,CYCLOMON,成熟期,成熟期,竜人型,竜人型,ウィルス,ウィルス,・ハイパーヒート,https://digimon.net/cimages/digimon/cyclomon.jpg,False,0,成熟期,,4,False,False,False,True,165,3a5d75e46c9585a3b1fbe06a9ae5d806ca1fc0e98ea30843fe1b525afeb578b3,True
gorimon,https://digimon.net/reference/detail.php?directory_name=gorimon,ゴリモン,GORIMON,成熟期,成熟期,獣人型,獣人型,データ,データ,・パワーアタック,https://digimon.net/cimages/digimon/gorimon.jpg,False,0,成熟期,,4,False,False,False,True,143,312a5e75bb0236f97809c819b180d38a28a5de7d36af343f8cb8561a8908f131,True
gokimon,https://digimon.net/reference/detail.php?directory_name=gokimon,ゴキモン,GOKIMON,成熟期,成熟期,昆虫型,昆虫型,ウィルス,ウィルス,・ドリームダスト,https://digimon.net/cimages/digimon/gokimon.jpg,False,0,成熟期,,4,False,False,False,True,122,9007bc2cd197748e1809465f5fcce9ee592beee3453e7426ec46552272a8354b,True
golemon,https://digimon.net/reference/detail.php?directory_name=golemon,ゴーレモン,GOLEMON,成熟期,成熟期,鉱物型,鉱物型,ウィルス,ウィルス,"・カース・クリムゾン
・ゴーレムパンチ",https://digimon.net/cimages/digimon/golemon.jpg,False,0,成熟期,,4,False,False,False,True,141,4af0f0bef51f10287df5a0a605e0f00c939f9ba8a8c04d71e2b24e23c1ba0423,True
cockatrimon,https://digimon.net/reference/detail.php?directory_name=cockatrimon,コカトリモン,COCKATRIMON,成熟期,成熟期,巨鳥型,巨鳥型,データ,データ,・ペトラファイアー,https://digimon.net/cimages/digimon/cockatrimon.jpg,False,0,成熟期,,4,False,False,False,True,214,0f38914afcc5d5b55f6ebe422fcab608cf9771df654f2646723775d6917b5009,True
kougamon,https://digimon.net/reference/detail.php?directory_name=kougamon,コウガモン,KOUGAMON,成熟期,成熟期,突然変異型,突然変異型,データ,データ,・コウガ流影分身,https://digimon.net/cimages/digimon/kougamon.jpg,False,0,成熟期,,4,False,False,False,True,126,5e2f4dacad5a3cdd2efc67af7a536e3e81f0f82473f309c288a48888857188c3,True
coredramon_g,https://digimon.net/reference/detail.php?directory_name=coredramon_g,コアドラモン（緑）,COREDRAMON_G,成熟期,成熟期,竜型,竜型,ウィルス,ウィルス,"・グリーンフレアブレス
・ストライクボマー
・ジ・シュルネン-Ⅱ",https://digimon.net/cimages/digimon/coredramon_g.jpg,False,0,成熟期,,4,False,False,False,True,508,63d02ccbfbe7fcdf8979c1bade455bb2279b0091d7c81088128ac53353239267,True
coredramon_b,https://digimon.net/reference/detail.php?directory_name=coredramon_b,コアドラモン（青）,COREDRAMON_B,成熟期,成熟期,竜型,竜型,ワクチン,ワクチン,"・ブルーフレアブレス
・ストライクボマー
・ジ・シュルネン-Ⅱ",https://digimon.net/cimages/digimon/coredramon_b.jpg,False,0,成熟期,,4,False,False,False,True,483,5a94c6ec690a357230a23b88d99cd3a4d110e3fd1579dc88c345a4f17e0c8066,True
centalmon,https://digimon.net/reference/detail.php?directory_name=centalmon,ケンタルモン,CENTALMON,成熟期,成熟期,獣人型,獣人型,データ,データ,・ハンティングキャノン,https://digimon.net/cimages/digimon/centalmon.jpg,False,0,成熟期,,4,False,False,False,True,254,2318526c56dbf9772ea5cd1bffc572b650652c70852531e7e21a429a3071b525,True
geremon,https://digimon.net/reference/detail.php?directory_name=geremon,ゲレモン,GEREMON,成熟期,成熟期,軟体型,軟体型,ウィルス,ウィルス,・ハイパースメル,https://digimon.net/cimages/digimon/geremon.jpg,False,0,成熟期,,4,False,False,False,True,132,48ee5f77526b6796503c0aa683b5aafe22aea77b24cf2689dcebb50c07b7dee6,True
gesomon,https://digimon.net/reference/detail.php?directory_name=gesomon,ゲソモン,GESOMON,成熟期,成熟期,軟体型,軟体型,ウィルス,ウィルス,"・デビルバッシング
・デッドリーシェード",https://digimon.net/cimages/digimon/gesomon.jpg,False,0,成熟期,,4,False,False,False,True,236,bff60bea9f964a979a9a3119686571ee172ecb11cdc2d0f84a222961d4ae8ccc,True
kuwagamon,https://digimon.net/reference/detail.php?directory_name=kuwagamon,クワガーモン,KUWAGAMON,成熟期,成熟期,昆虫型,昆虫型,ウィルス,ウィルス,・シザーアームズ,https://digimon.net/cimages/digimon/kuwagamon.jpg,False,0,成熟期,,4,False,False,False,True,201,3d790d10abcf80206a7baa3e6283946415fb9e123a944acb4452a9d355a1436d,True
clockmon,https://digimon.net/reference/detail.php?directory_name=clockmon,クロックモン,CLOCKMON,成熟期,成熟期,マシーン型,マシーン型,データ,データ,・クロノブレーカー,https://digimon.net/cimages/digimon/clockmon.jpg,False,0,成熟期,,4,False,False,False,True,254,99f46d9ef7989925f32cc4e432b776f5b3b932e47439d73dd0bb1c34cfaa6baa,True
greymon-first,https://digimon.net/reference/detail.php?directory_name=greymon-first,グレイモン,GREYMON,成熟期,成熟期,恐竜型,恐竜型,ワクチン,ワクチン,・メガフレイム,https://digimon.net/cimages/digimon/greymon-first.jpg,False,0,成熟期,,4,False,False,False,True,142,9744641b3c8bde9af905bfa45d93af7867bb0aa901a473b6d8b371562d8604a9,True
gururumon,https://digimon.net/reference/detail.php?directory_name=gururumon,グルルモン,GURURUMON,成熟期,成熟期,獣型,獣型,ワクチン,ワクチン,・カオスファイアー,https://digimon.net/cimages/digimon/gururumon.jpg,False,0,成熟期,,4,False,False,False,True,78,294fef97cbaa59b823fb4c7ca2c33efa16e777b06a64a43837b99388051b3003,True
gryzmon,https://digimon.net/reference/detail.php?directory_name=gryzmon,グリズモン,GRYZMON,成熟期,成熟期,獣型,獣型,ワクチン,ワクチン,・当身返し,https://digimon.net/cimages/digimon/gryzmon.jpg,False,0,成熟期,,4,False,False,False,True,265,24c59ca107647a6e331a9bd3e2eb70664c28d29035b5a4f57e46853d8faa0e8f,True
chrysalimon,https://digimon.net/reference/detail.php?directory_name=chrysalimon,クリサリモン,CHRYSALIMON,成熟期,成熟期,種族不明,種族不明,不明,不明,・データクラッシャー,https://digimon.net/cimages/digimon/chrysalimon.jpg,False,0,成熟期,,4,False,False,False,True,215,5231eaf9a8bbd69a868eca9cbfd2dd8306ee90c8a64f77b705d1e9100c3fbf6e,True
growmon,https://digimon.net/reference/detail.php?directory_name=growmon,グラウモン,GROWMON,成熟期,成熟期,魔竜型,魔竜型,ウィルス,ウィルス,"・プラズマブレイド
・エキゾーストフレイム",https://digimon.net/cimages/digimon/growmon.jpg,False,0,成熟期,,4,False,False,False,True,235,67f324e20150898bb43f1069ee2019c7c5535d41faf68f62e67ba3fc943d8505,True
ginryumon,https://digimon.net/reference/detail.php?directory_name=ginryumon,ギンリュウモン,GINRYUMON,成熟期,成熟期,獣竜型,獣竜型,ワクチン,ワクチン,"・棒陣破（ぼうじんは）
・徹甲刃（てっこうじん）",https://digimon.net/cimages/digimon/ginryumon.jpg,False,0,成熟期,,4,True,False,False,True,250,3f64778419c4feef59458ae1540ae27745977c7fccd2d681dd5df986de18a5c6,True
ginkakumon,https://digimon.net/reference/detail.php?directory_name=ginkakumon,ギンカクモン,GINKAKUMON,成熟期,成熟期,鬼人型,鬼人型,ウィルス,ウィルス,"・鬼炎弾（きえんだん）
・逆撃炎弾（ぎゃくげきえんだん）
・銀角突貫（ぎんかくとっかん）
・金銀雷鳴撃（きんぎんらいめいげき）",https://digimon.net/cimages/digimon/ginkakumon.jpg,False,0,成熟期,,4,False,False,False,True,452,d72e08c3b9b643d818e97a5520f9e87cb657c2afc6b71d60882e2ea209bdb456,True
kinkakumon,https://digimon.net/reference/detail.php?directory_name=kinkakumon,キンカクモン,KINKAKUMON,成熟期,成熟期,鬼人型,鬼人型,ウィルス,ウィルス,"・鬼爆葬（きばくそう）
・怒気怒鬼怒灸（ドキドキドキューン）
・雷光鬼蹴（らいこうきしゅう）",https://digimon.net/cimages/digimon/kinkakumon.jpg,False,0,成熟期,,4,False,False,False,True,367,651104b608da6522cbadadd18298d24260a53a604160b62b8fbd1521a2e66c86,True
kyubimon,https://digimon.net/reference/detail.php?directory_name=kyubimon,キュウビモン,KYUBIMON,成熟期,成熟期,妖獣型,妖獣型,データ,データ,"・鬼火玉（おにびだま）
・狐炎龍（こえんりゅう）",https://digimon.net/cimages/digimon/kyubimon.jpg,False,0,成熟期,,4,False,False,False,True,261,5a45984414a07df945f361a4faedf1006f0b2954ea0f782a856178068b1fc1a9,True
kiwimon,https://digimon.net/reference/detail.php?directory_name=kiwimon,キウイモン,KIWIMON,成熟期,成熟期,古代鳥型,古代鳥型,データ,データ,・リトルペッカ－,https://digimon.net/cimages/digimon/kiwimon.jpg,False,0,成熟期,,4,False,False,False,True,281,4fab9bfe909779b1ae4260e1a8de0ac8121cecc8880f71c64546898fc2933451,True
gawappamon,https://digimon.net/reference/detail.php?directory_name=gawappamon,ガワッパモン,GAWAPPAMON,成熟期,成熟期,サイボーグ型,サイボーグ型,データ,データ,"・ＤＪシューター
・ガワッパンチ
・ガワッパラッパー",https://digimon.net/cimages/digimon/gawappamon.jpg,False,0,成熟期,,4,False,False,False,True,175,ad916f010744bfab50f7ab580ad59c3aafbffe9258f4367b55d4e7133a3a9448,True
garurumon,https://digimon.net/reference/detail.php?directory_name=garurumon,ガルルモン,GARURUMON,成熟期,成熟期,獣型,獣型,ワクチン,ワクチン,・フォックスファイアー,https://digimon.net/cimages/digimon/garurumon.jpg,False,0,成熟期,,4,False,False,False,True,244,f19e24f563aae16ec78b4143adacb83adb46e4306e27ecfa8eaf1280f6a12432,True
galgomon,https://digimon.net/reference/detail.php?directory_name=galgomon,ガルゴモン,GALGOMON,成熟期,成熟期,獣人型,獣人型,ワクチン,ワクチン,"・ガトリングアーム
・ダムダムアッパー",https://digimon.net/cimages/digimon/galgomon.jpg,False,0,成熟期,,4,False,False,False,True,230,5941dbf739903305db0a02950b2c9b6ae8eb28e9ab3a8b6f9a3503fd9caf2dc0,True
karatukinumemon,https://digimon.net/reference/detail.php?directory_name=karatukinumemon,カラツキヌメモン,KARATUKINUMEMON,成熟期,成熟期,甲殻類型,甲殻類型,ウィルス,ウィルス,・シェルズアタック,https://digimon.net/cimages/digimon/karatukinumemon.jpg,False,0,成熟期,,4,False,False,False,True,193,2c48307b63913f2ba6425d3071f3ceb381a94ef9dc592ebfa375c2f426b21f48,True
kabuterimon,https://digimon.net/reference/detail.php?directory_name=kabuterimon,カブテリモン,KABUTERIMON,成熟期,成熟期,昆虫型,昆虫型,ワクチン,ワクチン,・メガブラスター,https://digimon.net/cimages/digimon/kabuterimon.jpg,False,0,成熟期,,4,False,False,False,True,190,22e30c155ac3cdca3b09d5bf4f884a171fab3599e4a55ba1b0dcc5e28c6117ca,True
guardromon,https://digimon.net/reference/detail.php?directory_name=guardromon,ガードロモン,GUARDROMON,成熟期,成熟期,マシーン型,マシーン型,ウィルス,ウィルス,・ディストラクショングレネード,https://digimon.net/cimages/digimon/guardromon.jpg,False,0,成熟期,,4,False,False,False,True,318,986a232d860e9207c88ec61a339d34460d744caf27a2a9a00f791ce6a759b6b8,True
gaogamon,https://digimon.net/reference/detail.php?directory_name=gaogamon,ガオガモン,GAOGAMON,成熟期,成熟期,獣型,獣型,データ,データ,"・ダッシュダブルクロー
・ガオガハウンド
・スパイラルブロー",https://digimon.net/cimages/digimon/gaogamon.jpg,False,0,成熟期,,4,False,False,False,True,183,63f15663626d5aee038be74d45b3d0d15e84d30ec14d6c183c3cc3f275ad2d1d,True
omekamon,https://digimon.net/reference/detail.php?directory_name=omekamon,オメカモン,OMEKAMON,成熟期,成熟期,パペット型,パペット型,データ,データ,"・ラクガキロケット
・オメカキック",https://digimon.net/cimages/digimon/omekamon.jpg,False,0,成熟期,,4,True,False,False,True,203,5ef96ec16ea7e7141cadacbfe703d4d1561a315b2b99074998e0eaa5cad4a318,True
octmon,https://digimon.net/reference/detail.php?directory_name=octmon,オクタモン,OCTMON,成熟期,成熟期,軟体型,軟体型,ウィルス,ウィルス,・海鳴墨銃（かいめいぼくじゅう）,https://digimon.net/cimages/digimon/octmon.jpg,False,0,成熟期,,4,False,False,False,True,254,32eef0925b814fc5487191cfe783f0610e3ea44748d6ab4ab0284949f26630ab,True
orgemon,https://digimon.net/reference/detail.php?directory_name=orgemon,オーガモン,ORGEMON,成熟期,成熟期,鬼人型,鬼人型,ウィルス,ウィルス,・覇王拳,https://digimon.net/cimages/digimon/orgemon.jpg,False,0,成熟期,,4,False,False,False,True,207,1dd1ae275b126c117669f0872eb9ea2f6b74ac3af0250dc398f548421f1e7346,True
angemon,https://digimon.net/reference/detail.php?directory_name=angemon,エンジェモン,ANGEMON,成熟期,成熟期,天使型,天使型,ワクチン,ワクチン,・ヘブンズナックル,https://digimon.net/cimages/digimon/angemon.jpg,False,0,成熟期,,4,False,False,False,True,214,bbc26bf918550bc9817c8a96dc3d6acf5d619166b731c3b199e8bb2793d85127,True
ebidramon,https://digimon.net/reference/detail.php?directory_name=ebidramon,エビドラモン,EBIDRAMON,成熟期,成熟期,水棲型,水棲型,データ,データ,・ツインネプチューン,https://digimon.net/cimages/digimon/ebidramon.jpg,False,0,成熟期,,4,False,False,False,True,101,d9565224677144071a3e92beceba0730e6582f49f7e99754356e03d39d35c141,True
xv-mon,https://digimon.net/reference/detail.php?directory_name=xv-mon,エクスブイモン,XV-MON,成熟期,成熟期,幻竜型,幻竜型,フリー,フリー,"・ストロングクランチ
・エクスレイザー",https://digimon.net/cimages/digimon/xv-mon.jpg,False,0,成熟期,,4,False,False,False,True,233,e59c10b2adb596bcdb9134b39ecec37fc49c6807bfc914a89f00df693532e47e,True
airdramon,https://digimon.net/reference/detail.php?directory_name=airdramon,エアドラモン,AIRDRAMON,成熟期,成熟期,幻獣型,幻獣型,ワクチン,ワクチン,・スピニングニードル,https://digimon.net/cimages/digimon/airdramon.jpg,False,0,成熟期,,4,False,False,False,True,179,288e57d38e4403b7b4e8ba1a788e8c19ae837600fc70cf9913a7a1b0ec798dd0,True
woodmon,https://digimon.net/reference/detail.php?directory_name=woodmon,ウッドモン,WOODMON,成熟期,成熟期,植物型,植物型,ウィルス,ウィルス,・ブランチドレイン,https://digimon.net/cimages/digimon/woodmon.jpg,False,0,成熟期,,4,False,False,False,True,223,fd58f1dd7441b6588ab1222c8cbe0fbbcda75923e5524cd38f7469f386420cc2,True
wendimon,https://digimon.net/reference/detail.php?directory_name=wendimon,ウェンディモン,WENDIMON,成熟期,成熟期,獣人型,獣人型,ウィルス,ウィルス,"・デストロイドボイス
・クラブアーム",https://digimon.net/cimages/digimon/wendimon.jpg,False,0,成熟期,,4,False,False,False,True,212,fbbbec4900d1ad42169fd91c730d46f5033425a715e205373342bcab0a3f3cb3,True
witchmon,https://digimon.net/reference/detail.php?directory_name=witchmon,ウィッチモン,WITCHMON,成熟期,成熟期,魔人型,魔人型,データ,データ,"・バルルーナゲイル
・アクエリープレッシャー",https://digimon.net/cimages/digimon/witchmon.jpg,False,0,成熟期,,4,False,False,False,True,229,30405a6829542deb3d888164fd9cde61006718155c6255527b49cd0bae872908,True
wizarmon,https://digimon.net/reference/detail.php?directory_name=wizarmon,ウィザーモン,WIZARMON,成熟期,成熟期,魔人型,魔人型,データ,データ,・サンダークラウド,https://digimon.net/cimages/digimon/wizarmon.jpg,False,0,成熟期,,4,False,False,False,True,191,91876cd9fb52e9d7285d45b13255926393c1d11cee2b5b7121b15b1447424dc6,True
evilmon,https://digimon.net/reference/detail.php?directory_name=evilmon,イビルモン,EVILMON,成熟期,成熟期,小悪魔型,小悪魔型,ウィルス,ウィルス,・ナイトメアショック,https://digimon.net/cimages/digimon/evilmon.jpg,False,0,成熟期,,4,False,False,False,True,128,8429b66fe09f1cb1f03408a8feaf9df6b9d5fd658f192c656b40ea050eae0c8c,True
ikkakumon,https://digimon.net/reference/detail.php?directory_name=ikkakumon,イッカクモン,IKKAKUMON,成熟期,成熟期,海獣型,海獣型,ワクチン,ワクチン,・ハープーンバルカン,https://digimon.net/cimages/digimon/ikkakumon.jpg,False,0,成熟期,,4,False,False,False,True,237,93af16370b69bb64056f0a96f4326ecc8004802e6d8dc2e9a39c91ffdd884b30,True
igamon,https://digimon.net/reference/detail.php?directory_name=igamon,イガモン,IGAMON,成熟期,成熟期,突然変異,突然変異,データ,データ,・イガ流手裏剣投げ,https://digimon.net/cimages/digimon/igamon.jpg,False,0,成熟期,,4,False,False,False,True,165,23ea7d7c516ad3f9abd818288488068db22d1aabe65322dccd2d1a3614f06fe0,True
ankylomon,https://digimon.net/reference/detail.php?directory_name=ankylomon,アンキロモン,ANKYLOMON,成熟期,成熟期,鎧竜型,鎧竜型,フリー,フリー,"・メガトンプレス
・テイルハンマー",https://digimon.net/cimages/digimon/ankylomon.jpg,False,0,成熟期,,4,False,False,False,True,231,393a86ab5f1c22ddb5926de57074f9b617454f38bbf9fd3d239fffaba2891d35,True
aquilamon,https://digimon.net/reference/detail.php?directory_name=aquilamon,アクィラモン,AQUILAMON,成熟期,成熟期,巨鳥型,巨鳥型,フリー,フリー,"・グライドホーン
・ブラストレーザー",https://digimon.net/cimages/digimon/aquilamon.jpg,False,0,成熟期,,4,False,False,False,True,219,8fe0403da3c905d7acaf64d4eb730eb303ebc1e94a832bbbcc35f5ade3a5706e,True
akatorimon,https://digimon.net/reference/detail.php?directory_name=akatorimon,アカトリモン,AKATORIMON,成熟期,成熟期,巨鳥型,巨鳥型,データ,データ,・スカーレッドアイ,https://digimon.net/cimages/digimon/akatorimon.jpg,False,0,成熟期,,4,False,False,False,True,103,197f0d8ceb5c47704bb52365dd13beb2cb46543685509089893c37f83eddda76,True
icemon,https://digimon.net/reference/detail.php?directory_name=icemon,アイスモン,ICEMON,成熟期,成熟期,氷雪型,氷雪型,データ,データ,・アイスボールボム,https://digimon.net/cimages/digimon/icemon.jpg,False,0,成熟期,,4,False,False,False,True,91,c5647c9f15e0666a54a96dcae8e5d414e1b2e21a3672e06c6da46f671174ddd1,True
aegiomon,https://digimon.net/reference/detail.php?directory_name=aegiomon,アイギオモン,AEGIOMON,成熟期,成熟期,神人型,神人型,ワクチン,ワクチン,"・アトラクトエコー
・アイアントラスト
・スタンビートブロウ",https://digimon.net/cimages/digimon/aegiomon.jpg,False,0,成熟期,,4,False,False,False,True,369,b1516a7b134d0053c71ef0e572818793de5a1544dd4c1c7c9b7041893b17efaf,True
wormmon,https://digimon.net/reference/detail.php?directory_name=wormmon,ワームモン,WORMMON,成長期,成長期,幼虫型,幼虫型,フリー,フリー,"・ネバネバネット
・シルクスレッド",https://digimon.net/cimages/digimon/wormmon.jpg,False,0,成長期,,3,False,False,False,True,297,065206f6db0d133ad27c16e63165469ace0f8188f648994b774ce789225810e0,True
lopmon,https://digimon.net/reference/detail.php?directory_name=lopmon,ロップモン,LOPMON,成長期,成長期,獣型,獣型,データ,データ,"・プチツイスター
・ダブルタイフーン
・ブレイジングアイス",https://digimon.net/cimages/digimon/lopmon.jpg,True,1,成長期,,3,False,False,False,True,303,ba3e2220e8c378757290bee9f207a21ad8fe792cf2eb434ac3352df518cbde67,True
renamon,https://digimon.net/reference/detail.php?directory_name=renamon,レナモン,RENAMON,成長期,成長期,獣人型,獣人型,データ,データ,"・狐変虚（こへんきょ）
・狐葉楔（こようせつ）",https://digimon.net/cimages/digimon/renamon.jpg,False,0,成長期,,3,False,False,False,True,253,ccef9125dcbfd3bacd23717e2de746a87dad4b0ac5a1263742fe465b3ae5d843,True
liollmon,https://digimon.net/reference/detail.php?directory_name=liollmon,レオルモン,LIOLLMON,成長期,成長期,聖獣型,聖獣型,ワクチン,ワクチン,"・レオクロー
・クリティカルバイト",https://digimon.net/cimages/digimon/liollmon.jpg,False,0,成長期,,3,False,False,False,True,221,a40d5e578b9183a63127f7d9a849bf2191d9dbb1efc91ecd1abfe77edd5eb201,True
lunamon,https://digimon.net/reference/detail.php?directory_name=lunamon,ルナモン,LUNAMON,成長期,成長期,哺乳類型,哺乳類型,データ,データ,"・ルナクロー
・ティアーシュート
・ロップイヤーリップル",https://digimon.net/cimages/digimon/lunamon.jpg,False,0,成長期,,3,False,False,False,True,194,1f0858f5b89c36c633a31afaa26614870233b005213c16f77c57d4b8dad7eec2,True
lucemon,https://digimon.net/reference/detail.php?directory_name=lucemon,ルーチェモン,LUCEMON,成長期,成長期,天使型,天使型,ワクチン,ワクチン,・グランドクロス,https://digimon.net/cimages/digimon/lucemon.jpg,False,0,成長期,,3,False,False,False,True,271,7341eefb2662ad47fd7949445de565878d3e0f13569f23b22a08f83e7a692950,True
ryudamon,https://digimon.net/reference/detail.php?directory_name=ryudamon,リュウダモン,RYUDAMON,成長期,成長期,獣型,獣型,ワクチン,ワクチン,"・兜返し
・居合刃（いあいじん）",https://digimon.net/cimages/digimon/ryudamon.jpg,False,0,成長期,,3,True,False,False,True,314,495a314455d9b3e034a13baac2b32e37c2469e10a9cbe72bf6a9e77e93be1c93,True
lalamon,https://digimon.net/reference/detail.php?directory_name=lalamon,ララモン,LALAMON,成長期,成長期,植物型,植物型,データ,データ,"・ナッツシュート
・ララスクリュー
・シング・ア・ソング",https://digimon.net/cimages/digimon/lalamon.jpg,False,0,成長期,,3,False,False,False,True,145,d2588186db6202e9781f4bfb8d3dfe6c169ca2c521ebdb540f6703818f57a446,True
labramon,https://digimon.net/reference/detail.php?directory_name=labramon,ラブラモン,LABRAMON,成長期,成長期,獣型,獣型,ワクチン,ワクチン,"・キュアーリキュール
・レトリバーク",https://digimon.net/cimages/digimon/labramon.jpg,False,0,成長期,,3,False,False,False,True,213,224e879782a3b85e93fd4e17a85c9fb8375244a85093e8198c38a8108f214ce4,True
yukiagumon,https://digimon.net/reference/detail.php?directory_name=yukiagumon,ユキアグモン,YUKIAGUMON,成長期,成長期,恐竜型,恐竜型,ワクチン,ワクチン,・リトルブリザード,https://digimon.net/cimages/digimon/yukiagumon.jpg,False,0,成長期,,3,False,False,False,True,124,c09d800fb36027c0c7ef4f885b0a84cffabf673d7986b320caa66abef0132deb,True
monodramon,https://digimon.net/reference/detail.php?directory_name=monodramon,モノドラモン,MONODRAMON,成長期,成長期,小竜型,小竜型,ワクチン,ワクチン,・クラックバイト,https://digimon.net/cimages/digimon/monodramon.jpg,False,0,成長期,,3,False,False,False,True,301,71230c3439556e820f018e5289b710801065de5a4524e7109d16138d5d24376d,True
muchomon,https://digimon.net/reference/detail.php?directory_name=muchomon,ムーチョモン,MUCHOMON,成長期,成長期,鳥型,鳥型,データ,データ,・トロピカルビーク,https://digimon.net/cimages/digimon/muchomon.jpg,False,0,成長期,,3,False,False,False,True,128,bf3bf1ea095fc005c021eebdc406763d70fa7859ee215e2d224d7ddb996057c8,True
mushmon,https://digimon.net/reference/detail.php?directory_name=mushmon,マッシュモン,MUSHMON,成長期,成長期,植物型,植物型,ウィルス,ウィルス,・ポイズン・ス・マッシュ,https://digimon.net/cimages/digimon/mushmon.jpg,False,0,成長期,,3,False,False,False,True,216,8e813c6afcd9e292f6f2fb85aad0a6be913d31392ca5a6ec5cce228654ff7072,True
bokomon,https://digimon.net/reference/detail.php?directory_name=bokomon,ボコモン,BOKOMON,成長期,成長期,突然変異型,突然変異型,ワクチン,ワクチン,・逃げ足猛ダッシュ,https://digimon.net/cimages/digimon/bokomon.jpg,False,0,成長期,,3,False,False,False,True,183,827c71095c080fed2c38a08cc2a0311e1ff94c63aa5f755a0ee7f5d9eb185751,True
paunchessmon-white,https://digimon.net/reference/detail.php?directory_name=paunchessmon-white,ポーンチェスモン（白）,PAUNCHESSMON-WHITE,成長期,成長期,パペット型,パペット型,ウィルス,ウィルス,"・ポーンスピアー
・ポーンバックラー
・ピラミッドフォーメーション",https://digimon.net/cimages/digimon/paunchessmon-white.jpg,False,0,成長期,,3,False,False,False,True,217,676f2d37f1d3731f7bb754b4a7a5b777cbad5b59a2230a445211f945b2ad61dd,True
paunchessmon,https://digimon.net/reference/detail.php?directory_name=paunchessmon,ポーンチェスモン（黒）,PAUNCHESSMON,成長期,成長期,パペット型,パペット型,ウィルス,ウィルス,"・ポーンスピアー
・ポーンバックラー
・ピラミッドフォーメーション",https://digimon.net/cimages/digimon/paunchessmon.jpg,False,0,成長期,,3,False,False,False,True,217,676f2d37f1d3731f7bb754b4a7a5b777cbad5b59a2230a445211f945b2ad61dd,True
hawkmon,https://digimon.net/reference/detail.php?directory_name=hawkmon,ホークモン,HAWKMON,成長期,成長期,鳥型,鳥型,フリー,フリー,"・ビークペッカー
・フェザースラッシュ",https://digimon.net/cimages/digimon/hawkmon.jpg,False,0,成長期,,3,False,False,False,True,153,749e276d0ff4fbdf6dc217fe8f40883423246d186b8409d7f11fbd93a4d0acd2,True
penmon,https://digimon.net/reference/detail.php?directory_name=penmon,ペンモン,PENMON,成長期,成長期,鳥型,鳥型,ワクチン,ワクチン,・無限ビンタ,https://digimon.net/cimages/digimon/penmon.jpg,False,0,成長期,,3,False,False,False,True,225,941b8cbb5bd3ee91b37ed1d6ed40df739d636f674600895ef61e63e7a54faabe,True
betamon,https://digimon.net/reference/detail.php?directory_name=betamon,ベタモン,BETAMON,成長期,成長期,両生類型,両生類型,ウィルス,ウィルス,・電撃ビリリン,https://digimon.net/cimages/digimon/betamon.jpg,False,0,成長期,,3,False,False,False,True,85,f576be195c11997e3bf56983d2148ac3e6629a91b56f113f2b98765ffd5e4d67,True
bearmon,https://digimon.net/reference/detail.php?directory_name=bearmon,ベアモン,BEARMON,成長期,成長期,獣型,獣型,ワクチン,ワクチン,・小熊正拳突き,https://digimon.net/cimages/digimon/bearmon.jpg,False,0,成長期,,3,False,False,False,True,215,94866809e1c06f0a7a8e587c2a8a8cd0e0836cfff07da58ecf500dd6cc7b0afb,True
plotmon,https://digimon.net/reference/detail.php?directory_name=plotmon,プロットモン,PLOTMON,成長期,成長期,哺乳類型,哺乳類型,ワクチン,ワクチン,・パピーハウリング,https://digimon.net/cimages/digimon/plotmon.jpg,False,0,成長期,,3,False,False,False,True,261,78e4eb76b5b74bef199cc87998c899922efb374b383241b7e2f97df465294025,True
floramon,https://digimon.net/reference/detail.php?directory_name=floramon,フローラモン,FLORAMON,成長期,成長期,植物型,植物型,データ,データ,・アレルギーシャワー,https://digimon.net/cimages/digimon/floramon.jpg,False,0,成長期,,3,False,False,False,True,224,ab7c1840b2f6163f0fd6c20720d66c32d372a0a0b49175ac64350a1fca82697c,True
v-mon,https://digimon.net/reference/detail.php?directory_name=v-mon,ブイモン,V-MON,成長期,成長期,小竜型,小竜型,フリー,フリー,"・ブンブンパンチ
・ブイモンヘッド",https://digimon.net/cimages/digimon/v-mon.jpg,False,0,成長期,,3,False,False,False,True,218,a38afb627c653b0aaed94fd147229fcc85e0cebdaf6f473bb165701db3a414f9,True
funbeemon,https://digimon.net/reference/detail.php?directory_name=funbeemon,ファンビーモン,FUNBEEMON,成長期,成長期,昆虫型,昆虫型,ウィルス,ウィルス,"・ギアスティンガー
・８８コール（ハチハチコール）",https://digimon.net/cimages/digimon/funbeemon.jpg,False,0,成長期,,3,True,False,False,True,319,c190e6839567fd53aca369ad525dd4aa909c50cae51618c8dc9d9c5614ea2711,True
falcomon,https://digimon.net/reference/detail.php?directory_name=falcomon,ファルコモン,FALCOMON,成長期,成長期,鳥型,鳥型,ワクチン,ワクチン,"・スクラッチスマッシュ
・ファルコラッシュ",https://digimon.net/cimages/digimon/falcomon.jpg,False,0,成長期,,3,False,False,False,True,170,2e85c0c00a8dacc622374ae2d2b60a498992336f00b550a86e2118ba8e361069,True
phascomon,https://digimon.net/reference/detail.php?directory_name=phascomon,ファスコモン,PHASCOMON,成長期,成長期,魔獣型,魔獣型,ウィルス,ウィルス,"・エビルスノア
・ユーカリクロー",https://digimon.net/cimages/digimon/phascomon.jpg,False,0,成長期,,3,False,False,False,True,177,445a8cec7e0e3db123f8afa38fce483b00ada271f5d7a2116b26412610c105fd,True
piyomon,https://digimon.net/reference/detail.php?directory_name=piyomon,ピヨモン,PIYOMON,成長期,成長期,ヒナ鳥型,ヒナ鳥型,ワクチン,ワクチン,・マジカルファイアー,https://digimon.net/cimages/digimon/piyomon.jpg,False,0,成長期,,3,False,False,False,True,224,ee74746d44411617eb23ab8a5abf1835e8dc63b463e184057033120aca4d12d4,True
picodevimon,https://digimon.net/reference/detail.php?directory_name=picodevimon,ピコデビモン,PICODEVIMON,成長期,成長期,小悪魔型,小悪魔型,ウィルス,ウィルス,・ピコダーツ,https://digimon.net/cimages/digimon/picodevimon.jpg,False,0,成長期,,3,False,False,False,True,210,b83ed274908b22a290f6b7601bc9710f1ab4dc2ae05d86efa806e913ca3d58c8,True
palmon,https://digimon.net/reference/detail.php?directory_name=palmon,パルモン,PALMON,成長期,成長期,植物型,植物型,データ,データ,・ポイズンアイビー,https://digimon.net/cimages/digimon/palmon.jpg,False,0,成長期,,3,False,False,False,True,234,eae8f05d958bf0bf9549006e23c0f8a4d7defbe53a200606e3e2e1f94fe0bb10,True
huckmon,https://digimon.net/reference/detail.php?directory_name=huckmon,ハックモン,HUCKMON,成長期,成長期,小竜型,小竜型,データ,データ,"・フィフスラッシュ
・ティーンラム
・ベビーフレイム",https://digimon.net/cimages/digimon/huckmon.jpg,False,0,成長期,,3,False,False,False,True,268,a7fe71c07b6276004f673cd8c5a7f2f1357240e89312949e4878d345f9d157ab,True
patamon,https://digimon.net/reference/detail.php?directory_name=patamon,パタモン,PATAMON,成長期,成長期,哺乳類型,哺乳類型,データ,データ,"・エアショット
・ハネビンタ",https://digimon.net/cimages/digimon/patamon.jpg,False,0,成長期,,3,False,False,False,True,258,ee512ced47809c8f7a795c750d4be8fbf11e1cc68580a107fdedb490f8460b4e,True
hagurumon,https://digimon.net/reference/detail.php?directory_name=hagurumon,ハグルモン,HAGURUMON,成長期,成長期,マシーン型,マシーン型,ウィルス,ウィルス,・ダークネスギア,https://digimon.net/cimages/digimon/hagurumon.jpg,False,0,成長期,,3,False,False,False,True,264,0475271b35371295446079b5575480873501791dd3edda29c52cc03f0ed6d17e,True
bakumon,https://digimon.net/reference/detail.php?directory_name=bakumon,バクモン,BAKUMON,成長期,成長期,聖獣型,聖獣型,ワクチン,ワクチン,・ナイトメアシンドローム,https://digimon.net/cimages/digimon/bakumon.jpg,False,0,成長期,,3,False,False,False,True,311,daa5e7de3e5850361c6354f3b4a2118087569eed283c09dd0244faa460ef267c,True
neamon,https://digimon.net/reference/detail.php?directory_name=neamon,ネーモン,NEAMON,成長期,成長期,獣型,獣型,データ,データ,"・逃げ足ダッシュ
・たぬきねいり",https://digimon.net/cimages/digimon/neamon.jpg,False,0,成長期,,3,False,False,False,True,202,33c04fe0ef1c1cb181984767433cbc1ae9d1b758eb6cc7fc45f79aeec634fe72,True
niseagumonhakase,https://digimon.net/reference/detail.php?directory_name=niseagumonhakase,ニセアグモン博士,NISEAGUMONHAKASE,成長期,成長期,恐竜型,恐竜型,ウィルス,ウィルス,"・ニセハカセボウ
・ニセハカセボー",https://digimon.net/cimages/digimon/niseagumonhakase.jpg,False,0,成長期,,3,False,False,False,True,228,fb8ba4372c445545dc7b5c30a0653212190eec1c7ea38bb267d2802174c8a42e,True
dorumon,https://digimon.net/reference/detail.php?directory_name=dorumon,ドルモン,DORUMON,成長期,成長期,獣型,獣型,データ,データ,"・ダッシュメタル
・メタルキャノン",https://digimon.net/cimages/digimon/dorumon.jpg,False,0,成長期,,3,True,False,False,True,304,3fbed1cbb39ccfe9a475c0a9770b6fd329b9caa889327267e379ec04741b518e,True
dracomon,https://digimon.net/reference/detail.php?directory_name=dracomon,ドラコモン,DRACOMON,成長期,成長期,竜型,竜型,データ,データ,"・ベビーブレス
・テイルスマッシュ
・ジ・シュルネン",https://digimon.net/cimages/digimon/dracomon.jpg,False,0,成長期,,3,False,False,False,True,400,bc96d9aa8e409a952aaa2c677716c01d07db3e3fb412b2813b8af1bda551889e,True
dracumon,https://digimon.net/reference/detail.php?directory_name=dracumon,ドラクモン,DRACUMON,成長期,成長期,アンデッド型,アンデッド型,ウィルス,ウィルス,"・アイオブナイトメア
・アンデッドファング",https://digimon.net/cimages/digimon/dracumon.jpg,False,0,成長期,,3,False,False,False,True,242,a90064b42a8f4650a1144689a17b1216b8b349cb44bb571b3fc0060c4d20e8c4,True
toyagumon,https://digimon.net/reference/detail.php?directory_name=toyagumon,トイアグモン,TOYAGUMON,成長期,成長期,パペット型,パペット型,ワクチン,ワクチン,・トイフレイム,https://digimon.net/cimages/digimon/toyagumon.jpg,False,0,成長期,,3,False,False,False,True,227,fb5eec596b6d3ffc6dd20eac90b5427774d506472667af94dbc01bd4708cbc42,True
tentomon,https://digimon.net/reference/detail.php?directory_name=tentomon,テントモン,TENTOMON,成長期,成長期,昆虫型,昆虫型,ワクチン,ワクチン,・プチサンダー,https://digimon.net/cimages/digimon/tentomon.jpg,False,0,成長期,,3,False,False,False,True,195,6d52765fb7a39d87ed4bee23d015ae3edcdca3b6ecdd857f2bd52f8f962ee9c4,True
terriermon,https://digimon.net/reference/detail.php?directory_name=terriermon,テリアモン,TERRIERMON,成長期,成長期,獣型,獣型,ワクチン,ワクチン,"・プチツイスター
・ブレイジングファイア
・ダブルタイフーン",https://digimon.net/cimages/digimon/terriermon.jpg,False,0,成長期,,3,False,False,False,True,295,0608c1abfb106036a0ed113615c84b767a214e761c50557e72a37941885a935c,True
tinkermon,https://digimon.net/reference/detail.php?directory_name=tinkermon,ティンカーモン,TINKERMON,成長期,成長期,妖精型,妖精型,ウィルス,ウィルス,"・スピードナイトメア
・ナイトメアパンデミック
・フェアリーパウダー
・ピーターモンシンドローム",https://digimon.net/cimages/digimon/tinkermon.jpg,False,0,成長期,,3,False,False,False,True,496,5828263aba0e1280a842dc0b8b5da1c0a5a0df5f5399a184223f3e230ff13575,True
tukaimon,https://digimon.net/reference/detail.php?directory_name=tukaimon,ツカイモン,TUKAIMON,成長期,成長期,哺乳類型,哺乳類型,ウィルス,ウィルス,・バッドメッセージ,https://digimon.net/cimages/digimon/tukaimon.jpg,False,0,成長期,,3,False,False,False,True,118,9854dd646df764ee63b8c2d3a42d66288568a4b5773104ace50c11cb44ded21d,True
tyumon,https://digimon.net/reference/detail.php?directory_name=tyumon,チューモン,TYUMON,成長期,成長期,獣型,獣型,ウィルス,ウィルス,・チーズ爆弾（ボム）,https://digimon.net/cimages/digimon/tyumon.jpg,False,0,成長期,,3,False,False,False,True,240,5f77623fa81e672e4fac2816f72ed9ce3674284fd59c6546dcaaeadb5ed0b474,True
solarmon,https://digimon.net/reference/detail.php?directory_name=solarmon,ソーラーモン,SOLARMON,成長期,成長期,マシーン型,マシーン型,ワクチン,ワクチン,・シャイニーリング,https://digimon.net/cimages/digimon/solarmon.jpg,False,0,成長期,,3,False,False,False,True,132,cc89d66a05472e81888c3fb8ea73f34a974120fb988ee3f9f7998d1f3a4b46c3,True
zubamon,https://digimon.net/reference/detail.php?directory_name=zubamon,ズバモン,ZUBAMON,成長期,成長期,武器型,武器型,ワクチン,ワクチン,・トゥエンティダイブ,https://digimon.net/cimages/digimon/zubamon.jpg,False,0,成長期,,3,False,False,False,True,224,cd935c4d2499dd719b750a134b6b44a50f6713de94ab03cb4e8634240a9e9c04,True
snowgoburimon,https://digimon.net/reference/detail.php?directory_name=snowgoburimon,スノーゴブリモン,SNOWGOBURIMON,成長期,成長期,鬼人型,鬼人型,ウィルス,ウィルス,・スノーゴブボルト,https://digimon.net/cimages/digimon/snowgoburimon.jpg,False,0,成長期,,3,False,False,False,True,110,266169a3ea746e0f4b679adf2687b7f827e6ff70fa746b08c23abe1b2058fee5,True
swimmon,https://digimon.net/reference/detail.php?directory_name=swimmon,スイムモン,SWIMMON,成長期,成長期,熱帯魚型,熱帯魚型,ワクチン,ワクチン,"・スラッシュフィン
・ブラインピストル",https://digimon.net/cimages/digimon/swimmon.jpg,False,0,成長期,,3,False,False,False,True,249,9151ae3984be8fe3b4d9e06e2df027fa220b9807f78132323ecc503d7706d217,True
shakomon,https://digimon.net/reference/detail.php?directory_name=shakomon,シャコモン,SHAKOMON,成長期,成長期,甲殻類型,甲殻類型,ウィルス,ウィルス,"・ブラックパール
・ウォータースクリュー",https://digimon.net/cimages/digimon/shakomon.jpg,False,0,成長期,,3,False,False,False,True,196,a366863019826740488475aea72af8730e76fe6b699b7b6eedab21ea1e071975,True
shamamon,https://digimon.net/reference/detail.php?directory_name=shamamon,シャーマモン,SHAMAMON,成長期,成長期,鬼人型,鬼人型,ウィルス,ウィルス,・シャーマハンマー,https://digimon.net/cimages/digimon/shamamon.jpg,False,0,成長期,,3,False,False,False,True,123,dbd50a36c77adb489f70e5dc03e9ee3f4eff1b4ab50d2fadbf6012bfabc6c786,True
sistermonblanc,https://digimon.net/reference/detail.php?directory_name=sistermonblanc,シスタモン ブラン,SISTERMONBLANC,成長期,成長期,パペット型,パペット型,ワクチン,ワクチン,"・ディバインピース
・プロテクトウェーブ
・グランドシスタークルス",https://digimon.net/cimages/digimon/sistermonblanc.jpg,False,0,成長期,,3,False,False,False,True,327,5a9821e734a9e047b6fc070ba2e8dda705f0223b50383f46d10156ab92a7764e,True
psychemon,https://digimon.net/reference/detail.php?directory_name=psychemon,サイケモン,PSYCHEMON,成長期,成長期,爬虫類型,爬虫類型,データ,データ,"・カワフルスパーク
・ハデハデホーン
・原色の舞い",https://digimon.net/cimages/digimon/psychemon.jpg,False,0,成長期,,3,False,False,False,True,200,1b6e541406b677d247e9b35abb6d5b5eb56d20d488f4184eaa2a52e84a6273cd,True
coronamon,https://digimon.net/reference/detail.php?directory_name=coronamon,コロナモン,CORONAMON,成長期,成長期,獣型,獣型,ワクチン,ワクチン,"・コロナックル
・コロナフレイム
・プチプロミネンス",https://digimon.net/cimages/digimon/coronamon.jpg,False,0,成長期,,3,False,False,False,True,155,29db29008dbd551d6bf6f52a8895849300fa86686166423ab48f7509e9790fdc,True
commandramon,https://digimon.net/reference/detail.php?directory_name=commandramon,コマンドラモン,COMMANDRAMON,成長期,成長期,サイボーグ型,サイボーグ型,ウィルス,ウィルス,"・Ｍ１６アサシン
・ＤＣＤボム",https://digimon.net/cimages/digimon/commandramon.jpg,False,0,成長期,,3,False,False,False,True,251,097f93fad6f2282f6f56fe93de1cff7c78ebc3da5dc9c92a6230c2dbf62e898a,True
gomamon,https://digimon.net/reference/detail.php?directory_name=gomamon,ゴマモン,GOMAMON,成長期,成長期,海獣型,海獣型,ワクチン,ワクチン,・マーチングフィッシィーズ,https://digimon.net/cimages/digimon/gomamon.jpg,False,0,成長期,,3,False,False,False,True,212,40a966c5769e2b522d8bcc68571ecd4d2b970cb4f732f03d1dbcd1b09c5a4efb,True
goburimon,https://digimon.net/reference/detail.php?directory_name=goburimon,ゴブリモン,GOBURIMON,成長期,成長期,鬼人型,鬼人型,ウィルス,ウィルス,・ゴブリストライク,https://digimon.net/cimages/digimon/goburimon.jpg,False,0,成長期,,3,False,False,False,True,176,7d42938c55ff407012d32a2b5e217234eb92035f041612e55aa29f640cd89410,True
kotemon,https://digimon.net/reference/detail.php?directory_name=kotemon,コテモン,KOTEMON,成長期,成長期,爬虫類型,爬虫類型,データ,データ,"・サンダーコテ
・ファイヤーメン",https://digimon.net/cimages/digimon/kotemon.jpg,False,0,成長期,,3,False,False,False,True,190,126c6ea0949050025e811909a6e6f2d129156a2fcd5b54ad9863ea6a20d987ed,True
gottsumon,https://digimon.net/reference/detail.php?directory_name=gottsumon,ゴツモン,GOTTSUMON,成長期,成長期,鉱石型,鉱石型,データ,データ,・アングリーロック,https://digimon.net/cimages/digimon/gottsumon.jpg,False,0,成長期,,3,False,False,False,True,208,e5e97e19177447f2381688e29301919d553cc8b8bc9a1e68f9403e1bd1c0164b,True
kokuwamon,https://digimon.net/reference/detail.php?directory_name=kokuwamon,コクワモン,KOKUWAMON,成長期,成長期,マシーン型,マシーン型,データ,データ,・シザーアームズミニ,https://digimon.net/cimages/digimon/kokuwamon.jpg,False,0,成長期,,3,False,False,False,True,216,b7cc94a8d6ae75acca45e140c60c1acf09b7e8ed19030005f0b1a37a96cb76f7,True
kokabuterimon,https://digimon.net/reference/detail.php?directory_name=kokabuterimon,コカブテリモン,KOKABUTERIMON,成長期,成長期,昆虫型,昆虫型,ウィルス,ウィルス,"・スクープスマッシュ
・ビートルラリアット",https://digimon.net/cimages/digimon/kokabuterimon.jpg,False,0,成長期,,3,False,False,False,True,171,c68df2828efd259db88f00ac18fb5f02578d9a4754a85f577c2632b3a5081be0,True
koemon,https://digimon.net/reference/detail.php?directory_name=koemon,コエモン,KOEMON,成長期,成長期,獣型,獣型,ウィルス,ウィルス,"・ミスチバスフープ
・ベビースリング",https://digimon.net/cimages/digimon/koemon.jpg,False,0,成長期,,3,False,False,False,True,194,610eff7fb5a3fe80bdeb346798a0c9f7502783e90fc197086ce1fd11a4fcfd83,True
keramon,https://digimon.net/reference/detail.php?directory_name=keramon,ケラモン,KERAMON,成長期,成長期,種族不明,種族不明,不明,不明,・クレイジーギグル,https://digimon.net/cimages/digimon/keramon.jpg,False,0,成長期,,3,False,False,False,True,174,1071e50acb0d7679d9905c770b31ed8efba6600a568eabf645a06885f6b03bb6,True
kunemon,https://digimon.net/reference/detail.php?directory_name=kunemon,クネモン,KUNEMON,成長期,成長期,幼虫型,幼虫型,ウィルス,ウィルス,・エレクトリックスレッド,https://digimon.net/cimages/digimon/kunemon.jpg,False,0,成長期,,3,False,False,False,True,247,e03f582c00f7e40ff362358d9b4c782536626f2826389f849f317ac3dfda341d,True
kudamon,https://digimon.net/reference/detail.php?directory_name=kudamon,クダモン,KUDAMON,成長期,成長期,聖獣型,聖獣型,ワクチン,ワクチン,"・弾丸旋風（だんがんせんぷう）
・絶光衝（ぜっこうしょう）",https://digimon.net/cimages/digimon/kudamon.jpg,False,0,成長期,,3,False,False,False,True,225,a139a120b9d3156bff566b9abea295d86c49a2a7df2e26bbc9dbbbd65d3d4b78,True
guilmon,https://digimon.net/reference/detail.php?directory_name=guilmon,ギルモン,GUILMON,成長期,成長期,爬虫類型,爬虫類型,ウィルス,ウィルス,"・ロックブレイカー
・ファイアーボール",https://digimon.net/cimages/digimon/guilmon.jpg,False,0,成長期,,3,False,False,False,True,247,ac6665c34a4da1a4b47cdc7550b7b0eb712a114c98b411a77f02677bb89c363f,True
candmon,https://digimon.net/reference/detail.php?directory_name=candmon,キャンドモン,CANDMON,成長期,成長期,火炎型,火炎型,データ,データ,・ボンファイア,https://digimon.net/cimages/digimon/candmon.jpg,False,0,成長期,,3,False,False,False,True,182,fd4c49f9c88c7c8723419ae1cbb8da80749f5153f7ac1ab007325c585834a0f9,True
gizamon,https://digimon.net/reference/detail.php?directory_name=gizamon,ギザモン,GIZAMON,成長期,成長期,水棲哺乳類型,水棲哺乳類型,ウィルス,ウィルス,・スパイラルエッジ,https://digimon.net/cimages/digimon/gizamon.jpg,False,0,成長期,,3,False,False,False,True,170,5a80c8f5041839ac54337b1b693763a48328b06b4d39205808231b2015bedda8,True
kamemon,https://digimon.net/reference/detail.php?directory_name=kamemon,カメモン,KAMEMON,成長期,成長期,サイボーグ型,サイボーグ型,データ,データ,"・ポインタ・アロー
・メットタックル
・コーラガード",https://digimon.net/cimages/digimon/kamemon.jpg,False,0,成長期,,3,False,False,False,True,158,73241860bc82ab450aa8c9ca6a5893c7894de298cdffcd4f38c4082d67eed5d5,True
gabumon,https://digimon.net/reference/detail.php?directory_name=gabumon,ガブモン,GABUMON,成長期,成長期,爬虫類型,爬虫類型,データ,データ,・プチファイアー,https://digimon.net/cimages/digimon/gabumon.jpg,False,0,成長期,,3,False,False,False,True,166,27ff2eb991bb6c7e78452ffd55ea86cb4b217503fe56c2de93d47f2521067936,True
ganimon,https://digimon.net/reference/detail.php?directory_name=ganimon,ガニモン,GANIMON,成長期,成長期,甲殻類型,甲殻類型,データ,データ,・シザーズエクスキューション,https://digimon.net/cimages/digimon/ganimon.jpg,False,0,成長期,,3,False,False,False,True,215,82b1e66519a131ab60158c94a2f9f5b98f24e9288f8bf4f249bc65a368462c3d,True
gazimon,https://digimon.net/reference/detail.php?directory_name=gazimon,ガジモン,GAZIMON,成長期,成長期,哺乳類型,哺乳類型,ウィルス,ウィルス,・パラライズブレス,https://digimon.net/cimages/digimon/gazimon.jpg,False,0,成長期,,3,False,False,False,True,227,70eaed00eb520441a47125775f9c63d556f68c9207397d3fa455a06bc2af8582,True
gaomon,https://digimon.net/reference/detail.php?directory_name=gaomon,ガオモン,GAOMON,成長期,成長期,獣型,獣型,データ,データ,"・ローリングアッパー
・ダブルバックハンド
・ガオラッシュ",https://digimon.net/cimages/digimon/gaomon.jpg,False,0,成長期,,3,False,False,False,True,173,c15ea89ab9d2969764201557aed5f23cdf7c7e28945c570318d1d360f4ba113c,True
otamamon-red,https://digimon.net/reference/detail.php?directory_name=otamamon-red,オタマモン（赤）,OTAMAMON-RED,成長期,成長期,両生類型,両生類型,データ,データ,・ボイルドバブル,https://digimon.net/cimages/digimon/otamamon-red.jpg,False,0,成長期,,3,False,False,False,True,127,c84b0629b9cf7a5ed7c59f13a1dbf3444d6eff842359737824bb22b9d4158b2a,True
otamamon,https://digimon.net/reference/detail.php?directory_name=otamamon,オタマモン,OTAMAMON,成長期,成長期,両生類型,両生類型,ウィルス,ウィルス,・ララバイバブル,https://digimon.net/cimages/digimon/otamamon.jpg,False,0,成長期,,3,False,False,False,True,209,f8f321d91f5f16bd70a1d56711ebb4e8e79b41882604094a8bae58e89ccc96b8,True
elecmon-violet,https://digimon.net/reference/detail.php?directory_name=elecmon-violet,エレキモン（紫）,ELECMON-VIOLET,成長期,成長期,哺乳類型,哺乳類型,ウィルス,ウィルス,・ジャミングサンダー,https://digimon.net/cimages/digimon/elecmon-violet.jpg,False,0,成長期,,3,False,False,False,True,121,da2dfe362d36b1673727ad308cadb8e9936e07ce7b1f365fc51148d2863fdf9b,True
elecmon,https://digimon.net/reference/detail.php?directory_name=elecmon,エレキモン,ELECMON,成長期,成長期,哺乳類型,哺乳類型,データ,データ,・スパークリングサンダー,https://digimon.net/cimages/digimon/elecmon.jpg,False,0,成長期,,3,False,False,False,True,128,1c0f239280f0139cf8e96e63353f9447d76c8a35355df054952bd4e614d3c92a,True
ebiburgamon,https://digimon.net/reference/detail.php?directory_name=ebiburgamon,エビバーガモン,EBIBURGAMON,成長期,成長期,食物型,食物型,データ,データ,"・フレッシュシュリンプ
・ホットカツレツ",https://digimon.net/cimages/digimon/ebiburgamon.jpg,False,0,成長期,,3,False,False,False,True,145,bebd6cc236b9f6be5934ecab4629c9041b7a3984225b9679528aee4d83a3bcf1,True
impmon,https://digimon.net/reference/detail.php?directory_name=impmon,インプモン,IMPMON,成長期,成長期,小悪魔型,小悪魔型,ウィルス,ウィルス,"・サモン
・ナイト・オブ・ファイアー",https://digimon.net/cimages/digimon/impmon.jpg,False,0,成長期,,3,False,False,False,True,248,0198c37d6ecf18ebfa9fa34de90b0ecc75b75d3228fa1747e7c3e33d1af68c15,True
alraumon,https://digimon.net/reference/detail.php?directory_name=alraumon,アルラウモン,ALRAUMON,成長期,成長期,植物型,植物型,データ,データ,・ネメシスアイビー,https://digimon.net/cimages/digimon/alraumon.jpg,False,0,成長期,,3,False,False,False,True,127,4844d444db2d88c82402bd7cf483a5b12c4d4e6ef913c4344fdfdfae48524eb0,True
armadimon,https://digimon.net/reference/detail.php?directory_name=armadimon,アルマジモン,ARMADIMON,成長期,成長期,哺乳類型,哺乳類型,フリー,フリー,"・スクラッチビート
・ローリングストーン",https://digimon.net/cimages/digimon/armadimon.jpg,False,0,成長期,,3,False,False,False,True,159,9f061571c88369e6f3e2dafcc3ce494666ce8e7871ea5d80aeff0c26318c6b23,True
arkadimon,https://digimon.net/reference/detail.php?directory_name=arkadimon,アルカディモン,ARKADIMON,成長期,成長期,妖獣型,妖獣型,ウィルス,ウィルス,"・ソウルアブソープション
・イレイズシックル",https://digimon.net/cimages/digimon/arkadimon.jpg,False,0,成長期,,3,False,False,False,True,145,061fa48acd03f682ae075437b2206199f9d2383fd47be48dd11cc7315b457f89,True
agumonhakase,https://digimon.net/reference/detail.php?directory_name=agumonhakase,アグモン博士,AGUMONHAKASE,成長期,成長期,恐竜型,恐竜型,ワクチン,ワクチン,"・ハカセボウ
・ハカセボー",https://digimon.net/cimages/digimon/agumonhakase.jpg,False,0,成長期,,3,False,False,False,True,175,17d5a75c248e31e5b4bb9aecdf2f509035d8d2a7a174e8458575d79b3d7a1eb5,True
agumon-black,https://digimon.net/reference/detail.php?directory_name=agumon-black,アグモン（黒）,AGUMON-BLACK,成長期,成長期,爬虫類型,爬虫類型,ウィルス,ウィルス,・ベビーフレイム,https://digimon.net/cimages/digimon/agumon-black.jpg,False,0,成長期,,3,False,False,False,True,118,160a32f61caa2616579cb16a546cee1c3db8cb4dbd092490feb5a585a8dba83e,True
agumon-2006,https://digimon.net/reference/detail.php?directory_name=agumon-2006,アグモン（２００６アニメ版）,AGUMON-2006,成長期,成長期,恐竜型,恐竜型,ワクチン,ワクチン,"・ベビーフレイム
・ベビーバーナー",https://digimon.net/cimages/digimon/agumon-2006.jpg,False,0,成長期,,3,False,False,False,True,174,b50fe629ae87c5efeb89872668c2fd14fca68a309e29c0d21b8e18aadea054ff,True
agumon,https://digimon.net/reference/detail.php?directory_name=agumon,アグモン,AGUMON,成長期,成長期,爬虫類型,爬虫類型,ワクチン,ワクチン,・ベビーフレイム,https://digimon.net/cimages/digimon/agumon.jpg,False,0,成長期,,3,False,False,False,True,161,dab2ea81471d74bee9cb22fac96586ca747d2aadef2c37256ece6b3584ff5f32,True
wanyamon,https://digimon.net/reference/detail.php?directory_name=wanyamon,ワニャモン,WANYAMON,幼年期Ⅱ,幼年期Ⅱ,レッサー型,レッサー型,,,・スマイルファング,https://digimon.net/cimages/digimon/wanyamon.jpg,False,0,幼年期Ⅱ,,2,False,False,False,True,109,55e3dcf7901398d5c4577717c4c5d5f30cae3c925f885556130af798f97986cd,True
mochimon,https://digimon.net/reference/detail.php?directory_name=mochimon,モチモン,MOCHIMON,幼年期Ⅱ,幼年期Ⅱ,レッサー型,レッサー型,,,・伸縮性のある泡,https://digimon.net/cimages/digimon/mochimon.jpg,False,0,幼年期Ⅱ,,2,False,False,False,True,225,df82ea77e564b57c3d053383c52b36a2e8bbcefd8d19fded7e6d6555d69a782d,True
minomon,https://digimon.net/reference/detail.php?directory_name=minomon,ミノモン,MINOMON,幼年期Ⅱ,幼年期Ⅱ,幼虫型,幼虫型,,,・パインコーン,https://digimon.net/cimages/digimon/minomon.jpg,False,0,幼年期Ⅱ,,2,False,False,False,True,228,a03814a8b8aa86b6efad0e8fd88edcb5e4b7f7ceca17c051fc127f25606bbd0d,True
missimon,https://digimon.net/reference/detail.php?directory_name=missimon,ミサイモン,MISSIMON,幼年期Ⅱ,幼年期Ⅱ,マシーン型,マシーン型,,,・ミサイルクラッシュ,https://digimon.net/cimages/digimon/missimon.jpg,False,0,幼年期Ⅱ,,2,False,False,False,True,189,40ac1a52e58ede1f11349eacca90f18ab82f9859d67e24fc8f378578597ff91d,True
poromon,https://digimon.net/reference/detail.php?directory_name=poromon,ポロモン,POROMON,幼年期Ⅱ,幼年期Ⅱ,小鳥型,小鳥型,,,・ポロロブリーズ,https://digimon.net/cimages/digimon/poromon.jpg,False,0,幼年期Ⅱ,,2,False,False,False,True,200,fddbf7e5fc2a5235e7e01dad596e7d1df8c334be02e5c028b81da262fbc7bc7c,True
pokomon,https://digimon.net/reference/detail.php?directory_name=pokomon,ポコモン,POKOMON,幼年期Ⅱ,幼年期Ⅱ,レッサー型,レッサー型,,,・殺生石,https://digimon.net/cimages/digimon/pokomon.jpg,False,0,幼年期Ⅱ,,2,False,False,False,True,216,a3fa3b31cbc9ce9467d6c5059365a819e50d336468c3d52666ea8f2ca717298b,True
babydmon,https://digimon.net/reference/detail.php?directory_name=babydmon,ベビドモン,BABYDMON,幼年期Ⅱ,幼年期Ⅱ,幼竜型,幼竜型,,,・ホットガス,https://digimon.net/cimages/digimon/babydmon.jpg,False,0,幼年期Ⅱ,,2,False,False,False,True,223,5b93d108703222894312ff75c31623be304eb0bb3da45aab1e5303d860387014,True
puroromon,https://digimon.net/reference/detail.php?directory_name=puroromon,プロロモン,PUROROMON,幼年期Ⅱ,幼年期Ⅱ,幼虫型,幼虫型,,,・チックリット,https://digimon.net/cimages/digimon/puroromon.jpg,False,0,幼年期Ⅱ,,2,True,False,False,True,108,911f73e961f69b2a2a6788afa4e9c1c4f1c9899f481e96926db319968646bad6,True
frimon,https://digimon.net/reference/detail.php?directory_name=frimon,フリモン,FRIMON,幼年期Ⅱ,幼年期Ⅱ,レッサー型,レッサー型,,,・シッポビンタ,https://digimon.net/cimages/digimon/frimon.jpg,False,0,幼年期Ⅱ,,2,False,False,False,True,224,f2e77b368bee60ef188bbf654adc74d25e039683fb6c1dab80545bc4136358a2,True
petimeramon,https://digimon.net/reference/detail.php?directory_name=petimeramon,プチメラモン,PETIMERAMON,幼年期Ⅱ,幼年期Ⅱ,火炎型,火炎型,,,・小さな火炎弾,https://digimon.net/cimages/digimon/petimeramon.jpg,False,0,幼年期Ⅱ,,2,False,False,False,True,212,4206a47daefafc47db98ea6ea0b2cb9238358e6fd5097082bd348833e2a0e4bc,True
pukamon,https://digimon.net/reference/detail.php?directory_name=pukamon,プカモン,PUKAMON,幼年期Ⅱ,幼年期Ⅱ,レッサー型,レッサー型,,,・空気の泡,https://digimon.net/cimages/digimon/pukamon.jpg,False,0,幼年期Ⅱ,,2,False,False,False,True,141,601320b915ae97b4db438b78bc2963addca02601086f684910a8c18b77706334,True
pyocomon,https://digimon.net/reference/detail.php?directory_name=pyocomon,ピョコモン,PYOCOMON,幼年期Ⅱ,幼年期Ⅱ,球根型,球根型,,,・シャボンフラワー,https://digimon.net/cimages/digimon/pyocomon.jpg,False,0,幼年期Ⅱ,,2,False,False,False,True,136,481ab127f56475437c0d33567900b12cccc4517f285957cc5b6a737835081392,True
pinamon,https://digimon.net/reference/detail.php?directory_name=pinamon,ピナモン,PINAMON,幼年期Ⅱ,幼年期Ⅱ,ヒナ鳥型,ヒナ鳥型,,,・ピリピリスパーク,https://digimon.net/cimages/digimon/pinamon.jpg,False,0,幼年期Ⅱ,,2,False,False,False,True,205,47a007ca6f10a9db0997aae908902212cc682c6a30813ac38cab15aa4c0890ad,True
budmon,https://digimon.net/reference/detail.php?directory_name=budmon,バドモン,BUDMON,幼年期Ⅱ,幼年期Ⅱ,植物型,植物型,,,・ドクトゲトゲ,https://digimon.net/cimages/digimon/budmon.jpg,False,0,幼年期Ⅱ,,2,False,False,False,True,105,32257bfc91d8eedc0d068c66c70ea57432243b6e20e9c332473839eec1032816,True
pagumon,https://digimon.net/reference/detail.php?directory_name=pagumon,パグモン,PAGUMON,幼年期Ⅱ,幼年期Ⅱ,レッサー型,レッサー型,,,・毒の泡,https://digimon.net/cimages/digimon/pagumon.jpg,False,0,幼年期Ⅱ,,2,False,False,False,True,157,9ad4bc568b8bdc5567c14d67a20e49e7a0a14a9fd9af0648cb82c33a212570b0,True
nyaromon,https://digimon.net/reference/detail.php?directory_name=nyaromon,ニャロモン,NYAROMON,幼年期Ⅱ,幼年期Ⅱ,レッサー型,レッサー型,,,・フォックステイル,https://digimon.net/cimages/digimon/nyaromon.jpg,False,0,幼年期Ⅱ,,2,False,False,False,True,162,1bc07c799719e5316a0d6bb24178f960757647e1f2289c8dc55e259319e7be56,True
dorimon,https://digimon.net/reference/detail.php?directory_name=dorimon,ドリモン,DORIMON,幼年期Ⅱ,幼年期Ⅱ,レッサー型,レッサー型,,,・メタルドロップ,https://digimon.net/cimages/digimon/dorimon.jpg,False,0,幼年期Ⅱ,,2,True,False,False,True,165,6e9c3ed03bca733671347cf478d56fb161811079ea3a083c16cc280d33ed4ee4,True
tokomon,https://digimon.net/reference/detail.php?directory_name=tokomon,トコモン,TOKOMON,幼年期Ⅱ,幼年期Ⅱ,レッサー型,レッサー型,,,・噛み付き,https://digimon.net/cimages/digimon/tokomon.jpg,False,0,幼年期Ⅱ,,2,False,False,False,True,152,89532faf7f4c3f6eb7b1accbd717cab81dc233701b3fb82ea6ceb584cd857d82,True
tsumemon,https://digimon.net/reference/detail.php?directory_name=tsumemon,ツメモン,TSUMEMON,幼年期Ⅱ,幼年期Ⅱ,種族不明,種族不明,,,・ネイルスクラッチ,https://digimon.net/cimages/digimon/tsumemon.jpg,False,0,幼年期Ⅱ,,2,False,False,False,True,139,820e3f406403e4035294704d4c9069d6bb51dac556a131cf6e3895e2b2fb55c7,True
tunomon,https://digimon.net/reference/detail.php?directory_name=tunomon,ツノモン,TUNOMON,幼年期Ⅱ,幼年期Ⅱ,レッサー型,レッサー型,,,・酸の泡,https://digimon.net/cimages/digimon/tunomon.jpg,False,0,幼年期Ⅱ,,2,False,False,False,True,95,1e7c4e98edf2cb54d6b0a05ff4433f48260ad8479ad1354f5ad04cd362d870b4,True
chocomon,https://digimon.net/reference/detail.php?directory_name=chocomon,チョコモン,CHOCOMON,幼年期Ⅱ,幼年期Ⅱ,レッサー型,レッサー型,,,・ダブルボブル,https://digimon.net/cimages/digimon/chocomon.jpg,False,0,幼年期Ⅱ,,2,False,False,False,True,135,4274b5341c15b12240be928ec6bb583241a0ad75c3add2753edaa764c4540c08,True
chapmon,https://digimon.net/reference/detail.php?directory_name=chapmon,チャップモン,CHAPMON,幼年期Ⅱ,幼年期Ⅱ,レッサー型,レッサー型,,,・フォームシャワー,https://digimon.net/cimages/digimon/chapmon.jpg,False,0,幼年期Ⅱ,,2,False,False,False,True,187,d9079d80a8725cab0fe6089a048b7083c3fc5cc5c97164ff7c5bf484c66f3081,True
chibimon,https://digimon.net/reference/detail.php?directory_name=chibimon,チビモン,CHIBIMON,幼年期Ⅱ,幼年期Ⅱ,幼竜型,幼竜型,,,・ホップアタック,https://digimon.net/cimages/digimon/chibimon.jpg,False,0,幼年期Ⅱ,,2,False,False,False,True,164,15c50234c328262ffd421e1e9633c34ac4a5e7e7228b6bea4e0ff9c4206a67fd,True
tanemon,https://digimon.net/reference/detail.php?directory_name=tanemon,タネモン,TANEMON,幼年期Ⅱ,幼年期Ⅱ,球根型,球根型,,,・粘着性の泡,https://digimon.net/cimages/digimon/tanemon.jpg,False,0,幼年期Ⅱ,,2,False,False,False,True,169,0486837b3813c47bb95370a679656af7e19a7d007ce02c8fdac57dbe33dac431,True
xiaomon,https://digimon.net/reference/detail.php?directory_name=xiaomon,シャオモン,XIAOMON,幼年期Ⅱ,幼年期Ⅱ,レッサー型,レッサー型,,,・ツゥーモ,https://digimon.net/cimages/digimon/xiaomon.jpg,False,0,幼年期Ⅱ,,2,False,False,False,True,145,f03cd91cce32e86df87acfbff87b8c59e9c0029c77e4a2cf689355a3319a51c4,True
sakuttomon,https://digimon.net/reference/detail.php?directory_name=sakuttomon,サクットモン,SAKUTTOMON,幼年期Ⅱ,幼年期Ⅱ,武器型,武器型,,,・サクサク,https://digimon.net/cimages/digimon/sakuttomon.jpg,False,0,幼年期Ⅱ,,2,False,False,False,True,99,a5eda8fbca6dc9a86013523079511bb3962bb52fdfe6f435ff04fea2ddf0a1bb,True
koromon,https://digimon.net/reference/detail.php?directory_name=koromon,コロモン,KOROMON,幼年期Ⅱ,幼年期Ⅱ,レッサー型,レッサー型,,,・泡,https://digimon.net/cimages/digimon/koromon.jpg,False,0,幼年期Ⅱ,,2,False,False,False,True,75,26fb8d373e525f8ff16b584d88c580a27ffb790374f11e4327d4a5b46f5f37fd,True
gummymon,https://digimon.net/reference/detail.php?directory_name=gummymon,グミモン,GUMMYMON,幼年期Ⅱ,幼年期Ⅱ,レッサー型,レッサー型,,,・ダブルボブル,https://digimon.net/cimages/digimon/gummymon.jpg,False,0,幼年期Ⅱ,,2,False,False,False,True,158,12dd4dbace10a08e7f11fe522d1759ecd06358587c80625954c19795cbaf01c2,True
kyokyomon,https://digimon.net/reference/detail.php?directory_name=kyokyomon,キョキョモン,KYOKYOMON,幼年期Ⅱ,幼年期Ⅱ,レッサー型,レッサー型,,,・メタルストロー,https://digimon.net/cimages/digimon/kyokyomon.jpg,False,0,幼年期Ⅱ,,2,True,False,False,True,155,c69867acba69e62d2b4781d3ece7899f2c92dad5c4deaeee7c8cca68f17afe26,True
cupimon,https://digimon.net/reference/detail.php?directory_name=cupimon,キュピモン,CUPIMON,幼年期Ⅱ,幼年期Ⅱ,小天使型,小天使型,,,・エンジェルリング,https://digimon.net/cimages/digimon/cupimon.jpg,False,0,幼年期Ⅱ,,2,False,False,False,True,225,76099754b5986b378600b1f8d9f738150f32f88d226cc6fd490298b9b383c054,True
kyaromon,https://digimon.net/reference/detail.php?directory_name=kyaromon,キャロモン,KYAROMON,幼年期Ⅱ,幼年期Ⅱ,レッサー型,レッサー型,,,・しっぽスイング,https://digimon.net/cimages/digimon/kyaromon.jpg,False,0,幼年期Ⅱ,,2,False,False,False,True,132,2b24c7206a0f09acba85a066da9a8db1416d8a7e31611114581406b1c9211c33,True
gigimon,https://digimon.net/reference/detail.php?directory_name=gigimon,ギギモン,GIGIMON,幼年期Ⅱ,幼年期Ⅱ,レッサー型,レッサー型,,,・ホットバイト,https://digimon.net/cimages/digimon/gigimon.jpg,False,0,幼年期Ⅱ,,2,False,False,False,True,192,0bb245b36e2bcb4cd73ccb384474bc4283826409de672c8a4712311b3757c14e,True
capromon,https://digimon.net/reference/detail.php?directory_name=capromon,カプリモン,CAPROMON,幼年期Ⅱ,幼年期Ⅱ,レッサー型,レッサー型,,,・ハウリングヘルツ,https://digimon.net/cimages/digimon/capromon.jpg,False,0,幼年期Ⅱ,,2,False,False,False,True,214,ccb13d15b21889af2fc58126747525e4b3c6d5bd1925d22ee68f43940b12a1a7,True
upamon,https://digimon.net/reference/detail.php?directory_name=upamon,ウパモン,UPAMON,幼年期Ⅱ,幼年期Ⅱ,両生類型,両生類型,,,・ショックシャウト,https://digimon.net/cimages/digimon/upamon.jpg,False,0,幼年期Ⅱ,,2,False,False,False,True,191,236b61e7183108fcaee43ebed69b5a7d20310258bc967d139f1e1380246579f8,True
relemon,https://digimon.net/reference/detail.php?directory_name=relemon,レレモン,RELEMON,幼年期Ⅰ,幼年期Ⅰ,スライム型,スライム型,,,・変身,https://digimon.net/cimages/digimon/relemon.jpg,False,0,幼年期Ⅰ,,1,False,False,False,True,188,2ae6e041f9250705a6561c143e2f81dadecf9335825086cfec8e0a9411da5e38,True
leafmon,https://digimon.net/reference/detail.php?directory_name=leafmon,リーフモン,LEAFMON,幼年期Ⅰ,幼年期Ⅰ,スライム型,スライム型,,,・酸の泡,https://digimon.net/cimages/digimon/leafmon.jpg,False,0,幼年期Ⅰ,,1,False,False,False,True,252,a0aa79c504240486dfa3620df152479c0b5a5e4b42c5c316ee72bf38dd11af0f,True
yuramon,https://digimon.net/reference/detail.php?directory_name=yuramon,ユラモン,YURAMON,幼年期Ⅰ,幼年期Ⅰ,種子型,種子型,,,・粘着性の泡,https://digimon.net/cimages/digimon/yuramon.jpg,False,0,幼年期Ⅰ,,1,False,False,False,True,149,9b7f76691d174e6f6f7ebdd1db736ae2c38c519c7788390faa96311a5ed9c202,True
yukimibotamon,https://digimon.net/reference/detail.php?directory_name=yukimibotamon,ユキミボタモン,YUKIMIBOTAMON,幼年期Ⅰ,幼年期Ⅰ,スライム型,スライム型,,,・ダイアモンドダスト,https://digimon.net/cimages/digimon/yukimibotamon.jpg,False,0,幼年期Ⅰ,,1,False,False,False,True,187,59d79bdf47c4e3faa520fe99657fbb1b721d02bfc26d0f09bf181477595918a7,True
mokumon,https://digimon.net/reference/detail.php?directory_name=mokumon,モクモン,MOKUMON,幼年期Ⅰ,幼年期Ⅰ,スモーク型,スモーク型,,,・スモーク,https://digimon.net/cimages/digimon/mokumon.jpg,False,0,幼年期Ⅰ,,1,False,False,False,True,179,337b232ee793b9bcfcf9b1d87cbc8479f75b2bb39d797bdcbf33a3861cb3c817,True
poyomon,https://digimon.net/reference/detail.php?directory_name=poyomon,ポヨモン,POYOMON,幼年期Ⅰ,幼年期Ⅰ,スライム型,スライム型,,,・酸の泡,https://digimon.net/cimages/digimon/poyomon.jpg,False,0,幼年期Ⅰ,,1,False,False,False,True,155,1890438fc6c16bd0db6b902f82a091b0f59ce78f6f5767cbb2ebed0ef3bae1fa,True
bommon,https://digimon.net/reference/detail.php?directory_name=bommon,ボムモン,BOMMON,幼年期Ⅰ,幼年期Ⅰ,スライム型,スライム型,,,・バチバチバッチン,https://digimon.net/cimages/digimon/bommon.jpg,False,0,幼年期Ⅰ,,1,False,False,False,True,204,3141feef4f7324d72d8918975779ef894627a7262c822029f2224b8990e48959,True
popomon,https://digimon.net/reference/detail.php?directory_name=popomon,ポポモン,POPOMON,幼年期Ⅰ,幼年期Ⅰ,スライム型,スライム型,,,・ヘアミスト,https://digimon.net/cimages/digimon/popomon.jpg,False,0,幼年期Ⅰ,,1,False,False,False,True,151,24d99eb8eee26449a7a6cee86a8ec364b2aeebdd2050949b80cf1ddd4a40cd5c,True
botamon,https://digimon.net/reference/detail.php?directory_name=botamon,ボタモン,BOTAMON,幼年期Ⅰ,幼年期Ⅰ,スライム型,スライム型,,,・酸の泡,https://digimon.net/cimages/digimon/botamon.jpg,False,0,幼年期Ⅰ,,1,False,False,False,True,86,450043a12ff70eacbb7f39dfb5924e3c3fba6c272c07ad98ff9a3467b808981e,True
puwamon,https://digimon.net/reference/detail.php?directory_name=puwamon,プワモン,PUWAMON,幼年期Ⅰ,幼年期Ⅰ,ヒナ鳥型,ヒナ鳥型,,,・フワーフェザー,https://digimon.net/cimages/digimon/puwamon.jpg,False,0,幼年期Ⅰ,,1,False,False,False,True,178,b2bafc9e736f31822f085ca9d519ec91dec32d65d799b9ad0e3c5cecc9d759e0,True
pururumon,https://digimon.net/reference/detail.php?directory_name=pururumon,プルルモン,PURURUMON,幼年期Ⅰ,幼年期Ⅰ,スライム型,スライム型,,,・酸の泡,https://digimon.net/cimages/digimon/pururumon.jpg,False,0,幼年期Ⅰ,,1,False,False,False,True,176,d48f01883a258a1713aa442ca8464a4fe63ae20d05cd04e4d6196b998cb59975,True
pupumon,https://digimon.net/reference/detail.php?directory_name=pupumon,ププモン,PUPUMON,幼年期Ⅰ,幼年期Ⅰ,スライム型,スライム型,,,・毒の泡,https://digimon.net/cimages/digimon/pupumon.jpg,False,0,幼年期Ⅰ,,1,True,False,False,True,127,76a61e0a8d44518e835db8c5ef62528eef548075d5330bbff668224ccbd3493f,True
fufumon,https://digimon.net/reference/detail.php?directory_name=fufumon,フフモン,FUFUMON,幼年期Ⅰ,幼年期Ⅰ,スライム型,スライム型,,,・小さな鉄のトゲ,https://digimon.net/cimages/digimon/fufumon.jpg,False,0,幼年期Ⅰ,,1,True,False,False,True,140,f495d43e1f9f700bb293f68bd03f9ae9de7b02fa1e9a1c18d403aaaa4ecdac19,True
punimon,https://digimon.net/reference/detail.php?directory_name=punimon,プニモン,PUNIMON,幼年期Ⅰ,幼年期Ⅰ,スライム型,スライム型,,,・酸の泡,https://digimon.net/cimages/digimon/punimon.jpg,False,0,幼年期Ⅰ,,1,False,False,False,True,78,afc6d7e19f2826cc683576edbb829b3a6b21594e1d270cc11781369fb24846c3,True
puttimon,https://digimon.net/reference/detail.php?directory_name=puttimon,プットモン,PUTTIMON,幼年期Ⅰ,幼年期Ⅰ,小天使型,小天使型,,,・エンジェルダスト,https://digimon.net/cimages/digimon/puttimon.jpg,False,0,幼年期Ⅰ,,1,False,False,False,True,193,b496ad703e579ed282c88a43e498ef0dbab5bfa767a9c1735642e90fcb9163dd,True
petitmon,https://digimon.net/reference/detail.php?directory_name=petitmon,プチモン,PETITMON,幼年期Ⅰ,幼年期Ⅰ,スライム型,スライム型,,,・熱い吐息,https://digimon.net/cimages/digimon/petitmon.jpg,False,0,幼年期Ⅰ,,1,False,False,False,True,186,05be40a4d956dfe39d004c8e4fe45319e663b98937f25a1f8001d2d4b5df0ec5,True
pitchmon,https://digimon.net/reference/detail.php?directory_name=pitchmon,ピチモン,PITCHMON,幼年期Ⅰ,幼年期Ⅰ,スライム型,スライム型,,,・シャボンの泡,https://digimon.net/cimages/digimon/pitchmon.jpg,False,0,幼年期Ⅰ,,1,False,False,False,True,239,1b7b2dcf65b5c52be1d39268ff322d7cf9aea5bfee9ccd28b463fccada93d401,True
pafumon,https://digimon.net/reference/detail.php?directory_name=pafumon,パフモン,PAFUMON,幼年期Ⅰ,幼年期Ⅰ,精霊型,精霊型,,,・パフバルーン,https://digimon.net/cimages/digimon/pafumon.jpg,False,0,幼年期Ⅰ,,1,False,False,False,True,173,75af0e835d0f75a64b746d1f2ad94d2c0c3bd00703f91ca1754f451101942f93,True
bubbmon,https://digimon.net/reference/detail.php?directory_name=bubbmon,バブモン,BUBBMON,幼年期Ⅰ,幼年期Ⅰ,スライム型,スライム型,,,・粘着性の泡,https://digimon.net/cimages/digimon/bubbmon.jpg,False,0,幼年期Ⅰ,,1,False,False,False,True,238,69e31dacb360897f245146610a3abf656a6f3fad26eb03d406982778ec1a8233,True
paomon,https://digimon.net/reference/detail.php?directory_name=paomon,パオモン,PAOMON,幼年期Ⅰ,幼年期Ⅰ,スライム型,スライム型,,,・酸の泡,https://digimon.net/cimages/digimon/paomon.jpg,False,0,幼年期Ⅰ,,1,False,False,False,True,188,a3e6ca2af26e46ba57bea91c7f8abf54098dcedab36ef6920ac442aa6841645c,True
nyokimon,https://digimon.net/reference/detail.php?directory_name=nyokimon,ニョキモン,NYOKIMON,幼年期Ⅰ,幼年期Ⅰ,種子型,種子型,,,・シードクラッカー,https://digimon.net/cimages/digimon/nyokimon.jpg,False,0,幼年期Ⅰ,,1,False,False,False,True,192,bc9a77a22e5dba6d42941786d61d2ec9bc328a5b1c31d17de678bf1791b87757,True
dodomon,https://digimon.net/reference/detail.php?directory_name=dodomon,ドドモン,DODOMON,幼年期Ⅰ,幼年期Ⅰ,スライム型,スライム型,,,・小さな鉄粒,https://digimon.net/cimages/digimon/dodomon.jpg,False,0,幼年期Ⅰ,,1,True,False,False,True,148,cd53a354b09e722bccb49c8c9575562eedf8139216cf80ec41d65ae8054bf00e,True
tsubumon,https://digimon.net/reference/detail.php?directory_name=tsubumon,ツブモン,TSUBUMON,幼年期Ⅰ,幼年期Ⅰ,スライム型,スライム型,,,・酸の泡,https://digimon.net/cimages/digimon/tsubumon.jpg,False,0,幼年期Ⅰ,,1,False,False,False,True,176,ece2d65099dc0b2ce8c3d040b2fc45809a852adf3093347ad8343f2ca66a1664,True
choromon,https://digimon.net/reference/detail.php?directory_name=choromon,チョロモン,CHOROMON,幼年期Ⅰ,幼年期Ⅰ,マシーン型,マシーン型,,,・ジャミングパウダー,https://digimon.net/cimages/digimon/choromon.jpg,False,0,幼年期Ⅰ,,1,False,False,False,True,213,a432d4ab9a0c06807416f3502e4d6e64659fa8abdf0e7099d93f58aa65d1deb3,True
chicomon,https://digimon.net/reference/detail.php?directory_name=chicomon,チコモン,CHICOMON,幼年期Ⅰ,幼年期Ⅰ,スライム型,スライム型,,,・酸の泡,https://digimon.net/cimages/digimon/chicomon.jpg,False,0,幼年期Ⅰ,,1,False,False,False,True,168,c45cf9f75e0d84e3f2faa9baeec3c4fe7ff0292b45215c36101919e3c48d665c,True
zerimon,https://digimon.net/reference/detail.php?directory_name=zerimon,ゼリモン,ZERIMON,幼年期Ⅰ,幼年期Ⅰ,スライム型,スライム型,,,・酸の泡,https://digimon.net/cimages/digimon/zerimon.jpg,False,0,幼年期Ⅰ,,1,False,False,False,True,242,92d85e9de5f2f3e9777a213d5faa198a752618298e95fcc0b4db60cd099c45ec,True
zurumon,https://digimon.net/reference/detail.php?directory_name=zurumon,ズルモン,ZURUMON,幼年期Ⅰ,幼年期Ⅰ,スライム型,スライム型,,,・毒の泡,https://digimon.net/cimages/digimon/zurumon.jpg,False,0,幼年期Ⅰ,,1,False,False,False,True,151,2e1b3c8f1b983b90accddb8be3b4c611cc639286b0ab7ddd3733675bbb2ac859,True
jyarimon,https://digimon.net/reference/detail.php?directory_name=jyarimon,ジャリモン,JYARIMON,幼年期Ⅰ,幼年期Ⅰ,スライム型,スライム型,,,・熱気を帯びた泡,https://digimon.net/cimages/digimon/jyarimon.jpg,False,0,幼年期Ⅰ,,1,False,False,False,True,207,459dee8249f15cf06d53471e1b8266b502bf40b0aeb2da8640bde486e5fd5036,True
sakumon,https://digimon.net/reference/detail.php?directory_name=sakumon,サクモン,SAKUMON,幼年期Ⅰ,幼年期Ⅰ,武器型,武器型,,,・サックリ,https://digimon.net/cimages/digimon/sakumon.jpg,False,0,幼年期Ⅰ,,1,False,False,False,True,117,2327c1fda51da4e8bd6b813f7926b59c073081cccf819f87d338de08c9d1433c,True
cocomon,https://digimon.net/reference/detail.php?directory_name=cocomon,ココモン,COCOMON,幼年期Ⅰ,幼年期Ⅰ,スライム型,スライム型,,,・酸の泡,https://digimon.net/cimages/digimon/cocomon.jpg,False,0,幼年期Ⅰ,,1,False,False,False,True,197,fa76eb3546d9f3eb32c35988e054b286a39586134b894b2c9fae2a6c942033f9,True
kuramon,https://digimon.net/reference/detail.php?directory_name=kuramon,クラモン,KURAMON,幼年期Ⅰ,幼年期Ⅰ,種族不明,種族不明,,,・グレアーアイ,https://digimon.net/cimages/digimon/kuramon.jpg,False,0,幼年期Ⅰ,,1,False,False,False,True,226,d36e8bcd08b5dee7fb10da845c07bd1983f267a5e9b62ccad3cb3e25fd93ea80,True
