species_id,internal_name,source_kind,source_id,official_type,official_attribute,sprite_family,donor_species_id,donor_species_constant,donor_assignment,palette_preset,override_asset
1,DM0001,digimon,nosferamon,アンデッド型,ウィルス,undead,169,SPECIES_CROBAT,explicit_dm0001,base,
2,DM0002,digimon,artiomon,獣人型,ワクチン,beast,53,SPECIES_PERSIAN,family_cycle_v0,base,
3,DM0003,digimon,atratusmon,突然変異型,データ,base,3,SPECIES_VENUSAUR,family_cycle_v0,base,
4,DM0004,digimon,albatusmon,突然変異型,データ,base,4,SPECIES_CHARMANDER,family_cycle_v0,base,
5,DM0005,digimon,heliosboamon,爬虫類型,データ,insect,14,SPECIES_KAKUNA,family_cycle_v0,base,
6,DM0006,digimon,habakirimon,神人型,ウィルス,holy,146,SPECIES_MOLTRES,family_cycle_v0,base,
7,DM0007,digimon,bearcatmon,獣人型,ワクチン,beast,162,SPECIES_FURRET,family_cycle_v0,base,
8,DM0008,digimon,taowumon,魔獣型,ウィルス,beast,190,SPECIES_AIPOM,family_cycle_v0,base,
9,DM0009,digimon,scourgechiropmon,マシーン型,ウィルス,machine,233,SPECIES_PORYGON2,family_cycle_v0,base,
10,DM0010,digimon,monarchlizamon,サイボーグ型,データ,machine,299,SPECIES_NOSEPASS,family_cycle_v0,base,
11,DM0011,digimon,apollomon_whispered,,,base,11,SPECIES_METAPOD,family_cycle_v0,base,
12,DM0012,digimon,kingwhamon,水棲哺乳類型,ワクチン,aquatic,116,SPECIES_HORSEA,family_cycle_v0,base,
13,DM0013,digimon,armamon_burstmode,,,base,13,SPECIES_WEEDLE,family_cycle_v0,base,
14,DM0014,digimon,armamon,,,base,14,SPECIES_KAKUNA,family_cycle_v0,base,
15,DM0015,digimon,shoutmonx5s,,,base,15,SPECIES_BEEDRILL,family_cycle_v0,base,
16,DM0016,digimon,vortexdramon,鳥竜型,データ,dragon,381,SPECIES_LATIOS,family_cycle_v0,base,
17,DM0017,digimon,shoutmonx4s,,,base,17,SPECIES_PIDGEOTTO,family_cycle_v0,base,
18,DM0018,digimon,shoutmonx3sd,,,base,18,SPECIES_PIDGEOT,family_cycle_v0,base,
19,DM0019,digimon,shoutmonx3gm,,,base,19,SPECIES_RATTATA,family_cycle_v0,base,
20,DM0020,digimon,azhdarmon,翼竜型,ウィルス,dragon,148,SPECIES_DRAGONAIR,family_cycle_v0,base,
21,DM0021,digimon,tengumon,鳥人型,ウィルス,base,21,SPECIES_SPEAROW,family_cycle_v0,base,
22,DM0022,digimon,amaterasumon,神人型,ワクチン,holy,281,SPECIES_KIRLIA,family_cycle_v0,base,
23,DM0023,digimon,enmamon,魔王型,ウィルス,demon,332,SPECIES_CACTURNE,family_cycle_v0,base,
24,DM0024,digimon,seitengokuwmon,如来型,ウィルス,base,24,SPECIES_ARBOK,family_cycle_v0,base,
25,DM0025,digimon,exmaquinamon,特異型,データ,base,25,SPECIES_PIKACHU,family_cycle_v0,base,
26,DM0026,digimon,dalphomon,獣型,ウィルス,beast,128,SPECIES_TAUROS,family_cycle_v0,base,
27,DM0027,digimon,shishimamon,聖獣型,ワクチン,holy,381,SPECIES_LATIOS,family_cycle_v0,base,
28,DM0028,digimon,darumamon,突然変異型,ワクチン,base,28,SPECIES_SANDSLASH,family_cycle_v0,base,
29,DM0029,digimon,rhamphomon,翼竜型,ウィルス,dragon,371,SPECIES_BAGON,family_cycle_v0,base,
30,DM0030,digimon,chronomon_destroy,神人型,ウィルス,holy,36,SPECIES_CLEFABLE,family_cycle_v0,base,
31,DM0031,digimon,chronomon_holy,神人型,ワクチン,holy,113,SPECIES_CHANSEY,family_cycle_v0,base,
32,DM0032,digimon,butenmon,神人型,ワクチン,holy,144,SPECIES_ARTICUNO,family_cycle_v0,base,
33,DM0033,digimon,buraimon,鳥人型,ワクチン,base,33,SPECIES_NIDORINO,family_cycle_v0,base,
34,DM0034,digimon,hyokomon,ヒナ鳥型,ワクチン,base,34,SPECIES_NIDOKING,family_cycle_v0,base,
35,DM0035,digimon,chicchimon,ヒナ鳥型,,base,35,SPECIES_CLEFAIRY,family_cycle_v0,base,
36,DM0036,digimon,zombieplutomon,アンデッド型,ウィルス,undead,356,SPECIES_DUSCLOPS,family_cycle_v0,base,
37,DM0037,digimon,manekimon,パペット型,ワクチン,base,37,SPECIES_VULPIX,family_cycle_v0,base,
38,DM0038,digimon,hakubamon,聖獣型,ワクチン,holy,176,SPECIES_TOGETIC,family_cycle_v0,base,
39,DM0039,digimon,wankomon,獣型,ワクチン,beast,300,SPECIES_SKITTY,family_cycle_v0,base,
40,DM0040,digimon,gasamon,軟体型,ウィルス,aquatic,270,SPECIES_LOTAD,family_cycle_v0,base,
41,DM0041,digimon,takinmon,獣型,ワクチン,beast,335,SPECIES_ZANGOOSE,family_cycle_v0,base,
42,DM0042,digimon,fujamon,水棲型,ウィルス,aquatic,272,SPECIES_LUDICOLO,family_cycle_v0,base,
43,DM0043,digimon,kakamon,獣型,ワクチン,beast,52,SPECIES_MEOWTH,family_cycle_v0,base,
44,DM0044,digimon,armalizamon,爬虫類型,データ,insect,48,SPECIES_VENONAT,family_cycle_v0,base,
45,DM0045,digimon,onibimon,ゴースト型,,undead,356,SPECIES_DUSCLOPS,family_cycle_v0,base,
46,DM0046,digimon,tomorimon,ゴースト型,,undead,92,SPECIES_GASTLY,family_cycle_v0,base,
47,DM0047,digimon,mococomon,スモーク型,,base,47,SPECIES_PARASECT,family_cycle_v0,base,
48,DM0048,digimon,fukamon,スモーク型,,base,48,SPECIES_VENONAT,family_cycle_v0,base,
49,DM0049,digimon,parallelmon,突然変異型,ウィルス,base,49,SPECIES_VENOMOTH,family_cycle_v0,base,
50,DM0050,digimon,nightchiropmon,獣人型,ウィルス,beast,190,SPECIES_AIPOM,family_cycle_v0,base,
51,DM0051,digimon,styracomon,竜人型,データ,dragon,384,SPECIES_RAYQUAZA,family_cycle_v0,base,
52,DM0052,digimon,taotiemon,鬼人型,ウィルス,demon,359,SPECIES_ABSOL,family_cycle_v0,base,
53,DM0053,digimon,craniummon_enbarrmon,聖騎士型,ワクチン,holy,334,SPECIES_ALTARIA,family_cycle_v0,base,
54,DM0054,digimon,enbarrmon,アンデッド型,データ,undead,356,SPECIES_DUSCLOPS,family_cycle_v0,base,
55,DM0055,digimon,metatromon,マシーン型,ワクチン,machine,306,SPECIES_AGGRON,family_cycle_v0,base,
56,DM0056,digimon,greatgryzmon,獣人型,ワクチン,beast,228,SPECIES_HOUNDOUR,family_cycle_v0,base,
57,DM0057,digimon,titamon_skullbaluchimon,神人型,ウィルス,holy,35,SPECIES_CLEFAIRY,family_cycle_v0,base,
58,DM0058,digimon,cougarmon,哺乳類型,ウィルス,beast,261,SPECIES_POOCHYENA,family_cycle_v0,base,
59,DM0059,digimon,masterblimpmon,マシーン型,データ,machine,375,SPECIES_METANG,family_cycle_v0,base,
60,DM0060,digimon,hyemon,獣型,データ,beast,300,SPECIES_SKITTY,family_cycle_v0,base,
61,DM0061,digimon,murasamemon,獣人型,ウィルス,beast,301,SPECIES_DELCATTY,family_cycle_v0,base,
62,DM0062,digimon,wolvermon,サイボーグ型,ワクチン,machine,378,SPECIES_REGICE,family_cycle_v0,base,
63,DM0063,digimon,chiropmon,哺乳類型,ウィルス,beast,359,SPECIES_ABSOL,family_cycle_v0,base,
64,DM0064,digimon,pristimon,パペット型,ワクチン,base,64,SPECIES_KADABRA,family_cycle_v0,base,
65,DM0065,digimon,dullahamon,ゴースト型,データ,undead,93,SPECIES_HAUNTER,family_cycle_v0,base,
66,DM0066,digimon,gekkomon,爬虫類型,データ,insect,292,SPECIES_SHEDINJA,family_cycle_v0,base,
67,DM0067,digimon,kekkomon,レッサー型,,base,67,SPECIES_MACHOKE,family_cycle_v0,base,
68,DM0068,digimon,kekomon,スライム型,,base,68,SPECIES_MACHAMP,family_cycle_v0,base,
69,DM0069,digimon,magneticdramon,岩竜型,ウィルス,dragon,130,SPECIES_GYARADOS,family_cycle_v0,base,
70,DM0070,digimon,maneuvermon,獣型,ウィルス,beast,162,SPECIES_FURRET,family_cycle_v0,base,
71,DM0071,digimon,turbomon,獣型,ウィルス,beast,190,SPECIES_AIPOM,family_cycle_v0,base,
72,DM0072,digimon,nyabootmon,パペット型,ウィルス,base,72,SPECIES_TENTACOOL,family_cycle_v0,base,
73,DM0073,digimon,yihumon,獣人型,ワクチン,beast,209,SPECIES_SNUBBULL,family_cycle_v0,base,
74,DM0074,digimon,ariemon,水棲型,データ,aquatic,98,SPECIES_KRABBY,family_cycle_v0,base,
75,DM0075,digimon,skullseadramon,アンデッド型,ウィルス,undead,94,SPECIES_GENGAR,family_cycle_v0,base,
76,DM0076,digimon,sharkmon,サイボーグ型,ウィルス,machine,306,SPECIES_AGGRON,family_cycle_v0,base,
77,DM0077,digimon,kaguyamon,パペット型,データ,base,77,SPECIES_PONYTA,family_cycle_v0,base,
78,DM0078,digimon,karakurumon,パペット型,データ,base,78,SPECIES_RAPIDASH,family_cycle_v0,base,
79,DM0079,digimon,kokeshimon,パペット型,データ,base,79,SPECIES_SLOWPOKE,family_cycle_v0,base,
80,DM0080,digimon,hanimon,パペット型,データ,base,80,SPECIES_SLOWBRO,family_cycle_v0,base,
81,DM0081,digimon,mockingbirdmon,マシーン型,ワクチン,machine,376,SPECIES_METAGROSS,family_cycle_v0,base,
82,DM0082,digimon,mulemon,マシーン型,ワクチン,machine,377,SPECIES_REGIROCK,family_cycle_v0,base,
83,DM0083,digimon,maquinamon,合成型,データ,base,83,SPECIES_FARFETCHD,family_cycle_v0,base,
84,DM0084,digimon,nazhamon_crimson,サイボーグ型,データ,machine,379,SPECIES_REGISTEEL,family_cycle_v0,base,
85,DM0085,digimon,shagaramon,聖竜型,データ,dragon,384,SPECIES_RAYQUAZA,family_cycle_v0,base,
86,DM0086,digimon,medusamon,竜人型,ウィルス,dragon,130,SPECIES_GYARADOS,family_cycle_v0,base,
87,DM0087,digimon,lamiamon,竜人型,ウィルス,dragon,147,SPECIES_DRATINI,family_cycle_v0,base,
88,DM0088,digimon,necromon,ゴースト型,ウィルス,undead,354,SPECIES_BANETTE,family_cycle_v0,base,
89,DM0089,digimon,jougamon,神人型,ワクチン,holy,145,SPECIES_ZAPDOS,family_cycle_v0,base,
90,DM0090,digimon,pyramidimon,鉱物型,ウィルス,base,90,SPECIES_SHELLDER,family_cycle_v0,base,
91,DM0091,digimon,proganomon,鉱物型,ウィルス,base,91,SPECIES_CLOYSTER,family_cycle_v0,base,
92,DM0092,digimon,landramon,鉱物型,ウィルス,base,92,SPECIES_GASTLY,family_cycle_v0,base,
93,DM0093,digimon,invisimon,サイボーグ型,ウィルス,machine,233,SPECIES_PORYGON2,family_cycle_v0,base,
94,DM0094,digimon,oblivimon,サイボーグ型,ウィルス,machine,299,SPECIES_NOSEPASS,family_cycle_v0,base,
95,DM0095,digimon,dimetromon,爬虫類型,ウィルス,insect,268,SPECIES_CASCOON,family_cycle_v0,base,
96,DM0096,digimon,ryugumon,軟体型,データ,aquatic,222,SPECIES_CORSOLA,family_cycle_v0,base,
97,DM0097,digimon,cerunumon,聖獣型,データ,holy,196,SPECIES_ESPEON,family_cycle_v0,base,
98,DM0098,digimon,marinbullmon,軟体型,データ,aquatic,224,SPECIES_OCTILLERY,family_cycle_v0,base,
99,DM0099,digimon,elizamon,爬虫類型,ウィルス,insect,290,SPECIES_NINCADA,family_cycle_v0,base,
100,DM0100,digimon,nezhamon,サイボーグ型,データ,machine,374,SPECIES_BELDUM,family_cycle_v0,base,
101,DM0101,digimon,dinomon,恐竜型,ワクチン,dragon,381,SPECIES_LATIOS,family_cycle_v0,base,
102,DM0102,digimon,skadimon,氷雪型,ワクチン,base,102,SPECIES_EXEGGCUTE,family_cycle_v0,base,
103,DM0103,digimon,polarbearmon,氷雪型,ワクチン,base,103,SPECIES_EXEGGUTOR,family_cycle_v0,base,
104,DM0104,digimon,erlangmon_blast,神人型,ワクチン,holy,251,SPECIES_CELEBI,family_cycle_v0,base,
105,DM0105,digimon,queenbeemon,サイボーグ型,ウィルス,machine,379,SPECIES_REGISTEEL,family_cycle_v0,base,
106,DM0106,digimon,vespamon,サイボーグ型,ウィルス,machine,81,SPECIES_MAGNEMITE,family_cycle_v0,base,
107,DM0107,digimon,forgebeemon,サイボーグ型,ウィルス,machine,82,SPECIES_MAGNETON,family_cycle_v0,base,
108,DM0108,digimon,heavymetaldramon,邪竜型,ウィルス,dragon,246,SPECIES_LARVITAR,family_cycle_v0,base,
109,DM0109,digimon,loudmon,サイボーグ型,ウィルス,machine,101,SPECIES_ELECTRODE,family_cycle_v0,base,
110,DM0110,digimon,punkmon,魔竜型,ウィルス,dragon,248,SPECIES_TYRANITAR,family_cycle_v0,base,
111,DM0111,digimon,takutoumon_wrath,神人型,ワクチン,holy,381,SPECIES_LATIOS,family_cycle_v0,base,
112,DM0112,digimon,erlangmon,神人型,ワクチン,holy,385,SPECIES_JIRACHI,family_cycle_v0,base,
113,DM0113,digimon,cendrillmon,パペット型,ウィルス,base,113,SPECIES_CHANSEY,family_cycle_v0,base,
114,DM0114,digimon,chaperomon,パペット型,ウィルス,base,114,SPECIES_TANGELA,family_cycle_v0,base,
115,DM0115,digimon,zephagamon,魔法騎士型,データ,base,115,SPECIES_KANGASKHAN,family_cycle_v0,base,
116,DM0116,digimon,grandgalemon,鳥竜型,データ,dragon,373,SPECIES_SALAMENCE,family_cycle_v0,base,
117,DM0117,digimon,fluffymon,小鳥型,,base,117,SPECIES_SEADRA,family_cycle_v0,base,
118,DM0118,digimon,yolkmon,スライム型,,base,118,SPECIES_GOLDEEN,family_cycle_v0,base,
119,DM0119,digimon,callismon,魔獣型,ウィルス,beast,228,SPECIES_HOUNDOUR,family_cycle_v0,base,
120,DM0120,digimon,tlalocmon,鉱物型,データ,base,120,SPECIES_STARYU,family_cycle_v0,base,
121,DM0121,digimon,shoeshoemon,パペット型,ウィルス,base,121,SPECIES_STARMIE,family_cycle_v0,base,
122,DM0122,digimon,shoemon,パペット型,ウィルス,base,122,SPECIES_MR_MIME,family_cycle_v0,base,
123,DM0123,digimon,galemon,鳥竜型,データ,dragon,149,SPECIES_DRAGONITE,family_cycle_v0,base,
124,DM0124,digimon,pteromon,鳥竜型,データ,dragon,230,SPECIES_KINGDRA,family_cycle_v0,base,
125,DM0125,digimon,takutoumon,神人型,ワクチン,holy,196,SPECIES_ESPEON,family_cycle_v0,base,
126,DM0126,digimon,fenriloogamon_takemikazuchi,魔獣型,ウィルス,beast,359,SPECIES_ABSOL,family_cycle_v0,base,
127,DM0127,digimon,bigukkomon,古代妖精型,フリー,base,127,SPECIES_PINSIR,family_cycle_v0,base,
128,DM0128,digimon,ukkomon,古代妖精型,フリー,base,128,SPECIES_TAUROS,family_cycle_v0,base,
129,DM0129,digimon,dijiangmon,突然変異型,ウィルス,base,129,SPECIES_MAGIKARP,family_cycle_v0,base,
130,DM0130,digimon,xingtianmon,鬼人型,ウィルス,demon,359,SPECIES_ABSOL,family_cycle_v0,base,
131,DM0131,digimon,lianpumon,突然変異型,データ,base,131,SPECIES_LAPRAS,family_cycle_v0,base,
132,DM0132,digimon,dominimon,主天使型,ワクチン,angel,385,SPECIES_JIRACHI,family_cycle_v0,base,
133,DM0133,digimon,arkhaiangemon,権天使型,ワクチン,angel,175,SPECIES_TOGEPI,family_cycle_v0,base,
134,DM0134,digimon,luxmon,天使型,ワクチン,angel,176,SPECIES_TOGETIC,family_cycle_v0,base,
135,DM0135,digimon,huanglongmon_ruin,神獣型,NO DATA,holy,282,SPECIES_GARDEVOIR,family_cycle_v0,base,
136,DM0136,digimon,moonmon,レッサー型,,base,136,SPECIES_FLAREON,family_cycle_v0,base,
137,DM0137,digimon,sunmon,レッサー型,,base,137,SPECIES_PORYGON,family_cycle_v0,base,
138,DM0138,digimon,brigadramon,サイボーグ型,ウィルス,machine,305,SPECIES_LAIRON,family_cycle_v0,base,
139,DM0139,digimon,hi-commandramon,サイボーグ型,ウィルス,machine,306,SPECIES_AGGRON,family_cycle_v0,base,
140,DM0140,digimon,fenriloogamon,魔獣型,ウィルス,beast,228,SPECIES_HOUNDOUR,family_cycle_v0,base,
141,DM0141,digimon,helloogarmon,魔獣型,ウィルス,beast,229,SPECIES_HOUNDOOM,family_cycle_v0,base,
142,DM0142,digimon,soloogarmon,魔獣型,ウィルス,beast,261,SPECIES_POOCHYENA,family_cycle_v0,base,
143,DM0143,digimon,cargodramon,マシーン型,ウィルス,machine,375,SPECIES_METANG,family_cycle_v0,base,
144,DM0144,digimon,loogarmon,魔獣型,ウィルス,beast,300,SPECIES_SKITTY,family_cycle_v0,base,
145,DM0145,digimon,bowmon,レッサー型,,base,145,SPECIES_ZAPDOS,family_cycle_v0,base,
146,DM0146,digimon,fusamon,スライム型,,base,146,SPECIES_MOLTRES,family_cycle_v0,base,
147,DM0147,digimon,quantumon,妖精型,データ,base,147,SPECIES_DRATINI,family_cycle_v0,base,
148,DM0148,digimon,loogamon,魔獣型,ウィルス,beast,52,SPECIES_MEOWTH,family_cycle_v0,base,
149,DM0149,digimon,proximamon,特異型,ウィルス,base,149,SPECIES_DRAGONITE,family_cycle_v0,base,
150,DM0150,digimon,arcturusmon,竜人型,ウィルス,dragon,373,SPECIES_SALAMENCE,family_cycle_v0,base,
151,DM0151,digimon,greyknightsmon,,,base,151,SPECIES_MEW,family_cycle_v0,base,
152,DM0152,digimon,zanmetsumon,獣竜型,ウィルス,dragon,381,SPECIES_LATIOS,family_cycle_v0,base,
153,DM0153,digimon,bombermon,突然変異型,ウィルス,base,153,SPECIES_BAYLEEF,family_cycle_v0,base,
154,DM0154,digimon,ghilliedhumon,妖精型,データ,base,154,SPECIES_MEGANIUM,family_cycle_v0,base,
155,DM0155,digimon,fumamon,サイボーグ型,データ,machine,212,SPECIES_SCIZOR,family_cycle_v0,base,
156,DM0156,digimon,cthyllamon,妖精型,ウィルス,base,156,SPECIES_QUILAVA,family_cycle_v0,base,
157,DM0157,digimon,regulusmon,邪竜型,ウィルス,dragon,149,SPECIES_DRAGONITE,family_cycle_v0,base,
158,DM0158,digimon,ragnamon,不明,不明,base,158,SPECIES_TOTODILE,family_cycle_v0,base,
159,DM0159,digimon,destromon,不明,不明,base,159,SPECIES_CROCONAW,family_cycle_v0,base,
160,DM0160,digimon,snatchmon,不明,不明,base,160,SPECIES_FERALIGATR,family_cycle_v0,base,
161,DM0161,digimon,bemmon,不明,不明,base,161,SPECIES_SENTRET,family_cycle_v0,base,
162,DM0162,digimon,baalmon_x,魔人型,フリー,dark,92,SPECIES_GASTLY,family_cycle_v0,base,
163,DM0163,digimon,amphimon,サイボーグ型,データ,machine,374,SPECIES_BELDUM,family_cycle_v0,base,
164,DM0164,digimon,diarbbitmon,獣騎士型,ワクチン,beast,262,SPECIES_MIGHTYENA,family_cycle_v0,base,
165,DM0165,digimon,siriusmon,光竜型,ワクチン,dragon,371,SPECIES_BAGON,family_cycle_v0,base,
166,DM0166,digimon,shinegreymon_ruin,光竜型,ワクチン,dragon,372,SPECIES_SHELGON,family_cycle_v0,base,
167,DM0167,digimon,chamblemon,植物型,ウィルス,base,167,SPECIES_SPINARAK,family_cycle_v0,base,
168,DM0168,digimon,publimon,突然変異型,データ,base,168,SPECIES_ARIADOS,family_cycle_v0,base,
169,DM0169,digimon,oleamon,食虫植物型,ウィルス,insect,290,SPECIES_NINCADA,family_cycle_v0,base,
170,DM0170,digimon,huankunmon,水棲型,ワクチン,aquatic,272,SPECIES_LUDICOLO,family_cycle_v0,base,
171,DM0171,digimon,xiangpengmon,聖鳥型,ワクチン,holy,113,SPECIES_CHANSEY,family_cycle_v0,base,
172,DM0172,digimon,xiquemon,鳥型,ワクチン,base,172,SPECIES_PICHU,family_cycle_v0,base,
173,DM0173,digimon,imperialdramonfightermode_vi,古代竜人型,ウィルス,dragon,148,SPECIES_DRAGONAIR,family_cycle_v0,base,
174,DM0174,digimon,greymon_blue_x,恐竜型,ウィルス,dragon,149,SPECIES_DRAGONITE,family_cycle_v0,base,
175,DM0175,digimon,oboromon,アンデッド型,ウィルス,undead,200,SPECIES_MISDREAVUS,family_cycle_v0,base,
176,DM0176,digimon,gyukimon,魔獣型,ウィルス,beast,190,SPECIES_AIPOM,family_cycle_v0,base,
177,DM0177,digimon,shinmonzaemon,パペット型,ワクチン,base,177,SPECIES_NATU,family_cycle_v0,base,
178,DM0178,digimon,hoverespimon,サイボーグ型,ウィルス,machine,299,SPECIES_NOSEPASS,family_cycle_v0,base,
179,DM0179,digimon,espimon,サイボーグ型,ウィルス,machine,304,SPECIES_ARON,family_cycle_v0,base,
180,DM0180,digimon,jupitermmon_wrath,神人型,ワクチン,holy,178,SPECIES_XATU,family_cycle_v0,base,
181,DM0181,digimon,plutomon,神人型,ウィルス,holy,196,SPECIES_ESPEON,family_cycle_v0,base,
182,DM0182,digimon,ceresmon,神人型,データ,holy,242,SPECIES_BLISSEY,family_cycle_v0,base,
183,DM0183,digimon,bacchusmon,神人型,ウィルス,holy,243,SPECIES_RAIKOU,family_cycle_v0,base,
184,DM0184,digimon,junomon_hysteric,神人型,ウィルス,holy,244,SPECIES_ENTEI,family_cycle_v0,base,
185,DM0185,digimon,junomon,神人型,ウィルス,holy,245,SPECIES_SUICUNE,family_cycle_v0,base,
186,DM0186,digimon,thetismon,水棲獣人型,データ,aquatic,365,SPECIES_WALREIN,family_cycle_v0,base,
187,DM0187,digimon,lamortmon,獣型,ワクチン,beast,301,SPECIES_DELCATTY,family_cycle_v0,base,
188,DM0188,digimon,canoweissmon,天竜型,ワクチン,dragon,130,SPECIES_GYARADOS,family_cycle_v0,base,
189,DM0189,digimon,sistermon_ciel_Awake,パペット型,データ,base,189,SPECIES_JUMPLUFF,family_cycle_v0,base,
190,DM0190,digimon,sistermon_noir_Awake,パペット型,ウィルス,base,190,SPECIES_AIPOM,family_cycle_v0,base,
191,DM0191,digimon,sistermon_blanc_Awake,パペット型,ワクチン,base,191,SPECIES_SUNKERN,family_cycle_v0,base,
192,DM0192,digimon,gulusgammamon,竜人型,ウィルス,dragon,230,SPECIES_KINGDRA,family_cycle_v0,base,
193,DM0193,digimon,teslajellymon,軟体型,データ,aquatic,7,SPECIES_SQUIRTLE,family_cycle_v0,base,
194,DM0194,digimon,symbareangoramon,獣人型,ワクチン,beast,128,SPECIES_TAUROS,family_cycle_v0,base,
195,DM0195,digimon,blacktailmon_uver,魔獣型,ウィルス,beast,161,SPECIES_SENTRET,family_cycle_v0,base,
196,DM0196,digimon,weddinmon,妖精型,ワクチン,base,196,SPECIES_ESPEON,family_cycle_v0,base,
197,DM0197,digimon,shortmon,食物型,データ,base,197,SPECIES_UMBREON,family_cycle_v0,base,
198,DM0198,digimon,blackrapidmon,サイボーグ型,ワクチン,machine,233,SPECIES_PORYGON2,family_cycle_v0,base,
199,DM0199,digimon,blackgalgomon,獣人型,ワクチン,beast,209,SPECIES_SNUBBULL,family_cycle_v0,base,
200,DM0200,digimon,omegamonzwart_d,聖騎士型,ウィルス,holy,144,SPECIES_ARTICUNO,family_cycle_v0,base,
201,DM0201,digimon,wezengammamon,角竜型,データ,dragon,373,SPECIES_SALAMENCE,family_cycle_v0,base,
202,DM0202,digimon,kausgammamon,竜人型,データ,dragon,380,SPECIES_LATIAS,family_cycle_v0,base,
203,DM0203,digimon,betelgammamon,竜人型,ワクチン,dragon,381,SPECIES_LATIOS,family_cycle_v0,base,
204,DM0204,digimon,abbadomoncore,種族不明,不明,base,204,SPECIES_PINECO,family_cycle_v0,base,
205,DM0205,digimon,luminamon_nene,合成型,ワクチン,base,205,SPECIES_FORRETRESS,family_cycle_v0,base,
206,DM0206,digimon,shoutmonx7_superior,,,base,206,SPECIES_DUNSPARCE,family_cycle_v0,base,
207,DM0207,digimon,jellymon,軟体型,データ,aquatic,119,SPECIES_SEAKING,family_cycle_v0,base,
208,DM0208,digimon,puyoyomon,レッサー型,,base,208,SPECIES_STEELIX,family_cycle_v0,base,
209,DM0209,digimon,puyomon,スライム型,,base,209,SPECIES_SNUBBULL,family_cycle_v0,base,
210,DM0210,digimon,angoramon,獣型,ワクチン,beast,359,SPECIES_ABSOL,family_cycle_v0,base,
211,DM0211,digimon,bosamon,レッサー型,,base,211,SPECIES_QWILFISH,family_cycle_v0,base,
212,DM0212,digimon,pyonmon,スライム型,,base,212,SPECIES_SCIZOR,family_cycle_v0,base,
213,DM0213,digimon,gammamon,角竜型,ウィルス,dragon,329,SPECIES_VIBRAVA,family_cycle_v0,base,
214,DM0214,digimon,gurimon,レッサー型,,base,214,SPECIES_HERACROSS,family_cycle_v0,base,
215,DM0215,digimon,curimon,スライム型,,base,215,SPECIES_SNEASEL,family_cycle_v0,base,
216,DM0216,digimon,abbadomon,種族不明,不明,base,216,SPECIES_TEDDIURSA,family_cycle_v0,base,
217,DM0217,digimon,negamon,不明,,base,217,SPECIES_URSARING,family_cycle_v0,base,
218,DM0218,digimon,pilevolcamon,サイボーグ型,データ,machine,212,SPECIES_SCIZOR,family_cycle_v0,base,
219,DM0219,digimon,raidenmon,マシーン型,ウィルス,machine,233,SPECIES_PORYGON2,family_cycle_v0,base,
220,DM0220,digimon,raijinmon,サイボーグ型,ウィルス,machine,299,SPECIES_NOSEPASS,family_cycle_v0,base,
221,DM0221,digimon,dokunemon,幼虫型,ウィルス,insect,123,SPECIES_SCYTHER,family_cycle_v0,base,
222,DM0222,digimon,modokibetamon,両生類型,データ,aquatic,195,SPECIES_QUAGSIRE,family_cycle_v0,base,
223,DM0223,digimon,hydramon,植物型,ウィルス,base,223,SPECIES_REMORAID,family_cycle_v0,base,
224,DM0224,digimon,bloomlordmon,妖精型,ワクチン,base,224,SPECIES_OCTILLERY,family_cycle_v0,base,
225,DM0225,digimon,ajatarmon,植物型,ワクチン,base,225,SPECIES_DELIBIRD,family_cycle_v0,base,
226,DM0226,digimon,gardromon_gold,マシーン型,フリー,machine,374,SPECIES_BELDUM,family_cycle_v0,base,
227,DM0227,digimon,burgamon_lv4,食物型,ワクチン,base,227,SPECIES_SKARMORY,family_cycle_v0,base,
228,DM0228,digimon,pidmon,天使型,ワクチン,angel,282,SPECIES_GARDEVOIR,family_cycle_v0,base,
229,DM0229,digimon,sandyammamon,昆虫型,データ,insect,205,SPECIES_FORRETRESS,family_cycle_v0,base,
230,DM0230,digimon,yammamon,昆虫型,データ,insect,212,SPECIES_SCIZOR,family_cycle_v0,base,
231,DM0231,digimon,morishellmon,軟体型,データ,aquatic,260,SPECIES_SWAMPERT,family_cycle_v0,base,
232,DM0232,digimon,bombernanimon,インベイド型,ウィルス,base,232,SPECIES_DONPHAN,family_cycle_v0,base,
233,DM0233,digimon,heraklekabuterimon_x,昆虫型,ワクチン,insect,266,SPECIES_SILCOON,family_cycle_v0,base,
234,DM0234,digimon,starmon_x,突然変異型,データ,base,234,SPECIES_STANTLER,family_cycle_v0,base,
235,DM0235,digimon,growmon_x,魔竜型,ウィルス,dragon,373,SPECIES_SALAMENCE,family_cycle_v0,base,
236,DM0236,digimon,hagurumon_x,マシーン型,ウィルス,machine,137,SPECIES_PORYGON,family_cycle_v0,base,
237,DM0237,digimon,gaioumon_itto,竜人型,ウィルス,dragon,381,SPECIES_LATIOS,family_cycle_v0,base,
238,DM0238,digimon,brachiomon,首長竜型,データ,dragon,384,SPECIES_RAYQUAZA,family_cycle_v0,base,
239,DM0239,digimon,kyukimon,妖獣型,ウィルス,beast,190,SPECIES_AIPOM,family_cycle_v0,base,
240,DM0240,digimon,vermillimon,鎧竜型,データ,dragon,147,SPECIES_DRATINI,family_cycle_v0,base,
241,DM0241,digimon,assaultmon,サイボーグ型,ウィルス,machine,299,SPECIES_NOSEPASS,family_cycle_v0,base,
242,DM0242,digimon,tekkamon,マシーン型,ウィルス,machine,304,SPECIES_ARON,family_cycle_v0,base,
243,DM0243,digimon,vulturemon,鳥人型,ウィルス,base,243,SPECIES_RAIKOU,family_cycle_v0,base,
244,DM0244,digimon,goromon,鉱石型,,base,244,SPECIES_ENTEI,family_cycle_v0,base,
245,DM0245,digimon,sunamon,スライム型,,base,245,SPECIES_SUICUNE,family_cycle_v0,base,
246,DM0246,digimon,burpmon,突然変異型,不明,base,246,SPECIES_LARVITAR,family_cycle_v0,base,
247,DM0247,digimon,blackkingnumemon,軟体型,ウィルス,aquatic,350,SPECIES_MILOTIC,family_cycle_v0,base,
248,DM0248,digimon,goldnumemon,突然変異型,ウィルス,base,248,SPECIES_TYRANITAR,family_cycle_v0,base,
249,DM0249,digimon,culumon,不明,不明,base,249,SPECIES_LUGIA,family_cycle_v0,base,
250,DM0250,digimon,gladimon,戦士型,ワクチン,base,250,SPECIES_HO_OH,family_cycle_v0,base,
251,DM0251,digimon,shoutmonx4k,,,base,251,SPECIES_CELEBI,family_cycle_v0,base,
252,DM0252,digimon,kodokugumon,昆虫型,ウィルス,insect,46,SPECIES_PARAS,family_cycle_v0,base,
253,DM0253,digimon,yoxtuyoxtumon,パペット型,ウィルス,base,253,SPECIES_GROVYLE,family_cycle_v0,base,
254,DM0254,digimon,minidekachimon,小竜型,データ,dragon,381,SPECIES_LATIOS,family_cycle_v0,base,
255,DM0255,digimon,atamadekachimon,恐竜型,データ,dragon,384,SPECIES_RAYQUAZA,family_cycle_v0,base,
256,DM0256,digimon,trailmon,マシーン型,データ,machine,101,SPECIES_ELECTRODE,family_cycle_v0,base,
257,DM0257,digimon,greatkingscumon,突然変異型,ウィルス,base,257,SPECIES_BLAZIKEN,family_cycle_v0,base,
258,DM0258,digimon,shroudmon,魔人型,ウィルス,dark,353,SPECIES_SHUPPET,family_cycle_v0,base,
259,DM0259,digimon,frosvelgrmon,巨鳥型,ウィルス,base,259,SPECIES_MARSHTOMP,family_cycle_v0,base,
260,DM0260,digimon,frozomon,マシーン型,ウィルス,machine,212,SPECIES_SCIZOR,family_cycle_v0,base,
261,DM0261,digimon,hiyarimon,レッサー型,,base,261,SPECIES_POOCHYENA,family_cycle_v0,base,
262,DM0262,digimon,blackseraphimon,熾天使型,ウィルス,angel,333,SPECIES_SWABLU,family_cycle_v0,base,
263,DM0263,digimon,rareraremon,アンデッド型,ウィルス,undead,93,SPECIES_HAUNTER,family_cycle_v0,base,
264,DM0264,digimon,climbmon,昆虫型,ウィルス,insect,205,SPECIES_FORRETRESS,family_cycle_v0,base,
265,DM0265,digimon,divemon,水棲型,データ,aquatic,91,SPECIES_CLOYSTER,family_cycle_v0,base,
266,DM0266,digimon,clearagumon,パペット型,ワクチン,base,266,SPECIES_SILCOON,family_cycle_v0,base,
267,DM0267,digimon,bancholilimon,妖精型,データ,base,267,SPECIES_BEAUTIFLY,family_cycle_v0,base,
268,DM0268,digimon,metalgreymon_va_x,サイボーグ型,ワクチン,machine,374,SPECIES_BELDUM,family_cycle_v0,base,
269,DM0269,digimon,panjyamon_x,獣人型,ワクチン,beast,262,SPECIES_MIGHTYENA,family_cycle_v0,base,
270,DM0270,digimon,metalmamemon_x,サイボーグ型,データ,machine,376,SPECIES_METAGROSS,family_cycle_v0,base,
271,DM0271,digimon,thunderballmon_x,突然変異型,データ,base,271,SPECIES_LOMBRE,family_cycle_v0,base,
272,DM0272,digimon,monochromon_x,鎧竜型,データ,dragon,384,SPECIES_RAYQUAZA,family_cycle_v0,base,
273,DM0273,digimon,dobermon_x,魔獣型,ウィルス,beast,359,SPECIES_ABSOL,family_cycle_v0,base,
274,DM0274,digimon,gesomon_x,軟体型,ウィルス,aquatic,129,SPECIES_MAGIKARP,family_cycle_v0,base,
275,DM0275,digimon,gottsumon_x,鉱石型,データ,base,275,SPECIES_SHIFTRY,family_cycle_v0,base,
276,DM0276,digimon,ganimon_x,甲殻類型,データ,aquatic,131,SPECIES_LAPRAS,family_cycle_v0,base,
277,DM0277,digimon,guilmon_x,魔竜型,ウィルス,dragon,230,SPECIES_KINGDRA,family_cycle_v0,base,
278,DM0278,digimon,shoutmon_ex6,,,base,278,SPECIES_WINGULL,family_cycle_v0,base,
279,DM0279,digimon,torikaraballmon,食物型,,base,279,SPECIES_PELIPPER,family_cycle_v0,base,
280,DM0280,digimon,burgamon,食物型,ワクチン,base,280,SPECIES_RALTS,family_cycle_v0,base,
281,DM0281,digimon,potamon,食物型,ワクチン,base,281,SPECIES_KIRLIA,family_cycle_v0,base,
282,DM0282,digimon,achillesmon,獣人型,ウィルス,beast,203,SPECIES_GIRAFARIG,family_cycle_v0,base,
283,DM0283,digimon,shivamon,昆虫型,データ,insect,12,SPECIES_BUTTERFREE,family_cycle_v0,base,
284,DM0284,digimon,kazuchimon,神人型,ワクチン,holy,144,SPECIES_ARTICUNO,family_cycle_v0,base,
285,DM0285,digimon,pistmon,植物型,ウィルス,base,285,SPECIES_SHROOMISH,family_cycle_v0,base,
286,DM0286,digimon,tempomon,鳥人型,データ,base,286,SPECIES_BRELOOM,family_cycle_v0,base,
287,DM0287,digimon,shootmon,マシーン型,ワクチン,machine,343,SPECIES_BALTOY,family_cycle_v0,base,
288,DM0288,digimon,boutmon,獣人型,ワクチン,beast,229,SPECIES_HOUNDOOM,family_cycle_v0,base,
289,DM0289,digimon,mitamamon,神獣型,ワクチン,holy,175,SPECIES_TOGEPI,family_cycle_v0,base,
290,DM0290,digimon,lovelyangemon,戦士型,ワクチン,base,290,SPECIES_NINCADA,family_cycle_v0,base,
291,DM0291,digimon,bibimon,レッサー型,,base,291,SPECIES_NINJASK,family_cycle_v0,base,
292,DM0292,digimon,dokimon,スライム型,,base,292,SPECIES_SHEDINJA,family_cycle_v0,base,
293,DM0293,digimon,namakemon,パペット型,ウィルス,base,293,SPECIES_WHISMUR,family_cycle_v0,base,
294,DM0294,digimon,runnermon,獣型,ウィルス,beast,359,SPECIES_ABSOL,family_cycle_v0,base,
295,DM0295,digimon,exermon,昆虫型,データ,insect,167,SPECIES_SPINARAK,family_cycle_v0,base,
296,DM0296,digimon,bulkmon,竜人型,ワクチン,dragon,247,SPECIES_PUPITAR,family_cycle_v0,base,
297,DM0297,digimon,komondomon,獣型,データ,beast,58,SPECIES_GROWLITHE,family_cycle_v0,base,
298,DM0298,digimon,pulsemon,獣人型,ワクチン,beast,59,SPECIES_ARCANINE,family_cycle_v0,base,
299,DM0299,digimon,omegamon_merciful,聖騎士型,ワクチン,holy,250,SPECIES_HO_OH,family_cycle_v0,base,
300,DM0300,digimon,donedevimon,堕天使型,ウィルス,demon,94,SPECIES_GENGAR,family_cycle_v0,base,
301,DM0301,digimon,waregarurumon_sagittarius,獣人型,ワクチン,beast,162,SPECIES_FURRET,family_cycle_v0,base,
302,DM0302,digimon,imperialdramon_dragon_black,古代竜型,ウィルス,dragon,372,SPECIES_SHELGON,family_cycle_v0,base,
303,DM0303,digimon,manticoremon,魔獣型,ウィルス,beast,203,SPECIES_GIRAFARIG,family_cycle_v0,base,
304,DM0304,digimon,mimicmon,突然変異型,ウィルス,base,304,SPECIES_ARON,family_cycle_v0,base,
305,DM0305,digimon,baluchimon,聖獣型,データ,holy,334,SPECIES_ALTARIA,family_cycle_v0,base,
306,DM0306,digimon,darkmaildramon,サイボーグ型,ウィルス,machine,305,SPECIES_LAIRON,family_cycle_v0,base,
307,DM0307,digimon,metalgreymon_alter,サイボーグ型,ワクチン,machine,306,SPECIES_AGGRON,family_cycle_v0,base,
308,DM0308,digimon,rebellimon,サイボーグ型,ウィルス,machine,343,SPECIES_BALTOY,family_cycle_v0,base,
309,DM0309,digimon,machmon,サイボーグ型,ワクチン,machine,344,SPECIES_CLAYDOL,family_cycle_v0,base,
310,DM0310,digimon,junkmon,パペット型,ウィルス,base,310,SPECIES_MANECTRIC,family_cycle_v0,base,
311,DM0311,digimon,heavyleomon,マシーン型,ワクチン,machine,375,SPECIES_METANG,family_cycle_v0,base,
312,DM0312,digimon,hopmon,幼竜型,,dragon,246,SPECIES_LARVITAR,family_cycle_v0,base,
313,DM0313,digimon,ketomon,スライム型,,base,313,SPECIES_VOLBEAT,family_cycle_v0,base,
314,DM0314,digimon,nidhoggmon,魔竜型,ウィルス,dragon,248,SPECIES_TYRANITAR,family_cycle_v0,base,
315,DM0315,digimon,entmon,植物型,ウィルス,base,315,SPECIES_ROSELIA,family_cycle_v0,base,
316,DM0316,digimon,parasaurmon,恐竜型,ウィルス,dragon,330,SPECIES_FLYGON,family_cycle_v0,base,
317,DM0317,digimon,toropiamon,植物型,ウィルス,base,317,SPECIES_SWALOT,family_cycle_v0,base,
318,DM0318,digimon,pomumon,植物型,データ,base,318,SPECIES_CARVANHA,family_cycle_v0,base,
319,DM0319,digimon,eyesmon_scatter,魔竜型,ウィルス,dragon,372,SPECIES_SHELGON,family_cycle_v0,base,
320,DM0320,digimon,eyesmon,魔竜型,ウィルス,dragon,373,SPECIES_SALAMENCE,family_cycle_v0,base,
321,DM0321,digimon,betamon_x,水棲型,ウィルス,aquatic,7,SPECIES_SQUIRTLE,family_cycle_v0,base,
322,DM0322,digimon,gazimon_x,哺乳類型,ウィルス,beast,162,SPECIES_FURRET,family_cycle_v0,base,
323,DM0323,digimon,algomon_lv1,突然変異型,,base,323,SPECIES_CAMERUPT,family_cycle_v0,base,
324,DM0324,digimon,ghostmon,ゴースト型,データ,undead,356,SPECIES_DUSCLOPS,family_cycle_v0,base,
325,DM0325,digimon,regalecusmon,水棲型,ウィルス,aquatic,73,SPECIES_TENTACRUEL,family_cycle_v0,base,
326,DM0326,digimon,piranimon,水棲型,ウィルス,aquatic,86,SPECIES_SEEL,family_cycle_v0,base,
327,DM0327,digimon,gusokumon,甲殻類型,ワクチン,aquatic,87,SPECIES_DEWGONG,family_cycle_v0,base,
328,DM0328,digimon,marinchimairamon,合成型,ワクチン,base,328,SPECIES_TRAPINCH,family_cycle_v0,base,
329,DM0329,digimon,tobiumon,水棲型,ワクチン,aquatic,91,SPECIES_CLOYSTER,family_cycle_v0,base,
330,DM0330,digimon,sangomon,軟体型,データ,aquatic,98,SPECIES_KRABBY,family_cycle_v0,base,
331,DM0331,digimon,gogmamon,鉱石型,ワクチン,base,331,SPECIES_CACNEA,family_cycle_v0,base,
332,DM0332,digimon,baboongamon,獣型,ワクチン,beast,262,SPECIES_MIGHTYENA,family_cycle_v0,base,
333,DM0333,digimon,sunarizamon,爬虫類型,ウィルス,insect,204,SPECIES_PINECO,family_cycle_v0,base,
334,DM0334,digimon,jewelbeemon,昆虫型,ワクチン,insect,205,SPECIES_FORRETRESS,family_cycle_v0,base,
335,DM0335,digimon,hudiemon,昆虫型,フリー,insect,212,SPECIES_SCIZOR,family_cycle_v0,base,
336,DM0336,digimon,arresterdramon_superior,,,base,336,SPECIES_SEVIPER,family_cycle_v0,base,
337,DM0337,digimon,garurumon_x,獣型,ワクチン,beast,52,SPECIES_MEOWTH,family_cycle_v0,base,
338,DM0338,digimon,greymon_x,恐竜型,ワクチン,dragon,380,SPECIES_LATIAS,family_cycle_v0,base,
339,DM0339,digimon,algomon_lv4,突然変異型,ウィルス,base,339,SPECIES_BARBOACH,family_cycle_v0,base,
340,DM0340,digimon,algomon_lv3,突然変異型,ウィルス,base,340,SPECIES_WHISCASH,family_cycle_v0,base,
341,DM0341,digimon,algomon_lv2,突然変異型,,base,341,SPECIES_CORPHISH,family_cycle_v0,base,
342,DM0342,digimon,spadamon,武器型,フリー,base,342,SPECIES_CRAWDAUNT,family_cycle_v0,base,
343,DM0343,digimon,morphomon,昆虫型,ワクチン,insect,284,SPECIES_MASQUERAIN,family_cycle_v0,base,
344,DM0344,digimon,eosmon_lv6,不明,不明,base,344,SPECIES_CLAYDOL,family_cycle_v0,base,
345,DM0345,digimon,gabumon_kizuna,不明,不明,base,345,SPECIES_LILEEP,family_cycle_v0,base,
346,DM0346,digimon,agumon_kizuna,不明,不明,base,346,SPECIES_CRADILY,family_cycle_v0,base,
347,DM0347,digimon,eosmon_lv5,不明,不明,base,347,SPECIES_ANORITH,family_cycle_v0,base,
348,DM0348,digimon,eosmon_lv4,不明,不明,base,348,SPECIES_ARMALDO,family_cycle_v0,base,
349,DM0349,digimon,tonosamamamemon,突然変異型,データ,base,349,SPECIES_FEEBAS,family_cycle_v0,base,
350,DM0350,digimon,omegamon_zwart,聖騎士型,ワクチン,holy,242,SPECIES_BLISSEY,family_cycle_v0,base,
351,DM0351,digimon,terriermon_assistant,獣型,ワクチン,beast,229,SPECIES_HOUNDOOM,family_cycle_v0,base,
352,DM0352,digimon,cryspaledramon,竜人型,データ,dragon,371,SPECIES_BAGON,family_cycle_v0,base,
353,DM0353,digimon,metallicdramon,天竜型,データ,dragon,372,SPECIES_SHELGON,family_cycle_v0,base,
354,DM0354,digimon,jazarichmon,機竜型,データ,dragon,373,SPECIES_SALAMENCE,family_cycle_v0,base,
355,DM0355,digimon,jazardmon,機竜型,データ,dragon,380,SPECIES_LATIAS,family_cycle_v0,base,
356,DM0356,digimon,jazamon,鳥竜型,データ,dragon,381,SPECIES_LATIOS,family_cycle_v0,base,
357,DM0357,digimon,hexeblaumon,魔法騎士型,データ,base,357,SPECIES_TROPIUS,family_cycle_v0,base,
358,DM0358,digimon,paledramon,竜型,データ,dragon,130,SPECIES_GYARADOS,family_cycle_v0,base,
359,DM0359,digimon,noblepumpmon,パペット型,データ,base,359,SPECIES_ABSOL,family_cycle_v0,base,
360,DM0360,digimon,ogudomon_x,化身型,ウィルス,base,360,SPECIES_WYNAUT,family_cycle_v0,base,
361,DM0361,digimon,jesmongx,聖騎士型,データ,holy,334,SPECIES_ALTARIA,family_cycle_v0,base,
362,DM0362,digimon,keramon_x,種族不明,不明,base,362,SPECIES_GLALIE,family_cycle_v0,base,
363,DM0363,digimon,omegashoutmon_x,竜人型,ワクチン,dragon,246,SPECIES_LARVITAR,family_cycle_v0,base,
364,DM0364,digimon,meramon_x,火炎型,データ,base,364,SPECIES_SEALEO,family_cycle_v0,base,
365,DM0365,digimon,pegasmon_x,聖獣型,ワクチン,holy,35,SPECIES_CLEFAIRY,family_cycle_v0,base,
366,DM0366,digimon,rapidmon_x,聖騎士型,ワクチン,holy,36,SPECIES_CLEFABLE,family_cycle_v0,base,
367,DM0367,digimon,monzaemon_x,パペット型,ワクチン,base,367,SPECIES_HUNTAIL,family_cycle_v0,base,
368,DM0368,digimon,gankoomon_x,聖騎士型,データ,holy,144,SPECIES_ARTICUNO,family_cycle_v0,base,
369,DM0369,digimon,examon_x,聖騎士型,データ,holy,145,SPECIES_ZAPDOS,family_cycle_v0,base,
370,DM0370,digimon,cyberdramon_x,サイボーグ型,ワクチン,machine,306,SPECIES_AGGRON,family_cycle_v0,base,
371,DM0371,digimon,rizegreymon_x,サイボーグ型,ワクチン,machine,343,SPECIES_BALTOY,family_cycle_v0,base,
372,DM0372,digimon,hououmon_x,聖獣型,ワクチン,holy,151,SPECIES_MEW,family_cycle_v0,base,
373,DM0373,digimon,justimon_x,サイボーグ型,ワクチン,machine,374,SPECIES_BELDUM,family_cycle_v0,base,
374,DM0374,digimon,wizarmon_x,魔人型,データ,dark,198,SPECIES_MURKROW,family_cycle_v0,base,
375,DM0375,digimon,siesamon_x,聖獣型,ワクチン,holy,177,SPECIES_NATU,family_cycle_v0,base,
376,DM0376,digimon,cherubimon_x,智天使型,ワクチン,angel,176,SPECIES_TOGETIC,family_cycle_v0,base,
377,DM0377,digimon,ofanimon_x,座天使型,ワクチン,angel,178,SPECIES_XATU,family_cycle_v0,base,
378,DM0378,digimon,angewomon_x,大天使型,ワクチン,angel,196,SPECIES_ESPEON,family_cycle_v0,base,
379,DM0379,digimon,diablomon_x,種族不明,不明,base,379,SPECIES_REGISTEEL,family_cycle_v0,base,
380,DM0380,digimon,dynasmon_x,聖騎士型,データ,holy,244,SPECIES_ENTEI,family_cycle_v0,base,
381,DM0381,digimon,duftmon_x,聖騎士型,データ,holy,245,SPECIES_SUICUNE,family_cycle_v0,base,
382,DM0382,digimon,holydramon_x,聖竜型,ワクチン,dragon,248,SPECIES_TYRANITAR,family_cycle_v0,base,
383,DM0383,digimon,plesiomon_x,首長竜型,データ,dragon,329,SPECIES_VIBRAVA,family_cycle_v0,base,
384,DM0384,digimon,goddramon_x,聖竜型,ワクチン,dragon,330,SPECIES_FLYGON,family_cycle_v0,base,
385,DM0385,digimon,garudamon_x,鳥人型,ワクチン,base,385,SPECIES_JIRACHI,family_cycle_v0,base,
386,DM0386,digimon,tailmon_x,聖獣型,ワクチン,holy,281,SPECIES_KIRLIA,family_cycle_v0,base,
387,DM0387,digimon,togemon_x,植物型,データ,base,1,SPECIES_BULBASAUR,family_cycle_v0,base,
388,DM0388,digimon,tylomon_x,海竜型,ワクチン,dragon,373,SPECIES_SALAMENCE,family_cycle_v0,base,
389,DM0389,digimon,lopmon_x,獣型,データ,beast,210,SPECIES_GRANBULL,family_cycle_v0,base,
390,DM0390,digimon,shakomon_x,甲殻類型,ウィルス,aquatic,86,SPECIES_SEEL,family_cycle_v0,base,
391,DM0391,digimon,terriermon_x,獣型,ワクチン,beast,217,SPECIES_URSARING,family_cycle_v0,base,
392,DM0392,digimon,palmon_x,植物型,データ,base,6,SPECIES_CHARIZARD,family_cycle_v0,base,
393,DM0393,digimon,pteranomon_x,翼竜型,データ,dragon,147,SPECIES_DRATINI,family_cycle_v0,base,
394,DM0394,digimon,mamemon_x,突然変異型,データ,base,8,SPECIES_WARTORTLE,family_cycle_v0,base,
395,DM0395,digimon,ebemon_x,サイボーグ型,ウィルス,machine,375,SPECIES_METANG,family_cycle_v0,base,
396,DM0396,digimon,sleipmon_x,聖騎士型,ワクチン,holy,144,SPECIES_ARTICUNO,family_cycle_v0,base,
397,DM0397,digimon,craniummon_x,聖騎士型,ワクチン,holy,145,SPECIES_ZAPDOS,family_cycle_v0,base,
398,DM0398,digimon,ulforcevdramon_x,聖騎士型,ワクチン,holy,146,SPECIES_MOLTRES,family_cycle_v0,base,
399,DM0399,digimon,magnamon_x,聖騎士型,ワクチン,holy,150,SPECIES_MEWTWO,family_cycle_v0,base,
400,DM0400,digimon,megaseadramon_x,水棲型,データ,aquatic,120,SPECIES_STARYU,family_cycle_v0,base,
401,DM0401,digimon,triceramon_x,角竜型,データ,dragon,330,SPECIES_FLYGON,family_cycle_v0,base,
402,DM0402,digimon,okuwamon_x,昆虫型,ウィルス,insect,193,SPECIES_YANMA,family_cycle_v0,base,
403,DM0403,digimon,mantaraymon_x,水棲型,ワクチン,aquatic,130,SPECIES_GYARADOS,family_cycle_v0,base,
404,DM0404,digimon,nefertimon_x,聖獣型,ワクチン,holy,178,SPECIES_XATU,family_cycle_v0,base,
405,DM0405,digimon,seadramon_x,水棲型,データ,aquatic,134,SPECIES_VAPOREON,family_cycle_v0,base,
406,DM0406,digimon,kuwagamon_x,昆虫型,ウィルス,insect,214,SPECIES_HERACROSS,family_cycle_v0,base,
407,DM0407,digimon,allomon_x,恐竜型,データ,dragon,381,SPECIES_LATIOS,family_cycle_v0,base,
408,DM0408,digimon,gomamon_x,海獣型,ワクチン,aquatic,160,SPECIES_FERALIGATR,family_cycle_v0,base,
409,DM0409,digimon,kokuwamon_x,マシーン型,データ,machine,299,SPECIES_NOSEPASS,family_cycle_v0,base,
410,DM0410,digimon,blackwargreymon_x,竜人型,ウィルス,dragon,147,SPECIES_DRATINI,family_cycle_v0,base,
411,DM0411,digimon,ladydevimon_x,堕天使型,ウィルス,demon,248,SPECIES_TYRANITAR,family_cycle_v0,base,
412,DM0412,digimon,metalgreymon_vi_x,サイボーグ型,ウィルス,machine,306,SPECIES_AGGRON,family_cycle_v0,base,
413,DM0413,digimon,orgemon_x,鬼人型,ウィルス,demon,332,SPECIES_CACTURNE,family_cycle_v0,base,
414,DM0414,digimon,agumon_b_x,爬虫類型,ウィルス,insect,290,SPECIES_NINCADA,family_cycle_v0,base,
415,DM0415,digimon,rasenmon,獣人型,データ,beast,261,SPECIES_POOCHYENA,family_cycle_v0,base,
416,DM0416,digimon,rasenmon_f,妖獣型,データ,beast,262,SPECIES_MIGHTYENA,family_cycle_v0,base,
417,DM0417,digimon,stiffilmon,獣人型,データ,beast,300,SPECIES_SKITTY,family_cycle_v0,base,
418,DM0418,digimon,filmon,獣人型,データ,beast,301,SPECIES_DELCATTY,family_cycle_v0,base,
419,DM0419,digimon,rosemon_x,妖精型,データ,base,33,SPECIES_NIDORINO,family_cycle_v0,base,
420,DM0420,digimon,princemamemon_x,突然変異型,データ,base,34,SPECIES_NIDOKING,family_cycle_v0,base,
421,DM0421,digimon,skullmammon_x,アンデッド型,ワクチン,undead,354,SPECIES_BANETTE,family_cycle_v0,base,
422,DM0422,digimon,mammon_x,古代獣型,ワクチン,beast,53,SPECIES_PERSIAN,family_cycle_v0,base,
423,DM0423,digimon,mephismon_x,堕天使型,ウィルス,demon,229,SPECIES_HOUNDOOM,family_cycle_v0,base,
424,DM0424,digimon,vamdemon_x,アンデッド型,ウィルス,undead,92,SPECIES_GASTLY,family_cycle_v0,base,
425,DM0425,digimon,plotmon_x,哺乳類型,ワクチン,beast,128,SPECIES_TAUROS,family_cycle_v0,base,
426,DM0426,digimon,otamamon_x,両生類型,ウィルス,aquatic,272,SPECIES_LUDICOLO,family_cycle_v0,base,
427,DM0427,digimon,yarmon,レッサー型,,base,41,SPECIES_ZUBAT,family_cycle_v0,base,
428,DM0428,digimon,keemon,スライム型,,base,42,SPECIES_GOLBAT,family_cycle_v0,base,
429,DM0429,digimon,impmon_x,小悪魔型,ウィルス,demon,359,SPECIES_ABSOL,family_cycle_v0,base,
430,DM0430,digimon,darktyranomon_x,恐竜型,ウィルス,dragon,230,SPECIES_KINGDRA,family_cycle_v0,base,
431,DM0431,digimon,numemon_x,軟体型,ウィルス,aquatic,319,SPECIES_SHARPEDO,family_cycle_v0,base,
432,DM0432,digimon,lucemon_x,魔王型,ウィルス,demon,198,SPECIES_MURKROW,family_cycle_v0,base,
433,DM0433,digimon,lilithmon_x,魔王型,ウィルス,demon,200,SPECIES_MISDREAVUS,family_cycle_v0,base,
434,DM0434,digimon,leviamon_x,魔王型,ウィルス,demon,215,SPECIES_SNEASEL,family_cycle_v0,base,
435,DM0435,digimon,belphemon_x,魔王型,ウィルス,demon,228,SPECIES_HOUNDOUR,family_cycle_v0,base,
436,DM0436,digimon,barbamon_x,魔王型,ウィルス,demon,229,SPECIES_HOUNDOOM,family_cycle_v0,base,
437,DM0437,digimon,demon_x,魔王型,ウィルス,demon,248,SPECIES_TYRANITAR,family_cycle_v0,base,
438,DM0438,digimon,darkknightmon_x,暗黒騎士型,ウィルス,dark,332,SPECIES_CACTURNE,family_cycle_v0,base,
439,DM0439,digimon,cherubimondark_x,智天使型,ワクチン,angel,334,SPECIES_ALTARIA,family_cycle_v0,base,
440,DM0440,digimon,ofanimonfdm_x,堕天使型,ワクチン,demon,353,SPECIES_SHUPPET,family_cycle_v0,base,
441,DM0441,digimon,ultimatechaosmon,特異型,不明,base,55,SPECIES_GOLDUCK,family_cycle_v0,base,
442,DM0442,digimon,pusurimon,レッサー型,,base,56,SPECIES_MANKEY,family_cycle_v0,base,
443,DM0443,digimon,pusumon,スライム型,,base,57,SPECIES_PRIMEAPE,family_cycle_v0,base,
444,DM0444,digimon,surfimon,サイボーグ型,ワクチン,machine,100,SPECIES_VOLTORB,family_cycle_v0,base,
445,DM0445,digimon,bulucomon,小竜型,データ,dragon,148,SPECIES_DRAGONAIR,family_cycle_v0,base,
446,DM0446,digimon,herissmon,哺乳類型,データ,beast,128,SPECIES_TAUROS,family_cycle_v0,base,
447,DM0447,digimon,metalgarurumon_black,サイボーグ型,ウィルス,machine,205,SPECIES_FORRETRESS,family_cycle_v0,base,
448,DM0448,digimon,weregarurumon_black,獣人型,ウィルス,beast,162,SPECIES_FURRET,family_cycle_v0,base,
449,DM0449,digimon,garurumon_black,獣型,ウィルス,beast,190,SPECIES_AIPOM,family_cycle_v0,base,
450,DM0450,digimon,justimon_blitzarm,サイボーグ型,ワクチン,machine,233,SPECIES_PORYGON2,family_cycle_v0,base,
451,DM0451,digimon,ginkakumon_promote,鬼人型,ウィルス,demon,302,SPECIES_SABLEYE,family_cycle_v0,base,
452,DM0452,digimon,icedevimon,堕天使型,ウィルス,demon,332,SPECIES_CACTURNE,family_cycle_v0,base,
453,DM0453,digimon,kuzuhamon_miko,神人型,データ,holy,145,SPECIES_ZAPDOS,family_cycle_v0,base,
454,DM0454,digimon,megalograwmon_orange,サイボーグ型,データ,machine,306,SPECIES_AGGRON,family_cycle_v0,base,
455,DM0455,digimon,greymon_blue,恐竜型,ウィルス,dragon,372,SPECIES_SHELGON,family_cycle_v0,base,
456,DM0456,digimon,shoutmon_king,,,base,70,SPECIES_WEEPINBELL,family_cycle_v0,base,
457,DM0457,digimon,wargreymon_x,竜人型,ワクチン,dragon,380,SPECIES_LATIAS,family_cycle_v0,base,
458,DM0458,digimon,metalgarurumon_x,サイボーグ型,データ,machine,375,SPECIES_METANG,family_cycle_v0,base,
459,DM0459,digimon,megidramon_x,邪竜型,ウィルス,dragon,384,SPECIES_RAYQUAZA,family_cycle_v0,base,
460,DM0460,digimon,weregarurumon_x,獣人型,ワクチン,beast,301,SPECIES_DELCATTY,family_cycle_v0,base,
461,DM0461,digimon,lilimon_x,妖精型,データ,base,75,SPECIES_GRAVELER,family_cycle_v0,base,
462,DM0462,digimon,sakuyamon_x,神人型,データ,holy,242,SPECIES_BLISSEY,family_cycle_v0,base,
463,DM0463,digimon,beelzebumon_x,魔王型,ウィルス,demon,248,SPECIES_TYRANITAR,family_cycle_v0,base,
464,DM0464,digimon,megalogrowmon_x,サイボーグ型,ウィルス,machine,82,SPECIES_MAGNETON,family_cycle_v0,base,
465,DM0465,digimon,rhinomon_x,哺乳類型,ワクチン,beast,58,SPECIES_GROWLITHE,family_cycle_v0,base,
466,DM0466,digimon,renamon_x,獣人型,データ,beast,59,SPECIES_ARCANINE,family_cycle_v0,base,
467,DM0467,digimon,tokomon_x,レッサー型,,base,81,SPECIES_MAGNEMITE,family_cycle_v0,base,
468,DM0468,digimon,beelstarmon_x,魔人型,ウィルス,dark,359,SPECIES_ABSOL,family_cycle_v0,base,
469,DM0469,digimon,dukemon_x,聖騎士型,ウィルス,holy,280,SPECIES_RALTS,family_cycle_v0,base,
470,DM0470,digimon,cerberumon_x,魔獣型,ワクチン,beast,190,SPECIES_AIPOM,family_cycle_v0,base,
471,DM0471,digimon,tyranomon_x,恐竜型,データ,dragon,371,SPECIES_BAGON,family_cycle_v0,base,
472,DM0472,digimon,dracomon_x,竜型,データ,dragon,372,SPECIES_SHELGON,family_cycle_v0,base,
473,DM0473,digimon,gabumon_x,獣型,データ,beast,210,SPECIES_GRANBULL,family_cycle_v0,base,
474,DM0474,digimon,minervamon_x,神人型,ウィルス,holy,380,SPECIES_LATIAS,family_cycle_v0,base,
475,DM0475,digimon,lordknightmon_x,聖騎士型,ウィルス,holy,381,SPECIES_LATIOS,family_cycle_v0,base,
476,DM0476,digimon,sistermon_ciel,パペット型,データ,base,90,SPECIES_SHELLDER,family_cycle_v0,base,
477,DM0477,digimon,metaltyranomon_x,サイボーグ型,ウィルス,machine,344,SPECIES_CLAYDOL,family_cycle_v0,base,
478,DM0478,digimon,leomon_x,獣人型,ワクチン,beast,261,SPECIES_POOCHYENA,family_cycle_v0,base,
479,DM0479,digimon,agumon_x,恐竜型,ワクチン,dragon,148,SPECIES_DRAGONAIR,family_cycle_v0,base,
480,DM0480,digimon,jesmon_x,聖騎士型,データ,holy,144,SPECIES_ARTICUNO,family_cycle_v0,base,
481,DM0481,digimon,ragnaloardmon,特異型,ウィルス,base,95,SPECIES_ONIX,family_cycle_v0,base,
482,DM0482,digimon,rafflesimon,妖精型,データ,base,96,SPECIES_DROWZEE,family_cycle_v0,base,
483,DM0483,digimon,ordinemon,堕天使型,ウィルス,demon,197,SPECIES_UMBREON,family_cycle_v0,base,
484,DM0484,digimon,raptorsparrowmon,,,base,98,SPECIES_KRABBY,family_cycle_v0,base,
485,DM0485,digimon,banchogolemon,鉱物型,ウィルス,base,99,SPECIES_KINGLER,family_cycle_v0,base,
486,DM0486,digimon,cerberumon_werewolfmode,魔人型,ワクチン,dark,262,SPECIES_MIGHTYENA,family_cycle_v0,base,
487,DM0487,digimon,growmon_orange,魔竜型,データ,dragon,334,SPECIES_ALTARIA,family_cycle_v0,base,
488,DM0488,digimon,toyagumon_black,パペット型,ウィルス,base,102,SPECIES_EXEGGCUTE,family_cycle_v0,base,
489,DM0489,digimon,shootingstarmon,,,base,103,SPECIES_EXEGGUTOR,family_cycle_v0,base,
490,DM0490,digimon,justimon_criticalarm,サイボーグ型,ワクチン,machine,208,SPECIES_STEELIX,family_cycle_v0,base,
491,DM0491,digimon,yatagaramon_axcel,妖鳥型,ワクチン,base,105,SPECIES_MAROWAK,family_cycle_v0,base,
492,DM0492,digimon,dinohumon,竜人型,データ,dragon,381,SPECIES_LATIOS,family_cycle_v0,base,
493,DM0493,digimon,rapidmon_gold,聖騎士型,ワクチン,holy,245,SPECIES_SUICUNE,family_cycle_v0,base,
494,DM0494,digimon,yaegerdorurumon,,,base,108,SPECIES_LICKITUNG,family_cycle_v0,base,
495,DM0495,digimon,gundramon,マシーン型,ウィルス,machine,305,SPECIES_LAIRON,family_cycle_v0,base,
496,DM0496,digimon,aegiochusmon_holly,神人型,ワクチン,holy,251,SPECIES_CELEBI,family_cycle_v0,base,
497,DM0497,digimon,gabumon_black,爬虫類型,ウィルス,insect,46,SPECIES_PARAS,family_cycle_v0,base,
498,DM0498,digimon,pipimon,スライム型,,base,112,SPECIES_RHYDON,family_cycle_v0,base,
499,DM0499,digimon,raguelmon,不明,不明,base,113,SPECIES_CHANSEY,family_cycle_v0,base,
500,DM0500,digimon,bryweludramon,防具型,データ,base,114,SPECIES_TANGELA,family_cycle_v0,base,
501,DM0501,digimon,volcanicdramon,地竜型,ウィルス,dragon,248,SPECIES_TYRANITAR,family_cycle_v0,base,
502,DM0502,digimon,lavogaritamon,岩竜型,ウィルス,dragon,329,SPECIES_VIBRAVA,family_cycle_v0,base,
503,DM0503,digimon,meicrackmon_v,不明,不明,base,117,SPECIES_SEADRA,family_cycle_v0,base,
504,DM0504,digimon,mastemon,天使型,ワクチン,angel,333,SPECIES_SWABLU,family_cycle_v0,base,
505,DM0505,digimon,voltobautamon,魔人型,ウィルス,dark,200,SPECIES_MISDREAVUS,family_cycle_v0,base,
506,DM0506,digimon,raijiludomon,防具型,データ,base,120,SPECIES_STARYU,family_cycle_v0,base,
507,DM0507,digimon,tialudomon,防具型,データ,base,121,SPECIES_STARMIE,family_cycle_v0,base,
508,DM0508,digimon,lavorvomon,岩竜型,ウィルス,dragon,380,SPECIES_LATIAS,family_cycle_v0,base,
509,DM0509,digimon,bushiagumon,恐竜型,ワクチン,dragon,381,SPECIES_LATIOS,family_cycle_v0,base,
510,DM0510,digimon,ludomon,防具型,データ,base,124,SPECIES_JYNX,family_cycle_v0,base,
511,DM0511,digimon,kakkinmon,防具型,,base,125,SPECIES_ELECTABUZZ,family_cycle_v0,base,
512,DM0512,digimon,cotsucomon,防具型,,base,126,SPECIES_MAGMAR,family_cycle_v0,base,
513,DM0513,digimon,andiramon_2,聖獣型,ウィルス,holy,175,SPECIES_TOGEPI,family_cycle_v0,base,
514,DM0514,digimon,meicoomon,不明,不明,base,128,SPECIES_TAUROS,family_cycle_v0,base,
515,DM0515,digimon,whamon_2,水棲型,ワクチン,aquatic,9,SPECIES_BLASTOISE,family_cycle_v0,base,
516,DM0516,digimon,gekomon,両生類型,ウィルス,aquatic,72,SPECIES_TENTACOOL,family_cycle_v0,base,
517,DM0517,digimon,vorvomon,岩竜型,ウィルス,dragon,247,SPECIES_PUPITAR,family_cycle_v0,base,
518,DM0518,digimon,atlurballistamon,,,base,132,SPECIES_DITTO,family_cycle_v0,base,
519,DM0519,digimon,omegamon_alter-b,聖騎士型,ウィルス,holy,243,SPECIES_RAIKOU,family_cycle_v0,base,
520,DM0520,digimon,blackmachgaogamon,サイボーグ型,データ,machine,374,SPECIES_BELDUM,family_cycle_v0,base,
521,DM0521,digimon,blackgaogamon,獣型,データ,beast,262,SPECIES_MIGHTYENA,family_cycle_v0,base,
522,DM0522,digimon,falcomon-2006,鳥型,ワクチン,base,136,SPECIES_FLAREON,family_cycle_v0,base,
523,DM0523,digimon,kudamon-2006,聖獣型,ワクチン,holy,250,SPECIES_HO_OH,family_cycle_v0,base,
524,DM0524,digimon,neo,不明,不明,base,138,SPECIES_OMANYTE,family_cycle_v0,base,
525,DM0525,digimon,yakiimon,,,base,139,SPECIES_OMASTAR,family_cycle_v0,base,
526,DM0526,digimon,monimon,,,base,140,SPECIES_KABUTO,family_cycle_v0,base,
527,DM0527,digimon,monitamon,,,base,141,SPECIES_KABUTOPS,family_cycle_v0,base,
528,DM0528,digimon,mervamon,,,base,142,SPECIES_AERODACTYL,family_cycle_v0,base,
529,DM0529,digimon,metalgreymon_cyberlauncher,,,base,143,SPECIES_SNORLAX,family_cycle_v0,base,
530,DM0530,digimon,metalgreymon,,,base,144,SPECIES_ARTICUNO,family_cycle_v0,base,
531,DM0531,digimon,mailbirdramon,,,base,145,SPECIES_ZAPDOS,family_cycle_v0,base,
532,DM0532,digimon,musoknightmon,,,base,146,SPECIES_MOLTRES,family_cycle_v0,base,
533,DM0533,digimon,madleomon:armedmode,,,base,147,SPECIES_DRATINI,family_cycle_v0,base,
534,DM0534,digimon,madleomon,,,base,148,SPECIES_DRAGONAIR,family_cycle_v0,base,
535,DM0535,digimon,bombmon-xwars,,,base,149,SPECIES_DRAGONITE,family_cycle_v0,base,
536,DM0536,digimon,beelzebumon-xwars,,,base,150,SPECIES_MEWTWO,family_cycle_v0,base,
537,DM0537,digimon,blastmon,,,base,151,SPECIES_MEW,family_cycle_v0,base,
538,DM0538,digimon,footmon,,,base,152,SPECIES_CHIKORITA,family_cycle_v0,base,
539,DM0539,digimon,pillomon,,,base,153,SPECIES_BAYLEEF,family_cycle_v0,base,
540,DM0540,digimon,pickmon,,,base,154,SPECIES_MEGANIUM,family_cycle_v0,base,
541,DM0541,digimon,baristamon,,,base,155,SPECIES_CYNDAQUIL,family_cycle_v0,base,
542,DM0542,digimon,bacomon,,,base,156,SPECIES_QUILAVA,family_cycle_v0,base,
543,DM0543,digimon,bagramon,,,base,157,SPECIES_TYPHLOSION,family_cycle_v0,base,
544,DM0544,digimon,hi-visionmonitamon,,,base,158,SPECIES_TOTODILE,family_cycle_v0,base,
545,DM0545,digimon,baalmon,,,base,159,SPECIES_CROCONAW,family_cycle_v0,base,
546,DM0546,digimon,neovamdemon,,,base,160,SPECIES_FERALIGATR,family_cycle_v0,base,
547,DM0547,digimon,dondokomon,,,base,161,SPECIES_SENTRET,family_cycle_v0,base,
548,DM0548,digimon,donshoutmon,,,base,162,SPECIES_FURRET,family_cycle_v0,base,
549,DM0549,digimon,dorulumon,,,base,163,SPECIES_HOOTHOOT,family_cycle_v0,base,
550,DM0550,digimon,dorbickmon,,,base,164,SPECIES_NOCTOWL,family_cycle_v0,base,
551,DM0551,digimon,troopmon,,,base,165,SPECIES_LEDYBA,family_cycle_v0,base,
552,DM0552,digimon,deadlyaxemon,,,base,166,SPECIES_LEDIAN,family_cycle_v0,base,
553,DM0553,digimon,deckerdramon,,,base,167,SPECIES_SPINARAK,family_cycle_v0,base,
554,DM0554,digimon,deckergreymon,,,base,168,SPECIES_ARIADOS,family_cycle_v0,base,
555,DM0555,digimon,tuwarmon,,,base,169,SPECIES_CROBAT,family_cycle_v0,base,
556,DM0556,digimon,tyutyumon,,,base,170,SPECIES_CHINCHOU,family_cycle_v0,base,
557,DM0557,digimon,chibickmon,,,base,171,SPECIES_LANTURN,family_cycle_v0,base,
558,DM0558,digimon,chikurimon,,,base,172,SPECIES_PICHU,family_cycle_v0,base,
559,DM0559,digimon,damemon,,,base,173,SPECIES_CLEFFA,family_cycle_v0,base,
560,DM0560,digimon,tactimon,,,base,174,SPECIES_IGGLYBUFF,family_cycle_v0,base,
561,DM0561,digimon,darknessbagramon,,,base,175,SPECIES_TOGEPI,family_cycle_v0,base,
562,DM0562,digimon,darkknightmon,,,base,176,SPECIES_TOGETIC,family_cycle_v0,base,
563,DM0563,digimon,zenimon,,,base,177,SPECIES_NATU,family_cycle_v0,base,
564,DM0564,digimon,splashmon,,,base,178,SPECIES_XATU,family_cycle_v0,base,
565,DM0565,digimon,sparrowmon,,,base,179,SPECIES_MAREEP,family_cycle_v0,base,
566,DM0566,digimon,starmons,,,base,180,SPECIES_FLAAFFY,family_cycle_v0,base,
567,DM0567,digimon,skullknightmonbigaxemode,,,base,181,SPECIES_AMPHAROS,family_cycle_v0,base,
568,DM0568,digimon,skullknightmoncavaliermode,,,base,182,SPECIES_BELLOSSOM,family_cycle_v0,base,
569,DM0569,digimon,skullknightmon,,,base,183,SPECIES_MARILL,family_cycle_v0,base,
570,DM0570,digimon,jokermon,,,base,184,SPECIES_AZUMARILL,family_cycle_v0,base,
571,DM0571,digimon,shonitamon,,,base,185,SPECIES_SUDOWOODO,family_cycle_v0,base,
572,DM0572,digimon,dorulucannon,,,base,186,SPECIES_POLITOED,family_cycle_v0,base,
573,DM0573,digimon,starsword,,,base,187,SPECIES_HOPPIP,family_cycle_v0,base,
574,DM0574,digimon,jetsparrow,,,base,188,SPECIES_SKIPLOOM,family_cycle_v0,base,
575,DM0575,digimon,shoutmonx7,,,base,189,SPECIES_JUMPLUFF,family_cycle_v0,base,
576,DM0576,digimon,shoutmonx5b,,,base,190,SPECIES_AIPOM,family_cycle_v0,base,
577,DM0577,digimon,shoutmonx5,,,base,191,SPECIES_SUNKERN,family_cycle_v0,base,
578,DM0578,digimon,shoutmonx4b,,,base,192,SPECIES_SUNFLORA,family_cycle_v0,base,
579,DM0579,digimon,shoutmonx4,,,base,193,SPECIES_YANMA,family_cycle_v0,base,
580,DM0580,digimon,shoutmonx3,,,base,194,SPECIES_WOOPER,family_cycle_v0,base,
581,DM0581,digimon,shoutmonx2,,,base,195,SPECIES_QUAGSIRE,family_cycle_v0,base,
582,DM0582,digimon,shoutmondx,,,base,196,SPECIES_ESPEON,family_cycle_v0,base,
583,DM0583,digimon,shoutmon,,,base,197,SPECIES_UMBREON,family_cycle_v0,base,
584,DM0584,digimon,jetmervamon,,,base,198,SPECIES_MURKROW,family_cycle_v0,base,
585,DM0585,digimon,zekegreymon,,,base,199,SPECIES_SLOWKING,family_cycle_v0,base,
586,DM0586,digimon,zamielmon,,,base,200,SPECIES_MISDREAVUS,family_cycle_v0,base,
587,DM0587,digimon,soundbirdmon,,,base,200,SPECIES_MISDREAVUS,family_cycle_v0_unown_avoided,base,
588,DM0588,digimon,cyberdramon-xwars,,,base,202,SPECIES_WOBBUFFET,family_cycle_v0,base,
589,DM0589,digimon,kozenimon,,,base,203,SPECIES_GIRAFARIG,family_cycle_v0,base,
590,DM0590,digimon,greymon,,,base,204,SPECIES_PINECO,family_cycle_v0,base,
591,DM0591,digimon,gravimon,,,base,205,SPECIES_FORRETRESS,family_cycle_v0,base,
592,DM0592,digimon,cutemon,,,base,206,SPECIES_DUNSPARCE,family_cycle_v0,base,
593,DM0593,digimon,gumdramon,,,base,207,SPECIES_GLIGAR,family_cycle_v0,base,
594,DM0594,digimon,ganemon,,,base,208,SPECIES_STEELIX,family_cycle_v0,base,
595,DM0595,digimon,gaossmon,,,base,209,SPECIES_SNUBBULL,family_cycle_v0,base,
596,DM0596,digimon,olegmon,,,base,210,SPECIES_GRANBULL,family_cycle_v0,base,
597,DM0597,digimon,omegashoutmon,,,base,211,SPECIES_QWILFISH,family_cycle_v0,base,
598,DM0598,digimon,ekakimon,,,base,212,SPECIES_SCIZOR,family_cycle_v0,base,
599,DM0599,digimon,iguneetmon,,,base,213,SPECIES_SHUCKLE,family_cycle_v0,base,
600,DM0600,digimon,arresterdramon,,,base,214,SPECIES_HERACROSS,family_cycle_v0,base,
601,DM0601,digimon,louwemon,戦士型,ヴァリアブル,base,215,SPECIES_SNEASEL,family_cycle_v0,base,
602,DM0602,digimon,ranamon,妖精型,ヴァリアブル,base,216,SPECIES_TEDDIURSA,family_cycle_v0,base,
603,DM0603,digimon,raihimon,戦士型,ヴァリアブル,base,217,SPECIES_URSARING,family_cycle_v0,base,
604,DM0604,digimon,rhinokabuterimon,昆虫型,ヴァリアブル,insect,48,SPECIES_VENONAT,family_cycle_v0,base,
605,DM0605,digimon,mercuremon,突然変異型,ヴァリアブル,base,219,SPECIES_MAGCARGO,family_cycle_v0,base,
606,DM0606,digimon,magnagarurumon,サイボーグ型,ヴァリアブル,machine,376,SPECIES_METAGROSS,family_cycle_v0,base,
607,DM0607,digimon,bolgmon,サイボーグ型,ヴァリアブル,machine,377,SPECIES_REGIROCK,family_cycle_v0,base,
608,DM0608,digimon,velgrmon,巨鳥型,ヴァリアブル,base,222,SPECIES_CORSOLA,family_cycle_v0,base,
609,DM0609,digimon,petaldramon,植物型,ヴァリアブル,base,223,SPECIES_REMORAID,family_cycle_v0,base,
610,DM0610,digimon,beowolfmon,戦士型,ヴァリアブル,base,224,SPECIES_OCTILLERY,family_cycle_v0,base,
611,DM0611,digimon,flamon,魔人型,ヴァリアブル,dark,215,SPECIES_SNEASEL,family_cycle_v0,base,
612,DM0612,digimon,blitzmon,サイボーグ型,ヴァリアブル,machine,100,SPECIES_VOLTORB,family_cycle_v0,base,
613,DM0613,digimon,blizzarmon,獣型,ヴァリアブル,beast,59,SPECIES_ARCANINE,family_cycle_v0,base,
614,DM0614,digimon,fairimon,妖精型,ヴァリアブル,base,228,SPECIES_HOUNDOUR,family_cycle_v0,base,
615,DM0615,digimon,chackmon,獣人型,ヴァリアブル,beast,161,SPECIES_SENTRET,family_cycle_v0,base,
616,DM0616,digimon,duskmon,魔人型,ヴァリアブル,dark,262,SPECIES_MIGHTYENA,family_cycle_v0,base,
617,DM0617,digimon,daipenmon,サイボーグ型,ヴァリアブル,machine,212,SPECIES_SCIZOR,family_cycle_v0,base,
618,DM0618,digimon,sephirothmon,突然変異型,ヴァリアブル,base,232,SPECIES_DONPHAN,family_cycle_v0,base,
619,DM0619,digimon,storabimon,獣人型,ヴァリアブル,beast,209,SPECIES_SNUBBULL,family_cycle_v0,base,
620,DM0620,digimon,shutumon,鳥人型,ヴァリアブル,base,234,SPECIES_STANTLER,family_cycle_v0,base,
621,DM0621,digimon,jetsilphymon,サイボーグ型,ヴァリアブル,machine,305,SPECIES_LAIRON,family_cycle_v0,base,
622,DM0622,digimon,grottemon,鬼人型,ヴァリアブル,demon,353,SPECIES_SHUPPET,family_cycle_v0,base,
623,DM0623,digimon,gigasmon,鉱物型,ヴァリアブル,base,237,SPECIES_HITMONTOP,family_cycle_v0,base,
624,DM0624,digimon,garummon,サイボーグ型,ヴァリアブル,machine,344,SPECIES_CLAYDOL,family_cycle_v0,base,
625,DM0625,digimon,calamaramon,水棲型,ヴァリアブル,aquatic,321,SPECIES_WAILORD,family_cycle_v0,base,
626,DM0626,digimon,kaisergreymon,竜戦士型,ヴァリアブル,dragon,373,SPECIES_SALAMENCE,family_cycle_v0,base,
627,DM0627,digimon,kaiserleomon,サイボーグ型,ヴァリアブル,machine,376,SPECIES_METAGROSS,family_cycle_v0,base,
628,DM0628,digimon,vritramon,魔竜型,ヴァリアブル,dragon,381,SPECIES_LATIOS,family_cycle_v0,base,
629,DM0629,digimon,wolfmon,戦士型,ヴァリアブル,base,243,SPECIES_RAIKOU,family_cycle_v0,base,
630,DM0630,digimon,arbormon,サイボーグ型,ヴァリアブル,machine,379,SPECIES_REGISTEEL,family_cycle_v0,base,
631,DM0631,digimon,aldamon,魔人型,ヴァリアブル,dark,93,SPECIES_HAUNTER,family_cycle_v0,base,
632,DM0632,digimon,agnimon,魔人型,ヴァリアブル,dark,94,SPECIES_GENGAR,family_cycle_v0,base,
633,DM0633,digimon,rinkmon,サイボーグ型,フリー,machine,100,SPECIES_VOLTORB,family_cycle_v0,base,
634,DM0634,digimon,lynxmon,獣型,フリー,beast,59,SPECIES_ARCANINE,family_cycle_v0,base,
635,DM0635,digimon,rhinomon,哺乳類型,フリー,beast,128,SPECIES_TAUROS,family_cycle_v0,base,
636,DM0636,digimon,lighdramon,獣型,フリー,beast,161,SPECIES_SENTRET,family_cycle_v0,base,
637,DM0637,digimon,yaksamon,魔人型,フリー,dark,215,SPECIES_SNEASEL,family_cycle_v0,base,
638,DM0638,digimon,mothmon,昆虫型,フリー,insect,47,SPECIES_PARASECT,family_cycle_v0,base,
639,DM0639,digimon,maildramon,サイボーグ型,フリー,machine,233,SPECIES_PORYGON2,family_cycle_v0,base,
640,DM0640,digimon,moosemon,古代獣型,フリー,beast,209,SPECIES_SNUBBULL,family_cycle_v0,base,
641,DM0641,digimon,manbomon,突然変異型,フリー,base,255,SPECIES_TORCHIC,family_cycle_v0,base,
642,DM0642,digimon,mantaraymon,水棲型,フリー,aquatic,8,SPECIES_WARTORTLE,family_cycle_v0,base,
643,DM0643,digimon,magnamon,聖騎士型,フリー,holy,381,SPECIES_LATIOS,family_cycle_v0,base,
644,DM0644,digimon,ponchomon,ゴースト型,フリー,undead,292,SPECIES_SHEDINJA,family_cycle_v0,base,
645,DM0645,digimon,holsmon,獣型,フリー,beast,229,SPECIES_HOUNDOOM,family_cycle_v0,base,
646,DM0646,digimon,boarmon,哺乳類型,フリー,beast,261,SPECIES_POOCHYENA,family_cycle_v0,base,
647,DM0647,digimon,pegasmon,聖獣型,フリー,holy,113,SPECIES_CHANSEY,family_cycle_v0,base,
648,DM0648,digimon,frogmon,突然変異型,フリー,base,262,SPECIES_MIGHTYENA,family_cycle_v0,base,
649,DM0649,digimon,prairiemon,獣型,フリー,beast,301,SPECIES_DELCATTY,family_cycle_v0,base,
650,DM0650,digimon,fladramon,竜人型,フリー,dragon,149,SPECIES_DRAGONITE,family_cycle_v0,base,
651,DM0651,digimon,flawizarmon,魔人型,ウィルス,dark,23,SPECIES_EKANS,family_cycle_v0,base,
652,DM0652,digimon,bullmon,哺乳類型,フリー,beast,52,SPECIES_MEOWTH,family_cycle_v0,base,
653,DM0653,digimon,flybeemon,昆虫型,フリー,insect,266,SPECIES_SILCOON,family_cycle_v0,base,
654,DM0654,digimon,pteranomon,翼竜型,フリー,dragon,248,SPECIES_TYRANITAR,family_cycle_v0,base,
655,DM0655,digimon,pucchiemon-green,妖精型,フリー,base,269,SPECIES_DUSTOX,family_cycle_v0,base,
656,DM0656,digimon,pucchiemon,妖精型,フリー,base,270,SPECIES_LOTAD,family_cycle_v0,base,
657,DM0657,digimon,pipismon,突然変異型,フリー,base,271,SPECIES_LOMBRE,family_cycle_v0,base,
658,DM0658,digimon,bitmon,哺乳類型,フリー,beast,162,SPECIES_FURRET,family_cycle_v0,base,
659,DM0659,digimon,peacockmon,マシーン型,フリー,machine,212,SPECIES_SCIZOR,family_cycle_v0,base,
660,DM0660,digimon,baromon,魔人型,フリー,dark,198,SPECIES_MURKROW,family_cycle_v0,base,
661,DM0661,digimon,honeybeemon,昆虫型,フリー,insect,292,SPECIES_SHEDINJA,family_cycle_v0,base,
662,DM0662,digimon,butterflamon,昆虫型,フリー,insect,313,SPECIES_VOLBEAT,family_cycle_v0,base,
663,DM0663,digimon,harpymon,幻獣型,フリー,beast,216,SPECIES_TEDDIURSA,family_cycle_v0,base,
664,DM0664,digimon,nohemon,パペット型,フリー,base,278,SPECIES_WINGULL,family_cycle_v0,base,
665,DM0665,digimon,nefertimon,聖獣型,フリー,holy,280,SPECIES_RALTS,family_cycle_v0,base,
666,DM0666,digimon,togemogumon,哺乳類型,フリー,beast,229,SPECIES_HOUNDOOM,family_cycle_v0,base,
667,DM0667,digimon,tocanmon,鳥型,フリー,base,281,SPECIES_KIRLIA,family_cycle_v0,base,
668,DM0668,digimon,depthmon,水棲獣人型,フリー,aquatic,184,SPECIES_AZUMARILL,family_cycle_v0,base,
669,DM0669,digimon,tylomon,海竜型,フリー,dragon,246,SPECIES_LARVITAR,family_cycle_v0,base,
670,DM0670,digimon,digmon,昆虫型,フリー,insect,14,SPECIES_KAKUNA,family_cycle_v0,base,
671,DM0671,digimon,sepikmon,魔人型,フリー,dark,319,SPECIES_SHARPEDO,family_cycle_v0,base,
672,DM0672,digimon,sethmon,魔獣型,フリー,beast,359,SPECIES_ABSOL,family_cycle_v0,base,
673,DM0673,digimon,swanmon,鳥型,フリー,base,287,SPECIES_SLAKOTH,family_cycle_v0,base,
674,DM0674,digimon,stegomon,剣竜型,フリー,dragon,334,SPECIES_ALTARIA,family_cycle_v0,base,
675,DM0675,digimon,shurimon,突然変異型,フリー,base,289,SPECIES_SLAKING,family_cycle_v0,base,
676,DM0676,digimon,shadramon,昆虫型,フリー,insect,123,SPECIES_SCYTHER,family_cycle_v0,base,
677,DM0677,digimon,seahomon,水棲型,フリー,aquatic,258,SPECIES_MUDKIP,family_cycle_v0,base,
678,DM0678,digimon,sheepmon,哺乳類型,フリー,beast,161,SPECIES_SENTRET,family_cycle_v0,base,
679,DM0679,digimon,thunderbirmon,巨鳥型,データ,base,293,SPECIES_WHISMUR,family_cycle_v0,base,
680,DM0680,digimon,salamandamon,両生類型,ウィルス,aquatic,270,SPECIES_LOTAD,family_cycle_v0,base,
681,DM0681,digimon,sabmarimon,水棲型,フリー,aquatic,271,SPECIES_LOMBRE,family_cycle_v0,base,
682,DM0682,digimon,sagittarimon,幻獣型,フリー,beast,209,SPECIES_SNUBBULL,family_cycle_v0,base,
683,DM0683,digimon,searchmon,昆虫型,フリー,insect,204,SPECIES_PINECO,family_cycle_v0,base,
684,DM0684,digimon,kongoumon,昆虫型,フリー,insect,205,SPECIES_FORRETRESS,family_cycle_v0,base,
685,DM0685,digimon,goldv-dramon,幻竜型,ワクチン,dragon,230,SPECIES_KINGDRA,family_cycle_v0,base,
686,DM0686,digimon,goatmon,哺乳類型,フリー,beast,228,SPECIES_HOUNDOUR,family_cycle_v0,base,
687,DM0687,digimon,kenkimon,マシーン型,データ,machine,344,SPECIES_CLAYDOL,family_cycle_v0,base,
688,DM0688,digimon,quetzalmon,幻獣型,フリー,beast,261,SPECIES_POOCHYENA,family_cycle_v0,base,
689,DM0689,digimon,kangarumon,哺乳類型,フリー,beast,262,SPECIES_MIGHTYENA,family_cycle_v0,base,
690,DM0690,digimon,chamelemon,爬虫類型,フリー,insect,268,SPECIES_CASCOON,family_cycle_v0,base,
691,DM0691,digimon,kabukimon,突然変異型,フリー,base,305,SPECIES_LAIRON,family_cycle_v0,base,
692,DM0692,digimon,gargomon,魔獣型,フリー,beast,335,SPECIES_ZANGOOSE,family_cycle_v0,base,
693,DM0693,digimon,orcamon,水棲獣人型,フリー,aquatic,342,SPECIES_CRAWDAUNT,family_cycle_v0,base,
694,DM0694,digimon,opossummon,獣型,フリー,beast,52,SPECIES_MEOWTH,family_cycle_v0,base,
695,DM0695,digimon,elephamon,サイボーグ型,フリー,machine,82,SPECIES_MAGNETON,family_cycle_v0,base,
696,DM0696,digimon,allomon,恐竜型,フリー,dragon,381,SPECIES_LATIOS,family_cycle_v0,base,
697,DM0697,digimon,archelomon,爬虫類型,フリー,insect,313,SPECIES_VOLBEAT,family_cycle_v0,base,
698,DM0698,digimon,owlmon,鳥型,フリー,base,312,SPECIES_MINUN,family_cycle_v0,base,
699,DM0699,digimon,lordknightmon,聖騎士型,ウィルス,holy,381,SPECIES_LATIOS,family_cycle_v0,base,
700,DM0700,digimon,lotusmon,妖精型,データ,base,314,SPECIES_ILLUMISE,family_cycle_v0,base,
701,DM0701,digimon,rosemonburstmode,妖精型,データ,base,315,SPECIES_ROSELIA,family_cycle_v0,base,
702,DM0702,digimon,rosemon,妖精型,データ,base,316,SPECIES_GULPIN,family_cycle_v0,base,
703,DM0703,digimon,ravmonburstmode,サイボーグ型,ワクチン,machine,299,SPECIES_NOSEPASS,family_cycle_v0,base,
704,DM0704,digimon,ravmon,サイボーグ型,ワクチン,machine,304,SPECIES_ARON,family_cycle_v0,base,
705,DM0705,digimon,lucemonlarva,魔神型,ウィルス,demon,198,SPECIES_MURKROW,family_cycle_v0,base,
706,DM0706,digimon,lucemonsatanmode,魔神型,ウィルス,demon,200,SPECIES_MISDREAVUS,family_cycle_v0,base,
707,DM0707,digimon,lilithmon,魔王型,ウィルス,demon,215,SPECIES_SNEASEL,family_cycle_v0,base,
708,DM0708,digimon,leviamon,魔王型,ウィルス,demon,228,SPECIES_HOUNDOUR,family_cycle_v0,base,
709,DM0709,digimon,lampmon,魔人型,データ,dark,93,SPECIES_HAUNTER,family_cycle_v0,base,
710,DM0710,digimon,rusttyranomon,サイボーグ型,ウィルス,machine,375,SPECIES_METANG,family_cycle_v0,base,
711,DM0711,digimon,rasielmon,座天使型,ワクチン,angel,251,SPECIES_CELEBI,family_cycle_v0,base,
712,DM0712,digimon,jupitermon,神人型,ワクチン,holy,178,SPECIES_XATU,family_cycle_v0,base,
713,DM0713,digimon,mercurymon,神人型,ウィルス,holy,196,SPECIES_ESPEON,family_cycle_v0,base,
714,DM0714,digimon,medievaldukemon,戦士型,データ,base,328,SPECIES_TRAPINCH,family_cycle_v0,base,
715,DM0715,digimon,metalpiranimon,水棲型,ウィルス,aquatic,99,SPECIES_KINGLER,family_cycle_v0,base,
716,DM0716,digimon,metalseadramon,サイボーグ型,データ,machine,82,SPECIES_MAGNETON,family_cycle_v0,base,
717,DM0717,digimon,metalgarurumon,サイボーグ型,データ,machine,100,SPECIES_VOLTORB,family_cycle_v0,base,
718,DM0718,digimon,metaletemon,サイボーグ型,ウィルス,machine,101,SPECIES_ELECTRODE,family_cycle_v0,base,
719,DM0719,digimon,megidramon,邪竜型,ウィルス,dragon,230,SPECIES_KINGDRA,family_cycle_v0,base,
720,DM0720,digimon,moonmillenniumon,邪神型,ウィルス,demon,215,SPECIES_SNEASEL,family_cycle_v0,base,
721,DM0721,digimon,murmukusmon,魔王型,ウィルス,demon,228,SPECIES_HOUNDOUR,family_cycle_v0,base,
722,DM0722,digimon,mugendramon,マシーン型,ウィルス,machine,212,SPECIES_SCIZOR,family_cycle_v0,base,
723,DM0723,digimon,millenniumon,合成型,ウィルス,base,337,SPECIES_LUNATONE,family_cycle_v0,base,
724,DM0724,digimon,miragegaogamon:burstmode,獣騎士型,データ,beast,209,SPECIES_SNUBBULL,family_cycle_v0,base,
725,DM0725,digimon,miragegaogamon,獣騎士型,データ,beast,210,SPECIES_GRANBULL,family_cycle_v0,base,
726,DM0726,digimon,minervamon,神人型,ウィルス,holy,380,SPECIES_LATIAS,family_cycle_v0,base,
727,DM0727,digimon,marsmon,神人型,ワクチン,holy,381,SPECIES_LATIOS,family_cycle_v0,base,
728,DM0728,digimon,marinangemon,妖精型,ワクチン,base,342,SPECIES_CRAWDAUNT,family_cycle_v0,base,
729,DM0729,digimon,magnakidmon,竜人型,ウィルス,dragon,380,SPECIES_LATIAS,family_cycle_v0,base,
730,DM0730,digimon,boltmon,サイボーグ型,データ,machine,374,SPECIES_BELDUM,family_cycle_v0,base,
731,DM0731,digimon,holydramon,聖竜型,ワクチン,dragon,384,SPECIES_RAYQUAZA,family_cycle_v0,base,
732,DM0732,digimon,hououmon,聖獣型,ワクチン,holy,144,SPECIES_ARTICUNO,family_cycle_v0,base,
733,DM0733,digimon,belphemonragemode,魔王型,ウィルス,demon,215,SPECIES_SNEASEL,family_cycle_v0,base,
734,DM0734,digimon,belphemonsleepmode,魔王型,ウィルス,demon,228,SPECIES_HOUNDOUR,family_cycle_v0,base,
735,DM0735,digimon,beelzebumonblastmode,魔王型,ウィルス,demon,229,SPECIES_HOUNDOOM,family_cycle_v0,base,
736,DM0736,digimon,beelzebumon,魔王型,ウィルス,demon,248,SPECIES_TYRANITAR,family_cycle_v0,base,
737,DM0737,digimon,beelstarmon,魔人型,ウィルス,dark,197,SPECIES_UMBREON,family_cycle_v0,base,
738,DM0738,digimon,belialvamdemon,魔王型,ウィルス,demon,332,SPECIES_CACTURNE,family_cycle_v0,base,
739,DM0739,digimon,heraklekabuterimon,昆虫型,ワクチン,insect,13,SPECIES_WEEDLE,family_cycle_v0,base,
740,DM0740,digimon,plesiomon,首長竜型,データ,dragon,329,SPECIES_VIBRAVA,family_cycle_v0,base,
741,DM0741,digimon,breakdramon,機竜型,ウィルス,dragon,330,SPECIES_FLYGON,family_cycle_v0,base,
742,DM0742,digimon,princemamemon,突然変異型,データ,base,356,SPECIES_DUSCLOPS,family_cycle_v0,base,
743,DM0743,digimon,blitzgreymon,サイボーグ型,ウィルス,machine,212,SPECIES_SCIZOR,family_cycle_v0,base,
744,DM0744,digimon,blacksaintgalgomon,マシーン型,ワクチン,machine,233,SPECIES_PORYGON2,family_cycle_v0,base,
745,DM0745,digimon,blackwargreymon,竜人型,ウィルス,dragon,373,SPECIES_SALAMENCE,family_cycle_v0,base,
746,DM0746,digimon,platinumnumemon,突然変異型,ウィルス,base,360,SPECIES_WYNAUT,family_cycle_v0,base,
747,DM0747,digimon,pukumon,突然変異型,ウィルス,base,361,SPECIES_SNORUNT,family_cycle_v0,base,
748,DM0748,digimon,fujinmon,マシーン型,ワクチン,machine,306,SPECIES_AGGRON,family_cycle_v0,base,
749,DM0749,digimon,huanglongmon,神獣型,NO DATA,holy,280,SPECIES_RALTS,family_cycle_v0,base,
750,DM0750,digimon,pharaohmon,魔人型,ウィルス,dark,332,SPECIES_CACTURNE,family_cycle_v0,base,
751,DM0751,digimon,pinochimon,パペット型,ウィルス,base,365,SPECIES_WALREIN,family_cycle_v0,base,
752,DM0752,digimon,victorygreymon,竜人型,ワクチン,dragon,149,SPECIES_DRAGONITE,family_cycle_v0,base,
753,DM0753,digimon,piemon,魔人型,ウィルス,dark,354,SPECIES_BANETTE,family_cycle_v0,base,
754,DM0754,digimon,bancholeomon,獣人型,ワクチン,beast,301,SPECIES_DELCATTY,family_cycle_v0,base,
755,DM0755,digimon,banchomamemon,突然変異型,データ,base,369,SPECIES_RELICANTH,family_cycle_v0,base,
756,DM0756,digimon,banchostingmon,昆虫型,フリー,insect,214,SPECIES_HERACROSS,family_cycle_v0,base,
757,DM0757,digimon,barbamon,魔王型,ウィルス,demon,198,SPECIES_MURKROW,family_cycle_v0,base,
758,DM0758,digimon,parasimon,寄生型,ウィルス,base,372,SPECIES_SHELGON,family_cycle_v0,base,
759,DM0759,digimon,babamon,エンシェント型,ワクチン,base,373,SPECIES_SALAMENCE,family_cycle_v0,base,
760,DM0760,digimon,baihumon,聖獣型,データ,holy,144,SPECIES_ARTICUNO,family_cycle_v0,base,
761,DM0761,digimon,hiandromon,サイボーグ型,ワクチン,machine,137,SPECIES_PORYGON,family_cycle_v0,base,
762,DM0762,digimon,neptunemon,神人型,ワクチン,holy,146,SPECIES_MOLTRES,family_cycle_v0,base,
763,DM0763,digimon,dorugoramon,獣竜型,データ,dragon,380,SPECIES_LATIAS,family_cycle_v0,base,
764,DM0764,digimon,duftmonleopardmode,聖騎士型,データ,holy,151,SPECIES_MEW,family_cycle_v0,base,
765,DM0765,digimon,duftmon,聖騎士型,データ,holy,175,SPECIES_TOGEPI,family_cycle_v0,base,
766,DM0766,digimon,durandamon,聖剣型,ワクチン,holy,176,SPECIES_TOGETIC,family_cycle_v0,base,
767,DM0767,digimon,dynasmon,聖騎士型,データ,holy,177,SPECIES_NATU,family_cycle_v0,base,
768,DM0768,digimon,dukemoncrimsonmode,聖騎士型,ウィルス,holy,178,SPECIES_XATU,family_cycle_v0,base,
769,DM0769,digimon,dukemon,聖騎士型,ウィルス,holy,196,SPECIES_ESPEON,family_cycle_v0,base,
770,DM0770,digimon,devitamamon,突然変異型,データ,base,384,SPECIES_RAYQUAZA,family_cycle_v0,base,
771,DM0771,digimon,deathmon-black,魔王型,データ,demon,200,SPECIES_MISDREAVUS,family_cycle_v0,base,
772,DM0772,digimon,deathmon,魔王型,データ,demon,215,SPECIES_SNEASEL,family_cycle_v0,base,
773,DM0773,digimon,death-x-mon,解析不能,ウィルス,base,1,SPECIES_BULBASAUR,family_cycle_v0,base,
774,DM0774,digimon,demon,魔王型,ウィルス,demon,229,SPECIES_HOUNDOOM,family_cycle_v0,base,
775,DM0775,digimon,death-x-dorugoramon,アンデッド型,ウィルス,undead,92,SPECIES_GASTLY,family_cycle_v0,base,
776,DM0776,digimon,dinorexmon,恐竜型,データ,dragon,334,SPECIES_ALTARIA,family_cycle_v0,base,
777,DM0777,digimon,dinotigermon,古代獣型,データ,beast,359,SPECIES_ABSOL,family_cycle_v0,base,
778,DM0778,digimon,diablomon,種族不明,不明,base,6,SPECIES_CHARIZARD,family_cycle_v0,base,
779,DM0779,digimon,dianamon,神人型,データ,holy,282,SPECIES_GARDEVOIR,family_cycle_v0,base,
780,DM0780,digimon,qinglongmon,聖竜型,データ,dragon,380,SPECIES_LATIAS,family_cycle_v0,base,
781,DM0781,digimon,darkdramon,サイボーグ型,ウィルス,machine,101,SPECIES_ELECTRODE,family_cycle_v0,base,
782,DM0782,digimon,tyrantkabuterimon,昆虫型,ウィルス,insect,127,SPECIES_PINSIR,family_cycle_v0,base,
783,DM0783,digimon,titamon,神人型,ウィルス,holy,381,SPECIES_LATIOS,family_cycle_v0,base,
784,DM0784,digimon,tigervespamon,サイボーグ型,ウィルス,machine,208,SPECIES_STEELIX,family_cycle_v0,base,
785,DM0785,digimon,saintgalgomon,マシーン型,ワクチン,machine,212,SPECIES_SCIZOR,family_cycle_v0,base,
786,DM0786,digimon,seraphimon,熾天使型,ワクチン,angel,242,SPECIES_BLISSEY,family_cycle_v0,base,
787,DM0787,digimon,slayerdramon,竜人型,ワクチン,dragon,230,SPECIES_KINGDRA,family_cycle_v0,base,
788,DM0788,digimon,sleipmon,聖騎士型,ワクチン,holy,144,SPECIES_ARTICUNO,family_cycle_v0,base,
789,DM0789,digimon,slashangemon,能天使型,ワクチン,angel,282,SPECIES_GARDEVOIR,family_cycle_v0,base,
790,DM0790,digimon,spinomon,恐竜型,ウィルス,dragon,248,SPECIES_TYRANITAR,family_cycle_v0,base,
791,DM0791,digimon,susanoomon,神人型,ワクチン,holy,150,SPECIES_MEWTWO,family_cycle_v0,base,
792,DM0792,digimon,skullmammon,アンデッド型,ワクチン,undead,356,SPECIES_DUSCLOPS,family_cycle_v0,base,
793,DM0793,digimon,zhuqiaomon,聖鳥型,ウィルス,holy,175,SPECIES_TOGEPI,family_cycle_v0,base,
794,DM0794,digimon,suijinmon,マシーン型,データ,machine,375,SPECIES_METANG,family_cycle_v0,base,
795,DM0795,digimon,zeedmillenniumon,邪神型,ウィルス,demon,197,SPECIES_UMBREON,family_cycle_v0,base,
796,DM0796,digimon,zdgarurumon,サイボーグ型,データ,machine,377,SPECIES_REGIROCK,family_cycle_v0,base,
797,DM0797,digimon,jumbogamemon,サイボーグ型,データ,machine,378,SPECIES_REGICE,family_cycle_v0,base,
798,DM0798,digimon,justimon,サイボーグ型,ワクチン,machine,379,SPECIES_REGISTEEL,family_cycle_v0,base,
799,DM0799,digimon,shakamon,如来型,ワクチン,base,27,SPECIES_SANDSHREW,family_cycle_v0,base,
800,DM0800,digimon,shinegreymonburstmode,光竜型,ワクチン,dragon,130,SPECIES_GYARADOS,family_cycle_v0,base,
801,DM0801,digimon,shinegreymon,光竜型,ワクチン,dragon,147,SPECIES_DRATINI,family_cycle_v0,base,
802,DM0802,digimon,jijimon,エンシェント型,ワクチン,base,30,SPECIES_NIDORINA,family_cycle_v0,base,
803,DM0803,digimon,xuanwumon,聖獣型,ワクチン,holy,250,SPECIES_HO_OH,family_cycle_v0,base,
804,DM0804,digimon,jesmon,聖騎士型,データ,holy,251,SPECIES_CELEBI,family_cycle_v0,base,
805,DM0805,digimon,zanbamon,魔人型,ウィルス,dark,354,SPECIES_BANETTE,family_cycle_v0,base,
806,DM0806,digimon,sakuyamon:mikomode,神人型,データ,holy,281,SPECIES_KIRLIA,family_cycle_v0,base,
807,DM0807,digimon,sakuyamon,神人型,データ,holy,282,SPECIES_GARDEVOIR,family_cycle_v0,base,
808,DM0808,digimon,saberleomon,古代獣型,データ,beast,209,SPECIES_SNUBBULL,family_cycle_v0,base,
809,DM0809,digimon,goddramon,聖竜型,ワクチン,dragon,330,SPECIES_FLYGON,family_cycle_v0,base,
810,DM0810,digimon,gokumon,サイボーグ型,ウィルス,machine,305,SPECIES_LAIRON,family_cycle_v0,base,
811,DM0811,digimon,cherubimon-vice,智天使型,ワクチン,angel,282,SPECIES_GARDEVOIR,family_cycle_v0,base,
812,DM0812,digimon,cherubimon,智天使型,ワクチン,angel,333,SPECIES_SWABLU,family_cycle_v0,base,
813,DM0813,digimon,crossmon,巨鳥型,ワクチン,base,41,SPECIES_ZUBAT,family_cycle_v0,base,
814,DM0814,digimon,craniummon,聖騎士型,ワクチン,holy,36,SPECIES_CLEFABLE,family_cycle_v0,base,
815,DM0815,digimon,gracenovamon,銀河型,ワクチン,base,43,SPECIES_ODDISH,family_cycle_v0,base,
816,DM0816,digimon,griffomon,幻獣型,データ,beast,300,SPECIES_SKITTY,family_cycle_v0,base,
817,DM0817,digimon,grandlocomon,マシーン型,データ,machine,377,SPECIES_REGIROCK,family_cycle_v0,base,
818,DM0818,digimon,granddracumon,魔獣型,ウィルス,beast,335,SPECIES_ZANGOOSE,family_cycle_v0,base,
819,DM0819,digimon,grandiskuwagamon,昆虫型,ウィルス,insect,166,SPECIES_LEDIAN,family_cycle_v0,base,
820,DM0820,digimon,grankuwagamon,昆虫型,フリー,insect,167,SPECIES_SPINARAK,family_cycle_v0,base,
821,DM0821,digimon,clavisangemon,力天使型,ワクチン,angel,251,SPECIES_CELEBI,family_cycle_v0,base,
822,DM0822,digimon,kuzuhamon,神人型,データ,holy,176,SPECIES_TOGETIC,family_cycle_v0,base,
823,DM0823,digimon,quartzmon,種族不明,不明,base,51,SPECIES_DUGTRIO,family_cycle_v0,base,
824,DM0824,digimon,cresgarurumon,獣騎士型,データ,beast,128,SPECIES_TAUROS,family_cycle_v0,base,
825,DM0825,digimon,queenchessmon,パペット型,ウィルス,base,53,SPECIES_PERSIAN,family_cycle_v0,base,
826,DM0826,digimon,kingchessmon,パペット型,ウィルス,base,54,SPECIES_PSYDUCK,family_cycle_v0,base,
827,DM0827,digimon,kingetemon,パペット型,ウィルス,base,55,SPECIES_GOLDUCK,family_cycle_v0,base,
828,DM0828,digimon,cannondramon,サイボーグ型,データ,machine,233,SPECIES_PORYGON2,family_cycle_v0,base,
829,DM0829,digimon,gigaseadramon,サイボーグ型,データ,machine,299,SPECIES_NOSEPASS,family_cycle_v0,base,
830,DM0830,digimon,gankoomon,聖騎士型,データ,holy,249,SPECIES_LUGIA,family_cycle_v0,base,
831,DM0831,digimon,gulfmon,魔獣型,ウィルス,beast,216,SPECIES_TEDDIURSA,family_cycle_v0,base,
832,DM0832,digimon,chaosmonvaldurarm,特異型,ワクチン,base,60,SPECIES_POLIWAG,family_cycle_v0,base,
833,DM0833,digimon,chaosmon,特異型,ワクチン,base,61,SPECIES_POLIWHIRL,family_cycle_v0,base,
834,DM0834,digimon,chaosdramon-x,マシーン型,ウィルス,machine,344,SPECIES_CLAYDOL,family_cycle_v0,base,
835,DM0835,digimon,chaosdramon,マシーン型,ウィルス,machine,374,SPECIES_BELDUM,family_cycle_v0,base,
836,DM0836,digimon,chaosdukemon,暗黒騎士型,ウィルス,dark,88,SPECIES_GRIMER,family_cycle_v0,base,
837,DM0837,digimon,gaioumon,竜人型,ウィルス,dragon,149,SPECIES_DRAGONITE,family_cycle_v0,base,
838,DM0838,digimon,omegamon-alter-s,聖騎士型,ウィルス,holy,380,SPECIES_LATIAS,family_cycle_v0,base,
839,DM0839,digimon,omegamon-x,聖騎士型,ワクチン,holy,381,SPECIES_LATIOS,family_cycle_v0,base,
840,DM0840,digimon,omegamon,聖騎士型,ワクチン,holy,385,SPECIES_JIRACHI,family_cycle_v0,base,
841,DM0841,digimon,ofanimonfalldownmode,堕天使型,ワクチン,demon,302,SPECIES_SABLEYE,family_cycle_v0,base,
842,DM0842,digimon,ofanimon,座天使型,ワクチン,angel,250,SPECIES_HO_OH,family_cycle_v0,base,
843,DM0843,digimon,ornismon,古代鳥型,ウィルス,base,71,SPECIES_VICTREEBEL,family_cycle_v0,base,
844,DM0844,digimon,ogudomon,化身型,ウィルス,base,72,SPECIES_TENTACOOL,family_cycle_v0,base,
845,DM0845,digimon,ouryumon,獣竜型,ワクチン,dragon,371,SPECIES_BAGON,family_cycle_v0,base,
846,DM0846,digimon,ancientwisetmon,古代突然変異型,ウィルス,base,74,SPECIES_GEODUDE,family_cycle_v0,base,
847,DM0847,digimon,ancientmegatheriumon,古代獣型,データ,beast,162,SPECIES_FURRET,family_cycle_v0,base,
848,DM0848,digimon,ancientmermaimon,古代水棲獣人型,データ,aquatic,120,SPECIES_STARYU,family_cycle_v0,base,
849,DM0849,digimon,ancientvolcamon,古代鉱物型,ウィルス,base,77,SPECIES_PONYTA,family_cycle_v0,base,
850,DM0850,digimon,ancientbeatmon,古代昆虫型,ワクチン,insect,49,SPECIES_VENOMOTH,family_cycle_v0,base,
851,DM0851,digimon,ancienttroiamon,古代植物型,データ,base,79,SPECIES_SLOWPOKE,family_cycle_v0,base,
852,DM0852,digimon,ancientsphinkmon,古代幻獣型,ウィルス,beast,216,SPECIES_TEDDIURSA,family_cycle_v0,base,
853,DM0853,digimon,ancientgreymon,古代竜型,ワクチン,dragon,148,SPECIES_DRAGONAIR,family_cycle_v0,base,
854,DM0854,digimon,ancientgarurumon,古代獣型,データ,beast,228,SPECIES_HOUNDOUR,family_cycle_v0,base,
855,DM0855,digimon,ancientirismon,古代鳥人型,ワクチン,base,83,SPECIES_FARFETCHD,family_cycle_v0,base,
856,DM0856,digimon,eldoradimon,突然変異型,データ,base,84,SPECIES_DODUO,family_cycle_v0,base,
857,DM0857,digimon,examon,聖騎士型,データ,holy,245,SPECIES_SUICUNE,family_cycle_v0,base,
858,DM0858,digimon,vulcanusmon,神人型,データ,holy,249,SPECIES_LUGIA,family_cycle_v0,base,
859,DM0859,digimon,wargreymon,竜人型,ワクチン,dragon,329,SPECIES_VIBRAVA,family_cycle_v0,base,
860,DM0860,digimon,venomvamdemon,魔獣型,ウィルス,beast,335,SPECIES_ZANGOOSE,family_cycle_v0,base,
861,DM0861,digimon,venusmon,神人型,ワクチン,holy,280,SPECIES_RALTS,family_cycle_v0,base,
862,DM0862,digimon,valdurmon,聖鳥型,ワクチン,holy,281,SPECIES_KIRLIA,family_cycle_v0,base,
863,DM0863,digimon,valkyrimon,戦士型,フリー,base,91,SPECIES_CLOYSTER,family_cycle_v0,base,
864,DM0864,digimon,vikemon,獣人型,フリー,beast,58,SPECIES_GROWLITHE,family_cycle_v0,base,
865,DM0865,digimon,ebemon,サイボーグ型,ウィルス,machine,101,SPECIES_ELECTRODE,family_cycle_v0,base,
866,DM0866,digimon,ageisdramon,サイボーグ型,ワクチン,machine,137,SPECIES_PORYGON,family_cycle_v0,base,
867,DM0867,digimon,imperialdramonfightermode,古代竜人型,フリー,dragon,384,SPECIES_RAYQUAZA,family_cycle_v0,base,
868,DM0868,digimon,imperialdramonpaladinmode,古代聖騎士型,ワクチン,holy,385,SPECIES_JIRACHI,family_cycle_v0,base,
869,DM0869,digimon,imperialdramondragonmode,古代竜型,フリー,dragon,147,SPECIES_DRATINI,family_cycle_v0,base,
870,DM0870,digimon,yggdrasill7d6,９０００型,不明,base,98,SPECIES_KRABBY,family_cycle_v0,base,
871,DM0871,digimon,ulforcevdramon,聖騎士型,ワクチン,holy,113,SPECIES_CHANSEY,family_cycle_v0,base,
872,DM0872,digimon,alphamon:ouryuken,NO DATA,ワクチン,base,100,SPECIES_VOLTORB,family_cycle_v0,base,
873,DM0873,digimon,alphamon,聖騎士型,ワクチン,holy,145,SPECIES_ZAPDOS,family_cycle_v0,base,
874,DM0874,digimon,ultimatebrakimon,サイボーグ型,データ,machine,306,SPECIES_AGGRON,family_cycle_v0,base,
875,DM0875,digimon,algomon,突然変異型,ウィルス,base,103,SPECIES_EXEGGUTOR,family_cycle_v0,base,
876,DM0876,digimon,apollomon,神人型,ワクチン,holy,151,SPECIES_MEW,family_cycle_v0,base,
877,DM0877,digimon,apoclymon,種族不明,不明,base,105,SPECIES_MAROWAK,family_cycle_v0,base,
878,DM0878,digimon,anubimon,神人型,ワクチン,holy,176,SPECIES_TOGETIC,family_cycle_v0,base,
879,DM0879,digimon,armagemon,種族不明,不明,base,107,SPECIES_HITMONCHAN,family_cycle_v0,base,
880,DM0880,digimon,avengekidmon,竜人型,ウィルス,dragon,372,SPECIES_SHELGON,family_cycle_v0,base,
881,DM0881,digimon,warumonzaemon,パペット型,ウィルス,base,109,SPECIES_KOFFING,family_cycle_v0,base,
882,DM0882,digimon,waruseadramon,水棲型,ウィルス,aquatic,339,SPECIES_BARBOACH,family_cycle_v0,base,
883,DM0883,digimon,wisemon,魔人型,ウィルス,dark,354,SPECIES_BANETTE,family_cycle_v0,base,
884,DM0884,digimon,weregarrumon,獣人型,ワクチン,beast,53,SPECIES_PERSIAN,family_cycle_v0,base,
885,DM0885,digimon,locomon,マシーン型,データ,machine,100,SPECIES_VOLTORB,family_cycle_v0,base,
886,DM0886,digimon,loaderleomon,マシーン型,ワクチン,machine,101,SPECIES_ELECTRODE,family_cycle_v0,base,
887,DM0887,digimon,ladydevimon,堕天使型,ウィルス,demon,198,SPECIES_MURKROW,family_cycle_v0,base,
888,DM0888,digimon,luminamon,妖精型,ワクチン,base,116,SPECIES_HORSEA,family_cycle_v0,base,
889,DM0889,digimon,rucemonfalldownmode,魔王型,ウィルス,demon,215,SPECIES_SNEASEL,family_cycle_v0,base,
890,DM0890,digimon,rookchessmon,パペット型,ウィルス,base,118,SPECIES_GOLDEEN,family_cycle_v0,base,
891,DM0891,digimon,lilimon,妖精型,データ,base,119,SPECIES_SEAKING,family_cycle_v0,base,
892,DM0892,digimon,rapidmon,サイボーグ型,ワクチン,machine,299,SPECIES_NOSEPASS,family_cycle_v0,base,
893,DM0893,digimon,lilamon,妖精型,データ,base,121,SPECIES_STARMIE,family_cycle_v0,base,
894,DM0894,digimon,rizegreymon,サイボーグ型,ワクチン,machine,305,SPECIES_LAIRON,family_cycle_v0,base,
895,DM0895,digimon,yatagaramon,妖鳥型,ワクチン,base,123,SPECIES_SCYTHER,family_cycle_v0,base,
896,DM0896,digimon,monzaemon,パペット型,ワクチン,base,124,SPECIES_JYNX,family_cycle_v0,base,
897,DM0897,digimon,mephismon,堕天使型,ウィルス,demon,359,SPECIES_ABSOL,family_cycle_v0,base,
898,DM0898,digimon,metalmamemon,サイボーグ型,データ,machine,374,SPECIES_BELDUM,family_cycle_v0,base,
899,DM0899,digimon,metalfantomon,サイボーグ型,データ,machine,375,SPECIES_METANG,family_cycle_v0,base,
900,DM0900,digimon,metaltyranomon,サイボーグ型,ウィルス,machine,376,SPECIES_METAGROSS,family_cycle_v0,base,
901,DM0901,digimon,metalgreymon-v,サイボーグ型,ワクチン,machine,377,SPECIES_REGIROCK,family_cycle_v0,base,
902,DM0902,digimon,metalgreymon-web,サイボーグ型,ウィルス,machine,378,SPECIES_REGICE,family_cycle_v0,base,
903,DM0903,digimon,metallifekuwagamon,昆虫型,ウィルス,insect,284,SPECIES_MASQUERAIN,family_cycle_v0,base,
904,DM0904,digimon,megalogrowmon,サイボーグ型,ウィルス,machine,81,SPECIES_MAGNEMITE,family_cycle_v0,base,
905,DM0905,digimon,megadramon,サイボーグ型,ウィルス,machine,82,SPECIES_MAGNETON,family_cycle_v0,base,
906,DM0906,digimon,megaseadramon,水棲型,データ,aquatic,98,SPECIES_KRABBY,family_cycle_v0,base,
907,DM0907,digimon,meicrackmon,獣人型,ワクチン,beast,59,SPECIES_ARCANINE,family_cycle_v0,base,
908,DM0908,digimon,mihiramon,聖獣型,データ,holy,178,SPECIES_XATU,family_cycle_v0,base,
909,DM0909,digimon,mistymon,魔法戦士型,ウィルス,base,137,SPECIES_PORYGON,family_cycle_v0,base,
910,DM0910,digimon,mammon,古代獣型,ワクチン,beast,162,SPECIES_FURRET,family_cycle_v0,base,
911,DM0911,digimon,marindevimon,水棲獣人型,ウィルス,aquatic,119,SPECIES_SEAKING,family_cycle_v0,base,
912,DM0912,digimon,mametyramon,突然変異型,データ,base,140,SPECIES_KABUTO,family_cycle_v0,base,
913,DM0913,digimon,mamemon,突然変異型,データ,base,141,SPECIES_KABUTOPS,family_cycle_v0,base,
914,DM0914,digimon,mummymon,アンデッド型,ウィルス,undead,292,SPECIES_SHEDINJA,family_cycle_v0,base,
915,DM0915,digimon,machgaogamon,サイボーグ型,データ,machine,305,SPECIES_LAIRON,family_cycle_v0,base,
916,DM0916,digimon,matadrmon,アンデッド型,ウィルス,undead,354,SPECIES_BANETTE,family_cycle_v0,base,
917,DM0917,digimon,mastertyranomon,恐竜型,ワクチン,dragon,381,SPECIES_LATIOS,family_cycle_v0,base,
918,DM0918,digimon,majiramon,聖竜型,データ,dragon,384,SPECIES_RAYQUAZA,family_cycle_v0,base,
919,DM0919,digimon,makuramon,聖獣型,データ,holy,282,SPECIES_GARDEVOIR,family_cycle_v0,base,
920,DM0920,digimon,mermaimon,水棲獣人型,データ,aquatic,160,SPECIES_FERALIGATR,family_cycle_v0,base,
921,DM0921,digimon,volcamon,サイボーグ型,データ,machine,376,SPECIES_METAGROSS,family_cycle_v0,base,
922,DM0922,digimon,holyangemon,大天使型,ワクチン,angel,333,SPECIES_SWABLU,family_cycle_v0,base,
923,DM0923,digimon,whamon,水棲哺乳類型,ワクチン,aquatic,183,SPECIES_MARILL,family_cycle_v0,base,
924,DM0924,digimon,betsumon,パペット型,データ,base,152,SPECIES_CHIKORITA,family_cycle_v0,base,
925,DM0925,digimon,vademon2,宇宙人型,ウィルス,base,153,SPECIES_BAYLEEF,family_cycle_v0,base,
926,DM0926,digimon,vademon,宇宙人型,ウィルス,base,154,SPECIES_MEGANIUM,family_cycle_v0,base,
927,DM0927,digimon,blossomon,植物型,データ,base,155,SPECIES_CYNDAQUIL,family_cycle_v0,base,
928,DM0928,digimon,flaremon,獣人型,ワクチン,beast,59,SPECIES_ARCANINE,family_cycle_v0,base,
929,DM0929,digimon,bluemeramon,火炎型,ウィルス,base,157,SPECIES_TYPHLOSION,family_cycle_v0,base,
930,DM0930,digimon,blackmegalogrowmon,サイボーグ型,ウィルス,machine,205,SPECIES_FORRETRESS,family_cycle_v0,base,
931,DM0931,digimon,phelesmon,堕天使型,ウィルス,demon,248,SPECIES_TYRANITAR,family_cycle_v0,base,
932,DM0932,digimon,fantomon,ゴースト型,ウィルス,undead,292,SPECIES_SHEDINJA,family_cycle_v0,base,
933,DM0933,digimon,hippogriffomon,幻獣型,データ,beast,203,SPECIES_GIRAFARIG,family_cycle_v0,base,
934,DM0934,digimon,picklemon,妖精型,データ,base,162,SPECIES_FURRET,family_cycle_v0,base,
935,DM0935,digimon,bigmamemon,突然変異型,データ,base,163,SPECIES_HOOTHOOT,family_cycle_v0,base,
936,DM0936,digimon,bishopchessmon,パペット型,ウィルス,base,164,SPECIES_NOCTOWL,family_cycle_v0,base,
937,DM0937,digimon,hisyaryumon,獣竜型,ワクチン,dragon,147,SPECIES_DRATINI,family_cycle_v0,base,
938,DM0938,digimon,pumpmon,パペット型,データ,base,166,SPECIES_LEDIAN,family_cycle_v0,base,
939,DM0939,digimon,pandamon,パペット型,データ,base,167,SPECIES_SPINARAK,family_cycle_v0,base,
940,DM0940,digimon,panjyamon,獣人型,ワクチン,beast,261,SPECIES_POOCHYENA,family_cycle_v0,base,
941,DM0941,digimon,hangyomon,水棲獣人型,データ,aquatic,283,SPECIES_SURSKIT,family_cycle_v0,base,
942,DM0942,digimon,parrotmon,巨鳥型,ワクチン,base,170,SPECIES_CHINCHOU,family_cycle_v0,base,
943,DM0943,digimon,valvemon,マシーン型,データ,machine,377,SPECIES_REGIROCK,family_cycle_v0,base,
944,DM0944,digimon,bastemon,獣人型,ウィルス,beast,335,SPECIES_ZANGOOSE,family_cycle_v0,base,
945,DM0945,digimon,pajiramon,聖獣型,ウィルス,holy,280,SPECIES_RALTS,family_cycle_v0,base,
946,DM0946,digimon,paildramon,竜人型,フリー,dragon,334,SPECIES_ALTARIA,family_cycle_v0,base,
947,DM0947,digimon,neodevimon,堕天使型,ウィルス,demon,353,SPECIES_SHUPPET,family_cycle_v0,base,
948,DM0948,digimon,nanomon,マシーン型,ウィルス,machine,100,SPECIES_VOLTORB,family_cycle_v0,base,
949,DM0949,digimon,knightmon,戦士型,データ,base,177,SPECIES_NATU,family_cycle_v0,base,
950,DM0950,digimon,doruguremon,獣竜型,データ,dragon,380,SPECIES_LATIAS,family_cycle_v0,base,
951,DM0951,digimon,triceramon,角竜型,データ,dragon,381,SPECIES_LATIOS,family_cycle_v0,base,
952,DM0952,digimon,tonosamagekomon,両生類型,ウィルス,aquatic,363,SPECIES_SPHEAL,family_cycle_v0,base,
953,DM0953,digimon,doumon,魔人型,データ,dark,261,SPECIES_POOCHYENA,family_cycle_v0,base,
954,DM0954,digimon,delumon,鳥型,データ,base,182,SPECIES_BELLOSSOM,family_cycle_v0,base,
955,DM0955,digimon,duramon,武器型,ワクチン,base,183,SPECIES_MARILL,family_cycle_v0,base,
956,DM0956,digimon,deathmeramon,火炎型,データ,base,184,SPECIES_AZUMARILL,family_cycle_v0,base,
957,DM0957,digimon,digitamamon,パーフェクト型,データ,base,185,SPECIES_SUDOWOODO,family_cycle_v0,base,
958,DM0958,digimon,death-x-doruguremon,アンデッド型,ウィルス,undead,200,SPECIES_MISDREAVUS,family_cycle_v0,base,
959,DM0959,digimon,dinobeemon,突然変異型,フリー,base,187,SPECIES_HOPPIP,family_cycle_v0,base,
960,DM0960,digimon,chohakkaimon,パペット型,データ,base,188,SPECIES_SKIPLOOM,family_cycle_v0,base,
961,DM0961,digimon,caturamon,聖獣型,データ,holy,175,SPECIES_TOGEPI,family_cycle_v0,base,
962,DM0962,digimon,tyilinmon,聖獣型,ワクチン,holy,176,SPECIES_TOGETIC,family_cycle_v0,base,
963,DM0963,digimon,tankdramon,マシーン型,ウィルス,machine,376,SPECIES_METAGROSS,family_cycle_v0,base,
964,DM0964,digimon,dagomon,水棲獣人型,ウィルス,aquatic,72,SPECIES_TENTACOOL,family_cycle_v0,base,
965,DM0965,digimon,taomon,魔人型,データ,dark,42,SPECIES_GOLBAT,family_cycle_v0,base,
966,DM0966,digimon,darksuperstarmon,突然変異型,ウィルス,base,194,SPECIES_WOOPER,family_cycle_v0,base,
967,DM0967,digimon,sirenmon,神人型,データ,holy,243,SPECIES_RAIKOU,family_cycle_v0,base,
968,DM0968,digimon,saviorhuckmon,竜人型,データ,dragon,381,SPECIES_LATIOS,family_cycle_v0,base,
969,DM0969,digimon,zudomon,海獣型,ワクチン,aquatic,91,SPECIES_CLOYSTER,family_cycle_v0,base,
970,DM0970,digimon,scorpiomon,昆虫型,データ,insect,268,SPECIES_CASCOON,family_cycle_v0,base,
971,DM0971,digimon,skullbaluchimon,アンデッド型,データ,undead,355,SPECIES_DUSKULL,family_cycle_v0,base,
972,DM0972,digimon,skullsatamon,アンデッド型,ウィルス,undead,356,SPECIES_DUSCLOPS,family_cycle_v0,base,
973,DM0973,digimon,skullgreymon,アンデッド型,ウィルス,undead,92,SPECIES_GASTLY,family_cycle_v0,base,
974,DM0974,digimon,superstarmon,突然変異型,データ,base,202,SPECIES_WOBBUFFET,family_cycle_v0,base,
975,DM0975,digimon,sinduramon,聖鳥型,データ,holy,282,SPECIES_GARDEVOIR,family_cycle_v0,base,
976,DM0976,digimon,silphymon,獣人型,フリー,beast,209,SPECIES_SNUBBULL,family_cycle_v0,base,
977,DM0977,digimon,jyureimon,植物型,ウィルス,base,205,SPECIES_FORRETRESS,family_cycle_v0,base,
978,DM0978,digimon,shakkoumon,突然変異型,フリー,base,206,SPECIES_DUNSPARCE,family_cycle_v0,base,
979,DM0979,digimon,jyagamon,植物型,ワクチン,base,207,SPECIES_GLIGAR,family_cycle_v0,base,
980,DM0980,digimon,shawujinmon,魔人型,ウィルス,dark,262,SPECIES_MIGHTYENA,family_cycle_v0,base,
981,DM0981,digimon,sandiramon,聖獣型,ウィルス,holy,35,SPECIES_CLEFAIRY,family_cycle_v0,base,
982,DM0982,digimon,sanzomon,僧侶型,ワクチン,base,210,SPECIES_GRANBULL,family_cycle_v0,base,
983,DM0983,digimon,sagomon,魔人型,ウィルス,dark,319,SPECIES_SHARPEDO,family_cycle_v0,base,
984,DM0984,digimon,cyberdramon,サイボーグ型,ワクチン,machine,376,SPECIES_METAGROSS,family_cycle_v0,base,
985,DM0985,digimon,gokuwmon,獣人型,ウィルス,beast,301,SPECIES_DELCATTY,family_cycle_v0,base,
986,DM0986,digimon,cerberumon,魔獣型,ワクチン,beast,335,SPECIES_ZANGOOSE,family_cycle_v0,base,
987,DM0987,digimon,kumbhiramon,聖獣型,ワクチン,holy,150,SPECIES_MEWTWO,family_cycle_v0,base,
988,DM0988,digimon,crescemon,魔人型,データ,dark,359,SPECIES_ABSOL,family_cycle_v0,base,
989,DM0989,digimon,grademon,戦士型,ワクチン,base,217,SPECIES_URSARING,family_cycle_v0,base,
990,DM0990,digimon,grappuleomon,獣人型,ワクチン,beast,58,SPECIES_GROWLITHE,family_cycle_v0,base,
991,DM0991,digimon,groundramon,地竜型,ウィルス,dragon,230,SPECIES_KINGDRA,family_cycle_v0,base,
992,DM0992,digimon,giromon,機雷型,ワクチン,base,220,SPECIES_SWINUB,family_cycle_v0,base,
993,DM0993,digimon,captainhookmon,海人型,ワクチン,base,221,SPECIES_PILOSWINE,family_cycle_v0,base,
994,DM0994,digimon,cannonbeemon,サイボーグ型,ウィルス,machine,208,SPECIES_STEELIX,family_cycle_v0,base,
995,DM0995,digimon,catchmamemon,突然変異型,データ,base,223,SPECIES_REMORAID,family_cycle_v0,base,
996,DM0996,digimon,chimairamon,合成型,データ,base,224,SPECIES_OCTILLERY,family_cycle_v0,base,
997,DM0997,digimon,gigadramon,サイボーグ型,ウィルス,machine,299,SPECIES_NOSEPASS,family_cycle_v0,base,
998,DM0998,digimon,garudamon,鳥人型,ワクチン,base,226,SPECIES_MANTINE,family_cycle_v0,base,
999,DM0999,digimon,karatenmon,魔人型,ウィルス,dark,200,SPECIES_MISDREAVUS,family_cycle_v0,base,
1000,DM1000,digimon,gerbemon,突然変異型,ウィルス,base,228,SPECIES_HOUNDOUR,family_cycle_v0,base,
1001,DM1001,digimon,orochimon,魔竜型,ウィルス,dragon,380,SPECIES_LATIAS,family_cycle_v0,base,
1002,DM1002,digimon,okuwamon,昆虫型,ウィルス,insect,265,SPECIES_WURMPLE,family_cycle_v0,base,
1003,DM1003,digimon,angewomon,大天使型,ワクチン,angel,176,SPECIES_TOGETIC,family_cycle_v0,base,
1004,DM1004,digimon,etemon,パペット型,ウィルス,base,232,SPECIES_DONPHAN,family_cycle_v0,base,
1005,DM1005,digimon,ex-tyranomon,パペット型,ワクチン,base,233,SPECIES_PORYGON2,family_cycle_v0,base,
1006,DM1006,digimon,earov-dramon,聖竜型,ワクチン,dragon,148,SPECIES_DRAGONAIR,family_cycle_v0,base,
1007,DM1007,digimon,volcdoramon,竜型,データ,dragon,149,SPECIES_DRAGONITE,family_cycle_v0,base,
1008,DM1008,digimon,wingdramon,天竜型,ワクチン,dragon,230,SPECIES_KINGDRA,family_cycle_v0,base,
1009,DM1009,digimon,vikaralamon,聖獣型,ワクチン,holy,35,SPECIES_CLEFAIRY,family_cycle_v0,base,
1010,DM1010,digimon,vamdemon,アンデッド型,ウィルス,undead,93,SPECIES_HAUNTER,family_cycle_v0,base,
1011,DM1011,digimon,vajramon,聖獣型,ワクチン,holy,113,SPECIES_CHANSEY,family_cycle_v0,base,
1012,DM1012,digimon,infermon,種族不明,不明,base,240,SPECIES_MAGBY,family_cycle_v0,base,
1013,DM1013,digimon,indaramon,聖獣型,ウィルス,holy,145,SPECIES_ZAPDOS,family_cycle_v0,base,
1014,DM1014,digimon,insekimon,鉱石型,データ,base,242,SPECIES_BLISSEY,family_cycle_v0,base,
1015,DM1015,digimon,andromon,サイボーグ型,ワクチン,machine,208,SPECIES_STEELIX,family_cycle_v0,base,
1016,DM1016,digimon,andiramon,聖獣型,データ,holy,151,SPECIES_MEW,family_cycle_v0,base,
1017,DM1017,digimon,algomon-ultimate,突然変異型,ウィルス,base,245,SPECIES_SUICUNE,family_cycle_v0,base,
1018,DM1018,digimon,archnemon,魔獣型,ウィルス,beast,209,SPECIES_SNUBBULL,family_cycle_v0,base,
1019,DM1019,digimon,anomalocarimon-x,古代甲殻類型,データ,aquatic,366,SPECIES_CLAMPERL,family_cycle_v0,base,
1020,DM1020,digimon,anomalocarimon,古代甲殻類型,データ,aquatic,367,SPECIES_HUNTAIL,family_cycle_v0,base,
1021,DM1021,digimon,atlurkabuterimon,昆虫型,ワクチン,insect,15,SPECIES_BEEDRILL,family_cycle_v0,base,
1022,DM1022,digimon,atlurkabuterimon-blue,昆虫型,データ,insect,46,SPECIES_PARAS,family_cycle_v0,base,
1023,DM1023,digimon,astamon,魔人型,ウィルス,dark,197,SPECIES_UMBREON,family_cycle_v0,base,
1024,DM1024,digimon,asuramon,魔人型,ワクチン,dark,198,SPECIES_MURKROW,family_cycle_v0,base,
1025,DM1025,digimon,aegiochusmon:blue,神人型,ワクチン,holy,245,SPECIES_SUICUNE,family_cycle_v0,base,
1026,DM1026,digimon,aegiochusmon:dark,神人型,ワクチン,holy,249,SPECIES_LUGIA,family_cycle_v0,base,
1027,DM1027,digimon,aegiochusmon:green,神人型,ワクチン,holy,250,SPECIES_HO_OH,family_cycle_v0,base,
1028,DM1028,digimon,aegiochusmon,神人型,ワクチン,holy,251,SPECIES_CELEBI,family_cycle_v0,base,
1029,DM1029,digimon,waspmon,サイボーグ型,ウィルス,machine,379,SPECIES_REGISTEEL,family_cycle_v0,base,
1030,DM1030,digimon,reppamon,聖獣型,ワクチン,holy,281,SPECIES_KIRLIA,family_cycle_v0,base,
1031,DM1031,digimon,redvegimon,植物型,ウィルス,base,259,SPECIES_MARSHTOMP,family_cycle_v0,base,
1032,DM1032,digimon,lekismon,獣人型,データ,beast,58,SPECIES_GROWLITHE,family_cycle_v0,base,
1033,DM1033,digimon,leomon,獣人型,ワクチン,beast,59,SPECIES_ARCANINE,family_cycle_v0,base,
1034,DM1034,digimon,raremon,アンデッド型,ウィルス,undead,355,SPECIES_DUSKULL,family_cycle_v0,base,
1035,DM1035,digimon,rukamon,水棲哺乳類型,ワクチン,aquatic,99,SPECIES_KINGLER,family_cycle_v0,base,
1036,DM1036,digimon,revolmon,突然変異型,ワクチン,base,264,SPECIES_LINOONE,family_cycle_v0,base,
1037,DM1037,digimon,raptordramon,サイボーグ型,ワクチン,machine,212,SPECIES_SCIZOR,family_cycle_v0,base,
1038,DM1038,digimon,liamon,聖獣型,ワクチン,holy,36,SPECIES_CLEFABLE,family_cycle_v0,base,
1039,DM1039,digimon,youkomon,妖獣型,データ,beast,209,SPECIES_SNUBBULL,family_cycle_v0,base,
1040,DM1040,digimon,yunimon,幻獣型,ワクチン,beast,210,SPECIES_GRANBULL,family_cycle_v0,base,
1041,DM1041,digimon,yukidarumon,氷雪型,ワクチン,base,269,SPECIES_DUSTOX,family_cycle_v0,base,
1042,DM1042,digimon,monochromon,鎧竜型,データ,dragon,230,SPECIES_KINGDRA,family_cycle_v0,base,
1043,DM1043,digimon,mojyamon,珍獣型,ワクチン,beast,228,SPECIES_HOUNDOUR,family_cycle_v0,base,
1044,DM1044,digimon,meramon,火炎型,データ,base,272,SPECIES_LUDICOLO,family_cycle_v0,base,
1045,DM1045,digimon,mechanorimon,マシーン型,ウィルス,machine,374,SPECIES_BELDUM,family_cycle_v0,base,
1046,DM1046,digimon,musyamon,魔人型,ウィルス,dark,92,SPECIES_GASTLY,family_cycle_v0,base,
1047,DM1047,digimon,minotaurmon,獣人型,ウィルス,beast,300,SPECIES_SKITTY,family_cycle_v0,base,
1048,DM1048,digimon,mikemon,獣型,データ,beast,301,SPECIES_DELCATTY,family_cycle_v0,base,
1049,DM1049,digimon,porcupamon,パペット型,ウィルス,base,277,SPECIES_SWELLOW,family_cycle_v0,base,
1050,DM1050,digimon,peckmon,鳥型,ワクチン,base,278,SPECIES_WINGULL,family_cycle_v0,base,
1051,DM1051,digimon,vegimon,食虫植物型,ウィルス,insect,10,SPECIES_CATERPIE,family_cycle_v0,base,
1052,DM1052,digimon,bladekuwagamon,マシーン型,ウィルス,machine,82,SPECIES_MAGNETON,family_cycle_v0,base,
1053,DM1053,digimon,flarelizamon,火炎竜型,データ,dragon,381,SPECIES_LATIOS,family_cycle_v0,base,
1054,DM1054,digimon,blimpmon,マシーン型,データ,machine,101,SPECIES_ELECTRODE,family_cycle_v0,base,
1055,DM1055,digimon,blacktailmon,魔獣型,ウィルス,beast,128,SPECIES_TAUROS,family_cycle_v0,base,
1056,DM1056,digimon,blackgrowmon,魔竜型,ウィルス,dragon,147,SPECIES_DRATINI,family_cycle_v0,base,
1057,DM1057,digimon,platinasukamon,突然変異型,ウィルス,base,285,SPECIES_SHROOMISH,family_cycle_v0,base,
1058,DM1058,digimon,flymon,昆虫型,ウィルス,insect,47,SPECIES_PARASECT,family_cycle_v0,base,
1059,DM1059,digimon,hookmon,突然変異型,ウィルス,base,287,SPECIES_SLAKOTH,family_cycle_v0,base,
1060,DM1060,digimon,boogiemon,魔人型,ウィルス,dark,318,SPECIES_CARVANHA,family_cycle_v0,base,
1061,DM1061,digimon,fugamon,鬼人型,ウィルス,demon,248,SPECIES_TYRANITAR,family_cycle_v0,base,
1062,DM1062,digimon,v-dramon,幻竜型,ワクチン,dragon,248,SPECIES_TYRANITAR,family_cycle_v0,base,
1063,DM1063,digimon,fangmon,魔獣型,データ,beast,217,SPECIES_URSARING,family_cycle_v0,base,
1064,DM1064,digimon,firamon,獣型,ワクチン,beast,228,SPECIES_HOUNDOUR,family_cycle_v0,base,
1065,DM1065,digimon,hyougamon,氷雪型,ウィルス,base,293,SPECIES_WHISMUR,family_cycle_v0,base,
1066,DM1066,digimon,petermon,妖精型,データ,base,294,SPECIES_LOUDRED,family_cycle_v0,base,
1067,DM1067,digimon,hanumon,獣人型,ワクチン,beast,262,SPECIES_MIGHTYENA,family_cycle_v0,base,
1068,DM1068,digimon,bakemon,ゴースト型,ウィルス,undead,353,SPECIES_SHUPPET,family_cycle_v0,base,
1069,DM1069,digimon,baohuckmon,恐竜型,データ,dragon,380,SPECIES_LATIAS,family_cycle_v0,base,
1070,DM1070,digimon,birdramon,巨鳥型,ワクチン,base,298,SPECIES_AZURILL,family_cycle_v0,base,
1071,DM1071,digimon,numemon,軟体型,ウィルス,aquatic,319,SPECIES_SHARPEDO,family_cycle_v0,base,
1072,DM1072,digimon,nisedrimogemon,獣型,データ,beast,52,SPECIES_MEOWTH,family_cycle_v0,base,
1073,DM1073,digimon,nanimon,インベイド型,ウィルス,base,301,SPECIES_DELCATTY,family_cycle_v0,base,
1074,DM1074,digimon,knightchessmon,パペット型,ウィルス,base,302,SPECIES_SABLEYE,family_cycle_v0,base,
1075,DM1075,digimon,knightchessmon_black,パペット型,ウィルス,base,303,SPECIES_MAWILE,family_cycle_v0,base,
1076,DM1076,digimon,dorugamon,獣竜型,データ,dragon,230,SPECIES_KINGDRA,family_cycle_v0,base,
1077,DM1077,digimon,drimogemon,獣型,データ,beast,161,SPECIES_SENTRET,family_cycle_v0,base,
1078,DM1078,digimon,tobucatmon,パペット型,データ,base,306,SPECIES_AGGRON,family_cycle_v0,base,
1079,DM1079,digimon,dogmon,パペット型,データ,base,307,SPECIES_MEDITITE,family_cycle_v0,base,
1080,DM1080,digimon,togemon,植物型,データ,base,308,SPECIES_MEDICHAM,family_cycle_v0,base,
1081,DM1081,digimon,dokugumon,昆虫型,ウィルス,insect,292,SPECIES_SHEDINJA,family_cycle_v0,base,
1082,DM1082,digimon,dobermon,魔獣型,ワクチン,beast,210,SPECIES_GRANBULL,family_cycle_v0,base,
1083,DM1083,digimon,tortamon,爬虫類型,ワクチン,insect,314,SPECIES_ILLUMISE,family_cycle_v0,base,
1084,DM1084,digimon,turuiemon,獣人型,データ,beast,217,SPECIES_URSARING,family_cycle_v0,base,
1085,DM1085,digimon,deltamon,合成型,ウィルス,base,313,SPECIES_VOLBEAT,family_cycle_v0,base,
1086,DM1086,digimon,devimon,堕天使型,ウィルス,demon,229,SPECIES_HOUNDOOM,family_cycle_v0,base,
1087,DM1087,digimon,devidramon,邪竜型,ウィルス,dragon,381,SPECIES_LATIOS,family_cycle_v0,base,
1088,DM1088,digimon,death-x-dorugamon,アンデッド型,ウィルス,undead,355,SPECIES_DUSKULL,family_cycle_v0,base,
1089,DM1089,digimon,tailmon,聖獣型,ワクチン,holy,334,SPECIES_ALTARIA,family_cycle_v0,base,
1090,DM1090,digimon,tyranomon,恐竜型,データ,dragon,147,SPECIES_DRATINI,family_cycle_v0,base,
1091,DM1091,digimon,diatrymon,古代鳥型,ワクチン,base,319,SPECIES_SHARPEDO,family_cycle_v0,base,
1092,DM1092,digimon,tuchidarumon,突然変異型,データ,base,320,SPECIES_WAILMER,family_cycle_v0,base,
1093,DM1093,digimon,tankmon,サイボーグ型,データ,machine,81,SPECIES_MAGNEMITE,family_cycle_v0,base,
1094,DM1094,digimon,darcmon,天使型,ワクチン,angel,242,SPECIES_BLISSEY,family_cycle_v0,base,
1095,DM1095,digimon,tuskmon,恐竜型,ウィルス,dragon,247,SPECIES_PUPITAR,family_cycle_v0,base,
1096,DM1096,digimon,targetmon,パペット型,ウィルス,base,324,SPECIES_TORKOAL,family_cycle_v0,base,
1097,DM1097,digimon,darklizamon,邪竜型,ウィルス,dragon,329,SPECIES_VIBRAVA,family_cycle_v0,base,
1098,DM1098,digimon,darktyranomon,恐竜型,ウィルス,dragon,330,SPECIES_FLYGON,family_cycle_v0,base,
1099,DM1099,digimon,sorcerimon,魔人型,ワクチン,dark,93,SPECIES_HAUNTER,family_cycle_v0,base,
1100,DM1100,digimon,soulmon,ゴースト型,ウィルス,undead,93,SPECIES_HAUNTER,family_cycle_v0,base,
1101,DM1101,digimon,saberdramon,巨鳥型,ワクチン,base,329,SPECIES_VIBRAVA,family_cycle_v0,base,
1102,DM1102,digimon,zubaeagermon,武器型,ワクチン,base,330,SPECIES_FLYGON,family_cycle_v0,base,
1103,DM1103,digimon,snimon,昆虫型,ワクチン,insect,204,SPECIES_PINECO,family_cycle_v0,base,
1104,DM1104,digimon,strikedramon,竜人型,ワクチン,dragon,381,SPECIES_LATIOS,family_cycle_v0,base,
1105,DM1105,digimon,stingmon,昆虫型,フリー,insect,212,SPECIES_SCIZOR,family_cycle_v0,base,
1106,DM1106,digimon,starmon,突然変異型,データ,base,334,SPECIES_ALTARIA,family_cycle_v0,base,
1107,DM1107,digimon,scumon,ミュータント型,ウィルス,base,335,SPECIES_ZANGOOSE,family_cycle_v0,base,
1108,DM1108,digimon,junglemojamon,珍獣型,データ,beast,261,SPECIES_POOCHYENA,family_cycle_v0,base,
1109,DM1109,digimon,shimaunimon,幻獣型,ワクチン,beast,262,SPECIES_MIGHTYENA,family_cycle_v0,base,
1110,DM1110,digimon,sistermonnoir,パペット型,ウィルス,base,338,SPECIES_SOLROCK,family_cycle_v0,base,
1111,DM1111,digimon,geogreymon,恐竜型,ワクチン,dragon,246,SPECIES_LARVITAR,family_cycle_v0,base,
1112,DM1112,digimon,shellmon,軟体型,データ,aquatic,160,SPECIES_FERALIGATR,family_cycle_v0,base,
1113,DM1113,digimon,shademon,種族不明,ウィルス,base,341,SPECIES_CORPHISH,family_cycle_v0,base,
1114,DM1114,digimon,sealsdramon,サイボーグ型,ウィルス,machine,81,SPECIES_MAGNEMITE,family_cycle_v0,base,
1115,DM1115,digimon,coelamon,古代魚型,データ,aquatic,183,SPECIES_MARILL,family_cycle_v0,base,
1116,DM1116,digimon,seadramon,水棲型,データ,aquatic,184,SPECIES_AZUMARILL,family_cycle_v0,base,
1117,DM1117,digimon,siesamon,聖獣型,ワクチン,holy,334,SPECIES_ALTARIA,family_cycle_v0,base,
1118,DM1118,digimon,sunflowmon,植物型,データ,base,346,SPECIES_CRADILY,family_cycle_v0,base,
1119,DM1119,digimon,thunderballmon,突然変異型,データ,base,347,SPECIES_ANORITH,family_cycle_v0,base,
1120,DM1120,digimon,sangloupmon,魔獣型,ウィルス,beast,162,SPECIES_FURRET,family_cycle_v0,base,
1121,DM1121,digimon,zassoumon,植物型,ウィルス,base,349,SPECIES_FEEBAS,family_cycle_v0,base,
1122,DM1122,digimon,cyclomon,竜人型,ウィルス,dragon,384,SPECIES_RAYQUAZA,family_cycle_v0,base,
1123,DM1123,digimon,gorimon,獣人型,データ,beast,209,SPECIES_SNUBBULL,family_cycle_v0,base,
1124,DM1124,digimon,gokimon,昆虫型,ウィルス,insect,13,SPECIES_WEEDLE,family_cycle_v0,base,
1125,DM1125,digimon,golemon,鉱物型,ウィルス,base,353,SPECIES_SHUPPET,family_cycle_v0,base,
1126,DM1126,digimon,cockatrimon,巨鳥型,データ,base,354,SPECIES_BANETTE,family_cycle_v0,base,
1127,DM1127,digimon,kougamon,突然変異型,データ,base,355,SPECIES_DUSKULL,family_cycle_v0,base,
1128,DM1128,digimon,coredramon_g,竜型,ウィルス,dragon,246,SPECIES_LARVITAR,family_cycle_v0,base,
1129,DM1129,digimon,coredramon_b,竜型,ワクチン,dragon,247,SPECIES_PUPITAR,family_cycle_v0,base,
1130,DM1130,digimon,centalmon,獣人型,データ,beast,262,SPECIES_MIGHTYENA,family_cycle_v0,base,
1131,DM1131,digimon,geremon,軟体型,ウィルス,aquatic,278,SPECIES_WINGULL,family_cycle_v0,base,
1132,DM1132,digimon,gesomon,軟体型,ウィルス,aquatic,279,SPECIES_PELIPPER,family_cycle_v0,base,
1133,DM1133,digimon,kuwagamon,昆虫型,ウィルス,insect,165,SPECIES_LEDYBA,family_cycle_v0,base,
1134,DM1134,digimon,clockmon,マシーン型,データ,machine,379,SPECIES_REGISTEEL,family_cycle_v0,base,
1135,DM1135,digimon,greymon-first,恐竜型,ワクチン,dragon,372,SPECIES_SHELGON,family_cycle_v0,base,
1136,DM1136,digimon,gururumon,獣型,ワクチン,beast,53,SPECIES_PERSIAN,family_cycle_v0,base,
1137,DM1137,digimon,gryzmon,獣型,ワクチン,beast,58,SPECIES_GROWLITHE,family_cycle_v0,base,
1138,DM1138,digimon,chrysalimon,種族不明,不明,base,366,SPECIES_CLAMPERL,family_cycle_v0,base,
1139,DM1139,digimon,growmon,魔竜型,ウィルス,dragon,384,SPECIES_RAYQUAZA,family_cycle_v0,base,
1140,DM1140,digimon,ginryumon,獣竜型,ワクチン,dragon,130,SPECIES_GYARADOS,family_cycle_v0,base,
1141,DM1141,digimon,ginkakumon,鬼人型,ウィルス,demon,332,SPECIES_CACTURNE,family_cycle_v0,base,
1142,DM1142,digimon,kinkakumon,鬼人型,ウィルス,demon,353,SPECIES_SHUPPET,family_cycle_v0,base,
1143,DM1143,digimon,kyubimon,妖獣型,データ,beast,203,SPECIES_GIRAFARIG,family_cycle_v0,base,
1144,DM1144,digimon,kiwimon,古代鳥型,データ,base,372,SPECIES_SHELGON,family_cycle_v0,base,
1145,DM1145,digimon,gawappamon,サイボーグ型,データ,machine,304,SPECIES_ARON,family_cycle_v0,base,
1146,DM1146,digimon,garurumon,獣型,ワクチン,beast,216,SPECIES_TEDDIURSA,family_cycle_v0,base,
1147,DM1147,digimon,galgomon,獣人型,ワクチン,beast,217,SPECIES_URSARING,family_cycle_v0,base,
1148,DM1148,digimon,karatukinumemon,甲殻類型,ウィルス,aquatic,367,SPECIES_HUNTAIL,family_cycle_v0,base,
1149,DM1149,digimon,kabuterimon,昆虫型,ワクチン,insect,290,SPECIES_NINCADA,family_cycle_v0,base,
1150,DM1150,digimon,guardromon,マシーン型,ウィルス,machine,374,SPECIES_BELDUM,family_cycle_v0,base,
1151,DM1151,digimon,gaogamon,獣型,データ,beast,262,SPECIES_MIGHTYENA,family_cycle_v0,base,
1152,DM1152,digimon,omekamon,パペット型,データ,base,380,SPECIES_LATIAS,family_cycle_v0,base,
1153,DM1153,digimon,octmon,軟体型,ウィルス,aquatic,7,SPECIES_SQUIRTLE,family_cycle_v0,base,
1154,DM1154,digimon,orgemon,鬼人型,ウィルス,demon,332,SPECIES_CACTURNE,family_cycle_v0,base,
1155,DM1155,digimon,angemon,天使型,ワクチン,angel,385,SPECIES_JIRACHI,family_cycle_v0,base,
1156,DM1156,digimon,ebidramon,水棲型,データ,aquatic,72,SPECIES_TENTACOOL,family_cycle_v0,base,
1157,DM1157,digimon,xv-mon,幻竜型,フリー,dragon,130,SPECIES_GYARADOS,family_cycle_v0,base,
1158,DM1158,digimon,airdramon,幻獣型,ワクチン,beast,58,SPECIES_GROWLITHE,family_cycle_v0,base,
1159,DM1159,digimon,woodmon,植物型,ウィルス,base,1,SPECIES_BULBASAUR,family_cycle_v0,base,
1160,DM1160,digimon,wendimon,獣人型,ウィルス,beast,128,SPECIES_TAUROS,family_cycle_v0,base,
1161,DM1161,digimon,witchmon,魔人型,データ,dark,261,SPECIES_POOCHYENA,family_cycle_v0,base,
1162,DM1162,digimon,wizarmon,魔人型,データ,dark,262,SPECIES_MIGHTYENA,family_cycle_v0,base,
1163,DM1163,digimon,evilmon,小悪魔型,ウィルス,demon,228,SPECIES_HOUNDOUR,family_cycle_v0,base,
1164,DM1164,digimon,ikkakumon,海獣型,ワクチン,aquatic,116,SPECIES_HORSEA,family_cycle_v0,base,
1165,DM1165,digimon,igamon,突然変異,データ,base,7,SPECIES_SQUIRTLE,family_cycle_v0,base,
1166,DM1166,digimon,ankylomon,鎧竜型,フリー,dragon,330,SPECIES_FLYGON,family_cycle_v0,base,
1167,DM1167,digimon,aquilamon,巨鳥型,フリー,base,9,SPECIES_BLASTOISE,family_cycle_v0,base,
1168,DM1168,digimon,akatorimon,巨鳥型,データ,base,10,SPECIES_CATERPIE,family_cycle_v0,base,
1169,DM1169,digimon,icemon,氷雪型,データ,base,11,SPECIES_METAPOD,family_cycle_v0,base,
1170,DM1170,digimon,aegiomon,神人型,ワクチン,holy,281,SPECIES_KIRLIA,family_cycle_v0,base,
1171,DM1171,digimon,wormmon,幼虫型,フリー,insect,168,SPECIES_ARIADOS,family_cycle_v0,base,
1172,DM1172,digimon,lopmon,獣型,データ,beast,262,SPECIES_MIGHTYENA,family_cycle_v0,base,
1173,DM1173,digimon,renamon,獣人型,データ,beast,300,SPECIES_SKITTY,family_cycle_v0,base,
1174,DM1174,digimon,liollmon,聖獣型,ワクチン,holy,380,SPECIES_LATIAS,family_cycle_v0,base,
1175,DM1175,digimon,lunamon,哺乳類型,データ,beast,335,SPECIES_ZANGOOSE,family_cycle_v0,base,
1176,DM1176,digimon,lucemon,天使型,ワクチン,angel,334,SPECIES_ALTARIA,family_cycle_v0,base,
1177,DM1177,digimon,ryudamon,獣型,ワクチン,beast,52,SPECIES_MEOWTH,family_cycle_v0,base,
1178,DM1178,digimon,lalamon,植物型,データ,base,20,SPECIES_RATICATE,family_cycle_v0,base,
1179,DM1179,digimon,labramon,獣型,ワクチン,beast,58,SPECIES_GROWLITHE,family_cycle_v0,base,
1180,DM1180,digimon,yukiagumon,恐竜型,ワクチン,dragon,247,SPECIES_PUPITAR,family_cycle_v0,base,
1181,DM1181,digimon,monodramon,小竜型,ワクチン,dragon,248,SPECIES_TYRANITAR,family_cycle_v0,base,
1182,DM1182,digimon,muchomon,鳥型,データ,base,24,SPECIES_ARBOK,family_cycle_v0,base,
1183,DM1183,digimon,mushmon,植物型,ウィルス,base,25,SPECIES_PIKACHU,family_cycle_v0,base,
1184,DM1184,digimon,bokomon,突然変異型,ワクチン,base,26,SPECIES_RAICHU,family_cycle_v0,base,
1185,DM1185,digimon,paunchessmon-white,パペット型,ウィルス,base,27,SPECIES_SANDSHREW,family_cycle_v0,base,
1186,DM1186,digimon,paunchessmon,パペット型,ウィルス,base,28,SPECIES_SANDSLASH,family_cycle_v0,base,
1187,DM1187,digimon,hawkmon,鳥型,フリー,base,29,SPECIES_NIDORAN_F,family_cycle_v0,base,
1188,DM1188,digimon,penmon,鳥型,ワクチン,base,30,SPECIES_NIDORINA,family_cycle_v0,base,
1189,DM1189,digimon,betamon,両生類型,ウィルス,aquatic,258,SPECIES_MUDKIP,family_cycle_v0,base,
1190,DM1190,digimon,bearmon,獣型,ワクチン,beast,228,SPECIES_HOUNDOUR,family_cycle_v0,base,
1191,DM1191,digimon,plotmon,哺乳類型,ワクチン,beast,229,SPECIES_HOUNDOOM,family_cycle_v0,base,
1192,DM1192,digimon,floramon,植物型,データ,base,34,SPECIES_NIDOKING,family_cycle_v0,base,
1193,DM1193,digimon,v-mon,小竜型,フリー,dragon,148,SPECIES_DRAGONAIR,family_cycle_v0,base,
1194,DM1194,digimon,funbeemon,昆虫型,ウィルス,insect,13,SPECIES_WEEDLE,family_cycle_v0,base,
1195,DM1195,digimon,falcomon,鳥型,ワクチン,base,37,SPECIES_VULPIX,family_cycle_v0,base,
1196,DM1196,digimon,phascomon,魔獣型,ウィルス,beast,335,SPECIES_ZANGOOSE,family_cycle_v0,base,
1197,DM1197,digimon,piyomon,ヒナ鳥型,ワクチン,base,39,SPECIES_JIGGLYPUFF,family_cycle_v0,base,
1198,DM1198,digimon,picodevimon,小悪魔型,ウィルス,demon,197,SPECIES_UMBREON,family_cycle_v0,base,
1199,DM1199,digimon,palmon,植物型,データ,base,41,SPECIES_ZUBAT,family_cycle_v0,base,
1200,DM1200,digimon,huckmon,小竜型,データ,dragon,330,SPECIES_FLYGON,family_cycle_v0,base,
1201,DM1201,digimon,patamon,哺乳類型,データ,beast,59,SPECIES_ARCANINE,family_cycle_v0,base,
1202,DM1202,digimon,hagurumon,マシーン型,ウィルス,machine,137,SPECIES_PORYGON,family_cycle_v0,base,
1203,DM1203,digimon,bakumon,聖獣型,ワクチン,holy,381,SPECIES_LATIOS,family_cycle_v0,base,
1204,DM1204,digimon,neamon,獣型,データ,beast,162,SPECIES_FURRET,family_cycle_v0,base,
1205,DM1205,digimon,niseagumonhakase,恐竜型,ウィルス,dragon,380,SPECIES_LATIAS,family_cycle_v0,base,
1206,DM1206,digimon,dorumon,獣型,データ,beast,203,SPECIES_GIRAFARIG,family_cycle_v0,base,
1207,DM1207,digimon,dracomon,竜型,データ,dragon,384,SPECIES_RAYQUAZA,family_cycle_v0,base,
1208,DM1208,digimon,dracumon,アンデッド型,ウィルス,undead,93,SPECIES_HAUNTER,family_cycle_v0,base,
1209,DM1209,digimon,toyagumon,パペット型,ワクチン,base,51,SPECIES_DUGTRIO,family_cycle_v0,base,
1210,DM1210,digimon,tentomon,昆虫型,ワクチン,insect,212,SPECIES_SCIZOR,family_cycle_v0,base,
1211,DM1211,digimon,terriermon,獣型,ワクチン,beast,228,SPECIES_HOUNDOUR,family_cycle_v0,base,
1212,DM1212,digimon,tinkermon,妖精型,ウィルス,base,54,SPECIES_PSYDUCK,family_cycle_v0,base,
1213,DM1213,digimon,tukaimon,哺乳類型,ウィルス,beast,261,SPECIES_POOCHYENA,family_cycle_v0,base,
1214,DM1214,digimon,tyumon,獣型,ウィルス,beast,262,SPECIES_MIGHTYENA,family_cycle_v0,base,
1215,DM1215,digimon,solarmon,マシーン型,ワクチン,machine,376,SPECIES_METAGROSS,family_cycle_v0,base,
1216,DM1216,digimon,zubamon,武器型,ワクチン,base,58,SPECIES_GROWLITHE,family_cycle_v0,base,
1217,DM1217,digimon,snowgoburimon,鬼人型,ウィルス,demon,248,SPECIES_TYRANITAR,family_cycle_v0,base,
1218,DM1218,digimon,swimmon,熱帯魚型,ワクチン,aquatic,8,SPECIES_WARTORTLE,family_cycle_v0,base,
1219,DM1219,digimon,shakomon,甲殻類型,ウィルス,aquatic,9,SPECIES_BLASTOISE,family_cycle_v0,base,
1220,DM1220,digimon,shamamon,鬼人型,ウィルス,demon,353,SPECIES_SHUPPET,family_cycle_v0,base,
1221,DM1221,digimon,sistermonblanc,パペット型,ワクチン,base,63,SPECIES_ABRA,family_cycle_v0,base,
1222,DM1222,digimon,psychemon,爬虫類型,データ,insect,313,SPECIES_VOLBEAT,family_cycle_v0,base,
1223,DM1223,digimon,coronamon,獣型,ワクチン,beast,128,SPECIES_TAUROS,family_cycle_v0,base,
1224,DM1224,digimon,commandramon,サイボーグ型,ウィルス,machine,205,SPECIES_FORRETRESS,family_cycle_v0,base,
1225,DM1225,digimon,gomamon,海獣型,ワクチン,aquatic,91,SPECIES_CLOYSTER,family_cycle_v0,base,
1226,DM1226,digimon,goburimon,鬼人型,ウィルス,demon,200,SPECIES_MISDREAVUS,family_cycle_v0,base,
1227,DM1227,digimon,kotemon,爬虫類型,データ,insect,11,SPECIES_METAPOD,family_cycle_v0,base,
1228,DM1228,digimon,gottsumon,鉱石型,データ,base,70,SPECIES_WEEPINBELL,family_cycle_v0,base,
1229,DM1229,digimon,kokuwamon,マシーン型,データ,machine,304,SPECIES_ARON,family_cycle_v0,base,
1230,DM1230,digimon,kokabuterimon,昆虫型,ウィルス,insect,14,SPECIES_KAKUNA,family_cycle_v0,base,
1231,DM1231,digimon,koemon,獣型,ウィルス,beast,217,SPECIES_URSARING,family_cycle_v0,base,
1232,DM1232,digimon,keramon,種族不明,不明,base,74,SPECIES_GEODUDE,family_cycle_v0,base,
1233,DM1233,digimon,kunemon,幼虫型,ウィルス,insect,47,SPECIES_PARASECT,family_cycle_v0,base,
1234,DM1234,digimon,kudamon,聖獣型,ワクチン,holy,36,SPECIES_CLEFABLE,family_cycle_v0,base,
1235,DM1235,digimon,guilmon,爬虫類型,ウィルス,insect,49,SPECIES_VENOMOTH,family_cycle_v0,base,
1236,DM1236,digimon,candmon,火炎型,データ,base,78,SPECIES_RAPIDASH,family_cycle_v0,base,
1237,DM1237,digimon,gizamon,水棲哺乳類型,ウィルス,aquatic,134,SPECIES_VAPOREON,family_cycle_v0,base,
1238,DM1238,digimon,kamemon,サイボーグ型,データ,machine,378,SPECIES_REGICE,family_cycle_v0,base,
1239,DM1239,digimon,gabumon,爬虫類型,データ,insect,166,SPECIES_LEDIAN,family_cycle_v0,base,
1240,DM1240,digimon,ganimon,甲殻類型,データ,aquatic,160,SPECIES_FERALIGATR,family_cycle_v0,base,
1241,DM1241,digimon,gazimon,哺乳類型,ウィルス,beast,53,SPECIES_PERSIAN,family_cycle_v0,base,
1242,DM1242,digimon,gaomon,獣型,データ,beast,58,SPECIES_GROWLITHE,family_cycle_v0,base,
1243,DM1243,digimon,otamamon-red,両生類型,データ,aquatic,183,SPECIES_MARILL,family_cycle_v0,base,
1244,DM1244,digimon,otamamon,両生類型,ウィルス,aquatic,184,SPECIES_AZUMARILL,family_cycle_v0,base,
1245,DM1245,digimon,elecmon-violet,哺乳類型,ウィルス,beast,161,SPECIES_SENTRET,family_cycle_v0,base,
1246,DM1246,digimon,elecmon,哺乳類型,データ,beast,162,SPECIES_FURRET,family_cycle_v0,base,
1247,DM1247,digimon,ebiburgamon,食物型,データ,base,89,SPECIES_MUK,family_cycle_v0,base,
1248,DM1248,digimon,impmon,小悪魔型,ウィルス,demon,359,SPECIES_ABSOL,family_cycle_v0,base,
1249,DM1249,digimon,alraumon,植物型,データ,base,91,SPECIES_CLOYSTER,family_cycle_v0,base,
1250,DM1250,digimon,armadimon,哺乳類型,フリー,beast,210,SPECIES_GRANBULL,family_cycle_v0,base,
1251,DM1251,digimon,arkadimon,妖獣型,ウィルス,beast,216,SPECIES_TEDDIURSA,family_cycle_v0,base,
1252,DM1252,digimon,agumonhakase,恐竜型,ワクチン,dragon,334,SPECIES_ALTARIA,family_cycle_v0,base,
1253,DM1253,digimon,agumon-black,爬虫類型,ウィルス,insect,284,SPECIES_MASQUERAIN,family_cycle_v0,base,
1254,DM1254,digimon,agumon-2006,恐竜型,ワクチン,dragon,372,SPECIES_SHELGON,family_cycle_v0,base,
1255,DM1255,digimon,agumon,爬虫類型,ワクチン,insect,291,SPECIES_NINJASK,family_cycle_v0,base,
1256,DM1256,digimon,wanyamon,レッサー型,,base,98,SPECIES_KRABBY,family_cycle_v0,base,
1257,DM1257,digimon,mochimon,レッサー型,,base,99,SPECIES_KINGLER,family_cycle_v0,base,
1258,DM1258,digimon,minomon,幼虫型,,insect,314,SPECIES_ILLUMISE,family_cycle_v0,base,
1259,DM1259,digimon,missimon,マシーン型,,machine,378,SPECIES_REGICE,family_cycle_v0,base,
1260,DM1260,digimon,poromon,小鳥型,,base,102,SPECIES_EXEGGCUTE,family_cycle_v0,base,
1261,DM1261,digimon,pokomon,レッサー型,,base,103,SPECIES_EXEGGUTOR,family_cycle_v0,base,
1262,DM1262,digimon,babydmon,幼竜型,,dragon,149,SPECIES_DRAGONITE,family_cycle_v0,base,
1263,DM1263,digimon,puroromon,幼虫型,,insect,12,SPECIES_BUTTERFREE,family_cycle_v0,base,
1264,DM1264,digimon,frimon,レッサー型,,base,106,SPECIES_HITMONLEE,family_cycle_v0,base,
1265,DM1265,digimon,petimeramon,火炎型,,base,107,SPECIES_HITMONCHAN,family_cycle_v0,base,
1266,DM1266,digimon,pukamon,レッサー型,,base,108,SPECIES_LICKITUNG,family_cycle_v0,base,
1267,DM1267,digimon,pyocomon,球根型,,base,109,SPECIES_KOFFING,family_cycle_v0,base,
1268,DM1268,digimon,pinamon,ヒナ鳥型,,base,110,SPECIES_WEEZING,family_cycle_v0,base,
1269,DM1269,digimon,budmon,植物型,,base,111,SPECIES_RHYHORN,family_cycle_v0,base,
1270,DM1270,digimon,pagumon,レッサー型,,base,112,SPECIES_RHYDON,family_cycle_v0,base,
1271,DM1271,digimon,nyaromon,レッサー型,,base,113,SPECIES_CHANSEY,family_cycle_v0,base,
1272,DM1272,digimon,dorimon,レッサー型,,base,114,SPECIES_TANGELA,family_cycle_v0,base,
1273,DM1273,digimon,tokomon,レッサー型,,base,115,SPECIES_KANGASKHAN,family_cycle_v0,base,
1274,DM1274,digimon,tsumemon,種族不明,,base,116,SPECIES_HORSEA,family_cycle_v0,base,
1275,DM1275,digimon,tunomon,レッサー型,,base,117,SPECIES_SEADRA,family_cycle_v0,base,
1276,DM1276,digimon,chocomon,レッサー型,,base,118,SPECIES_GOLDEEN,family_cycle_v0,base,
1277,DM1277,digimon,chapmon,レッサー型,,base,119,SPECIES_SEAKING,family_cycle_v0,base,
1278,DM1278,digimon,chibimon,幼竜型,,dragon,148,SPECIES_DRAGONAIR,family_cycle_v0,base,
1279,DM1279,digimon,tanemon,球根型,,base,121,SPECIES_STARMIE,family_cycle_v0,base,
1280,DM1280,digimon,xiaomon,レッサー型,,base,122,SPECIES_MR_MIME,family_cycle_v0,base,
1281,DM1281,digimon,sakuttomon,武器型,,base,123,SPECIES_SCYTHER,family_cycle_v0,base,
1282,DM1282,digimon,koromon,レッサー型,,base,124,SPECIES_JYNX,family_cycle_v0,base,
1283,DM1283,digimon,gummymon,レッサー型,,base,125,SPECIES_ELECTABUZZ,family_cycle_v0,base,
1284,DM1284,digimon,kyokyomon,レッサー型,,base,126,SPECIES_MAGMAR,family_cycle_v0,base,
1285,DM1285,digimon,cupimon,小天使型,,angel,333,SPECIES_SWABLU,family_cycle_v0,base,
1286,DM1286,digimon,kyaromon,レッサー型,,base,128,SPECIES_TAUROS,family_cycle_v0,base,
1287,DM1287,digimon,gigimon,レッサー型,,base,129,SPECIES_MAGIKARP,family_cycle_v0,base,
1288,DM1288,digimon,capromon,レッサー型,,base,130,SPECIES_GYARADOS,family_cycle_v0,base,
1289,DM1289,digimon,upamon,両生類型,,aquatic,91,SPECIES_CLOYSTER,family_cycle_v0,base,
1290,DM1290,digimon,relemon,スライム型,,base,132,SPECIES_DITTO,family_cycle_v0,base,
1291,DM1291,digimon,leafmon,スライム型,,base,133,SPECIES_EEVEE,family_cycle_v0,base,
1292,DM1292,digimon,yuramon,種子型,,base,134,SPECIES_VAPOREON,family_cycle_v0,base,
1293,DM1293,digimon,yukimibotamon,スライム型,,base,135,SPECIES_JOLTEON,family_cycle_v0,base,
1294,DM1294,digimon,mokumon,スモーク型,,base,136,SPECIES_FLAREON,family_cycle_v0,base,
1295,DM1295,digimon,poyomon,スライム型,,base,137,SPECIES_PORYGON,family_cycle_v0,base,
1296,DM1296,digimon,bommon,スライム型,,base,138,SPECIES_OMANYTE,family_cycle_v0,base,
1297,DM1297,digimon,popomon,スライム型,,base,139,SPECIES_OMASTAR,family_cycle_v0,base,
1298,DM1298,digimon,botamon,スライム型,,base,140,SPECIES_KABUTO,family_cycle_v0,base,
1299,DM1299,digimon,puwamon,ヒナ鳥型,,base,141,SPECIES_KABUTOPS,family_cycle_v0,base,
1300,DM1300,digimon,pururumon,スライム型,,base,142,SPECIES_AERODACTYL,family_cycle_v0,base,
1301,DM1301,digimon,pupumon,スライム型,,base,143,SPECIES_SNORLAX,family_cycle_v0,base,
1302,DM1302,digimon,fufumon,スライム型,,base,144,SPECIES_ARTICUNO,family_cycle_v0,base,
1303,DM1303,digimon,punimon,スライム型,,base,145,SPECIES_ZAPDOS,family_cycle_v0,base,
1304,DM1304,digimon,puttimon,小天使型,,angel,250,SPECIES_HO_OH,family_cycle_v0,base,
1305,DM1305,digimon,petitmon,スライム型,,base,147,SPECIES_DRATINI,family_cycle_v0,base,
1306,DM1306,digimon,pitchmon,スライム型,,base,148,SPECIES_DRAGONAIR,family_cycle_v0,base,
1307,DM1307,digimon,pafumon,精霊型,,base,149,SPECIES_DRAGONITE,family_cycle_v0,base,
1308,DM1308,digimon,bubbmon,スライム型,,base,150,SPECIES_MEWTWO,family_cycle_v0,base,
1309,DM1309,digimon,paomon,スライム型,,base,151,SPECIES_MEW,family_cycle_v0,base,
1310,DM1310,digimon,nyokimon,種子型,,base,152,SPECIES_CHIKORITA,family_cycle_v0,base,
1311,DM1311,digimon,dodomon,スライム型,,base,153,SPECIES_BAYLEEF,family_cycle_v0,base,
1312,DM1312,digimon,tsubumon,スライム型,,base,154,SPECIES_MEGANIUM,family_cycle_v0,base,
1313,DM1313,digimon,choromon,マシーン型,,machine,304,SPECIES_ARON,family_cycle_v0,base,
1314,DM1314,digimon,chicomon,スライム型,,base,156,SPECIES_QUILAVA,family_cycle_v0,base,
1315,DM1315,digimon,zerimon,スライム型,,base,157,SPECIES_TYPHLOSION,family_cycle_v0,base,
1316,DM1316,digimon,zurumon,スライム型,,base,158,SPECIES_TOTODILE,family_cycle_v0,base,
1317,DM1317,digimon,jyarimon,スライム型,,base,159,SPECIES_CROCONAW,family_cycle_v0,base,
1318,DM1318,digimon,sakumon,武器型,,base,160,SPECIES_FERALIGATR,family_cycle_v0,base,
1319,DM1319,digimon,cocomon,スライム型,,base,161,SPECIES_SENTRET,family_cycle_v0,base,
1320,DM1320,digimon,kuramon,種族不明,,base,162,SPECIES_FURRET,family_cycle_v0,base,
1321,DM1321,appmon,appmon_001,検索,ソーシャル,base,163,SPECIES_HOOTHOOT,family_cycle_v0,base,
1322,DM1322,appmon,appmon_002,電話,ソーシャル,base,164,SPECIES_NOCTOWL,family_cycle_v0,base,
1323,DM1323,appmon,appmon_003,メール,ソーシャル,base,165,SPECIES_LEDYBA,family_cycle_v0,base,
1324,DM1324,appmon,appmon_004,つぶやき,ソーシャル,base,166,SPECIES_LEDIAN,family_cycle_v0,base,
1325,DM1325,appmon,appmon_005,翻訳,ソーシャル,base,167,SPECIES_SPINARAK,family_cycle_v0,base,
1326,DM1326,appmon,appmon_006,アドレス帳,ソーシャル,base,168,SPECIES_ARIADOS,family_cycle_v0,base,
1327,DM1327,appmon,appmon_007,口コミ,ソーシャル,base,169,SPECIES_CROBAT,family_cycle_v0,base,
1328,DM1328,appmon,appmon_008,設定,ソーシャル,base,170,SPECIES_CHINCHOU,family_cycle_v0,base,
1329,DM1329,appmon,appmon_009,メッセージ,ソーシャル,base,171,SPECIES_LANTURN,family_cycle_v0,base,
1330,DM1330,appmon,appmon_010,裏口コミ,ソーシャル,base,172,SPECIES_PICHU,family_cycle_v0,base,
1331,DM1331,appmon,appmon_011,ロケット,ナビ,base,173,SPECIES_CLEFFA,family_cycle_v0,base,
1332,DM1332,appmon,appmon_012,ナビ,ナビ,base,174,SPECIES_IGGLYBUFF,family_cycle_v0,base,
1333,DM1333,appmon,appmon_013,フライト,ナビ,base,175,SPECIES_TOGEPI,family_cycle_v0,base,
1334,DM1334,appmon,appmon_014,乗換,ナビ,base,176,SPECIES_TOGETIC,family_cycle_v0,base,
1335,DM1335,appmon,appmon_015,天気,ナビ,base,177,SPECIES_NATU,family_cycle_v0,base,
1336,DM1336,appmon,appmon_016,コンパス,ナビ,base,178,SPECIES_XATU,family_cycle_v0,base,
1337,DM1337,appmon,appmon_017,ホテル,ナビ,base,179,SPECIES_MAREEP,family_cycle_v0,base,
1338,DM1338,appmon,appmon_018,ニュース,ナビ,base,180,SPECIES_FLAAFFY,family_cycle_v0,base,
1339,DM1339,appmon,appmon_019,解説,ナビ,base,181,SPECIES_AMPHAROS,family_cycle_v0,base,
1340,DM1340,appmon,appmon_020,実況,ナビ,base,182,SPECIES_BELLOSSOM,family_cycle_v0,base,
1341,DM1341,appmon,appmon_021,カメラ,ツール,base,183,SPECIES_MARILL,family_cycle_v0,base,
1342,DM1342,appmon,appmon_022,録音,ツール,base,184,SPECIES_AZUMARILL,family_cycle_v0,base,
1343,DM1343,appmon,appmon_023,電卓,ツール,base,185,SPECIES_SUDOWOODO,family_cycle_v0,base,
1344,DM1344,appmon,appmon_024,ごみ箱,ツール,base,186,SPECIES_POLITOED,family_cycle_v0,base,
1345,DM1345,appmon,appmon_025,ミラー,ツール,base,187,SPECIES_HOPPIP,family_cycle_v0,base,
1346,DM1346,appmon,appmon_026,ライト,ツール,base,188,SPECIES_SKIPLOOM,family_cycle_v0,base,
1347,DM1347,appmon,appmon_027,時計,ツール,base,189,SPECIES_JUMPLUFF,family_cycle_v0,base,
1348,DM1348,appmon,appmon_028,日記帳,ツール,base,190,SPECIES_AIPOM,family_cycle_v0,base,
1349,DM1349,appmon,appmon_029,カレンダー,ツール,base,191,SPECIES_SUNKERN,family_cycle_v0,base,
1350,DM1350,appmon,appmon_030,超音波,ツール,base,192,SPECIES_SUNFLORA,family_cycle_v0,base,
1351,DM1351,appmon,appmon_031,ジャミング,ツール,base,193,SPECIES_YANMA,family_cycle_v0,base,
1352,DM1352,appmon,appmon_032,セキュリティ,システム,base,194,SPECIES_WOOPER,family_cycle_v0,base,
1353,DM1353,appmon,appmon_033,ハッキング,システム,base,195,SPECIES_QUAGSIRE,family_cycle_v0,base,
1354,DM1354,appmon,appmon_034,バッテリー,システム,base,196,SPECIES_ESPEON,family_cycle_v0,base,
1355,DM1355,appmon,appmon_035,圧縮,システム,base,197,SPECIES_UMBREON,family_cycle_v0,base,
1356,DM1356,appmon,appmon_036,解凍,システム,base,198,SPECIES_MURKROW,family_cycle_v0,base,
1357,DM1357,appmon,appmon_037,コピペ,システム,base,199,SPECIES_SLOWKING,family_cycle_v0,base,
1358,DM1358,appmon,appmon_038,バックアップ,システム,base,200,SPECIES_MISDREAVUS,family_cycle_v0,base,
1359,DM1359,appmon,appmon_039,壁紙,システム,base,200,SPECIES_MISDREAVUS,family_cycle_v0_unown_avoided,base,
1360,DM1360,appmon,appmon_040,省エネ,システム,base,202,SPECIES_WOBBUFFET,family_cycle_v0,base,
1361,DM1361,appmon,appmon_041,注意報,システム,base,203,SPECIES_GIRAFARIG,family_cycle_v0,base,
1362,DM1362,appmon,appmon_042,通信,システム,base,204,SPECIES_PINECO,family_cycle_v0,base,
1363,DM1363,appmon,appmon_043,オンライン,ゲーム,base,205,SPECIES_FORRETRESS,family_cycle_v0,base,
1364,DM1364,appmon,appmon_044,オフライン,ゲーム,base,206,SPECIES_DUNSPARCE,family_cycle_v0,base,
1365,DM1365,appmon,appmon_045,アクション,ゲーム,base,207,SPECIES_GLIGAR,family_cycle_v0,base,
1366,DM1366,appmon,appmon_046,シューティング,ゲーム,base,208,SPECIES_STEELIX,family_cycle_v0,base,
1367,DM1367,appmon,appmon_047,カード,ゲーム,base,209,SPECIES_SNUBBULL,family_cycle_v0,base,
1368,DM1368,appmon,appmon_048,ロープレ,ゲーム,base,210,SPECIES_GRANBULL,family_cycle_v0,base,
1369,DM1369,appmon,appmon_049,パズル,ゲーム,base,211,SPECIES_QWILFISH,family_cycle_v0,base,
1370,DM1370,appmon,appmon_050,リズム,ゲーム,base,212,SPECIES_SCIZOR,family_cycle_v0,base,
1371,DM1371,appmon,appmon_051,レース,ゲーム,base,213,SPECIES_SHUCKLE,family_cycle_v0,base,
1372,DM1372,appmon,appmon_052,ペイント,エンタメ,base,214,SPECIES_HERACROSS,family_cycle_v0,base,
1373,DM1373,appmon,appmon_053,占い,エンタメ,base,215,SPECIES_SNEASEL,family_cycle_v0,base,
1374,DM1374,appmon,appmon_054,音楽,エンタメ,base,216,SPECIES_TEDDIURSA,family_cycle_v0,base,
1375,DM1375,appmon,appmon_055,グルメ,エンタメ,base,217,SPECIES_URSARING,family_cycle_v0,base,
1376,DM1376,appmon,appmon_056,動画,エンタメ,base,218,SPECIES_SLUGMA,family_cycle_v0,base,
1377,DM1377,appmon,appmon_057,ファッション,エンタメ,base,219,SPECIES_MAGCARGO,family_cycle_v0,base,
1378,DM1378,appmon,appmon_058,電子書籍,エンタメ,base,220,SPECIES_SWINUB,family_cycle_v0,base,
1379,DM1379,appmon,appmon_059,ガシャ,エンタメ,base,221,SPECIES_PILOSWINE,family_cycle_v0,base,
1380,DM1380,appmon,appmon_060,スロット,エンタメ,base,222,SPECIES_CORSOLA,family_cycle_v0,base,
1381,DM1381,appmon,appmon_061,手品,エンタメ,base,223,SPECIES_REMORAID,family_cycle_v0,base,
1382,DM1382,appmon,appmon_062,サイコロ,エンタメ,base,224,SPECIES_OCTILLERY,family_cycle_v0,base,
1383,DM1383,appmon,appmon_063,お料理,エンタメ,base,225,SPECIES_DELIBIRD,family_cycle_v0,base,
1384,DM1384,appmon,appmon_064,ウィルス,ライフ,base,226,SPECIES_MANTINE,family_cycle_v0,base,
1385,DM1385,appmon,appmon_065,睡眠,ライフ,base,227,SPECIES_SKARMORY,family_cycle_v0,base,
1386,DM1386,appmon,appmon_066,筋トレ,ライフ,base,228,SPECIES_HOUNDOUR,family_cycle_v0,base,
1387,DM1387,appmon,appmon_067,救命,ライフ,base,229,SPECIES_HOUNDOOM,family_cycle_v0,base,
1388,DM1388,appmon,appmon_068,電子マネー,ライフ,base,230,SPECIES_KINGDRA,family_cycle_v0,base,
1389,DM1389,appmon,appmon_069,温泉,ライフ,base,231,SPECIES_PHANPY,family_cycle_v0,base,
1390,DM1390,appmon,appmon_070,サプリ,ライフ,base,232,SPECIES_DONPHAN,family_cycle_v0,base,
1391,DM1391,appmon,appmon_071,増強,ライフ,base,233,SPECIES_PORYGON2,family_cycle_v0,base,
1392,DM1392,appmon,appmon_072,オークション,ライフ,base,234,SPECIES_STANTLER,family_cycle_v0,base,
1393,DM1393,appmon,appmon_073,家計簿,ライフ,base,235,SPECIES_SMEARGLE,family_cycle_v0,base,
1394,DM1394,appmon,appmon_074,ショッピング,ライフ,base,236,SPECIES_TYROGUE,family_cycle_v0,base,
1395,DM1395,appmon,appmon_075,辞書,ライフ,base,237,SPECIES_HITMONTOP,family_cycle_v0,base,
1396,DM1396,appmon,appmon_076,ログイン,ソーシャル,base,238,SPECIES_SMOOCHUM,family_cycle_v0,base,
1397,DM1397,appmon,appmon_077,ログオフ,ソーシャル,base,239,SPECIES_ELEKID,family_cycle_v0,base,
1398,DM1398,appmon,appmon_078,超検索,ソーシャル,base,240,SPECIES_MAGBY,family_cycle_v0,base,
1399,DM1399,appmon,appmon_079,ＳＮＳ,ソーシャル,base,241,SPECIES_MILTANK,family_cycle_v0,base,
1400,DM1400,appmon,appmon_080,ゴシップ,ソーシャル,base,242,SPECIES_BLISSEY,family_cycle_v0,base,
1401,DM1401,appmon,appmon_081,スカ,ソーシャル,base,243,SPECIES_RAIKOU,family_cycle_v0,base,
1402,DM1402,appmon,appmon_082,旅行,ナビ,base,244,SPECIES_ENTEI,family_cycle_v0,base,
1403,DM1403,appmon,appmon_083,天候,ナビ,base,245,SPECIES_SUICUNE,family_cycle_v0,base,
1404,DM1404,appmon,appmon_084,タイムスリップ,ツール,base,246,SPECIES_LARVITAR,family_cycle_v0,base,
1405,DM1405,appmon,appmon_085,ボイスチェンジ,ツール,base,247,SPECIES_PUPITAR,family_cycle_v0,base,
1406,DM1406,appmon,appmon_086,監視,ツール,base,248,SPECIES_TYRANITAR,family_cycle_v0,base,
1407,DM1407,appmon,appmon_087,設計,ツール,base,249,SPECIES_LUGIA,family_cycle_v0,base,
1408,DM1408,appmon,appmon_088,超ハッキング,システム,base,250,SPECIES_HO_OH,family_cycle_v0,base,
1409,DM1409,appmon,appmon_089,圧縮解凍,システム,base,251,SPECIES_CELEBI,family_cycle_v0,base,
1410,DM1410,appmon,appmon_090,ステルス,システム,base,252,SPECIES_TREECKO,family_cycle_v0,base,
1411,DM1411,appmon,appmon_091,転送,システム,base,253,SPECIES_GROVYLE,family_cycle_v0,base,
1412,DM1412,appmon,appmon_092,シミュレーション,ゲーム,base,254,SPECIES_SCEPTILE,family_cycle_v0,base,
1413,DM1413,appmon,appmon_093,格闘,ゲーム,base,255,SPECIES_TORCHIC,family_cycle_v0,base,
1414,DM1414,appmon,appmon_094,脳トレ,ゲーム,base,256,SPECIES_COMBUSKEN,family_cycle_v0,base,
1415,DM1415,appmon,appmon_095,育成,ゲーム,base,257,SPECIES_BLAZIKEN,family_cycle_v0,base,
1416,DM1416,appmon,appmon_096,攻略,ゲーム,base,258,SPECIES_MUDKIP,family_cycle_v0,base,
1417,DM1417,appmon,appmon_097,エフェクト,エンタメ,base,259,SPECIES_MARSHTOMP,family_cycle_v0,base,
1418,DM1418,appmon,appmon_098,超占い,エンタメ,base,260,SPECIES_SWAMPERT,family_cycle_v0,base,
1419,DM1419,appmon,appmon_099,コーディネート,エンタメ,base,261,SPECIES_POOCHYENA,family_cycle_v0,base,
1420,DM1420,appmon,appmon_100,メディアプレーヤー,エンタメ,base,262,SPECIES_MIGHTYENA,family_cycle_v0,base,
1421,DM1421,appmon,appmon_101,ルーレット,エンタメ,base,263,SPECIES_ZIGZAGOON,family_cycle_v0,base,
1422,DM1422,appmon,appmon_102,夢,エンタメ,base,264,SPECIES_LINOONE,family_cycle_v0,base,
1423,DM1423,appmon,appmon_103,メディカル,ライフ,base,265,SPECIES_WURMPLE,family_cycle_v0,base,
1424,DM1424,appmon,appmon_104,ドクター,ライフ,base,266,SPECIES_SILCOON,family_cycle_v0,base,
1425,DM1425,appmon,appmon_105,節約,ライフ,base,267,SPECIES_BEAUTIFLY,family_cycle_v0,base,
1426,DM1426,appmon,appmon_106,図書館,ライフ,base,268,SPECIES_CASCOON,family_cycle_v0,base,
1427,DM1427,appmon,appmon_107,グローバル,ソーシャル,base,269,SPECIES_DUSTOX,family_cycle_v0,base,
1428,DM1428,appmon,appmon_108,マインドコントロール,ソーシャル,base,270,SPECIES_LOTAD,family_cycle_v0,base,
1429,DM1429,appmon,appmon_109,ダメダメ,ソーシャル,base,271,SPECIES_LOMBRE,family_cycle_v0,base,
1430,DM1430,appmon,appmon_110,GPS,ナビ,base,272,SPECIES_LUDICOLO,family_cycle_v0,base,
1431,DM1431,appmon,appmon_111,天体,ナビ,base,273,SPECIES_SEEDOT,family_cycle_v0,base,
1432,DM1432,appmon,appmon_112,超起動,ツール,base,274,SPECIES_NUZLEAF,family_cycle_v0,base,
1433,DM1433,appmon,appmon_113,強制終了,ツール,base,275,SPECIES_SHIFTRY,family_cycle_v0,base,
1434,DM1434,appmon,appmon_114,偽装,ツール,base,276,SPECIES_TAILLOW,family_cycle_v0,base,
1435,DM1435,appmon,appmon_115,復元,システム,base,277,SPECIES_SWELLOW,family_cycle_v0,base,
1436,DM1436,appmon,appmon_116,策略,システム,base,278,SPECIES_WINGULL,family_cycle_v0,base,
1437,DM1437,appmon,appmon_117,戦闘,ゲーム,base,279,SPECIES_PELIPPER,family_cycle_v0,base,
1438,DM1438,appmon,appmon_118,エンターテイメント,エンタメ,base,280,SPECIES_RALTS,family_cycle_v0,base,
1439,DM1439,appmon,appmon_119,ライフ,ライフ,base,281,SPECIES_KIRLIA,family_cycle_v0,base,
1440,DM1440,appmon,appmon_120,美容,ライフ,base,282,SPECIES_GARDEVOIR,family_cycle_v0,base,
1441,DM1441,appmon,appmon_121,再起動,ゴッド,base,283,SPECIES_SURSKIT,family_cycle_v0,base,
1442,DM1442,appmon,appmon_122,創造,ゴッド,base,284,SPECIES_MASQUERAIN,family_cycle_v0,base,
1443,DM1443,appmon,appmon_123,変化,ゴッド,base,285,SPECIES_SHROOMISH,family_cycle_v0,base,
1444,DM1444,appmon,appmon_124,無敵,ゴッド,base,286,SPECIES_BRELOOM,family_cycle_v0,base,
1445,DM1445,appmon,appmon_125,覚醒,ゴッド,base,287,SPECIES_SLAKOTH,family_cycle_v0,base,
1446,DM1446,appmon,appmon_126,全能,ゴッド,base,288,SPECIES_VIGOROTH,family_cycle_v0,base,
1447,DM1447,appmon,appmon_127,タップ,ソーシャル,base,289,SPECIES_SLAKING,family_cycle_v0,base,
1448,DM1448,appmon,appmon_128,タップ,ナビ,base,290,SPECIES_NINCADA,family_cycle_v0,base,
1449,DM1449,appmon,appmon_129,タップ,ツール,base,291,SPECIES_NINJASK,family_cycle_v0,base,
1450,DM1450,appmon,appmon_130,タップ,システム,base,292,SPECIES_SHEDINJA,family_cycle_v0,base,
1451,DM1451,appmon,appmon_131,タップ,ゲーム,base,293,SPECIES_WHISMUR,family_cycle_v0,base,
1452,DM1452,appmon,appmon_132,タップ,エンタメ,base,294,SPECIES_LOUDRED,family_cycle_v0,base,
1453,DM1453,appmon,appmon_133,タップ,ライフ,base,295,SPECIES_EXPLOUD,family_cycle_v0,base,
1454,DM1454,appmon,appmon_134,フリック,ソーシャル,base,296,SPECIES_MAKUHITA,family_cycle_v0,base,
1455,DM1455,appmon,appmon_135,フリック,ナビ,base,297,SPECIES_HARIYAMA,family_cycle_v0,base,
1456,DM1456,appmon,appmon_136,フリック,ツール,base,298,SPECIES_AZURILL,family_cycle_v0,base,
1457,DM1457,appmon,appmon_137,フリック,システム,base,299,SPECIES_NOSEPASS,family_cycle_v0,base,
1458,DM1458,appmon,appmon_138,フリック,ゲーム,base,300,SPECIES_SKITTY,family_cycle_v0,base,
1459,DM1459,appmon,appmon_139,フリック,エンタメ,base,301,SPECIES_DELCATTY,family_cycle_v0,base,
1460,DM1460,appmon,appmon_140,フリック,ライフ,base,302,SPECIES_SABLEYE,family_cycle_v0,base,
1461,DM1461,appmon,appmon_141,スワイプ,ソーシャル,base,303,SPECIES_MAWILE,family_cycle_v0,base,
1462,DM1462,appmon,appmon_142,スワイプ,ナビ,base,304,SPECIES_ARON,family_cycle_v0,base,
1463,DM1463,appmon,appmon_143,スワイプ,ツール,base,305,SPECIES_LAIRON,family_cycle_v0,base,
1464,DM1464,appmon,appmon_144,スワイプ,システム,base,306,SPECIES_AGGRON,family_cycle_v0,base,
1465,DM1465,appmon,appmon_145,スワイプ,ゲーム,base,307,SPECIES_MEDITITE,family_cycle_v0,base,
1466,DM1466,appmon,appmon_146,スワイプ,エンタメ,base,308,SPECIES_MEDICHAM,family_cycle_v0,base,
1467,DM1467,appmon,appmon_147,スワイプ,ライフ,base,309,SPECIES_ELECTRIKE,family_cycle_v0,base,
1468,DM1468,appmon,appmon_148,開放,不明,base,310,SPECIES_MANECTRIC,family_cycle_v0,base,
