species_id,source_kind,source_id,name_ja,official_detail_url,official_level_or_grade,official_type_or_app_type,official_attribute,profile_sha256,profile_char_count,evidence_signals,base_hp,base_attack,base_defense,base_speed,base_sp_attack,base_sp_defense,bst,battle_type_1,battle_type_2,battle_type_status,catch_rate,exp_yield,growth_rate,confidence,derivation_version
1,digimon,nosferamon,ノスフェラモン,https://digimon.net/reference/detail.php?directory_name=nosferamon,究極体,アンデッド型,ウィルス,8d6a37e089a0cbb9da532ada4e42eabf5dec01b0b173f04a6aab9dd0f4f94d01,603,hp:生命:+2 ; attack:破壊:+4 ; special_attack:光:+3 ; special_attack:データ:+6 ; special_defense:吸収:+4 ; type:TYPE_GHOST:魂:profile:+4 ; type:TYPE_GHOST:アンデッド:profile:+2 ; type:TYPE_DARK:ダーク:profile:+2 ; type:TYPE_GHOST:アンデッド:official_type:+5 ; type:TYPE_DARK:アンデッド:official_type:+3 ; type_choice:TYPE_GHOST:11 ; growth:official_stage_plus_profile_power:slow,131,140,122,122,162,140,817,TYPE_GHOST,,resolved_profile_evidence,86,304,GROWTH_SLOW,high,profile-derived-v1
2,digimon,artiomon,アルティオモン,https://digimon.net/reference/detail.php?directory_name=artiomon,究極体,獣人型,ワクチン,e64df501cb6a8ee172628c82abf90a4a02a8a36690b5ea0c692b7026d4ea3aa7,520,power:神:+3 ; hp:巨大:+2 ; attack:力:+4 ; attack:槍:+6 ; attack:斬:+3 ; attack:切断:+4 ; special_attack:熱:+2 ; special_defense:守護:+4 ; type:TYPE_GRASS:森:profile:+4 ; type:TYPE_FIGHTING:獣人:official_type:+3 ; type:TYPE_NORMAL:獣人:official_type:+2 ; type_candidate:TYPE_GRASS:4 ; type_placeholder:TYPE_NORMAL:low_evidence ; growth:official_stage_plus_profile_power:slow,136,204,127,127,136,145,875,TYPE_NORMAL,,unresolved_low_type_evidence,61,345,GROWTH_SLOW,medium,profile-derived-v1
3,digimon,atratusmon,アトラタスモン,https://digimon.net/reference/detail.php?directory_name=atratusmon,究極体,突然変異型,データ,de1f45fef6cecb6b4cd877e2697b56ceb669fdc93c623aa41e52d9982b756500,58,attack:力:+2 ; type:TYPE_NORMAL:突然変異:official_type:+3 ; type_candidate:TYPE_NORMAL:3 ; type_placeholder:TYPE_NORMAL:low_evidence ; growth:official_stage_plus_profile_power:slow,122,131,122,122,122,122,741,TYPE_NORMAL,,unresolved_low_type_evidence,107,270,GROWTH_SLOW,low,profile-derived-v1
4,digimon,albatusmon,アルバタスモン,https://digimon.net/reference/detail.php?directory_name=albatusmon,究極体,突然変異型,データ,8dae5ff281c51b3362e6273d29f3738661bf139aee3566f87b2e0c7812537ca2,58,attack:力:+2 ; type:TYPE_NORMAL:突然変異:official_type:+3 ; type_candidate:TYPE_NORMAL:3 ; type_placeholder:TYPE_NORMAL:low_evidence ; growth:official_stage_plus_profile_power:slow,122,131,122,122,122,122,741,TYPE_NORMAL,,unresolved_low_type_evidence,107,270,GROWTH_SLOW,low,profile-derived-v1
5,digimon,heliosboamon,ヘリオスボアモン,https://digimon.net/reference/detail.php?directory_name=heliosboamon,完全体,爬虫類型,データ,d020d763b3ba7893fcdb8e182bce7847819d6f2feaef7fc13538cffe3b8ebc2f,653,speed:高速:+10 ; special_attack:レーザー:+4 ; special_attack:光:+9 ; special_attack:闇:+3 ; special_attack:データ:+6 ; special_defense:吸収:+8 ; type:TYPE_ROCK:石:profile:+2 ; type:TYPE_DARK:闇:profile:+2 ; type:TYPE_DRAGON:爬虫類:official_type:+4 ; type:TYPE_NORMAL:爬虫類:official_type:+1 ; type_candidate:TYPE_DRAGON:4 ; type_placeholder:TYPE_NORMAL:low_evidence ; growth:official_stage_plus_profile_power:medium_slow,100,100,100,145,199,136,780,TYPE_NORMAL,,unresolved_low_type_evidence,86,311,GROWTH_MEDIUM_SLOW,medium,profile-derived-v1
6,digimon,habakirimon,ハバキリモン,https://digimon.net/reference/detail.php?directory_name=habakirimon,究極体,神人型,ウィルス,e0a46d2b318d35d29cda75e3cd1271ac7d9f7ea241ce51f3b40fd0b9218ff138,689,power:強大:+4 ; power:神:+9 ; hp:巨大:+2 ; attack:力:+6 ; attack:剣:+9 ; attack:刀:+6 ; attack:斬:+9 ; attack:破壊:+12 ; type:TYPE_FIGHTING:剣術:profile:+2 ; type:TYPE_FIGHTING:剣士:profile:+2 ; type:TYPE_GROUND:土:profile:+2 ; type:TYPE_FLYING:翼:profile:+2 ; type:TYPE_FLYING:羽:profile:+4 ; type:TYPE_FLYING:羽:move:+4 ; type:TYPE_GHOST:魂:profile:+6 ; type:TYPE_NORMAL:一般:profile:+2 ; type:TYPE_FAIRY:神人:official_type:+3 ; type:TYPE_FIGHTING:神人:official_type:+2 ; type_choice:TYPE_FLYING:10 ; growth:official_stage_plus_profile_power:slow,154,255,145,145,145,145,989,TYPE_FLYING,,resolved_profile_evidence,11,423,GROWTH_SLOW,high,profile-derived-v1
7,digimon,bearcatmon,ベアキャットモン,https://digimon.net/reference/detail.php?directory_name=bearcatmon,完全体,獣人型,ワクチン,d3c7e1d33dd9a8871ae456a8117fe9773400c1eb90bad3fe3f8a39855b5a0ef9,564,power:弱い:-4 ; attack:力:+6 ; attack:拳:+6 ; attack:キック:+9 ; attack:爪:+3 ; attack:刀:+3 ; speed:スピード:+8 ; speed:加速:+4 ; type:TYPE_FIGHTING:拳:profile:+4 ; type:TYPE_FIGHTING:キック:profile:+4 ; type:TYPE_FIGHTING:キック:move:+4 ; type:TYPE_FLYING:空中:profile:+2 ; type:TYPE_FIGHTING:獣人:official_type:+3 ; type:TYPE_NORMAL:獣人:official_type:+2 ; type_choice:TYPE_FIGHTING:15 ; growth:official_stage_plus_profile_power:medium_slow,93,214,93,147,93,93,733,TYPE_FIGHTING,,resolved_profile_evidence,92,306,GROWTH_MEDIUM_SLOW,high,profile-derived-v1
8,digimon,taowumon,タオウーモン,https://digimon.net/reference/detail.php?directory_name=taowumon,究極体,魔獣型,ウィルス,825dd3f24273eac9c273b2f48bc6d6247f9c751aa5eaacaf0d2c88de6619eee7,438,power:神:+3 ; hp:再生:+4 ; hp:巨大:+2 ; attack:力:+2 ; attack:牙:+9 ; attack:突進:+3 ; attack:叩:+2 ; special_attack:氷:+9 ; special_attack:冷気:+6 ; special_attack:データ:+2 ; special_defense:結界:+5 ; special_defense:再生:+3 ; type:TYPE_GRASS:樹木:profile:+2 ; type:TYPE_ICE:氷:profile:+6 ; type:TYPE_ICE:氷:move:+4 ; type:TYPE_ICE:冷気:profile:+4 ; type:TYPE_ICE:凍:profile:+4 ; type:TYPE_ICE:凍:move:+4 ; type:TYPE_ICE:雪:profile:+2 ; type:TYPE_GROUND:地面:profile:+2 ; type:TYPE_GROUND:地中:profile:+2 ; type:TYPE_NORMAL:獣型:official_type:+4 ; type:TYPE_DARK:魔獣:official_type:+4 ; type:TYPE_NORMAL:魔獣:official_type:+2 ; type_choice:TYPE_ICE:24 ; growth:official_stage_plus_profile_power:slow,154,199,127,127,204,163,974,TYPE_ICE,,resolved_profile_evidence,42,371,GROWTH_SLOW,high,profile-derived-v1
9,digimon,scourgechiropmon,スカージキロプモン,https://digimon.net/reference/detail.php?directory_name=scourgechiropmon,完全体,マシーン型,ウィルス,87baaf470ef0cf96451d466ad188ad34ce10cf8269576bfc52de064e44a9515c,645,attack:力:+4 ; special_attack:データ:+2 ; special_attack:爆発:+3 ; type:TYPE_FLYING:翼:profile:+4 ; type:TYPE_STEEL:マシーン:profile:+2 ; type:TYPE_STEEL:マシーン:official_type:+5 ; type_choice:TYPE_STEEL:7 ; growth:official_stage_plus_profile_power:medium_slow,100,118,100,100,122,100,640,TYPE_STEEL,,resolved_profile_evidence,128,240,GROWTH_MEDIUM_SLOW,medium,profile-derived-v1
10,digimon,monarchlizamon,モナークリザモン,https://digimon.net/reference/detail.php?directory_name=monarchlizamon,完全体,サイボーグ型,データ,5b27aa1691ba544e444e366d1ee4999c5b746c63ea3fa61fcf25c59e8488d5ad,568,power:超高:+3 ; hp:巨大:+4 ; attack:力:+6 ; attack:斧:+3 ; attack:斬:+9 ; speed:高速:+10 ; speed:素早:+5 ; special_attack:エネルギー:+9 ; type:TYPE_FLYING:空中:profile:+2 ; type:TYPE_STEEL:サイボーグ:profile:+2 ; type:TYPE_STEEL:サイボーグ:official_type:+5 ; type_choice:TYPE_STEEL:7 ; growth:official_stage_plus_profile_power:medium_slow,123,186,105,173,146,105,838,TYPE_STEEL,,resolved_profile_evidence,72,328,GROWTH_MEDIUM_SLOW,high,profile-derived-v1
11,digimon,apollomon_whispered,アポロモン：ウィスパード,https://digimon.net/reference/detail.php?directory_name=apollomon_whispered,"究極体
(クロスウォーズ)",神人型,ウィルス,d7f2b0c35bf8b7f546a0c90ed4c1ccc3af5906361112fef422d82b1fef5ce67e,231,hp:巨大:+2 ; speed:走:+2 ; special_attack:炎:+9 ; special_attack:光:+3 ; special_attack:熱:+2 ; type:TYPE_FIRE:炎:profile:+6 ; type:TYPE_FAIRY:神人:official_type:+3 ; type:TYPE_FIGHTING:神人:official_type:+2 ; type_choice:TYPE_FIRE:6 ; growth:profile:erratic,131,122,122,131,185,122,813,TYPE_FIRE,,resolved_profile_evidence,82,313,GROWTH_ERRATIC,medium,profile-derived-v1
12,digimon,kingwhamon,キングホエーモン,https://digimon.net/reference/detail.php?directory_name=kingwhamon,究極体,水棲哺乳類型,ワクチン,9f3c28470fd89cda8387284e65481441ebd0856c9d4f20246e3c1a4049f1594b,178,power:究極:+5 ; power:超高:+3 ; defense:硬い:+4 ; type:TYPE_WATER:海:profile:+2 ; type:TYPE_WATER:深海:profile:+2 ; type:TYPE_ROCK:岩:profile:+2 ; type:TYPE_WATER:水棲:official_type:+5 ; type_choice:TYPE_WATER:9 ; growth:official_stage_plus_profile_power:slow,136,136,154,136,136,136,834,TYPE_WATER,,resolved_profile_evidence,70,325,GROWTH_SLOW,medium,profile-derived-v1
13,digimon,armamon_burstmode,アルマモン：バーストモード,https://digimon.net/reference/detail.php?directory_name=armamon_burstmode,"究極体
(クロスウォーズ)",武器型,フリー,54861c86e15d1c74dc542bda13231d3f830bb076aa738e4d5ec288204a519a3f,245,power:絶大:+5 ; hp:巨大:+2 ; attack:力:+6 ; attack:剣:+9 ; attack:斬:+3 ; type:TYPE_FIGHTING:剣士:profile:+2 ; type_candidate:TYPE_FIGHTING:2 ; type_placeholder:TYPE_NORMAL:low_evidence ; growth:official_stage_plus_profile_power:slow,140,212,131,131,131,131,876,TYPE_NORMAL,,unresolved_low_type_evidence,56,354,GROWTH_SLOW,medium,profile-derived-v1
14,digimon,armamon,アルマモン,https://digimon.net/reference/detail.php?directory_name=armamon,"究極体
(クロスウォーズ)",武器型,フリー,de9f6b4b6c8d57598ecbb5e1c2025ed110d4ec168140ee29859eeec8fa711cbd,313,attack:力:+6 ; attack:剣:+9 ; type:TYPE_ROCK:クリスタル:profile:+2 ; type:TYPE_ROCK:クリスタル:move:+4 ; type_choice:TYPE_ROCK:6 ; growth:official_stage_plus_profile_power:slow,122,190,122,122,122,122,800,TYPE_ROCK,,resolved_profile_evidence,84,312,GROWTH_SLOW,medium,profile-derived-v1
15,digimon,shoutmonx5s,シャウトモンX5S,https://digimon.net/reference/detail.php?directory_name=shoutmonx5s,"究極体
(クロスウォーズ)",合成型,データ,a5681b9f4e4159d27c6a148e43536bbaacd9c1d28850341500dbdf476c9e6b74,189,power:強力:+3 ; attack:力:+4 ; attack:剣:+3 ; attack:斬:+3 ; speed:飛翔:+3 ; special_attack:エネルギー:+6 ; special_attack:光:+3 ; special_attack:熱:+2 ; type:TYPE_FIRE:灼熱:profile:+2 ; type:TYPE_FIGHTING:闘士:profile:+2 ; type:TYPE_FLYING:飛翔:profile:+2 ; type_candidate:TYPE_FIGHTING:2 ; type_placeholder:TYPE_NORMAL:low_evidence ; growth:official_stage_plus_profile_power:slow,127,172,127,141,177,127,871,TYPE_NORMAL,,unresolved_low_type_evidence,67,332,GROWTH_SLOW,medium,profile-derived-v1
16,digimon,vortexdramon,ヴォルテクスドラモン,https://digimon.net/reference/detail.php?directory_name=vortexdramon,究極体,鳥竜型,データ,4b10862be312919c9805cabe6ec5b2cd26b665b12456a95b061313a043a43a4c,301,power:強大:+4 ; hp:巨大:+2 ; attack:力:+2 ; attack:剣:+3 ; attack:斬:+3 ; special_attack:エネルギー:+3 ; special_attack:魔力:+5 ; special_attack:火:+2 ; special_attack:光:+3 ; special_attack:熱:+2 ; special_defense:魔力:+2 ; type:TYPE_FIRE:灼熱:profile:+2 ; type:TYPE_WATER:海:profile:+2 ; type:TYPE_ICE:凍:profile:+2 ; type:TYPE_GROUND:大地:profile:+4 ; type:TYPE_GROUND:土:profile:+2 ; type:TYPE_FLYING:翼:profile:+2 ; type:TYPE_FLYING:鳥:profile:+2 ; type:TYPE_DRAGON:竜:profile:+4 ; type:TYPE_DRAGON:竜:official_type:+5 ; type:TYPE_FLYING:鳥:official_type:+5 ; type_choice:TYPE_DRAGON:9 ; type_choice:TYPE_FLYING:9 ; growth:official_stage_plus_profile_power:slow,138,165,129,129,197,138,896,TYPE_DRAGON,TYPE_FLYING,resolved_profile_evidence,57,350,GROWTH_SLOW,high,profile-derived-v1
17,digimon,shoutmonx4s,シャウトモンX4S,https://digimon.net/reference/detail.php?directory_name=shoutmonx4s,"完全体
(クロスウォーズ)",合成型,データ,55dc138473ebdc7522b9e5b58cbb19c0055bfa06a9031656a0279ebf5cabd34e,189,attack:剣:+3 ; attack:斬:+3 ; type:TYPE_FIGHTING:闘士:profile:+2 ; type_candidate:TYPE_FIGHTING:2 ; type_placeholder:TYPE_NORMAL:low_evidence ; growth:official_stage_plus_profile_power:medium_slow,100,127,100,100,100,100,627,TYPE_NORMAL,,unresolved_low_type_evidence,129,239,GROWTH_MEDIUM_SLOW,low,profile-derived-v1
18,digimon,shoutmonx3sd,シャウトモンX3SD,https://digimon.net/reference/detail.php?directory_name=shoutmonx3sd,"完全体
(クロスウォーズ)",戦士型,データ,a1fb7b12b5f412f1bc7162d3e50ed81eaeba744fbcac35de581bc5edfa169714,166,power:強力:+3 ; power:神:+3 ; hp:巨大:+2 ; attack:力:+2 ; attack:槍:+6 ; speed:高速:+5 ; type:TYPE_FIGHTING:戦士:official_type:+4 ; type_candidate:TYPE_FIGHTING:4 ; type_placeholder:TYPE_NORMAL:low_evidence ; growth:official_stage_plus_profile_power:medium_slow,120,147,111,133,111,111,733,TYPE_NORMAL,,unresolved_low_type_evidence,94,291,GROWTH_MEDIUM_SLOW,medium,profile-derived-v1
19,digimon,shoutmonx3gm,シャウトモンX3GM,https://digimon.net/reference/detail.php?directory_name=shoutmonx3gm,"完全体
(クロスウォーズ)",翼竜型,データ,4ffbd5be6f226c52e487b4a3df47034ca2d309c63e5d41f1fb8eaa8a8fbca7f1,211,attack:斬:+3 ; attack:突進:+3 ; special_attack:エネルギー:+6 ; special_attack:炎:+3 ; special_attack:雷:+3 ; special_attack:光:+3 ; special_attack:熱:+4 ; type:TYPE_FIRE:炎:profile:+2 ; type:TYPE_ELECTRIC:雷:profile:+2 ; type:TYPE_FLYING:翼:profile:+6 ; type:TYPE_DRAGON:竜:profile:+2 ; type:TYPE_DRAGON:竜:official_type:+5 ; type_choice:TYPE_DRAGON:7 ; type_choice:TYPE_FLYING:6 ; growth:official_stage_plus_profile_power:medium_slow,100,127,100,100,186,100,713,TYPE_DRAGON,TYPE_FLYING,resolved_profile_evidence,101,288,GROWTH_MEDIUM_SLOW,high,profile-derived-v1
20,digimon,azhdarmon,アズダルモン,https://digimon.net/reference/detail.php?directory_name=azhdarmon,完全体,翼竜型,ウィルス,e79f16f3f680f2d354884519a32bb3b3cb22d2d2c16f65f2b7bdd8581dc7b288,360,power:超高:+3 ; hp:巨大:+2 ; attack:力:+2 ; special_attack:エネルギー:+3 ; special_attack:雷:+3 ; type:TYPE_ELECTRIC:雷:profile:+2 ; type:TYPE_ELECTRIC:ライトニング:profile:+2 ; type:TYPE_ELECTRIC:ライトニング:move:+4 ; type:TYPE_FLYING:翼:profile:+6 ; type:TYPE_DRAGON:竜:profile:+2 ; type:TYPE_DRAGON:竜:official_type:+5 ; type_choice:TYPE_ELECTRIC:8 ; type_choice:TYPE_DRAGON:7 ; growth:official_stage_plus_profile_power:medium_slow,114,114,105,105,132,105,675,TYPE_ELECTRIC,TYPE_DRAGON,resolved_profile_evidence,114,261,GROWTH_MEDIUM_SLOW,high,profile-derived-v1
21,digimon,tengumon,テングモン,https://digimon.net/reference/detail.php?directory_name=tengumon,究極体,鳥人型,ウィルス,2307bfcb62f51154ee88bc36fbd867f4842f7ee88aa23d19fc5204192d2a3ae3,304,attack:力:+6 ; attack:斬:+9 ; type:TYPE_ROCK:岩:profile:+2 ; type:TYPE_DRAGON:竜:profile:+2 ; type:TYPE_FLYING:鳥:official_type:+5 ; type_choice:TYPE_FLYING:5 ; growth:official_stage_plus_profile_power:slow,122,190,122,122,122,122,800,TYPE_FLYING,,resolved_profile_evidence,84,312,GROWTH_SLOW,medium,profile-derived-v1
22,digimon,amaterasumon,アマテラスモン,https://digimon.net/reference/detail.php?directory_name=amaterasumon,究極体,神人型,ワクチン,ce9567d7c57e0ffa4da4840e288b791671ad2f222d4d293c271c5742ba15b64e,299,attack:力:+2 ; attack:剣:+3 ; attack:刀:+3 ; special_attack:光:+3 ; type:TYPE_ROCK:岩:profile:+2 ; type:TYPE_GHOST:魂:profile:+2 ; type:TYPE_GHOST:魂:move:+4 ; type:TYPE_FAIRY:神人:official_type:+3 ; type:TYPE_FIGHTING:神人:official_type:+2 ; type_choice:TYPE_GHOST:6 ; growth:official_stage_plus_profile_power:slow,122,158,122,122,136,122,782,TYPE_GHOST,,resolved_profile_evidence,94,293,GROWTH_SLOW,medium,profile-derived-v1
23,digimon,enmamon,エンマモン,https://digimon.net/reference/detail.php?directory_name=enmamon,究極体,魔王型,ウィルス,07e1fdd64e14810a32e0c025aed26a5525158b21b769ea35c8f2fbebff3fe81a,362,power:王:+4 ; hp:巨大:+2 ; attack:拳:+3 ; special_attack:火:+2 ; type:TYPE_FIGHTING:拳:profile:+2 ; type:TYPE_GHOST:魂:profile:+2 ; type:TYPE_DARK:魔王:profile:+2 ; type:TYPE_DARK:魔王:official_type:+6 ; type_choice:TYPE_DARK:8 ; growth:official_stage_plus_profile_power:slow,138,143,129,129,138,129,806,TYPE_DARK,,resolved_profile_evidence,85,303,GROWTH_SLOW,medium,profile-derived-v1
24,digimon,seitengokuwmon,セイテンゴクウモン,https://digimon.net/reference/detail.php?directory_name=seitengokuwmon,究極体,如来型,ウィルス,3f7b08920c8b3ae82acfc8a2a283492132aa3454443ef19764946ba2a4fc818f,616,power:最強:+8 ; power:強大:+4 ; power:神:+9 ; attack:力:+6 ; attack:叩:+2 ; special_attack:炎:+9 ; special_attack:火:+6 ; special_attack:雷:+9 ; special_attack:光:+3 ; special_defense:精神:+4 ; special_defense:聖:+4 ; special_defense:守護:+4 ; type:TYPE_FIRE:炎:profile:+6 ; type:TYPE_FIRE:炎:move:+4 ; type:TYPE_ELECTRIC:雷:profile:+6 ; type:TYPE_ELECTRIC:雷:move:+4 ; type:TYPE_PSYCHIC:精神:profile:+2 ; type:TYPE_FAIRY:聖:profile:+2 ; type:TYPE_FAIRY:聖:move:+4 ; type_choice:TYPE_ELECTRIC:10 ; type_choice:TYPE_FIRE:10 ; growth:official_stage_plus_profile_power:slow,160,196,160,160,255,214,1145,TYPE_ELECTRIC,TYPE_FIRE,resolved_profile_evidence,3,483,GROWTH_SLOW,high,profile-derived-v1
25,digimon,exmaquinamon,エクスマキナモン,https://digimon.net/reference/detail.php?directory_name=exmaquinamon,究極体,特異型,データ,adafb5b783e4bb05f9b6728225fe207d4c75e154917bc910b5b6c09b938837c8,220,attack:力:+2 ; special_attack:データ:+6 ; special_attack:爆発:+3 ; type:TYPE_STEEL:機械:profile:+2 ; type_candidate:TYPE_STEEL:2 ; type_placeholder:TYPE_NORMAL:low_evidence ; growth:official_stage_plus_profile_power:slow,122,131,122,122,162,122,781,TYPE_NORMAL,,unresolved_low_type_evidence,93,295,GROWTH_SLOW,medium,profile-derived-v1
26,digimon,dalphomon,ダルフォモン,https://digimon.net/reference/detail.php?directory_name=dalphomon,究極体,獣型,ウィルス,5b83e80fa34a1eb0df0aa01eec971266654fa4c55a9ec42c1f959d8667796969,423,power:究極:+5 ; power:超高:+3 ; hp:巨体:+3 ; attack:破壊:+4 ; special_attack:光:+3 ; special_attack:データ:+4 ; special_defense:聖:+2 ; type:TYPE_FLYING:翼:profile:+2 ; type:TYPE_ROCK:石:profile:+2 ; type:TYPE_ROCK:宝石:profile:+2 ; type:TYPE_DARK:ダーク:profile:+2 ; type:TYPE_STEEL:マシーン:profile:+2 ; type:TYPE_STEEL:サイボーグ:profile:+2 ; type:TYPE_FAIRY:天使:profile:+4 ; type:TYPE_FAIRY:聖:profile:+2 ; type:TYPE_NORMAL:獣型:official_type:+4 ; type_choice:TYPE_FAIRY:6 ; growth:official_stage_plus_profile_power:slow,150,154,136,136,168,145,889,TYPE_FAIRY,,resolved_profile_evidence,57,345,GROWTH_SLOW,high,profile-derived-v1
27,digimon,shishimamon,シシマモン,https://digimon.net/reference/detail.php?directory_name=shishimamon,完全体,聖獣型,ワクチン,0c784c950c22fe177f7354c5c04dd30a8c9a66c64bb4147873e67d8b09188e80,264,power:究極:+5 ; power:神:+3 ; hp:巨大:+2 ; attack:力:+6 ; attack:爪:+9 ; attack:斬:+3 ; speed:一瞬:+3 ; special_attack:光:+9 ; special_attack:闇:+9 ; special_defense:吸収:+12 ; special_defense:聖:+4 ; type:TYPE_DARK:闇:profile:+6 ; type:TYPE_DARK:邪悪:profile:+4 ; type:TYPE_FAIRY:聖なる:profile:+2 ; type:TYPE_FAIRY:聖:profile:+4 ; type:TYPE_FAIRY:聖:official_type:+3 ; type:TYPE_NORMAL:獣型:official_type:+4 ; type:TYPE_FAIRY:聖獣:official_type:+4 ; type:TYPE_NORMAL:聖獣:official_type:+2 ; type_choice:TYPE_FAIRY:13 ; type_choice:TYPE_DARK:10 ; growth:official_stage_plus_profile_power:medium_slow,123,195,114,128,195,186,941,TYPE_FAIRY,TYPE_DARK,resolved_profile_evidence,41,371,GROWTH_MEDIUM_SLOW,high,profile-derived-v1
28,digimon,darumamon,ダルマモン,https://digimon.net/reference/detail.php?directory_name=darumamon,完全体,突然変異型,ワクチン,f76409a26e4244d9ec96dd8f65142dd6d19293d23afcd2ec3f6b78140203cbc3,267,special_attack:炎:+3 ; special_attack:火:+4 ; special_defense:結界:+5 ; type:TYPE_FIRE:炎:profile:+2 ; type:TYPE_NORMAL:突然変異:official_type:+3 ; type_candidate:TYPE_NORMAL:3 ; type_placeholder:TYPE_NORMAL:low_evidence ; growth:official_stage_plus_profile_power:medium_slow,100,100,100,100,132,122,654,TYPE_NORMAL,,unresolved_low_type_evidence,123,248,GROWTH_MEDIUM_SLOW,medium,profile-derived-v1
29,digimon,rhamphomon,ランフォモン,https://digimon.net/reference/detail.php?directory_name=rhamphomon,成熟期,翼竜型,ウィルス,68ba8d0d2b1926e86b51d43b6fed8614dffd8a7c63765fccc65fec2ebcdbc8f1,359,power:超高:+3 ; attack:力:+2 ; attack:叩:+2 ; speed:高速:+5 ; speed:超高速:+7 ; speed:飛翔:+9 ; speed:飛行:+2 ; type:TYPE_GROUND:地面:profile:+2 ; type:TYPE_FLYING:飛行:profile:+2 ; type:TYPE_FLYING:飛翔:profile:+6 ; type:TYPE_FLYING:翼:profile:+6 ; type:TYPE_FLYING:空中:profile:+2 ; type:TYPE_ROCK:クリスタル:profile:+6 ; type:TYPE_ROCK:クリスタル:move:+8 ; type:TYPE_DRAGON:竜:profile:+2 ; type:TYPE_DRAGON:竜:official_type:+5 ; type_choice:TYPE_FLYING:16 ; type_choice:TYPE_ROCK:14 ; growth:official_stage_plus_profile_power:medium_fast,83,101,83,187,83,83,620,TYPE_FLYING,TYPE_ROCK,resolved_profile_evidence,113,272,GROWTH_MEDIUM_FAST,high,profile-derived-v1
30,digimon,chronomon_destroy,クロノモン：デストロイモード,https://digimon.net/reference/detail.php?directory_name=chronomon_destroy,究極体,神人型,ウィルス,971a25f18ad36bb7f4373ada8bf4d2fe78c930d8cb9563bcf6b173039565df83,363,attack:力:+2 ; speed:瞬時:+4 ; speed:走:+6 ; special_attack:エネルギー:+6 ; special_attack:データ:+6 ; type:TYPE_FAIRY:神人:official_type:+3 ; type:TYPE_FIGHTING:神人:official_type:+2 ; type_candidate:TYPE_FAIRY:3 ; type_placeholder:TYPE_NORMAL:low_evidence ; growth:profile:erratic,122,131,122,167,176,122,840,TYPE_NORMAL,,unresolved_low_type_evidence,79,316,GROWTH_ERRATIC,medium,profile-derived-v1
31,digimon,chronomon_holy,クロノモン：ホーリーモード,https://digimon.net/reference/detail.php?directory_name=chronomon_holy,究極体,神人型,ワクチン,8788bfca04a2c49cfe84894c37ae6a5a8d08adbcec3f5bfcd74645d90fefb030,311,power:強力:+3 ; power:神:+3 ; attack:力:+2 ; attack:切断:+4 ; defense:防御:+5 ; special_attack:炎:+3 ; special_defense:聖:+2 ; type:TYPE_FIRE:炎:profile:+2 ; type:TYPE_FLYING:翼:profile:+2 ; type:TYPE_FAIRY:聖なる:profile:+2 ; type:TYPE_FAIRY:聖:profile:+2 ; type:TYPE_FAIRY:神人:official_type:+3 ; type:TYPE_FIGHTING:神人:official_type:+2 ; type_choice:TYPE_FAIRY:7 ; growth:official_stage_plus_profile_power:slow,133,160,155,133,146,142,869,TYPE_FAIRY,,resolved_profile_evidence,66,331,GROWTH_SLOW,high,profile-derived-v1
32,digimon,butenmon,ブテンモン,https://digimon.net/reference/detail.php?directory_name=butenmon,完全体,神人型,ワクチン,af3e5b5344de60e3644fbc78c2a382cb8dd874eb5d62b16ebc46a6693be50d15,227,power:神:+6 ; attack:力:+4 ; attack:剣:+9 ; defense:鎧:+4 ; speed:高速:+5 ; special_attack:光:+6 ; type:TYPE_FAIRY:神人:official_type:+3 ; type:TYPE_FIGHTING:神人:official_type:+2 ; type_candidate:TYPE_FAIRY:3 ; type_placeholder:TYPE_NORMAL:low_evidence ; growth:official_stage_plus_profile_power:medium_slow,111,169,129,133,138,111,791,TYPE_NORMAL,,unresolved_low_type_evidence,79,315,GROWTH_MEDIUM_SLOW,medium,profile-derived-v1
33,digimon,buraimon,ブライモン,https://digimon.net/reference/detail.php?directory_name=buraimon,成熟期,鳥人型,ワクチン,24b38f961809840e3e32b820074ccbc19e58cd71b9905850ad8ca858de4d2683,284,attack:剣:+9 ; attack:刀:+6 ; attack:斬:+9 ; speed:素早:+5 ; type:TYPE_FLYING:鳥:profile:+4 ; type:TYPE_FLYING:鳥:move:+4 ; type:TYPE_FLYING:鳥:official_type:+5 ; type_choice:TYPE_FLYING:13 ; growth:official_stage_plus_profile_power:medium_fast,78,186,78,100,78,78,598,TYPE_FLYING,,resolved_profile_evidence,123,258,GROWTH_MEDIUM_FAST,medium,profile-derived-v1
34,digimon,hyokomon,ヒョコモン,https://digimon.net/reference/detail.php?directory_name=hyokomon,成長期,ヒナ鳥型,ワクチン,2c023a850d0191a5595064adb63d876633883aad3eeceb2918938ecf28d77a70,223,attack:力:+4 ; attack:剣:+9 ; attack:刀:+3 ; attack:斬:+6 ; special_attack:データ:+2 ; type:TYPE_FLYING:翼:profile:+2 ; type:TYPE_FLYING:鳥:profile:+2 ; type:TYPE_FLYING:鳥:official_type:+5 ; type_choice:TYPE_FLYING:9 ; growth:official_stage_plus_profile_power:medium_fast,58,157,58,58,67,58,456,TYPE_FLYING,,resolved_profile_evidence,156,208,GROWTH_MEDIUM_FAST,medium,profile-derived-v1
35,digimon,chicchimon,チッチモン,https://digimon.net/reference/detail.php?directory_name=chicchimon,幼年期Ⅱ,ヒナ鳥型,,09e618b98ac54553d1bb8f339f192c2d3a63df78d77d07f4b1e0d867ea579e06,215,speed:素早:+5 ; special_attack:音波:+4 ; type:TYPE_FLYING:翼:profile:+2 ; type:TYPE_FLYING:鳥:profile:+2 ; type:TYPE_FLYING:羽:profile:+2 ; type:TYPE_FLYING:鳥:official_type:+5 ; type_choice:TYPE_FLYING:11 ; growth:official_stage_plus_profile_power:medium_fast,38,38,38,60,56,38,268,TYPE_FLYING,,resolved_profile_evidence,212,116,GROWTH_MEDIUM_FAST,medium,profile-derived-v1
36,digimon,zombieplutomon,ゾンビプルートモン,https://digimon.net/reference/detail.php?directory_name=zombieplutomon,究極体,アンデッド型,ウィルス,0f576b99462ba70719914a8019dfef094d7223f3147320ac25bb61420e6c6eba,311,attack:斬:+3 ; special_attack:呪:+4 ; special_attack:データ:+4 ; type:TYPE_GHOST:アンデッド:official_type:+5 ; type:TYPE_DARK:アンデッド:official_type:+3 ; type_choice:TYPE_GHOST:5 ; growth:official_stage_plus_profile_power:slow,122,136,122,122,158,122,782,TYPE_GHOST,,resolved_profile_evidence,94,293,GROWTH_SLOW,medium,profile-derived-v1
37,digimon,manekimon,マネキモン,https://digimon.net/reference/detail.php?directory_name=manekimon,成熟期,パペット型,ワクチン,f75babd2df8cf8f6df55f53c52647fba57a9ac591baebeed4109548063612207,221,hp:巨大:+2 ; attack:力:+4 ; attack:拳:+6 ; attack:パンチ:+6 ; special_attack:エネルギー:+3 ; special_attack:データ:+2 ; type:TYPE_FIGHTING:拳:profile:+2 ; type:TYPE_FIGHTING:拳:move:+4 ; type:TYPE_FIGHTING:パンチ:profile:+4 ; type:TYPE_ROCK:岩:profile:+2 ; type:TYPE_NORMAL:パペット:official_type:+2 ; type:TYPE_GHOST:パペット:official_type:+2 ; type_choice:TYPE_FIGHTING:10 ; growth:official_stage_plus_profile_power:medium_fast,87,150,78,78,100,78,571,TYPE_FIGHTING,,resolved_profile_evidence,136,235,GROWTH_MEDIUM_FAST,high,profile-derived-v1
38,digimon,hakubamon,ハクバモン,https://digimon.net/reference/detail.php?directory_name=hakubamon,成熟期,聖獣型,ワクチン,d3aa3b0198e605e62fd0bc901c2e47add712f2abee8adff5e86012fbf044e4a8,278,attack:爪:+9 ; special_attack:炎:+3 ; special_attack:火:+2 ; special_defense:聖:+2 ; type:TYPE_FIRE:炎:profile:+2 ; type:TYPE_DRAGON:竜:profile:+4 ; type:TYPE_DRAGON:龍:profile:+2 ; type:TYPE_DRAGON:龍:move:+4 ; type:TYPE_FAIRY:聖:profile:+2 ; type:TYPE_FAIRY:聖:official_type:+3 ; type:TYPE_NORMAL:獣型:official_type:+4 ; type:TYPE_FAIRY:聖獣:official_type:+4 ; type:TYPE_NORMAL:聖獣:official_type:+2 ; type_choice:TYPE_DRAGON:10 ; type_choice:TYPE_FAIRY:9 ; growth:official_stage_plus_profile_power:medium_fast,78,118,78,78,100,87,539,TYPE_DRAGON,TYPE_FAIRY,resolved_profile_evidence,148,212,GROWTH_MEDIUM_FAST,high,profile-derived-v1
39,digimon,wankomon,ワンコモン,https://digimon.net/reference/detail.php?directory_name=wankomon,成長期,獣型,ワクチン,3c52687259c09013556bbfe52a9473e8b60f7ca31820248aa2026d9653daa91f,238,hp:巨大:+2 ; attack:パワー:+4 ; type:TYPE_GROUND:土:profile:+2 ; type:TYPE_GROUND:土:move:+4 ; type:TYPE_ROCK:石:profile:+4 ; type:TYPE_ROCK:石:move:+4 ; type:TYPE_NORMAL:獣型:official_type:+4 ; type_choice:TYPE_ROCK:8 ; type_choice:TYPE_GROUND:6 ; growth:official_stage_plus_profile_power:medium_fast,67,76,58,58,58,58,375,TYPE_ROCK,TYPE_GROUND,resolved_profile_evidence,188,151,GROWTH_MEDIUM_FAST,medium,profile-derived-v1
40,digimon,gasamon,ガサモン,https://digimon.net/reference/detail.php?directory_name=gasamon,成長期,軟体型,ウィルス,0e8e8dee0a7c567549437d3871360b609237459bcb7f7e6f6f30ff1ddecdf40a,252,attack:剣:+3 ; attack:斬:+9 ; speed:素早:+5 ; type_placeholder:TYPE_NORMAL:no_specialized_affinity_evidence ; growth:official_stage_plus_profile_power:medium_fast,58,112,58,80,58,58,424,TYPE_NORMAL,,unresolved_no_specialized_type_evidence,171,180,GROWTH_MEDIUM_FAST,low,profile-derived-v1
41,digimon,takinmon,ターキモン,https://digimon.net/reference/detail.php?directory_name=takinmon,成長期,獣型,ワクチン,cdcdcc81d74038e477b0063418dc671406db9a91c7699d93a5aa49a2e7224785,259,attack:力:+6 ; attack:突進:+3 ; defense:防ぐ:+3 ; special_attack:念:+12 ; type:TYPE_PSYCHIC:念:profile:+6 ; type:TYPE_ROCK:岩:profile:+6 ; type:TYPE_ROCK:岩:move:+4 ; type:TYPE_NORMAL:獣型:official_type:+4 ; type_choice:TYPE_ROCK:10 ; growth:official_stage_plus_profile_power:medium_fast,58,98,72,58,112,58,456,TYPE_ROCK,,resolved_profile_evidence,165,188,GROWTH_MEDIUM_FAST,medium,profile-derived-v1
42,digimon,fujamon,フージャモン,https://digimon.net/reference/detail.php?directory_name=fujamon,成長期,水棲型,ウィルス,250abf45400963068412f2df3aefb3d45deda68ea1a669cbf38336024b6a9b26,280,power:強力:+3 ; attack:力:+2 ; attack:牙:+9 ; special_attack:毒:+9 ; type:TYPE_WATER:水棲:profile:+2 ; type:TYPE_POISON:毒:profile:+6 ; type:TYPE_WATER:水棲:official_type:+5 ; type_choice:TYPE_WATER:7 ; type_choice:TYPE_POISON:6 ; growth:profile:slow,63,113,63,63,104,63,469,TYPE_WATER,TYPE_POISON,resolved_profile_evidence,157,200,GROWTH_SLOW,medium,profile-derived-v1
43,digimon,kakamon,カカモン,https://digimon.net/reference/detail.php?directory_name=kakamon,成長期,獣型,ワクチン,68b55f89a53672c1db71af5c51c8fb30b42079ee940b8887445b5cf6c1c67e02,325,attack:突進:+3 ; attack:叩:+2 ; special_attack:音波:+4 ; type:TYPE_NORMAL:獣型:official_type:+4 ; type_candidate:TYPE_NORMAL:4 ; type_placeholder:TYPE_NORMAL:low_evidence ; growth:official_stage_plus_profile_power:medium_fast,58,80,58,58,76,58,388,TYPE_NORMAL,,unresolved_low_type_evidence,185,156,GROWTH_MEDIUM_FAST,medium,profile-derived-v1
44,digimon,armalizamon,アルマリザモン,https://digimon.net/reference/detail.php?directory_name=armalizamon,成熟期,爬虫類型,データ,0b8097ebda751945a8f2ad467e24aea8512aa384f8bb39086ee6e467409d326a,550,attack:力:+6 ; attack:破壊:+4 ; defense:硬質:+4 ; speed:走:+2 ; speed:加速:+8 ; special_attack:エネルギー:+9 ; special_attack:ビーム:+8 ; type:TYPE_ROCK:石:profile:+4 ; type:TYPE_ROCK:鉱石:profile:+4 ; type:TYPE_ROCK:鉱物:profile:+6 ; type:TYPE_DRAGON:爬虫類:official_type:+4 ; type:TYPE_NORMAL:爬虫類:official_type:+1 ; type_choice:TYPE_ROCK:14 ; growth:official_stage_plus_profile_power:medium_fast,78,123,96,123,154,78,652,TYPE_ROCK,,resolved_profile_evidence,119,258,GROWTH_MEDIUM_FAST,high,profile-derived-v1
45,digimon,onibimon,オニビモン,https://digimon.net/reference/detail.php?directory_name=onibimon,幼年期Ⅱ,ゴースト型,,7aa95012b1700f3876d68478b98cf229e9c57fa8fc979a4008909a57faea1d5b,145,special_attack:火:+6 ; special_defense:霊:+6 ; type:TYPE_GHOST:幽霊:profile:+4 ; type:TYPE_GHOST:霊:profile:+4 ; type_choice:TYPE_GHOST:8 ; growth:official_stage_plus_profile_power:medium_fast,38,38,38,38,65,65,282,TYPE_GHOST,,resolved_profile_evidence,208,122,GROWTH_MEDIUM_FAST,medium,profile-derived-v1
46,digimon,tomorimon,トモリモン,https://digimon.net/reference/detail.php?directory_name=tomorimon,幼年期Ⅰ,ゴースト型,,02a45269cccd312b4c2399d1a5a11ad95bed6cfecb672c94d48a790baeb15b26,155,special_attack:光:+9 ; special_attack:闇:+3 ; type:TYPE_DARK:闇:profile:+2 ; type_candidate:TYPE_DARK:2 ; type_placeholder:TYPE_NORMAL:low_evidence ; growth:official_stage_plus_profile_power:medium_fast,28,28,28,28,82,28,222,TYPE_NORMAL,,unresolved_low_type_evidence,216,114,GROWTH_MEDIUM_FAST,low,profile-derived-v1
47,digimon,mococomon,モココモン,https://digimon.net/reference/detail.php?directory_name=mococomon,幼年期Ⅱ,スモーク型,,cef44bbf5d9b08a7a782fce7b5c98cf885040c5e3a1273a682a787ede7921745,197,stats:balanced:no_specialization_signal_in_official_text ; type_placeholder:TYPE_NORMAL:no_specialized_affinity_evidence ; growth:official_stage_plus_profile_power:medium_fast,38,38,38,38,38,38,228,TYPE_NORMAL,,unresolved_no_specialized_type_evidence,224,96,GROWTH_MEDIUM_FAST,low,profile-derived-v1
48,digimon,fukamon,フカモン,https://digimon.net/reference/detail.php?directory_name=fukamon,幼年期Ⅰ,スモーク型,,e3c958f0816efecbfc1f75e381d0718047278c2fa4695670660e089e1c505dab,165,stats:balanced:no_specialization_signal_in_official_text ; type_placeholder:TYPE_NORMAL:no_specialized_affinity_evidence ; growth:official_stage_plus_profile_power:medium_fast,28,28,28,28,28,28,168,TYPE_NORMAL,,unresolved_no_specialized_type_evidence,237,76,GROWTH_MEDIUM_FAST,low,profile-derived-v1
49,digimon,parallelmon,パラレルモン,https://digimon.net/reference/detail.php?directory_name=parallelmon,究極体,突然変異型,ウィルス,de6c0127366cf80950efb78fb488420a3063f923b7156ef92d41d21d51abfec7,256,power:神:+3 ; special_attack:光:+6 ; special_attack:データ:+2 ; special_defense:吸収:+4 ; type:TYPE_NORMAL:突然変異:official_type:+3 ; type_candidate:TYPE_NORMAL:3 ; type_placeholder:TYPE_NORMAL:low_evidence ; growth:official_stage_plus_profile_power:slow,127,127,127,127,163,145,816,TYPE_NORMAL,,unresolved_low_type_evidence,81,312,GROWTH_SLOW,medium,profile-derived-v1
50,digimon,nightchiropmon,ナイトキロプモン,https://digimon.net/reference/detail.php?directory_name=nightchiropmon,成熟期,獣人型,ウィルス,001f85dd04466a1f9fd72865fb34bfbb241f283c993a50d6cbb88d8631766a31,513,hp:巨大:+2 ; attack:力:+2 ; attack:格闘:+4 ; attack:斬:+3 ; attack:破壊:+4 ; speed:敏捷:+5 ; special_attack:光:+3 ; special_attack:音波:+8 ; special_attack:データ:+2 ; special_attack:電磁:+4 ; type:TYPE_ELECTRIC:電磁:profile:+2 ; type:TYPE_FIGHTING:格闘:profile:+2 ; type:TYPE_STEEL:機械:profile:+2 ; type:TYPE_STEEL:機械化:profile:+2 ; type:TYPE_FIGHTING:獣人:official_type:+3 ; type:TYPE_NORMAL:獣人:official_type:+2 ; type_choice:TYPE_FIGHTING:5 ; growth:official_stage_plus_profile_power:medium_fast,87,136,78,100,154,78,633,TYPE_FIGHTING,,resolved_profile_evidence,123,253,GROWTH_MEDIUM_FAST,high,profile-derived-v1
51,digimon,styracomon,スティラコモン,https://digimon.net/reference/detail.php?directory_name=styracomon,究極体,竜人型,データ,d8005e2b8c9b34c0cf6353774acdfa18b2934821b3a87b3b500b959d72bc6696,343,power:強力:+3 ; attack:パワー:+4 ; attack:力:+4 ; attack:粉砕:+5 ; defense:防御:+10 ; defense:装甲:+10 ; special_attack:エネルギー:+6 ; type:TYPE_FIGHTING:筋肉:profile:+2 ; type:TYPE_STEEL:装甲:profile:+4 ; type:TYPE_DRAGON:竜:official_type:+5 ; type_choice:TYPE_DRAGON:5 ; growth:official_stage_plus_profile_power:slow,127,186,217,127,154,127,938,TYPE_DRAGON,,resolved_profile_evidence,46,367,GROWTH_SLOW,high,profile-derived-v1
52,digimon,taotiemon,タオティエモン,https://digimon.net/reference/detail.php?directory_name=taotiemon,究極体,鬼人型,ウィルス,a7ec100f3e631a54c49f5d88dce9015567bea5a3189c3d8ed8d766c2bc9ac2f7,470,power:強大:+8 ; hp:巨大:+2 ; attack:パワー:+4 ; attack:力:+4 ; special_attack:データ:+2 ; special_attack:爆発:+3 ; type_placeholder:TYPE_NORMAL:no_specialized_affinity_evidence ; growth:official_stage_plus_profile_power:slow,145,172,136,136,159,136,884,TYPE_NORMAL,,unresolved_no_specialized_type_evidence,57,346,GROWTH_SLOW,medium,profile-derived-v1
53,digimon,craniummon_enbarrmon,クレニアムモン+アンヴァルモン,https://digimon.net/reference/detail.php?directory_name=craniummon_enbarrmon,究極体,聖騎士型,ワクチン,d32196106ce767321067cb8cbd8108174e121fc00d24c4212cc01ddc6f351fc0,529,power:驚異:+3 ; attack:腕力:+5 ; attack:力:+6 ; attack:突進:+3 ; defense:防御:+5 ; defense:無効:+4 ; speed:最速:+7 ; speed:機動:+8 ; speed:走:+2 ; special_defense:無効:+4 ; type:TYPE_FAIRY:聖:official_type:+3 ; type_candidate:TYPE_FAIRY:3 ; type_placeholder:TYPE_NORMAL:low_evidence ; growth:official_stage_plus_profile_power:slow,127,190,168,204,127,145,961,TYPE_NORMAL,,unresolved_low_type_evidence,45,368,GROWTH_SLOW,medium,profile-derived-v1
54,digimon,enbarrmon,アンヴァルモン,https://digimon.net/reference/detail.php?directory_name=enbarrmon,完全体,アンデッド型,データ,40eedf8f49e79f4b55d037ef57856d99f2dbb64944e718fecde911d1daca2623,275,power:強大:+4 ; power:強力:+3 ; attack:力:+2 ; attack:突進:+3 ; speed:高速:+5 ; special_attack:衝撃波:+3 ; type:TYPE_WATER:海:profile:+2 ; type:TYPE_GHOST:アンデッド:profile:+4 ; type:TYPE_GHOST:アンデッド:official_type:+5 ; type:TYPE_DARK:アンデッド:official_type:+3 ; type_choice:TYPE_GHOST:9 ; growth:official_stage_plus_profile_power:medium_slow,113,135,113,135,126,113,735,TYPE_GHOST,,resolved_profile_evidence,95,288,GROWTH_MEDIUM_SLOW,high,profile-derived-v1
55,digimon,metatromon,メタトロモン,https://digimon.net/reference/detail.php?directory_name=metatromon,究極体,マシーン型,ワクチン,6a77009429c59a14501c0a489f2eac7580218ae1a98fdcd0a2d2d6c2ad622a64,549,power:圧倒:+5 ; power:神:+3 ; attack:力:+6 ; defense:防御:+5 ; defense:装甲:+5 ; defense:盾:+4 ; special_attack:エネルギー:+6 ; special_attack:レーザー:+8 ; special_attack:電磁:+4 ; special_defense:神聖:+3 ; special_defense:聖:+2 ; type:TYPE_ELECTRIC:電磁:profile:+2 ; type:TYPE_FLYING:羽:profile:+4 ; type:TYPE_STEEL:マシーン:profile:+4 ; type:TYPE_STEEL:鉄:profile:+4 ; type:TYPE_STEEL:装甲:profile:+2 ; type:TYPE_FAIRY:天使:profile:+6 ; type:TYPE_FAIRY:神聖:profile:+2 ; type:TYPE_FAIRY:聖:profile:+2 ; type:TYPE_STEEL:マシーン:official_type:+5 ; type_choice:TYPE_STEEL:15 ; type_choice:TYPE_FAIRY:10 ; growth:official_stage_plus_profile_power:slow,136,163,199,136,217,159,1010,TYPE_STEEL,TYPE_FAIRY,resolved_profile_evidence,24,399,GROWTH_SLOW,high,profile-derived-v1
56,digimon,greatgryzmon,グレートグリズモン,https://digimon.net/reference/detail.php?directory_name=greatgryzmon,完全体,獣人型,ワクチン,ab1572a32704d5d996c67ff844572b71982e6bdbd7d55010117188293a995a2f,281,power:最強:+8 ; attack:力:+2 ; attack:格闘:+4 ; attack:爪:+9 ; attack:斬:+3 ; special_attack:炎:+6 ; special_attack:火:+2 ; special_attack:毒:+3 ; special_attack:爆発:+3 ; type:TYPE_FIRE:炎:profile:+4 ; type:TYPE_FIGHTING:格闘:profile:+2 ; type:TYPE_POISON:毒:profile:+2 ; type:TYPE_GROUND:大地:profile:+2 ; type:TYPE_GHOST:魂:profile:+2 ; type:TYPE_GHOST:魂:move:+4 ; type:TYPE_FIGHTING:獣人:official_type:+3 ; type:TYPE_NORMAL:獣人:official_type:+2 ; type_choice:TYPE_GHOST:6 ; type_choice:TYPE_FIGHTING:5 ; growth:official_stage_plus_profile_power:medium_slow,114,195,114,114,177,114,828,TYPE_GHOST,TYPE_FIGHTING,resolved_profile_evidence,63,342,GROWTH_MEDIUM_SLOW,high,profile-derived-v1
57,digimon,titamon_skullbaluchimon,タイタモン+スカルバルキモン,https://digimon.net/reference/detail.php?directory_name=titamon_skullbaluchimon,究極体,神人型,ウィルス,8ce1b2ab7ac56d33ccf45cff163eed265b6d80e059b211d695dff9f8401552d3,317,power:神:+9 ; attack:力:+6 ; attack:刀:+9 ; attack:斬:+9 ; speed:機動:+4 ; special_attack:念:+4 ; special_attack:冷気:+6 ; special_attack:データ:+4 ; special_defense:精神:+4 ; special_defense:吸収:+4 ; type:TYPE_ICE:冷気:profile:+4 ; type:TYPE_PSYCHIC:精神:profile:+2 ; type:TYPE_PSYCHIC:念:profile:+2 ; type:TYPE_FAIRY:神人:official_type:+3 ; type:TYPE_FIGHTING:神人:official_type:+2 ; type_candidate:TYPE_ICE:4 ; type_placeholder:TYPE_NORMAL:low_evidence ; growth:official_stage_plus_profile_power:slow,138,246,138,156,201,174,1053,TYPE_NORMAL,,unresolved_low_type_evidence,8,425,GROWTH_SLOW,medium,profile-derived-v1
58,digimon,cougarmon,クーガモン,https://digimon.net/reference/detail.php?directory_name=cougarmon,成熟期,哺乳類型,ウィルス,2bea90ee5d340bd767ffd7d33764f0a66ff55c652267144fcb67d67ec6bc066c,291,power:強大:+4 ; attack:力:+2 ; attack:爪:+3 ; attack:牙:+3 ; defense:防御:+5 ; type:TYPE_NORMAL:哺乳類:profile:+2 ; type_candidate:TYPE_NORMAL:2 ; type_placeholder:TYPE_NORMAL:low_evidence ; growth:official_stage_plus_profile_power:medium_fast,85,121,108,85,85,85,569,TYPE_NORMAL,,unresolved_low_type_evidence,135,231,GROWTH_MEDIUM_FAST,medium,profile-derived-v1
59,digimon,masterblimpmon,マスターブリンプモン,https://digimon.net/reference/detail.php?directory_name=masterblimpmon,完全体,マシーン型,データ,d19fe5c1bec4cbf56bc75b202bd2a2dcc1cfb9adbfe30747fccb3913365d52b0,221,defense:装甲:+10 ; speed:素早:+5 ; speed:スピード:+4 ; speed:飛行:+2 ; type:TYPE_FLYING:飛行:profile:+2 ; type:TYPE_FLYING:大空:profile:+2 ; type:TYPE_STEEL:装甲:profile:+4 ; type:TYPE_STEEL:マシーン:official_type:+5 ; type_choice:TYPE_STEEL:9 ; growth:official_stage_plus_profile_power:medium_slow,100,100,145,150,100,100,695,TYPE_STEEL,,resolved_profile_evidence,112,267,GROWTH_MEDIUM_SLOW,medium,profile-derived-v1
60,digimon,hyemon,ハイエモン,https://digimon.net/reference/detail.php?directory_name=hyemon,成長期,獣型,データ,5bc064213cf942ac49275cce462be2af9a25d8729dbd2d95c36267cfadb5df38,301,power:強力:+6 ; attack:力:+6 ; attack:爪:+3 ; attack:牙:+6 ; defense:硬質:+4 ; type:TYPE_STEEL:金属:profile:+2 ; type:TYPE_NORMAL:獣型:official_type:+4 ; type_candidate:TYPE_NORMAL:4 ; type_placeholder:TYPE_NORMAL:low_evidence ; growth:official_stage_plus_profile_power:medium_fast,69,136,87,69,69,69,499,TYPE_NORMAL,,unresolved_low_type_evidence,141,225,GROWTH_MEDIUM_FAST,medium,profile-derived-v1
61,digimon,murasamemon,ムラサメモン,https://digimon.net/reference/detail.php?directory_name=murasamemon,完全体,獣人型,ウィルス,3f2217e9d50ee442105bd61611ba50305a58bae80fa2b4ddc477ea4a639c6734,462,hp:巨大:+2 ; attack:力:+2 ; attack:剣:+9 ; attack:刀:+9 ; attack:斬:+9 ; attack:叩:+2 ; defense:防御:+10 ; special_attack:雷:+3 ; type:TYPE_ELECTRIC:雷:profile:+2 ; type:TYPE_FIGHTING:剣術:profile:+2 ; type:TYPE_FLYING:空中:profile:+2 ; type:TYPE_FIGHTING:獣人:official_type:+3 ; type:TYPE_NORMAL:獣人:official_type:+2 ; type_choice:TYPE_FIGHTING:5 ; growth:official_stage_plus_profile_power:medium_slow,109,240,145,100,114,100,808,TYPE_FIGHTING,,resolved_profile_evidence,72,337,GROWTH_MEDIUM_SLOW,high,profile-derived-v1
62,digimon,wolvermon,ウルヴァモン,https://digimon.net/reference/detail.php?directory_name=wolvermon,成熟期,サイボーグ型,ワクチン,31e09d3c6c73bc51d75dc795e3451acdb4c364fedb363db25c0d8b9a9a1d9dbb,352,power:神:+3 ; power:小型:-1 ; attack:力:+2 ; attack:爪:+3 ; attack:斬:+3 ; speed:素早:+5 ; special_attack:エネルギー:+3 ; special_attack:炎:+3 ; special_attack:火:+2 ; special_defense:精神:+4 ; type:TYPE_FIRE:炎:profile:+2 ; type:TYPE_FIRE:火炎:profile:+2 ; type:TYPE_PSYCHIC:精神:profile:+2 ; type:TYPE_STEEL:サイボーグ:profile:+2 ; type:TYPE_STEEL:金属:profile:+2 ; type:TYPE_STEEL:サイボーグ:official_type:+5 ; type_choice:TYPE_STEEL:9 ; growth:official_stage_plus_profile_power:medium_fast,82,118,82,104,118,100,604,TYPE_STEEL,,resolved_profile_evidence,132,234,GROWTH_MEDIUM_FAST,high,profile-derived-v1
63,digimon,chiropmon,キロプモン,https://digimon.net/reference/detail.php?directory_name=chiropmon,成長期,哺乳類型,ウィルス,8b61b8e4cf67fa7747c7f1de2567121b791f42379b8de00969120ccea4ce349b,470,attack:力:+4 ; special_attack:光:+3 ; special_attack:音波:+12 ; special_attack:電磁:+4 ; type:TYPE_ELECTRIC:電磁:profile:+2 ; type:TYPE_NORMAL:哺乳類:profile:+2 ; type_candidate:TYPE_ELECTRIC:2 ; type_placeholder:TYPE_NORMAL:low_evidence ; growth:official_stage_plus_profile_power:medium_fast,58,76,58,58,144,58,452,TYPE_NORMAL,,unresolved_low_type_evidence,160,202,GROWTH_MEDIUM_FAST,medium,profile-derived-v1
64,digimon,pristimon,プリスティモン,https://digimon.net/reference/detail.php?directory_name=pristimon,成長期,パペット型,ワクチン,977ae9d9c66b3245c9d8b06463b449a24c966d875f19f6038f2e7bc150c8b437,343,attack:力:+2 ; attack:爪:+6 ; special_attack:エネルギー:+9 ; type:TYPE_STEEL:金属:profile:+2 ; type:TYPE_NORMAL:パペット:official_type:+2 ; type:TYPE_GHOST:パペット:official_type:+2 ; type_candidate:TYPE_GHOST:2 ; type_placeholder:TYPE_NORMAL:low_evidence ; growth:official_stage_plus_profile_power:medium_fast,58,94,58,58,98,58,424,TYPE_NORMAL,,unresolved_low_type_evidence,174,174,GROWTH_MEDIUM_FAST,medium,profile-derived-v1
65,digimon,dullahamon,デュラハモン,https://digimon.net/reference/detail.php?directory_name=dullahamon,究極体,ゴースト型,データ,048ef4e4e37dc793471784e8fe4cc61afa7407941e89d2cff4ab7281e53c58cc,258,special_attack:データ:+2 ; special_defense:霊:+6 ; type:TYPE_GHOST:霊:profile:+4 ; type_candidate:TYPE_GHOST:4 ; type_placeholder:TYPE_NORMAL:low_evidence ; growth:official_stage_plus_profile_power:slow,122,122,122,122,131,149,768,TYPE_NORMAL,,unresolved_low_type_evidence,98,285,GROWTH_SLOW,low,profile-derived-v1
66,digimon,gekkomon,ゲッコーモン,https://digimon.net/reference/detail.php?directory_name=gekkomon,成長期,爬虫類型,データ,018e97fc11471607da28cb69b04ce8fc85d8f5fb1e4b659e91140d4575113cbe,447,attack:力:+2 ; speed:走:+2 ; special_attack:熱:+4 ; type:TYPE_ROCK:岩:profile:+2 ; type:TYPE_NORMAL:生活:profile:+2 ; type:TYPE_DRAGON:爬虫類:official_type:+4 ; type:TYPE_NORMAL:爬虫類:official_type:+1 ; type_candidate:TYPE_DRAGON:4 ; type_placeholder:TYPE_NORMAL:low_evidence ; growth:official_stage_plus_profile_power:medium_fast,58,67,58,67,76,58,384,TYPE_NORMAL,,unresolved_low_type_evidence,186,153,GROWTH_MEDIUM_FAST,medium,profile-derived-v1
67,digimon,kekkomon,ケッコモン,https://digimon.net/reference/detail.php?directory_name=kekkomon,幼年期Ⅱ,レッサー型,,17a2dd290b388f7716bf3b947d896a1f9c9b63ebe4f3eba2b29464cc83696dab,204,attack:力:+2 ; type_placeholder:TYPE_NORMAL:no_specialized_affinity_evidence ; growth:official_stage_plus_profile_power:medium_fast,38,47,38,38,38,38,237,TYPE_NORMAL,,unresolved_no_specialized_type_evidence,220,102,GROWTH_MEDIUM_FAST,low,profile-derived-v1
68,digimon,kekomon,ケコモン,https://digimon.net/reference/detail.php?directory_name=kekomon,幼年期Ⅰ,スライム型,,1cd46c88a3c56b20d4986574df1b70b453fc8271a6c5704fe856c09ece16c156,110,defense:防御:+5 ; type_placeholder:TYPE_NORMAL:no_specialized_affinity_evidence ; growth:official_stage_plus_profile_power:medium_fast,28,28,50,28,28,28,190,TYPE_NORMAL,,unresolved_no_specialized_type_evidence,229,92,GROWTH_MEDIUM_FAST,low,profile-derived-v1
69,digimon,magneticdramon,マグネティックドラモン,https://digimon.net/reference/detail.php?directory_name=magneticdramon,究極体,岩竜型,ウィルス,cc18c5793df9fad250476de295343500acf7d5ff65e425180fca3913be476467,528,power:強力:+6 ; hp:頑丈:+3 ; attack:力:+6 ; defense:鎧:+8 ; defense:頑丈:+4 ; speed:高速:+5 ; speed:加速:+4 ; special_attack:エネルギー:+3 ; special_attack:念:+4 ; special_attack:火:+2 ; special_attack:電気:+3 ; special_attack:データ:+2 ; special_attack:電磁:+4 ; type:TYPE_ELECTRIC:電気:profile:+2 ; type:TYPE_ELECTRIC:電磁:profile:+2 ; type:TYPE_PSYCHIC:念:profile:+2 ; type:TYPE_ROCK:岩:profile:+6 ; type:TYPE_ROCK:石:profile:+6 ; type:TYPE_ROCK:鉱石:profile:+4 ; type:TYPE_DRAGON:竜:profile:+2 ; type:TYPE_DRAGON:竜:official_type:+5 ; type:TYPE_ROCK:岩:official_type:+4 ; type_choice:TYPE_ROCK:20 ; growth:profile:fluctuating,146,160,187,173,214,133,1013,TYPE_ROCK,,resolved_profile_evidence,27,393,GROWTH_FLUCTUATING,high,profile-derived-v1
70,digimon,maneuvermon,マニューバモン,https://digimon.net/reference/detail.php?directory_name=maneuvermon,完全体,獣型,ウィルス,8c18d47de6ec40f2bb4173aba37dc17e66014b5746b88323f787529f362adf6f,444,attack:力:+4 ; attack:爪:+6 ; defense:硬い:+4 ; speed:飛行:+6 ; type:TYPE_FLYING:飛行:profile:+6 ; type:TYPE_FLYING:翼:profile:+4 ; type:TYPE_FLYING:空中:profile:+2 ; type:TYPE_FLYING:鳥:profile:+6 ; type:TYPE_DRAGON:竜:profile:+2 ; type:TYPE_NORMAL:獣型:official_type:+4 ; type_choice:TYPE_FLYING:18 ; growth:official_stage_plus_profile_power:medium_slow,100,145,118,127,100,100,690,TYPE_FLYING,,resolved_profile_evidence,114,264,GROWTH_MEDIUM_SLOW,high,profile-derived-v1
71,digimon,turbomon,ターボモン,https://digimon.net/reference/detail.php?directory_name=turbomon,成熟期,獣型,ウィルス,926e47dfc257ca6c6ef5a9d869facd1ac8b64e37a4b728d39f7080f20ab5af01,420,power:強力:+3 ; attack:力:+6 ; defense:甲殻:+12 ; speed:高速:+15 ; speed:機動:+8 ; speed:走:+6 ; speed:加速:+4 ; type:TYPE_GROUND:地面:profile:+2 ; type:TYPE_GROUND:砂:profile:+2 ; type:TYPE_NORMAL:獣型:official_type:+4 ; type_candidate:TYPE_GROUND:4 ; type_placeholder:TYPE_NORMAL:low_evidence ; growth:official_stage_plus_profile_power:medium_fast,83,110,137,232,83,83,728,TYPE_NORMAL,,unresolved_low_type_evidence,84,320,GROWTH_MEDIUM_FAST,medium,profile-derived-v1
72,digimon,nyabootmon,ニャブートモン,https://digimon.net/reference/detail.php?directory_name=nyabootmon,究極体,パペット型,ウィルス,d3d04b6662345729adc01e58c0a7b60d87025386c0671bf1a8fccca717af1e7d,450,attack:力:+6 ; attack:キック:+6 ; attack:剣:+9 ; attack:斬:+3 ; attack:叩:+4 ; speed:高速:+5 ; speed:素早:+5 ; speed:一瞬:+3 ; special_attack:熱:+2 ; type:TYPE_FIGHTING:キック:profile:+2 ; type:TYPE_FIGHTING:キック:move:+4 ; type:TYPE_NORMAL:パペット:official_type:+2 ; type:TYPE_GHOST:パペット:official_type:+2 ; type_choice:TYPE_FIGHTING:6 ; growth:official_stage_plus_profile_power:slow,122,248,122,180,131,122,925,TYPE_FIGHTING,,resolved_profile_evidence,48,371,GROWTH_SLOW,high,profile-derived-v1
73,digimon,yihumon,イーフーモン,https://digimon.net/reference/detail.php?directory_name=yihumon,究極体,獣人型,ワクチン,6ca0ac318f0fb3d7fc4ef761c59b2ca5c03ad818efff5adeef501d0a5c53823a,535,attack:力:+2 ; attack:牙:+6 ; attack:斬:+9 ; special_attack:毒:+3 ; special_attack:データ:+4 ; special_defense:結界:+5 ; type:TYPE_GRASS:葉:profile:+2 ; type:TYPE_POISON:毒:profile:+2 ; type:TYPE_FLYING:翼:profile:+4 ; type:TYPE_FLYING:羽:profile:+6 ; type:TYPE_FLYING:羽:move:+4 ; type:TYPE_DRAGON:竜:profile:+2 ; type:TYPE_FIGHTING:獣人:official_type:+3 ; type:TYPE_NORMAL:獣人:official_type:+2 ; type_choice:TYPE_FLYING:14 ; growth:official_stage_plus_profile_power:slow,122,198,122,122,154,144,862,TYPE_FLYING,,resolved_profile_evidence,70,332,GROWTH_SLOW,high,profile-derived-v1
74,digimon,ariemon,アリエモン,https://digimon.net/reference/detail.php?directory_name=ariemon,究極体,水棲型,データ,c52d7060dc9fbfe02fea25b21286937ab7dec23f712df65efd30b797340302e7,446,power:神:+3 ; attack:力:+2 ; attack:槍:+9 ; defense:防御:+5 ; special_attack:闇:+3 ; special_attack:データ:+2 ; special_defense:精神:+4 ; type:TYPE_WATER:海:profile:+6 ; type:TYPE_WATER:海:move:+4 ; type:TYPE_WATER:水棲:profile:+4 ; type:TYPE_PSYCHIC:精神:profile:+2 ; type:TYPE_DARK:闇:profile:+2 ; type:TYPE_WATER:水棲:official_type:+5 ; type_choice:TYPE_WATER:19 ; growth:official_stage_plus_profile_power:slow,127,177,150,127,150,145,876,TYPE_WATER,,resolved_profile_evidence,66,333,GROWTH_SLOW,high,profile-derived-v1
75,digimon,skullseadramon,スカルシードラモン,https://digimon.net/reference/detail.php?directory_name=skullseadramon,完全体,アンデッド型,ウィルス,3718351095b5e866ef9bcdafc48f85f6cae503cb5f7f4dc0f285137a79caff6b,182,attack:力:+2 ; speed:高速:+5 ; special_attack:電撃:+4 ; type:TYPE_WATER:海:profile:+2 ; type:TYPE_ELECTRIC:電撃:profile:+2 ; type:TYPE_ELECTRIC:サンダー:profile:+2 ; type:TYPE_ELECTRIC:サンダー:move:+4 ; type:TYPE_GHOST:アンデッド:profile:+2 ; type:TYPE_GHOST:アンデッド:official_type:+5 ; type:TYPE_DARK:アンデッド:official_type:+3 ; type_choice:TYPE_ELECTRIC:8 ; type_choice:TYPE_GHOST:7 ; growth:official_stage_plus_profile_power:medium_slow,100,109,100,122,118,100,649,TYPE_ELECTRIC,TYPE_GHOST,resolved_profile_evidence,126,243,GROWTH_MEDIUM_SLOW,high,profile-derived-v1
76,digimon,sharkmon,シャークモン,https://digimon.net/reference/detail.php?directory_name=sharkmon,完全体,サイボーグ型,ウィルス,547feeaa4ad2fc002d7ac1466ca10a4df278c70789289463c2ce86db3d1b9589,196,special_attack:念:+4 ; special_attack:雷:+3 ; special_attack:データ:+2 ; type:TYPE_WATER:海:profile:+2 ; type:TYPE_WATER:水棲:profile:+2 ; type:TYPE_ELECTRIC:雷:profile:+2 ; type:TYPE_PSYCHIC:念:profile:+2 ; type:TYPE_STEEL:機械:profile:+2 ; type:TYPE_STEEL:機械化:profile:+2 ; type:TYPE_STEEL:サイボーグ:official_type:+5 ; type_choice:TYPE_STEEL:9 ; growth:official_stage_plus_profile_power:medium_slow,100,100,100,100,140,100,640,TYPE_STEEL,,resolved_profile_evidence,124,248,GROWTH_MEDIUM_SLOW,high,profile-derived-v1
77,digimon,kaguyamon,カグヤモン,https://digimon.net/reference/detail.php?directory_name=kaguyamon,究極体,パペット型,データ,7b498c15ab112d7ac25d711fefba1d57c9dfca9a41652e3f92dc3f9ed0ba0033,506,power:強力:+3 ; attack:力:+6 ; speed:機動:+4 ; speed:飛行:+2 ; special_attack:念:+12 ; special_attack:光:+3 ; special_attack:データ:+2 ; special_defense:守護:+4 ; type:TYPE_FLYING:飛行:profile:+2 ; type:TYPE_PSYCHIC:念:profile:+6 ; type:TYPE_ROCK:石:profile:+2 ; type:TYPE_NORMAL:パペット:official_type:+2 ; type:TYPE_GHOST:パペット:official_type:+2 ; type_choice:TYPE_PSYCHIC:6 ; growth:official_stage_plus_profile_power:slow,127,154,127,154,204,145,911,TYPE_PSYCHIC,,resolved_profile_evidence,54,355,GROWTH_SLOW,high,profile-derived-v1
78,digimon,karakurumon,カラクルモン,https://digimon.net/reference/detail.php?directory_name=karakurumon,完全体,パペット型,データ,cfbab58aebe54c3214854b3d3adf385107de6728b62fb6ceb2964b4b2214fec7,394,attack:牙:+3 ; attack:斬:+3 ; special_attack:光:+3 ; special_attack:データ:+2 ; type:TYPE_STEEL:機械:profile:+2 ; type:TYPE_NORMAL:パペット:official_type:+2 ; type:TYPE_GHOST:パペット:official_type:+2 ; type_candidate:TYPE_GHOST:2 ; type_placeholder:TYPE_NORMAL:low_evidence ; growth:official_stage_plus_profile_power:medium_slow,100,127,100,100,122,100,649,TYPE_NORMAL,,unresolved_low_type_evidence,125,245,GROWTH_MEDIUM_SLOW,medium,profile-derived-v1
79,digimon,kokeshimon,コケシモン,https://digimon.net/reference/detail.php?directory_name=kokeshimon,成熟期,パペット型,データ,7b10be8eaeb95223cccc0436f8f98d86c032d563abc4a62e5c59b0ad57a59302,368,attack:力:+6 ; speed:飛行:+2 ; special_attack:衝撃波:+3 ; special_attack:念:+12 ; special_attack:データ:+2 ; special_defense:霊:+3 ; type:TYPE_GROUND:地面:profile:+2 ; type:TYPE_FLYING:飛行:profile:+2 ; type:TYPE_PSYCHIC:念:profile:+6 ; type:TYPE_GHOST:幽霊:profile:+2 ; type:TYPE_GHOST:霊:profile:+2 ; type:TYPE_NORMAL:パペット:official_type:+2 ; type:TYPE_GHOST:パペット:official_type:+2 ; type_choice:TYPE_GHOST:6 ; type_choice:TYPE_PSYCHIC:6 ; growth:official_stage_plus_profile_power:medium_fast,78,105,78,87,154,92,594,TYPE_GHOST,TYPE_PSYCHIC,resolved_profile_evidence,130,243,GROWTH_MEDIUM_FAST,high,profile-derived-v1
80,digimon,hanimon,ハニモン,https://digimon.net/reference/detail.php?directory_name=hanimon,成長期,パペット型,データ,56c8cf9e2316aa9b83ce9a16117c3b920f6fc5480ade0d68996ed351a3eb334a,387,attack:力:+4 ; special_attack:光:+3 ; special_attack:データ:+2 ; special_defense:結界:+5 ; special_defense:聖:+2 ; type:TYPE_GROUND:土:profile:+4 ; type:TYPE_DARK:暗黒:profile:+2 ; type:TYPE_FAIRY:聖なる:profile:+2 ; type:TYPE_FAIRY:聖:profile:+2 ; type:TYPE_NORMAL:パペット:official_type:+2 ; type:TYPE_GHOST:パペット:official_type:+2 ; type_candidate:TYPE_FAIRY:4 ; type_placeholder:TYPE_NORMAL:low_evidence ; growth:official_stage_plus_profile_power:medium_fast,58,76,58,58,80,90,420,TYPE_NORMAL,,unresolved_low_type_evidence,176,169,GROWTH_MEDIUM_FAST,medium,profile-derived-v1
81,digimon,mockingbirdmon,モッキンバーモン,https://digimon.net/reference/detail.php?directory_name=mockingbirdmon,完全体,マシーン型,ワクチン,d91758c166126f087912a96990c37359f624f692c92f6af3681f4f5100ea672e,443,hp:再生:+4 ; hp:巨大:+2 ; hp:生命:+2 ; attack:力:+6 ; speed:高速:+5 ; special_attack:エネルギー:+3 ; special_attack:レーザー:+8 ; special_defense:再生:+3 ; type:TYPE_GROUND:地中:profile:+2 ; type:TYPE_FLYING:翼:profile:+4 ; type:TYPE_FLYING:鳥:profile:+6 ; type:TYPE_STEEL:マシーン:profile:+2 ; type:TYPE_STEEL:マシーン:official_type:+5 ; type_choice:TYPE_FLYING:10 ; type_choice:TYPE_STEEL:7 ; growth:official_stage_plus_profile_power:medium_slow,136,127,100,122,150,114,749,TYPE_FLYING,TYPE_STEEL,resolved_profile_evidence,101,281,GROWTH_MEDIUM_SLOW,high,profile-derived-v1
82,digimon,mulemon,ミュールモン,https://digimon.net/reference/detail.php?directory_name=mulemon,成熟期,マシーン型,ワクチン,0efb1de73447cce8cb6f959e2a07258ac8543f5cd6522259c02cc283a8554c92,416,power:小型:-1 ; hp:頑丈:+3 ; attack:パワー:+4 ; attack:力:+4 ; attack:キック:+3 ; attack:叩:+2 ; defense:頑丈:+4 ; speed:機動:+4 ; speed:走:+2 ; type:TYPE_FIGHTING:キック:profile:+2 ; type:TYPE_STEEL:マシーン:profile:+2 ; type:TYPE_STEEL:マシーン:official_type:+5 ; type_choice:TYPE_STEEL:7 ; growth:official_stage_plus_profile_power:medium_fast,90,135,94,103,76,76,574,TYPE_STEEL,,resolved_profile_evidence,138,229,GROWTH_MEDIUM_FAST,high,profile-derived-v1
83,digimon,maquinamon,マキナモン,https://digimon.net/reference/detail.php?directory_name=maquinamon,成長期,合成型,データ,5029723a8b9203353ab911e5123a97c547559a523c8b7f4aea8d2e6392767a7a,490,attack:力:+4 ; special_attack:エネルギー:+3 ; special_attack:炎:+3 ; special_attack:電気:+3 ; special_attack:データ:+2 ; type:TYPE_FIRE:炎:profile:+2 ; type:TYPE_ELECTRIC:電気:profile:+2 ; type:TYPE_STEEL:機械:profile:+6 ; type:TYPE_STEEL:機械化:profile:+2 ; type_choice:TYPE_STEEL:8 ; growth:profile:erratic,58,76,58,58,108,58,416,TYPE_STEEL,,resolved_profile_evidence,174,176,GROWTH_ERRATIC,medium,profile-derived-v1
84,digimon,nazhamon_crimson,ナタモン：クリムゾンモード,https://digimon.net/reference/detail.php?directory_name=nazhamon_crimson,究極体,サイボーグ型,データ,9cc3e0682f4f4180f9b257ba6b9cca387002a2304dc99afd022433ec98bb0bbf,435,power:強力:+3 ; power:神:+3 ; attack:力:+6 ; attack:刀:+9 ; attack:斬:+9 ; attack:叩:+4 ; special_attack:炎:+3 ; special_attack:火:+2 ; type:TYPE_FIRE:炎:profile:+2 ; type:TYPE_STEEL:サイボーグ:profile:+2 ; type:TYPE_STEEL:サイボーグ:official_type:+5 ; type_choice:TYPE_STEEL:7 ; growth:official_stage_plus_profile_power:slow,133,255,133,133,155,133,942,TYPE_STEEL,,resolved_profile_evidence,33,393,GROWTH_SLOW,high,profile-derived-v1
85,digimon,shagaramon,シャガラモン,https://digimon.net/reference/detail.php?directory_name=shagaramon,究極体,聖竜型,データ,36d0685502b80030e122ed426306fffe31b1ece2e4370fceb9db4ae25248067f,437,power:神:+3 ; attack:力:+4 ; attack:牙:+6 ; special_defense:聖:+2 ; type:TYPE_WATER:海:profile:+6 ; type:TYPE_WATER:海:move:+4 ; type:TYPE_DRAGON:竜:profile:+6 ; type:TYPE_DRAGON:龍:profile:+4 ; type:TYPE_DRAGON:龍:move:+4 ; type:TYPE_FAIRY:聖:profile:+2 ; type:TYPE_DRAGON:竜:official_type:+5 ; type:TYPE_FAIRY:聖:official_type:+3 ; type_choice:TYPE_DRAGON:19 ; growth:official_stage_plus_profile_power:slow,127,172,127,127,127,136,816,TYPE_DRAGON,,resolved_profile_evidence,79,316,GROWTH_SLOW,high,profile-derived-v1
86,digimon,medusamon,メデューサモン,https://digimon.net/reference/detail.php?directory_name=medusamon,究極体,竜人型,ウィルス,d7e5999af2e2728c99ef66f44a135975b0026067da8feea428441a08a3442c11,415,power:強力:+3 ; power:神:+3 ; attack:力:+6 ; attack:牙:+6 ; special_attack:光:+6 ; special_attack:毒:+3 ; special_attack:データ:+2 ; type:TYPE_ICE:フリーズ:profile:+2 ; type:TYPE_POISON:毒:profile:+2 ; type:TYPE_ROCK:石:profile:+6 ; type:TYPE_DRAGON:竜:profile:+6 ; type:TYPE_DRAGON:竜:official_type:+5 ; type_choice:TYPE_DRAGON:11 ; growth:official_stage_plus_profile_power:slow,133,187,133,133,182,133,901,TYPE_DRAGON,,resolved_profile_evidence,54,352,GROWTH_SLOW,high,profile-derived-v1
87,digimon,lamiamon,ラミアモン,https://digimon.net/reference/detail.php?directory_name=lamiamon,完全体,竜人型,ウィルス,3cd81630250f7a5f44faed83e6da822d808820a547959cc92da5a9665e10ef33,356,power:莫大:+4 ; attack:力:+2 ; special_attack:毒:+9 ; type:TYPE_POISON:毒:profile:+6 ; type:TYPE_DRAGON:竜:profile:+2 ; type:TYPE_DRAGON:竜:official_type:+5 ; type_choice:TYPE_DRAGON:7 ; type_choice:TYPE_POISON:6 ; growth:official_stage_plus_profile_power:medium_slow,107,116,107,107,148,107,692,TYPE_DRAGON,TYPE_POISON,resolved_profile_evidence,106,275,GROWTH_MEDIUM_SLOW,medium,profile-derived-v1
88,digimon,necromon,ネクロモン,https://digimon.net/reference/detail.php?directory_name=necromon,究極体,ゴースト型,ウィルス,88afcd33084c5dd2d2ac4dd5ccf7639948a8432c67e99e89a9306c9b9373f8ec,439,power:強力:+3 ; power:弱い:-4 ; attack:力:+6 ; attack:剣:+3 ; attack:破壊:+4 ; defense:防御:+5 ; special_attack:光:+3 ; special_attack:データ:+6 ; special_defense:吸収:+8 ; special_defense:聖:+2 ; special_defense:霊:+9 ; type:TYPE_ROCK:石:profile:+2 ; type:TYPE_GHOST:幽霊:profile:+2 ; type:TYPE_GHOST:霊:profile:+6 ; type:TYPE_FAIRY:聖なる:profile:+2 ; type:TYPE_FAIRY:聖:profile:+2 ; type_choice:TYPE_GHOST:8 ; growth:official_stage_plus_profile_power:slow,120,179,143,120,161,206,929,TYPE_GHOST,,resolved_profile_evidence,56,353,GROWTH_SLOW,high,profile-derived-v1
89,digimon,jougamon,ジョウガモン,https://digimon.net/reference/detail.php?directory_name=jougamon,究極体,神人型,ワクチン,458cb01bff269fa4dc4def9b6940e83cc4893dc55237182fbcf64b66947dbc65,381,power:強大:+4 ; power:強力:+3 ; power:神:+6 ; hp:巨大:+2 ; attack:力:+6 ; attack:拳:+6 ; attack:斬:+3 ; speed:高速:+5 ; speed:機動:+4 ; special_attack:光:+9 ; special_attack:データ:+2 ; type:TYPE_FIGHTING:拳:profile:+4 ; type:TYPE_BUG:蛾:profile:+2 ; type:TYPE_BUG:蛾:move:+4 ; type:TYPE_FAIRY:神人:official_type:+3 ; type:TYPE_FIGHTING:神人:official_type:+2 ; type_choice:TYPE_BUG:6 ; type_choice:TYPE_FIGHTING:6 ; growth:official_stage_plus_profile_power:slow,154,213,145,186,195,145,1038,TYPE_BUG,TYPE_FIGHTING,resolved_profile_evidence,10,417,GROWTH_SLOW,high,profile-derived-v1
90,digimon,pyramidimon,ピラミディモン,https://digimon.net/reference/detail.php?directory_name=pyramidimon,究極体,鉱物型,ウィルス,78714864f2f4532ac3227c0c1011c48b539dc9b1b04490191cb3aecad6f9c869,374,hp:再生:+4 ; hp:巨大:+2 ; attack:パワー:+4 ; attack:叩:+2 ; special_attack:エネルギー:+3 ; special_attack:データ:+6 ; special_defense:吸収:+4 ; special_defense:再生:+3 ; type:TYPE_GROUND:砂:profile:+6 ; type:TYPE_ROCK:鉱物:official_type:+4 ; type_choice:TYPE_GROUND:6 ; growth:profile:slow,149,149,122,122,162,154,858,TYPE_GROUND,,resolved_profile_evidence,78,315,GROWTH_SLOW,high,profile-derived-v1
91,digimon,proganomon,プロガノモン,https://digimon.net/reference/detail.php?directory_name=proganomon,完全体,鉱物型,ウィルス,95a8114fce9ca7b71cead49e6bbbee21077b93e91401c185bbcfec057a9340ec,325,attack:爪:+3 ; defense:装甲:+5 ; defense:甲殻:+4 ; speed:高速:+5 ; special_attack:データ:+2 ; type:TYPE_GROUND:地面:profile:+2 ; type:TYPE_GROUND:地中:profile:+4 ; type:TYPE_GROUND:砂:profile:+6 ; type:TYPE_GROUND:砂漠:profile:+2 ; type:TYPE_GROUND:地震:profile:+2 ; type:TYPE_ROCK:岩:profile:+2 ; type:TYPE_ROCK:石:profile:+2 ; type:TYPE_ROCK:鉱物:profile:+4 ; type:TYPE_STEEL:装甲:profile:+2 ; type:TYPE_ROCK:鉱物:official_type:+4 ; type_choice:TYPE_GROUND:16 ; type_choice:TYPE_ROCK:12 ; growth:official_stage_plus_profile_power:medium_slow,100,114,140,122,109,100,685,TYPE_GROUND,TYPE_ROCK,resolved_profile_evidence,116,260,GROWTH_MEDIUM_SLOW,high,profile-derived-v1
92,digimon,landramon,ランドラモン,https://digimon.net/reference/detail.php?directory_name=landramon,成熟期,鉱物型,ウィルス,ac948815c759cf62d946901473487c4a4ad4be2c223146460f3cc2ba302d8ac7,327,hp:巨大:+2 ; attack:爪:+3 ; special_attack:データ:+2 ; type:TYPE_GROUND:地中:profile:+4 ; type:TYPE_GROUND:砂:profile:+6 ; type:TYPE_GROUND:砂漠:profile:+2 ; type:TYPE_ROCK:鉱物:profile:+2 ; type:TYPE_ROCK:鉱物:official_type:+4 ; type_choice:TYPE_GROUND:12 ; growth:official_stage_plus_profile_power:medium_fast,87,92,78,78,87,78,500,TYPE_GROUND,,resolved_profile_evidence,161,191,GROWTH_MEDIUM_FAST,medium,profile-derived-v1
93,digimon,invisimon,インビジモン,https://digimon.net/reference/detail.php?directory_name=invisimon,究極体,サイボーグ型,ウィルス,b627a46baf69791e5313ba970201a3a54dc60964e247c3ebf2fd914c3a599c43,520,power:究極:+5 ; hp:巨体:+3 ; attack:力:+6 ; attack:斬:+3 ; speed:機動:+4 ; speed:飛行:+2 ; special_attack:ビーム:+4 ; special_attack:レーザー:+12 ; special_attack:光:+9 ; type:TYPE_FLYING:飛行:profile:+2 ; type:TYPE_ROCK:岩:profile:+2 ; type:TYPE_STEEL:サイボーグ:official_type:+5 ; type_choice:TYPE_STEEL:5 ; growth:official_stage_plus_profile_power:slow,144,172,131,158,244,131,980,TYPE_STEEL,,resolved_profile_evidence,29,395,GROWTH_SLOW,high,profile-derived-v1
94,digimon,oblivimon,オブリビモン,https://digimon.net/reference/detail.php?directory_name=oblivimon,完全体,サイボーグ型,ウィルス,085bf33abc458bd039430023ffcd38cb574829511c47cb2b6f396c78fa4e687f,525,special_attack:ビーム:+4 ; special_attack:レーザー:+4 ; special_attack:データ:+4 ; type:TYPE_STEEL:サイボーグ:profile:+2 ; type:TYPE_STEEL:サイボーグ:official_type:+5 ; type_choice:TYPE_STEEL:7 ; growth:official_stage_plus_profile_power:medium_slow,100,100,100,100,154,100,654,TYPE_STEEL,,resolved_profile_evidence,119,258,GROWTH_MEDIUM_SLOW,medium,profile-derived-v1
95,digimon,dimetromon,ディメトロモン,https://digimon.net/reference/detail.php?directory_name=dimetromon,成熟期,爬虫類型,ウィルス,0f3420f219a56ff37a491de929d526356fb296c8fdf345a58c50b9ed4211924f,274,hp:再生:+4 ; speed:俊敏:+5 ; special_attack:エネルギー:+6 ; special_attack:熱:+2 ; special_defense:再生:+3 ; type:TYPE_ROCK:岩:profile:+2 ; type:TYPE_DRAGON:爬虫類:official_type:+4 ; type:TYPE_NORMAL:爬虫類:official_type:+1 ; type_candidate:TYPE_DRAGON:4 ; type_placeholder:TYPE_NORMAL:low_evidence ; growth:official_stage_plus_profile_power:medium_fast,96,78,78,100,114,92,558,TYPE_NORMAL,,unresolved_low_type_evidence,145,215,GROWTH_MEDIUM_FAST,medium,profile-derived-v1
96,digimon,ryugumon,リュウグウモン,https://digimon.net/reference/detail.php?directory_name=ryugumon,究極体,軟体型,データ,86866d7f5c2531e7c5b5681b081026cb5035a60a0cd8a453680882401c27fdd0,399,power:神:+9 ; attack:力:+6 ; special_attack:エネルギー:+3 ; special_attack:レーザー:+4 ; special_attack:光:+3 ; special_defense:吸収:+4 ; special_defense:浄化:+4 ; special_defense:守護:+4 ; type:TYPE_WATER:海:profile:+6 ; type:TYPE_WATER:海:move:+8 ; type:TYPE_DRAGON:竜:profile:+6 ; type_choice:TYPE_WATER:14 ; growth:official_stage_plus_profile_power:slow,138,165,138,138,183,192,954,TYPE_WATER,,resolved_profile_evidence,38,375,GROWTH_SLOW,high,profile-derived-v1
97,digimon,cerunumon,ケルヌモン,https://digimon.net/reference/detail.php?directory_name=cerunumon,究極体,聖獣型,データ,c3c5506ce07f8a2b6209160650c46558717aa677483f48025068e7cadc71b26e,407,power:神:+3 ; hp:再生:+4 ; hp:巨大:+4 ; attack:力:+2 ; special_defense:再生:+3 ; special_defense:神聖:+3 ; special_defense:聖:+4 ; type:TYPE_GRASS:植物:profile:+2 ; type:TYPE_GRASS:森:profile:+6 ; type:TYPE_GRASS:葉:profile:+2 ; type:TYPE_FLYING:鳥:profile:+2 ; type:TYPE_FAIRY:神聖:profile:+2 ; type:TYPE_FAIRY:聖:profile:+4 ; type:TYPE_FAIRY:聖:official_type:+3 ; type:TYPE_NORMAL:獣型:official_type:+4 ; type:TYPE_FAIRY:聖獣:official_type:+4 ; type:TYPE_NORMAL:聖獣:official_type:+2 ; type_choice:TYPE_FAIRY:13 ; type_choice:TYPE_GRASS:10 ; growth:official_stage_plus_profile_power:slow,163,136,127,127,127,172,852,TYPE_FAIRY,TYPE_GRASS,resolved_profile_evidence,72,325,GROWTH_SLOW,high,profile-derived-v1
98,digimon,marinbullmon,マリンブルモン,https://digimon.net/reference/detail.php?directory_name=marinbullmon,完全体,軟体型,データ,d75ce37481e7441b3dc25a6bb5648c02058382c70a522b82c4aa22c1a0e50c6d,415,attack:力:+2 ; attack:斬:+3 ; defense:防御:+5 ; special_attack:毒:+3 ; type:TYPE_WATER:海:profile:+4 ; type:TYPE_POISON:毒:profile:+2 ; type:TYPE_GROUND:砂:profile:+4 ; type_candidate:TYPE_GROUND:4 ; type_placeholder:TYPE_NORMAL:low_evidence ; growth:official_stage_plus_profile_power:medium_slow,100,122,122,100,114,100,658,TYPE_NORMAL,,unresolved_low_type_evidence,124,245,GROWTH_MEDIUM_SLOW,medium,profile-derived-v1
99,digimon,elizamon,エリザモン,https://digimon.net/reference/detail.php?directory_name=elizamon,成長期,爬虫類型,ウィルス,04bbb4c35bda546bc5994e408cd95f8aa9671b7f0dcc9c0bb2919f6c9d250494,242,attack:力:+2 ; speed:高速:+10 ; type:TYPE_DRAGON:爬虫類:official_type:+4 ; type:TYPE_NORMAL:爬虫類:official_type:+1 ; type_candidate:TYPE_DRAGON:4 ; type_placeholder:TYPE_NORMAL:low_evidence ; growth:official_stage_plus_profile_power:medium_fast,58,67,58,103,58,58,402,TYPE_NORMAL,,unresolved_low_type_evidence,177,170,GROWTH_MEDIUM_FAST,medium,profile-derived-v1
100,digimon,nezhamon,ナタモン,https://digimon.net/reference/detail.php?directory_name=nezhamon,究極体,サイボーグ型,データ,e5132239e9bb1315bfacb67b94406861ec76757d09e1aa4deb9ab429f7558b48,372,power:神:+3 ; attack:パワー:+4 ; attack:力:+2 ; attack:槍:+6 ; attack:斬:+3 ; attack:突進:+3 ; speed:高速:+5 ; speed:加速:+4 ; special_attack:エネルギー:+3 ; special_attack:炎:+9 ; special_attack:火:+6 ; special_attack:データ:+2 ; type:TYPE_FIRE:炎:profile:+6 ; type:TYPE_FIRE:炎:move:+4 ; type:TYPE_STEEL:サイボーグ:profile:+2 ; type:TYPE_STEEL:サイボーグ:official_type:+5 ; type_choice:TYPE_FIRE:10 ; type_choice:TYPE_STEEL:7 ; growth:official_stage_plus_profile_power:slow,127,208,127,168,217,127,974,TYPE_FIRE,TYPE_STEEL,resolved_profile_evidence,40,377,GROWTH_SLOW,high,profile-derived-v1
101,digimon,dinomon,ダイナモン,https://digimon.net/reference/detail.php?directory_name=dinomon,究極体,恐竜型,ワクチン,a855551380a40f78e9835743332101be864536e532574185b213e68e26a79b50,472,power:究極:+5 ; power:圧倒:+5 ; power:強大:+4 ; power:驚異:+3 ; power:凄まじ:+3 ; power:超高:+3 ; attack:パワー:+4 ; attack:力:+6 ; attack:爪:+3 ; special_attack:エネルギー:+6 ; special_attack:炎:+3 ; special_attack:光:+3 ; special_attack:熱:+6 ; type:TYPE_FIRE:炎:profile:+2 ; type:TYPE_FIRE:溶岩:profile:+2 ; type:TYPE_WATER:海:profile:+2 ; type:TYPE_ROCK:岩:profile:+2 ; type:TYPE_DRAGON:竜:profile:+2 ; type:TYPE_DRAGON:恐竜:profile:+2 ; type:TYPE_DRAGON:竜:official_type:+5 ; type:TYPE_DRAGON:恐竜:official_type:+3 ; type_choice:TYPE_DRAGON:12 ; growth:official_stage_plus_profile_power:slow,163,222,163,163,244,163,1118,TYPE_DRAGON,,resolved_profile_evidence,3,476,GROWTH_SLOW,high,profile-derived-v1
102,digimon,skadimon,スカーディモン,https://digimon.net/reference/detail.php?directory_name=skadimon,究極体,氷雪型,ワクチン,87138818d06886e3282d575d5f68f8d91f4675b5597c69d415cba1c0a49451bb,497,hp:再生:+4 ; hp:巨大:+2 ; attack:パワー:+4 ; attack:力:+2 ; attack:叩:+2 ; special_attack:氷:+9 ; special_defense:再生:+3 ; type:TYPE_ICE:氷:profile:+6 ; type:TYPE_ICE:雪:profile:+6 ; type:TYPE_FAIRY:妖精:profile:+2 ; type_choice:TYPE_ICE:12 ; growth:official_stage_plus_profile_power:slow,149,158,122,122,162,136,849,TYPE_ICE,,resolved_profile_evidence,80,312,GROWTH_SLOW,high,profile-derived-v1
103,digimon,polarbearmon,ポーラーベアモン,https://digimon.net/reference/detail.php?directory_name=polarbearmon,完全体,氷雪型,ワクチン,d4986aeba1d683c7212c99535e1b7caa3a647dbe510afd9bb7ef37d824449013,346,attack:力:+2 ; attack:キック:+9 ; attack:斬:+3 ; speed:走:+2 ; special_attack:氷:+9 ; special_attack:データ:+2 ; type:TYPE_ICE:氷:profile:+6 ; type:TYPE_ICE:雪:profile:+6 ; type:TYPE_FIGHTING:キック:profile:+4 ; type:TYPE_FIGHTING:キック:move:+4 ; type:TYPE_GROUND:地面:profile:+2 ; type_choice:TYPE_ICE:12 ; type_choice:TYPE_FIGHTING:8 ; growth:official_stage_plus_profile_power:medium_slow,100,163,100,109,150,100,722,TYPE_ICE,TYPE_FIGHTING,resolved_profile_evidence,104,280,GROWTH_MEDIUM_SLOW,high,profile-derived-v1
104,digimon,erlangmon_blast,イーランモン：ブラストモード,https://digimon.net/reference/detail.php?directory_name=erlangmon_blast,究極体,神人型,ワクチン,fe7c3b2cb24c680ddafd9a3c205da6e89635d5559fff7f598283936a96af2314,409,power:無敵:+16 ; power:圧倒:+5 ; attack:力:+6 ; attack:刀:+3 ; defense:鎧:+4 ; special_attack:エネルギー:+6 ; special_defense:聖:+4 ; type:TYPE_PSYCHIC:予知:profile:+4 ; type:TYPE_FAIRY:聖:profile:+2 ; type:TYPE_FAIRY:聖:move:+4 ; type:TYPE_FAIRY:神人:official_type:+3 ; type:TYPE_FIGHTING:神人:official_type:+2 ; type_choice:TYPE_FAIRY:9 ; growth:official_stage_plus_profile_power:slow,160,200,178,160,187,178,1063,TYPE_FAIRY,,resolved_profile_evidence,3,437,GROWTH_SLOW,high,profile-derived-v1
105,digimon,queenbeemon,クイーンビーモン,https://digimon.net/reference/detail.php?directory_name=queenbeemon,究極体,サイボーグ型,ウィルス,65e51735db67ed08c31894200077f5991d4e209691604065f21edfd6cd0b3dc5,485,power:驚異:+3 ; power:王:+6 ; attack:力:+6 ; special_attack:エネルギー:+3 ; special_attack:ビーム:+4 ; special_attack:火:+2 ; special_attack:光:+3 ; special_attack:毒:+3 ; type:TYPE_POISON:毒:profile:+2 ; type:TYPE_STEEL:サイボーグ:profile:+2 ; type:TYPE_NORMAL:日常:profile:+2 ; type:TYPE_STEEL:サイボーグ:official_type:+5 ; type_choice:TYPE_STEEL:7 ; growth:official_stage_plus_profile_power:slow,138,165,138,138,206,138,923,TYPE_STEEL,,resolved_profile_evidence,41,374,GROWTH_SLOW,high,profile-derived-v1
106,digimon,vespamon,ヴェスパモン,https://digimon.net/reference/detail.php?directory_name=vespamon,完全体,サイボーグ型,ウィルス,238a94ebce50fbfa7e49ea599b3d4d762d54c1cd95b7b59ba39c06b4f95f3216,340,power:王:+4 ; hp:巨体:+3 ; attack:槍:+6 ; defense:盾:+4 ; speed:スピード:+4 ; special_attack:エネルギー:+3 ; special_attack:ビーム:+8 ; special_defense:守護:+4 ; type:TYPE_FLYING:空中:profile:+2 ; type:TYPE_STEEL:サイボーグ:profile:+2 ; type:TYPE_STEEL:サイボーグ:official_type:+5 ; type_choice:TYPE_STEEL:7 ; growth:official_stage_plus_profile_power:medium_slow,121,134,125,125,157,125,787,TYPE_STEEL,,resolved_profile_evidence,86,304,GROWTH_MEDIUM_SLOW,high,profile-derived-v1
107,digimon,forgebeemon,フォージビーモン,https://digimon.net/reference/detail.php?directory_name=forgebeemon,成熟期,サイボーグ型,ウィルス,892cb358b1a593583e6fd5a62312f0442455365ec6f08aa338f24accdfd7d435,351,power:王:+2 ; attack:力:+2 ; type:TYPE_FLYING:空中:profile:+2 ; type:TYPE_STEEL:サイボーグ:profile:+2 ; type:TYPE_STEEL:メカ:profile:+2 ; type:TYPE_STEEL:サイボーグ:official_type:+5 ; type_choice:TYPE_STEEL:9 ; growth:official_stage_plus_profile_power:medium_fast,82,91,82,82,82,82,501,TYPE_STEEL,,resolved_profile_evidence,157,195,GROWTH_MEDIUM_FAST,medium,profile-derived-v1
108,digimon,heavymetaldramon,ヘヴィーメタルドラモン,https://digimon.net/reference/detail.php?directory_name=heavymetaldramon,究極体,邪竜型,ウィルス,11ab8ddbfdc98a155c833881741b56a7b3471a80c3b3de662eaf372e8f72d635,490,hp:巨体:+3 ; attack:パワー:+4 ; attack:粉砕:+5 ; special_attack:火:+2 ; special_attack:データ:+2 ; type:TYPE_FIRE:フレイム:profile:+2 ; type:TYPE_FIRE:フレイム:move:+4 ; type:TYPE_GROUND:大地:profile:+2 ; type:TYPE_FLYING:翼:profile:+4 ; type:TYPE_DRAGON:ドラゴン:profile:+2 ; type:TYPE_DARK:邪悪:profile:+2 ; type:TYPE_DARK:ダーク:profile:+2 ; type:TYPE_STEEL:金属:profile:+2 ; type:TYPE_DRAGON:竜:official_type:+5 ; type_choice:TYPE_DRAGON:7 ; type_choice:TYPE_FIRE:6 ; growth:official_stage_plus_profile_power:slow,136,162,122,122,140,122,804,TYPE_DRAGON,TYPE_FIRE,resolved_profile_evidence,88,301,GROWTH_SLOW,high,profile-derived-v1
109,digimon,loudmon,ラウドモン,https://digimon.net/reference/detail.php?directory_name=loudmon,完全体,サイボーグ型,ウィルス,683af804dde3f7b2f4c46ff4d3165fe1a2f08ed4ea7150b9a9def3603dcfd3c5,454,attack:力:+4 ; attack:爪:+3 ; defense:鎧:+4 ; special_attack:データ:+2 ; type:TYPE_WATER:ウェーブ:profile:+2 ; type:TYPE_GRASS:葉:profile:+2 ; type:TYPE_STEEL:サイボーグ:official_type:+5 ; type_choice:TYPE_STEEL:5 ; growth:official_stage_plus_profile_power:medium_slow,100,132,118,100,109,100,659,TYPE_STEEL,,resolved_profile_evidence,122,250,GROWTH_MEDIUM_SLOW,medium,profile-derived-v1
110,digimon,punkmon,パンクモン,https://digimon.net/reference/detail.php?directory_name=punkmon,成熟期,魔竜型,ウィルス,050c2475b6aced78940853b4fa672e653930800f8f9eef69c7908eb08f7819d1,393,power:神:+3 ; special_attack:炎:+3 ; special_attack:火:+4 ; special_attack:データ:+2 ; special_defense:精神:+4 ; type:TYPE_FIRE:炎:profile:+2 ; type:TYPE_FIRE:火炎:profile:+2 ; type:TYPE_FIRE:フレイム:profile:+2 ; type:TYPE_FIRE:フレイム:move:+4 ; type:TYPE_GROUND:地面:profile:+2 ; type:TYPE_PSYCHIC:精神:profile:+2 ; type:TYPE_DRAGON:竜:official_type:+5 ; type_choice:TYPE_FIRE:10 ; growth:official_stage_plus_profile_power:medium_fast,83,83,83,83,124,101,557,TYPE_FIRE,,resolved_profile_evidence,138,227,GROWTH_MEDIUM_FAST,high,profile-derived-v1
111,digimon,takutoumon_wrath,タクトウモン：ラースモード,https://digimon.net/reference/detail.php?directory_name=takutoumon_wrath,究極体,神人型,ワクチン,e39680d38a4f2022188fcabda53fbb709449c9eb8e2479e9b62cd3b380bba641,410,power:強大:+4 ; power:神:+3 ; hp:巨大:+2 ; attack:力:+4 ; attack:槍:+6 ; attack:斬:+3 ; defense:防御:+5 ; defense:鎧:+8 ; speed:走:+2 ; special_attack:レーザー:+4 ; special_attack:光:+3 ; special_attack:データ:+2 ; special_defense:結界:+5 ; type:TYPE_DRAGON:龍:profile:+2 ; type:TYPE_DRAGON:龍:move:+4 ; type:TYPE_FAIRY:神人:official_type:+3 ; type:TYPE_FIGHTING:神人:official_type:+2 ; type_choice:TYPE_DRAGON:6 ; growth:profile:erratic,144,193,193,144,175,157,1006,TYPE_DRAGON,,resolved_profile_evidence,31,384,GROWTH_ERRATIC,high,profile-derived-v1
112,digimon,erlangmon,イーランモン,https://digimon.net/reference/detail.php?directory_name=erlangmon,究極体,神人型,ワクチン,e3084f90feb0c072638665b5d0d984bb5b6d57fd7f409f094d28e2c702657867,484,power:神:+3 ; hp:巨大:+2 ; attack:力:+6 ; attack:刀:+6 ; attack:斬:+3 ; speed:一瞬:+3 ; special_attack:念:+4 ; special_attack:データ:+2 ; type:TYPE_PSYCHIC:念:profile:+2 ; type:TYPE_FAIRY:神人:official_type:+3 ; type:TYPE_FIGHTING:神人:official_type:+2 ; type_candidate:TYPE_FAIRY:3 ; type_placeholder:TYPE_NORMAL:low_evidence ; growth:official_stage_plus_profile_power:slow,136,195,127,141,154,127,880,TYPE_NORMAL,,unresolved_low_type_evidence,62,343,GROWTH_SLOW,medium,profile-derived-v1
113,digimon,cendrillmon,サンドリモン,https://digimon.net/reference/detail.php?directory_name=cendrillmon,究極体,パペット型,ウィルス,fe82395bbc03894e89ddd446bc888108e5d9a2ceaf92e66d0af040037cfea25b,488,power:究極:+5 ; power:強力:+3 ; power:超強:+4 ; power:王:+6 ; hp:巨大:+2 ; attack:力:+2 ; special_attack:ビーム:+4 ; special_attack:レーザー:+4 ; special_attack:火:+4 ; special_attack:データ:+2 ; type:TYPE_FIGHTING:武闘:profile:+2 ; type:TYPE_NORMAL:パペット:official_type:+2 ; type:TYPE_GHOST:パペット:official_type:+2 ; type_candidate:TYPE_FIGHTING:2 ; type_placeholder:TYPE_NORMAL:low_evidence ; growth:official_stage_plus_profile_power:slow,163,163,154,154,217,154,1005,TYPE_NORMAL,,unresolved_low_type_evidence,7,422,GROWTH_SLOW,medium,profile-derived-v1
114,digimon,chaperomon,シャペロモン,https://digimon.net/reference/detail.php?directory_name=chaperomon,完全体,パペット型,ウィルス,5f3dae12af3a21da0d22db8758d3aa59b20d200fd726e08fa2238272dd68079b,445,attack:斬:+3 ; special_attack:炎:+3 ; special_attack:火:+2 ; special_attack:データ:+6 ; type:TYPE_FIRE:炎:profile:+2 ; type:TYPE_FIRE:火炎:profile:+2 ; type:TYPE_NORMAL:パペット:official_type:+2 ; type:TYPE_GHOST:パペット:official_type:+2 ; type_candidate:TYPE_FIRE:4 ; type_placeholder:TYPE_NORMAL:low_evidence ; growth:official_stage_plus_profile_power:medium_slow,100,114,100,100,150,100,664,TYPE_NORMAL,,unresolved_low_type_evidence,118,259,GROWTH_MEDIUM_SLOW,medium,profile-derived-v1
115,digimon,zephagamon,ゼファーガモン,https://digimon.net/reference/detail.php?directory_name=zephagamon,究極体,魔法騎士型,データ,f6b12189ba369aa6a80425164974277233397f2fd6d1c7adff056c4b96763636,400,power:究極:+5 ; power:神:+3 ; attack:力:+4 ; attack:剣:+3 ; attack:斬:+3 ; special_attack:エネルギー:+9 ; special_attack:データ:+2 ; special_defense:守護:+4 ; type:TYPE_GRASS:森:profile:+2 ; type:TYPE_GROUND:大地:profile:+2 ; type:TYPE_FLYING:翼:profile:+6 ; type:TYPE_DRAGON:竜:profile:+2 ; type_choice:TYPE_FLYING:6 ; growth:official_stage_plus_profile_power:slow,136,181,136,136,186,154,929,TYPE_FLYING,,resolved_profile_evidence,45,364,GROWTH_SLOW,high,profile-derived-v1
116,digimon,grandgalemon,グランゲイルモン,https://digimon.net/reference/detail.php?directory_name=grandgalemon,完全体,鳥竜型,データ,3d0400d224b386b1c0927676531e696725bdd0b8a84692390736ee20fd0161da,414,power:王:+4 ; attack:斬:+3 ; attack:突進:+3 ; defense:鎧:+4 ; speed:飛行:+2 ; special_attack:光:+3 ; type:TYPE_GRASS:森:profile:+6 ; type:TYPE_FLYING:飛行:profile:+2 ; type:TYPE_FLYING:翼:profile:+4 ; type:TYPE_FLYING:羽:profile:+4 ; type:TYPE_STEEL:金属:profile:+2 ; type:TYPE_DRAGON:竜:official_type:+5 ; type:TYPE_FLYING:鳥:official_type:+5 ; type_choice:TYPE_FLYING:15 ; growth:official_stage_plus_profile_power:medium_slow,107,134,125,116,121,107,710,TYPE_FLYING,,resolved_profile_evidence,105,274,GROWTH_MEDIUM_SLOW,high,profile-derived-v1
117,digimon,fluffymon,フラフィモン,https://digimon.net/reference/detail.php?directory_name=fluffymon,幼年期Ⅱ,小鳥型,,7c42c117e3ad22d83fc5d5eda1b33e5a7b81061a69f3fbdba550119f9fb5d5b6,140,attack:力:+2 ; speed:スピード:+4 ; speed:俊敏:+5 ; type:TYPE_GRASS:森:profile:+2 ; type:TYPE_GRASS:葉:profile:+2 ; type:TYPE_FLYING:翼:profile:+2 ; type:TYPE_FLYING:鳥:profile:+2 ; type:TYPE_FLYING:鳥:official_type:+5 ; type_choice:TYPE_FLYING:9 ; growth:official_stage_plus_profile_power:medium_fast,38,47,38,78,38,38,277,TYPE_FLYING,,resolved_profile_evidence,206,127,GROWTH_MEDIUM_FAST,medium,profile-derived-v1
118,digimon,yolkmon,ヨークモン,https://digimon.net/reference/detail.php?directory_name=yolkmon,幼年期Ⅰ,スライム型,,7433917d49caf80e5bed4680a4097ea9f99380ad2c0b8862b7c7b4a6ae80d49b,134,stats:balanced:no_specialization_signal_in_official_text ; type:TYPE_NORMAL:生活:profile:+2 ; type_candidate:TYPE_NORMAL:2 ; type_placeholder:TYPE_NORMAL:low_evidence ; growth:official_stage_plus_profile_power:medium_fast,28,28,28,28,28,28,168,TYPE_NORMAL,,unresolved_low_type_evidence,237,76,GROWTH_MEDIUM_FAST,low,profile-derived-v1
119,digimon,callismon,カリスモン,https://digimon.net/reference/detail.php?directory_name=callismon,究極体,魔獣型,ウィルス,7260afcf335a92a5bd95738981bec8b4fd1467c9ed0f055e37c80b1f1d543498,280,hp:巨大:+2 ; attack:力:+2 ; attack:爪:+3 ; special_attack:データ:+6 ; type:TYPE_NORMAL:獣型:official_type:+4 ; type:TYPE_DARK:魔獣:official_type:+4 ; type:TYPE_NORMAL:魔獣:official_type:+2 ; type_choice:TYPE_NORMAL:6 ; growth:official_stage_plus_profile_power:slow,131,144,122,122,149,122,790,TYPE_NORMAL,,resolved_profile_evidence,94,291,GROWTH_SLOW,medium,profile-derived-v1
120,digimon,tlalocmon,トラロックモン,https://digimon.net/reference/detail.php?directory_name=tlalocmon,究極体,鉱物型,データ,f4babea54f702a951c5b29ff070b0b1f6903601eb6e0b9e50a141390b977edf4,337,hp:巨大:+2 ; attack:力:+2 ; attack:斬:+3 ; attack:破壊:+4 ; special_attack:エネルギー:+3 ; special_attack:ビーム:+4 ; special_attack:念:+4 ; special_attack:雷:+9 ; special_attack:データ:+2 ; special_defense:浄化:+4 ; type:TYPE_ELECTRIC:雷:profile:+6 ; type:TYPE_GRASS:草:profile:+2 ; type:TYPE_GROUND:大地:profile:+4 ; type:TYPE_PSYCHIC:念:profile:+2 ; type:TYPE_ROCK:石:profile:+2 ; type:TYPE_ROCK:鉱石:profile:+2 ; type:TYPE_ROCK:鉱物:profile:+2 ; type:TYPE_ROCK:鉱物:official_type:+4 ; type_choice:TYPE_ROCK:10 ; growth:official_stage_plus_profile_power:slow,131,162,122,122,221,140,898,TYPE_ROCK,,resolved_profile_evidence,59,351,GROWTH_SLOW,high,profile-derived-v1
121,digimon,shoeshoemon,シューシューモン,https://digimon.net/reference/detail.php?directory_name=shoeshoemon,成熟期,パペット型,ウィルス,8d67e6b9a5fe9784a1d4836833162cdbcda82b28c851a735fcaa67eafb8177d1,308,speed:高速:+5 ; speed:俊敏:+5 ; special_attack:爆発:+3 ; type:TYPE_NORMAL:パペット:official_type:+2 ; type:TYPE_GHOST:パペット:official_type:+2 ; type_candidate:TYPE_GHOST:2 ; type_placeholder:TYPE_NORMAL:low_evidence ; growth:official_stage_plus_profile_power:medium_fast,78,78,78,123,92,78,527,TYPE_NORMAL,,unresolved_low_type_evidence,149,211,GROWTH_MEDIUM_FAST,medium,profile-derived-v1
122,digimon,shoemon,シューモン,https://digimon.net/reference/detail.php?directory_name=shoemon,成長期,パペット型,ウィルス,7d8438cbb61aa6b60323716fd92fdfb8ab25f86c13c05e1891f38e3e95bcc510,321,stats:balanced:no_specialization_signal_in_official_text ; type:TYPE_GROUND:地面:profile:+2 ; type:TYPE_GROUND:砂:profile:+2 ; type:TYPE_NORMAL:パペット:official_type:+2 ; type:TYPE_GHOST:パペット:official_type:+2 ; type_candidate:TYPE_GROUND:4 ; type_placeholder:TYPE_NORMAL:low_evidence ; growth:official_stage_plus_profile_power:medium_fast,58,58,58,58,58,58,348,TYPE_NORMAL,,unresolved_low_type_evidence,197,136,GROWTH_MEDIUM_FAST,medium,profile-derived-v1
123,digimon,galemon,ゲイルモン,https://digimon.net/reference/detail.php?directory_name=galemon,成熟期,鳥竜型,データ,5163155c303c156487123d667dc217c6cf00eaef1aa4c6185d2eddc070a8e0d9,330,defense:硬質:+4 ; special_defense:守護:+4 ; type:TYPE_GRASS:植物:profile:+4 ; type:TYPE_FLYING:翼:profile:+2 ; type:TYPE_FLYING:鳥:profile:+2 ; type:TYPE_FLYING:羽:profile:+2 ; type:TYPE_DRAGON:竜:profile:+4 ; type:TYPE_DRAGON:竜:official_type:+5 ; type:TYPE_FLYING:鳥:official_type:+5 ; type_choice:TYPE_FLYING:11 ; type_choice:TYPE_DRAGON:9 ; growth:official_stage_plus_profile_power:medium_fast,78,78,96,78,78,96,504,TYPE_FLYING,TYPE_DRAGON,resolved_profile_evidence,159,193,GROWTH_MEDIUM_FAST,medium,profile-derived-v1
124,digimon,pteromon,プテロモン,https://digimon.net/reference/detail.php?directory_name=pteromon,成長期,鳥竜型,データ,e42da21440ba0a048481744cbab8c51387f4d66675f67acca6a074d115228b82,271,attack:力:+2 ; attack:爪:+3 ; attack:斬:+3 ; speed:一瞬:+3 ; speed:飛行:+2 ; type:TYPE_GRASS:森:profile:+2 ; type:TYPE_FLYING:飛行:profile:+2 ; type:TYPE_FLYING:鳥:profile:+2 ; type:TYPE_FLYING:羽:profile:+2 ; type:TYPE_DRAGON:竜:profile:+2 ; type:TYPE_DRAGON:竜:official_type:+5 ; type:TYPE_FLYING:鳥:official_type:+5 ; type_choice:TYPE_FLYING:11 ; growth:profile:slow,58,94,58,80,58,58,406,TYPE_FLYING,,resolved_profile_evidence,178,167,GROWTH_SLOW,high,profile-derived-v1
125,digimon,takutoumon,タクトウモン,https://digimon.net/reference/detail.php?directory_name=takutoumon,究極体,神人型,ワクチン,7da40892c2c2419f9096c261c33a977cac0f66edea522bd1a90834b0cd64e23d,460,power:神:+3 ; hp:巨大:+2 ; attack:剣:+6 ; attack:斬:+6 ; attack:叩:+2 ; special_attack:光:+3 ; special_attack:データ:+4 ; type:TYPE_GRASS:葉:profile:+2 ; type:TYPE_STEEL:鉄:profile:+2 ; type:TYPE_STEEL:鉄:move:+4 ; type:TYPE_FAIRY:神人:official_type:+3 ; type:TYPE_FIGHTING:神人:official_type:+2 ; type_choice:TYPE_STEEL:6 ; growth:official_stage_plus_profile_power:slow,136,190,127,127,159,127,866,TYPE_STEEL,,resolved_profile_evidence,66,337,GROWTH_SLOW,high,profile-derived-v1
126,digimon,fenriloogamon_takemikazuchi,フェンリルガモン：建御雷神(タケミカヅチ),https://digimon.net/reference/detail.php?directory_name=fenriloogamon_takemikazuchi,究極体,魔獣型,ウィルス,d318e00a4d30aeca1dff0d7e6bc154fabe5e5f2f7993a7b84f86b85b4e7cb211,362,power:神:+9 ; attack:力:+4 ; attack:刀:+9 ; attack:斬:+3 ; special_attack:魔法:+15 ; special_attack:炎:+3 ; special_attack:雷:+9 ; type:TYPE_FIRE:炎:profile:+2 ; type:TYPE_ELECTRIC:雷:profile:+6 ; type:TYPE_ELECTRIC:雷:move:+8 ; type:TYPE_NORMAL:獣型:official_type:+4 ; type:TYPE_DARK:魔獣:official_type:+4 ; type:TYPE_NORMAL:魔獣:official_type:+2 ; type_choice:TYPE_ELECTRIC:14 ; growth:official_stage_plus_profile_power:slow,138,210,138,138,255,138,1017,TYPE_ELECTRIC,,resolved_profile_evidence,13,420,GROWTH_SLOW,high,profile-derived-v1
127,digimon,bigukkomon,ビッグウッコモン,https://digimon.net/reference/detail.php?directory_name=bigukkomon,究極体,古代妖精型,フリー,e9a3cf368d5b8b8b6b8d89d06b76353633506816c0d069c70aa73b5def4605c1,255,power:究極:+10 ; hp:生命:+2 ; attack:破壊:+8 ; attack:叩:+2 ; special_attack:データ:+2 ; type:TYPE_FIGHTING:闘士:profile:+2 ; type:TYPE_FAIRY:妖精:official_type:+5 ; type_choice:TYPE_FAIRY:5 ; growth:profile:slow,149,185,140,140,149,140,903,TYPE_FAIRY,,resolved_profile_evidence,47,362,GROWTH_SLOW,medium,profile-derived-v1
128,digimon,ukkomon,ウッコモン,https://digimon.net/reference/detail.php?directory_name=ukkomon,成長期,古代妖精型,フリー,f3a9f149aafbae3561dd683a6df48594f19d91e0d30c9fd8df5b528aecb8fc18,218,attack:破壊:+4 ; type:TYPE_FAIRY:妖精:official_type:+5 ; type_choice:TYPE_FAIRY:5 ; growth:profile:slow,58,76,58,58,58,58,366,TYPE_FAIRY,,resolved_profile_evidence,190,149,GROWTH_SLOW,low,profile-derived-v1
129,digimon,dijiangmon,ディージャンモン,https://digimon.net/reference/detail.php?directory_name=dijiangmon,究極体,突然変異型,ウィルス,facd6305590f0617ef6c99d3783ed7c2eff03090413d690fd79d1950be7ed4ff,376,attack:叩:+2 ; special_attack:衝撃波:+3 ; type:TYPE_FLYING:天空:profile:+2 ; type:TYPE_PSYCHIC:テレパシー:profile:+2 ; type:TYPE_DARK:邪悪:profile:+2 ; type:TYPE_NORMAL:突然変異:official_type:+3 ; type_candidate:TYPE_NORMAL:3 ; type_placeholder:TYPE_NORMAL:low_evidence ; growth:official_stage_plus_profile_power:slow,122,131,122,122,136,122,755,TYPE_NORMAL,,unresolved_low_type_evidence,103,276,GROWTH_SLOW,medium,profile-derived-v1
130,digimon,xingtianmon,シンテンモン,https://digimon.net/reference/detail.php?directory_name=xingtianmon,完全体,鬼人型,ウィルス,36d0852691537da090a956dfe2581cbe494b383668f103566dc9689e951f4774,279,hp:巨大:+2 ; attack:斧:+9 ; attack:斬:+3 ; defense:盾:+12 ; special_attack:衝撃波:+3 ; special_attack:炎:+9 ; special_attack:雷:+6 ; type:TYPE_FIRE:炎:profile:+4 ; type:TYPE_FIRE:炎:move:+4 ; type:TYPE_ELECTRIC:雷:profile:+2 ; type:TYPE_ELECTRIC:雷:move:+4 ; type_choice:TYPE_FIRE:8 ; type_choice:TYPE_ELECTRIC:6 ; growth:official_stage_plus_profile_power:medium_slow,109,154,154,100,181,100,798,TYPE_FIRE,TYPE_ELECTRIC,resolved_profile_evidence,86,308,GROWTH_MEDIUM_SLOW,high,profile-derived-v1
131,digimon,lianpumon,リェンフーモン,https://digimon.net/reference/detail.php?directory_name=lianpumon,成熟期,突然変異型,データ,b2cca804b9a3ae2e11a696509cd09bab9cd8eca72601edb6ee17d911e1551c53,433,attack:力:+4 ; attack:剣:+3 ; defense:防御:+5 ; defense:鉄壁:+12 ; speed:瞬時:+4 ; special_attack:データ:+2 ; type:TYPE_GRASS:葉:profile:+2 ; type:TYPE_ROCK:石:profile:+2 ; type:TYPE_ROCK:鉱石:profile:+2 ; type:TYPE_STEEL:鉄:profile:+2 ; type:TYPE_STEEL:鉄:move:+4 ; type:TYPE_NORMAL:突然変異:official_type:+3 ; type_choice:TYPE_STEEL:6 ; growth:official_stage_plus_profile_power:medium_fast,78,110,154,96,87,78,603,TYPE_STEEL,,resolved_profile_evidence,129,245,GROWTH_MEDIUM_FAST,high,profile-derived-v1
132,digimon,dominimon,ドミニモン,https://digimon.net/reference/detail.php?directory_name=dominimon,究極体,主天使型,ワクチン,4336f802455da2e2b4222d14bc361824dca5114dd5b6e6185d15383262517755,338,power:強大:+4 ; power:超高:+3 ; attack:力:+2 ; defense:盾:+4 ; special_attack:エネルギー:+3 ; special_attack:レーザー:+4 ; special_attack:光:+3 ; special_attack:闇:+3 ; special_attack:熱:+2 ; special_defense:聖:+2 ; type:TYPE_DARK:闇:profile:+2 ; type:TYPE_FAIRY:天使:profile:+6 ; type:TYPE_FAIRY:聖なる:profile:+2 ; type:TYPE_FAIRY:聖:profile:+2 ; type:TYPE_FAIRY:天使:official_type:+5 ; type:TYPE_FLYING:天使:official_type:+2 ; type_choice:TYPE_FAIRY:15 ; growth:official_stage_plus_profile_power:slow,135,144,153,135,202,144,913,TYPE_FAIRY,,resolved_profile_evidence,47,364,GROWTH_SLOW,high,profile-derived-v1
133,digimon,arkhaiangemon,アルケーエンジェモン,https://digimon.net/reference/detail.php?directory_name=arkhaiangemon,完全体,権天使型,ワクチン,1c642558ff43641de24220fb29a3ae6d3b661d3739f1d3486869c8cdd36be95a,398,defense:守り:+3 ; special_attack:炎:+9 ; special_defense:聖:+2 ; type:TYPE_FIRE:炎:profile:+6 ; type:TYPE_FIRE:フレイム:profile:+2 ; type:TYPE_FIRE:フレイム:move:+4 ; type:TYPE_FAIRY:天使:profile:+2 ; type:TYPE_FAIRY:聖なる:profile:+2 ; type:TYPE_FAIRY:聖:profile:+2 ; type:TYPE_FAIRY:天使:official_type:+5 ; type:TYPE_FLYING:天使:official_type:+2 ; type_choice:TYPE_FIRE:12 ; type_choice:TYPE_FAIRY:11 ; growth:official_stage_plus_profile_power:medium_slow,100,100,114,100,140,109,663,TYPE_FIRE,TYPE_FAIRY,resolved_profile_evidence,120,254,GROWTH_MEDIUM_SLOW,high,profile-derived-v1
134,digimon,luxmon,ルクスモン,https://digimon.net/reference/detail.php?directory_name=luxmon,成長期,天使型,ワクチン,17ce5e645ee698dc168f7615dc89a100837690ea37e18d38fb63a29450b2dadc,248,attack:力:+6 ; attack:拳:+3 ; defense:防御:+5 ; defense:盾:+4 ; defense:バリア:+8 ; special_attack:光:+3 ; special_defense:バリア:+8 ; type:TYPE_FIGHTING:拳:profile:+2 ; type:TYPE_FAIRY:天使:profile:+4 ; type:TYPE_FAIRY:天使:official_type:+5 ; type:TYPE_FLYING:天使:official_type:+2 ; type_choice:TYPE_FAIRY:9 ; growth:official_stage_plus_profile_power:medium_fast,58,98,134,58,72,94,514,TYPE_FAIRY,,resolved_profile_evidence,150,213,GROWTH_MEDIUM_FAST,high,profile-derived-v1
135,digimon,huanglongmon_ruin,ファンロンモン：ルインモード,https://digimon.net/reference/detail.php?directory_name=huanglongmon_ruin,究極体,神獣型,NO DATA,7f077c8fba6286e13230bc6ca84c9c96eb7e6a4d7e06bc1e6a0635d3c0936754,196,attack:力:+2 ; speed:走:+4 ; special_attack:エネルギー:+3 ; special_attack:炎:+3 ; special_attack:光:+6 ; special_attack:闇:+6 ; special_defense:聖:+2 ; type:TYPE_FIRE:炎:profile:+2 ; type:TYPE_DRAGON:竜:profile:+2 ; type:TYPE_DARK:闇:profile:+4 ; type:TYPE_FAIRY:聖:profile:+2 ; type:TYPE_NORMAL:獣型:official_type:+4 ; type_candidate:TYPE_DARK:4 ; type_placeholder:TYPE_NORMAL:low_evidence ; growth:profile:erratic,122,131,122,140,203,131,849,TYPE_NORMAL,,unresolved_low_type_evidence,72,331,GROWTH_ERRATIC,medium,profile-derived-v1
136,digimon,moonmon,ムンモン,https://digimon.net/reference/detail.php?directory_name=moonmon,幼年期Ⅱ,レッサー型,,42bfbbce1bded345b00ea6b29b4714f8846708fb81b13b7860374c305766e103,134,special_attack:光:+3 ; type_placeholder:TYPE_NORMAL:no_specialized_affinity_evidence ; growth:official_stage_plus_profile_power:medium_fast,38,38,38,38,52,38,242,TYPE_NORMAL,,unresolved_no_specialized_type_evidence,218,106,GROWTH_MEDIUM_FAST,low,profile-derived-v1
137,digimon,sunmon,サンモン,https://digimon.net/reference/detail.php?directory_name=sunmon,幼年期Ⅱ,レッサー型,,4cc7d07dfd137e13f8a5b26ac681a2b2f825c1a5021465e65cfa30cd8eb5b068,127,special_attack:火:+2 ; special_attack:光:+3 ; special_attack:熱:+2 ; type_placeholder:TYPE_NORMAL:no_specialized_affinity_evidence ; growth:official_stage_plus_profile_power:medium_fast,38,38,38,38,70,38,260,TYPE_NORMAL,,unresolved_no_specialized_type_evidence,211,119,GROWTH_MEDIUM_FAST,low,profile-derived-v1
138,digimon,brigadramon,ブリガードラモン,https://digimon.net/reference/detail.php?directory_name=brigadramon,究極体,サイボーグ型,ウィルス,c21b8f47bad2a7305007767639b0deb4b76f489983b1a696bde9ad7229114842,521,power:最強:+8 ; power:究極:+5 ; hp:巨大:+2 ; attack:爪:+3 ; attack:破壊:+4 ; speed:走:+4 ; type:TYPE_STEEL:サイボーグ:official_type:+5 ; type_choice:TYPE_STEEL:5 ; growth:profile:erratic,154,177,145,163,145,145,929,TYPE_STEEL,,resolved_profile_evidence,38,372,GROWTH_ERRATIC,medium,profile-derived-v1
139,digimon,hi-commandramon,ハイコマンドラモン,https://digimon.net/reference/detail.php?directory_name=hi-commandramon,成熟期,サイボーグ型,ウィルス,728d96992a520cdc652be2a3c14fe934acba0ef3a59bad4cf521dafb0ab29147,318,hp:巨大:+2 ; defense:盾:+12 ; speed:瞬時:+4 ; type:TYPE_STEEL:機械:profile:+2 ; type:TYPE_STEEL:機械化:profile:+2 ; type:TYPE_STEEL:サイボーグ:official_type:+5 ; type_choice:TYPE_STEEL:9 ; growth:official_stage_plus_profile_power:medium_fast,87,78,132,96,78,78,549,TYPE_STEEL,,resolved_profile_evidence,143,221,GROWTH_MEDIUM_FAST,medium,profile-derived-v1
140,digimon,fenriloogamon,フェンリルガモン,https://digimon.net/reference/detail.php?directory_name=fenriloogamon,究極体,魔獣型,ウィルス,cb303a7fa3755f52125769cecd962e179400a9ed4b4948c3637c5248dc0e8846,395,power:究極:+5 ; power:神:+3 ; attack:力:+4 ; defense:鎧:+4 ; speed:瞬時:+4 ; special_attack:レーザー:+4 ; special_attack:魔力:+5 ; special_attack:炎:+9 ; special_attack:データ:+2 ; special_attack:爆発:+3 ; special_defense:魔力:+2 ; type:TYPE_FIRE:炎:profile:+6 ; type:TYPE_NORMAL:獣型:official_type:+4 ; type:TYPE_DARK:魔獣:official_type:+4 ; type:TYPE_NORMAL:魔獣:official_type:+2 ; type_choice:TYPE_FIRE:6 ; type_choice:TYPE_NORMAL:6 ; growth:official_stage_plus_profile_power:slow,136,154,154,154,240,145,983,TYPE_FIRE,TYPE_NORMAL,resolved_profile_evidence,24,402,GROWTH_SLOW,high,profile-derived-v1
141,digimon,helloogarmon,ヘルガルモン,https://digimon.net/reference/detail.php?directory_name=helloogarmon,完全体,魔獣型,ウィルス,56fe60a606184c7610386a9d2f7a12fd45231c62ae8eac0b4dc1f178ca51e5b8,331,power:超高:+6 ; power:神:+3 ; attack:力:+6 ; attack:爪:+3 ; special_attack:魔力:+15 ; special_attack:炎:+9 ; special_attack:データ:+2 ; special_defense:魔力:+6 ; type:TYPE_FIRE:炎:profile:+6 ; type:TYPE_NORMAL:獣型:official_type:+4 ; type:TYPE_DARK:魔獣:official_type:+4 ; type:TYPE_NORMAL:魔獣:official_type:+2 ; type_choice:TYPE_FIRE:6 ; type_choice:TYPE_NORMAL:6 ; growth:official_stage_plus_profile_power:medium_slow,116,157,116,116,233,143,881,TYPE_FIRE,TYPE_NORMAL,resolved_profile_evidence,43,375,GROWTH_MEDIUM_SLOW,high,profile-derived-v1
142,digimon,soloogarmon,ソルガルモン,https://digimon.net/reference/detail.php?directory_name=soloogarmon,完全体,魔獣型,ウィルス,1b349efe8e09147da5934b38a9920ba5640feeb29c4423f638b51b266f8e0abf,439,power:超高:+6 ; power:神:+3 ; attack:力:+6 ; attack:斬:+3 ; defense:鎧:+4 ; speed:高速:+5 ; speed:走:+2 ; special_attack:ビーム:+4 ; special_attack:レーザー:+12 ; special_attack:魔力:+10 ; special_attack:魔法:+5 ; special_attack:炎:+9 ; special_attack:火:+2 ; special_attack:データ:+2 ; special_defense:魔力:+4 ; type:TYPE_FIRE:炎:profile:+6 ; type:TYPE_FIRE:火炎:profile:+2 ; type:TYPE_NORMAL:獣型:official_type:+4 ; type:TYPE_DARK:魔獣:official_type:+4 ; type:TYPE_NORMAL:魔獣:official_type:+2 ; type_choice:TYPE_FIRE:8 ; type_choice:TYPE_NORMAL:6 ; growth:official_stage_plus_profile_power:medium_slow,116,157,134,148,255,134,944,TYPE_FIRE,TYPE_NORMAL,resolved_profile_evidence,27,401,GROWTH_MEDIUM_SLOW,high,profile-derived-v1
143,digimon,cargodramon,カーゴドラモン,https://digimon.net/reference/detail.php?directory_name=cargodramon,完全体,マシーン型,ウィルス,dfee46930408f99c0c4f693b59177748fe5d22aacc3b7c23bd6e4c171c956bd4,402,attack:斬:+3 ; speed:高速:+5 ; speed:機動:+4 ; speed:飛行:+2 ; special_attack:データ:+2 ; type:TYPE_FLYING:飛行:profile:+2 ; type:TYPE_FLYING:翼:profile:+4 ; type:TYPE_STEEL:機械:profile:+2 ; type:TYPE_STEEL:機械化:profile:+2 ; type:TYPE_STEEL:マシーン:official_type:+5 ; type_choice:TYPE_STEEL:9 ; type_choice:TYPE_FLYING:6 ; growth:official_stage_plus_profile_power:medium_slow,100,114,100,150,109,100,673,TYPE_STEEL,TYPE_FLYING,resolved_profile_evidence,116,261,GROWTH_MEDIUM_SLOW,high,profile-derived-v1
144,digimon,loogarmon,ルガルモン,https://digimon.net/reference/detail.php?directory_name=loogarmon,成熟期,魔獣型,ウィルス,b27a1194e732b34cc1696957765f614b1d70d00ec28546908df9d495e75050f8,252,attack:力:+6 ; special_attack:ビーム:+4 ; special_attack:魔力:+15 ; special_attack:炎:+9 ; special_defense:魔力:+6 ; type:TYPE_FIRE:炎:profile:+6 ; type:TYPE_FIRE:フレイム:profile:+2 ; type:TYPE_FIRE:フレイム:move:+4 ; type:TYPE_NORMAL:獣型:official_type:+4 ; type:TYPE_DARK:魔獣:official_type:+4 ; type:TYPE_NORMAL:魔獣:official_type:+2 ; type_choice:TYPE_FIRE:12 ; growth:official_stage_plus_profile_power:medium_fast,78,105,78,78,204,105,648,TYPE_FIRE,,resolved_profile_evidence,110,279,GROWTH_MEDIUM_FAST,high,profile-derived-v1
145,digimon,bowmon,バウモン,https://digimon.net/reference/detail.php?directory_name=bowmon,幼年期Ⅱ,レッサー型,,c3224dd64a15dcb3283c9802ae52424efc0496719e550b3f294ce3663175ee74,188,speed:走:+2 ; special_attack:火:+2 ; type:TYPE_GRASS:花:profile:+2 ; type_candidate:TYPE_GRASS:2 ; type_placeholder:TYPE_NORMAL:low_evidence ; growth:official_stage_plus_profile_power:medium_fast,38,38,38,47,47,38,246,TYPE_NORMAL,,unresolved_low_type_evidence,218,105,GROWTH_MEDIUM_FAST,low,profile-derived-v1
146,digimon,fusamon,フサモン,https://digimon.net/reference/detail.php?directory_name=fusamon,幼年期Ⅰ,スライム型,,33ddcb479410eab6d083de848a526350bc4d9b76b8ff5280b17cc4443708f10f,110,stats:balanced:no_specialization_signal_in_official_text ; type_placeholder:TYPE_NORMAL:no_specialized_affinity_evidence ; growth:official_stage_plus_profile_power:medium_fast,28,28,28,28,28,28,168,TYPE_NORMAL,,unresolved_no_specialized_type_evidence,237,76,GROWTH_MEDIUM_FAST,low,profile-derived-v1
147,digimon,quantumon,クオンタモン,https://digimon.net/reference/detail.php?directory_name=quantumon,究極体,妖精型,データ,e92076a87152be831ab417cec5c5980f3e8fa7a668c8751947406fdd3cfb61cc,325,power:究極:+5 ; hp:巨大:+2 ; special_attack:データ:+2 ; type:TYPE_WATER:海:profile:+4 ; type:TYPE_FLYING:空中:profile:+2 ; type:TYPE_FAIRY:妖精:official_type:+5 ; type_choice:TYPE_FAIRY:5 ; growth:official_stage_plus_profile_power:slow,140,131,131,131,140,131,804,TYPE_FAIRY,,resolved_profile_evidence,84,303,GROWTH_SLOW,medium,profile-derived-v1
148,digimon,loogamon,ルガモン,https://digimon.net/reference/detail.php?directory_name=loogamon,成長期,魔獣型,ウィルス,fbc59d39305dca282ebe4ba61a4f7c2281d5c6b54f5430eb9930e0bb58a73f96,312,power:神:+3 ; attack:力:+2 ; attack:牙:+3 ; special_attack:魔力:+5 ; special_attack:炎:+3 ; special_attack:火:+2 ; special_attack:データ:+2 ; special_defense:魔力:+2 ; type:TYPE_FIRE:炎:profile:+2 ; type:TYPE_FIRE:火炎:profile:+2 ; type:TYPE_NORMAL:獣型:official_type:+4 ; type:TYPE_DARK:魔獣:official_type:+4 ; type:TYPE_NORMAL:魔獣:official_type:+2 ; type_choice:TYPE_NORMAL:6 ; growth:official_stage_plus_profile_power:medium_fast,63,86,63,63,117,72,464,TYPE_NORMAL,,resolved_profile_evidence,157,200,GROWTH_MEDIUM_FAST,high,profile-derived-v1
149,digimon,proximamon,プロキシマモン,https://digimon.net/reference/detail.php?directory_name=proximamon,究極体,特異型,ウィルス,ca6e0f8276872691363f28209bc4b8560824f5791699d31c2189864d633c01bb,434,power:強大:+4 ; hp:巨大:+2 ; attack:力:+6 ; attack:斧:+3 ; attack:破壊:+4 ; defense:防ぐ:+3 ; speed:高速:+5 ; special_attack:エネルギー:+9 ; special_attack:光:+3 ; special_defense:聖:+6 ; type:TYPE_DARK:邪悪:profile:+4 ; type:TYPE_FAIRY:聖なる:profile:+6 ; type:TYPE_FAIRY:聖:profile:+6 ; type_choice:TYPE_FAIRY:12 ; growth:official_stage_plus_profile_power:slow,138,188,143,152,183,156,960,TYPE_FAIRY,,resolved_profile_evidence,46,363,GROWTH_SLOW,high,profile-derived-v1
150,digimon,arcturusmon,アルクトゥルスモン,https://digimon.net/reference/detail.php?directory_name=arcturusmon,究極体,竜人型,ウィルス,607b090d38e89360f8bbd6b50f010314aa0d78dcd0457b73fd9658cf3661ea55,457,speed:高速:+5 ; special_attack:エネルギー:+6 ; type:TYPE_DARK:邪悪:profile:+2 ; type:TYPE_DARK:ダーク:profile:+2 ; type:TYPE_DRAGON:竜:official_type:+5 ; type_choice:TYPE_DRAGON:5 ; growth:official_stage_plus_profile_power:slow,122,122,122,144,149,122,781,TYPE_DRAGON,,resolved_profile_evidence,96,289,GROWTH_SLOW,medium,profile-derived-v1
151,digimon,greyknightsmon,グレイナイツモン,https://digimon.net/reference/detail.php?directory_name=greyknightsmon,"究極体
(クロスウォーズ)",暗黒騎士型,ウィルス,9527fb2ca12ce3f479b14fed8fd2f17cb75a92cf2a71ecfb1d1740ffe2a21883,186,hp:巨大:+2 ; attack:力:+2 ; attack:突進:+3 ; defense:防御:+5 ; special_attack:炎:+3 ; type:TYPE_FIRE:炎:profile:+2 ; type:TYPE_DRAGON:竜:profile:+2 ; type:TYPE_DRAGON:龍:profile:+2 ; type:TYPE_DARK:暗黒:profile:+2 ; type:TYPE_DARK:ダーク:profile:+2 ; type_candidate:TYPE_DARK:4 ; type_placeholder:TYPE_NORMAL:low_evidence ; growth:official_stage_plus_profile_power:slow,131,144,144,122,136,122,799,TYPE_NORMAL,,unresolved_low_type_evidence,93,291,GROWTH_SLOW,medium,profile-derived-v1
152,digimon,zanmetsumon,ザンメツモン,https://digimon.net/reference/detail.php?directory_name=zanmetsumon,完全体,獣竜型,ウィルス,f9cf7ab7982de2402a862596067e8bb60fe0a393bef4e5ad296f6a3782efb60f,275,hp:巨大:+2 ; attack:剣:+6 ; attack:刀:+9 ; attack:斬:+9 ; special_defense:霊:+6 ; type:TYPE_GHOST:霊:profile:+2 ; type:TYPE_GHOST:霊:move:+4 ; type:TYPE_DRAGON:竜:official_type:+5 ; type_choice:TYPE_GHOST:6 ; type_choice:TYPE_DRAGON:5 ; growth:official_stage_plus_profile_power:medium_slow,109,208,100,100,100,127,744,TYPE_GHOST,TYPE_DRAGON,resolved_profile_evidence,91,306,GROWTH_MEDIUM_SLOW,medium,profile-derived-v1
153,digimon,bombermon,ボマーモン,https://digimon.net/reference/detail.php?directory_name=bombermon,完全体,突然変異型,ウィルス,3c265a68ec759a2f7e688ca96f08ebf694180a834655a354d8836e2d50a9c806,343,attack:力:+6 ; special_attack:爆発:+9 ; type:TYPE_NORMAL:突然変異:official_type:+3 ; type_candidate:TYPE_NORMAL:3 ; type_placeholder:TYPE_NORMAL:low_evidence ; growth:official_stage_plus_profile_power:medium_slow,100,127,100,100,140,100,667,TYPE_NORMAL,,unresolved_low_type_evidence,119,255,GROWTH_MEDIUM_SLOW,low,profile-derived-v1
154,digimon,ghilliedhumon,ギリードゥモン,https://digimon.net/reference/detail.php?directory_name=ghilliedhumon,完全体,妖精型,データ,66d825dacb9b2667e1520aceed8eaff54aed740e6833de955df41aedeaf52554,311,speed:素早:+5 ; type:TYPE_GRASS:森:profile:+4 ; type:TYPE_FAIRY:妖精:official_type:+5 ; type_choice:TYPE_FAIRY:5 ; growth:official_stage_plus_profile_power:medium_slow,100,100,100,122,100,100,622,TYPE_FAIRY,,resolved_profile_evidence,131,236,GROWTH_MEDIUM_SLOW,low,profile-derived-v1
155,digimon,fumamon,フウマモン,https://digimon.net/reference/detail.php?directory_name=fumamon,完全体,サイボーグ型,データ,18943597f81b2fd4065ace1f118779844ef86c95579013dd6ae991299a1c028c,356,attack:力:+2 ; attack:剣:+6 ; attack:刀:+3 ; attack:斬:+3 ; type:TYPE_GHOST:アンデッド:profile:+2 ; type:TYPE_STEEL:サイボーグ:official_type:+5 ; type_choice:TYPE_STEEL:5 ; growth:official_stage_plus_profile_power:medium_slow,100,163,100,100,100,100,663,TYPE_STEEL,,resolved_profile_evidence,115,265,GROWTH_MEDIUM_SLOW,medium,profile-derived-v1
156,digimon,cthyllamon,クティーラモン,https://digimon.net/reference/detail.php?directory_name=cthyllamon,究極体,妖精型,ウィルス,c9d07938798fccbbfc85145cd20ee77a1c8806a263b0f72771f7f02c8e231f19,361,attack:力:+2 ; attack:破壊:+4 ; special_attack:闇:+3 ; special_defense:霊:+3 ; type:TYPE_WATER:海:profile:+6 ; type:TYPE_WATER:深海:profile:+2 ; type:TYPE_WATER:水棲:profile:+2 ; type:TYPE_WATER:アクア:profile:+2 ; type:TYPE_WATER:アクア:move:+4 ; type:TYPE_GHOST:霊:profile:+2 ; type:TYPE_GHOST:死霊:profile:+2 ; type:TYPE_DARK:闇:profile:+2 ; type:TYPE_FAIRY:妖精:official_type:+5 ; type_choice:TYPE_WATER:16 ; growth:official_stage_plus_profile_power:slow,122,149,122,122,136,136,787,TYPE_WATER,,resolved_profile_evidence,94,290,GROWTH_SLOW,high,profile-derived-v1
157,digimon,regulusmon,レグルスモン,https://digimon.net/reference/detail.php?directory_name=regulusmon,完全体,邪竜型,ウィルス,ee711a99cde565cdf9c331a1260c2983b5f7d67b0330ea26f7bba66470049c24,352,attack:パワー:+4 ; defense:盾:+8 ; special_attack:レーザー:+4 ; special_attack:炎:+3 ; special_attack:光:+3 ; type:TYPE_FIRE:炎:profile:+2 ; type:TYPE_DRAGON:竜:profile:+4 ; type:TYPE_DARK:暗黒:profile:+2 ; type:TYPE_DRAGON:竜:official_type:+5 ; type_choice:TYPE_DRAGON:9 ; growth:official_stage_plus_profile_power:medium_slow,100,118,136,100,145,100,699,TYPE_DRAGON,,resolved_profile_evidence,112,266,GROWTH_MEDIUM_SLOW,medium,profile-derived-v1
158,digimon,ragnamon,ラグナモン,https://digimon.net/reference/detail.php?directory_name=ragnamon,究極体,不明,不明,5bc4b073cd63a40f1f41c2be21ab85f3d935e33c1dc0ea66206a3af3b9918cb3,293,power:究極:+5 ; hp:巨大:+2 ; attack:力:+6 ; attack:切断:+4 ; special_attack:レーザー:+4 ; special_attack:データ:+2 ; type_placeholder:TYPE_NORMAL:no_specialized_affinity_evidence ; growth:official_stage_plus_profile_power:slow,140,176,131,131,158,131,867,TYPE_NORMAL,,unresolved_no_specialized_type_evidence,65,336,GROWTH_SLOW,medium,profile-derived-v1
159,digimon,destromon,デストロモン,https://digimon.net/reference/detail.php?directory_name=destromon,完全体,不明,不明,aad58b227fd40d4152d2df88b6daa718b302c029d8026810a247856805e31f0f,165,power:最強:+8 ; power:圧倒:+5 ; attack:力:+4 ; attack:破壊:+4 ; special_attack:火:+2 ; special_attack:データ:+2 ; type_placeholder:TYPE_NORMAL:no_specialized_affinity_evidence ; growth:official_stage_plus_profile_power:slow,123,159,123,123,141,123,792,TYPE_NORMAL,,unresolved_no_specialized_type_evidence,68,329,GROWTH_SLOW,medium,profile-derived-v1
160,digimon,snatchmon,スナッチモン,https://digimon.net/reference/detail.php?directory_name=snatchmon,成熟期,不明,不明,196195df1301a1f86003e5dee59c41ae9ea1d147a14c28af67aa09871f6d81d3,186,power:最強:+8 ; special_attack:レーザー:+8 ; type_placeholder:TYPE_NORMAL:no_specialized_affinity_evidence ; growth:official_stage_plus_profile_power:medium_fast,92,92,92,92,128,92,588,TYPE_NORMAL,,unresolved_no_specialized_type_evidence,122,250,GROWTH_MEDIUM_FAST,low,profile-derived-v1
161,digimon,bemmon,ベムモン,https://digimon.net/reference/detail.php?directory_name=bemmon,成長期,不明,不明,97af220343cf0a425266a20c701cd5a90606ff83eb83871ef5f1166150b53ae7,97,attack:爪:+3 ; type_placeholder:TYPE_NORMAL:no_specialized_affinity_evidence ; growth:official_stage_plus_profile_power:medium_fast,58,72,58,58,58,58,362,TYPE_NORMAL,,unresolved_no_specialized_type_evidence,191,146,GROWTH_MEDIUM_FAST,low,profile-derived-v1
162,digimon,baalmon_x,バアルモン（X抗体）,https://digimon.net/reference/detail.php?directory_name=baalmon_x,完全体,魔人型,フリー,79ac7b544432ad3e49c17b5b5b6acac6edc4bdd4cead7fa7ac70e7f4075a1442,574,power:神:+6 ; power:王:+4 ; attack:力:+2 ; defense:防ぐ:+3 ; special_attack:雷:+3 ; special_defense:吸収:+4 ; type:TYPE_ELECTRIC:雷:profile:+2 ; type:TYPE_GHOST:魂:profile:+4 ; type:TYPE_DARK:魔王:profile:+2 ; type_candidate:TYPE_GHOST:4 ; type_placeholder:TYPE_NORMAL:low_evidence ; growth:official_stage_plus_profile_power:medium_slow,118,127,132,118,132,136,763,TYPE_NORMAL,,unresolved_low_type_evidence,84,303,GROWTH_MEDIUM_SLOW,medium,profile-derived-v1
163,digimon,amphimon,アンフィモン,https://digimon.net/reference/detail.php?directory_name=amphimon,究極体,サイボーグ型,データ,3d9735695852cf665b8f1a316592f93129b51c0eaa1d15b3bda7c521987f5f3d,358,power:超高:+6 ; power:神:+6 ; attack:拳:+3 ; attack:キック:+3 ; attack:叩:+2 ; special_attack:電撃:+4 ; special_attack:電磁:+4 ; type:TYPE_WATER:海:profile:+6 ; type:TYPE_WATER:深海:profile:+4 ; type:TYPE_WATER:アクア:profile:+2 ; type:TYPE_WATER:アクア:move:+4 ; type:TYPE_ELECTRIC:電撃:profile:+2 ; type:TYPE_ELECTRIC:電磁:profile:+2 ; type:TYPE_ICE:凍:profile:+4 ; type:TYPE_FIGHTING:拳:profile:+2 ; type:TYPE_FIGHTING:キック:profile:+2 ; type:TYPE_ROCK:クリスタル:profile:+2 ; type:TYPE_ROCK:クリスタル:move:+4 ; type:TYPE_STEEL:サイボーグ:profile:+2 ; type:TYPE_FAIRY:天使:profile:+2 ; type:TYPE_STEEL:サイボーグ:official_type:+5 ; type_choice:TYPE_WATER:16 ; growth:official_stage_plus_profile_power:slow,144,180,144,144,180,144,936,TYPE_WATER,,resolved_profile_evidence,38,373,GROWTH_SLOW,high,profile-derived-v1
164,digimon,diarbbitmon,ディルビットモン,https://digimon.net/reference/detail.php?directory_name=diarbbitmon,究極体,獣騎士型,ワクチン,9988abe04b0be9deacf7586b75aeaa5f8d8dd77ccf50af58272762741ac284af,288,attack:剣:+3 ; attack:刀:+3 ; attack:槍:+3 ; attack:斬:+9 ; speed:高速:+5 ; speed:素早:+5 ; special_defense:守護:+4 ; type:TYPE_GROUND:大地:profile:+6 ; type_choice:TYPE_GROUND:6 ; growth:official_stage_plus_profile_power:slow,122,203,122,167,122,140,876,TYPE_GROUND,,resolved_profile_evidence,67,338,GROWTH_SLOW,medium,profile-derived-v1
165,digimon,siriusmon,シリウスモン,https://digimon.net/reference/detail.php?directory_name=siriusmon,究極体,光竜型,ワクチン,2282a03c503d356cae23de02a34c0c643d4e81f13240eb392b757473f3fbbcce,364,power:究極:+5 ; hp:生命:+2 ; attack:拳:+3 ; attack:剣:+3 ; attack:刀:+6 ; attack:斬:+6 ; attack:破壊:+4 ; special_attack:エネルギー:+3 ; special_attack:光:+9 ; type:TYPE_FIGHTING:拳:profile:+2 ; type:TYPE_DRAGON:竜:profile:+2 ; type:TYPE_DRAGON:竜:official_type:+5 ; type_choice:TYPE_DRAGON:7 ; growth:official_stage_plus_profile_power:slow,140,230,131,131,185,131,948,TYPE_DRAGON,,resolved_profile_evidence,38,381,GROWTH_SLOW,high,profile-derived-v1
166,digimon,shinegreymon_ruin,シャイングレイモン： ルインモード,https://digimon.net/reference/detail.php?directory_name=shinegreymon_ruin,究極体,光竜型,ワクチン,1fc21290d8dcd8020a2fe7dc5db6bccf4441adb48f04ad290d0e070869cae547,175,attack:力:+6 ; special_attack:エネルギー:+9 ; type:TYPE_DARK:暗黒:profile:+6 ; type:TYPE_DRAGON:竜:official_type:+5 ; type_choice:TYPE_DARK:6 ; type_choice:TYPE_DRAGON:5 ; growth:official_stage_plus_profile_power:slow,122,149,122,122,162,122,799,TYPE_DARK,TYPE_DRAGON,resolved_profile_evidence,89,299,GROWTH_SLOW,medium,profile-derived-v1
167,digimon,chamblemon,シャンブルモン,https://digimon.net/reference/detail.php?directory_name=chamblemon,成熟期,植物型,ウィルス,37d530b882d93cac5a1fb3cb09194a8f403cf51b091443e47b0a90968ccac289,205,attack:力:+2 ; special_attack:毒:+3 ; special_attack:データ:+2 ; type:TYPE_GRASS:植物:profile:+2 ; type:TYPE_POISON:毒:profile:+2 ; type:TYPE_GRASS:植物:official_type:+5 ; type_choice:TYPE_GRASS:7 ; growth:official_stage_plus_profile_power:medium_fast,78,87,78,78,100,78,499,TYPE_GRASS,,resolved_profile_evidence,159,194,GROWTH_MEDIUM_FAST,medium,profile-derived-v1
168,digimon,publimon,パブリモン,https://digimon.net/reference/detail.php?directory_name=publimon,成熟期,突然変異型,データ,0b9589bc245f47e1dd3ee895a0a1683da0ca49d71264a052295a7c5ab4c85286,249,hp:巨大:+2 ; attack:力:+2 ; speed:飛行:+2 ; special_attack:データ:+2 ; type:TYPE_FLYING:飛行:profile:+2 ; type:TYPE_FAIRY:天使:profile:+4 ; type:TYPE_NORMAL:突然変異:official_type:+3 ; type_candidate:TYPE_FAIRY:4 ; type_placeholder:TYPE_NORMAL:low_evidence ; growth:official_stage_plus_profile_power:medium_fast,87,87,78,87,87,78,504,TYPE_NORMAL,,unresolved_low_type_evidence,161,189,GROWTH_MEDIUM_FAST,medium,profile-derived-v1
169,digimon,oleamon,オウリアモン,https://digimon.net/reference/detail.php?directory_name=oleamon,完全体,食虫植物型,ウィルス,2347d21bc157a791c1a7aba2edd422a9aa402698274e218188d4e7d70403f58e,233,special_attack:毒:+3 ; type:TYPE_GRASS:植物:profile:+4 ; type:TYPE_GRASS:森:profile:+2 ; type:TYPE_GRASS:花:profile:+4 ; type:TYPE_GRASS:葉:profile:+2 ; type:TYPE_POISON:毒:profile:+2 ; type:TYPE_BUG:昆虫:profile:+4 ; type:TYPE_GRASS:植物:official_type:+5 ; type_choice:TYPE_GRASS:17 ; growth:official_stage_plus_profile_power:medium_slow,100,100,100,100,114,100,614,TYPE_GRASS,,resolved_profile_evidence,135,230,GROWTH_MEDIUM_SLOW,medium,profile-derived-v1
170,digimon,huankunmon,ファンクンモン,https://digimon.net/reference/detail.php?directory_name=huankunmon,完全体,水棲型,ワクチン,5dc9298b737760fcb4a7cd99f224bbdd2b85dc6295bc8939ca4f25c88c581a69,370,hp:巨大:+2 ; attack:叩:+2 ; special_attack:氷:+3 ; special_attack:光:+3 ; type:TYPE_WATER:水棲:profile:+2 ; type:TYPE_ICE:氷:profile:+2 ; type:TYPE_FLYING:空中:profile:+2 ; type:TYPE_WATER:水棲:official_type:+5 ; type_choice:TYPE_WATER:7 ; growth:official_stage_plus_profile_power:medium_slow,109,109,100,100,127,100,645,TYPE_WATER,,resolved_profile_evidence,126,244,GROWTH_MEDIUM_SLOW,medium,profile-derived-v1
171,digimon,xiangpengmon,シャンポンモン,https://digimon.net/reference/detail.php?directory_name=xiangpengmon,究極体,聖鳥型,ワクチン,97ed496778217946585209f153fac32690d76d36b1014595dd2641377fd26ece,432,power:神:+3 ; hp:巨体:+3 ; hp:巨大:+4 ; attack:牙:+6 ; attack:槍:+3 ; special_attack:エネルギー:+3 ; special_attack:雷:+9 ; special_attack:データ:+2 ; special_defense:聖:+2 ; type:TYPE_WATER:海:profile:+6 ; type:TYPE_WATER:海:move:+4 ; type:TYPE_WATER:水棲:profile:+4 ; type:TYPE_ELECTRIC:雷:profile:+6 ; type:TYPE_ELECTRIC:雷:move:+4 ; type:TYPE_GROUND:大地:profile:+4 ; type:TYPE_FLYING:翼:profile:+2 ; type:TYPE_FLYING:鳥:profile:+2 ; type:TYPE_FLYING:羽:profile:+2 ; type:TYPE_FAIRY:聖:profile:+2 ; type:TYPE_FLYING:鳥:official_type:+5 ; type:TYPE_FAIRY:聖:official_type:+3 ; type_choice:TYPE_WATER:14 ; type_choice:TYPE_FLYING:11 ; growth:official_stage_plus_profile_power:slow,159,168,127,127,190,136,907,TYPE_WATER,TYPE_FLYING,resolved_profile_evidence,58,347,GROWTH_SLOW,high,profile-derived-v1
172,digimon,xiquemon,シーチューモン,https://digimon.net/reference/detail.php?directory_name=xiquemon,成熟期,鳥型,ワクチン,6a9610ff39ace529d2a1d050f8b91164686b03bc84021fb821da159a158f2ed3,464,attack:力:+2 ; attack:爪:+9 ; speed:高速:+5 ; speed:飛行:+2 ; special_attack:氷:+6 ; special_attack:データ:+2 ; type:TYPE_WATER:水中:profile:+4 ; type:TYPE_ICE:氷:profile:+4 ; type:TYPE_ICE:凍:profile:+4 ; type:TYPE_ICE:凍:move:+4 ; type:TYPE_FLYING:飛行:profile:+2 ; type:TYPE_FLYING:鳥:profile:+4 ; type:TYPE_FLYING:鳥:official_type:+5 ; type_choice:TYPE_ICE:12 ; type_choice:TYPE_FLYING:11 ; growth:official_stage_plus_profile_power:medium_fast,78,128,78,110,114,78,586,TYPE_ICE,TYPE_FLYING,resolved_profile_evidence,137,229,GROWTH_MEDIUM_FAST,high,profile-derived-v1
173,digimon,imperialdramonfightermode_vi,インペリアルドラモン：ファイターモード（黒）,https://digimon.net/reference/detail.php?directory_name=imperialdramonfightermode_vi,究極体,古代竜人型,ウィルス,42537307c3f42742d26f1e8df583cf366a91f073ab98938270c821e78d798e7b,261,attack:パワー:+4 ; attack:力:+2 ; attack:破壊:+8 ; speed:走:+2 ; special_attack:エネルギー:+6 ; special_attack:レーザー:+12 ; special_attack:闇:+3 ; special_attack:熱:+2 ; type:TYPE_FIGHTING:戦士:profile:+2 ; type:TYPE_DRAGON:竜:profile:+4 ; type:TYPE_DRAGON:ドラゴン:profile:+2 ; type:TYPE_DARK:闇:profile:+2 ; type:TYPE_DRAGON:竜:official_type:+5 ; type_choice:TYPE_DRAGON:11 ; growth:profile:erratic,122,185,122,131,226,122,908,TYPE_DRAGON,,resolved_profile_evidence,56,356,GROWTH_ERRATIC,high,profile-derived-v1
174,digimon,greymon_blue_x,グレイモン（青）（X抗体）,https://digimon.net/reference/detail.php?directory_name=greymon_blue_x,成熟期,恐竜型,ウィルス,ce29d913fcb6dbde0863be94e9fa29446d0269dbd992472baebd542e7a2793e9,275,power:超高:+3 ; attack:力:+2 ; special_attack:炎:+3 ; special_attack:火:+2 ; special_attack:熱:+2 ; special_attack:爆発:+3 ; type:TYPE_FIRE:炎:profile:+2 ; type:TYPE_FIRE:火炎:profile:+2 ; type:TYPE_FIRE:フレイム:profile:+4 ; type:TYPE_DRAGON:竜:profile:+2 ; type:TYPE_DRAGON:恐竜:profile:+2 ; type:TYPE_DRAGON:竜:official_type:+5 ; type:TYPE_DRAGON:恐竜:official_type:+3 ; type_choice:TYPE_DRAGON:12 ; type_choice:TYPE_FIRE:8 ; growth:official_stage_plus_profile_power:medium_fast,83,92,83,83,128,83,552,TYPE_DRAGON,TYPE_FIRE,resolved_profile_evidence,138,228,GROWTH_MEDIUM_FAST,high,profile-derived-v1
175,digimon,oboromon,オボロモン,https://digimon.net/reference/detail.php?directory_name=oboromon,完全体,アンデッド型,ウィルス,688abba7b99157231046c496c63bef73d3a23e9b7a3e8c7505e0ccb8e8a0d863,370,attack:刀:+9 ; attack:斬:+3 ; special_attack:念:+4 ; special_attack:炎:+3 ; special_attack:火:+2 ; special_attack:データ:+2 ; special_defense:霊:+3 ; type:TYPE_FIRE:炎:profile:+2 ; type:TYPE_FIGHTING:戦士:profile:+2 ; type:TYPE_PSYCHIC:念:profile:+2 ; type:TYPE_GHOST:幽霊:profile:+2 ; type:TYPE_GHOST:霊:profile:+2 ; type:TYPE_GHOST:アンデッド:profile:+2 ; type:TYPE_GHOST:アンデッド:official_type:+5 ; type:TYPE_DARK:アンデッド:official_type:+3 ; type_choice:TYPE_GHOST:11 ; growth:official_stage_plus_profile_power:medium_slow,100,154,100,100,150,114,718,TYPE_GHOST,,resolved_profile_evidence,107,275,GROWTH_MEDIUM_SLOW,high,profile-derived-v1
176,digimon,gyukimon,ギュウキモン,https://digimon.net/reference/detail.php?directory_name=gyukimon,完全体,魔獣型,ウィルス,d5d354c74a64c36a20cbf19dd5301f6a19dec65956d56496c3bda09864c055ee,357,hp:巨体:+3 ; special_attack:毒:+6 ; type:TYPE_POISON:毒:profile:+4 ; type:TYPE_POISON:猛毒:profile:+2 ; type:TYPE_GROUND:土:profile:+2 ; type:TYPE_GROUND:土:move:+4 ; type:TYPE_NORMAL:獣型:official_type:+4 ; type:TYPE_DARK:魔獣:official_type:+4 ; type:TYPE_NORMAL:魔獣:official_type:+2 ; type_choice:TYPE_GROUND:6 ; type_choice:TYPE_NORMAL:6 ; growth:official_stage_plus_profile_power:medium_slow,114,100,100,100,127,100,641,TYPE_GROUND,TYPE_NORMAL,resolved_profile_evidence,127,243,GROWTH_MEDIUM_SLOW,medium,profile-derived-v1
177,digimon,shinmonzaemon,しんもんざえモン,https://digimon.net/reference/detail.php?directory_name=shinmonzaemon,究極体,パペット型,ワクチン,df44e0df1fad43c1db116ae8b359f604cce13d93ac61d643d6e40e0b36278a41,437,power:強力:+3 ; attack:力:+2 ; attack:叩:+2 ; special_attack:エネルギー:+3 ; special_attack:レーザー:+4 ; special_attack:データ:+4 ; type:TYPE_FLYING:翼:profile:+2 ; type:TYPE_NORMAL:パペット:official_type:+2 ; type:TYPE_GHOST:パペット:official_type:+2 ; type_candidate:TYPE_FLYING:2 ; type_placeholder:TYPE_NORMAL:low_evidence ; growth:profile:slow,127,145,127,127,177,127,830,TYPE_NORMAL,,unresolved_low_type_evidence,75,322,GROWTH_SLOW,medium,profile-derived-v1
178,digimon,hoverespimon,ホバーエスピモン,https://digimon.net/reference/detail.php?directory_name=hoverespimon,成熟期,サイボーグ型,ウィルス,32e4e4a1986700a38b2d29edde050114a903208f8407f80b74265c0ed0e281b7,343,speed:高速:+5 ; speed:機動:+8 ; speed:飛行:+2 ; special_attack:光:+3 ; type:TYPE_WATER:海:profile:+2 ; type:TYPE_FLYING:飛行:profile:+2 ; type:TYPE_STEEL:サイボーグ:official_type:+5 ; type_choice:TYPE_STEEL:5 ; growth:official_stage_plus_profile_power:medium_fast,78,78,78,146,92,78,550,TYPE_STEEL,,resolved_profile_evidence,140,228,GROWTH_MEDIUM_FAST,medium,profile-derived-v1
179,digimon,espimon,エスピモン,https://digimon.net/reference/detail.php?directory_name=espimon,成長期,サイボーグ型,ウィルス,c0fcac1380fc51c0b041815c1f66a09d56610851f5513dc583975610ce74f5c9,299,speed:走:+2 ; special_attack:光:+3 ; type:TYPE_STEEL:サイボーグ:profile:+2 ; type:TYPE_STEEL:サイボーグ:official_type:+5 ; type_choice:TYPE_STEEL:7 ; growth:official_stage_plus_profile_power:medium_fast,58,58,58,67,72,58,371,TYPE_STEEL,,resolved_profile_evidence,189,148,GROWTH_MEDIUM_FAST,medium,profile-derived-v1
180,digimon,jupitermmon_wrath,ユピテルモン：ラースモード,https://digimon.net/reference/detail.php?directory_name=jupitermmon_wrath,究極体,神人型,ワクチン,e875cf1eb501578e474ac9777ef71c41d4f05914fe17ccfc544f15e05abeca90,326,power:神:+3 ; attack:剣:+3 ; attack:斬:+3 ; defense:鎧:+4 ; special_attack:雷:+9 ; special_attack:データ:+2 ; type:TYPE_ELECTRIC:雷:profile:+6 ; type:TYPE_ELECTRIC:ライトニング:profile:+2 ; type:TYPE_ELECTRIC:ライトニング:move:+4 ; type:TYPE_ELECTRIC:サンダー:profile:+2 ; type:TYPE_ELECTRIC:サンダー:move:+4 ; type:TYPE_FAIRY:神人:official_type:+3 ; type:TYPE_FIGHTING:神人:official_type:+2 ; type_choice:TYPE_ELECTRIC:18 ; growth:official_stage_plus_profile_power:slow,127,154,145,127,177,127,857,TYPE_ELECTRIC,,resolved_profile_evidence,70,329,GROWTH_SLOW,high,profile-derived-v1
181,digimon,plutomon,プルートモン,https://digimon.net/reference/detail.php?directory_name=plutomon,究極体,神人型,ウィルス,b4887879415f7f8a3a67e87ec4a1b7db28b2c7943298b53046f5bbee22b2adb6,503,power:神:+3 ; hp:巨大:+2 ; attack:力:+2 ; attack:牙:+6 ; special_attack:闇:+9 ; special_attack:データ:+4 ; special_attack:熱:+2 ; type:TYPE_DARK:闇:profile:+6 ; type:TYPE_FAIRY:神人:official_type:+3 ; type:TYPE_FIGHTING:神人:official_type:+2 ; type_choice:TYPE_DARK:6 ; growth:official_stage_plus_profile_power:slow,136,163,127,127,195,127,875,TYPE_DARK,,resolved_profile_evidence,63,341,GROWTH_SLOW,high,profile-derived-v1
182,digimon,ceresmon,ケレスモン,https://digimon.net/reference/detail.php?directory_name=ceresmon,究極体,神人型,データ,a85c6183e88f173aebb31ac77d49400e30754cd19cc6546ea3f55d158be9e4f0,558,power:神:+3 ; hp:回復:+3 ; hp:巨体:+3 ; hp:巨大:+4 ; attack:力:+2 ; attack:叩:+2 ; special_attack:炎:+3 ; special_attack:火:+2 ; special_attack:毒:+9 ; special_defense:回復:+3 ; type:TYPE_FIRE:炎:profile:+2 ; type:TYPE_FIRE:火炎:profile:+2 ; type:TYPE_FIRE:マグマ:profile:+2 ; type:TYPE_GRASS:森:profile:+6 ; type:TYPE_POISON:毒:profile:+6 ; type:TYPE_GROUND:大地:profile:+2 ; type:TYPE_GROUND:土:profile:+6 ; type:TYPE_FLYING:天空:profile:+2 ; type:TYPE_FLYING:鳥:profile:+4 ; type:TYPE_ROCK:岩:profile:+2 ; type:TYPE_ROCK:石:profile:+2 ; type:TYPE_DARK:悪魔:profile:+2 ; type:TYPE_FAIRY:神人:official_type:+3 ; type:TYPE_FIGHTING:神人:official_type:+2 ; type_choice:TYPE_GROUND:8 ; type_choice:TYPE_FIRE:6 ; growth:official_stage_plus_profile_power:slow,172,145,127,127,190,141,902,TYPE_GROUND,TYPE_FIRE,resolved_profile_evidence,59,346,GROWTH_SLOW,high,profile-derived-v1
183,digimon,bacchusmon,バッカスモン,https://digimon.net/reference/detail.php?directory_name=bacchusmon,究極体,神人型,ウィルス,5f0de01e33dac4f606266a606d74b9af4836f06991c1781f365645db873c3034,617,power:神:+3 ; attack:パワー:+4 ; attack:力:+2 ; attack:破壊:+4 ; special_attack:光:+3 ; special_attack:毒:+9 ; special_attack:データ:+6 ; type:TYPE_GRASS:森:profile:+2 ; type:TYPE_POISON:毒:profile:+6 ; type:TYPE_POISON:猛毒:profile:+2 ; type:TYPE_FAIRY:神人:official_type:+3 ; type:TYPE_FIGHTING:神人:official_type:+2 ; type_choice:TYPE_POISON:8 ; growth:profile:slow,127,172,127,127,208,127,888,TYPE_POISON,,resolved_profile_evidence,58,350,GROWTH_SLOW,high,profile-derived-v1
184,digimon,junomon_hysteric,ユノモン：ヒステリックモード,https://digimon.net/reference/detail.php?directory_name=junomon_hysteric,究極体,神人型,ウィルス,fbf7d765a4ed186bff9f221ef75424f56fb4e2de499281b89bb2e6a89b4f580f,332,hp:生命力:+5 ; hp:生命:+2 ; attack:力:+4 ; speed:瞬時:+4 ; special_attack:闇:+6 ; type:TYPE_GRASS:葉:profile:+2 ; type:TYPE_DARK:闇:profile:+4 ; type:TYPE_FAIRY:神人:official_type:+3 ; type:TYPE_FIGHTING:神人:official_type:+2 ; type_candidate:TYPE_DARK:4 ; type_placeholder:TYPE_NORMAL:low_evidence ; growth:official_stage_plus_profile_power:slow,154,140,122,140,149,122,827,TYPE_NORMAL,,unresolved_low_type_evidence,86,303,GROWTH_SLOW,medium,profile-derived-v1
185,digimon,junomon,ユノモン,https://digimon.net/reference/detail.php?directory_name=junomon,究極体,神人型,ウィルス,6a8992c03326518b958403ca845886fd47cd751ddd8dd54a59703b6b2ec577a5,245,power:神:+3 ; attack:力:+2 ; special_attack:雷:+3 ; type:TYPE_ELECTRIC:雷:profile:+2 ; type:TYPE_FAIRY:神人:official_type:+3 ; type:TYPE_FIGHTING:神人:official_type:+2 ; type_candidate:TYPE_FAIRY:3 ; type_placeholder:TYPE_NORMAL:low_evidence ; growth:official_stage_plus_profile_power:slow,127,136,127,127,141,127,785,TYPE_NORMAL,,unresolved_low_type_evidence,91,294,GROWTH_SLOW,medium,profile-derived-v1
186,digimon,thetismon,テティスモン,https://digimon.net/reference/detail.php?directory_name=thetismon,完全体,水棲獣人型,データ,a8ab5b30363ffa80acbc89a48e7b8bdde17cf8513793d86186cf63d5f4b4d88d,344,power:神:+3 ; attack:力:+2 ; attack:拳:+6 ; speed:一瞬:+3 ; speed:瞬間:+3 ; special_attack:電撃:+4 ; special_attack:毒:+3 ; special_defense:精神:+4 ; type:TYPE_WATER:海:profile:+4 ; type:TYPE_WATER:水棲:profile:+2 ; type:TYPE_ELECTRIC:電撃:profile:+2 ; type:TYPE_ELECTRIC:サンダー:profile:+2 ; type:TYPE_ELECTRIC:サンダー:move:+4 ; type:TYPE_FIGHTING:拳:profile:+4 ; type:TYPE_POISON:毒:profile:+2 ; type:TYPE_PSYCHIC:精神:profile:+2 ; type:TYPE_STEEL:鉄:profile:+2 ; type:TYPE_WATER:水棲:official_type:+5 ; type:TYPE_FIGHTING:獣人:official_type:+3 ; type:TYPE_NORMAL:獣人:official_type:+2 ; type_choice:TYPE_WATER:11 ; type_choice:TYPE_ELECTRIC:8 ; growth:official_stage_plus_profile_power:medium_slow,105,141,105,132,137,123,743,TYPE_WATER,TYPE_ELECTRIC,resolved_profile_evidence,99,283,GROWTH_MEDIUM_SLOW,high,profile-derived-v1
187,digimon,lamortmon,ラモールモン,https://digimon.net/reference/detail.php?directory_name=lamortmon,完全体,獣型,ワクチン,2f64ed65a6d4b8c5889c7c26e2d841f8f17d958cba0c099caa2b026b0ca7d2b3,354,attack:力:+4 ; attack:爪:+9 ; attack:牙:+6 ; attack:刀:+9 ; attack:斬:+6 ; attack:破壊:+4 ; attack:粉砕:+5 ; attack:叩:+6 ; type:TYPE_NORMAL:獣型:official_type:+4 ; type_candidate:TYPE_NORMAL:4 ; type_placeholder:TYPE_NORMAL:low_evidence ; growth:official_stage_plus_profile_power:medium_slow,100,255,100,100,100,100,755,TYPE_NORMAL,,unresolved_low_type_evidence,79,330,GROWTH_MEDIUM_SLOW,medium,profile-derived-v1
188,digimon,canoweissmon,カノーヴァイスモン,https://digimon.net/reference/detail.php?directory_name=canoweissmon,完全体,天竜型,ワクチン,abe7a792ea4035587515ce107d9c1f36c01d3c9e29d431bfa51e411cd84ae63c,369,power:究極:+5 ; attack:パワー:+4 ; attack:力:+6 ; attack:爪:+3 ; speed:スピード:+4 ; special_attack:炎:+3 ; special_attack:火:+2 ; special_attack:光:+9 ; special_attack:熱:+4 ; type:TYPE_FIRE:炎:profile:+2 ; type:TYPE_FLYING:翼:profile:+2 ; type:TYPE_FLYING:羽:profile:+4 ; type:TYPE_DRAGON:竜:profile:+2 ; type:TYPE_DRAGON:竜:official_type:+5 ; type_choice:TYPE_DRAGON:7 ; type_choice:TYPE_FLYING:6 ; growth:official_stage_plus_profile_power:medium_slow,109,168,109,127,190,109,812,TYPE_DRAGON,TYPE_FLYING,resolved_profile_evidence,72,328,GROWTH_MEDIUM_SLOW,high,profile-derived-v1
189,digimon,sistermon_ciel_Awake,シスタモン シエル（覚醒）,https://digimon.net/reference/detail.php?directory_name=sistermon_ciel_Awake,成熟期,パペット型,データ,10a0735a131020ccf4a0d29b35282f1551c926c5f00e07a5278f26b0d367a705,142,attack:剣:+6 ; attack:刀:+9 ; special_attack:光:+6 ; type:TYPE_FIGHTING:剣術:profile:+2 ; type:TYPE_BUG:蜂:move:+4 ; type:TYPE_NORMAL:パペット:official_type:+2 ; type:TYPE_GHOST:パペット:official_type:+2 ; type_candidate:TYPE_BUG:4 ; type_placeholder:TYPE_NORMAL:low_evidence ; growth:official_stage_plus_profile_power:medium_fast,78,146,78,78,105,78,563,TYPE_NORMAL,,unresolved_low_type_evidence,138,231,GROWTH_MEDIUM_FAST,medium,profile-derived-v1
190,digimon,sistermon_noir_Awake,シスタモン ノワール（覚醒）,https://digimon.net/reference/detail.php?directory_name=sistermon_noir_Awake,成熟期,パペット型,ウィルス,59e4b11fde6c74d79efb825a2b3d37210452790ade1d234c5cf443f0089f70ed,100,attack:力:+4 ; speed:俊敏:+5 ; type:TYPE_NORMAL:パペット:official_type:+2 ; type:TYPE_GHOST:パペット:official_type:+2 ; type_candidate:TYPE_GHOST:2 ; type_placeholder:TYPE_NORMAL:low_evidence ; growth:official_stage_plus_profile_power:medium_fast,78,96,78,100,78,78,508,TYPE_NORMAL,,unresolved_low_type_evidence,158,196,GROWTH_MEDIUM_FAST,medium,profile-derived-v1
191,digimon,sistermon_blanc_Awake,シスタモン ブラン（覚醒）,https://digimon.net/reference/detail.php?directory_name=sistermon_blanc_Awake,成長期,パペット型,ワクチン,be418d0efa1f71053c1f706baa86b3bddb5e57ae729eae4527367e4d49270a00,146,stats:balanced:no_specialization_signal_in_official_text ; type:TYPE_WATER:ウェーブ:move:+4 ; type:TYPE_NORMAL:パペット:official_type:+2 ; type:TYPE_GHOST:パペット:official_type:+2 ; type_candidate:TYPE_WATER:4 ; type_placeholder:TYPE_NORMAL:low_evidence ; growth:official_stage_plus_profile_power:medium_fast,58,58,58,58,58,58,348,TYPE_NORMAL,,unresolved_low_type_evidence,197,136,GROWTH_MEDIUM_FAST,medium,profile-derived-v1
192,digimon,gulusgammamon,グルスガンマモン,https://digimon.net/reference/detail.php?directory_name=gulusgammamon,成熟期,竜人型,ウィルス,292979da14cd854a4dfeb0b07e2a9e99375b83a80473875ca3cf761a6e4b3a97,226,attack:力:+2 ; special_attack:炎:+6 ; special_attack:闇:+6 ; type:TYPE_FIRE:炎:profile:+4 ; type:TYPE_DARK:闇:profile:+4 ; type:TYPE_DARK:ダーク:profile:+2 ; type:TYPE_DARK:ダーク:move:+4 ; type:TYPE_DRAGON:竜:official_type:+5 ; type_choice:TYPE_DARK:10 ; growth:official_stage_plus_profile_power:medium_fast,78,87,78,78,132,78,531,TYPE_DARK,,resolved_profile_evidence,147,217,GROWTH_MEDIUM_FAST,medium,profile-derived-v1
193,digimon,teslajellymon,テスラジェリーモン,https://digimon.net/reference/detail.php?directory_name=teslajellymon,成熟期,軟体型,データ,62181f86c182990f7bde8de5397cd561130958da21849124e040c4c8f9d818f6,228,attack:格闘:+8 ; special_attack:電撃:+12 ; special_attack:データ:+2 ; special_defense:吸収:+4 ; type:TYPE_ELECTRIC:電撃:profile:+6 ; type:TYPE_FIGHTING:格闘:profile:+4 ; type_choice:TYPE_ELECTRIC:6 ; growth:profile:slow,78,114,78,78,141,96,585,TYPE_ELECTRIC,,resolved_profile_evidence,135,235,GROWTH_SLOW,medium,profile-derived-v1
194,digimon,symbareangoramon,ジンバーアンゴラモン,https://digimon.net/reference/detail.php?directory_name=symbareangoramon,成熟期,獣人型,ワクチン,a6ae92bb05fc3920bfd95e9d990a0166d6466fc3150143f5f5d399d8f0a6e05f,233,power:強力:+3 ; attack:力:+4 ; defense:防御:+5 ; speed:素早:+5 ; type:TYPE_DRAGON:竜:profile:+2 ; type:TYPE_FIGHTING:獣人:official_type:+3 ; type:TYPE_NORMAL:獣人:official_type:+2 ; type_candidate:TYPE_FIGHTING:3 ; type_placeholder:TYPE_NORMAL:low_evidence ; growth:profile:slow,83,101,106,106,83,83,562,TYPE_NORMAL,,unresolved_low_type_evidence,141,220,GROWTH_SLOW,medium,profile-derived-v1
195,digimon,blacktailmon_uver,ブラックテイルモン Uver.,https://digimon.net/reference/detail.php?directory_name=blacktailmon_uver,成熟期,魔獣型,ウィルス,303c81e3117bf731411333bfa0bd6f0e917b3da4b0e411bfc8971a6f03f6b2e5,297,attack:パンチ:+6 ; special_attack:データ:+4 ; special_defense:吸収:+4 ; type:TYPE_FIGHTING:パンチ:profile:+2 ; type:TYPE_FIGHTING:パンチ:move:+4 ; type:TYPE_NORMAL:獣型:official_type:+4 ; type:TYPE_DARK:魔獣:official_type:+4 ; type:TYPE_NORMAL:魔獣:official_type:+2 ; type_choice:TYPE_FIGHTING:6 ; type_choice:TYPE_NORMAL:6 ; growth:official_stage_plus_profile_power:medium_fast,78,105,78,78,96,96,531,TYPE_FIGHTING,TYPE_NORMAL,resolved_profile_evidence,152,204,GROWTH_MEDIUM_FAST,medium,profile-derived-v1
196,digimon,weddinmon,ウェディンモン,https://digimon.net/reference/detail.php?directory_name=weddinmon,完全体,妖精型,ワクチン,65841ece3c74fbed68333a521d2eb5bf120b9dcb40b03d2a5aa0801ab11f843d,304,hp:巨大:+2 ; attack:力:+4 ; attack:刀:+3 ; special_attack:念:+4 ; special_attack:爆発:+6 ; type:TYPE_PSYCHIC:念:profile:+2 ; type:TYPE_FAIRY:妖精:official_type:+5 ; type_choice:TYPE_FAIRY:5 ; growth:official_stage_plus_profile_power:medium_slow,109,132,100,100,145,100,686,TYPE_FAIRY,,resolved_profile_evidence,115,262,GROWTH_MEDIUM_SLOW,medium,profile-derived-v1
197,digimon,shortmon,ショートモン,https://digimon.net/reference/detail.php?directory_name=shortmon,成熟期,食物型,データ,ceed7bd02742ac10b32efff7de2a3993682c26528d051714ece0b22e63434c18,194,special_attack:データ:+2 ; type_placeholder:TYPE_NORMAL:no_specialized_affinity_evidence ; growth:official_stage_plus_profile_power:medium_fast,78,78,78,78,87,78,477,TYPE_NORMAL,,unresolved_no_specialized_type_evidence,166,182,GROWTH_MEDIUM_FAST,low,profile-derived-v1
198,digimon,blackrapidmon,ブラックラピッドモン,https://digimon.net/reference/detail.php?directory_name=blackrapidmon,完全体,サイボーグ型,ワクチン,3be764d5d27af7f3ad2e4f55f58652af3b73c8bd732e13ed236030e5a11dd2c6,205,attack:力:+2 ; special_attack:光:+3 ; special_attack:闇:+3 ; special_attack:データ:+2 ; type:TYPE_DARK:闇:profile:+2 ; type:TYPE_STEEL:サイボーグ:official_type:+5 ; type_choice:TYPE_STEEL:5 ; growth:official_stage_plus_profile_power:medium_slow,100,109,100,100,136,100,645,TYPE_STEEL,,resolved_profile_evidence,124,248,GROWTH_MEDIUM_SLOW,medium,profile-derived-v1
199,digimon,blackgalgomon,ブラックガルゴモン,https://digimon.net/reference/detail.php?directory_name=blackgalgomon,成熟期,獣人型,ワクチン,a3c5335c5352b0442445871c320a6275cc4bd2088224396f2ac3bbde1fd86e49,161,attack:力:+2 ; special_attack:闇:+3 ; type:TYPE_DARK:闇:profile:+2 ; type:TYPE_FIGHTING:獣人:official_type:+3 ; type:TYPE_NORMAL:獣人:official_type:+2 ; type_candidate:TYPE_FIGHTING:3 ; type_placeholder:TYPE_NORMAL:low_evidence ; growth:official_stage_plus_profile_power:medium_fast,78,87,78,78,92,78,491,TYPE_NORMAL,,unresolved_low_type_evidence,162,188,GROWTH_MEDIUM_FAST,medium,profile-derived-v1
200,digimon,omegamonzwart_d,オメガモンズワルトDEFEAT,https://digimon.net/reference/detail.php?directory_name=omegamonzwart_d,究極体,聖騎士型,ウィルス,ee8f0eb5a93e36b832669bca7bfcce1b46d9dcf256fdadac34b98b32d372f52d,204,speed:一瞬:+3 ; speed:走:+2 ; type:TYPE_FIGHTING:戦士:profile:+2 ; type:TYPE_FAIRY:聖:official_type:+3 ; type_candidate:TYPE_FAIRY:3 ; type_placeholder:TYPE_NORMAL:low_evidence ; growth:profile:erratic,122,122,122,144,122,122,754,TYPE_NORMAL,,unresolved_low_type_evidence,102,280,GROWTH_ERRATIC,medium,profile-derived-v1
201,digimon,wezengammamon,ウェズンガンマモン,https://digimon.net/reference/detail.php?directory_name=wezengammamon,成熟期,角竜型,データ,65b5e7c327cf2ba71c0e7b71f4178c839927582dc580f0056b0fb8992465a2fa,232,power:小型:-1 ; attack:力:+4 ; special_attack:エネルギー:+3 ; special_attack:火:+2 ; special_attack:熱:+2 ; type:TYPE_GROUND:地面:profile:+2 ; type:TYPE_DRAGON:竜:official_type:+5 ; type_choice:TYPE_DRAGON:5 ; growth:profile:slow,76,94,76,76,108,76,506,TYPE_DRAGON,,resolved_profile_evidence,156,199,GROWTH_SLOW,medium,profile-derived-v1
202,digimon,kausgammamon,カウスガンマモン,https://digimon.net/reference/detail.php?directory_name=kausgammamon,成熟期,竜人型,データ,57d585ed25c3e518823243e93ec8ca57a6d988bc006ad1e4e70f626783244e1c,174,attack:キック:+6 ; type:TYPE_FIGHTING:キック:profile:+2 ; type:TYPE_FIGHTING:キック:move:+4 ; type:TYPE_DRAGON:竜:official_type:+5 ; type_choice:TYPE_FIGHTING:6 ; type_choice:TYPE_DRAGON:5 ; growth:official_stage_plus_profile_power:medium_fast,78,105,78,78,78,78,495,TYPE_FIGHTING,TYPE_DRAGON,resolved_profile_evidence,159,195,GROWTH_MEDIUM_FAST,medium,profile-derived-v1
203,digimon,betelgammamon,ベテルガンマモン,https://digimon.net/reference/detail.php?directory_name=betelgammamon,成熟期,竜人型,ワクチン,5a29b8ec1ae7adcc8426df1e0fd13a432e09272af9d6523d6a09beb5cc47dd37,141,attack:パワー:+4 ; attack:力:+4 ; attack:格闘:+4 ; speed:スピード:+4 ; speed:俊敏:+5 ; special_attack:炎:+9 ; type:TYPE_FIRE:炎:profile:+6 ; type:TYPE_FIGHTING:格闘:profile:+2 ; type:TYPE_DRAGON:竜:official_type:+5 ; type_choice:TYPE_FIRE:6 ; type_choice:TYPE_DRAGON:5 ; growth:official_stage_plus_profile_power:medium_fast,78,132,78,118,118,78,602,TYPE_FIRE,TYPE_DRAGON,resolved_profile_evidence,133,235,GROWTH_MEDIUM_FAST,medium,profile-derived-v1
204,digimon,abbadomoncore,アバドモンコア,https://digimon.net/reference/detail.php?directory_name=abbadomoncore,究極体,種族不明,不明,83a1922b5b6db1dc17da885c0e07bf57271a8d8bcfcb6cc15caf302d7c140f83,241,attack:槍:+3 ; special_attack:エネルギー:+6 ; special_attack:呪:+8 ; special_attack:光:+3 ; type_placeholder:TYPE_NORMAL:no_specialized_affinity_evidence ; growth:official_stage_plus_profile_power:slow,122,136,122,122,198,122,822,TYPE_NORMAL,,unresolved_no_specialized_type_evidence,78,321,GROWTH_SLOW,medium,profile-derived-v1
205,digimon,luminamon_nene,ルミナモン（ネネVer.）,https://digimon.net/reference/detail.php?directory_name=luminamon_nene,完全体,合成型,ワクチン,1ce6a1f151fc4ef473b3a90d871fed1177251827577500f79eefd4890a92b176,193,special_attack:光:+6 ; special_defense:浄化:+4 ; type_placeholder:TYPE_NORMAL:no_specialized_affinity_evidence ; growth:official_stage_plus_profile_power:medium_slow,100,100,100,100,127,118,645,TYPE_NORMAL,,unresolved_no_specialized_type_evidence,126,244,GROWTH_MEDIUM_SLOW,low,profile-derived-v1
206,digimon,shoutmonx7_superior,シャウトモンX7：スペリオルモード,https://digimon.net/reference/detail.php?directory_name=shoutmonx7_superior,"究極体
(クロスウォーズ)",合成型,データ,02960548aa215feed06c174ee36b7a7ffc18ed86b86a14ddc1edd4f9686e86c0,273,attack:パワー:+4 ; attack:力:+2 ; attack:剣:+3 ; attack:刀:+3 ; attack:斬:+3 ; special_attack:エネルギー:+3 ; special_attack:光:+3 ; special_attack:データ:+2 ; special_attack:熱:+2 ; special_defense:聖:+2 ; type:TYPE_FLYING:翼:profile:+2 ; type:TYPE_FAIRY:聖なる:profile:+2 ; type:TYPE_FAIRY:聖:profile:+2 ; type_candidate:TYPE_FAIRY:4 ; type_placeholder:TYPE_NORMAL:low_evidence ; growth:official_stage_plus_profile_power:slow,122,190,122,122,167,131,854,TYPE_NORMAL,,unresolved_low_type_evidence,73,326,GROWTH_SLOW,medium,profile-derived-v1
207,digimon,jellymon,ジェリーモン,https://digimon.net/reference/detail.php?directory_name=jellymon,成長期,軟体型,データ,c6f2b429fc3ffba1a0718b450ef6b53f2ab4c6338e6fc2d41a2bd4d650464eb2,209,attack:拳:+3 ; attack:パンチ:+3 ; attack:キック:+6 ; special_attack:電撃:+4 ; special_attack:電気:+3 ; type:TYPE_ELECTRIC:電撃:profile:+2 ; type:TYPE_ELECTRIC:電気:profile:+2 ; type:TYPE_ELECTRIC:サンダー:profile:+2 ; type:TYPE_ELECTRIC:サンダー:move:+4 ; type:TYPE_FIGHTING:拳:profile:+2 ; type:TYPE_FIGHTING:パンチ:profile:+2 ; type:TYPE_FIGHTING:キック:profile:+2 ; type:TYPE_FIGHTING:キック:move:+4 ; type:TYPE_NORMAL:生活:profile:+2 ; type_choice:TYPE_ELECTRIC:10 ; type_choice:TYPE_FIGHTING:10 ; growth:official_stage_plus_profile_power:medium_fast,58,112,58,58,90,58,434,TYPE_ELECTRIC,TYPE_FIGHTING,resolved_profile_evidence,169,183,GROWTH_MEDIUM_FAST,high,profile-derived-v1
208,digimon,puyoyomon,プヨヨモン,https://digimon.net/reference/detail.php?directory_name=puyoyomon,幼年期Ⅱ,レッサー型,,2cd161c2fbd73a6da0354dbf39889d71bc7f146bf052f8b2cbff89e5e7b92c41,205,special_attack:電撃:+4 ; special_attack:データ:+2 ; type:TYPE_ELECTRIC:電撃:profile:+2 ; type_candidate:TYPE_ELECTRIC:2 ; type_placeholder:TYPE_NORMAL:low_evidence ; growth:official_stage_plus_profile_power:medium_fast,38,38,38,38,65,38,255,TYPE_NORMAL,,unresolved_low_type_evidence,213,115,GROWTH_MEDIUM_FAST,low,profile-derived-v1
209,digimon,puyomon,プヨモン,https://digimon.net/reference/detail.php?directory_name=puyomon,幼年期Ⅰ,スライム型,,4eed020a5a87a43864cfd3ce26dd3511a7645080726247bbcba40f7749322e62,212,attack:力:+2 ; special_attack:電気:+3 ; type:TYPE_WATER:海:profile:+4 ; type:TYPE_ELECTRIC:電気:profile:+2 ; type_candidate:TYPE_WATER:4 ; type_placeholder:TYPE_NORMAL:low_evidence ; growth:official_stage_plus_profile_power:medium_fast,28,37,28,28,42,28,191,TYPE_NORMAL,,unresolved_low_type_evidence,230,88,GROWTH_MEDIUM_FAST,medium,profile-derived-v1
210,digimon,angoramon,アンゴラモン,https://digimon.net/reference/detail.php?directory_name=angoramon,成長期,獣型,ワクチン,507b88ddbb71522d3737ab7a72a4ec1bae4d57d105e23d8c39890ec80e38ed5c,248,power:小型:-1 ; hp:巨体:+3 ; speed:飛翔:+3 ; type:TYPE_FLYING:飛翔:profile:+2 ; type:TYPE_DRAGON:竜:profile:+2 ; type:TYPE_NORMAL:獣型:official_type:+4 ; type_candidate:TYPE_NORMAL:4 ; type_placeholder:TYPE_NORMAL:low_evidence ; growth:official_stage_plus_profile_power:medium_fast,70,56,56,70,56,56,364,TYPE_NORMAL,,unresolved_low_type_evidence,191,146,GROWTH_MEDIUM_FAST,medium,profile-derived-v1
211,digimon,bosamon,ボサモン,https://digimon.net/reference/detail.php?directory_name=bosamon,幼年期Ⅱ,レッサー型,,24a6e7e5f32d1dd63f9158f30554efd35662eccf4f30b80bbcf16ef8853bdf4b,238,stats:balanced:no_specialization_signal_in_official_text ; type_placeholder:TYPE_NORMAL:no_specialized_affinity_evidence ; growth:official_stage_plus_profile_power:medium_fast,38,38,38,38,38,38,228,TYPE_NORMAL,,unresolved_no_specialized_type_evidence,224,96,GROWTH_MEDIUM_FAST,low,profile-derived-v1
212,digimon,pyonmon,ピョンモン,https://digimon.net/reference/detail.php?directory_name=pyonmon,幼年期Ⅰ,スライム型,,81c2d6112bb919a1c7f55782a0fe7aef21e9d862158064e21f37880089a8dabf,205,attack:力:+2 ; type_placeholder:TYPE_NORMAL:no_specialized_affinity_evidence ; growth:official_stage_plus_profile_power:medium_fast,28,37,28,28,28,28,177,TYPE_NORMAL,,unresolved_no_specialized_type_evidence,234,82,GROWTH_MEDIUM_FAST,low,profile-derived-v1
213,digimon,gammamon,ガンマモン,https://digimon.net/reference/detail.php?directory_name=gammamon,成長期,角竜型,ウィルス,c1091cc29560277cd1ced40788d2e784f9f62bda33a53cdb8799c265a747a31f,216,power:強力:+3 ; attack:力:+4 ; attack:突進:+3 ; defense:硬質:+4 ; type:TYPE_FLYING:羽:profile:+2 ; type:TYPE_DRAGON:竜:profile:+2 ; type:TYPE_DRAGON:竜:official_type:+5 ; type_choice:TYPE_DRAGON:7 ; growth:official_stage_plus_profile_power:medium_fast,63,95,81,63,63,63,428,TYPE_DRAGON,,resolved_profile_evidence,169,181,GROWTH_MEDIUM_FAST,medium,profile-derived-v1
214,digimon,gurimon,グリモン,https://digimon.net/reference/detail.php?directory_name=gurimon,幼年期Ⅱ,レッサー型,,8c3da64deb976a189938a2ad29f231c2b2b493f00fa293f78d70559c91a59002,154,special_attack:爆発:+3 ; type:TYPE_ROCK:岩:profile:+4 ; type_candidate:TYPE_ROCK:4 ; type_placeholder:TYPE_NORMAL:low_evidence ; growth:official_stage_plus_profile_power:medium_fast,38,38,38,38,52,38,242,TYPE_NORMAL,,unresolved_low_type_evidence,218,106,GROWTH_MEDIUM_FAST,low,profile-derived-v1
215,digimon,curimon,クリモン,https://digimon.net/reference/detail.php?directory_name=curimon,幼年期Ⅰ,スライム型,,3d20dd1f8f7c03e6cea8831a6f1507765c79fc95c90a8609c62b9aca325eca05,152,stats:balanced:no_specialization_signal_in_official_text ; type_placeholder:TYPE_NORMAL:no_specialized_affinity_evidence ; growth:profile:slow,28,28,28,28,28,28,168,TYPE_NORMAL,,unresolved_no_specialized_type_evidence,237,76,GROWTH_SLOW,low,profile-derived-v1
216,digimon,abbadomon,アバドモン,https://digimon.net/reference/detail.php?directory_name=abbadomon,究極体,種族不明,不明,297abe1bb96503fbcff873b553827dfa0b78488fb2529d1530714f79bfb7b5bb,300,hp:巨大:+2 ; speed:瞬間:+3 ; special_attack:呪:+4 ; special_attack:光:+6 ; special_attack:データ:+4 ; special_defense:吸収:+4 ; type_placeholder:TYPE_NORMAL:no_specialized_affinity_evidence ; growth:official_stage_plus_profile_power:slow,131,122,122,136,185,140,836,TYPE_NORMAL,,unresolved_no_specialized_type_evidence,78,319,GROWTH_SLOW,medium,profile-derived-v1
217,digimon,negamon,ネガーモン,https://digimon.net/reference/detail.php?directory_name=negamon,幼年期Ⅱ,不明,,8463bde94c13a448560ce267323df117105e24c6615f717d5f225e2639039f23,156,hp:再生:+4 ; special_attack:呪:+4 ; special_attack:闇:+6 ; special_attack:データ:+2 ; special_defense:再生:+3 ; type:TYPE_DARK:闇:profile:+4 ; type_candidate:TYPE_DARK:4 ; type_placeholder:TYPE_NORMAL:low_evidence ; growth:official_stage_plus_profile_power:medium_fast,56,38,38,38,92,52,314,TYPE_NORMAL,,unresolved_low_type_evidence,196,143,GROWTH_MEDIUM_FAST,medium,profile-derived-v1
218,digimon,pilevolcamon,パイルボルケーモン,https://digimon.net/reference/detail.php?directory_name=pilevolcamon,究極体,サイボーグ型,データ,b6511892cfcbf1627e5044d716b6202ed4880f251f559fe82cd34353c4eff3f9,190,power:最強:+8 ; attack:力:+4 ; attack:格闘:+8 ; attack:拳:+3 ; attack:破壊:+4 ; attack:叩:+2 ; special_attack:火:+4 ; type:TYPE_FIGHTING:格闘:profile:+4 ; type:TYPE_FIGHTING:拳:profile:+2 ; type:TYPE_GROUND:地面:profile:+2 ; type:TYPE_STEEL:サイボーグ:official_type:+5 ; type_choice:TYPE_FIGHTING:6 ; type_choice:TYPE_STEEL:5 ; growth:official_stage_plus_profile_power:slow,136,231,136,136,154,136,929,TYPE_FIGHTING,TYPE_STEEL,resolved_profile_evidence,36,384,GROWTH_SLOW,high,profile-derived-v1
219,digimon,raidenmon,ライデンモン,https://digimon.net/reference/detail.php?directory_name=raidenmon,究極体,マシーン型,ウィルス,74f2dc0b1689b6a6d829e4f3429ebf0a353fdffea19a5701e29903294d1239b9,153,power:超高:+3 ; attack:格闘:+4 ; defense:装甲:+5 ; defense:守り:+3 ; special_attack:エネルギー:+3 ; special_attack:雷:+3 ; special_attack:電撃:+4 ; special_attack:電磁:+4 ; special_attack:熱:+2 ; type:TYPE_ELECTRIC:雷:profile:+2 ; type:TYPE_ELECTRIC:電撃:profile:+2 ; type:TYPE_ELECTRIC:電磁:profile:+2 ; type:TYPE_FIGHTING:格闘:profile:+2 ; type:TYPE_STEEL:マシーン:profile:+2 ; type:TYPE_STEEL:装甲:profile:+2 ; type:TYPE_STEEL:マシーン:official_type:+5 ; type_choice:TYPE_STEEL:9 ; type_choice:TYPE_ELECTRIC:6 ; growth:official_stage_plus_profile_power:slow,127,145,163,127,199,127,888,TYPE_STEEL,TYPE_ELECTRIC,resolved_profile_evidence,60,346,GROWTH_SLOW,high,profile-derived-v1
220,digimon,raijinmon,ライジンモン,https://digimon.net/reference/detail.php?directory_name=raijinmon,究極体,サイボーグ型,ウィルス,762099b35aa9229a6bd978ec15113ff5c4feea33fcf068049f3e356e32e2b044,127,power:神:+3 ; attack:格闘:+4 ; attack:パンチ:+3 ; special_attack:雷:+6 ; special_attack:電撃:+4 ; type:TYPE_ELECTRIC:雷:profile:+4 ; type:TYPE_ELECTRIC:電撃:profile:+2 ; type:TYPE_FIGHTING:格闘:profile:+2 ; type:TYPE_FIGHTING:パンチ:profile:+2 ; type:TYPE_STEEL:サイボーグ:profile:+2 ; type:TYPE_STEEL:サイボーグ:official_type:+5 ; type_choice:TYPE_STEEL:7 ; type_choice:TYPE_ELECTRIC:6 ; growth:official_stage_plus_profile_power:slow,127,159,127,127,172,127,839,TYPE_STEEL,TYPE_ELECTRIC,resolved_profile_evidence,74,322,GROWTH_SLOW,high,profile-derived-v1
221,digimon,dokunemon,ドクネモン,https://digimon.net/reference/detail.php?directory_name=dokunemon,成長期,幼虫型,ウィルス,1624d824b34c764340050e19069f9a6623217a284a09439ad4e66f64341c2de8,190,power:強力:+3 ; power:神:+3 ; attack:力:+2 ; attack:突進:+3 ; special_attack:毒:+6 ; type:TYPE_GRASS:森:profile:+2 ; type:TYPE_POISON:毒:profile:+4 ; type:TYPE_POISON:ポイズン:profile:+2 ; type:TYPE_POISON:ポイズン:move:+4 ; type:TYPE_BUG:昆虫:profile:+2 ; type:TYPE_BUG:幼虫:profile:+2 ; type_choice:TYPE_POISON:10 ; growth:official_stage_plus_profile_power:medium_fast,69,91,69,69,96,69,463,TYPE_POISON,,resolved_profile_evidence,156,198,GROWTH_MEDIUM_FAST,high,profile-derived-v1
222,digimon,modokibetamon,モドキベタモン,https://digimon.net/reference/detail.php?directory_name=modokibetamon,成長期,両生類型,データ,ff738b9d76767518465e8f678978c47ae64b6a773648d6857b3fc1aa369ea881,127,special_attack:衝撃波:+3 ; type:TYPE_WATER:アクア:profile:+2 ; type:TYPE_WATER:アクア:move:+4 ; type:TYPE_DRAGON:竜:profile:+2 ; type_choice:TYPE_WATER:6 ; growth:official_stage_plus_profile_power:medium_fast,58,58,58,58,72,58,362,TYPE_WATER,,resolved_profile_evidence,191,146,GROWTH_MEDIUM_FAST,medium,profile-derived-v1
223,digimon,hydramon,ヒュドラモン,https://digimon.net/reference/detail.php?directory_name=hydramon,究極体,植物型,ウィルス,32a548084e9a5c306b206429f4143c967820dfac6996f99df9e69d1d7b3c51b3,265,hp:巨大:+2 ; attack:破壊:+4 ; special_attack:ビーム:+4 ; special_attack:毒:+9 ; type:TYPE_GRASS:植物:profile:+2 ; type:TYPE_GRASS:花:profile:+2 ; type:TYPE_GRASS:草:profile:+2 ; type:TYPE_POISON:毒:profile:+6 ; type:TYPE_POISON:猛毒:profile:+6 ; type:TYPE_GROUND:大地:profile:+4 ; type:TYPE_GROUND:地中:profile:+2 ; type:TYPE_GRASS:植物:official_type:+5 ; type_choice:TYPE_POISON:12 ; type_choice:TYPE_GRASS:11 ; growth:official_stage_plus_profile_power:slow,131,140,122,122,180,122,817,TYPE_POISON,TYPE_GRASS,resolved_profile_evidence,82,312,GROWTH_SLOW,high,profile-derived-v1
224,digimon,bloomlordmon,ブルムロードモン,https://digimon.net/reference/detail.php?directory_name=bloomlordmon,究極体,妖精型,ワクチン,eda13bded75cf876a3a4601381d9d744d9c0d7b6a6b22242450e48d0872df670,262,hp:巨大:+2 ; attack:力:+4 ; attack:剣:+3 ; attack:槍:+6 ; special_attack:エネルギー:+6 ; special_attack:ビーム:+4 ; special_attack:光:+6 ; special_defense:吸収:+4 ; type:TYPE_GRASS:植物:profile:+2 ; type:TYPE_GRASS:花:profile:+6 ; type:TYPE_GRASS:種子:profile:+2 ; type:TYPE_FAIRY:妖精:profile:+2 ; type:TYPE_FAIRY:妖精:official_type:+5 ; type_choice:TYPE_GRASS:10 ; type_choice:TYPE_FAIRY:7 ; growth:official_stage_plus_profile_power:slow,131,180,122,122,194,140,889,TYPE_GRASS,TYPE_FAIRY,resolved_profile_evidence,66,337,GROWTH_SLOW,high,profile-derived-v1
225,digimon,ajatarmon,アヤタラモン,https://digimon.net/reference/detail.php?directory_name=ajatarmon,完全体,植物型,ワクチン,cab951190199f793ab7e10d13d6e7b72829942716a995f565ec106df584623d9,259,speed:一瞬:+3 ; special_attack:毒:+3 ; type:TYPE_GRASS:植物:profile:+2 ; type:TYPE_GRASS:草:profile:+2 ; type:TYPE_POISON:毒:profile:+2 ; type:TYPE_GRASS:植物:official_type:+5 ; type_choice:TYPE_GRASS:9 ; growth:official_stage_plus_profile_power:medium_slow,100,100,100,114,114,100,628,TYPE_GRASS,,resolved_profile_evidence,132,234,GROWTH_MEDIUM_SLOW,medium,profile-derived-v1
226,digimon,gardromon_gold,ガードロモン（金）,https://digimon.net/reference/detail.php?directory_name=gardromon_gold,成熟期,マシーン型,フリー,49033c9b1411fb606950910686c6b92556e1d6a943e7d5d5d2a3e5c10bc0c615,216,hp:耐久:+4 ; attack:力:+2 ; defense:装甲:+15 ; defense:耐久:+4 ; special_attack:データ:+2 ; type:TYPE_STEEL:装甲:profile:+6 ; type:TYPE_STEEL:マシーン:official_type:+5 ; type_choice:TYPE_STEEL:11 ; growth:official_stage_plus_profile_power:medium_fast,96,87,164,78,87,78,590,TYPE_STEEL,,resolved_profile_evidence,129,246,GROWTH_MEDIUM_FAST,medium,profile-derived-v1
227,digimon,burgamon_lv4,バーガモン,https://digimon.net/reference/detail.php?directory_name=burgamon_lv4,成熟期,食物型,ワクチン,630c18eb15cf951d678b6e951be4e23e97f324c3ebae280ca73f9b3d7c0e158b,166,hp:巨大:+2 ; special_attack:データ:+2 ; type_placeholder:TYPE_NORMAL:no_specialized_affinity_evidence ; growth:official_stage_plus_profile_power:medium_fast,87,78,78,78,87,78,486,TYPE_NORMAL,,unresolved_no_specialized_type_evidence,164,185,GROWTH_MEDIUM_FAST,low,profile-derived-v1
228,digimon,pidmon,ピッドモン,https://digimon.net/reference/detail.php?directory_name=pidmon,成熟期,天使型,ワクチン,3a906922e3fcbdd84d366d0aab85227b4dbb73564473e32e2a16a5802ab81501,192,attack:パワー:+4 ; speed:スピード:+12 ; special_attack:炎:+3 ; special_defense:聖:+2 ; type:TYPE_FIRE:炎:profile:+2 ; type:TYPE_FLYING:羽:profile:+4 ; type:TYPE_FAIRY:天使:profile:+2 ; type:TYPE_FAIRY:聖なる:profile:+2 ; type:TYPE_FAIRY:聖:profile:+2 ; type:TYPE_FAIRY:天使:official_type:+5 ; type:TYPE_FLYING:天使:official_type:+2 ; type_choice:TYPE_FAIRY:11 ; growth:official_stage_plus_profile_power:medium_fast,78,96,78,132,92,87,563,TYPE_FAIRY,,resolved_profile_evidence,141,225,GROWTH_MEDIUM_FAST,high,profile-derived-v1
229,digimon,sandyammamon,サンドヤンマモン,https://digimon.net/reference/detail.php?directory_name=sandyammamon,成熟期,昆虫型,データ,c86edb6ee69323ffb9643e63137ba6008ac6e4e406474cf89e0fa2c2b5a2f7ca,99,power:強力:+3 ; attack:力:+2 ; type:TYPE_GROUND:砂:profile:+4 ; type:TYPE_GROUND:砂漠:profile:+2 ; type:TYPE_FLYING:羽:profile:+2 ; type:TYPE_BUG:昆虫:official_type:+5 ; type_choice:TYPE_GROUND:6 ; type_choice:TYPE_BUG:5 ; growth:official_stage_plus_profile_power:medium_fast,83,92,83,83,83,83,507,TYPE_GROUND,TYPE_BUG,resolved_profile_evidence,154,200,GROWTH_MEDIUM_FAST,medium,profile-derived-v1
230,digimon,yammamon,ヤンマモン,https://digimon.net/reference/detail.php?directory_name=yammamon,成熟期,昆虫型,データ,4a10b5c025380a869b19f126b83fd28fe8ddeb5fd18c87c79b897d16ad4a49fb,161,hp:巨大:+2 ; defense:硬い:+4 ; speed:高速:+5 ; special_attack:レーザー:+4 ; special_attack:電撃:+4 ; special_attack:データ:+2 ; special_attack:電磁:+4 ; type:TYPE_ELECTRIC:電撃:profile:+2 ; type:TYPE_ELECTRIC:電磁:profile:+2 ; type:TYPE_ELECTRIC:サンダー:profile:+2 ; type:TYPE_ELECTRIC:サンダー:move:+4 ; type:TYPE_FLYING:羽:profile:+2 ; type:TYPE_BUG:昆虫:profile:+2 ; type:TYPE_BUG:昆虫:official_type:+5 ; type_choice:TYPE_ELECTRIC:10 ; type_choice:TYPE_BUG:7 ; growth:official_stage_plus_profile_power:medium_fast,87,78,96,100,141,78,580,TYPE_ELECTRIC,TYPE_BUG,resolved_profile_evidence,136,233,GROWTH_MEDIUM_FAST,high,profile-derived-v1
231,digimon,morishellmon,モリシェルモン,https://digimon.net/reference/detail.php?directory_name=morishellmon,成熟期,軟体型,データ,f8c23d930d543efd9d5b2b0035e628e6b71d827211ac0c802c04429fbe007a06,208,attack:力:+2 ; attack:突進:+3 ; defense:硬い:+8 ; type:TYPE_GRASS:森:profile:+2 ; type_candidate:TYPE_GRASS:2 ; type_placeholder:TYPE_NORMAL:low_evidence ; growth:official_stage_plus_profile_power:medium_fast,78,100,114,78,78,78,526,TYPE_NORMAL,,unresolved_low_type_evidence,151,207,GROWTH_MEDIUM_FAST,medium,profile-derived-v1
232,digimon,bombernanimon,ボンバーナニモン,https://digimon.net/reference/detail.php?directory_name=bombernanimon,成熟期,インベイド型,ウィルス,c3a1a99cd7285c2865d636e29dc0fe982865975aa7a810f7143b0aa71f821a63,168,power:強力:+3 ; attack:力:+2 ; attack:パンチ:+9 ; special_attack:火:+2 ; type:TYPE_FIGHTING:パンチ:profile:+4 ; type:TYPE_FIGHTING:パンチ:move:+4 ; type_choice:TYPE_FIGHTING:8 ; growth:official_stage_plus_profile_power:medium_fast,83,133,83,83,92,83,557,TYPE_FIGHTING,,resolved_profile_evidence,136,231,GROWTH_MEDIUM_FAST,medium,profile-derived-v1
233,digimon,heraklekabuterimon_x,ヘラクルカブテリモン（X抗体）,https://digimon.net/reference/detail.php?directory_name=heraklekabuterimon_x,究極体,昆虫型,ワクチン,59b58abd1734af711bfd445729848c4bf06be7935d4dc8165576cd361776835a,417,power:究極:+10 ; power:圧倒:+5 ; hp:巨大:+2 ; attack:力:+4 ; attack:格闘:+4 ; speed:素早:+10 ; speed:瞬時:+4 ; speed:飛行:+2 ; special_attack:データ:+2 ; type:TYPE_FIGHTING:格闘:profile:+2 ; type:TYPE_FLYING:飛行:profile:+2 ; type:TYPE_BUG:昆虫:profile:+6 ; type:TYPE_BUG:昆虫:official_type:+5 ; type_choice:TYPE_BUG:11 ; growth:official_stage_plus_profile_power:slow,158,185,149,221,158,149,1020,TYPE_BUG,,resolved_profile_evidence,8,420,GROWTH_SLOW,high,profile-derived-v1
234,digimon,starmon_x,スターモン（X抗体）,https://digimon.net/reference/detail.php?directory_name=starmon_x,成熟期,突然変異型,データ,e2d2b77e9fe1d658cf0516267aa444ae7a3e4fd41044ca3d7e6471bde779b9e3,426,power:小型:-1 ; attack:パワー:+4 ; attack:力:+4 ; special_attack:熱:+4 ; type:TYPE_GRASS:葉:profile:+2 ; type:TYPE_FIGHTING:戦士:profile:+4 ; type:TYPE_PSYCHIC:催眠:profile:+2 ; type:TYPE_NORMAL:突然変異:official_type:+3 ; type_candidate:TYPE_FIGHTING:4 ; type_placeholder:TYPE_NORMAL:low_evidence ; growth:official_stage_plus_profile_power:medium_fast,76,112,76,76,94,76,510,TYPE_NORMAL,,unresolved_low_type_evidence,155,202,GROWTH_MEDIUM_FAST,medium,profile-derived-v1
235,digimon,growmon_x,グラウモン（X抗体）,https://digimon.net/reference/detail.php?directory_name=growmon_x,成熟期,魔竜型,ウィルス,433dbdc57752f4228126a5cb13fa57c8c901d33e767ea508962d7081d312fc15,472,power:強力:+3 ; hp:巨大:+2 ; attack:パワー:+8 ; attack:力:+6 ; attack:破壊:+4 ; special_attack:エネルギー:+3 ; special_attack:炎:+3 ; special_attack:火:+2 ; type:TYPE_FIRE:炎:profile:+2 ; type:TYPE_FIRE:火炎:profile:+2 ; type:TYPE_FIRE:フレイム:profile:+2 ; type:TYPE_FIRE:フレイム:move:+4 ; type:TYPE_GROUND:大地:profile:+2 ; type:TYPE_DRAGON:竜:profile:+4 ; type:TYPE_DRAGON:竜:official_type:+5 ; type_choice:TYPE_FIRE:10 ; type_choice:TYPE_DRAGON:9 ; growth:official_stage_plus_profile_power:medium_fast,92,164,83,83,119,83,624,TYPE_FIRE,TYPE_DRAGON,resolved_profile_evidence,117,262,GROWTH_MEDIUM_FAST,high,profile-derived-v1
236,digimon,hagurumon_x,ハグルモン（X抗体）,https://digimon.net/reference/detail.php?directory_name=hagurumon_x,成長期,マシーン型,ウィルス,50fe7c6cd1ffb5623c16aed27e2b2915d2c91ea92c11688a8faeadd6665f5691,450,power:強力:+3 ; hp:生命:+2 ; attack:力:+6 ; type:TYPE_DARK:ダーク:profile:+2 ; type:TYPE_DARK:ダーク:move:+4 ; type:TYPE_STEEL:マシーン:profile:+2 ; type:TYPE_STEEL:マシーン:official_type:+5 ; type_choice:TYPE_STEEL:7 ; type_choice:TYPE_DARK:6 ; growth:official_stage_plus_profile_power:medium_fast,72,90,63,63,63,63,414,TYPE_STEEL,TYPE_DARK,resolved_profile_evidence,172,175,GROWTH_MEDIUM_FAST,medium,profile-derived-v1
237,digimon,gaioumon_itto,ガイオウモン：厳刀ノ型,https://digimon.net/reference/detail.php?directory_name=gaioumon_itto,究極体,竜人型,ウィルス,df9294284a73941cc9c1bc8ce64c68a910ef7d0b5ab67d28018ccc10f921536b,363,attack:力:+2 ; attack:剣:+6 ; attack:刀:+9 ; attack:斬:+9 ; speed:一瞬:+3 ; special_attack:火:+2 ; special_attack:雷:+9 ; special_attack:光:+3 ; special_attack:データ:+2 ; type:TYPE_ELECTRIC:雷:profile:+4 ; type:TYPE_ELECTRIC:雷:move:+4 ; type:TYPE_FIGHTING:剣術:profile:+4 ; type:TYPE_ROCK:石:profile:+2 ; type:TYPE_DRAGON:竜:profile:+2 ; type:TYPE_DRAGON:竜:official_type:+5 ; type_choice:TYPE_ELECTRIC:8 ; type_choice:TYPE_DRAGON:7 ; growth:official_stage_plus_profile_power:slow,122,239,122,136,194,122,935,TYPE_ELECTRIC,TYPE_DRAGON,resolved_profile_evidence,48,369,GROWTH_SLOW,high,profile-derived-v1
238,digimon,brachiomon,ブラキモン,https://digimon.net/reference/detail.php?directory_name=brachiomon,完全体,首長竜型,データ,f23094c4716b92ca44f8f51d3be548b02a95f434582ffa80400a019c6156d4d6,131,hp:巨体:+3 ; type:TYPE_GRASS:草:profile:+2 ; type:TYPE_DRAGON:竜:profile:+4 ; type:TYPE_DRAGON:恐竜:profile:+2 ; type:TYPE_DRAGON:竜:official_type:+5 ; type_choice:TYPE_DRAGON:11 ; growth:official_stage_plus_profile_power:medium_slow,114,100,100,100,100,100,614,TYPE_DRAGON,,resolved_profile_evidence,135,230,GROWTH_MEDIUM_SLOW,medium,profile-derived-v1
239,digimon,kyukimon,キュウキモン,https://digimon.net/reference/detail.php?directory_name=kyukimon,完全体,妖獣型,ウィルス,53edce8e3a4d36c0d312e0a9818b8c444f3bb22ced764f9f05984a673ede8dff,154,attack:剣:+3 ; speed:スピード:+4 ; type:TYPE_DRAGON:竜:profile:+2 ; type:TYPE_NORMAL:獣型:official_type:+4 ; type:TYPE_FAIRY:妖獣:official_type:+3 ; type:TYPE_DARK:妖獣:official_type:+2 ; type_candidate:TYPE_NORMAL:4 ; type_placeholder:TYPE_NORMAL:low_evidence ; growth:official_stage_plus_profile_power:medium_slow,100,114,100,118,100,100,632,TYPE_NORMAL,,unresolved_low_type_evidence,130,236,GROWTH_MEDIUM_SLOW,medium,profile-derived-v1
240,digimon,vermillimon,ヴァーミリモン,https://digimon.net/reference/detail.php?directory_name=vermillimon,完全体,鎧竜型,データ,4a46c607407516dedb5ddf44e8f5de8e4254a30d749bda7d66d1ef37dcdd4a02,154,power:強力:+3 ; hp:巨大:+2 ; attack:力:+2 ; attack:突進:+3 ; defense:鎧:+8 ; defense:硬い:+4 ; special_attack:火:+6 ; special_attack:熱:+2 ; type:TYPE_DRAGON:竜:profile:+2 ; type:TYPE_DRAGON:竜:official_type:+5 ; type_choice:TYPE_DRAGON:7 ; growth:official_stage_plus_profile_power:medium_slow,114,128,159,105,141,105,752,TYPE_DRAGON,,resolved_profile_evidence,94,293,GROWTH_MEDIUM_SLOW,high,profile-derived-v1
241,digimon,assaultmon,アサルトモン,https://digimon.net/reference/detail.php?directory_name=assaultmon,完全体,サイボーグ型,ウィルス,b9c80f24e7830cc0976e71c9a083b20784b752598dfaeed1c02c22c1949937f4,155,attack:力:+2 ; attack:叩:+2 ; defense:装甲:+5 ; speed:機動:+4 ; type:TYPE_STEEL:装甲:profile:+2 ; type:TYPE_STEEL:サイボーグ:official_type:+5 ; type_choice:TYPE_STEEL:7 ; growth:official_stage_plus_profile_power:medium_slow,100,118,122,118,100,100,658,TYPE_STEEL,,resolved_profile_evidence,124,245,GROWTH_MEDIUM_SLOW,medium,profile-derived-v1
242,digimon,tekkamon,テッカモン,https://digimon.net/reference/detail.php?directory_name=tekkamon,完全体,マシーン型,ウィルス,6c6ea1ae362ba1962d90ee5c44906de4de24be887f8b3feb7f394f8f30959c6d,150,attack:剣:+6 ; attack:刀:+3 ; attack:斬:+6 ; attack:破壊:+4 ; special_attack:データ:+2 ; type:TYPE_STEEL:鉄:profile:+2 ; type:TYPE_STEEL:マシーン:official_type:+5 ; type_choice:TYPE_STEEL:7 ; growth:official_stage_plus_profile_power:medium_slow,100,186,100,100,109,100,695,TYPE_STEEL,,resolved_profile_evidence,105,283,GROWTH_MEDIUM_SLOW,medium,profile-derived-v1
243,digimon,vulturemon,バルチャモン,https://digimon.net/reference/detail.php?directory_name=vulturemon,完全体,鳥人型,ウィルス,44c63d9346c969e3a67255449b4ab7928238750045cfe8cf82528f0959a8727f,272,power:神:+3 ; attack:力:+2 ; type:TYPE_GROUND:砂:profile:+6 ; type:TYPE_FLYING:鳥:official_type:+5 ; type_choice:TYPE_GROUND:6 ; type_choice:TYPE_FLYING:5 ; growth:official_stage_plus_profile_power:medium_slow,105,114,105,105,105,105,639,TYPE_GROUND,TYPE_FLYING,resolved_profile_evidence,124,244,GROWTH_MEDIUM_SLOW,medium,profile-derived-v1
244,digimon,goromon,ゴロモン,https://digimon.net/reference/detail.php?directory_name=goromon,幼年期Ⅱ,鉱石型,,834aee5b6fc195af962dca3e3d681ed8338d35cceb891ee4ed4da534fc1fe11f,146,stats:balanced:no_specialization_signal_in_official_text ; type:TYPE_ROCK:石:profile:+6 ; type:TYPE_ROCK:鉱石:profile:+2 ; type:TYPE_ROCK:鉱石:official_type:+5 ; type:TYPE_STEEL:鉱石:official_type:+2 ; type_choice:TYPE_ROCK:13 ; growth:official_stage_plus_profile_power:medium_fast,38,38,38,38,38,38,228,TYPE_ROCK,,resolved_profile_evidence,224,96,GROWTH_MEDIUM_FAST,medium,profile-derived-v1
245,digimon,sunamon,スナモン,https://digimon.net/reference/detail.php?directory_name=sunamon,幼年期Ⅰ,スライム型,,f4e2aba9cfc10bac906f3318317e26843fde00c5d205de9cfac981d69088fff7,133,stats:balanced:no_specialization_signal_in_official_text ; type:TYPE_GROUND:土:profile:+2 ; type:TYPE_GROUND:砂:profile:+6 ; type:TYPE_GROUND:砂:move:+4 ; type_choice:TYPE_GROUND:12 ; growth:official_stage_plus_profile_power:medium_fast,28,28,28,28,28,28,168,TYPE_GROUND,,resolved_profile_evidence,237,76,GROWTH_MEDIUM_FAST,medium,profile-derived-v1
246,digimon,burpmon,ば～ぷモン,https://digimon.net/reference/detail.php?directory_name=burpmon,不明,突然変異型,不明,4a4ded5f98e6df72b889e93d6f764096a0567e95852bf5ab19740a973b079024,162,stats:balanced:no_specialization_signal_in_official_text ; type:TYPE_NORMAL:突然変異:official_type:+3 ; type_candidate:TYPE_NORMAL:3 ; type_placeholder:TYPE_NORMAL:low_evidence ; growth:official_stage_plus_profile_power:medium_fast,74,74,74,74,74,74,444,TYPE_NORMAL,,unresolved_low_type_evidence,175,168,GROWTH_MEDIUM_FAST,low,profile-derived-v1
247,digimon,blackkingnumemon,ブラックキングヌメモン,https://digimon.net/reference/detail.php?directory_name=blackkingnumemon,完全体,軟体型,ウィルス,59aa7e8b7848706f5ed7ec0700bae40fe5835536493e3fad5b96d010be0c9509,196,power:王:+4 ; special_attack:光:+3 ; special_attack:闇:+3 ; special_attack:毒:+3 ; special_attack:データ:+2 ; type:TYPE_POISON:毒:profile:+2 ; type:TYPE_POISON:ポイズン:profile:+2 ; type:TYPE_POISON:ポイズン:move:+4 ; type:TYPE_DARK:闇:profile:+2 ; type:TYPE_DARK:ダーク:profile:+2 ; type:TYPE_DARK:ダーク:move:+4 ; type_choice:TYPE_DARK:8 ; type_choice:TYPE_POISON:8 ; growth:official_stage_plus_profile_power:medium_slow,107,107,107,107,157,107,692,TYPE_DARK,TYPE_POISON,resolved_profile_evidence,104,279,GROWTH_MEDIUM_SLOW,high,profile-derived-v1
248,digimon,goldnumemon,ゴールドヌメモン,https://digimon.net/reference/detail.php?directory_name=goldnumemon,成熟期,突然変異型,ウィルス,8457d09cbb5d972e8996342a112afa34348d69729a9c311fe7d1b75ae508e55b,161,hp:巨大:+2 ; attack:力:+2 ; defense:防御:+5 ; special_attack:データ:+2 ; type:TYPE_FLYING:翼:profile:+2 ; type:TYPE_NORMAL:突然変異:official_type:+3 ; type_candidate:TYPE_NORMAL:3 ; type_placeholder:TYPE_NORMAL:low_evidence ; growth:official_stage_plus_profile_power:medium_fast,87,87,100,78,87,78,517,TYPE_NORMAL,,unresolved_low_type_evidence,156,199,GROWTH_MEDIUM_FAST,medium,profile-derived-v1
249,digimon,culumon,クルモン,https://digimon.net/reference/detail.php?directory_name=culumon,不明,不明,不明,da0192eac451f444a31c89948c888797530647811c42ad4531f855aaabc4c447,115,power:小型:-1 ; attack:力:+2 ; type:TYPE_GRASS:葉:profile:+2 ; type_candidate:TYPE_GRASS:2 ; type_placeholder:TYPE_NORMAL:low_evidence ; growth:official_stage_plus_profile_power:medium_fast,72,81,72,72,72,72,441,TYPE_NORMAL,,unresolved_low_type_evidence,174,170,GROWTH_MEDIUM_FAST,low,profile-derived-v1
250,digimon,gladimon,グラディモン,https://digimon.net/reference/detail.php?directory_name=gladimon,成熟期,戦士型,ワクチン,50547f18a0764a70aab5b815ffb7ad30403704131c3f55e61693ddfe2b96462f,183,attack:力:+2 ; attack:斬:+6 ; speed:素早:+5 ; type:TYPE_FIGHTING:戦士:profile:+4 ; type:TYPE_FIGHTING:戦士:official_type:+4 ; type_choice:TYPE_FIGHTING:8 ; growth:official_stage_plus_profile_power:medium_fast,78,114,78,100,78,78,526,TYPE_FIGHTING,,resolved_profile_evidence,151,207,GROWTH_MEDIUM_FAST,medium,profile-derived-v1
251,digimon,shoutmonx4k,シャウトモンX4K,https://digimon.net/reference/detail.php?directory_name=shoutmonx4k,"完全体
(クロスウォーズ)",合成型,データ,df8cc64d72b696f5288195a82971eb071d7c28e2f471037aceafba681f34c315,199,attack:力:+4 ; attack:剣:+3 ; attack:刀:+3 ; attack:斬:+3 ; defense:防御:+5 ; defense:盾:+4 ; special_attack:熱:+2 ; type_placeholder:TYPE_NORMAL:no_specialized_affinity_evidence ; growth:official_stage_plus_profile_power:medium_slow,100,158,140,100,109,100,707,TYPE_NORMAL,,unresolved_no_specialized_type_evidence,108,274,GROWTH_MEDIUM_SLOW,medium,profile-derived-v1
252,digimon,kodokugumon,コドクグモン,https://digimon.net/reference/detail.php?directory_name=kodokugumon,成長期,昆虫型,ウィルス,1b349ef632409f96233fb7b45c482c04e589170713122376cba623821b65b9e6,149,power:強力:+6 ; attack:力:+4 ; attack:爪:+6 ; special_attack:毒:+9 ; type:TYPE_POISON:毒:profile:+6 ; type:TYPE_POISON:ポイズン:profile:+2 ; type:TYPE_POISON:ポイズン:move:+4 ; type:TYPE_BUG:昆虫:official_type:+5 ; type_choice:TYPE_POISON:12 ; growth:official_stage_plus_profile_power:medium_fast,69,114,69,69,109,69,499,TYPE_POISON,,resolved_profile_evidence,146,215,GROWTH_MEDIUM_FAST,medium,profile-derived-v1
253,digimon,yoxtuyoxtumon,ヨッ！ヨッ！モン,https://digimon.net/reference/detail.php?directory_name=yoxtuyoxtumon,成熟期,パペット型,ウィルス,d0be30cb900396e2c839ecd5668659e08a362d34b323b6d577f19ddb80b9e1e0,270,special_attack:データ:+2 ; type:TYPE_NORMAL:パペット:official_type:+2 ; type:TYPE_GHOST:パペット:official_type:+2 ; type_candidate:TYPE_GHOST:2 ; type_placeholder:TYPE_NORMAL:low_evidence ; growth:official_stage_plus_profile_power:medium_fast,78,78,78,78,87,78,477,TYPE_NORMAL,,unresolved_low_type_evidence,166,182,GROWTH_MEDIUM_FAST,low,profile-derived-v1
254,digimon,minidekachimon,ミニデカチモン,https://digimon.net/reference/detail.php?directory_name=minidekachimon,成長期,小竜型,データ,e1b73026f36004f708fcf50fe0e909dfca419828ab3248cf6c21ccb2bfffe16d,190,hp:体力:+4 ; attack:力:+2 ; special_attack:炎:+6 ; special_attack:火:+4 ; type:TYPE_FIRE:炎:profile:+4 ; type:TYPE_FIRE:火炎:profile:+4 ; type:TYPE_FIRE:フレイム:profile:+2 ; type:TYPE_FIRE:フレイム:move:+4 ; type:TYPE_DRAGON:竜:official_type:+5 ; type_choice:TYPE_FIRE:14 ; growth:official_stage_plus_profile_power:medium_fast,76,67,58,58,103,58,420,TYPE_FIRE,,resolved_profile_evidence,174,175,GROWTH_MEDIUM_FAST,medium,profile-derived-v1
255,digimon,atamadekachimon,アタマデカチモン,https://digimon.net/reference/detail.php?directory_name=atamadekachimon,成熟期,恐竜型,データ,d1f98001ae624faa48f283bc37b45320da779cfa336af67227ae06337ab24d6b,304,attack:力:+4 ; attack:破壊:+4 ; special_attack:炎:+6 ; special_attack:火:+4 ; type:TYPE_FIRE:炎:profile:+4 ; type:TYPE_FIRE:火炎:profile:+4 ; type:TYPE_FIRE:フレイム:profile:+2 ; type:TYPE_FIRE:フレイム:move:+4 ; type:TYPE_DRAGON:竜:profile:+2 ; type:TYPE_DRAGON:恐竜:profile:+2 ; type:TYPE_DRAGON:竜:official_type:+5 ; type:TYPE_DRAGON:恐竜:official_type:+3 ; type_choice:TYPE_FIRE:14 ; type_choice:TYPE_DRAGON:12 ; growth:official_stage_plus_profile_power:medium_fast,78,114,78,78,123,78,549,TYPE_FIRE,TYPE_DRAGON,resolved_profile_evidence,145,217,GROWTH_MEDIUM_FAST,high,profile-derived-v1
256,digimon,trailmon,トレイルモン,https://digimon.net/reference/detail.php?directory_name=trailmon,成熟期,マシーン型,データ,529d6db0ddadf3ac7996aebf3562eb26f3a02bd44143ffd24c50102d9c9df64a,151,attack:突進:+3 ; speed:スピード:+4 ; special_attack:火:+2 ; special_attack:熱:+2 ; type:TYPE_GRASS:花:profile:+2 ; type:TYPE_STEEL:マシーン:official_type:+5 ; type_choice:TYPE_STEEL:5 ; growth:official_stage_plus_profile_power:medium_fast,78,92,78,96,96,78,518,TYPE_STEEL,,resolved_profile_evidence,157,197,GROWTH_MEDIUM_FAST,medium,profile-derived-v1
257,digimon,greatkingscumon,スカモン大王,https://digimon.net/reference/detail.php?directory_name=greatkingscumon,完全体,突然変異型,ウィルス,a16951e3c726d9011af39ba9b6df8202bb14d36cf67776831133ae3853e99bf1,173,power:神:+3 ; power:王:+4 ; attack:力:+2 ; special_defense:精神:+4 ; type:TYPE_PSYCHIC:精神:profile:+2 ; type:TYPE_NORMAL:突然変異:official_type:+3 ; type_candidate:TYPE_NORMAL:3 ; type_placeholder:TYPE_NORMAL:low_evidence ; growth:official_stage_plus_profile_power:medium_slow,113,122,113,113,113,131,705,TYPE_NORMAL,,unresolved_low_type_evidence,101,279,GROWTH_MEDIUM_SLOW,medium,profile-derived-v1
258,digimon,shroudmon,シュラウドモン,https://digimon.net/reference/detail.php?directory_name=shroudmon,究極体,魔人型,ウィルス,a883d17fb6d999b08012a2ea89c72e61ce08abc7fea365c4a7cad347687ebfd5,290,power:神:+6 ; attack:力:+2 ; attack:拳:+9 ; attack:叩:+2 ; special_attack:エネルギー:+3 ; special_attack:炎:+9 ; special_attack:火:+2 ; special_attack:雷:+6 ; special_defense:精神:+4 ; type:TYPE_FIRE:炎:profile:+6 ; type:TYPE_FIRE:炎:move:+8 ; type:TYPE_ELECTRIC:雷:profile:+2 ; type:TYPE_ELECTRIC:雷:move:+4 ; type:TYPE_FIGHTING:拳:profile:+6 ; type:TYPE_FIGHTING:拳:move:+4 ; type:TYPE_PSYCHIC:精神:profile:+2 ; type:TYPE_STEEL:鉄:profile:+2 ; type_choice:TYPE_FIRE:14 ; type_choice:TYPE_FIGHTING:10 ; growth:official_stage_plus_profile_power:slow,133,191,133,133,223,151,964,TYPE_FIRE,TYPE_FIGHTING,resolved_profile_evidence,35,384,GROWTH_SLOW,high,profile-derived-v1
259,digimon,frosvelgrmon,フロスベルグモン,https://digimon.net/reference/detail.php?directory_name=frosvelgrmon,究極体,巨鳥型,ウィルス,9ee1bd84597895935dfb4c49bc8b91bee30daed9dabbcca4ed6ec87e836dc6e6,283,speed:一瞬:+3 ; special_attack:ビーム:+4 ; special_attack:冷気:+3 ; type:TYPE_ICE:冷気:profile:+2 ; type:TYPE_ICE:凍:profile:+2 ; type:TYPE_ICE:雪:profile:+4 ; type:TYPE_ICE:ブリザード:profile:+2 ; type:TYPE_ICE:ブリザード:move:+4 ; type:TYPE_FLYING:翼:profile:+2 ; type:TYPE_FLYING:鳥:profile:+2 ; type:TYPE_FLYING:鳥:official_type:+5 ; type_choice:TYPE_ICE:14 ; growth:official_stage_plus_profile_power:slow,122,122,122,136,154,122,778,TYPE_ICE,,resolved_profile_evidence,95,290,GROWTH_SLOW,high,profile-derived-v1
260,digimon,frozomon,フロゾモン,https://digimon.net/reference/detail.php?directory_name=frozomon,完全体,マシーン型,ウィルス,878b550486181e76eebbc8172903e1439f9e2b7fb57b220c57f1b817b16afddd,283,hp:巨大:+4 ; attack:力:+4 ; attack:パンチ:+3 ; attack:剣:+3 ; attack:突進:+3 ; special_attack:氷:+9 ; special_attack:熱:+4 ; type:TYPE_ICE:氷:profile:+6 ; type:TYPE_ICE:雪:profile:+6 ; type:TYPE_FIGHTING:パンチ:profile:+2 ; type:TYPE_STEEL:マシーン:profile:+2 ; type:TYPE_STEEL:マシーン:official_type:+5 ; type_choice:TYPE_ICE:12 ; growth:official_stage_plus_profile_power:medium_slow,118,158,100,100,158,100,734,TYPE_ICE,,resolved_profile_evidence,103,281,GROWTH_MEDIUM_SLOW,high,profile-derived-v1
261,digimon,hiyarimon,ヒヤリモン,https://digimon.net/reference/detail.php?directory_name=hiyarimon,幼年期Ⅱ,レッサー型,,e7f22a0799ce78e96c3b9b220aa4a0429d81c813c0a3434b10660a621f81b45a,165,special_attack:光:+3 ; type:TYPE_ICE:雪:profile:+4 ; type_candidate:TYPE_ICE:4 ; type_placeholder:TYPE_NORMAL:low_evidence ; growth:official_stage_plus_profile_power:medium_fast,38,38,38,38,52,38,242,TYPE_NORMAL,,unresolved_low_type_evidence,218,106,GROWTH_MEDIUM_FAST,low,profile-derived-v1
262,digimon,blackseraphimon,ブラックセラフィモン,https://digimon.net/reference/detail.php?directory_name=blackseraphimon,究極体,熾天使型,ウィルス,a6d4d035c415e2e449235f8da6cbc1c5bab3adfbd420d16cafaf0abb9b1664fa,152,power:王:+2 ; defense:鎧:+4 ; special_attack:火:+2 ; special_attack:闇:+6 ; special_attack:熱:+2 ; type:TYPE_FLYING:翼:profile:+2 ; type:TYPE_DARK:闇:profile:+4 ; type:TYPE_DARK:魔王:profile:+2 ; type:TYPE_FAIRY:天使:profile:+2 ; type:TYPE_FAIRY:天使:official_type:+5 ; type:TYPE_FLYING:天使:official_type:+2 ; type_choice:TYPE_FAIRY:7 ; type_choice:TYPE_DARK:6 ; growth:official_stage_plus_profile_power:slow,126,126,144,126,171,126,819,TYPE_FAIRY,TYPE_DARK,resolved_profile_evidence,80,314,GROWTH_SLOW,high,profile-derived-v1
263,digimon,rareraremon,レアレアモン,https://digimon.net/reference/detail.php?directory_name=rareraremon,完全体,アンデッド型,ウィルス,931aa5b97a2e2a591891f6db05591055a925a87eb21aa2d6360a69b4c676c0fb,195,power:究極:+5 ; hp:生命:+2 ; speed:一瞬:+3 ; special_attack:エネルギー:+6 ; special_attack:毒:+3 ; type:TYPE_POISON:毒:profile:+2 ; type:TYPE_STEEL:機械:profile:+2 ; type:TYPE_STEEL:機械化:profile:+2 ; type:TYPE_GHOST:アンデッド:official_type:+5 ; type:TYPE_DARK:アンデッド:official_type:+3 ; type_choice:TYPE_GHOST:5 ; growth:official_stage_plus_profile_power:medium_slow,118,109,109,122,150,109,717,TYPE_GHOST,,resolved_profile_evidence,99,285,GROWTH_MEDIUM_SLOW,high,profile-derived-v1
264,digimon,climbmon,クライモン,https://digimon.net/reference/detail.php?directory_name=climbmon,完全体,昆虫型,ウィルス,94a9f5f4e45bb528070fcd3f99984939c4fbb5ca13200d3aab56c6146f2fa5f1,267,attack:斬:+3 ; attack:叩:+2 ; speed:素早:+5 ; special_attack:データ:+2 ; type:TYPE_FLYING:羽:profile:+2 ; type:TYPE_BUG:昆虫:profile:+2 ; type:TYPE_ROCK:岩:profile:+2 ; type:TYPE_BUG:昆虫:official_type:+5 ; type_choice:TYPE_BUG:7 ; growth:official_stage_plus_profile_power:medium_slow,100,122,100,122,109,100,653,TYPE_BUG,,resolved_profile_evidence,125,244,GROWTH_MEDIUM_SLOW,medium,profile-derived-v1
265,digimon,divemon,ダイブモン,https://digimon.net/reference/detail.php?directory_name=divemon,完全体,水棲型,データ,caf53560b74d49949c63e707ee6345e6d7975433b80ddb104560dd943a310cab,285,power:神:+3 ; attack:力:+2 ; attack:斬:+3 ; defense:鎧:+4 ; special_attack:データ:+2 ; special_defense:精神:+4 ; type:TYPE_WATER:水中:profile:+4 ; type:TYPE_WATER:水棲:profile:+2 ; type:TYPE_PSYCHIC:精神:profile:+2 ; type:TYPE_WATER:水棲:official_type:+5 ; type_choice:TYPE_WATER:11 ; growth:official_stage_plus_profile_power:medium_slow,105,128,123,105,114,123,698,TYPE_WATER,,resolved_profile_evidence,110,265,GROWTH_MEDIUM_SLOW,high,profile-derived-v1
266,digimon,clearagumon,クリアアグモン,https://digimon.net/reference/detail.php?directory_name=clearagumon,成長期,パペット型,ワクチン,04a9a5881bcfb7ebf3af4986e689fd83886a25c73bc31b591cdf785bde8e14ad,203,special_attack:炎:+3 ; type:TYPE_FIRE:炎:profile:+2 ; type:TYPE_NORMAL:パペット:official_type:+2 ; type:TYPE_GHOST:パペット:official_type:+2 ; type_candidate:TYPE_FIRE:2 ; type_placeholder:TYPE_NORMAL:low_evidence ; growth:official_stage_plus_profile_power:medium_fast,58,58,58,58,72,58,362,TYPE_NORMAL,,unresolved_low_type_evidence,191,146,GROWTH_MEDIUM_FAST,medium,profile-derived-v1
267,digimon,bancholilimon,バンチョーリリモン,https://digimon.net/reference/detail.php?directory_name=bancholilimon,究極体,妖精型,データ,43b6eff4316321bab4785a757c77d8486abce98f518684fd7dd60815a8a7c9b9,256,special_attack:念:+8 ; special_attack:闇:+3 ; type:TYPE_GRASS:花:profile:+2 ; type:TYPE_PSYCHIC:念:profile:+4 ; type:TYPE_DARK:闇:profile:+2 ; type:TYPE_FAIRY:妖精:profile:+2 ; type:TYPE_FAIRY:妖精:official_type:+5 ; type_choice:TYPE_FAIRY:7 ; growth:official_stage_plus_profile_power:slow,122,122,122,122,172,122,782,TYPE_FAIRY,,resolved_profile_evidence,91,299,GROWTH_SLOW,medium,profile-derived-v1
268,digimon,metalgreymon_va_x,メタルグレイモン（ワクチン種）（Ｘ抗体）,https://digimon.net/reference/detail.php?directory_name=metalgreymon_va_x,完全体,サイボーグ型,ワクチン,2bed7684e65afc7fe205d28801bd12b8b7ff1b1db6cf54012ba7c64a0d14ed91,506,power:強力:+6 ; hp:生命:+2 ; attack:パワー:+8 ; attack:力:+6 ; special_attack:エネルギー:+3 ; type:TYPE_STEEL:機械:profile:+2 ; type:TYPE_STEEL:サイボーグ:profile:+4 ; type:TYPE_STEEL:機械化:profile:+2 ; type:TYPE_STEEL:サイボーグ:official_type:+5 ; type_choice:TYPE_STEEL:13 ; growth:official_stage_plus_profile_power:medium_slow,120,174,111,111,124,111,751,TYPE_STEEL,,resolved_profile_evidence,85,307,GROWTH_MEDIUM_SLOW,medium,profile-derived-v1
269,digimon,panjyamon_x,パンジャモン（Ｘ抗体）,https://digimon.net/reference/detail.php?directory_name=panjyamon_x,完全体,獣人型,ワクチン,f695838fb0b0f4dcc49997fdffd584a5393354407e1ca9ac744fac5a3af2502a,306,attack:力:+4 ; attack:拳:+9 ; attack:斧:+3 ; attack:粉砕:+5 ; special_attack:火:+4 ; special_attack:氷:+9 ; special_attack:冷気:+6 ; type:TYPE_GRASS:花:profile:+2 ; type:TYPE_GRASS:花:move:+4 ; type:TYPE_ICE:氷:profile:+6 ; type:TYPE_ICE:氷:move:+4 ; type:TYPE_ICE:冷気:profile:+4 ; type:TYPE_ICE:凍:profile:+2 ; type:TYPE_ICE:雪:profile:+4 ; type:TYPE_ICE:雪:move:+4 ; type:TYPE_FIGHTING:拳:profile:+4 ; type:TYPE_FIGHTING:拳:move:+4 ; type:TYPE_GROUND:土:profile:+2 ; type:TYPE_ROCK:石:profile:+2 ; type:TYPE_FIGHTING:獣人:official_type:+3 ; type:TYPE_NORMAL:獣人:official_type:+2 ; type_choice:TYPE_ICE:24 ; growth:official_stage_plus_profile_power:medium_slow,100,194,100,100,186,100,780,TYPE_ICE,,resolved_profile_evidence,87,309,GROWTH_MEDIUM_SLOW,high,profile-derived-v1
270,digimon,metalmamemon_x,メタルマメモン（Ｘ抗体）,https://digimon.net/reference/detail.php?directory_name=metalmamemon_x,完全体,サイボーグ型,データ,c3fe0ce8780e43f8058ba1152c83466bfa45a536d0d105f24fc37fbd0241723e,299,power:絶大:+5 ; power:強力:+3 ; attack:力:+4 ; attack:破壊:+4 ; defense:防御:+5 ; speed:瞬時:+4 ; special_attack:エネルギー:+9 ; special_attack:レーザー:+12 ; special_attack:爆発:+3 ; type:TYPE_STEEL:機械:profile:+4 ; type:TYPE_STEEL:サイボーグ:profile:+4 ; type:TYPE_STEEL:機械化:profile:+4 ; type:TYPE_STEEL:サイボーグ:official_type:+5 ; type_choice:TYPE_STEEL:17 ; growth:official_stage_plus_profile_power:medium_slow,114,150,137,132,222,114,869,TYPE_STEEL,,resolved_profile_evidence,50,364,GROWTH_MEDIUM_SLOW,high,profile-derived-v1
271,digimon,thunderballmon_x,サンダーボールモン（Ｘ抗体）,https://digimon.net/reference/detail.php?directory_name=thunderballmon_x,成熟期,突然変異型,データ,cd31b973b28e54350195289a65e732afe28b29ca247b3f539105d03386036ffb,270,power:強力:+3 ; attack:パワー:+4 ; attack:力:+6 ; attack:パンチ:+9 ; attack:キック:+9 ; special_attack:電撃:+4 ; special_attack:電気:+9 ; special_attack:爆発:+3 ; type:TYPE_ELECTRIC:電撃:profile:+2 ; type:TYPE_ELECTRIC:電気:profile:+6 ; type:TYPE_ELECTRIC:サンダー:profile:+6 ; type:TYPE_ELECTRIC:サンダー:move:+4 ; type:TYPE_FIGHTING:パンチ:profile:+4 ; type:TYPE_FIGHTING:パンチ:move:+4 ; type:TYPE_FIGHTING:キック:profile:+4 ; type:TYPE_FIGHTING:キック:move:+4 ; type:TYPE_ROCK:石:profile:+2 ; type:TYPE_NORMAL:突然変異:official_type:+3 ; type_choice:TYPE_ELECTRIC:18 ; type_choice:TYPE_FIGHTING:16 ; growth:official_stage_plus_profile_power:medium_fast,83,209,83,83,155,83,696,TYPE_ELECTRIC,TYPE_FIGHTING,resolved_profile_evidence,94,301,GROWTH_MEDIUM_FAST,high,profile-derived-v1
272,digimon,monochromon_x,モノクロモン（Ｘ抗体）,https://digimon.net/reference/detail.php?directory_name=monochromon_x,成熟期,鎧竜型,データ,5eb7b642ab8b64162cbb68214dfdd55e6e5285ed690c358c8e6263001221ec4c,372,power:強力:+3 ; hp:巨大:+6 ; attack:パワー:+4 ; attack:力:+2 ; attack:爪:+3 ; defense:鎧:+4 ; defense:硬質:+8 ; special_attack:炎:+3 ; special_attack:火:+2 ; special_attack:光:+3 ; type:TYPE_FIRE:炎:profile:+2 ; type:TYPE_FIRE:火炎:profile:+2 ; type:TYPE_GRASS:草:profile:+2 ; type:TYPE_GROUND:地面:profile:+2 ; type:TYPE_DRAGON:竜:profile:+2 ; type:TYPE_DRAGON:竜:official_type:+5 ; type_choice:TYPE_DRAGON:7 ; growth:official_stage_plus_profile_power:medium_fast,110,124,137,83,119,83,656,TYPE_DRAGON,,resolved_profile_evidence,116,259,GROWTH_MEDIUM_FAST,high,profile-derived-v1
273,digimon,dobermon_x,ドーベルモン（Ｘ抗体）,https://digimon.net/reference/detail.php?directory_name=dobermon_x,成熟期,魔獣型,ウィルス,38b12035b81b014e8823bced5b607e0ad47da87391a7afdd8de47d030a5ab482,326,attack:力:+4 ; attack:破壊:+4 ; special_attack:光:+3 ; type:TYPE_NORMAL:獣型:official_type:+4 ; type:TYPE_DARK:魔獣:official_type:+4 ; type:TYPE_NORMAL:魔獣:official_type:+2 ; type_choice:TYPE_NORMAL:6 ; growth:official_stage_plus_profile_power:medium_fast,78,114,78,78,92,78,518,TYPE_NORMAL,,resolved_profile_evidence,153,205,GROWTH_MEDIUM_FAST,medium,profile-derived-v1
274,digimon,gesomon_x,ゲソモン（Ｘ抗体）,https://digimon.net/reference/detail.php?directory_name=gesomon_x,成熟期,軟体型,ウィルス,fc80ae3b7c499362403d4a869840d88274d77ce09fbf2ca66b8af61fe9ed56b7,430,power:神:+3 ; special_attack:毒:+9 ; type:TYPE_WATER:海:profile:+4 ; type:TYPE_WATER:深海:profile:+4 ; type:TYPE_POISON:毒:profile:+6 ; type:TYPE_POISON:毒素:profile:+4 ; type:TYPE_DARK:悪魔:profile:+2 ; type_choice:TYPE_POISON:10 ; type_choice:TYPE_WATER:8 ; growth:official_stage_plus_profile_power:medium_fast,83,83,83,83,124,83,539,TYPE_POISON,TYPE_WATER,resolved_profile_evidence,141,223,GROWTH_MEDIUM_FAST,medium,profile-derived-v1
275,digimon,gottsumon_x,ゴツモン（Ｘ抗体）,https://digimon.net/reference/detail.php?directory_name=gottsumon_x,成長期,鉱石型,データ,be2cfc48dfb4c37eab6faee5134ccf45b1350edefb3de9be22fd73e2769e5b5d,347,power:強力:+3 ; attack:パワー:+4 ; attack:力:+6 ; attack:破壊:+4 ; defense:防御:+10 ; special_attack:火:+4 ; special_attack:データ:+6 ; type:TYPE_ROCK:石:profile:+6 ; type:TYPE_ROCK:鉱石:profile:+6 ; type:TYPE_ROCK:鉱石:official_type:+5 ; type:TYPE_STEEL:鉱石:official_type:+2 ; type_choice:TYPE_ROCK:17 ; growth:profile:fluctuating,63,126,108,63,108,63,531,TYPE_ROCK,,resolved_profile_evidence,143,221,GROWTH_FLUCTUATING,high,profile-derived-v1
276,digimon,ganimon_x,ガニモン（Ｘ抗体）,https://digimon.net/reference/detail.php?directory_name=ganimon_x,成長期,甲殻類型,データ,4cbc52af04cbeec808d2545283e0b881e7af13953801cb5351970f826a8b39b1,409,hp:巨大:+2 ; attack:力:+6 ; defense:防御:+5 ; defense:甲殻:+8 ; speed:素早:+5 ; special_attack:データ:+4 ; type:TYPE_WATER:海:profile:+6 ; type:TYPE_STEEL:金属:profile:+4 ; type_choice:TYPE_WATER:6 ; growth:official_stage_plus_profile_power:medium_fast,67,85,116,80,76,58,482,TYPE_WATER,,resolved_profile_evidence,159,197,GROWTH_MEDIUM_FAST,medium,profile-derived-v1
277,digimon,guilmon_x,ギルモン（Ｘ抗体）,https://digimon.net/reference/detail.php?directory_name=guilmon_x,成長期,魔竜型,ウィルス,d3d573a72c534e76751b8eb7f522494429e20341f9a16b172cfa2938e260c4b1,453,power:強力:+3 ; attack:力:+6 ; attack:爪:+3 ; attack:破壊:+4 ; special_attack:炎:+3 ; special_attack:火:+2 ; special_attack:データ:+2 ; special_defense:守護:+8 ; type:TYPE_FIRE:炎:profile:+2 ; type:TYPE_FIRE:火炎:profile:+2 ; type:TYPE_ROCK:岩:profile:+2 ; type:TYPE_ROCK:石:profile:+2 ; type:TYPE_DRAGON:竜:profile:+2 ; type:TYPE_DRAGON:恐竜:profile:+2 ; type:TYPE_DRAGON:竜:official_type:+5 ; type_choice:TYPE_DRAGON:9 ; growth:official_stage_plus_profile_power:medium_fast,63,122,63,63,95,99,505,TYPE_DRAGON,,resolved_profile_evidence,148,213,GROWTH_MEDIUM_FAST,high,profile-derived-v1
278,digimon,shoutmon_ex6,シャウトモンEX6,https://digimon.net/reference/detail.php?directory_name=shoutmon_ex6,"究極体
(クロスウォーズ)",合成型,データ,4c66336b0673613d4a4050cb49ab92ea70b8ec60d4791b30ed8bc01bc9e940d2,220,attack:力:+4 ; attack:拳:+3 ; attack:剣:+3 ; attack:破壊:+4 ; defense:防御:+5 ; defense:装甲:+5 ; speed:瞬間:+3 ; speed:飛翔:+3 ; type:TYPE_FIGHTING:拳:profile:+2 ; type:TYPE_FLYING:飛翔:profile:+2 ; type:TYPE_FLYING:翼:profile:+2 ; type:TYPE_STEEL:装甲:profile:+2 ; type_candidate:TYPE_FLYING:4 ; type_placeholder:TYPE_NORMAL:low_evidence ; growth:official_stage_plus_profile_power:slow,122,185,167,149,122,122,867,TYPE_NORMAL,,unresolved_low_type_evidence,72,327,GROWTH_SLOW,medium,profile-derived-v1
279,digimon,torikaraballmon,とりからボールモン,https://digimon.net/reference/detail.php?directory_name=torikaraballmon,幼年期Ⅱ,食物型,,20d217cc94b8e59f0b67518c47b61a4fd7cc4ee785296fc7a488aafe7ffcbc40,152,special_attack:データ:+2 ; type:TYPE_GRASS:植物:profile:+2 ; type:TYPE_GRASS:植物:move:+4 ; type_choice:TYPE_GRASS:6 ; growth:official_stage_plus_profile_power:medium_fast,38,38,38,38,47,38,237,TYPE_GRASS,,resolved_profile_evidence,220,102,GROWTH_MEDIUM_FAST,low,profile-derived-v1
280,digimon,burgamon,バーガモン,https://digimon.net/reference/detail.php?directory_name=burgamon,成長期,食物型,ワクチン,9156999ebe9be89c489f4e1d3af2768858ab820b33792bdb771a4d5bbeabdef5,211,special_attack:データ:+2 ; type_placeholder:TYPE_NORMAL:no_specialized_affinity_evidence ; growth:official_stage_plus_profile_power:medium_fast,58,58,58,58,67,58,357,TYPE_NORMAL,,unresolved_no_specialized_type_evidence,193,142,GROWTH_MEDIUM_FAST,low,profile-derived-v1
281,digimon,potamon,ポテモン,https://digimon.net/reference/detail.php?directory_name=potamon,成熟期,食物型,ワクチン,18a2da7407725b19e7496956a22827c3cf510d8ad842e8b9466c9fa3e9045791,235,attack:叩:+2 ; special_attack:データ:+2 ; type_placeholder:TYPE_NORMAL:no_specialized_affinity_evidence ; growth:official_stage_plus_profile_power:medium_fast,78,87,78,78,87,78,486,TYPE_NORMAL,,unresolved_no_specialized_type_evidence,164,185,GROWTH_MEDIUM_FAST,low,profile-derived-v1
282,digimon,achillesmon,アキレウスモン,https://digimon.net/reference/detail.php?directory_name=achillesmon,究極体,獣人型,ウィルス,7a2c21bd8cb8167a197e75dbee3466835fdc2c31dcc3dcecaf7d8783a87e3141,251,power:究極:+5 ; power:神:+6 ; attack:力:+4 ; attack:槍:+3 ; attack:叩:+2 ; defense:盾:+4 ; speed:高速:+5 ; type:TYPE_FIGHTING:獣人:official_type:+3 ; type:TYPE_NORMAL:獣人:official_type:+2 ; type_candidate:TYPE_FIGHTING:3 ; type_placeholder:TYPE_NORMAL:low_evidence ; growth:official_stage_plus_profile_power:slow,142,182,160,164,142,142,932,TYPE_NORMAL,,unresolved_low_type_evidence,40,370,GROWTH_SLOW,medium,profile-derived-v1
283,digimon,shivamon,シーヴァモン,https://digimon.net/reference/detail.php?directory_name=shivamon,究極体,昆虫型,データ,fb49ec214e613a24293bd388ba592c9b9334ccb839b27832e0187c116a433bd2,296,power:究極:+5 ; power:強力:+3 ; power:神:+3 ; attack:パワー:+8 ; attack:力:+4 ; attack:破壊:+4 ; attack:粉砕:+5 ; defense:バリア:+8 ; special_attack:エネルギー:+6 ; special_attack:光:+3 ; special_defense:バリア:+8 ; type:TYPE_BUG:昆虫:official_type:+5 ; type_choice:TYPE_BUG:5 ; growth:official_stage_plus_profile_power:slow,142,236,178,142,182,178,1058,TYPE_BUG,,resolved_profile_evidence,5,427,GROWTH_SLOW,medium,profile-derived-v1
284,digimon,kazuchimon,カヅチモン,https://digimon.net/reference/detail.php?directory_name=kazuchimon,究極体,神人型,ワクチン,6b01cf334e16bcd8d7d86e4e938e69a62b8f3bb0609ca6d33a9ac10509064dcc,281,power:究極:+5 ; power:超高:+3 ; power:神:+9 ; attack:力:+2 ; attack:刀:+9 ; attack:斬:+3 ; special_attack:エネルギー:+3 ; special_attack:雷:+9 ; special_attack:電気:+3 ; special_attack:光:+6 ; special_defense:精神:+4 ; special_defense:結界:+5 ; special_defense:聖:+2 ; type:TYPE_ELECTRIC:雷:profile:+6 ; type:TYPE_ELECTRIC:雷:move:+8 ; type:TYPE_ELECTRIC:電気:profile:+2 ; type:TYPE_FIGHTING:戦士:profile:+2 ; type:TYPE_PSYCHIC:精神:profile:+2 ; type:TYPE_FAIRY:聖なる:profile:+2 ; type:TYPE_FAIRY:聖:profile:+2 ; type:TYPE_FAIRY:神人:official_type:+3 ; type:TYPE_FIGHTING:神人:official_type:+2 ; type_choice:TYPE_ELECTRIC:16 ; growth:official_stage_plus_profile_power:slow,153,216,153,153,247,202,1124,TYPE_ELECTRIC,,resolved_profile_evidence,3,464,GROWTH_SLOW,high,profile-derived-v1
285,digimon,pistmon,ピストモン,https://digimon.net/reference/detail.php?directory_name=pistmon,完全体,植物型,ウィルス,b3c5c7d93aaa900b11b757c26ae60e48e62f3c567ef15d36019a1adbac903d7d,238,power:驚異:+3 ; hp:巨大:+2 ; speed:走:+4 ; special_attack:毒:+3 ; type:TYPE_GRASS:植物:profile:+2 ; type:TYPE_POISON:毒:profile:+2 ; type:TYPE_GRASS:植物:official_type:+5 ; type_choice:TYPE_GRASS:7 ; growth:official_stage_plus_profile_power:medium_slow,114,105,105,123,119,105,671,TYPE_GRASS,,resolved_profile_evidence,116,256,GROWTH_MEDIUM_SLOW,medium,profile-derived-v1
286,digimon,tempomon,テンポモン,https://digimon.net/reference/detail.php?directory_name=tempomon,完全体,鳥人型,データ,b4bd0d0ba4e710c1cb87d45ad91ecc6542871226d8454f09247f7ab3d5778621,260,attack:拳:+3 ; special_attack:データ:+2 ; type:TYPE_FIGHTING:拳:profile:+2 ; type:TYPE_FLYING:鳥:profile:+2 ; type:TYPE_DRAGON:竜:profile:+2 ; type:TYPE_FLYING:鳥:official_type:+5 ; type_choice:TYPE_FLYING:7 ; growth:official_stage_plus_profile_power:medium_slow,100,114,100,100,109,100,623,TYPE_FLYING,,resolved_profile_evidence,133,232,GROWTH_MEDIUM_SLOW,medium,profile-derived-v1
287,digimon,shootmon,シュートモン,https://digimon.net/reference/detail.php?directory_name=shootmon,完全体,マシーン型,ワクチン,0f070da1f6bd4a9ced57724e43fcfd67fbb9f895c314df16238596d17c0bd646,282,attack:突進:+3 ; special_attack:データ:+2 ; type:TYPE_STEEL:マシーン:profile:+2 ; type:TYPE_STEEL:マシーン:official_type:+5 ; type_choice:TYPE_STEEL:7 ; growth:official_stage_plus_profile_power:medium_slow,100,114,100,100,109,100,623,TYPE_STEEL,,resolved_profile_evidence,133,232,GROWTH_MEDIUM_SLOW,medium,profile-derived-v1
288,digimon,boutmon,バウトモン,https://digimon.net/reference/detail.php?directory_name=boutmon,完全体,獣人型,ワクチン,dfb3d6a678d7d9148e25db2567085c79eaee33c569955ccbaf36da57ed8e8d6c,264,attack:格闘:+12 ; attack:パンチ:+3 ; attack:叩:+2 ; special_attack:エネルギー:+3 ; special_attack:雷:+9 ; special_attack:データ:+2 ; type:TYPE_ELECTRIC:雷:profile:+6 ; type:TYPE_ELECTRIC:雷:move:+8 ; type:TYPE_FIGHTING:格闘:profile:+6 ; type:TYPE_FIGHTING:パンチ:profile:+2 ; type:TYPE_FIGHTING:獣人:official_type:+3 ; type:TYPE_NORMAL:獣人:official_type:+2 ; type_choice:TYPE_ELECTRIC:14 ; type_choice:TYPE_FIGHTING:11 ; growth:official_stage_plus_profile_power:medium_slow,100,176,100,100,163,100,739,TYPE_ELECTRIC,TYPE_FIGHTING,resolved_profile_evidence,98,290,GROWTH_MEDIUM_SLOW,high,profile-derived-v1
289,digimon,mitamamon,ミタマモン,https://digimon.net/reference/detail.php?directory_name=mitamamon,究極体,神獣型,ワクチン,1a50151d3de0eda042001a11c139f1a9066c0c43e2b02b348d648cf366001171,412,power:神:+3 ; hp:回復:+3 ; special_attack:エネルギー:+3 ; special_attack:炎:+9 ; special_attack:火:+2 ; special_attack:雷:+9 ; special_defense:回復:+3 ; special_defense:神聖:+3 ; special_defense:聖:+2 ; type:TYPE_FIRE:炎:profile:+4 ; type:TYPE_FIRE:炎:move:+4 ; type:TYPE_ELECTRIC:雷:profile:+6 ; type:TYPE_ELECTRIC:雷:move:+4 ; type:TYPE_GHOST:魂:profile:+2 ; type:TYPE_STEEL:鉄:profile:+2 ; type:TYPE_FAIRY:神聖:profile:+2 ; type:TYPE_FAIRY:聖:profile:+2 ; type:TYPE_NORMAL:獣型:official_type:+4 ; type_choice:TYPE_ELECTRIC:10 ; type_choice:TYPE_FIRE:8 ; growth:official_stage_plus_profile_power:slow,141,127,127,127,231,163,916,TYPE_ELECTRIC,TYPE_FIRE,resolved_profile_evidence,48,368,GROWTH_SLOW,high,profile-derived-v1
290,digimon,lovelyangemon,ラブリーエンジェモン,https://digimon.net/reference/detail.php?directory_name=lovelyangemon,究極体,戦士型,ワクチン,e90a16732ea2fa8d79857906dd101e15bc90d233dec0f8b78ae5afe28aa52acc,309,attack:力:+2 ; attack:格闘:+4 ; attack:拳:+9 ; attack:キック:+3 ; special_attack:エネルギー:+3 ; special_attack:データ:+2 ; special_defense:浄化:+4 ; type:TYPE_FIGHTING:格闘:profile:+2 ; type:TYPE_FIGHTING:拳:profile:+6 ; type:TYPE_FIGHTING:キック:profile:+2 ; type:TYPE_FAIRY:天使:profile:+2 ; type:TYPE_FIGHTING:戦士:official_type:+4 ; type_choice:TYPE_FIGHTING:14 ; growth:official_stage_plus_profile_power:slow,122,203,122,122,144,140,853,TYPE_FIGHTING,,resolved_profile_evidence,71,332,GROWTH_SLOW,high,profile-derived-v1
291,digimon,bibimon,ビビモン,https://digimon.net/reference/detail.php?directory_name=bibimon,幼年期Ⅱ,レッサー型,,a7657b1a018427ddfbd1bb057ae29260ee766780b3c3c2a775f3def26a091286,142,speed:走:+2 ; special_attack:電気:+3 ; type:TYPE_ELECTRIC:電気:profile:+2 ; type:TYPE_NORMAL:日常:profile:+2 ; type_candidate:TYPE_ELECTRIC:2 ; type_placeholder:TYPE_NORMAL:low_evidence ; growth:official_stage_plus_profile_power:medium_fast,38,38,38,47,52,38,251,TYPE_NORMAL,,unresolved_low_type_evidence,216,108,GROWTH_MEDIUM_FAST,medium,profile-derived-v1
292,digimon,dokimon,ドキモン,https://digimon.net/reference/detail.php?directory_name=dokimon,幼年期Ⅰ,スライム型,,adc74ab5a64d27931322680dcb22c2686b3fc0a96d2ca686f3857f1e4d97f4ee,135,special_attack:電気:+6 ; special_attack:データ:+2 ; type:TYPE_ELECTRIC:電気:profile:+2 ; type:TYPE_ELECTRIC:電気:move:+4 ; type_choice:TYPE_ELECTRIC:6 ; growth:official_stage_plus_profile_power:medium_fast,28,28,28,28,64,28,204,TYPE_ELECTRIC,,resolved_profile_evidence,223,102,GROWTH_MEDIUM_FAST,medium,profile-derived-v1
293,digimon,namakemon,ナマケモン,https://digimon.net/reference/detail.php?directory_name=namakemon,成熟期,パペット型,ウィルス,75f14fff89b28b9e4c3b1aecf5d111d4748601c6e888b5592c0e138f7d66747b,217,special_attack:毒:+3 ; type:TYPE_POISON:毒:profile:+2 ; type:TYPE_NORMAL:生活:profile:+2 ; type:TYPE_NORMAL:パペット:official_type:+2 ; type:TYPE_GHOST:パペット:official_type:+2 ; type_candidate:TYPE_NORMAL:4 ; type_placeholder:TYPE_NORMAL:low_evidence ; growth:official_stage_plus_profile_power:medium_fast,78,78,78,78,92,78,482,TYPE_NORMAL,,unresolved_low_type_evidence,164,186,GROWTH_MEDIUM_FAST,medium,profile-derived-v1
294,digimon,runnermon,ランナモン,https://digimon.net/reference/detail.php?directory_name=runnermon,成熟期,獣型,ウィルス,ceb4741091a36b381c1f5d83d81b08bc22ee3f2b52fab1706d09c77a86865286,216,attack:力:+2 ; attack:突進:+3 ; speed:スピード:+12 ; speed:走:+6 ; special_attack:エネルギー:+3 ; special_attack:火:+2 ; special_attack:光:+3 ; special_attack:データ:+2 ; type:TYPE_ELECTRIC:ライトニング:profile:+2 ; type:TYPE_ELECTRIC:ライトニング:move:+4 ; type:TYPE_ROCK:石:profile:+2 ; type:TYPE_STEEL:マシーン:profile:+2 ; type:TYPE_NORMAL:獣型:official_type:+4 ; type_choice:TYPE_ELECTRIC:6 ; growth:official_stage_plus_profile_power:medium_fast,78,100,78,159,123,78,616,TYPE_ELECTRIC,,resolved_profile_evidence,125,251,GROWTH_MEDIUM_FAST,high,profile-derived-v1
295,digimon,exermon,エキサモン,https://digimon.net/reference/detail.php?directory_name=exermon,成熟期,昆虫型,データ,6b7b7f2fc56fc0a3d1a0ace593b42346f8aa9f8366d13603ec37902a2da610b6,239,attack:力:+2 ; special_attack:エネルギー:+3 ; special_attack:電気:+6 ; special_attack:光:+3 ; special_attack:データ:+2 ; special_defense:吸収:+4 ; type:TYPE_ELECTRIC:電気:profile:+4 ; type:TYPE_BUG:昆虫:official_type:+5 ; type_choice:TYPE_BUG:5 ; growth:official_stage_plus_profile_power:medium_fast,78,87,78,78,141,96,558,TYPE_BUG,,resolved_profile_evidence,140,228,GROWTH_MEDIUM_FAST,medium,profile-derived-v1
296,digimon,bulkmon,バルクモン,https://digimon.net/reference/detail.php?directory_name=bulkmon,成熟期,竜人型,ワクチン,4873400e543e1992e7d5a031a835eacd0ae253babf1d2fecf6b2b4ffe46b34a7,224,power:圧倒:+5 ; hp:巨体:+3 ; attack:パワー:+8 ; attack:力:+4 ; attack:拳:+3 ; speed:スピード:+4 ; special_attack:エネルギー:+3 ; special_attack:雷:+3 ; special_attack:電気:+6 ; special_attack:データ:+2 ; type:TYPE_ELECTRIC:雷:profile:+2 ; type:TYPE_ELECTRIC:電気:profile:+4 ; type:TYPE_ELECTRIC:サンダー:profile:+2 ; type:TYPE_ELECTRIC:サンダー:move:+4 ; type:TYPE_FIGHTING:拳:profile:+2 ; type:TYPE_FIGHTING:筋肉:profile:+4 ; type:TYPE_DRAGON:竜:official_type:+5 ; type_choice:TYPE_ELECTRIC:12 ; growth:profile:slow,100,154,87,105,150,87,683,TYPE_ELECTRIC,,resolved_profile_evidence,104,278,GROWTH_SLOW,high,profile-derived-v1
297,digimon,komondomon,コモンドモン,https://digimon.net/reference/detail.php?directory_name=komondomon,成熟期,獣型,データ,0e0522cd1bffb1238a8b1b28473793889c63daf443cbc47c741981872615b7d7,218,hp:巨体:+3 ; attack:突進:+3 ; speed:走:+2 ; type:TYPE_WATER:水中:profile:+2 ; type:TYPE_GROUND:地面:profile:+2 ; type:TYPE_NORMAL:獣型:official_type:+4 ; type_candidate:TYPE_NORMAL:4 ; type_placeholder:TYPE_NORMAL:low_evidence ; growth:official_stage_plus_profile_power:medium_fast,92,92,78,87,78,78,505,TYPE_NORMAL,,unresolved_low_type_evidence,160,192,GROWTH_MEDIUM_FAST,medium,profile-derived-v1
298,digimon,pulsemon,パルスモン,https://digimon.net/reference/detail.php?directory_name=pulsemon,成長期,獣人型,ワクチン,73b234b146c498924b08c8048882856a2b543205921d02ab35e600d6ad7491df,266,attack:力:+4 ; speed:素早:+5 ; special_attack:火:+2 ; special_attack:電気:+3 ; special_attack:光:+3 ; special_attack:データ:+4 ; type:TYPE_ELECTRIC:電気:profile:+2 ; type:TYPE_ROCK:石:profile:+2 ; type:TYPE_FIGHTING:獣人:official_type:+3 ; type:TYPE_NORMAL:獣人:official_type:+2 ; type_candidate:TYPE_FIGHTING:3 ; type_placeholder:TYPE_NORMAL:low_evidence ; growth:official_stage_plus_profile_power:medium_fast,58,76,58,80,112,58,442,TYPE_NORMAL,,unresolved_low_type_evidence,168,185,GROWTH_MEDIUM_FAST,medium,profile-derived-v1
299,digimon,omegamon_merciful,オメガモン：マーシフルモード,https://digimon.net/reference/detail.php?directory_name=omegamon_merciful,究極体,聖騎士型,ワクチン,e993447e43576cc0a5d09efde1a4b781a124c85093f157e872fc6ffe96d7fe1a,368,attack:パワー:+4 ; attack:刀:+9 ; attack:斬:+3 ; special_attack:レーザー:+4 ; special_attack:冷気:+3 ; special_attack:光:+3 ; type:TYPE_ICE:冷気:profile:+2 ; type:TYPE_FLYING:翼:profile:+2 ; type:TYPE_FAIRY:天使:profile:+2 ; type:TYPE_FAIRY:聖:official_type:+3 ; type_choice:TYPE_FAIRY:5 ; growth:official_stage_plus_profile_power:slow,122,194,122,122,167,122,849,TYPE_FAIRY,,resolved_profile_evidence,73,327,GROWTH_SLOW,high,profile-derived-v1
300,digimon,donedevimon,ダンデビモン,https://digimon.net/reference/detail.php?directory_name=donedevimon,究極体,堕天使型,ウィルス,7c676821e131985b3812ae93a2da51da54305ba109cc1541428d8b1526ca09cb,208,power:究極:+5 ; power:神:+3 ; attack:破壊:+4 ; attack:叩:+2 ; speed:走:+2 ; special_attack:エネルギー:+3 ; special_attack:データ:+4 ; special_defense:精神:+4 ; type:TYPE_PSYCHIC:精神:profile:+2 ; type:TYPE_FAIRY:天使:official_type:+5 ; type:TYPE_FLYING:天使:official_type:+2 ; type_choice:TYPE_FAIRY:5 ; growth:profile:erratic,136,163,136,145,168,154,902,TYPE_FAIRY,,resolved_profile_evidence,54,349,GROWTH_ERRATIC,high,profile-derived-v1
301,digimon,waregarurumon_sagittarius,ワーガルルモン：サジタリウスモード,https://digimon.net/reference/detail.php?directory_name=waregarurumon_sagittarius,完全体,獣人型,ワクチン,e9f19cb74908989edd12767a1064859d79ef76463ccacc078644e2b98f876635,230,attack:力:+4 ; speed:高速:+5 ; speed:機動:+4 ; speed:飛行:+2 ; speed:敏捷:+5 ; special_attack:レーザー:+4 ; type:TYPE_FLYING:飛行:profile:+2 ; type:TYPE_FIGHTING:獣人:official_type:+3 ; type:TYPE_NORMAL:獣人:official_type:+2 ; type_candidate:TYPE_FIGHTING:3 ; type_placeholder:TYPE_NORMAL:low_evidence ; growth:official_stage_plus_profile_power:medium_slow,100,118,100,172,118,100,708,TYPE_NORMAL,,unresolved_low_type_evidence,105,280,GROWTH_MEDIUM_SLOW,medium,profile-derived-v1
302,digimon,imperialdramon_dragon_black,インペリアルドラモン：ドラゴンモード(黒),https://digimon.net/reference/detail.php?directory_name=imperialdramon_dragon_black,究極体,古代竜型,ウィルス,a609d741b0440f519d123e21464ae438974e3a391691051e77c4a2f1692248f7,158,power:強大:+4 ; attack:パワー:+8 ; attack:破壊:+8 ; speed:走:+4 ; special_attack:闇:+3 ; type:TYPE_FIGHTING:戦士:profile:+2 ; type:TYPE_DRAGON:竜:profile:+4 ; type:TYPE_DARK:闇:profile:+2 ; type:TYPE_DARK:暗黒:profile:+2 ; type:TYPE_DRAGON:竜:official_type:+5 ; type_choice:TYPE_DRAGON:9 ; growth:profile:erratic,129,201,129,147,143,129,878,TYPE_DRAGON,,resolved_profile_evidence,59,347,GROWTH_ERRATIC,high,profile-derived-v1
303,digimon,manticoremon,マンティコアモン,https://digimon.net/reference/detail.php?directory_name=manticoremon,完全体,魔獣型,ウィルス,691b8b86e8a053d3a9a3215bdf5bf9bf86ee1e27788b5598f1c554979e4e6aa1,240,special_attack:エネルギー:+3 ; special_attack:データ:+2 ; type:TYPE_DARK:悪魔:profile:+2 ; type:TYPE_FAIRY:天使:profile:+4 ; type:TYPE_NORMAL:獣型:official_type:+4 ; type:TYPE_DARK:魔獣:official_type:+4 ; type:TYPE_NORMAL:魔獣:official_type:+2 ; type_choice:TYPE_DARK:6 ; type_choice:TYPE_NORMAL:6 ; growth:official_stage_plus_profile_power:medium_slow,100,100,100,100,122,100,622,TYPE_DARK,TYPE_NORMAL,resolved_profile_evidence,131,236,GROWTH_MEDIUM_SLOW,medium,profile-derived-v1
304,digimon,mimicmon,ミミックモン,https://digimon.net/reference/detail.php?directory_name=mimicmon,成熟期,突然変異型,ウィルス,b736d89052c7dae1cba1d1ad3a29f0488b723570b6f7266c5d3b47dac2e18e6f,282,attack:力:+2 ; special_attack:データ:+2 ; type:TYPE_NORMAL:突然変異:official_type:+3 ; type_candidate:TYPE_NORMAL:3 ; type_placeholder:TYPE_NORMAL:low_evidence ; growth:profile:slow,78,87,78,78,87,78,486,TYPE_NORMAL,,unresolved_low_type_evidence,164,185,GROWTH_SLOW,low,profile-derived-v1
305,digimon,baluchimon,バルキモン,https://digimon.net/reference/detail.php?directory_name=baluchimon,成熟期,聖獣型,データ,1a2b97ddb387cdbf53f9d49bfc6eef826c3dbd90fa48e06adcb9ef47e31e5a8c,254,attack:力:+4 ; attack:キック:+6 ; speed:瞬時:+4 ; special_attack:念:+4 ; special_defense:聖:+2 ; special_defense:守護:+4 ; type:TYPE_FIGHTING:キック:profile:+2 ; type:TYPE_FIGHTING:キック:move:+4 ; type:TYPE_GROUND:土:profile:+2 ; type:TYPE_PSYCHIC:念:profile:+2 ; type:TYPE_PSYCHIC:幻覚:profile:+2 ; type:TYPE_FAIRY:天使:profile:+2 ; type:TYPE_FAIRY:聖:profile:+2 ; type:TYPE_FAIRY:聖:official_type:+3 ; type:TYPE_NORMAL:獣型:official_type:+4 ; type:TYPE_FAIRY:聖獣:official_type:+4 ; type:TYPE_NORMAL:聖獣:official_type:+2 ; type_choice:TYPE_FAIRY:11 ; growth:official_stage_plus_profile_power:medium_fast,78,123,78,96,96,105,576,TYPE_FAIRY,,resolved_profile_evidence,140,224,GROWTH_MEDIUM_FAST,high,profile-derived-v1
306,digimon,darkmaildramon,ダークメイルドラモン,https://digimon.net/reference/detail.php?directory_name=darkmaildramon,成熟期,サイボーグ型,ウィルス,53305e9529f84a3e990555e97b26cecac78aeeb436ef62c73a07302999be0a5a,179,hp:巨体:+3 ; attack:力:+2 ; defense:装甲:+5 ; special_attack:闇:+6 ; type:TYPE_FLYING:翼:profile:+2 ; type:TYPE_FLYING:羽:profile:+2 ; type:TYPE_DARK:闇:profile:+4 ; type:TYPE_DARK:暗黒:profile:+2 ; type:TYPE_DARK:ダーク:profile:+2 ; type:TYPE_DARK:ダーク:move:+4 ; type:TYPE_STEEL:装甲:profile:+2 ; type:TYPE_STEEL:サイボーグ:official_type:+5 ; type_choice:TYPE_DARK:12 ; growth:official_stage_plus_profile_power:medium_fast,92,87,100,78,105,78,540,TYPE_DARK,,resolved_profile_evidence,150,207,GROWTH_MEDIUM_FAST,high,profile-derived-v1
307,digimon,metalgreymon_alter,メタルグレイモン：アルタラウスモード,https://digimon.net/reference/detail.php?directory_name=metalgreymon_alter,完全体,サイボーグ型,ワクチン,df46d2ed2970a519be7d8070f1cbaadf41ba9baf388e6a0dd1f4a2920a71da1e,227,power:強力:+3 ; attack:パワー:+4 ; attack:力:+4 ; attack:剣:+3 ; special_attack:エネルギー:+9 ; special_attack:光:+3 ; type:TYPE_STEEL:機械:profile:+4 ; type:TYPE_STEEL:機械化:profile:+4 ; type:TYPE_STEEL:サイボーグ:official_type:+5 ; type_choice:TYPE_STEEL:13 ; growth:official_stage_plus_profile_power:medium_slow,105,155,105,105,159,105,734,TYPE_STEEL,,resolved_profile_evidence,97,289,GROWTH_MEDIUM_SLOW,medium,profile-derived-v1
308,digimon,rebellimon,リベリモン,https://digimon.net/reference/detail.php?directory_name=rebellimon,完全体,サイボーグ型,ウィルス,fbd8772681ea5d87590823387abff2ff15bddb3183642355fcd2aa2afe87d4ce,209,attack:力:+2 ; attack:粉砕:+5 ; speed:走:+2 ; special_attack:データ:+2 ; type:TYPE_STEEL:機械:profile:+2 ; type:TYPE_STEEL:サイボーグ:profile:+2 ; type:TYPE_STEEL:サイボーグ:official_type:+5 ; type_choice:TYPE_STEEL:9 ; growth:official_stage_plus_profile_power:medium_slow,100,132,100,109,109,100,650,TYPE_STEEL,,resolved_profile_evidence,124,247,GROWTH_MEDIUM_SLOW,medium,profile-derived-v1
309,digimon,machmon,マッハモン,https://digimon.net/reference/detail.php?directory_name=machmon,成熟期,サイボーグ型,ワクチン,df9ec3b22191538e3ff191b1aac19184106ad026a56189fa12fd73aa47b1efe1,213,attack:斬:+3 ; speed:高速:+5 ; speed:走:+4 ; type:TYPE_GROUND:土:profile:+2 ; type:TYPE_STEEL:サイボーグ:profile:+2 ; type:TYPE_STEEL:サイボーグ:official_type:+5 ; type_choice:TYPE_STEEL:7 ; growth:profile:erratic,78,92,78,118,78,78,522,TYPE_STEEL,,resolved_profile_evidence,151,208,GROWTH_ERRATIC,medium,profile-derived-v1
310,digimon,junkmon,ジャンクモン,https://digimon.net/reference/detail.php?directory_name=junkmon,成長期,パペット型,ウィルス,f37287a726937e2d7b62fd3969d23b01d91daf6f67dc6431c046c7fb0c8ddbd8,200,attack:叩:+2 ; type:TYPE_NORMAL:パペット:official_type:+2 ; type:TYPE_GHOST:パペット:official_type:+2 ; type_candidate:TYPE_GHOST:2 ; type_placeholder:TYPE_NORMAL:low_evidence ; growth:official_stage_plus_profile_power:medium_fast,58,67,58,58,58,58,357,TYPE_NORMAL,,unresolved_low_type_evidence,193,142,GROWTH_MEDIUM_FAST,low,profile-derived-v1
311,digimon,heavyleomon,ヘヴィーレオモン,https://digimon.net/reference/detail.php?directory_name=heavyleomon,究極体,マシーン型,ワクチン,758e3609c177f575a27f052253e88b677163dce05921738b1b914dc62707b35c,404,power:超高:+3 ; hp:巨体:+3 ; attack:パワー:+8 ; attack:力:+4 ; attack:突進:+9 ; defense:鎧:+4 ; special_attack:炎:+3 ; special_attack:熱:+4 ; type:TYPE_FIRE:炎:profile:+2 ; type:TYPE_STEEL:マシーン:profile:+4 ; type:TYPE_STEEL:マシーン:official_type:+5 ; type_choice:TYPE_STEEL:9 ; growth:official_stage_plus_profile_power:slow,141,222,145,127,159,127,921,TYPE_STEEL,,resolved_profile_evidence,49,365,GROWTH_SLOW,high,profile-derived-v1
312,digimon,hopmon,ホップモン,https://digimon.net/reference/detail.php?directory_name=hopmon,幼年期Ⅱ,幼竜型,,43ef082b2313ea601a4e937974eba95646181707d29fc473928854292af8e53d,130,hp:頑丈:+3 ; attack:突進:+3 ; defense:頑丈:+4 ; type:TYPE_DRAGON:竜:profile:+2 ; type:TYPE_DRAGON:竜:official_type:+5 ; type_choice:TYPE_DRAGON:7 ; growth:official_stage_plus_profile_power:medium_fast,52,52,56,38,38,38,274,TYPE_DRAGON,,resolved_profile_evidence,211,116,GROWTH_MEDIUM_FAST,medium,profile-derived-v1
313,digimon,ketomon,ケトモン,https://digimon.net/reference/detail.php?directory_name=ketomon,幼年期Ⅰ,スライム型,,d0758ee8c98bda37fada2263b67f6d79d7e7d12132c479eb4d1bba23320b2b55,108,attack:力:+2 ; type_placeholder:TYPE_NORMAL:no_specialized_affinity_evidence ; growth:official_stage_plus_profile_power:medium_fast,28,37,28,28,28,28,177,TYPE_NORMAL,,unresolved_no_specialized_type_evidence,234,82,GROWTH_MEDIUM_FAST,low,profile-derived-v1
314,digimon,nidhoggmon,ニーズヘッグモン,https://digimon.net/reference/detail.php?directory_name=nidhoggmon,究極体,魔竜型,ウィルス,1dd37e4e72a05b51145b39726d5adf4f76ee39441941d3281af9c6723c6bcf2c,169,power:莫大:+4 ; hp:巨大:+2 ; attack:破壊:+4 ; speed:走:+4 ; special_attack:エネルギー:+6 ; special_attack:波動:+4 ; special_attack:光:+3 ; special_attack:熱:+6 ; special_defense:吸収:+4 ; type:TYPE_FLYING:翼:profile:+2 ; type:TYPE_DRAGON:竜:official_type:+5 ; type_choice:TYPE_DRAGON:5 ; growth:profile:erratic,138,147,129,147,215,147,923,TYPE_DRAGON,,resolved_profile_evidence,48,365,GROWTH_ERRATIC,high,profile-derived-v1
315,digimon,entmon,エントモン,https://digimon.net/reference/detail.php?directory_name=entmon,完全体,植物型,ウィルス,1362641cfd219593560cfcd37c428240ba1b676f00786de849a9bd6247fb981f,246,attack:牙:+3 ; special_attack:データ:+2 ; type:TYPE_GRASS:植物:profile:+2 ; type:TYPE_GRASS:樹木:profile:+2 ; type:TYPE_GRASS:葉:profile:+2 ; type:TYPE_FIGHTING:筋肉:profile:+2 ; type:TYPE_FLYING:翼:profile:+2 ; type:TYPE_GRASS:植物:official_type:+5 ; type_choice:TYPE_GRASS:11 ; growth:official_stage_plus_profile_power:medium_slow,100,114,100,100,109,100,623,TYPE_GRASS,,resolved_profile_evidence,133,232,GROWTH_MEDIUM_SLOW,medium,profile-derived-v1
316,digimon,parasaurmon,パラサウモン,https://digimon.net/reference/detail.php?directory_name=parasaurmon,成熟期,恐竜型,ウィルス,5120fb4a254a30d52caa1048aeb7bd475836842e68df98276f573a53e5ed94e7,229,attack:破壊:+4 ; type:TYPE_ROCK:岩:profile:+2 ; type:TYPE_DRAGON:竜:profile:+2 ; type:TYPE_DRAGON:恐竜:profile:+2 ; type:TYPE_DRAGON:竜:official_type:+5 ; type:TYPE_DRAGON:恐竜:official_type:+3 ; type_choice:TYPE_DRAGON:12 ; growth:official_stage_plus_profile_power:medium_fast,78,96,78,78,78,78,486,TYPE_DRAGON,,resolved_profile_evidence,163,189,GROWTH_MEDIUM_FAST,medium,profile-derived-v1
317,digimon,toropiamon,トロピアモン,https://digimon.net/reference/detail.php?directory_name=toropiamon,完全体,植物型,ウィルス,fcc77275952e5bf38943c2a374dcf32bfa20efb46f4c85148d7cd408e5035489,242,special_attack:毒:+6 ; special_attack:データ:+2 ; special_attack:爆発:+3 ; type:TYPE_GRASS:植物:profile:+2 ; type:TYPE_GRASS:樹木:profile:+2 ; type:TYPE_GRASS:花:profile:+4 ; type:TYPE_GRASS:葉:profile:+2 ; type:TYPE_POISON:毒:profile:+4 ; type:TYPE_FLYING:羽:profile:+2 ; type:TYPE_STEEL:鉄:profile:+2 ; type:TYPE_GRASS:植物:official_type:+5 ; type_choice:TYPE_GRASS:15 ; growth:official_stage_plus_profile_power:medium_slow,100,100,100,100,150,100,650,TYPE_GRASS,,resolved_profile_evidence,120,255,GROWTH_MEDIUM_SLOW,high,profile-derived-v1
318,digimon,pomumon,ポームモン,https://digimon.net/reference/detail.php?directory_name=pomumon,成長期,植物型,データ,217c4130740e10d1b364bf6b69c7c701a69095fb8c220c291b89d0f3717cbbc1,199,attack:突進:+3 ; speed:飛行:+2 ; speed:走:+2 ; type:TYPE_GRASS:植物:profile:+2 ; type:TYPE_FLYING:飛行:profile:+2 ; type:TYPE_FLYING:鳥:profile:+4 ; type:TYPE_FLYING:羽:profile:+2 ; type:TYPE_GRASS:植物:official_type:+5 ; type_choice:TYPE_FLYING:8 ; type_choice:TYPE_GRASS:7 ; growth:official_stage_plus_profile_power:medium_fast,58,72,58,76,58,58,380,TYPE_FLYING,TYPE_GRASS,resolved_profile_evidence,187,152,GROWTH_MEDIUM_FAST,medium,profile-derived-v1
319,digimon,eyesmon_scatter,アイズモン：スキャッターモード,https://digimon.net/reference/detail.php?directory_name=eyesmon_scatter,成熟期,魔竜型,ウィルス,ba0aa5aa3b15e21a9ca7c73995e83e2cfdac803b3cdbadedd031bbfe396dbf14,120,attack:力:+2 ; special_attack:呪:+4 ; special_attack:念:+8 ; special_attack:光:+3 ; special_attack:データ:+4 ; type:TYPE_PSYCHIC:念:profile:+2 ; type:TYPE_PSYCHIC:念:move:+4 ; type:TYPE_DRAGON:竜:official_type:+5 ; type_choice:TYPE_PSYCHIC:6 ; type_choice:TYPE_DRAGON:5 ; growth:official_stage_plus_profile_power:medium_fast,78,87,78,78,164,78,563,TYPE_PSYCHIC,TYPE_DRAGON,resolved_profile_evidence,134,239,GROWTH_MEDIUM_FAST,medium,profile-derived-v1
320,digimon,eyesmon,アイズモン,https://digimon.net/reference/detail.php?directory_name=eyesmon,成熟期,魔竜型,ウィルス,3162b870dc73b8fd386848d01147b0f5f6c25d6ba1df38e4e805fa44f7fa0926,120,power:強大:+4 ; attack:力:+2 ; special_attack:呪:+4 ; special_attack:念:+8 ; special_attack:光:+3 ; special_attack:データ:+4 ; type:TYPE_PSYCHIC:念:profile:+2 ; type:TYPE_PSYCHIC:念:move:+4 ; type:TYPE_DRAGON:竜:official_type:+5 ; type_choice:TYPE_PSYCHIC:6 ; type_choice:TYPE_DRAGON:5 ; growth:official_stage_plus_profile_power:medium_fast,85,94,85,85,171,85,605,TYPE_PSYCHIC,TYPE_DRAGON,resolved_profile_evidence,118,263,GROWTH_MEDIUM_FAST,medium,profile-derived-v1
321,digimon,betamon_x,ベタモン（X抗体）,https://digimon.net/reference/detail.php?directory_name=betamon_x,成長期,水棲型,ウィルス,282898a87097fe98b0a8cd981ce6699654523178a0e3996cc18acf0a1e086f50,295,hp:生命:+2 ; attack:パワー:+4 ; attack:爪:+3 ; special_attack:電撃:+12 ; type:TYPE_WATER:水棲:profile:+2 ; type:TYPE_ELECTRIC:電撃:profile:+6 ; type:TYPE_ELECTRIC:電撃:move:+8 ; type:TYPE_WATER:水棲:official_type:+5 ; type_choice:TYPE_ELECTRIC:14 ; growth:official_stage_plus_profile_power:medium_fast,67,90,58,58,112,58,443,TYPE_ELECTRIC,,resolved_profile_evidence,168,185,GROWTH_MEDIUM_FAST,medium,profile-derived-v1
322,digimon,gazimon_x,ガジモン（X抗体）,https://digimon.net/reference/detail.php?directory_name=gazimon_x,成長期,哺乳類型,ウィルス,be35d5676d3795fedd5754a45770d64f28f4c108a067865f174505ff4df3aa34,412,power:小型:-1 ; attack:爪:+9 ; special_attack:毒:+3 ; type:TYPE_POISON:毒:profile:+2 ; type:TYPE_NORMAL:哺乳類:profile:+4 ; type_candidate:TYPE_NORMAL:4 ; type_placeholder:TYPE_NORMAL:low_evidence ; growth:official_stage_plus_profile_power:medium_fast,56,97,56,56,70,56,391,TYPE_NORMAL,,unresolved_low_type_evidence,181,165,GROWTH_MEDIUM_FAST,medium,profile-derived-v1
323,digimon,algomon_lv1,アルゴモン,https://digimon.net/reference/detail.php?directory_name=algomon_lv1,幼年期Ⅰ,突然変異型,,dce5797a8985c924ed88ebcc5e7c7803b18b0b3d580527d1e2ef1ed59e01860b,85,special_attack:データ:+2 ; type:TYPE_NORMAL:突然変異:official_type:+3 ; type_candidate:TYPE_NORMAL:3 ; type_placeholder:TYPE_NORMAL:low_evidence ; growth:official_stage_plus_profile_power:medium_fast,28,28,28,28,37,28,177,TYPE_NORMAL,,unresolved_low_type_evidence,234,82,GROWTH_MEDIUM_FAST,low,profile-derived-v1
324,digimon,ghostmon,ゴースモン,https://digimon.net/reference/detail.php?directory_name=ghostmon,成長期,ゴースト型,データ,31c62c08e8ba790dab3c7aa50e3b4c76b67fe8e1d15169149e775b30741add0d,186,attack:突進:+3 ; attack:叩:+2 ; special_attack:エネルギー:+3 ; type_placeholder:TYPE_NORMAL:no_specialized_affinity_evidence ; growth:official_stage_plus_profile_power:medium_fast,58,80,58,58,72,58,384,TYPE_NORMAL,,unresolved_no_specialized_type_evidence,185,155,GROWTH_MEDIUM_FAST,low,profile-derived-v1
325,digimon,regalecusmon,レガレクスモン,https://digimon.net/reference/detail.php?directory_name=regalecusmon,究極体,水棲型,ウィルス,285c0f7b1e492de70900f3a56eb73de80bb4815e6dc8e9fe7a42b08e0dbfa7d7,193,power:圧倒:+5 ; hp:巨大:+2 ; attack:力:+2 ; attack:剣:+6 ; type:TYPE_WATER:海:profile:+6 ; type:TYPE_WATER:深海:profile:+2 ; type:TYPE_WATER:水棲:profile:+2 ; type:TYPE_WATER:水棲:official_type:+5 ; type_choice:TYPE_WATER:15 ; growth:official_stage_plus_profile_power:slow,140,167,131,131,131,131,831,TYPE_WATER,,resolved_profile_evidence,73,322,GROWTH_SLOW,medium,profile-derived-v1
326,digimon,piranimon,ピラニモン,https://digimon.net/reference/detail.php?directory_name=piranimon,完全体,水棲型,ウィルス,dc257d0224c198d501ab4c1441918b517c09ed42d5ad7afb308c6dc4c886b129,219,attack:力:+6 ; attack:牙:+3 ; speed:高速:+5 ; special_attack:データ:+2 ; type:TYPE_WATER:水中:profile:+2 ; type:TYPE_WATER:水棲:profile:+2 ; type:TYPE_WATER:水棲:official_type:+5 ; type_choice:TYPE_WATER:9 ; growth:official_stage_plus_profile_power:medium_slow,100,140,100,122,109,100,671,TYPE_WATER,,resolved_profile_evidence,118,256,GROWTH_MEDIUM_SLOW,medium,profile-derived-v1
327,digimon,gusokumon,グソクモン,https://digimon.net/reference/detail.php?directory_name=gusokumon,完全体,甲殻類型,ワクチン,e3ce4516277084c1d0cfa95d04b9bb34a152e39c0927c16f7c9af2b6ea9f16e3,226,hp:生命:+2 ; attack:爪:+3 ; defense:甲殻:+4 ; special_attack:エネルギー:+3 ; special_attack:雷:+3 ; special_attack:光:+3 ; special_attack:爆発:+3 ; type:TYPE_WATER:海:profile:+4 ; type:TYPE_ELECTRIC:雷:profile:+2 ; type_candidate:TYPE_WATER:4 ; type_placeholder:TYPE_NORMAL:low_evidence ; growth:profile:slow,109,114,118,100,154,100,695,TYPE_NORMAL,,unresolved_low_type_evidence,111,269,GROWTH_SLOW,medium,profile-derived-v1
328,digimon,marinchimairamon,マリンキメラモン,https://digimon.net/reference/detail.php?directory_name=marinchimairamon,完全体,合成型,ワクチン,e98774cef07527133299382bbeecd549a95f84b7d14de9a17ae7bb678fc53dcb,188,power:凄まじ:+3 ; power:神:+3 ; attack:破壊:+4 ; speed:高速:+5 ; special_attack:エネルギー:+3 ; type:TYPE_WATER:水棲:profile:+2 ; type:TYPE_WATER:アクア:profile:+2 ; type:TYPE_WATER:アクア:move:+4 ; type_choice:TYPE_WATER:8 ; growth:official_stage_plus_profile_power:medium_slow,111,129,111,133,124,111,719,TYPE_WATER,,resolved_profile_evidence,100,281,GROWTH_MEDIUM_SLOW,medium,profile-derived-v1
329,digimon,tobiumon,トビウモン,https://digimon.net/reference/detail.php?directory_name=tobiumon,成熟期,水棲型,ワクチン,8957c49ecb2555f98e02fd561ae6e33eb6d18c27e21ae7b1b6391ab19b9bf70f,172,attack:斬:+3 ; speed:高速:+10 ; speed:飛行:+2 ; type:TYPE_WATER:海:profile:+2 ; type:TYPE_WATER:水棲:profile:+2 ; type:TYPE_FLYING:飛行:profile:+2 ; type:TYPE_WATER:水棲:official_type:+5 ; type_choice:TYPE_WATER:9 ; growth:official_stage_plus_profile_power:medium_fast,78,92,78,132,78,78,536,TYPE_WATER,,resolved_profile_evidence,146,218,GROWTH_MEDIUM_FAST,medium,profile-derived-v1
330,digimon,sangomon,サンゴモン,https://digimon.net/reference/detail.php?directory_name=sangomon,成長期,軟体型,データ,85f6f740952f4739d742e15d8a3cb01c67ced44c77323a9a99e2c60642459dd3,172,speed:走:+2 ; special_attack:毒:+3 ; type:TYPE_WATER:海:profile:+2 ; type:TYPE_POISON:毒:profile:+2 ; type_candidate:TYPE_POISON:2 ; type_placeholder:TYPE_NORMAL:low_evidence ; growth:official_stage_plus_profile_power:medium_fast,58,58,58,67,72,58,371,TYPE_NORMAL,,unresolved_low_type_evidence,189,148,GROWTH_MEDIUM_FAST,medium,profile-derived-v1
331,digimon,gogmamon,ゴグマモン,https://digimon.net/reference/detail.php?directory_name=gogmamon,完全体,鉱石型,ワクチン,1a6732c49bfa395f94e73a0e7732ee6ea1447ab48e74be67c5a999ffa5e1038e,192,hp:巨大:+2 ; special_attack:エネルギー:+6 ; special_attack:光:+6 ; type:TYPE_ROCK:石:profile:+2 ; type:TYPE_ROCK:鉱石:profile:+2 ; type:TYPE_ROCK:クリスタル:profile:+6 ; type:TYPE_ROCK:鉱石:official_type:+5 ; type:TYPE_STEEL:鉱石:official_type:+2 ; type_choice:TYPE_ROCK:15 ; growth:official_stage_plus_profile_power:medium_slow,109,100,100,100,154,100,663,TYPE_ROCK,,resolved_profile_evidence,117,261,GROWTH_MEDIUM_SLOW,medium,profile-derived-v1
332,digimon,baboongamon,バブンガモン,https://digimon.net/reference/detail.php?directory_name=baboongamon,成熟期,獣型,ワクチン,9ba9f32b152d807c3a3451a17558ff1ba326f09592b7ec2a8705e39ccbcb16c2,158,hp:再生:+4 ; attack:叩:+2 ; defense:硬い:+4 ; speed:スピード:+4 ; special_defense:再生:+3 ; type:TYPE_ROCK:岩:profile:+6 ; type:TYPE_ROCK:石:profile:+2 ; type:TYPE_NORMAL:獣型:official_type:+4 ; type_choice:TYPE_ROCK:8 ; growth:official_stage_plus_profile_power:medium_fast,96,87,96,96,78,92,545,TYPE_ROCK,,resolved_profile_evidence,151,204,GROWTH_MEDIUM_FAST,medium,profile-derived-v1
333,digimon,sunarizamon,スナリザモン,https://digimon.net/reference/detail.php?directory_name=sunarizamon,成長期,爬虫類型,ウィルス,faa58c3433a6a077d663b3d3e8a694ba24f0b87d25f4b61ff190e5d85f966f63,188,attack:爪:+3 ; type:TYPE_GROUND:砂:profile:+6 ; type:TYPE_GROUND:砂漠:profile:+4 ; type:TYPE_DRAGON:爬虫類:official_type:+4 ; type:TYPE_NORMAL:爬虫類:official_type:+1 ; type_choice:TYPE_GROUND:10 ; growth:official_stage_plus_profile_power:medium_fast,58,72,58,58,58,58,362,TYPE_GROUND,,resolved_profile_evidence,191,146,GROWTH_MEDIUM_FAST,medium,profile-derived-v1
334,digimon,jewelbeemon,ジュエルビーモン,https://digimon.net/reference/detail.php?directory_name=jewelbeemon,完全体,昆虫型,ワクチン,254a33708a5708fda8f5fb7f29fcaa8e5d1ecc02a3406b2b29a30ca57810d1d4,126,hp:頑丈:+3 ; attack:格闘:+4 ; attack:槍:+3 ; defense:頑丈:+4 ; special_attack:衝撃波:+3 ; special_attack:光:+3 ; type:TYPE_FIGHTING:格闘:profile:+2 ; type:TYPE_BUG:昆虫:profile:+2 ; type:TYPE_BUG:昆虫:official_type:+5 ; type_choice:TYPE_BUG:7 ; growth:official_stage_plus_profile_power:medium_slow,114,132,118,100,127,100,691,TYPE_BUG,,resolved_profile_evidence,116,258,GROWTH_MEDIUM_SLOW,medium,profile-derived-v1
335,digimon,hudiemon,フーディエモン,https://digimon.net/reference/detail.php?directory_name=hudiemon,成熟期,昆虫型,フリー,3a6e94e0c51353dd72b6e9a9139e014195fbe6b8df8e5c53097f6412aa9c4188,340,attack:キック:+6 ; speed:飛翔:+3 ; special_attack:光:+3 ; special_attack:毒:+3 ; special_attack:データ:+4 ; type:TYPE_FIGHTING:キック:profile:+2 ; type:TYPE_FIGHTING:キック:move:+4 ; type:TYPE_POISON:毒:profile:+2 ; type:TYPE_FLYING:飛翔:profile:+2 ; type:TYPE_FLYING:羽:profile:+6 ; type:TYPE_BUG:昆虫:profile:+2 ; type:TYPE_BUG:蝶:profile:+2 ; type:TYPE_BUG:昆虫:official_type:+5 ; type_choice:TYPE_BUG:9 ; type_choice:TYPE_FLYING:8 ; growth:official_stage_plus_profile_power:medium_fast,78,105,78,92,123,78,554,TYPE_BUG,TYPE_FLYING,resolved_profile_evidence,144,218,GROWTH_MEDIUM_FAST,high,profile-derived-v1
336,digimon,arresterdramon_superior,アレスタードラモン：スペリオルモード,https://digimon.net/reference/detail.php?directory_name=arresterdramon_superior,"完全体
(クロスウォーズ)",竜型,ワクチン,c55a7ed45525e6ee818d79fb1fc9f1c562be2c25f3cac8d28c5d95a7abba8998,284,power:強大:+4 ; hp:巨大:+2 ; attack:力:+6 ; attack:破壊:+4 ; defense:守り:+3 ; speed:飛行:+2 ; special_attack:炎:+3 ; type:TYPE_FIRE:炎:profile:+2 ; type:TYPE_FLYING:飛行:profile:+2 ; type:TYPE_FLYING:翼:profile:+2 ; type:TYPE_DRAGON:竜:official_type:+5 ; type_choice:TYPE_DRAGON:5 ; growth:official_stage_plus_profile_power:medium_slow,116,152,121,116,121,107,733,TYPE_DRAGON,,resolved_profile_evidence,97,288,GROWTH_MEDIUM_SLOW,high,profile-derived-v1
337,digimon,garurumon_x,ガルルモン（X抗体）,https://digimon.net/reference/detail.php?directory_name=garurumon_x,成熟期,獣型,ワクチン,77cb97c108e8a81844675be7f2784aadb98ec9576225cca0ce320b91b48d5b96,416,speed:敏捷:+5 ; special_attack:炎:+3 ; special_attack:熱:+2 ; type:TYPE_FIRE:炎:profile:+2 ; type:TYPE_FIGHTING:筋肉:profile:+2 ; type:TYPE_NORMAL:獣型:official_type:+4 ; type_candidate:TYPE_NORMAL:4 ; type_placeholder:TYPE_NORMAL:low_evidence ; growth:official_stage_plus_profile_power:medium_fast,78,78,78,100,100,78,512,TYPE_NORMAL,,unresolved_low_type_evidence,157,197,GROWTH_MEDIUM_FAST,medium,profile-derived-v1
338,digimon,greymon_x,グレイモン（X抗体）,https://digimon.net/reference/detail.php?directory_name=greymon_x,成熟期,恐竜型,ワクチン,cfc1536fb63ae4a00f212024bcd24cddf9beab288021dff17001f3c2f59001ea,324,power:超高:+3 ; hp:巨大:+2 ; attack:力:+2 ; attack:爪:+3 ; special_attack:炎:+3 ; special_attack:火:+2 ; special_attack:熱:+2 ; special_attack:爆発:+3 ; type:TYPE_FIRE:炎:profile:+2 ; type:TYPE_FIRE:火炎:profile:+2 ; type:TYPE_FIRE:フレイム:profile:+4 ; type:TYPE_FIRE:フレイム:move:+4 ; type:TYPE_BUG:甲虫:profile:+2 ; type:TYPE_DRAGON:竜:profile:+6 ; type:TYPE_DRAGON:恐竜:profile:+6 ; type:TYPE_DRAGON:竜:official_type:+5 ; type:TYPE_DRAGON:恐竜:official_type:+3 ; type_choice:TYPE_DRAGON:20 ; growth:official_stage_plus_profile_power:medium_fast,92,106,83,83,128,83,575,TYPE_DRAGON,,resolved_profile_evidence,134,234,GROWTH_MEDIUM_FAST,high,profile-derived-v1
339,digimon,algomon_lv4,アルゴモン,https://digimon.net/reference/detail.php?directory_name=algomon_lv4,成熟期,突然変異型,ウィルス,d8b69bc7450927dbf31447744ac8b01d95247b39b21df8d193259112dcc2935a,116,attack:パワー:+4 ; attack:力:+2 ; special_attack:電撃:+4 ; type:TYPE_ELECTRIC:電撃:profile:+2 ; type:TYPE_NORMAL:突然変異:official_type:+3 ; type_candidate:TYPE_NORMAL:3 ; type_placeholder:TYPE_NORMAL:low_evidence ; growth:profile:slow,78,105,78,78,96,78,513,TYPE_NORMAL,,unresolved_low_type_evidence,156,200,GROWTH_SLOW,medium,profile-derived-v1
340,digimon,algomon_lv3,アルゴモン,https://digimon.net/reference/detail.php?directory_name=algomon_lv3,成長期,突然変異型,ウィルス,6b675fa7ccb1cf9cd05c58e0689cfa954ec350050bbc5fd73fedfd720b3219ed,103,defense:守り:+3 ; special_attack:データ:+2 ; type:TYPE_NORMAL:突然変異:official_type:+3 ; type_candidate:TYPE_NORMAL:3 ; type_placeholder:TYPE_NORMAL:low_evidence ; growth:official_stage_plus_profile_power:medium_fast,58,58,72,58,67,58,371,TYPE_NORMAL,,unresolved_low_type_evidence,189,148,GROWTH_MEDIUM_FAST,low,profile-derived-v1
341,digimon,algomon_lv2,アルゴモン,https://digimon.net/reference/detail.php?directory_name=algomon_lv2,幼年期Ⅱ,突然変異型,,eca5776f6b2d553a6b22e53ed1ccf53a9b572c6aceedbedb998f1e9e02b8952e,85,special_attack:データ:+4 ; type:TYPE_NORMAL:突然変異:official_type:+3 ; type_candidate:TYPE_NORMAL:3 ; type_placeholder:TYPE_NORMAL:low_evidence ; growth:official_stage_plus_profile_power:medium_fast,38,38,38,38,56,38,246,TYPE_NORMAL,,unresolved_low_type_evidence,217,109,GROWTH_MEDIUM_FAST,low,profile-derived-v1
342,digimon,spadamon,スパーダモン,https://digimon.net/reference/detail.php?directory_name=spadamon,成長期,武器型,フリー,e9a94fc4a430b3188f5be2c32f3c452a8d0dcf3cc9152dc1cedaa80b3e936a9b,129,power:弱い:-4 ; attack:力:+2 ; type:TYPE_DARK:悪魔:profile:+2 ; type:TYPE_FAIRY:天使:profile:+2 ; type_candidate:TYPE_DARK:2 ; type_placeholder:TYPE_NORMAL:low_evidence ; growth:official_stage_plus_profile_power:medium_fast,51,60,51,51,51,51,315,TYPE_NORMAL,,unresolved_low_type_evidence,203,128,GROWTH_MEDIUM_FAST,medium,profile-derived-v1
343,digimon,morphomon,モルフォモン,https://digimon.net/reference/detail.php?directory_name=morphomon,成長期,昆虫型,ワクチン,34601c2295235e937713ecf22975f0853fb54c55fe3834fd60c39bdb7afb0d7f,167,stats:balanced:no_specialization_signal_in_official_text ; type:TYPE_BUG:蝶:profile:+2 ; type:TYPE_BUG:昆虫:official_type:+5 ; type_choice:TYPE_BUG:7 ; growth:official_stage_plus_profile_power:medium_fast,58,58,58,58,58,58,348,TYPE_BUG,,resolved_profile_evidence,197,136,GROWTH_MEDIUM_FAST,low,profile-derived-v1
344,digimon,eosmon_lv6,エオスモン,https://digimon.net/reference/detail.php?directory_name=eosmon_lv6,究極体,不明,不明,a1e9218590e8ce8b00ed44c2a86f82dc0daad0b954258460f8c9a192d14980ae,218,power:究極:+5 ; hp:巨大:+2 ; attack:破壊:+4 ; attack:切断:+4 ; speed:瞬間:+3 ; speed:走:+2 ; special_attack:ビーム:+4 ; type_placeholder:TYPE_NORMAL:no_specialized_affinity_evidence ; growth:profile:erratic,140,167,131,154,149,131,872,TYPE_NORMAL,,unresolved_no_specialized_type_evidence,65,333,GROWTH_ERRATIC,medium,profile-derived-v1
345,digimon,gabumon_kizuna,ガブモン -友情の絆-,https://digimon.net/reference/detail.php?directory_name=gabumon_kizuna,究極体,不明,不明,9cf605b1ec8faa4d353cb9420ec61df4f7156a4d5097523bd0c95e9467fb7ae0,283,defense:装甲:+5 ; speed:飛行:+2 ; speed:走:+2 ; special_attack:ビーム:+4 ; special_attack:レーザー:+4 ; special_attack:光:+3 ; type:TYPE_FLYING:飛行:profile:+2 ; type:TYPE_FLYING:翼:profile:+2 ; type:TYPE_STEEL:鉄:profile:+2 ; type:TYPE_STEEL:装甲:profile:+2 ; type_candidate:TYPE_FLYING:4 ; type_placeholder:TYPE_NORMAL:low_evidence ; growth:official_stage_plus_profile_power:slow,122,122,144,140,172,122,822,TYPE_NORMAL,,unresolved_low_type_evidence,83,310,GROWTH_SLOW,medium,profile-derived-v1
346,digimon,agumon_kizuna,アグモン -勇気の絆-,https://digimon.net/reference/detail.php?directory_name=agumon_kizuna,究極体,不明,不明,fe28d975d61d193ad944189a3136b0b0d2c60edbf9c41485329a16113e03387f,248,power:超高:+3 ; attack:爪:+3 ; attack:槍:+3 ; special_attack:エネルギー:+3 ; special_attack:レーザー:+4 ; special_attack:炎:+6 ; special_attack:光:+3 ; special_attack:熱:+4 ; type:TYPE_FIRE:炎:profile:+4 ; type_candidate:TYPE_FIRE:4 ; type_placeholder:TYPE_NORMAL:low_evidence ; growth:official_stage_plus_profile_power:slow,127,154,127,127,217,127,879,TYPE_NORMAL,,unresolved_low_type_evidence,58,352,GROWTH_SLOW,medium,profile-derived-v1
347,digimon,eosmon_lv5,エオスモン,https://digimon.net/reference/detail.php?directory_name=eosmon_lv5,完全体,不明,不明,6da74a3f40541a145b488ca2de15a42c63daa6c6d149fae9c453dd1e6b5f9bca,219,hp:巨大:+2 ; attack:力:+2 ; attack:切断:+4 ; speed:高速:+5 ; special_attack:エネルギー:+3 ; special_attack:電撃:+4 ; type:TYPE_ELECTRIC:電撃:profile:+2 ; type:TYPE_ELECTRIC:サンダー:profile:+2 ; type:TYPE_ELECTRIC:サンダー:move:+4 ; type:TYPE_FLYING:翼:profile:+2 ; type_choice:TYPE_ELECTRIC:8 ; growth:profile:slow,109,127,100,122,132,100,690,TYPE_ELECTRIC,,resolved_profile_evidence,116,258,GROWTH_SLOW,high,profile-derived-v1
348,digimon,eosmon_lv4,エオスモン,https://digimon.net/reference/detail.php?directory_name=eosmon_lv4,成熟期,不明,不明,d1127712017ddd93af711d84bb04de9cc03e9571a50df05fad9379a00f49c670,208,special_attack:電撃:+4 ; special_attack:熱:+2 ; type:TYPE_ELECTRIC:電撃:profile:+2 ; type:TYPE_FLYING:羽:profile:+2 ; type_candidate:TYPE_ELECTRIC:2 ; type_placeholder:TYPE_NORMAL:low_evidence ; growth:profile:slow,78,78,78,78,105,78,495,TYPE_NORMAL,,unresolved_low_type_evidence,159,195,GROWTH_SLOW,medium,profile-derived-v1
349,digimon,tonosamamamemon,トノサママメモン,https://digimon.net/reference/detail.php?directory_name=tonosamamamemon,究極体,突然変異型,データ,b8d7a25d7aae469006745904058ff0a39b30024c5d811165370abb2aa30d3bef,303,special_attack:データ:+2 ; type:TYPE_NORMAL:突然変異:official_type:+3 ; type_candidate:TYPE_NORMAL:3 ; type_placeholder:TYPE_NORMAL:low_evidence ; growth:official_stage_plus_profile_power:slow,122,122,122,122,131,122,741,TYPE_NORMAL,,unresolved_low_type_evidence,107,270,GROWTH_SLOW,low,profile-derived-v1
350,digimon,omegamon_zwart,オメガモン ズワルト,https://digimon.net/reference/detail.php?directory_name=omegamon_zwart,究極体,聖騎士型,ワクチン,43733d1435bd974c3732d214c2de07f08f97bbc012a4243156fb9ae8b97d143a,390,power:無敵:+8 ; attack:パワー:+4 ; attack:力:+2 ; attack:剣:+6 ; defense:盾:+4 ; speed:飛行:+2 ; special_attack:冷気:+3 ; special_defense:聖:+2 ; type:TYPE_ICE:冷気:profile:+2 ; type:TYPE_ICE:凍:profile:+2 ; type:TYPE_FIGHTING:戦士:profile:+2 ; type:TYPE_FLYING:飛行:profile:+2 ; type:TYPE_FAIRY:聖:profile:+2 ; type:TYPE_FAIRY:聖:official_type:+3 ; type_choice:TYPE_FAIRY:5 ; growth:official_stage_plus_profile_power:slow,136,190,154,145,150,145,920,TYPE_FAIRY,,resolved_profile_evidence,46,363,GROWTH_SLOW,high,profile-derived-v1
351,digimon,terriermon_assistant,テリアモン助手,https://digimon.net/reference/detail.php?directory_name=terriermon_assistant,成長期,獣型,ワクチン,70ebd7cbb3921b0d7b7f1102574a42f11b364e60c0a76db09c2a8f8f99dd6e39,111,special_attack:熱:+2 ; type:TYPE_NORMAL:獣型:official_type:+4 ; type_candidate:TYPE_NORMAL:4 ; type_placeholder:TYPE_NORMAL:low_evidence ; growth:official_stage_plus_profile_power:medium_fast,58,58,58,58,67,58,357,TYPE_NORMAL,,unresolved_low_type_evidence,193,142,GROWTH_MEDIUM_FAST,low,profile-derived-v1
352,digimon,cryspaledramon,クリスペイルドラモン,https://digimon.net/reference/detail.php?directory_name=cryspaledramon,完全体,竜人型,データ,5893e5c5251cc4e31db0f3ff5777447771fab8a92355a4362eaea6aeeb6164fb,259,attack:力:+4 ; attack:爪:+3 ; attack:斬:+3 ; defense:防御:+5 ; speed:高速:+5 ; speed:飛行:+2 ; special_attack:氷:+9 ; special_attack:冷気:+3 ; special_attack:熱:+2 ; type:TYPE_ICE:氷:profile:+6 ; type:TYPE_ICE:冷気:profile:+2 ; type:TYPE_ICE:凍:profile:+2 ; type:TYPE_ICE:雪:profile:+4 ; type:TYPE_FLYING:飛行:profile:+2 ; type:TYPE_FLYING:翼:profile:+2 ; type:TYPE_DRAGON:竜:profile:+2 ; type:TYPE_DRAGON:竜:official_type:+5 ; type_choice:TYPE_ICE:14 ; growth:official_stage_plus_profile_power:medium_slow,100,145,122,132,163,100,762,TYPE_ICE,,resolved_profile_evidence,96,290,GROWTH_MEDIUM_SLOW,high,profile-derived-v1
353,digimon,metallicdramon,メタリックドラモン,https://digimon.net/reference/detail.php?directory_name=metallicdramon,究極体,天竜型,データ,0767d3ce176ccd9211331adedbd2674bac75a5ef65a3c5b18c5f5be72f85deb7,303,power:強力:+3 ; attack:力:+2 ; attack:剣:+3 ; attack:斬:+3 ; speed:高速:+5 ; speed:瞬間:+3 ; speed:飛行:+2 ; special_attack:レーザー:+12 ; special_attack:光:+9 ; type:TYPE_FLYING:飛行:profile:+2 ; type:TYPE_FLYING:羽:profile:+2 ; type:TYPE_DRAGON:竜:official_type:+5 ; type_choice:TYPE_DRAGON:5 ; growth:official_stage_plus_profile_power:slow,127,163,127,172,222,127,938,TYPE_DRAGON,,resolved_profile_evidence,45,370,GROWTH_SLOW,high,profile-derived-v1
354,digimon,jazarichmon,ジャザリッヒモン,https://digimon.net/reference/detail.php?directory_name=jazarichmon,完全体,機竜型,データ,74bc503f33daad67201cd0662b4efafa923416d24c1dc2dfdda70d78d3a8224d,199,speed:高速:+5 ; speed:飛行:+4 ; special_attack:レーザー:+4 ; type:TYPE_FLYING:飛行:profile:+4 ; type:TYPE_FLYING:空中:profile:+4 ; type:TYPE_DRAGON:竜:official_type:+5 ; type_choice:TYPE_FLYING:8 ; growth:official_stage_plus_profile_power:medium_slow,100,100,100,140,118,100,658,TYPE_FLYING,,resolved_profile_evidence,121,253,GROWTH_MEDIUM_SLOW,medium,profile-derived-v1
355,digimon,jazardmon,ジャザードモン,https://digimon.net/reference/detail.php?directory_name=jazardmon,成熟期,機竜型,データ,baa6de5145aab36889ad737adecd137c33b0d7cac9d343c9861705cbb40d8362,185,speed:高速:+10 ; special_attack:レーザー:+12 ; special_attack:音波:+4 ; special_attack:データ:+2 ; special_attack:熱:+2 ; type:TYPE_DRAGON:竜:profile:+2 ; type:TYPE_DRAGON:竜:official_type:+5 ; type_choice:TYPE_DRAGON:7 ; growth:official_stage_plus_profile_power:medium_fast,78,78,78,123,168,78,603,TYPE_DRAGON,,resolved_profile_evidence,126,251,GROWTH_MEDIUM_FAST,medium,profile-derived-v1
356,digimon,jazamon,ジャザモン,https://digimon.net/reference/detail.php?directory_name=jazamon,成長期,鳥竜型,データ,94713bb9006d634a7f6c7479b08c17920e52e1519be721b30da67e8680d69956,114,defense:硬い:+4 ; type:TYPE_FLYING:翼:profile:+2 ; type:TYPE_FLYING:鳥:profile:+2 ; type:TYPE_FLYING:羽:profile:+2 ; type:TYPE_STEEL:マシーン:profile:+2 ; type:TYPE_DRAGON:竜:official_type:+5 ; type:TYPE_FLYING:鳥:official_type:+5 ; type_choice:TYPE_FLYING:11 ; growth:official_stage_plus_profile_power:medium_fast,58,58,76,58,58,58,366,TYPE_FLYING,,resolved_profile_evidence,190,149,GROWTH_MEDIUM_FAST,medium,profile-derived-v1
357,digimon,hexeblaumon,ヘクセブラウモン,https://digimon.net/reference/detail.php?directory_name=hexeblaumon,究極体,魔法騎士型,データ,b8f5c241ebd31cf344816a9cbc07f1b591efc04dd8078fc631d7843c01049491,328,attack:剣:+6 ; defense:守り:+3 ; speed:一瞬:+3 ; special_attack:波動:+4 ; special_attack:魔法:+5 ; special_attack:氷:+9 ; special_attack:冷気:+6 ; special_defense:結界:+5 ; type:TYPE_ICE:氷:profile:+6 ; type:TYPE_ICE:冷気:profile:+4 ; type:TYPE_ICE:雪:profile:+2 ; type:TYPE_ICE:ブリザード:profile:+2 ; type:TYPE_ICE:ブリザード:move:+4 ; type:TYPE_DRAGON:竜:profile:+2 ; type_choice:TYPE_ICE:18 ; growth:official_stage_plus_profile_power:slow,122,149,136,136,230,144,917,TYPE_ICE,,resolved_profile_evidence,53,360,GROWTH_SLOW,high,profile-derived-v1
358,digimon,paledramon,ペイルドラモン,https://digimon.net/reference/detail.php?directory_name=paledramon,成熟期,竜型,データ,e992573dc67262016d3dae04209524c7aca4c97c2275d04f6ae0e83f580361f3,218,hp:巨大:+2 ; attack:パワー:+4 ; attack:突進:+3 ; speed:高速:+5 ; speed:飛行:+2 ; special_attack:氷:+6 ; special_attack:熱:+2 ; type:TYPE_ICE:氷:profile:+4 ; type:TYPE_ICE:凍:profile:+2 ; type:TYPE_FLYING:飛行:profile:+2 ; type:TYPE_FLYING:翼:profile:+2 ; type:TYPE_DRAGON:竜:official_type:+5 ; type_choice:TYPE_ICE:6 ; type_choice:TYPE_DRAGON:5 ; growth:official_stage_plus_profile_power:medium_fast,87,110,78,110,114,78,577,TYPE_ICE,TYPE_DRAGON,resolved_profile_evidence,142,220,GROWTH_MEDIUM_FAST,high,profile-derived-v1
359,digimon,noblepumpmon,ノーブルパンプモン,https://digimon.net/reference/detail.php?directory_name=noblepumpmon,究極体,パペット型,データ,6b8b0079a3bcd5e7cd7c3182852e86c7c47b1bb32fff271caa372436509aace8,271,power:究極:+5 ; hp:巨大:+2 ; type:TYPE_FLYING:空中:profile:+2 ; type:TYPE_NORMAL:パペット:official_type:+2 ; type:TYPE_GHOST:パペット:official_type:+2 ; type_candidate:TYPE_FLYING:2 ; type_placeholder:TYPE_NORMAL:low_evidence ; growth:official_stage_plus_profile_power:slow,140,131,131,131,131,131,795,TYPE_NORMAL,,unresolved_low_type_evidence,86,301,GROWTH_SLOW,medium,profile-derived-v1
360,digimon,ogudomon_x,オグドモン（X抗体）,https://digimon.net/reference/detail.php?directory_name=ogudomon_x,究極体,化身型,ウィルス,13b921b55dc1994163e1e8b8affd5b2387b64ec8fb13b18f2af4418d95091945,413,power:王:+6 ; hp:巨大:+4 ; attack:パワー:+4 ; attack:力:+6 ; attack:剣:+3 ; attack:破壊:+4 ; attack:粉砕:+5 ; speed:走:+2 ; special_attack:波動:+4 ; special_attack:衝撃波:+3 ; special_attack:念:+4 ; special_attack:光:+3 ; type:TYPE_PSYCHIC:念:profile:+2 ; type:TYPE_DARK:魔王:profile:+6 ; type_choice:TYPE_DARK:6 ; growth:profile:erratic,151,232,133,142,196,133,987,TYPE_DARK,,resolved_profile_evidence,29,394,GROWTH_ERRATIC,high,profile-derived-v1
361,digimon,jesmongx,ジエスモンGX,https://digimon.net/reference/detail.php?directory_name=jesmongx,究極体,聖騎士型,データ,e075c147bc6e5f3d2229ca0673b78beaaef5639c7355d8762be07edca77cfaec,349,power:究極:+5 ; attack:力:+4 ; attack:拳:+6 ; attack:剣:+3 ; speed:瞬時:+4 ; speed:飛行:+2 ; special_attack:エネルギー:+6 ; special_attack:炎:+3 ; special_attack:光:+3 ; special_defense:聖:+4 ; type:TYPE_FIRE:炎:profile:+2 ; type:TYPE_FIGHTING:拳:profile:+2 ; type:TYPE_FIGHTING:拳:move:+4 ; type:TYPE_FLYING:飛行:profile:+2 ; type:TYPE_FLYING:翼:profile:+2 ; type:TYPE_FAIRY:聖:profile:+2 ; type:TYPE_FAIRY:聖:move:+4 ; type:TYPE_FAIRY:聖:official_type:+3 ; type_choice:TYPE_FAIRY:9 ; type_choice:TYPE_FIGHTING:6 ; growth:official_stage_plus_profile_power:slow,131,190,131,158,185,149,944,TYPE_FAIRY,TYPE_FIGHTING,resolved_profile_evidence,47,362,GROWTH_SLOW,high,profile-derived-v1
362,digimon,keramon_x,ケラモン（X抗体）,https://digimon.net/reference/detail.php?directory_name=keramon_x,成長期,種族不明,不明,66eccde9c7a4a91be6987ab2c0e57c1aba87b35443a60a82773b04c90ff55a57,359,power:究極:+5 ; power:莫大:+4 ; attack:力:+4 ; attack:破壊:+12 ; special_attack:光:+3 ; special_attack:データ:+6 ; type_placeholder:TYPE_NORMAL:no_specialized_affinity_evidence ; growth:official_stage_plus_profile_power:medium_fast,74,146,74,74,115,74,557,TYPE_NORMAL,,unresolved_no_specialized_type_evidence,123,252,GROWTH_MEDIUM_FAST,medium,profile-derived-v1
363,digimon,omegashoutmon_x,オメガシャウトモン（X抗体）,https://digimon.net/reference/detail.php?directory_name=omegashoutmon_x,完全体,竜人型,ワクチン,54a3b062abe2d7b541b9ddcf710df6b23bcdf6b5855714766816a62d9fa33116,689,attack:力:+6 ; attack:拳:+3 ; attack:爪:+3 ; defense:鉄壁:+6 ; special_attack:エネルギー:+3 ; special_attack:炎:+6 ; special_attack:火:+4 ; special_attack:光:+3 ; special_attack:熱:+6 ; type:TYPE_FIRE:炎:profile:+4 ; type:TYPE_FIRE:灼熱:profile:+2 ; type:TYPE_FIRE:フレイム:profile:+2 ; type:TYPE_FIGHTING:拳:profile:+2 ; type:TYPE_STEEL:鉄:profile:+2 ; type:TYPE_DRAGON:竜:official_type:+5 ; type_choice:TYPE_FIRE:8 ; growth:official_stage_plus_profile_power:medium_slow,100,154,127,100,199,100,780,TYPE_FIRE,,resolved_profile_evidence,86,311,GROWTH_MEDIUM_SLOW,high,profile-derived-v1
364,digimon,meramon_x,メラモン（X抗体）,https://digimon.net/reference/detail.php?directory_name=meramon_x,成熟期,火炎型,データ,1d6edceb08c123c7bb48ce5093ba3dfaacf032d135cc993a40a386eb79467a4d,379,attack:力:+2 ; attack:牙:+3 ; attack:叩:+2 ; defense:防御:+5 ; defense:バリア:+4 ; defense:防ぐ:+6 ; special_attack:炎:+9 ; special_attack:火:+4 ; special_attack:データ:+2 ; special_defense:バリア:+4 ; type:TYPE_FIRE:炎:profile:+6 ; type:TYPE_FIRE:火炎:profile:+2 ; type:TYPE_FIRE:火炎:official_type:+6 ; type_choice:TYPE_FIRE:14 ; growth:official_stage_plus_profile_power:medium_fast,78,110,146,78,146,96,654,TYPE_FIRE,,resolved_profile_evidence,120,255,GROWTH_MEDIUM_FAST,high,profile-derived-v1
365,digimon,pegasmon_x,ペガスモン（X抗体）,https://digimon.net/reference/detail.php?directory_name=pegasmon_x,成熟期,聖獣型,ワクチン,b99c6541db668842f25854cfe33335ab6bd4b4e87229809b18b4c47f79771638,434,power:神:+6 ; attack:パワー:+8 ; attack:力:+4 ; speed:高速:+5 ; speed:飛行:+2 ; speed:加速:+4 ; special_attack:光:+9 ; special_defense:結界:+10 ; special_defense:神聖:+6 ; special_defense:聖:+6 ; special_defense:浄化:+4 ; type:TYPE_FLYING:飛行:profile:+2 ; type:TYPE_FLYING:翼:profile:+4 ; type:TYPE_FLYING:天空:profile:+2 ; type:TYPE_ROCK:クリスタル:profile:+2 ; type:TYPE_DARK:邪悪:profile:+4 ; type:TYPE_FAIRY:神聖:profile:+4 ; type:TYPE_FAIRY:聖なる:profile:+2 ; type:TYPE_FAIRY:聖:profile:+6 ; type:TYPE_FAIRY:聖:official_type:+3 ; type:TYPE_NORMAL:獣型:official_type:+4 ; type:TYPE_FAIRY:聖獣:official_type:+4 ; type:TYPE_NORMAL:聖獣:official_type:+2 ; type_choice:TYPE_FAIRY:19 ; growth:official_stage_plus_profile_power:medium_fast,89,143,89,138,129,206,794,TYPE_FAIRY,,resolved_profile_evidence,71,333,GROWTH_MEDIUM_FAST,high,profile-derived-v1
366,digimon,rapidmon_x,ラピッドモン（X抗体）,https://digimon.net/reference/detail.php?directory_name=rapidmon_x,究極体,聖騎士型,ワクチン,9863deadf09725edc25b050df38363e842ec240b7794faa136512d643f1ffee0,468,power:究極:+10 ; attack:パワー:+8 ; attack:力:+2 ; attack:爪:+3 ; attack:斬:+3 ; speed:高速:+5 ; special_attack:レーザー:+8 ; special_defense:聖:+2 ; type:TYPE_FAIRY:聖:profile:+2 ; type:TYPE_FAIRY:聖:official_type:+3 ; type_choice:TYPE_FAIRY:5 ; growth:official_stage_plus_profile_power:slow,140,212,140,162,176,149,979,TYPE_FAIRY,,resolved_profile_evidence,27,393,GROWTH_SLOW,high,profile-derived-v1
367,digimon,monzaemon_x,もんざえモン（X抗体）,https://digimon.net/reference/detail.php?directory_name=monzaemon_x,完全体,パペット型,ワクチン,846de7ea4e4de118b8acfe8f8d43215f75f24dce17fe383f0e7677172de2df3e,381,attack:力:+2 ; type:TYPE_NORMAL:パペット:official_type:+2 ; type:TYPE_GHOST:パペット:official_type:+2 ; type_candidate:TYPE_GHOST:2 ; type_placeholder:TYPE_NORMAL:low_evidence ; growth:official_stage_plus_profile_power:medium_slow,100,109,100,100,100,100,609,TYPE_NORMAL,,unresolved_low_type_evidence,136,226,GROWTH_MEDIUM_SLOW,low,profile-derived-v1
368,digimon,gankoomon_x,ガンクゥモン（X抗体）,https://digimon.net/reference/detail.php?directory_name=gankoomon_x,究極体,聖騎士型,データ,c5ac7838bdf6ce616b7d71770fef973ca311d0e9532bf49ac1fe08634d82a6fc,803,power:究極:+5 ; power:神:+9 ; attack:パワー:+4 ; attack:力:+2 ; attack:拳:+9 ; attack:粉砕:+5 ; defense:防御:+5 ; special_attack:エネルギー:+3 ; special_defense:聖:+2 ; type:TYPE_GRASS:葉:profile:+2 ; type:TYPE_FIGHTING:拳:profile:+6 ; type:TYPE_FIGHTING:拳:move:+4 ; type:TYPE_GROUND:地面:profile:+4 ; type:TYPE_FLYING:翼:profile:+2 ; type:TYPE_STEEL:鉄:profile:+6 ; type:TYPE_STEEL:鉄:move:+4 ; type:TYPE_FAIRY:聖:profile:+2 ; type:TYPE_FAIRY:聖:official_type:+3 ; type_choice:TYPE_FIGHTING:10 ; type_choice:TYPE_STEEL:10 ; growth:profile:slow,147,237,170,147,161,156,1018,TYPE_FIGHTING,TYPE_STEEL,resolved_profile_evidence,7,425,GROWTH_SLOW,high,profile-derived-v1
369,digimon,examon_x,エグザモン（X抗体）,https://digimon.net/reference/detail.php?directory_name=examon_x,究極体,聖騎士型,データ,9c0a9e9d06337224e200626c4a22b58f09c6594a1f839d62d6c784af3ea2119b,861,power:究極:+10 ; hp:巨大:+4 ; attack:パワー:+4 ; attack:力:+2 ; attack:剣:+6 ; attack:槍:+6 ; attack:破壊:+4 ; defense:鎧:+4 ; defense:盾:+4 ; speed:飛翔:+3 ; special_attack:エネルギー:+6 ; special_attack:レーザー:+4 ; special_attack:衝撃波:+3 ; special_attack:雷:+9 ; special_attack:データ:+4 ; special_attack:熱:+2 ; special_defense:聖:+6 ; special_defense:守護:+4 ; type:TYPE_ELECTRIC:雷:profile:+4 ; type:TYPE_ELECTRIC:雷:move:+4 ; type:TYPE_FLYING:飛翔:profile:+2 ; type:TYPE_FLYING:翼:profile:+6 ; type:TYPE_DRAGON:竜:profile:+6 ; type:TYPE_DRAGON:ドラゴン:profile:+4 ; type:TYPE_DRAGON:ドラゴン:move:+4 ; type:TYPE_FAIRY:聖なる:profile:+2 ; type:TYPE_FAIRY:聖:profile:+6 ; type:TYPE_FAIRY:聖:official_type:+3 ; type_choice:TYPE_DRAGON:14 ; type_choice:TYPE_FAIRY:11 ; growth:official_stage_plus_profile_power:slow,158,239,176,154,255,185,1167,TYPE_DRAGON,TYPE_FAIRY,resolved_profile_evidence,3,461,GROWTH_SLOW,high,profile-derived-v1
370,digimon,cyberdramon_x,サイバードラモン（X抗体）,https://digimon.net/reference/detail.php?directory_name=cyberdramon_x,完全体,サイボーグ型,ワクチン,6ceca75f7432d46059f1e5581566cabb0b71c8e62460211d031bc6eae4e8152f,454,attack:力:+4 ; attack:爪:+3 ; attack:破壊:+4 ; defense:防御:+5 ; defense:装甲:+15 ; defense:硬質:+8 ; special_attack:エネルギー:+3 ; special_attack:データ:+4 ; type:TYPE_FIGHTING:戦士:profile:+2 ; type:TYPE_FLYING:羽:profile:+2 ; type:TYPE_DRAGON:竜:profile:+2 ; type:TYPE_STEEL:サイボーグ:profile:+2 ; type:TYPE_STEEL:装甲:profile:+6 ; type:TYPE_STEEL:サイボーグ:official_type:+5 ; type_choice:TYPE_STEEL:13 ; growth:official_stage_plus_profile_power:medium_slow,100,150,226,100,132,100,808,TYPE_STEEL,,resolved_profile_evidence,75,330,GROWTH_MEDIUM_SLOW,high,profile-derived-v1
371,digimon,rizegreymon_x,ライズグレイモン（X抗体）,https://digimon.net/reference/detail.php?directory_name=rizegreymon_x,完全体,サイボーグ型,ワクチン,8ec45b1c5305279f4afee60b7cf6240f79c024e0cd1349ebe5aacc6fd49e0434,463,power:凄まじ:+3 ; hp:巨体:+3 ; hp:巨大:+4 ; hp:耐久:+4 ; attack:力:+6 ; attack:爪:+3 ; attack:剣:+3 ; attack:斬:+3 ; attack:突進:+3 ; defense:耐久:+4 ; speed:高速:+5 ; speed:俊敏:+5 ; speed:飛翔:+3 ; special_attack:エネルギー:+9 ; special_attack:ビーム:+12 ; type:TYPE_FLYING:飛翔:profile:+2 ; type:TYPE_FLYING:翼:profile:+2 ; type:TYPE_FLYING:大空:profile:+2 ; type:TYPE_STEEL:機械:profile:+2 ; type:TYPE_STEEL:サイボーグ:profile:+2 ; type:TYPE_STEEL:機械化:profile:+2 ; type:TYPE_STEEL:サイボーグ:official_type:+5 ; type_choice:TYPE_STEEL:11 ; growth:official_stage_plus_profile_power:medium_slow,155,186,123,164,200,105,933,TYPE_STEEL,,resolved_profile_evidence,51,359,GROWTH_MEDIUM_SLOW,high,profile-derived-v1
372,digimon,hououmon_x,ホウオウモン（X抗体）,https://digimon.net/reference/detail.php?directory_name=hououmon_x,究極体,聖獣型,ワクチン,73b024e488e77b1f0d3487e87da061414c28fb375ef086b7bf1d311855b8cd30,471,power:究極:+10 ; power:強力:+3 ; power:神:+9 ; attack:パワー:+12 ; attack:力:+2 ; defense:防御:+5 ; special_defense:神聖:+6 ; special_defense:聖:+6 ; special_defense:浄化:+4 ; special_defense:守護:+4 ; type:TYPE_FLYING:翼:profile:+2 ; type:TYPE_FLYING:鳥:profile:+4 ; type:TYPE_FLYING:羽:profile:+6 ; type:TYPE_DARK:邪悪:profile:+2 ; type:TYPE_FAIRY:天使:profile:+2 ; type:TYPE_FAIRY:神聖:profile:+4 ; type:TYPE_FAIRY:聖なる:profile:+6 ; type:TYPE_FAIRY:聖:profile:+6 ; type:TYPE_FAIRY:聖:official_type:+3 ; type:TYPE_NORMAL:獣型:official_type:+4 ; type:TYPE_FAIRY:聖獣:official_type:+4 ; type:TYPE_NORMAL:聖獣:official_type:+2 ; type_choice:TYPE_FAIRY:25 ; growth:official_stage_plus_profile_power:slow,162,225,184,162,162,252,1147,TYPE_FAIRY,,resolved_profile_evidence,3,485,GROWTH_SLOW,high,profile-derived-v1
373,digimon,justimon_x,ジャスティモン（X抗体）,https://digimon.net/reference/detail.php?directory_name=justimon_x,究極体,サイボーグ型,ワクチン,15a2c05dda18c6654c648958e925a1947b77e1f68755ea82153c1801824fd429,599,power:強力:+3 ; power:超強:+4 ; attack:パワー:+4 ; attack:力:+6 ; attack:パンチ:+6 ; attack:キック:+9 ; attack:斬:+3 ; attack:破壊:+8 ; special_attack:電撃:+4 ; special_attack:熱:+2 ; type:TYPE_ELECTRIC:電撃:profile:+2 ; type:TYPE_FIGHTING:パンチ:profile:+2 ; type:TYPE_FIGHTING:パンチ:move:+4 ; type:TYPE_FIGHTING:キック:profile:+6 ; type:TYPE_FIGHTING:キック:move:+4 ; type:TYPE_STEEL:鉄:profile:+2 ; type:TYPE_STEEL:サイボーグ:official_type:+5 ; type_choice:TYPE_FIGHTING:16 ; growth:official_stage_plus_profile_power:slow,135,255,135,135,162,135,957,TYPE_FIGHTING,,resolved_profile_evidence,28,399,GROWTH_SLOW,high,profile-derived-v1
374,digimon,wizarmon_x,ウィザーモン（X抗体）,https://digimon.net/reference/detail.php?directory_name=wizarmon_x,成熟期,魔人型,データ,6671087dfb38bf30eccc65141758ea1999ae71fa3a7ff70d0cc9f72e4f72b911,335,power:強大:+4 ; attack:力:+2 ; special_attack:炎:+3 ; special_attack:雷:+6 ; special_attack:電撃:+4 ; type:TYPE_FIRE:炎:profile:+2 ; type:TYPE_ELECTRIC:雷:profile:+4 ; type:TYPE_ELECTRIC:電撃:profile:+2 ; type:TYPE_ELECTRIC:サンダー:profile:+2 ; type:TYPE_ELECTRIC:サンダー:move:+4 ; type:TYPE_GROUND:大地:profile:+2 ; type:TYPE_DARK:ダーク:profile:+2 ; type:TYPE_DARK:ダーク:move:+4 ; type_choice:TYPE_ELECTRIC:12 ; growth:official_stage_plus_profile_power:medium_fast,85,94,85,85,144,85,578,TYPE_ELECTRIC,,resolved_profile_evidence,128,244,GROWTH_MEDIUM_FAST,high,profile-derived-v1
375,digimon,siesamon_x,シーサモン（X抗体）,https://digimon.net/reference/detail.php?directory_name=siesamon_x,成熟期,聖獣型,ワクチン,c9a0dc6e4b3c8f8d9677d8e15ec1e2bbf8cadeae73b185f3083d4ca2ebbfce71,425,power:絶大:+5 ; hp:生命:+2 ; attack:パワー:+4 ; attack:力:+2 ; defense:鎧:+4 ; defense:バリア:+4 ; defense:防ぐ:+3 ; special_attack:エネルギー:+3 ; special_attack:光:+9 ; special_defense:バリア:+4 ; special_defense:聖:+4 ; type:TYPE_ROCK:石:profile:+2 ; type:TYPE_ROCK:石:move:+4 ; type:TYPE_DARK:悪魔:profile:+2 ; type:TYPE_DARK:邪悪:profile:+6 ; type:TYPE_FAIRY:聖なる:profile:+2 ; type:TYPE_FAIRY:聖:profile:+4 ; type:TYPE_FAIRY:聖:official_type:+3 ; type:TYPE_NORMAL:獣型:official_type:+4 ; type:TYPE_FAIRY:聖獣:official_type:+4 ; type:TYPE_NORMAL:聖獣:official_type:+2 ; type_choice:TYPE_FAIRY:13 ; growth:official_stage_plus_profile_power:medium_fast,96,114,136,87,141,123,697,TYPE_FAIRY,,resolved_profile_evidence,104,276,GROWTH_MEDIUM_FAST,high,profile-derived-v1
376,digimon,cherubimon_x,ケルビモン（善）（X抗体）,https://digimon.net/reference/detail.php?directory_name=cherubimon_x,究極体,智天使型,ワクチン,121a36aa953aa3c2522f71a2c70afbd63135b08872859525e5e3051cee05cd6a,421,power:究極:+5 ; power:神:+3 ; hp:巨大:+2 ; attack:力:+2 ; attack:槍:+3 ; special_attack:エネルギー:+3 ; special_attack:雷:+9 ; special_attack:電撃:+4 ; special_attack:光:+6 ; special_defense:守護:+4 ; type:TYPE_ELECTRIC:雷:profile:+6 ; type:TYPE_ELECTRIC:電撃:profile:+2 ; type:TYPE_ELECTRIC:ライトニング:profile:+2 ; type:TYPE_ELECTRIC:ライトニング:move:+4 ; type:TYPE_DARK:邪悪:profile:+2 ; type:TYPE_FAIRY:天使:profile:+6 ; type:TYPE_FAIRY:天使:official_type:+5 ; type:TYPE_FLYING:天使:official_type:+2 ; type_choice:TYPE_ELECTRIC:14 ; type_choice:TYPE_FAIRY:11 ; growth:official_stage_plus_profile_power:slow,145,159,136,136,235,154,965,TYPE_ELECTRIC,TYPE_FAIRY,resolved_profile_evidence,29,395,GROWTH_SLOW,high,profile-derived-v1
377,digimon,ofanimon_x,オファニモン（X抗体）,https://digimon.net/reference/detail.php?directory_name=ofanimon_x,究極体,座天使型,ワクチン,b969026a4d89a2b6f4dc9d69cc561f19b6221a8a45874a2a52b7fea8ce4d33ea,388,power:神:+9 ; special_attack:光:+6 ; special_defense:聖:+4 ; special_defense:守護:+8 ; type:TYPE_FLYING:羽:profile:+2 ; type:TYPE_ROCK:クリスタル:profile:+4 ; type:TYPE_DARK:邪悪:profile:+2 ; type:TYPE_FAIRY:天使:profile:+6 ; type:TYPE_FAIRY:聖なる:profile:+2 ; type:TYPE_FAIRY:聖:profile:+4 ; type:TYPE_FAIRY:天使:official_type:+5 ; type:TYPE_FLYING:天使:official_type:+2 ; type_choice:TYPE_FAIRY:17 ; growth:official_stage_plus_profile_power:slow,138,138,138,138,165,192,909,TYPE_FAIRY,,resolved_profile_evidence,46,364,GROWTH_SLOW,high,profile-derived-v1
378,digimon,angewomon_x,エンジェウーモン（X抗体）,https://digimon.net/reference/detail.php?directory_name=angewomon_x,完全体,大天使型,ワクチン,8009d1bf942b7c885e357fdf557be3aa27c902fda6be1965280aba8da7270b94,463,power:強力:+3 ; power:神:+9 ; attack:パワー:+4 ; attack:力:+6 ; special_attack:火:+4 ; special_attack:雷:+6 ; special_attack:光:+3 ; special_defense:精神:+4 ; special_defense:神聖:+3 ; special_defense:聖:+2 ; type:TYPE_ELECTRIC:雷:profile:+4 ; type:TYPE_GRASS:花:profile:+2 ; type:TYPE_GROUND:大地:profile:+2 ; type:TYPE_FLYING:羽:profile:+4 ; type:TYPE_PSYCHIC:精神:profile:+2 ; type:TYPE_FAIRY:天使:profile:+6 ; type:TYPE_FAIRY:神聖:profile:+2 ; type:TYPE_FAIRY:聖:profile:+2 ; type:TYPE_FAIRY:天使:official_type:+5 ; type:TYPE_FLYING:天使:official_type:+2 ; type_choice:TYPE_FAIRY:15 ; growth:profile:slow,122,167,122,122,180,162,875,TYPE_FAIRY,,resolved_profile_evidence,50,357,GROWTH_SLOW,high,profile-derived-v1
379,digimon,diablomon_x,ディアボロモン（Ｘ抗体）,https://digimon.net/reference/detail.php?directory_name=diablomon_x,究極体,種族不明,不明,a93d1cc004853630600b9a0a08ebcfd3d5654832af867e390e0140599079611e,650,power:強力:+3 ; power:神:+3 ; hp:巨大:+4 ; attack:力:+2 ; attack:爪:+3 ; attack:斬:+3 ; attack:破壊:+12 ; speed:走:+2 ; special_attack:エネルギー:+3 ; special_attack:呪:+4 ; special_attack:データ:+6 ; special_defense:吸収:+8 ; type_placeholder:TYPE_NORMAL:no_specialized_affinity_evidence ; growth:profile:erratic,151,223,133,142,191,169,1009,TYPE_NORMAL,,unresolved_no_specialized_type_evidence,26,396,GROWTH_ERRATIC,medium,profile-derived-v1
380,digimon,dynasmon_x,デュナスモン（X抗体）,https://digimon.net/reference/detail.php?directory_name=dynasmon_x,究極体,聖騎士型,データ,1c11ebe0c04d7c15119fdce8030641653e58b7962b04ed49bb1ff005f2f93676,497,power:神:+3 ; hp:巨大:+4 ; attack:パワー:+8 ; attack:力:+6 ; attack:突進:+3 ; defense:鎧:+8 ; speed:一瞬:+3 ; speed:飛翔:+3 ; special_attack:エネルギー:+6 ; special_defense:精神:+4 ; special_defense:聖:+2 ; type:TYPE_FIGHTING:闘士:profile:+2 ; type:TYPE_FLYING:飛翔:profile:+2 ; type:TYPE_FLYING:翼:profile:+2 ; type:TYPE_PSYCHIC:精神:profile:+2 ; type:TYPE_DRAGON:竜:profile:+6 ; type:TYPE_DRAGON:ドラゴン:profile:+4 ; type:TYPE_DRAGON:ドラゴン:move:+8 ; type:TYPE_DRAGON:ワイバーン:profile:+2 ; type:TYPE_DRAGON:ワイバーン:move:+4 ; type:TYPE_FAIRY:聖:profile:+2 ; type:TYPE_FAIRY:聖:official_type:+3 ; type_choice:TYPE_DRAGON:24 ; growth:official_stage_plus_profile_power:slow,145,204,163,154,154,154,974,TYPE_DRAGON,,resolved_profile_evidence,42,371,GROWTH_SLOW,high,profile-derived-v1
381,digimon,duftmon_x,ドゥフトモン（X抗体）,https://digimon.net/reference/detail.php?directory_name=duftmon_x,究極体,聖騎士型,データ,b244b39e6feea2011b9f3de1ea61848898716a5145b61a1b6c0443576080e0c0,387,power:超高:+3 ; attack:力:+2 ; attack:剣:+6 ; attack:破壊:+4 ; defense:鎧:+4 ; speed:高速:+5 ; speed:超高速:+7 ; speed:一瞬:+3 ; special_attack:エネルギー:+3 ; special_attack:ビーム:+4 ; special_attack:爆発:+6 ; special_defense:聖:+2 ; type:TYPE_FAIRY:聖:profile:+2 ; type:TYPE_FAIRY:聖:official_type:+3 ; type_choice:TYPE_FAIRY:5 ; growth:official_stage_plus_profile_power:slow,127,181,145,195,186,136,970,TYPE_FAIRY,,resolved_profile_evidence,45,366,GROWTH_SLOW,high,profile-derived-v1
382,digimon,holydramon_x,ホーリードラモン（X抗体）,https://digimon.net/reference/detail.php?directory_name=holydramon_x,究極体,聖竜型,ワクチン,804bc54bdef1692d2ede0395788c8f12c3205990890446c3fe589aeab2b079dc,454,power:究極:+5 ; power:凄まじ:+3 ; power:神:+6 ; power:王:+2 ; hp:巨大:+6 ; attack:力:+4 ; speed:一瞬:+3 ; special_attack:エネルギー:+9 ; special_attack:光:+6 ; type:TYPE_FIRE:フレイム:profile:+2 ; type:TYPE_FIRE:フレイム:move:+4 ; type:TYPE_DRAGON:竜:profile:+4 ; type:TYPE_DARK:邪悪:profile:+2 ; type:TYPE_DRAGON:竜:official_type:+5 ; type:TYPE_FAIRY:聖:official_type:+3 ; type_choice:TYPE_DRAGON:9 ; type_choice:TYPE_FIRE:6 ; growth:official_stage_plus_profile_power:slow,178,169,151,164,218,151,1031,TYPE_DRAGON,TYPE_FIRE,resolved_profile_evidence,5,424,GROWTH_SLOW,high,profile-derived-v1
383,digimon,plesiomon_x,プレシオモン（X抗体）,https://digimon.net/reference/detail.php?directory_name=plesiomon_x,究極体,首長竜型,データ,4118b506d5070344a450339f5094fa160b0bf4b4548c67e4cf3d7cef6fed63cb,473,power:神:+3 ; special_attack:データ:+4 ; type:TYPE_DRAGON:竜:profile:+2 ; type:TYPE_DRAGON:竜:official_type:+5 ; type_choice:TYPE_DRAGON:7 ; growth:official_stage_plus_profile_power:slow,127,127,127,127,145,127,780,TYPE_DRAGON,,resolved_profile_evidence,91,294,GROWTH_SLOW,medium,profile-derived-v1
384,digimon,goddramon_x,ゴッドドラモン（X抗体）,https://digimon.net/reference/detail.php?directory_name=goddramon_x,究極体,聖竜型,ワクチン,c67630743570d059bdb2f495de576afdd54c7e10a11222fd151eaeeb4278351a,550,power:究極:+5 ; power:神:+6 ; power:小型:-1 ; hp:再生:+4 ; attack:力:+6 ; attack:格闘:+12 ; attack:拳:+3 ; attack:破壊:+4 ; defense:装甲:+5 ; defense:盾:+4 ; defense:硬質:+8 ; speed:一瞬:+3 ; special_attack:炎:+3 ; special_attack:雷:+3 ; special_defense:再生:+3 ; special_defense:神聖:+3 ; special_defense:聖:+6 ; type:TYPE_FIRE:炎:profile:+2 ; type:TYPE_FIRE:フレイム:profile:+2 ; type:TYPE_FIRE:フレイム:move:+4 ; type:TYPE_ELECTRIC:雷:profile:+2 ; type:TYPE_FIGHTING:格闘:profile:+6 ; type:TYPE_FIGHTING:拳:profile:+2 ; type:TYPE_FLYING:天空:profile:+2 ; type:TYPE_FLYING:羽:profile:+4 ; type:TYPE_DRAGON:竜:profile:+6 ; type:TYPE_DRAGON:龍:profile:+4 ; type:TYPE_STEEL:装甲:profile:+2 ; type:TYPE_FAIRY:神聖:profile:+2 ; type:TYPE_FAIRY:聖なる:profile:+6 ; type:TYPE_FAIRY:聖:profile:+6 ; type:TYPE_DRAGON:竜:official_type:+5 ; type:TYPE_FAIRY:聖:official_type:+3 ; type_choice:TYPE_FAIRY:17 ; type_choice:TYPE_DRAGON:15 ; growth:official_stage_plus_profile_power:slow,158,252,216,154,167,194,1141,TYPE_FAIRY,TYPE_DRAGON,resolved_profile_evidence,3,453,GROWTH_SLOW,high,profile-derived-v1
385,digimon,garudamon_x,ガルダモン（X抗体）,https://digimon.net/reference/detail.php?directory_name=garudamon_x,完全体,鳥人型,ワクチン,736e9e5bf0726eea8df83cfb5acde7fa74c5fc9e1a740f7fac88c2f26eb463cb,477,power:神:+9 ; hp:巨大:+4 ; attack:怪力:+6 ; attack:力:+6 ; attack:爪:+3 ; special_defense:精神:+4 ; special_defense:守護:+4 ; type:TYPE_GROUND:大地:profile:+4 ; type:TYPE_FLYING:翼:profile:+2 ; type:TYPE_FLYING:大空:profile:+2 ; type:TYPE_FLYING:鳥:profile:+6 ; type:TYPE_PSYCHIC:精神:profile:+2 ; type:TYPE_DARK:邪悪:profile:+2 ; type:TYPE_STEEL:鉄:profile:+2 ; type:TYPE_FLYING:鳥:official_type:+5 ; type_choice:TYPE_FLYING:15 ; growth:official_stage_plus_profile_power:medium_slow,134,184,116,116,116,152,818,TYPE_FLYING,,resolved_profile_evidence,65,337,GROWTH_MEDIUM_SLOW,high,profile-derived-v1
386,digimon,tailmon_x,テイルモン（X抗体）,https://digimon.net/reference/detail.php?directory_name=tailmon_x,成熟期,聖獣型,ワクチン,0583433e35f0c7495f55f09a589eaf22499323afbd1111147e28c52a891e1976,407,power:神:+6 ; attack:パワー:+4 ; attack:力:+6 ; attack:パンチ:+6 ; attack:爪:+6 ; special_attack:データ:+2 ; special_defense:神聖:+6 ; special_defense:聖:+6 ; type:TYPE_FIGHTING:パンチ:profile:+2 ; type:TYPE_FIGHTING:パンチ:move:+4 ; type:TYPE_FAIRY:神聖:profile:+4 ; type:TYPE_FAIRY:聖なる:profile:+4 ; type:TYPE_FAIRY:聖:profile:+6 ; type:TYPE_FAIRY:聖:official_type:+3 ; type:TYPE_NORMAL:獣型:official_type:+4 ; type:TYPE_FAIRY:聖獣:official_type:+4 ; type:TYPE_NORMAL:聖獣:official_type:+2 ; type_choice:TYPE_FAIRY:21 ; growth:official_stage_plus_profile_power:medium_fast,89,188,89,89,98,143,696,TYPE_FAIRY,,resolved_profile_evidence,93,299,GROWTH_MEDIUM_FAST,high,profile-derived-v1
387,digimon,togemon_x,トゲモン（X抗体）,https://digimon.net/reference/detail.php?directory_name=togemon_x,成熟期,植物型,データ,99b513c7847bb23f1a8f0844b7111a79886f43336b91edf8176e85779710aff7,545,hp:巨大:+2 ; attack:パンチ:+6 ; defense:硬質:+4 ; special_attack:データ:+2 ; type:TYPE_GRASS:植物:profile:+6 ; type:TYPE_FIGHTING:パンチ:profile:+4 ; type:TYPE_GROUND:砂:profile:+4 ; type:TYPE_GROUND:砂漠:profile:+4 ; type:TYPE_GRASS:植物:official_type:+5 ; type_choice:TYPE_GRASS:11 ; type_choice:TYPE_GROUND:8 ; growth:official_stage_plus_profile_power:medium_fast,87,105,96,78,87,78,531,TYPE_GRASS,TYPE_GROUND,resolved_profile_evidence,152,204,GROWTH_MEDIUM_FAST,medium,profile-derived-v1
388,digimon,tylomon_x,ティロモン（X抗体）,https://digimon.net/reference/detail.php?directory_name=tylomon_x,成熟期,海竜型,ワクチン,3ca1ccec5ed9f0d3a44223fc7835dec1e5128c7813136e44c4f7b3e03b1bedaf,448,attack:パワー:+4 ; attack:力:+2 ; attack:突進:+3 ; speed:高速:+5 ; speed:スピード:+8 ; special_attack:雷:+3 ; type:TYPE_WATER:海:profile:+6 ; type:TYPE_WATER:深海:profile:+4 ; type:TYPE_WATER:水中:profile:+6 ; type:TYPE_ELECTRIC:雷:profile:+2 ; type:TYPE_FLYING:翼:profile:+2 ; type:TYPE_DRAGON:竜:profile:+2 ; type:TYPE_DRAGON:竜:official_type:+5 ; type_choice:TYPE_WATER:16 ; growth:official_stage_plus_profile_power:medium_fast,78,118,78,136,92,78,580,TYPE_WATER,,resolved_profile_evidence,137,231,GROWTH_MEDIUM_FAST,high,profile-derived-v1
389,digimon,lopmon_x,ロップモン（X抗体）,https://digimon.net/reference/detail.php?directory_name=lopmon_x,成長期,獣型,データ,657756eb749b18d93a0fff7e8962c313cef3efb8bf2a242214c3f43ad813c293,482,power:小型:-1 ; attack:パワー:+4 ; attack:力:+2 ; special_attack:冷気:+6 ; special_attack:熱:+2 ; type:TYPE_ICE:冷気:profile:+4 ; type:TYPE_FLYING:空中:profile:+2 ; type:TYPE_ROCK:石:profile:+2 ; type:TYPE_ROCK:宝石:profile:+2 ; type:TYPE_DRAGON:竜:profile:+2 ; type:TYPE_NORMAL:獣型:official_type:+4 ; type_candidate:TYPE_ICE:4 ; type_placeholder:TYPE_NORMAL:low_evidence ; growth:official_stage_plus_profile_power:medium_fast,56,83,56,56,92,56,399,TYPE_NORMAL,,unresolved_low_type_evidence,180,164,GROWTH_MEDIUM_FAST,medium,profile-derived-v1
390,digimon,shakomon_x,シャコモン（X抗体）,https://digimon.net/reference/detail.php?directory_name=shakomon_x,成長期,甲殻類型,ウィルス,a66317ec2c2b7967b660ea07891fd0fd97961ae2cb4d5828fb9edad96aed6199,388,attack:力:+4 ; defense:防御:+5 ; defense:硬い:+4 ; type:TYPE_WATER:海:profile:+2 ; type:TYPE_WATER:水中:profile:+2 ; type_candidate:TYPE_WATER:4 ; type_placeholder:TYPE_NORMAL:low_evidence ; growth:official_stage_plus_profile_power:medium_fast,58,76,98,58,58,58,406,TYPE_NORMAL,,unresolved_low_type_evidence,178,169,GROWTH_MEDIUM_FAST,medium,profile-derived-v1
391,digimon,terriermon_x,テリアモン（X抗体）,https://digimon.net/reference/detail.php?directory_name=terriermon_x,成長期,獣型,ワクチン,c586479d714a78dc4a7b5002bc0fadbc800e5f090968c7117c63641fa41e0ab4,470,power:強力:+3 ; power:小型:-1 ; attack:パワー:+4 ; attack:力:+4 ; special_attack:冷気:+3 ; special_attack:熱:+6 ; type:TYPE_ICE:冷気:profile:+2 ; type:TYPE_ROCK:石:profile:+2 ; type:TYPE_ROCK:宝石:profile:+2 ; type:TYPE_DRAGON:竜:profile:+2 ; type:TYPE_NORMAL:獣型:official_type:+4 ; type_candidate:TYPE_NORMAL:4 ; type_placeholder:TYPE_NORMAL:low_evidence ; growth:official_stage_plus_profile_power:medium_fast,62,98,62,62,102,62,448,TYPE_NORMAL,,unresolved_low_type_evidence,165,187,GROWTH_MEDIUM_FAST,medium,profile-derived-v1
392,digimon,palmon_x,パルモン（X抗体）,https://digimon.net/reference/detail.php?directory_name=palmon_x,成長期,植物型,データ,d8b05ce06a524735a60308e13a958c4449367015d6a22ba56212a20c084e1690,473,power:神:+3 ; attack:力:+2 ; attack:爪:+3 ; special_attack:光:+3 ; special_attack:毒:+6 ; special_defense:精神:+4 ; type:TYPE_GRASS:植物:profile:+4 ; type:TYPE_GRASS:花:profile:+6 ; type:TYPE_GRASS:葉:profile:+2 ; type:TYPE_POISON:毒:profile:+4 ; type:TYPE_POISON:ポイズン:profile:+2 ; type:TYPE_POISON:ポイズン:move:+4 ; type:TYPE_GROUND:地中:profile:+2 ; type:TYPE_PSYCHIC:精神:profile:+2 ; type:TYPE_PSYCHIC:幻覚:profile:+2 ; type:TYPE_GRASS:植物:official_type:+5 ; type_choice:TYPE_GRASS:17 ; growth:official_stage_plus_profile_power:medium_fast,63,86,63,63,104,81,460,TYPE_GRASS,,resolved_profile_evidence,161,193,GROWTH_MEDIUM_FAST,high,profile-derived-v1
393,digimon,pteranomon_x,プテラノモン（X抗体）,https://digimon.net/reference/detail.php?directory_name=pteranomon_x,成熟期,翼竜型,データ,fdb8c8509f0b5501e66901a06e33a78f06cfe86acdf5c656abae9c2315ffce33,440,attack:パワー:+4 ; attack:力:+6 ; attack:爪:+3 ; attack:破壊:+4 ; defense:装甲:+5 ; speed:スピード:+4 ; speed:機動:+4 ; speed:飛行:+4 ; type:TYPE_FLYING:飛行:profile:+4 ; type:TYPE_FLYING:翼:profile:+4 ; type:TYPE_DRAGON:竜:profile:+2 ; type:TYPE_STEEL:鋼:profile:+2 ; type:TYPE_STEEL:鉄:profile:+2 ; type:TYPE_STEEL:装甲:profile:+2 ; type:TYPE_DRAGON:竜:official_type:+5 ; type_choice:TYPE_FLYING:8 ; type_choice:TYPE_DRAGON:7 ; growth:official_stage_plus_profile_power:medium_fast,78,154,100,132,78,78,620,TYPE_FLYING,TYPE_DRAGON,resolved_profile_evidence,125,249,GROWTH_MEDIUM_FAST,high,profile-derived-v1
394,digimon,mamemon_x,マメモン（X抗体）,https://digimon.net/reference/detail.php?directory_name=mamemon_x,完全体,突然変異型,データ,a4f7316a8811686d54f39168cf9dc0577a4d865a35636df0df9c4edacfb794e5,295,power:最強:+8 ; power:強力:+3 ; hp:巨大:+6 ; attack:力:+4 ; attack:パンチ:+3 ; attack:破壊:+4 ; speed:瞬間:+3 ; special_attack:爆発:+9 ; type:TYPE_FIGHTING:パンチ:profile:+2 ; type:TYPE_NORMAL:突然変異:official_type:+3 ; type_candidate:TYPE_NORMAL:3 ; type_placeholder:TYPE_NORMAL:low_evidence ; growth:official_stage_plus_profile_power:medium_slow,147,169,120,133,160,120,849,TYPE_NORMAL,,unresolved_low_type_evidence,59,343,GROWTH_MEDIUM_SLOW,medium,profile-derived-v1
395,digimon,ebemon_x,イーバモン（X抗体）,https://digimon.net/reference/detail.php?directory_name=ebemon_x,究極体,サイボーグ型,ウィルス,17b6d4fa2d25e2cd97a370868187e23a634b901fc180361e5ffa7ae961955292,543,attack:パワー:+4 ; attack:力:+2 ; attack:破壊:+4 ; speed:瞬時:+8 ; special_attack:データ:+4 ; special_defense:吸収:+4 ; type:TYPE_STEEL:サイボーグ:profile:+2 ; type:TYPE_STEEL:サイボーグ:official_type:+5 ; type_choice:TYPE_STEEL:7 ; growth:official_stage_plus_profile_power:slow,122,167,122,158,140,140,849,TYPE_STEEL,,resolved_profile_evidence,79,314,GROWTH_SLOW,medium,profile-derived-v1
396,digimon,sleipmon_x,スレイプモン（X抗体）,https://digimon.net/reference/detail.php?directory_name=sleipmon_x,究極体,聖騎士型,ワクチン,671aae660aef3b5c30ebfc0a9976da182ab3dfe380f0ca85f39caddf040d5929,528,power:究極:+10 ; hp:生命:+2 ; attack:力:+4 ; defense:防御:+5 ; defense:鎧:+4 ; defense:盾:+4 ; speed:高速:+10 ; speed:機動:+4 ; speed:瞬間:+6 ; special_attack:火:+2 ; special_attack:氷:+3 ; special_attack:冷気:+3 ; special_attack:光:+3 ; special_attack:データ:+2 ; special_defense:聖:+4 ; special_defense:守護:+4 ; type:TYPE_ICE:氷:profile:+2 ; type:TYPE_ICE:冷気:profile:+2 ; type:TYPE_ICE:凍:profile:+2 ; type:TYPE_FLYING:羽:profile:+2 ; type:TYPE_FAIRY:聖:profile:+4 ; type:TYPE_FAIRY:聖:official_type:+3 ; type_choice:TYPE_FAIRY:7 ; type_choice:TYPE_ICE:6 ; growth:profile:slow,149,158,198,230,198,176,1109,TYPE_FAIRY,TYPE_ICE,resolved_profile_evidence,3,435,GROWTH_SLOW,high,profile-derived-v1
397,digimon,craniummon_x,クレニアムモン（X抗体）,https://digimon.net/reference/detail.php?directory_name=craniummon_x,究極体,聖騎士型,ワクチン,d418262f5bc9e55648932151bf8c7e63a120e6b18c07b57ed26a98448d9eb3ed,517,power:最強:+8 ; power:究極:+5 ; attack:剣:+3 ; attack:槍:+3 ; defense:鎧:+12 ; special_attack:光:+3 ; special_attack:データ:+4 ; type:TYPE_FAIRY:聖:official_type:+3 ; type_candidate:TYPE_FAIRY:3 ; type_placeholder:TYPE_NORMAL:low_evidence ; growth:official_stage_plus_profile_power:slow,145,172,199,145,177,145,983,TYPE_NORMAL,,unresolved_low_type_evidence,23,396,GROWTH_SLOW,medium,profile-derived-v1
398,digimon,ulforcevdramon_x,アルフォースブイドラモン（X抗体）,https://digimon.net/reference/detail.php?directory_name=ulforcevdramon_x,究極体,聖騎士型,ワクチン,7f1b1ab0df6919209fb4bbbfa5172786d17ec8091f176b3d8d17132c9135f686,513,power:究極:+5 ; power:驚異:+3 ; power:神:+9 ; hp:回復:+3 ; attack:パワー:+4 ; attack:力:+4 ; defense:鎧:+4 ; speed:スピード:+8 ; special_attack:光:+3 ; special_defense:回復:+3 ; special_defense:聖:+4 ; special_defense:守護:+4 ; type:TYPE_GROUND:大地:profile:+2 ; type:TYPE_FAIRY:聖:profile:+4 ; type:TYPE_FAIRY:聖:official_type:+3 ; type_choice:TYPE_FAIRY:7 ; growth:profile:slow,166,189,171,189,166,202,1083,TYPE_FAIRY,,resolved_profile_evidence,3,433,GROWTH_SLOW,high,profile-derived-v1
399,digimon,magnamon_x,マグナモン（X抗体）,https://digimon.net/reference/detail.php?directory_name=magnamon_x,究極体,聖騎士型,ワクチン,5e16cb14cebf7c4e5df11d3ccf97b22d8c3192e0943760d0db2e8ef56e8589d4,724,power:究極:+5 ; power:絶大:+5 ; attack:パワー:+8 ; attack:力:+6 ; defense:防御:+15 ; special_attack:レーザー:+4 ; special_attack:光:+3 ; special_attack:データ:+2 ; special_attack:爆発:+3 ; special_defense:聖:+2 ; type:TYPE_FIGHTING:筋肉:profile:+4 ; type:TYPE_ROCK:石:profile:+2 ; type:TYPE_ROCK:鉱石:profile:+2 ; type:TYPE_STEEL:金属:profile:+4 ; type:TYPE_FAIRY:聖:profile:+2 ; type:TYPE_FAIRY:聖:official_type:+3 ; type_choice:TYPE_FAIRY:5 ; growth:profile:slow,140,203,208,140,194,149,1034,TYPE_FAIRY,,resolved_profile_evidence,17,406,GROWTH_SLOW,high,profile-derived-v1
400,digimon,megaseadramon_x,メガシードラモン（X抗体）,https://digimon.net/reference/detail.php?directory_name=megaseadramon_x,完全体,水棲型,データ,0288047255b4a94908054cfcbd67c4398cd9401fd871c60972ca6d08caf0a0ac,430,power:強力:+3 ; power:王:+2 ; attack:力:+2 ; special_attack:雷:+6 ; special_attack:氷:+3 ; special_attack:熱:+2 ; type:TYPE_WATER:海:profile:+6 ; type:TYPE_ELECTRIC:雷:profile:+4 ; type:TYPE_ELECTRIC:サンダー:profile:+4 ; type:TYPE_ELECTRIC:サンダー:move:+4 ; type:TYPE_ICE:氷:profile:+2 ; type:TYPE_WATER:水棲:official_type:+5 ; type_choice:TYPE_ELECTRIC:12 ; type_choice:TYPE_WATER:11 ; growth:profile:slow,109,118,109,109,158,109,712,TYPE_ELECTRIC,TYPE_WATER,resolved_profile_evidence,98,288,GROWTH_SLOW,high,profile-derived-v1
401,digimon,triceramon_x,トリケラモン（X抗体）,https://digimon.net/reference/detail.php?directory_name=triceramon_x,完全体,角竜型,データ,d9df154ed3499256c2ba6842f6a6d1eba7cda04a25c670c994a336719ee2f048,415,hp:頑丈:+6 ; attack:力:+6 ; attack:突進:+9 ; attack:破壊:+4 ; defense:硬い:+4 ; defense:硬質:+8 ; defense:頑丈:+8 ; speed:高速:+10 ; type:TYPE_GRASS:草:profile:+2 ; type:TYPE_ROCK:鉱物:profile:+2 ; type:TYPE_DRAGON:竜:profile:+4 ; type:TYPE_DRAGON:恐竜:profile:+2 ; type:TYPE_DRAGON:竜:official_type:+5 ; type_choice:TYPE_DRAGON:11 ; growth:official_stage_plus_profile_power:medium_slow,127,186,190,145,100,100,848,TYPE_DRAGON,,resolved_profile_evidence,74,325,GROWTH_MEDIUM_SLOW,high,profile-derived-v1
402,digimon,okuwamon_x,オオクワモン（X抗体）,https://digimon.net/reference/detail.php?directory_name=okuwamon_x,完全体,昆虫型,ウィルス,9d5f9e89f94759243ed33c45e6866580a254235c61c1914fdacc7e658e13f59c,353,hp:巨大:+2 ; attack:パワー:+4 ; attack:力:+4 ; attack:破壊:+8 ; defense:防御:+5 ; type:TYPE_BUG:昆虫:official_type:+5 ; type_choice:TYPE_BUG:5 ; growth:official_stage_plus_profile_power:medium_slow,109,172,122,100,100,100,703,TYPE_BUG,,resolved_profile_evidence,106,279,GROWTH_MEDIUM_SLOW,medium,profile-derived-v1
403,digimon,mantaraymon_x,マンタレイモン（X抗体）,https://digimon.net/reference/detail.php?directory_name=mantaraymon_x,成熟期,水棲型,ワクチン,dc88157c03e9d3b19e3c9e25f1c280f51ddd5a49e0056ccd3f93e44fe6ffaee8,609,attack:パワー:+4 ; attack:力:+6 ; speed:スピード:+4 ; speed:一瞬:+3 ; special_attack:電気:+6 ; special_attack:光:+6 ; type:TYPE_WATER:海:profile:+4 ; type:TYPE_WATER:深海:profile:+2 ; type:TYPE_WATER:水中:profile:+2 ; type:TYPE_WATER:水棲:profile:+2 ; type:TYPE_ELECTRIC:電気:profile:+4 ; type:TYPE_WATER:水棲:official_type:+5 ; type_choice:TYPE_WATER:15 ; growth:official_stage_plus_profile_power:medium_fast,78,123,78,110,132,78,599,TYPE_WATER,,resolved_profile_evidence,134,234,GROWTH_MEDIUM_FAST,high,profile-derived-v1
404,digimon,nefertimon_x,ネフェルティモン（X抗体）,https://digimon.net/reference/detail.php?directory_name=nefertimon_x,成熟期,聖獣型,ワクチン,5bce03bf17a4768e1209d8a6db460a7e8d5f4e9f43ab901a37ad37c91a269177,460,power:強力:+6 ; power:弱い:-4 ; attack:パワー:+4 ; attack:力:+6 ; attack:格闘:+4 ; attack:爪:+3 ; defense:防御:+5 ; defense:装甲:+5 ; speed:素早:+5 ; speed:スピード:+4 ; speed:俊敏:+10 ; speed:飛翔:+3 ; special_attack:光:+9 ; special_attack:闇:+6 ; special_attack:データ:+4 ; special_attack:熱:+2 ; special_defense:聖:+2 ; special_defense:浄化:+8 ; type:TYPE_FIGHTING:格闘:profile:+2 ; type:TYPE_FLYING:飛翔:profile:+2 ; type:TYPE_ROCK:石:profile:+2 ; type:TYPE_DARK:闇:profile:+4 ; type:TYPE_DARK:邪悪:profile:+2 ; type:TYPE_STEEL:装甲:profile:+2 ; type:TYPE_FAIRY:聖:profile:+2 ; type:TYPE_FAIRY:聖:official_type:+3 ; type:TYPE_NORMAL:獣型:official_type:+4 ; type:TYPE_FAIRY:聖獣:official_type:+4 ; type:TYPE_NORMAL:聖獣:official_type:+2 ; type_choice:TYPE_FAIRY:9 ; type_choice:TYPE_DARK:6 ; growth:profile:slow,82,158,127,181,176,127,851,TYPE_FAIRY,TYPE_DARK,resolved_profile_evidence,72,326,GROWTH_SLOW,high,profile-derived-v1
405,digimon,seadramon_x,シードラモン（X抗体）,https://digimon.net/reference/detail.php?directory_name=seadramon_x,成熟期,水棲型,データ,cfc768d9e86627b7f9a881f5b5aab44088ab3834c45f14961c923af090333e66,373,speed:瞬時:+4 ; type:TYPE_WATER:海:profile:+4 ; type:TYPE_WATER:水中:profile:+4 ; type:TYPE_WATER:水棲:profile:+2 ; type:TYPE_ICE:凍:profile:+2 ; type:TYPE_WATER:水棲:official_type:+5 ; type_choice:TYPE_WATER:15 ; growth:profile:slow,78,78,78,96,78,78,486,TYPE_WATER,,resolved_profile_evidence,163,189,GROWTH_SLOW,medium,profile-derived-v1
406,digimon,kuwagamon_x,クワガーモン（X抗体）,https://digimon.net/reference/detail.php?directory_name=kuwagamon_x,成熟期,昆虫型,ウィルス,1f8c353ac164727f3b0b30b6d1ba26b620eea9b481d173f152c6a7df17ecc7b1,318,power:強力:+3 ; power:超強:+4 ; hp:巨大:+2 ; attack:パワー:+8 ; attack:力:+4 ; defense:甲殻:+4 ; defense:硬い:+4 ; defense:硬質:+4 ; special_attack:データ:+2 ; type:TYPE_BUG:昆虫:profile:+2 ; type:TYPE_BUG:昆虫:official_type:+5 ; type_choice:TYPE_BUG:7 ; growth:official_stage_plus_profile_power:medium_fast,100,145,145,91,100,91,672,TYPE_BUG,,resolved_profile_evidence,105,276,GROWTH_MEDIUM_FAST,high,profile-derived-v1
407,digimon,allomon_x,アロモン（X抗体）,https://digimon.net/reference/detail.php?directory_name=allomon_x,成熟期,恐竜型,データ,372da922257564a293bc35e1a5393efad8d0774b85e7f36cadc4a6021b40a570,355,power:超高:+6 ; power:小型:-1 ; attack:パワー:+4 ; attack:力:+4 ; speed:スピード:+8 ; speed:俊敏:+10 ; speed:瞬間:+3 ; speed:飛翔:+3 ; speed:走:+4 ; special_attack:光:+3 ; special_attack:熱:+6 ; type:TYPE_FLYING:飛翔:profile:+2 ; type:TYPE_DRAGON:竜:profile:+6 ; type:TYPE_DRAGON:恐竜:profile:+6 ; type:TYPE_DRAGON:竜:official_type:+5 ; type:TYPE_DRAGON:恐竜:official_type:+3 ; type_choice:TYPE_DRAGON:20 ; growth:official_stage_plus_profile_power:medium_fast,87,123,87,213,128,87,725,TYPE_DRAGON,,resolved_profile_evidence,84,316,GROWTH_MEDIUM_FAST,high,profile-derived-v1
408,digimon,gomamon_x,ゴマモン（X抗体）,https://digimon.net/reference/detail.php?directory_name=gomamon_x,成長期,海獣型,ワクチン,094be1d9eb0e5ca664e4cf4c45f6891c9419a7721bccedb982970e7e9cd841c9,489,power:強力:+3 ; hp:巨大:+2 ; attack:力:+6 ; attack:爪:+3 ; defense:硬い:+4 ; speed:素早:+5 ; special_attack:氷:+3 ; special_attack:熱:+2 ; type:TYPE_WATER:海:profile:+2 ; type:TYPE_ICE:氷:profile:+2 ; type:TYPE_WATER:海獣:official_type:+4 ; type:TYPE_NORMAL:獣型:official_type:+4 ; type_choice:TYPE_WATER:6 ; growth:official_stage_plus_profile_power:medium_fast,72,104,81,86,86,63,492,TYPE_WATER,,resolved_profile_evidence,154,201,GROWTH_MEDIUM_FAST,high,profile-derived-v1
409,digimon,kokuwamon_x,コクワモン（X抗体）,https://digimon.net/reference/detail.php?directory_name=kokuwamon_x,成長期,マシーン型,データ,5063d0d87bb491e8b34d4a63e55b0e1b784ccc432542ac93eeae2db9afc37077,335,attack:力:+4 ; defense:硬い:+4 ; special_attack:電気:+9 ; type:TYPE_ELECTRIC:電気:profile:+6 ; type:TYPE_BUG:昆虫:profile:+4 ; type:TYPE_STEEL:メカ:profile:+4 ; type:TYPE_STEEL:マシーン:official_type:+5 ; type_choice:TYPE_STEEL:9 ; type_choice:TYPE_ELECTRIC:6 ; growth:official_stage_plus_profile_power:medium_fast,58,76,76,58,98,58,424,TYPE_STEEL,TYPE_ELECTRIC,resolved_profile_evidence,174,174,GROWTH_MEDIUM_FAST,medium,profile-derived-v1
410,digimon,blackwargreymon_x,ブラックウォーグレイモン（X抗体）,https://digimon.net/reference/detail.php?directory_name=blackwargreymon_x,究極体,竜人型,ウィルス,e61857767365686817359fba35e52e3368d5dd9e216519da45e390373d04c0bc,568,power:最強:+16 ; power:超高:+3 ; attack:力:+2 ; speed:高速:+5 ; speed:超高速:+7 ; speed:一瞬:+3 ; speed:加速:+12 ; special_attack:念:+4 ; special_attack:爆発:+3 ; type:TYPE_FIGHTING:戦士:profile:+2 ; type:TYPE_PSYCHIC:念:profile:+2 ; type:TYPE_DRAGON:竜:profile:+2 ; type:TYPE_DARK:暗黒:profile:+4 ; type:TYPE_DARK:暗黒:move:+4 ; type:TYPE_DRAGON:竜:official_type:+5 ; type_choice:TYPE_DARK:8 ; type_choice:TYPE_DRAGON:7 ; growth:official_stage_plus_profile_power:slow,156,165,156,255,188,156,1076,TYPE_DARK,TYPE_DRAGON,resolved_profile_evidence,3,460,GROWTH_SLOW,high,profile-derived-v1
411,digimon,ladydevimon_x,レディーデビモン（Ｘ抗体）,https://digimon.net/reference/detail.php?directory_name=ladydevimon_x,完全体,堕天使型,ウィルス,c25cc05e3053c2ba5d5117fe058d1d0b66956751879cd7c1b65a3f4ce53de988,386,power:強力:+3 ; attack:パワー:+12 ; attack:力:+2 ; attack:破壊:+4 ; speed:飛翔:+3 ; special_attack:エネルギー:+6 ; type:TYPE_WATER:ウェーブ:profile:+2 ; type:TYPE_FLYING:飛翔:profile:+2 ; type:TYPE_DARK:暗黒:profile:+2 ; type:TYPE_DARK:ダーク:profile:+6 ; type:TYPE_FAIRY:天使:profile:+2 ; type:TYPE_FAIRY:天使:official_type:+5 ; type:TYPE_FLYING:天使:official_type:+2 ; type_choice:TYPE_DARK:8 ; type_choice:TYPE_FAIRY:7 ; growth:official_stage_plus_profile_power:medium_slow,105,186,105,119,132,105,752,TYPE_DARK,TYPE_FAIRY,resolved_profile_evidence,88,305,GROWTH_MEDIUM_SLOW,high,profile-derived-v1
412,digimon,metalgreymon_vi_x,メタルグレイモン（ウィルス種）（Ｘ抗体）,https://digimon.net/reference/detail.php?directory_name=metalgreymon_vi_x,完全体,サイボーグ型,ウィルス,f39447e51783a1e605d9c778b2490b65e1d9a20b10b7b79bdb952ab52f58d9ab,435,power:最強:+8 ; attack:力:+6 ; speed:飛行:+2 ; special_attack:エネルギー:+3 ; special_attack:毒:+3 ; special_attack:データ:+2 ; type:TYPE_POISON:毒:profile:+2 ; type:TYPE_FLYING:飛行:profile:+2 ; type:TYPE_STEEL:機械:profile:+6 ; type:TYPE_STEEL:サイボーグ:profile:+2 ; type:TYPE_STEEL:機械化:profile:+4 ; type:TYPE_STEEL:サイボーグ:official_type:+5 ; type_choice:TYPE_STEEL:17 ; growth:official_stage_plus_profile_power:medium_slow,114,141,114,123,150,114,756,TYPE_STEEL,,resolved_profile_evidence,86,303,GROWTH_MEDIUM_SLOW,high,profile-derived-v1
413,digimon,orgemon_x,オーガモン（Ｘ抗体）,https://digimon.net/reference/detail.php?directory_name=orgemon_x,成熟期,鬼人型,ウィルス,826efb209d2d5c2846c0c52db6ccd5a6f7a770a239b295472cfdbae254190438,396,power:王:+2 ; hp:巨大:+2 ; attack:力:+6 ; attack:拳:+6 ; attack:破壊:+8 ; special_attack:電撃:+4 ; type:TYPE_ELECTRIC:電撃:profile:+2 ; type:TYPE_FIGHTING:拳:profile:+2 ; type:TYPE_FIGHTING:拳:move:+4 ; type:TYPE_FIGHTING:戦士:profile:+2 ; type:TYPE_FIGHTING:筋肉:profile:+2 ; type:TYPE_GHOST:魂:profile:+2 ; type_choice:TYPE_FIGHTING:10 ; growth:official_stage_plus_profile_power:medium_fast,91,172,82,82,100,82,609,TYPE_FIGHTING,,resolved_profile_evidence,120,260,GROWTH_MEDIUM_FAST,high,profile-derived-v1
414,digimon,agumon_b_x,アグモン（黒）（Ｘ抗体）,https://digimon.net/reference/detail.php?directory_name=agumon_b_x,成長期,爬虫類型,ウィルス,eb9e34bcb4b5ec67bc689feaa2239e7f2409777917f628e6d269bd63e0239eaf,262,attack:力:+2 ; speed:走:+2 ; special_attack:炎:+6 ; special_attack:火:+2 ; special_attack:光:+3 ; type:TYPE_FIRE:炎:profile:+4 ; type:TYPE_FIRE:火炎:profile:+2 ; type:TYPE_FIRE:フレイム:profile:+2 ; type:TYPE_DRAGON:爬虫類:official_type:+4 ; type:TYPE_NORMAL:爬虫類:official_type:+1 ; type_choice:TYPE_FIRE:8 ; growth:profile:erratic,58,67,58,67,108,58,416,TYPE_FIRE,,resolved_profile_evidence,174,176,GROWTH_ERRATIC,high,profile-derived-v1
415,digimon,rasenmon,ラセンモン,https://digimon.net/reference/detail.php?directory_name=rasenmon,究極体,獣人型,データ,afd5663b51cfe6a6be5ba7308cf8097ab843642af3140067bb029a3cd7882a7b,364,power:強力:+6 ; power:超高:+3 ; power:超強:+4 ; hp:巨大:+2 ; attack:力:+6 ; attack:パンチ:+3 ; speed:高速:+5 ; speed:超高速:+7 ; speed:走:+2 ; special_attack:エネルギー:+6 ; type:TYPE_FIGHTING:パンチ:profile:+2 ; type:TYPE_DRAGON:竜:profile:+2 ; type:TYPE_FIGHTING:獣人:official_type:+3 ; type:TYPE_NORMAL:獣人:official_type:+2 ; type_choice:TYPE_FIGHTING:5 ; growth:profile:erratic,154,186,145,208,172,145,1010,TYPE_FIGHTING,,resolved_profile_evidence,16,407,GROWTH_ERRATIC,high,profile-derived-v1
416,digimon,rasenmon_f,ラセンモン：激昂モード,https://digimon.net/reference/detail.php?directory_name=rasenmon_f,究極体,妖獣型,データ,b70d8398755823c1d0f901fd355c4dc432bd5fb1478433fe291902da41f8270f,300,power:究極:+5 ; attack:力:+4 ; attack:斬:+3 ; attack:破壊:+8 ; speed:高速:+5 ; speed:走:+2 ; special_attack:闇:+6 ; special_attack:データ:+2 ; type:TYPE_DRAGON:竜:profile:+2 ; type:TYPE_DARK:闇:profile:+4 ; type:TYPE_NORMAL:獣型:official_type:+4 ; type:TYPE_FAIRY:妖獣:official_type:+3 ; type:TYPE_DARK:妖獣:official_type:+2 ; type_choice:TYPE_DARK:6 ; growth:profile:erratic,131,198,131,162,167,131,920,TYPE_DARK,,resolved_profile_evidence,50,359,GROWTH_ERRATIC,high,profile-derived-v1
417,digimon,stiffilmon,スティフィルモン,https://digimon.net/reference/detail.php?directory_name=stiffilmon,完全体,獣人型,データ,9b94d877799039325194c22c3ded2570c45dff173c98228604c51dd0c955ef86,283,power:超高:+3 ; attack:力:+2 ; attack:槍:+3 ; attack:斬:+3 ; attack:突進:+3 ; defense:盾:+4 ; speed:高速:+5 ; type:TYPE_FIGHTING:獣人:official_type:+3 ; type:TYPE_NORMAL:獣人:official_type:+2 ; type_candidate:TYPE_FIGHTING:3 ; type_placeholder:TYPE_NORMAL:low_evidence ; growth:official_stage_plus_profile_power:medium_slow,105,155,123,128,105,105,721,TYPE_NORMAL,,unresolved_low_type_evidence,100,284,GROWTH_MEDIUM_SLOW,medium,profile-derived-v1
418,digimon,filmon,フィルモン,https://digimon.net/reference/detail.php?directory_name=filmon,成熟期,獣人型,データ,75277294dbd0884d0bd62a66cbb8a53208f06b1cdce5847bfe00ab44b1cc53fe,177,attack:爪:+6 ; attack:斬:+3 ; attack:破壊:+4 ; special_attack:エネルギー:+6 ; special_attack:データ:+2 ; type:TYPE_ELECTRIC:ライトニング:profile:+2 ; type:TYPE_ELECTRIC:ライトニング:move:+4 ; type:TYPE_FIGHTING:獣人:official_type:+3 ; type:TYPE_NORMAL:獣人:official_type:+2 ; type_choice:TYPE_ELECTRIC:6 ; growth:official_stage_plus_profile_power:medium_fast,78,136,78,78,114,78,562,TYPE_ELECTRIC,,resolved_profile_evidence,140,226,GROWTH_MEDIUM_FAST,medium,profile-derived-v1
419,digimon,rosemon_x,ロゼモン（X抗体）,https://digimon.net/reference/detail.php?directory_name=rosemon_x,究極体,妖精型,データ,db4504522fb65b14a3c5d3cd4911230abfc0025fd6d3234b574372889bd0932a,483,power:究極:+5 ; power:圧倒:+5 ; power:王:+2 ; attack:力:+2 ; special_attack:電気:+3 ; type:TYPE_ELECTRIC:電気:profile:+2 ; type:TYPE_GRASS:花:profile:+4 ; type:TYPE_GRASS:草:profile:+2 ; type:TYPE_FAIRY:妖精:profile:+2 ; type:TYPE_FAIRY:妖精:official_type:+5 ; type_choice:TYPE_FAIRY:7 ; type_choice:TYPE_GRASS:6 ; growth:official_stage_plus_profile_power:slow,144,153,144,144,157,144,886,TYPE_FAIRY,TYPE_GRASS,resolved_profile_evidence,52,350,GROWTH_SLOW,high,profile-derived-v1
420,digimon,princemamemon_x,プリンスマメモン（X抗体）,https://digimon.net/reference/detail.php?directory_name=princemamemon_x,究極体,突然変異型,データ,aeceeb08fe880a9aadb529a46cbfaa04d47e77e1bc6b0ec11b6a8a3ee802e20e,259,power:王:+6 ; hp:再生:+8 ; special_attack:データ:+2 ; special_defense:再生:+6 ; type:TYPE_NORMAL:突然変異:official_type:+3 ; type_candidate:TYPE_NORMAL:3 ; type_placeholder:TYPE_NORMAL:low_evidence ; growth:official_stage_plus_profile_power:slow,169,133,133,133,142,160,870,TYPE_NORMAL,,unresolved_low_type_evidence,64,336,GROWTH_SLOW,medium,profile-derived-v1
421,digimon,skullmammon_x,スカルマンモン（X抗体）,https://digimon.net/reference/detail.php?directory_name=skullmammon_x,究極体,アンデッド型,ワクチン,398d37d508be972cf8fbb95d0172221f3cc8630235df585eca6ee7db8d95d2e6,431,power:強力:+3 ; hp:巨大:+4 ; hp:生命:+2 ; attack:力:+2 ; attack:爪:+3 ; attack:突進:+6 ; speed:高速:+5 ; type:TYPE_GHOST:アンデッド:official_type:+5 ; type:TYPE_DARK:アンデッド:official_type:+3 ; type_choice:TYPE_GHOST:5 ; growth:official_stage_plus_profile_power:slow,154,177,127,150,127,127,862,TYPE_GHOST,,resolved_profile_evidence,69,330,GROWTH_SLOW,medium,profile-derived-v1
422,digimon,mammon_x,マンモン（X抗体）,https://digimon.net/reference/detail.php?directory_name=mammon_x,完全体,古代獣型,ワクチン,25c9fbce40e793ccf8e63b0a1353863d2a38dbf692f0167fd684bf1ca042cf8c,621,power:強大:+4 ; power:弱い:-4 ; attack:パワー:+4 ; attack:力:+6 ; attack:牙:+3 ; speed:一瞬:+3 ; special_attack:氷:+9 ; special_attack:冷気:+3 ; special_attack:データ:+6 ; special_attack:熱:+2 ; special_defense:結界:+5 ; type:TYPE_ICE:氷:profile:+6 ; type:TYPE_ICE:冷気:profile:+2 ; type:TYPE_ICE:凍:profile:+6 ; type:TYPE_ICE:雪:profile:+4 ; type:TYPE_NORMAL:獣型:official_type:+4 ; type_choice:TYPE_ICE:18 ; growth:profile:slow,100,158,100,114,190,122,784,TYPE_ICE,,resolved_profile_evidence,87,308,GROWTH_SLOW,high,profile-derived-v1
423,digimon,mephismon_x,メフィスモン（Ｘ抗体）,https://digimon.net/reference/detail.php?directory_name=mephismon_x,完全体,堕天使型,ウィルス,732a7e906e8da5bebf2114c59dcfdd1b98d34c849a03a156f4f89c36fa7fdc42,378,hp:巨大:+2 ; hp:生命:+4 ; attack:力:+4 ; special_attack:魔力:+5 ; special_attack:呪:+12 ; special_attack:念:+4 ; special_attack:闇:+3 ; special_attack:データ:+2 ; special_defense:魔力:+2 ; type:TYPE_PSYCHIC:念:profile:+2 ; type:TYPE_DARK:闇:profile:+2 ; type:TYPE_DARK:暗黒:profile:+6 ; type:TYPE_FAIRY:天使:profile:+2 ; type:TYPE_FAIRY:天使:official_type:+5 ; type:TYPE_FLYING:天使:official_type:+2 ; type_choice:TYPE_DARK:8 ; type_choice:TYPE_FAIRY:7 ; growth:official_stage_plus_profile_power:medium_slow,127,118,100,100,217,109,771,TYPE_DARK,TYPE_FAIRY,resolved_profile_evidence,84,317,GROWTH_MEDIUM_SLOW,high,profile-derived-v1
424,digimon,vamdemon_x,ヴァンデモン（X抗体）,https://digimon.net/reference/detail.php?directory_name=vamdemon_x,完全体,アンデッド型,ウィルス,d6b551d434b0b482c7c227b448a553e69886001f66de3184e143146ecc742891,390,power:強大:+4 ; power:王:+2 ; attack:パワー:+12 ; attack:力:+2 ; attack:爪:+3 ; attack:破壊:+8 ; special_attack:闇:+3 ; special_attack:データ:+6 ; special_defense:吸収:+4 ; type:TYPE_GHOST:アンデッド:profile:+2 ; type:TYPE_DARK:闇:profile:+2 ; type:TYPE_GHOST:アンデッド:official_type:+5 ; type:TYPE_DARK:アンデッド:official_type:+3 ; type_choice:TYPE_GHOST:7 ; type_choice:TYPE_DARK:5 ; growth:official_stage_plus_profile_power:medium_slow,111,223,111,111,151,129,836,TYPE_GHOST,TYPE_DARK,resolved_profile_evidence,59,351,GROWTH_MEDIUM_SLOW,high,profile-derived-v1
425,digimon,plotmon_x,プロットモン（X抗体）,https://digimon.net/reference/detail.php?directory_name=plotmon_x,成長期,哺乳類型,ワクチン,99178ccc5c725894ce2b35c1a414cc4dc67efdcab2d7796e4e301fd4bfe87340,397,power:超高:+3 ; power:神:+9 ; attack:力:+4 ; special_defense:結界:+5 ; special_defense:神聖:+9 ; special_defense:聖:+6 ; type:TYPE_FAIRY:神聖:profile:+6 ; type:TYPE_FAIRY:聖:profile:+6 ; type_choice:TYPE_FAIRY:12 ; growth:profile:erratic,80,98,80,80,80,170,588,TYPE_FAIRY,,resolved_profile_evidence,107,278,GROWTH_ERRATIC,medium,profile-derived-v1
426,digimon,otamamon_x,オタマモン（X抗体）,https://digimon.net/reference/detail.php?directory_name=otamamon_x,成長期,両生類型,ウィルス,ff135ff7812b14b1cb823e180a4714c33f9e42bd9c2b59e1b77321a5f00bb7b9,430,power:究極:+5 ; power:王:+2 ; attack:力:+4 ; type:TYPE_WATER:海:profile:+2 ; type:TYPE_WATER:水中:profile:+2 ; type:TYPE_ROCK:岩:profile:+2 ; type:TYPE_NORMAL:生活:profile:+2 ; type_candidate:TYPE_WATER:4 ; type_placeholder:TYPE_NORMAL:low_evidence ; growth:official_stage_plus_profile_power:medium_fast,71,89,71,71,71,71,444,TYPE_NORMAL,,unresolved_low_type_evidence,160,192,GROWTH_MEDIUM_FAST,medium,profile-derived-v1
427,digimon,yarmon,ヤーモン,https://digimon.net/reference/detail.php?directory_name=yarmon,幼年期Ⅱ,レッサー型,,3ca1f89e83b12283eb41beceda7a8123d366f7108a8283441c98b223319ea1f1,105,stats:balanced:no_specialization_signal_in_official_text ; type_placeholder:TYPE_NORMAL:no_specialized_affinity_evidence ; growth:official_stage_plus_profile_power:medium_fast,38,38,38,38,38,38,228,TYPE_NORMAL,,unresolved_no_specialized_type_evidence,224,96,GROWTH_MEDIUM_FAST,low,profile-derived-v1
428,digimon,keemon,キーモン,https://digimon.net/reference/detail.php?directory_name=keemon,幼年期Ⅰ,スライム型,,b3f8773063442c0f0ed5da14eaefa4ecd51e4eabe58ac1bdda0d8cfb8fc21beb,110,stats:balanced:no_specialization_signal_in_official_text ; type:TYPE_STEEL:鉄:profile:+2 ; type:TYPE_NORMAL:生活:profile:+2 ; type_candidate:TYPE_NORMAL:2 ; type_placeholder:TYPE_NORMAL:low_evidence ; growth:official_stage_plus_profile_power:medium_fast,28,28,28,28,28,28,168,TYPE_NORMAL,,unresolved_low_type_evidence,237,76,GROWTH_MEDIUM_FAST,low,profile-derived-v1
429,digimon,impmon_x,インプモン（Ｘ抗体）,https://digimon.net/reference/detail.php?directory_name=impmon_x,成長期,小悪魔型,ウィルス,0c1b488723427b66341034cc952c2f107cccd195af4d5e2c8d3cf4605041f472,451,attack:力:+2 ; special_attack:炎:+9 ; special_attack:電気:+6 ; special_attack:氷:+6 ; type:TYPE_FIRE:炎:profile:+6 ; type:TYPE_ELECTRIC:電気:profile:+4 ; type:TYPE_ICE:氷:profile:+4 ; type:TYPE_DARK:暗黒:profile:+2 ; type:TYPE_DARK:悪魔:profile:+2 ; type:TYPE_DARK:悪魔:official_type:+5 ; type_choice:TYPE_DARK:9 ; type_choice:TYPE_FIRE:6 ; growth:official_stage_plus_profile_power:medium_fast,58,67,58,58,152,58,451,TYPE_DARK,TYPE_FIRE,resolved_profile_evidence,158,205,GROWTH_MEDIUM_FAST,high,profile-derived-v1
430,digimon,darktyranomon_x,ダークティラノモン（Ｘ抗体）,https://digimon.net/reference/detail.php?directory_name=darktyranomon_x,成熟期,恐竜型,ウィルス,092a554f4eec17b97cffbddac463294aa6f093f1b9ff74daa3a824176ae18586,371,power:強力:+3 ; power:超強:+4 ; attack:力:+6 ; attack:爪:+3 ; defense:硬質:+4 ; special_attack:炎:+9 ; special_attack:火:+2 ; special_attack:データ:+2 ; type:TYPE_FIRE:炎:profile:+6 ; type:TYPE_FIRE:火炎:profile:+2 ; type:TYPE_FIRE:フレイム:profile:+2 ; type:TYPE_FIRE:フレイム:move:+4 ; type:TYPE_WATER:海:profile:+2 ; type:TYPE_DRAGON:竜:profile:+2 ; type:TYPE_DRAGON:恐竜:profile:+2 ; type:TYPE_DARK:ダーク:profile:+2 ; type:TYPE_DRAGON:竜:official_type:+5 ; type:TYPE_DRAGON:恐竜:official_type:+3 ; type_choice:TYPE_FIRE:14 ; type_choice:TYPE_DRAGON:12 ; growth:official_stage_plus_profile_power:medium_fast,91,131,109,91,149,91,662,TYPE_FIRE,TYPE_DRAGON,resolved_profile_evidence,106,276,GROWTH_MEDIUM_FAST,high,profile-derived-v1
431,digimon,numemon_x,ヌメモン（Ｘ抗体）,https://digimon.net/reference/detail.php?directory_name=numemon_x,成熟期,軟体型,ウィルス,e056ce518328b80dd85b645fa0485d0e20d680464b4fbd97fb5a17f630198163,301,attack:力:+2 ; type_placeholder:TYPE_NORMAL:no_specialized_affinity_evidence ; growth:official_stage_plus_profile_power:medium_fast,78,87,78,78,78,78,477,TYPE_NORMAL,,unresolved_no_specialized_type_evidence,166,182,GROWTH_MEDIUM_FAST,low,profile-derived-v1
432,digimon,lucemon_x,ルーチェモン（Ｘ抗体）,https://digimon.net/reference/detail.php?directory_name=lucemon_x,究極体,魔王型,ウィルス,39e3dc01f00b1441c9eb2638425b673b9c91c2cf44a3a27a693862a3a0395a69,631,power:最強:+8 ; power:究極:+15 ; power:神:+9 ; power:王:+6 ; attack:力:+6 ; attack:破壊:+12 ; attack:叩:+2 ; special_attack:光:+9 ; special_attack:熱:+2 ; special_defense:聖:+4 ; type:TYPE_FIRE:フレイム:move:+4 ; type:TYPE_GROUND:地面:profile:+2 ; type:TYPE_FLYING:翼:profile:+2 ; type:TYPE_DARK:悪魔:profile:+2 ; type:TYPE_DARK:魔王:profile:+6 ; type:TYPE_DARK:ダーク:profile:+2 ; type:TYPE_FAIRY:天使:profile:+2 ; type:TYPE_FAIRY:聖:profile:+4 ; type:TYPE_DARK:魔王:official_type:+6 ; type_choice:TYPE_DARK:16 ; growth:profile:slow,190,255,190,190,240,208,1273,TYPE_DARK,,resolved_profile_evidence,3,559,GROWTH_SLOW,high,profile-derived-v1
433,digimon,lilithmon_x,リリスモン（Ｘ抗体）,https://digimon.net/reference/detail.php?directory_name=lilithmon_x,究極体,魔王型,ウィルス,494972725180c64fb4fe4db6c7cf80a8fa8066456687d3e620bf1e283fa8d8ec,519,power:究極:+5 ; power:神:+9 ; power:王:+4 ; attack:力:+6 ; attack:爪:+3 ; special_attack:呪:+4 ; special_attack:念:+4 ; special_attack:データ:+2 ; type:TYPE_PSYCHIC:念:profile:+2 ; type:TYPE_DARK:暗黒:profile:+6 ; type:TYPE_DARK:魔王:profile:+4 ; type:TYPE_DARK:魔王:official_type:+6 ; type_choice:TYPE_DARK:16 ; growth:official_stage_plus_profile_power:slow,154,195,154,154,199,154,1010,TYPE_DARK,,resolved_profile_evidence,9,415,GROWTH_SLOW,high,profile-derived-v1
434,digimon,leviamon_x,リヴァイアモン（Ｘ抗体）,https://digimon.net/reference/detail.php?directory_name=leviamon_x,究極体,魔王型,ウィルス,dc012ecccd992c490c762c0399b33060e7cdee0c35623757e0db6fcc99fbb12e,573,power:最強:+8 ; power:強大:+4 ; power:強力:+3 ; power:超強:+4 ; power:王:+4 ; hp:巨大:+4 ; attack:力:+6 ; attack:破壊:+4 ; speed:飛行:+2 ; special_attack:エネルギー:+6 ; special_attack:雷:+3 ; type:TYPE_WATER:海:profile:+6 ; type:TYPE_ELECTRIC:雷:profile:+2 ; type:TYPE_ELECTRIC:ライトニング:profile:+2 ; type:TYPE_ELECTRIC:ライトニング:move:+4 ; type:TYPE_FLYING:飛行:profile:+2 ; type:TYPE_FLYING:翼:profile:+2 ; type:TYPE_DARK:悪魔:profile:+2 ; type:TYPE_DARK:魔王:profile:+4 ; type:TYPE_DARK:ダーク:profile:+2 ; type:TYPE_FAIRY:天使:profile:+2 ; type:TYPE_DARK:魔王:official_type:+6 ; type_choice:TYPE_DARK:14 ; growth:official_stage_plus_profile_power:slow,181,208,163,172,204,163,1091,TYPE_DARK,,resolved_profile_evidence,3,453,GROWTH_SLOW,high,profile-derived-v1
435,digimon,belphemon_x,ベルフェモン（Ｘ抗体）,https://digimon.net/reference/detail.php?directory_name=belphemon_x,究極体,魔王型,ウィルス,d4371534649822a8e4af152e42c690c034a49658d889ac5eb18dd08460594a05,483,power:究極:+5 ; power:王:+4 ; attack:力:+4 ; attack:爪:+6 ; attack:斬:+3 ; attack:破壊:+12 ; attack:叩:+2 ; special_attack:エネルギー:+3 ; special_attack:炎:+6 ; special_attack:データ:+4 ; type:TYPE_FIRE:炎:profile:+4 ; type:TYPE_DARK:魔王:profile:+4 ; type:TYPE_DARK:ダーク:profile:+4 ; type:TYPE_DARK:ダーク:move:+4 ; type:TYPE_DARK:魔王:official_type:+6 ; type_choice:TYPE_DARK:18 ; growth:official_stage_plus_profile_power:slow,138,255,138,138,197,138,1004,TYPE_DARK,,resolved_profile_evidence,15,417,GROWTH_SLOW,high,profile-derived-v1
436,digimon,barbamon_x,バルバモン（Ｘ抗体）,https://digimon.net/reference/detail.php?directory_name=barbamon_x,究極体,魔王型,ウィルス,5b663868d21bcd153f3198370416013e9a7da846979a62fa65e92243e16b4f88,537,power:究極:+5 ; power:超高:+3 ; power:王:+6 ; attack:力:+2 ; special_attack:エネルギー:+6 ; special_attack:魔力:+5 ; special_attack:熱:+2 ; special_defense:魔力:+2 ; type:TYPE_FIRE:フレイム:profile:+2 ; type:TYPE_ROCK:石:profile:+4 ; type:TYPE_ROCK:宝石:profile:+4 ; type:TYPE_DARK:悪魔:profile:+2 ; type:TYPE_DARK:魔王:profile:+6 ; type:TYPE_DARK:邪悪:profile:+4 ; type:TYPE_DARK:ダーク:profile:+4 ; type:TYPE_FAIRY:天使:profile:+4 ; type:TYPE_DARK:魔王:official_type:+6 ; type_choice:TYPE_DARK:22 ; growth:official_stage_plus_profile_power:slow,147,156,147,147,206,156,959,TYPE_DARK,,resolved_profile_evidence,25,395,GROWTH_SLOW,high,profile-derived-v1
437,digimon,demon_x,デーモン（Ｘ抗体）,https://digimon.net/reference/detail.php?directory_name=demon_x,究極体,魔王型,ウィルス,3f146293f1310f4970c43bac1268abaf0ac1d82887f5aee866296e7f71c39825,587,power:最強:+8 ; power:究極:+15 ; power:超高:+3 ; power:神:+6 ; power:王:+2 ; attack:力:+6 ; special_attack:レーザー:+4 ; special_attack:炎:+6 ; special_attack:火:+2 ; special_attack:データ:+2 ; special_attack:熱:+2 ; type:TYPE_FIRE:炎:profile:+4 ; type:TYPE_FIRE:フレイム:profile:+4 ; type:TYPE_FIRE:フレイム:move:+4 ; type:TYPE_DARK:悪魔:profile:+2 ; type:TYPE_DARK:魔王:profile:+2 ; type:TYPE_DARK:ダーク:profile:+2 ; type:TYPE_DARK:デーモン:profile:+6 ; type:TYPE_FAIRY:天使:profile:+4 ; type:TYPE_DARK:魔王:official_type:+6 ; type_choice:TYPE_DARK:18 ; type_choice:TYPE_FIRE:12 ; growth:official_stage_plus_profile_power:slow,183,210,183,183,255,183,1197,TYPE_DARK,TYPE_FIRE,resolved_profile_evidence,3,529,GROWTH_SLOW,high,profile-derived-v1
438,digimon,darkknightmon_x,ダークナイトモン（Ｘ抗体）,https://digimon.net/reference/detail.php?directory_name=darkknightmon_x,究極体,暗黒騎士型,ウィルス,5d7adb4bf9db5fdd81147360002f775986447c9b26bee621b74f0b1329dcfa78,481,power:究極:+5 ; power:王:+2 ; attack:力:+6 ; attack:斬:+6 ; special_attack:念:+4 ; type:TYPE_FIGHTING:戦士:profile:+2 ; type:TYPE_PSYCHIC:念:profile:+2 ; type:TYPE_GHOST:アンデッド:move:+4 ; type:TYPE_DRAGON:竜:profile:+2 ; type:TYPE_DARK:魔王:profile:+2 ; type:TYPE_DARK:ダーク:profile:+6 ; type_choice:TYPE_DARK:8 ; growth:official_stage_plus_profile_power:slow,135,189,135,135,153,135,882,TYPE_DARK,,resolved_profile_evidence,56,350,GROWTH_SLOW,high,profile-derived-v1
439,digimon,cherubimondark_x,ケルビモン（悪）（Ｘ抗体）,https://digimon.net/reference/detail.php?directory_name=cherubimondark_x,究極体,智天使型,ワクチン,af4c6104394935803d49d05ad50a49ec7fcbe5548d5b04677654a3eb8048069f,384,power:究極:+10 ; power:神:+3 ; hp:巨大:+2 ; attack:槍:+3 ; special_attack:エネルギー:+3 ; special_attack:雷:+9 ; special_attack:闇:+9 ; special_defense:守護:+4 ; type:TYPE_ELECTRIC:雷:profile:+6 ; type:TYPE_ELECTRIC:ライトニング:profile:+2 ; type:TYPE_ELECTRIC:ライトニング:move:+4 ; type:TYPE_DARK:闇:profile:+6 ; type:TYPE_DARK:暗黒:profile:+2 ; type:TYPE_DARK:ダーク:profile:+2 ; type:TYPE_DARK:ダーク:move:+4 ; type:TYPE_FAIRY:天使:profile:+6 ; type:TYPE_FAIRY:天使:official_type:+5 ; type:TYPE_FLYING:天使:official_type:+2 ; type_choice:TYPE_DARK:14 ; type_choice:TYPE_ELECTRIC:12 ; growth:official_stage_plus_profile_power:slow,154,159,145,145,240,163,1006,TYPE_DARK,TYPE_ELECTRIC,resolved_profile_evidence,11,420,GROWTH_SLOW,high,profile-derived-v1
440,digimon,ofanimonfdm_x,オファニモン：フォールダウンモード（Ｘ抗体）,https://digimon.net/reference/detail.php?directory_name=ofanimonfdm_x,究極体,堕天使型,ワクチン,7fc74f31ef2688f7e53d234a0e73bb333f98c68eb7e7b09530be83b845b02b19,399,attack:力:+4 ; special_attack:炎:+9 ; special_attack:火:+2 ; type:TYPE_FIRE:炎:profile:+6 ; type:TYPE_FIRE:フレイム:profile:+4 ; type:TYPE_FIRE:フレイム:move:+4 ; type:TYPE_ROCK:クリスタル:profile:+2 ; type:TYPE_ROCK:クリスタル:move:+4 ; type:TYPE_GHOST:魂:profile:+2 ; type:TYPE_FAIRY:天使:official_type:+5 ; type:TYPE_FLYING:天使:official_type:+2 ; type_choice:TYPE_FIRE:14 ; growth:official_stage_plus_profile_power:slow,122,140,122,122,172,122,800,TYPE_FIRE,,resolved_profile_evidence,87,304,GROWTH_SLOW,high,profile-derived-v1
441,digimon,ultimatechaosmon,アルティメットカオスモン,https://digimon.net/reference/detail.php?directory_name=ultimatechaosmon,究極体,特異型,不明,360ee02d00a680b676ec496618c22aba143939ea3a03a50237321ce58b15abc6,292,power:強大:+4 ; hp:巨大:+2 ; attack:パワー:+4 ; attack:力:+6 ; special_attack:エネルギー:+3 ; type:TYPE_DARK:ダーク:profile:+2 ; type_candidate:TYPE_DARK:2 ; type_placeholder:TYPE_NORMAL:low_evidence ; growth:official_stage_plus_profile_power:slow,138,174,129,129,143,129,842,TYPE_NORMAL,,unresolved_low_type_evidence,72,326,GROWTH_SLOW,medium,profile-derived-v1
442,digimon,pusurimon,プスリモン,https://digimon.net/reference/detail.php?directory_name=pusurimon,幼年期Ⅱ,レッサー型,,2d6aee6167fc32959009f43ac78a6b216d2f2c727c45baae3536d32dd450a8e9,118,speed:走:+2 ; type_placeholder:TYPE_NORMAL:no_specialized_affinity_evidence ; growth:official_stage_plus_profile_power:medium_fast,38,38,38,47,38,38,237,TYPE_NORMAL,,unresolved_no_specialized_type_evidence,220,102,GROWTH_MEDIUM_FAST,low,profile-derived-v1
443,digimon,pusumon,プスモン,https://digimon.net/reference/detail.php?directory_name=pusumon,幼年期Ⅰ,スライム型,,7e24479015d9af5ea9a4362a050a5e070bd343fb4790d6efd52884cef48f3bd7,129,defense:硬い:+4 ; type_placeholder:TYPE_NORMAL:no_specialized_affinity_evidence ; growth:official_stage_plus_profile_power:medium_fast,28,28,46,28,28,28,186,TYPE_NORMAL,,unresolved_no_specialized_type_evidence,230,89,GROWTH_MEDIUM_FAST,low,profile-derived-v1
444,digimon,surfimon,サーフィモン,https://digimon.net/reference/detail.php?directory_name=surfimon,究極体,サイボーグ型,ワクチン,d52efe20b2e436d2380c90264b7f5f1178bda10e3957f0c0aa3b9540f92acce4,187,defense:バリア:+8 ; speed:素早:+5 ; speed:スピード:+4 ; speed:加速:+4 ; special_attack:光:+3 ; special_defense:バリア:+8 ; type:TYPE_WATER:水中:profile:+2 ; type:TYPE_WATER:水棲:profile:+2 ; type:TYPE_ELECTRIC:ライトニング:profile:+2 ; type:TYPE_ELECTRIC:ライトニング:move:+4 ; type:TYPE_STEEL:サイボーグ:official_type:+5 ; type_choice:TYPE_ELECTRIC:6 ; type_choice:TYPE_STEEL:5 ; growth:official_stage_plus_profile_power:slow,122,122,158,180,136,158,876,TYPE_ELECTRIC,TYPE_STEEL,resolved_profile_evidence,71,327,GROWTH_SLOW,high,profile-derived-v1
445,digimon,bulucomon,ブルコモン,https://digimon.net/reference/detail.php?directory_name=bulucomon,成長期,小竜型,データ,657e4aacc721e1624f79f3c6c739f0eb18493f65fe42ba085a15ff80b2f8474a,226,attack:パワー:+4 ; attack:力:+2 ; special_attack:氷:+9 ; special_attack:冷気:+3 ; special_attack:熱:+2 ; type:TYPE_ICE:氷:profile:+6 ; type:TYPE_ICE:冷気:profile:+2 ; type:TYPE_GROUND:大地:profile:+2 ; type:TYPE_DRAGON:竜:profile:+2 ; type:TYPE_DRAGON:竜:official_type:+5 ; type_choice:TYPE_ICE:8 ; type_choice:TYPE_DRAGON:7 ; growth:official_stage_plus_profile_power:medium_fast,58,85,58,58,121,58,438,TYPE_ICE,TYPE_DRAGON,resolved_profile_evidence,167,188,GROWTH_MEDIUM_FAST,high,profile-derived-v1
446,digimon,herissmon,エリスモン,https://digimon.net/reference/detail.php?directory_name=herissmon,成長期,哺乳類型,データ,aefbd584101df94c5d65df8e58e313f6ffe182d6013e56313dae0750e7505053,225,attack:突進:+3 ; defense:硬い:+4 ; special_attack:光:+3 ; special_attack:熱:+2 ; type:TYPE_ELECTRIC:ライトニング:profile:+2 ; type:TYPE_ELECTRIC:ライトニング:move:+4 ; type_choice:TYPE_ELECTRIC:6 ; growth:official_stage_plus_profile_power:medium_fast,58,72,76,58,80,58,402,TYPE_ELECTRIC,,resolved_profile_evidence,182,160,GROWTH_MEDIUM_FAST,medium,profile-derived-v1
447,digimon,metalgarurumon_black,メタルガルルモン（黒）,https://digimon.net/reference/detail.php?directory_name=metalgarurumon_black,究極体,サイボーグ型,ウィルス,0fa3090578a94a7612e7f390a97ff149b7cd2dd40069e634a6081636a30bcb21,208,hp:巨大:+2 ; speed:一瞬:+3 ; special_attack:レーザー:+4 ; special_attack:冷気:+6 ; type:TYPE_ICE:冷気:profile:+4 ; type:TYPE_ICE:凍:profile:+2 ; type:TYPE_ICE:フリーズ:profile:+2 ; type:TYPE_STEEL:サイボーグ:official_type:+5 ; type_choice:TYPE_ICE:8 ; growth:official_stage_plus_profile_power:slow,131,122,122,136,167,122,800,TYPE_ICE,,resolved_profile_evidence,88,302,GROWTH_SLOW,medium,profile-derived-v1
448,digimon,weregarurumon_black,ワーガルルモン（黒）,https://digimon.net/reference/detail.php?directory_name=weregarurumon_black,完全体,獣人型,ウィルス,d92372256441c949bac9f065def6b95806e974d4155056ff214b8d99697d795b,88,attack:力:+2 ; attack:爪:+3 ; speed:スピード:+4 ; type:TYPE_FIGHTING:獣人:official_type:+3 ; type:TYPE_NORMAL:獣人:official_type:+2 ; type_candidate:TYPE_FIGHTING:3 ; type_placeholder:TYPE_NORMAL:low_evidence ; growth:official_stage_plus_profile_power:medium_slow,100,122,100,118,100,100,640,TYPE_NORMAL,,unresolved_low_type_evidence,128,240,GROWTH_MEDIUM_SLOW,medium,profile-derived-v1
449,digimon,garurumon_black,ガルルモン（黒）,https://digimon.net/reference/detail.php?directory_name=garurumon_black,成熟期,獣型,ウィルス,24e3bcf66eaaae049b9f1733d0101494aff380d8e961b3fa3127668ad59dbc98,128,special_attack:炎:+3 ; special_attack:熱:+2 ; type:TYPE_FIRE:炎:profile:+2 ; type:TYPE_GROUND:地中:profile:+2 ; type:TYPE_NORMAL:獣型:official_type:+4 ; type_candidate:TYPE_NORMAL:4 ; type_placeholder:TYPE_NORMAL:low_evidence ; growth:official_stage_plus_profile_power:medium_fast,78,78,78,78,100,78,490,TYPE_NORMAL,,unresolved_low_type_evidence,161,192,GROWTH_MEDIUM_FAST,medium,profile-derived-v1
450,digimon,justimon_blitzarm,ジャスティモン：ブリッツアーム,https://digimon.net/reference/detail.php?directory_name=justimon_blitzarm,究極体,サイボーグ型,ワクチン,cb26d708377f2d5a5511824bffb5b8f9e94d1a966a6f4d44575104fbb6d79d9a,310,attack:パワー:+4 ; attack:力:+2 ; attack:キック:+6 ; attack:破壊:+4 ; special_attack:電撃:+4 ; special_attack:熱:+2 ; type:TYPE_ELECTRIC:電撃:profile:+2 ; type:TYPE_FIGHTING:キック:profile:+2 ; type:TYPE_FIGHTING:キック:move:+4 ; type:TYPE_STEEL:鉄:profile:+2 ; type:TYPE_STEEL:サイボーグ:official_type:+5 ; type_choice:TYPE_STEEL:7 ; type_choice:TYPE_FIGHTING:6 ; growth:official_stage_plus_profile_power:slow,122,194,122,122,149,122,831,TYPE_STEEL,TYPE_FIGHTING,resolved_profile_evidence,77,322,GROWTH_SLOW,high,profile-derived-v1
451,digimon,ginkakumon_promote,ギンカクモンプロモート,https://digimon.net/reference/detail.php?directory_name=ginkakumon_promote,成熟期,鬼人型,ウィルス,c0c505a2ad8752f5f090e70959f0127e09868f4da0eea2e9532532b892364824,106,attack:パワー:+4 ; attack:力:+2 ; special_attack:火:+6 ; special_attack:電撃:+4 ; type:TYPE_ELECTRIC:電撃:profile:+2 ; type_candidate:TYPE_ELECTRIC:2 ; type_placeholder:TYPE_NORMAL:low_evidence ; growth:official_stage_plus_profile_power:medium_fast,78,105,78,78,123,78,540,TYPE_NORMAL,,unresolved_low_type_evidence,147,215,GROWTH_MEDIUM_FAST,medium,profile-derived-v1
452,digimon,icedevimon,アイスデビモン,https://digimon.net/reference/detail.php?directory_name=icedevimon,成熟期,堕天使型,ウィルス,372baaf809c7c3ce95a4931d62d5c16958d23cfa6e779186d647c84bdd5be61c,85,special_attack:氷:+9 ; type:TYPE_ICE:氷:profile:+6 ; type:TYPE_FLYING:羽:profile:+2 ; type:TYPE_FAIRY:天使:profile:+2 ; type:TYPE_FAIRY:天使:official_type:+5 ; type:TYPE_FLYING:天使:official_type:+2 ; type_choice:TYPE_FAIRY:7 ; type_choice:TYPE_ICE:6 ; growth:official_stage_plus_profile_power:medium_fast,78,78,78,78,118,78,508,TYPE_FAIRY,TYPE_ICE,resolved_profile_evidence,154,204,GROWTH_MEDIUM_FAST,medium,profile-derived-v1
453,digimon,kuzuhamon_miko,クズハモン：巫女モード,https://digimon.net/reference/detail.php?directory_name=kuzuhamon_miko,究極体,神人型,データ,2f6546faef6b2e90e772f62b0aaf564db070cca4b717f9c1c4e9965ee1c7f26f,58,power:神:+6 ; attack:力:+2 ; type:TYPE_FAIRY:神人:official_type:+3 ; type:TYPE_FIGHTING:神人:official_type:+2 ; type_candidate:TYPE_FAIRY:3 ; type_placeholder:TYPE_NORMAL:low_evidence ; growth:official_stage_plus_profile_power:slow,133,142,133,133,133,133,807,TYPE_NORMAL,,unresolved_low_type_evidence,81,307,GROWTH_SLOW,medium,profile-derived-v1
454,digimon,megalograwmon_orange,メガログラウモン（橙）,https://digimon.net/reference/detail.php?directory_name=megalograwmon_orange,完全体,サイボーグ型,データ,d59c8e4989ee0e5eed8a63f29fb9d6699f5901803f20bdc3f19d3daaebd750de,108,attack:力:+2 ; attack:破壊:+4 ; special_attack:データ:+2 ; type:TYPE_STEEL:サイボーグ:profile:+2 ; type:TYPE_STEEL:金属:profile:+2 ; type:TYPE_STEEL:サイボーグ:official_type:+5 ; type_choice:TYPE_STEEL:9 ; growth:official_stage_plus_profile_power:medium_slow,100,127,100,100,109,100,636,TYPE_STEEL,,resolved_profile_evidence,128,241,GROWTH_MEDIUM_SLOW,medium,profile-derived-v1
455,digimon,greymon_blue,グレイモン（青）,https://digimon.net/reference/detail.php?directory_name=greymon_blue,成熟期,恐竜型,ウィルス,3e5a75513c5ce3f40500cdb6ea16e2b53ec84f40dc7d2ac9b070c9dd3b766986,102,power:超高:+3 ; special_attack:炎:+3 ; special_attack:火:+2 ; special_attack:熱:+2 ; type:TYPE_FIRE:炎:profile:+2 ; type:TYPE_FIRE:火炎:profile:+2 ; type:TYPE_FIRE:フレイム:profile:+2 ; type:TYPE_FIRE:フレイム:move:+4 ; type:TYPE_DRAGON:竜:official_type:+5 ; type:TYPE_DRAGON:恐竜:official_type:+3 ; type_choice:TYPE_FIRE:10 ; type_choice:TYPE_DRAGON:8 ; growth:official_stage_plus_profile_power:medium_fast,83,83,83,83,115,83,530,TYPE_FIRE,TYPE_DRAGON,resolved_profile_evidence,145,216,GROWTH_MEDIUM_FAST,high,profile-derived-v1
456,digimon,shoutmon_king,シャウトモン（キングVer.）,https://digimon.net/reference/detail.php?directory_name=shoutmon_king,"成熟期
(クロスウォーズ)",小竜型,データ,d048bf2f1180f8d2eb38ea8ea4e16974a4d5856137bf71399a25bf3900f63528,201,attack:力:+2 ; special_attack:炎:+3 ; special_attack:熱:+4 ; type:TYPE_FIRE:炎:profile:+2 ; type:TYPE_GHOST:魂:profile:+2 ; type:TYPE_DRAGON:竜:official_type:+5 ; type_choice:TYPE_DRAGON:5 ; growth:official_stage_plus_profile_power:medium_fast,78,87,78,78,110,78,509,TYPE_DRAGON,,resolved_profile_evidence,155,201,GROWTH_MEDIUM_FAST,medium,profile-derived-v1
457,digimon,wargreymon_x,ウォーグレイモン（X抗体）,https://digimon.net/reference/detail.php?directory_name=wargreymon_x,究極体,竜人型,ワクチン,1d5909887a969c8d2ac039a5f373c512094c301050fec6319eeadebe09ee1128,653,power:最強:+24 ; power:究極:+5 ; power:絶大:+5 ; power:超高:+3 ; hp:巨大:+2 ; attack:パワー:+4 ; attack:力:+2 ; attack:剣:+3 ; defense:鎧:+4 ; defense:盾:+4 ; speed:スピード:+4 ; speed:一瞬:+6 ; speed:加速:+8 ; special_attack:エネルギー:+6 ; special_attack:熱:+2 ; special_attack:爆発:+3 ; type:TYPE_FIGHTING:戦士:profile:+2 ; type:TYPE_DRAGON:竜:profile:+2 ; type:TYPE_STEEL:金属:profile:+2 ; type:TYPE_DRAGON:竜:official_type:+5 ; type_choice:TYPE_DRAGON:7 ; growth:official_stage_plus_profile_power:slow,198,229,225,255,238,189,1334,TYPE_DRAGON,,resolved_profile_evidence,3,572,GROWTH_SLOW,high,profile-derived-v1
458,digimon,metalgarurumon_x,メタルガルルモン（X抗体）,https://digimon.net/reference/detail.php?directory_name=metalgarurumon_x,究極体,サイボーグ型,データ,9314a55b841eb3df46f437661b22d06920bab09fb881a136f330300d907ef4ad,508,power:圧倒:+5 ; power:超高:+6 ; hp:生命:+2 ; attack:パワー:+4 ; attack:力:+6 ; attack:粉砕:+5 ; speed:高速:+10 ; speed:超高速:+14 ; speed:俊敏:+10 ; speed:瞬時:+4 ; special_attack:ビーム:+4 ; special_attack:レーザー:+8 ; special_attack:火:+4 ; special_attack:氷:+3 ; special_attack:冷気:+3 ; special_attack:闇:+3 ; type:TYPE_ICE:氷:profile:+2 ; type:TYPE_ICE:冷気:profile:+2 ; type:TYPE_DARK:闇:profile:+2 ; type:TYPE_STEEL:サイボーグ:official_type:+5 ; type_choice:TYPE_STEEL:5 ; growth:official_stage_plus_profile_power:slow,151,209,142,255,254,142,1153,TYPE_STEEL,,resolved_profile_evidence,3,460,GROWTH_SLOW,high,profile-derived-v1
459,digimon,megidramon_x,メギドラモン（X抗体）,https://digimon.net/reference/detail.php?directory_name=megidramon_x,究極体,邪竜型,ウィルス,3539ad99fda00f578569f93c916c3cf4d489a9048a7698aa093213b24bf02c0b,672,power:強力:+3 ; attack:パワー:+8 ; attack:力:+6 ; attack:破壊:+4 ; special_attack:エネルギー:+3 ; special_attack:波動:+4 ; special_attack:衝撃波:+3 ; type:TYPE_FIRE:フレイム:profile:+4 ; type:TYPE_FIRE:フレイム:move:+4 ; type:TYPE_DRAGON:竜:profile:+6 ; type:TYPE_DARK:暗黒:profile:+4 ; type:TYPE_DARK:邪悪:profile:+6 ; type:TYPE_DRAGON:竜:official_type:+5 ; type_choice:TYPE_DRAGON:11 ; type_choice:TYPE_DARK:10 ; growth:official_stage_plus_profile_power:slow,127,208,127,127,172,127,888,TYPE_DRAGON,TYPE_DARK,resolved_profile_evidence,58,350,GROWTH_SLOW,high,profile-derived-v1
460,digimon,weregarurumon_x,ワーガルルモン（X抗体）,https://digimon.net/reference/detail.php?directory_name=weregarurumon_x,完全体,獣人型,ワクチン,f1c73d56da829be09ff79c5d28f2ac6c87b278b538777f7e34c30c725002d6fe,426,attack:パワー:+4 ; attack:力:+6 ; attack:キック:+9 ; attack:爪:+3 ; defense:防御:+5 ; defense:盾:+4 ; speed:スピード:+4 ; type:TYPE_FIGHTING:キック:profile:+6 ; type:TYPE_FIGHTING:獣人:official_type:+3 ; type:TYPE_NORMAL:獣人:official_type:+2 ; type_choice:TYPE_FIGHTING:9 ; growth:official_stage_plus_profile_power:medium_slow,100,199,140,118,100,100,757,TYPE_FIGHTING,,resolved_profile_evidence,90,305,GROWTH_MEDIUM_SLOW,high,profile-derived-v1
461,digimon,lilimon_x,リリモン（X抗体）,https://digimon.net/reference/detail.php?directory_name=lilimon_x,完全体,妖精型,データ,738423cbe745be3a7036bde7d1e927b4141e8457fc07f32960ce270e5e6fb0bd,538,power:最強:+8 ; power:弱い:-4 ; attack:パワー:+8 ; attack:力:+2 ; special_attack:エネルギー:+3 ; type:TYPE_GRASS:花:profile:+4 ; type:TYPE_GRASS:葉:profile:+2 ; type:TYPE_FLYING:羽:profile:+2 ; type:TYPE_FAIRY:妖精:profile:+2 ; type:TYPE_FAIRY:妖精:official_type:+5 ; type_choice:TYPE_FAIRY:7 ; type_choice:TYPE_GRASS:6 ; growth:official_stage_plus_profile_power:medium_slow,107,152,107,107,121,107,701,TYPE_FAIRY,TYPE_GRASS,resolved_profile_evidence,103,279,GROWTH_MEDIUM_SLOW,high,profile-derived-v1
462,digimon,sakuyamon_x,サクヤモン（Ｘ抗体）,https://digimon.net/reference/detail.php?directory_name=sakuyamon_x,究極体,神人型,データ,e8a19a4e59c54765a5cd023c604472e6eea741095a9777b8e3a0dabd110fcf58,619,power:神:+9 ; hp:巨大:+2 ; attack:力:+2 ; special_attack:火:+2 ; special_attack:雷:+3 ; special_attack:闇:+6 ; special_attack:データ:+2 ; special_defense:結界:+5 ; special_defense:霊:+3 ; special_defense:浄化:+4 ; type:TYPE_ELECTRIC:雷:profile:+2 ; type:TYPE_GRASS:花:profile:+6 ; type:TYPE_GRASS:花:move:+4 ; type:TYPE_GRASS:草:profile:+2 ; type:TYPE_ROCK:岩:profile:+2 ; type:TYPE_GHOST:霊:profile:+2 ; type:TYPE_GHOST:魂:profile:+2 ; type:TYPE_GHOST:魂:move:+4 ; type:TYPE_DARK:闇:profile:+4 ; type:TYPE_FAIRY:神人:official_type:+3 ; type:TYPE_FIGHTING:神人:official_type:+2 ; type_choice:TYPE_GRASS:12 ; type_choice:TYPE_GHOST:8 ; growth:official_stage_plus_profile_power:slow,147,147,138,138,197,192,959,TYPE_GRASS,TYPE_GHOST,resolved_profile_evidence,36,379,GROWTH_SLOW,high,profile-derived-v1
463,digimon,beelzebumon_x,ベルゼブモン（X抗体）,https://digimon.net/reference/detail.php?directory_name=beelzebumon_x,究極体,魔王型,ウィルス,978922d9251febe0046372f3bc6a47166adfe12f88268ca471c91ea811cf4ba1,671,power:王:+6 ; hp:巨大:+2 ; attack:力:+6 ; attack:爪:+3 ; special_attack:炎:+9 ; special_attack:闇:+3 ; special_attack:データ:+4 ; type:TYPE_FIRE:炎:profile:+6 ; type:TYPE_GHOST:魂:profile:+2 ; type:TYPE_DARK:闇:profile:+2 ; type:TYPE_DARK:悪魔:profile:+2 ; type:TYPE_DARK:魔王:profile:+6 ; type:TYPE_DARK:ダーク:profile:+6 ; type:TYPE_DARK:ダーク:move:+4 ; type:TYPE_STEEL:マシーン:profile:+2 ; type:TYPE_DARK:魔王:official_type:+6 ; type_choice:TYPE_DARK:26 ; growth:official_stage_plus_profile_power:slow,142,173,133,133,205,133,919,TYPE_DARK,,resolved_profile_evidence,47,365,GROWTH_SLOW,high,profile-derived-v1
464,digimon,megalogrowmon_x,メガログラウモン（X抗体）,https://digimon.net/reference/detail.php?directory_name=megalogrowmon_x,完全体,サイボーグ型,ウィルス,3eea4a999882a06328562a23c5d1b580b8ef6c7c49a5d7ba81ba0524ede2c98d,501,hp:巨大:+6 ; attack:パワー:+4 ; attack:力:+6 ; attack:破壊:+4 ; speed:飛行:+2 ; speed:走:+2 ; special_attack:エネルギー:+3 ; type:TYPE_FLYING:飛行:profile:+2 ; type:TYPE_STEEL:サイボーグ:profile:+2 ; type:TYPE_STEEL:金属:profile:+2 ; type:TYPE_STEEL:サイボーグ:official_type:+5 ; type_choice:TYPE_STEEL:9 ; growth:profile:erratic,127,163,100,118,114,100,722,TYPE_STEEL,,resolved_profile_evidence,104,280,GROWTH_ERRATIC,high,profile-derived-v1
465,digimon,rhinomon_x,ライノモン（Ｘ抗体）,https://digimon.net/reference/detail.php?directory_name=rhinomon_x,成熟期,哺乳類型,ワクチン,9d49dd3715f6d9681671444c3acd15cc4c18b604b382c72313baab89ae108ccc,489,attack:パワー:+8 ; attack:力:+2 ; attack:剣:+6 ; attack:刀:+3 ; attack:突進:+3 ; attack:破壊:+4 ; defense:防御:+5 ; defense:装甲:+5 ; defense:鎧:+12 ; defense:バリア:+4 ; speed:素早:+5 ; special_attack:レーザー:+4 ; special_attack:光:+3 ; special_attack:データ:+6 ; special_defense:バリア:+4 ; type:TYPE_STEEL:装甲:profile:+2 ; type:TYPE_NORMAL:哺乳類:profile:+2 ; type_candidate:TYPE_NORMAL:2 ; type_placeholder:TYPE_NORMAL:low_evidence ; growth:official_stage_plus_profile_power:medium_fast,78,195,195,100,136,96,800,TYPE_NORMAL,,unresolved_low_type_evidence,83,314,GROWTH_MEDIUM_FAST,medium,profile-derived-v1
466,digimon,renamon_x,レナモン（Ｘ抗体）,https://digimon.net/reference/detail.php?directory_name=renamon_x,成長期,獣人型,データ,49ffee4498abb1791ec8ca8769a2d8ab556d2e362a99fbd5f2f0aa33e783068d,466,attack:パワー:+4 ; attack:力:+2 ; attack:斬:+6 ; speed:スピード:+4 ; type:TYPE_GRASS:葉:profile:+4 ; type:TYPE_BUG:蝶:profile:+2 ; type:TYPE_BUG:蝶:move:+4 ; type:TYPE_FIGHTING:獣人:official_type:+3 ; type:TYPE_NORMAL:獣人:official_type:+2 ; type_choice:TYPE_BUG:6 ; growth:official_stage_plus_profile_power:medium_fast,58,112,58,76,58,58,420,TYPE_BUG,,resolved_profile_evidence,172,179,GROWTH_MEDIUM_FAST,medium,profile-derived-v1
467,digimon,tokomon_x,トコモン（Ｘ抗体）,https://digimon.net/reference/detail.php?directory_name=tokomon_x,幼年期Ⅱ,レッサー型,,019e64f316842d1f769996b0c816886cd41ac7a3d2a4fae6ec5e3535e34956f7,331,power:小型:-1 ; attack:力:+2 ; attack:牙:+3 ; type_placeholder:TYPE_NORMAL:no_specialized_affinity_evidence ; growth:official_stage_plus_profile_power:medium_fast,36,59,36,36,36,36,239,TYPE_NORMAL,,unresolved_no_specialized_type_evidence,217,108,GROWTH_MEDIUM_FAST,low,profile-derived-v1
468,digimon,beelstarmon_x,ベルスターモン（Ｘ抗体）,https://digimon.net/reference/detail.php?directory_name=beelstarmon_x,究極体,魔人型,ウィルス,4be2c0747a6760bc3e27327c29696935479435009975f1f0d1b65d09d3ae3b82,670,attack:力:+4 ; attack:拳:+6 ; speed:俊敏:+5 ; type:TYPE_FIGHTING:拳:profile:+4 ; type:TYPE_FLYING:翼:profile:+6 ; type:TYPE_FLYING:羽:profile:+2 ; type_choice:TYPE_FLYING:8 ; growth:profile:erratic,122,167,122,144,122,122,799,TYPE_FLYING,,resolved_profile_evidence,88,302,GROWTH_ERRATIC,medium,profile-derived-v1
469,digimon,dukemon_x,デュークモン（X抗体）,https://digimon.net/reference/detail.php?directory_name=dukemon_x,究極体,聖騎士型,ウィルス,a7e6dc7abc3a2da6f6708df6d2c35a35b4afb3edb0a525d2bb5efaaf623c9d59,633,power:神:+3 ; attack:力:+4 ; attack:槍:+9 ; defense:鎧:+8 ; defense:盾:+12 ; special_attack:ビーム:+4 ; special_attack:光:+3 ; special_defense:聖:+6 ; special_defense:浄化:+4 ; special_defense:守護:+4 ; type:TYPE_FAIRY:聖なる:profile:+6 ; type:TYPE_FAIRY:聖:profile:+6 ; type:TYPE_FAIRY:聖:official_type:+3 ; type_choice:TYPE_FAIRY:15 ; growth:official_stage_plus_profile_power:slow,127,186,217,127,159,190,1006,TYPE_FAIRY,,resolved_profile_evidence,33,385,GROWTH_SLOW,high,profile-derived-v1
470,digimon,cerberumon_x,ケルベロモン（X抗体）,https://digimon.net/reference/detail.php?directory_name=cerberumon_x,完全体,魔獣型,ワクチン,8e4a73e575d466092fe98eaa58c9506dee8859aee1e0ad89a78beed47abb051f,488,attack:力:+4 ; attack:格闘:+8 ; attack:爪:+9 ; defense:硬質:+4 ; speed:瞬時:+8 ; special_attack:炎:+3 ; special_attack:火:+2 ; special_attack:熱:+2 ; type:TYPE_FIRE:炎:profile:+2 ; type:TYPE_FIRE:火炎:profile:+2 ; type:TYPE_FIRE:灼熱:profile:+2 ; type:TYPE_FIGHTING:格闘:profile:+4 ; type:TYPE_GROUND:大地:profile:+2 ; type:TYPE_DARK:ダーク:profile:+2 ; type:TYPE_NORMAL:獣型:official_type:+4 ; type:TYPE_DARK:魔獣:official_type:+4 ; type:TYPE_NORMAL:魔獣:official_type:+2 ; type_choice:TYPE_DARK:6 ; type_choice:TYPE_FIRE:6 ; growth:official_stage_plus_profile_power:medium_slow,100,194,118,136,132,100,780,TYPE_DARK,TYPE_FIRE,resolved_profile_evidence,87,309,GROWTH_MEDIUM_SLOW,high,profile-derived-v1
471,digimon,tyranomon_x,ティラノモン（X抗体）,https://digimon.net/reference/detail.php?directory_name=tyranomon_x,成熟期,恐竜型,データ,ff8f39fc847de2433a3c0225230ed738e2c7514a9a8b191f932b0a5865c770dc,429,hp:巨大:+4 ; attack:パワー:+4 ; attack:斬:+3 ; speed:スピード:+8 ; special_attack:炎:+3 ; special_attack:データ:+2 ; type:TYPE_FIRE:炎:profile:+2 ; type:TYPE_ROCK:石:profile:+2 ; type:TYPE_ROCK:宝石:profile:+2 ; type:TYPE_DRAGON:竜:profile:+4 ; type:TYPE_DRAGON:恐竜:profile:+4 ; type:TYPE_DRAGON:竜:official_type:+5 ; type:TYPE_DRAGON:恐竜:official_type:+3 ; type_choice:TYPE_DRAGON:16 ; growth:profile:slow,96,110,78,114,100,78,576,TYPE_DRAGON,,resolved_profile_evidence,142,220,GROWTH_SLOW,high,profile-derived-v1
472,digimon,dracomon_x,ドラコモン（X抗体）,https://digimon.net/reference/detail.php?directory_name=dracomon_x,成長期,竜型,データ,7aaa1a1874710bc5c0bb30ebffb286b28649925c024071d04c036f08a08f8f36,673,power:超高:+6 ; attack:力:+6 ; speed:俊敏:+5 ; speed:飛翔:+3 ; speed:飛行:+2 ; special_attack:ビーム:+4 ; special_attack:炎:+3 ; special_attack:光:+6 ; special_attack:熱:+4 ; type:TYPE_FIRE:炎:profile:+2 ; type:TYPE_FLYING:飛行:profile:+2 ; type:TYPE_FLYING:飛翔:profile:+2 ; type:TYPE_FLYING:翼:profile:+6 ; type:TYPE_ROCK:石:profile:+2 ; type:TYPE_ROCK:宝石:profile:+2 ; type:TYPE_DRAGON:竜:profile:+2 ; type:TYPE_STEEL:金属:profile:+2 ; type:TYPE_DRAGON:竜:official_type:+5 ; type_choice:TYPE_FLYING:10 ; type_choice:TYPE_DRAGON:7 ; growth:official_stage_plus_profile_power:medium_fast,69,96,69,114,145,69,562,TYPE_FLYING,TYPE_DRAGON,resolved_profile_evidence,127,245,GROWTH_MEDIUM_FAST,high,profile-derived-v1
473,digimon,gabumon_x,ガブモン（X抗体）,https://digimon.net/reference/detail.php?directory_name=gabumon_x,成長期,獣型,データ,f550a8e809cc098462b64850a561e69f881ea1c09707456a59fbdb0f52ba5029,362,speed:敏捷:+5 ; special_attack:データ:+4 ; type:TYPE_NORMAL:獣型:official_type:+4 ; type_candidate:TYPE_NORMAL:4 ; type_placeholder:TYPE_NORMAL:low_evidence ; growth:official_stage_plus_profile_power:medium_fast,58,58,58,80,76,58,388,TYPE_NORMAL,,unresolved_low_type_evidence,185,156,GROWTH_MEDIUM_FAST,low,profile-derived-v1
474,digimon,minervamon_x,ミネルヴァモン（X抗体）,https://digimon.net/reference/detail.php?directory_name=minervamon_x,究極体,神人型,ウィルス,0fb327ba1ae4c908418fe3bd9937a9fe71606f94ef5c816bf4021b6150f24a4e,707,power:神:+6 ; hp:巨大:+2 ; attack:怪力:+12 ; attack:力:+6 ; attack:剣:+9 ; attack:斬:+9 ; defense:盾:+4 ; speed:俊敏:+5 ; special_attack:エネルギー:+3 ; special_attack:炎:+3 ; type:TYPE_FIRE:炎:profile:+2 ; type:TYPE_GROUND:大地:profile:+2 ; type:TYPE_ROCK:クリスタル:profile:+2 ; type:TYPE_DRAGON:竜:profile:+4 ; type:TYPE_FAIRY:神人:official_type:+3 ; type:TYPE_FIGHTING:神人:official_type:+2 ; type_candidate:TYPE_DRAGON:4 ; type_placeholder:TYPE_NORMAL:low_evidence ; growth:official_stage_plus_profile_power:slow,142,255,151,155,160,133,996,TYPE_NORMAL,,unresolved_low_type_evidence,22,407,GROWTH_SLOW,medium,profile-derived-v1
475,digimon,lordknightmon_x,ロードナイトモン（X抗体）,https://digimon.net/reference/detail.php?directory_name=lordknightmon_x,究極体,聖騎士型,ウィルス,3a295f2ea12a075c1c937c7b36cbd406baaf9aafbb337b28ccdf02d1932634cb,694,power:最強:+8 ; power:究極:+5 ; power:王:+4 ; attack:力:+6 ; attack:剣:+9 ; attack:斬:+3 ; defense:鎧:+8 ; defense:盾:+8 ; speed:瞬時:+4 ; special_attack:衝撃波:+6 ; special_attack:念:+4 ; special_defense:聖:+2 ; type:TYPE_GRASS:花:profile:+2 ; type:TYPE_PSYCHIC:念:profile:+2 ; type:TYPE_FAIRY:聖:profile:+2 ; type:TYPE_FAIRY:聖:official_type:+3 ; type_choice:TYPE_FAIRY:5 ; growth:official_stage_plus_profile_power:slow,153,234,225,171,198,162,1143,TYPE_FAIRY,,resolved_profile_evidence,3,463,GROWTH_SLOW,high,profile-derived-v1
476,digimon,sistermon_ciel,シスタモン シエル,https://digimon.net/reference/detail.php?directory_name=sistermon_ciel,成熟期,パペット型,データ,fac2edea25a9f85fd3d7d7d0b03c0a254df1162b6d73bdaefdb1e2970560c14c,306,attack:刀:+3 ; type:TYPE_BUG:蜂:profile:+2 ; type:TYPE_BUG:蜂:move:+4 ; type:TYPE_NORMAL:パペット:official_type:+2 ; type:TYPE_GHOST:パペット:official_type:+2 ; type_choice:TYPE_BUG:6 ; growth:official_stage_plus_profile_power:medium_fast,78,92,78,78,78,78,482,TYPE_BUG,,resolved_profile_evidence,164,186,GROWTH_MEDIUM_FAST,medium,profile-derived-v1
477,digimon,metaltyranomon_x,メタルティラノモン（X抗体）,https://digimon.net/reference/detail.php?directory_name=metaltyranomon_x,完全体,サイボーグ型,ウィルス,e97d376e5d3c5e4f172b4dbe7bfa01f31889fa6b9103f2d716a8e19bd6e2ad53,498,power:強力:+3 ; power:凄まじ:+6 ; power:超高:+3 ; hp:耐久:+4 ; attack:パワー:+4 ; attack:力:+6 ; attack:格闘:+4 ; attack:爪:+3 ; attack:破壊:+4 ; defense:装甲:+5 ; defense:硬い:+4 ; defense:耐久:+4 ; special_attack:エネルギー:+6 ; special_attack:レーザー:+12 ; type:TYPE_FIGHTING:格闘:profile:+2 ; type:TYPE_STEEL:サイボーグ:profile:+2 ; type:TYPE_STEEL:装甲:profile:+2 ; type:TYPE_STEEL:サイボーグ:official_type:+5 ; type_choice:TYPE_STEEL:9 ; growth:official_stage_plus_profile_power:slow,140,216,180,122,203,122,983,TYPE_STEEL,,resolved_profile_evidence,22,401,GROWTH_SLOW,high,profile-derived-v1
478,digimon,leomon_x,レオモン（X抗体）,https://digimon.net/reference/detail.php?directory_name=leomon_x,成熟期,獣人型,ワクチン,fecc9937cdacbc4bba118bbb2f4ae3cea90f146f98ebf4edc770fbb616788bec,376,power:究極:+10 ; power:王:+6 ; attack:拳:+6 ; attack:牙:+3 ; attack:剣:+6 ; attack:刀:+9 ; attack:破壊:+4 ; type:TYPE_FIGHTING:拳:profile:+2 ; type:TYPE_FIGHTING:拳:move:+4 ; type:TYPE_FIGHTING:闘士:profile:+2 ; type:TYPE_FIGHTING:剣術:profile:+2 ; type:TYPE_FIGHTING:獣人:official_type:+3 ; type:TYPE_NORMAL:獣人:official_type:+2 ; type_choice:TYPE_FIGHTING:13 ; growth:official_stage_plus_profile_power:slow,107,233,107,107,107,107,768,TYPE_FIGHTING,,resolved_profile_evidence,52,363,GROWTH_SLOW,high,profile-derived-v1
479,digimon,agumon_x,アグモン（X抗体）,https://digimon.net/reference/detail.php?directory_name=agumon_x,成長期,恐竜型,ワクチン,c07d0d6c20c4782f45378e343df19b180e03793036d202ba6a5604723864598f,335,power:弱い:-4 ; attack:力:+6 ; attack:爪:+6 ; special_attack:炎:+3 ; special_attack:火:+2 ; type:TYPE_FIRE:炎:profile:+2 ; type:TYPE_FIRE:火炎:profile:+2 ; type:TYPE_FIRE:フレイム:profile:+4 ; type:TYPE_FIRE:フレイム:move:+4 ; type:TYPE_DRAGON:竜:profile:+4 ; type:TYPE_DRAGON:恐竜:profile:+4 ; type:TYPE_DRAGON:竜:official_type:+5 ; type:TYPE_DRAGON:恐竜:official_type:+3 ; type_choice:TYPE_DRAGON:16 ; type_choice:TYPE_FIRE:12 ; growth:official_stage_plus_profile_power:medium_fast,51,105,51,51,73,51,382,TYPE_DRAGON,TYPE_FIRE,resolved_profile_evidence,181,166,GROWTH_MEDIUM_FAST,high,profile-derived-v1
480,digimon,jesmon_x,ジエスモン（X抗体）,https://digimon.net/reference/detail.php?directory_name=jesmon_x,究極体,聖騎士型,データ,686f6d6a27f24f7b52cbaad0b9af26d5dbc418b44db5724035ed669a65364bc5,712,power:究極:+10 ; power:圧倒:+5 ; attack:力:+6 ; attack:拳:+9 ; attack:剣:+9 ; attack:斬:+3 ; attack:破壊:+4 ; defense:装甲:+5 ; speed:飛翔:+3 ; special_defense:聖:+6 ; type:TYPE_FIGHTING:拳:profile:+4 ; type:TYPE_FIGHTING:拳:move:+4 ; type:TYPE_FLYING:飛翔:profile:+2 ; type:TYPE_ROCK:クリスタル:profile:+2 ; type:TYPE_STEEL:鉄:profile:+4 ; type:TYPE_STEEL:鉄:move:+4 ; type:TYPE_STEEL:装甲:profile:+2 ; type:TYPE_FAIRY:聖:profile:+4 ; type:TYPE_FAIRY:聖:move:+4 ; type:TYPE_FAIRY:聖:official_type:+3 ; type_choice:TYPE_FAIRY:11 ; type_choice:TYPE_STEEL:10 ; growth:official_stage_plus_profile_power:slow,149,255,172,162,149,176,1063,TYPE_FAIRY,TYPE_STEEL,resolved_profile_evidence,3,447,GROWTH_SLOW,high,profile-derived-v1
481,digimon,ragnaloardmon,ラグナロードモン,https://digimon.net/reference/detail.php?directory_name=ragnaloardmon,究極体,特異型,ウィルス,66c0cc3aff704d3c5882862b96f6d8f37f2b19ffd9766f5bfb6b767c93759e6d,536,power:最強:+16 ; power:超高:+3 ; attack:剣:+9 ; attack:刀:+3 ; defense:防御:+5 ; defense:盾:+12 ; special_attack:炎:+6 ; special_attack:火:+4 ; special_attack:データ:+2 ; type:TYPE_FIRE:炎:profile:+4 ; type:TYPE_FIRE:火炎:profile:+2 ; type:TYPE_WATER:海:profile:+2 ; type:TYPE_DARK:邪悪:profile:+2 ; type:TYPE_DARK:ダーク:profile:+2 ; type_choice:TYPE_FIRE:6 ; growth:official_stage_plus_profile_power:slow,156,210,233,156,210,156,1121,TYPE_FIRE,,resolved_profile_evidence,3,462,GROWTH_SLOW,high,profile-derived-v1
482,digimon,rafflesimon,ラフレシモン,https://digimon.net/reference/detail.php?directory_name=rafflesimon,究極体,妖精型,データ,104d17a24e9668dcdd904e8ae798938a2a20168183445db007085d0eb94bef88,337,power:究極:+5 ; stats:balanced:no_specialization_signal_in_official_text ; type:TYPE_GRASS:花:profile:+6 ; type:TYPE_FAIRY:妖精:profile:+2 ; type:TYPE_FAIRY:妖精:official_type:+5 ; type_choice:TYPE_FAIRY:7 ; type_choice:TYPE_GRASS:6 ; growth:official_stage_plus_profile_power:slow,131,131,131,131,131,131,786,TYPE_FAIRY,TYPE_GRASS,resolved_profile_evidence,89,294,GROWTH_SLOW,medium,profile-derived-v1
483,digimon,ordinemon,オルディネモン,https://digimon.net/reference/detail.php?directory_name=ordinemon,究極体,堕天使型,ウィルス,a541e95a3c65b1ba28b79ba530fa7b2fe561d22631aaf9676b19fe16d7d09029,403,hp:巨大:+2 ; hp:生命:+2 ; attack:破壊:+4 ; special_attack:波動:+4 ; special_attack:データ:+2 ; type:TYPE_FLYING:翼:profile:+4 ; type:TYPE_FLYING:羽:profile:+6 ; type:TYPE_FAIRY:天使:profile:+2 ; type:TYPE_FAIRY:天使:official_type:+5 ; type:TYPE_FLYING:天使:official_type:+2 ; type_choice:TYPE_FLYING:12 ; growth:official_stage_plus_profile_power:slow,140,140,122,122,149,122,795,TYPE_FLYING,,resolved_profile_evidence,93,292,GROWTH_SLOW,high,profile-derived-v1
484,digimon,raptorsparrowmon,ラプタースパロウモン,https://digimon.net/reference/detail.php?directory_name=raptorsparrowmon,"成熟期
(クロスウォーズ)",サイボーグ型,データ,54a5dd0b18ba1ad46faca8d079759dd58381c9c713e69c9849c375bb9e4987fd,212,attack:叩:+2 ; defense:装甲:+15 ; speed:高速:+5 ; type:TYPE_FLYING:翼:profile:+2 ; type:TYPE_FLYING:大空:profile:+2 ; type:TYPE_STEEL:装甲:profile:+6 ; type:TYPE_STEEL:サイボーグ:official_type:+5 ; type_choice:TYPE_STEEL:11 ; growth:official_stage_plus_profile_power:medium_fast,78,87,146,100,78,78,567,TYPE_STEEL,,resolved_profile_evidence,137,232,GROWTH_MEDIUM_FAST,medium,profile-derived-v1
485,digimon,banchogolemon,バンチョーゴーレモン,https://digimon.net/reference/detail.php?directory_name=banchogolemon,究極体,鉱物型,ウィルス,017bbce75b537fbb6bb53e7044876188929bc877e4b8565bc71e6fbba519951c,366,power:圧倒:+5 ; hp:巨大:+2 ; attack:パワー:+4 ; attack:拳:+3 ; special_attack:ビーム:+4 ; type:TYPE_FIGHTING:拳:profile:+2 ; type:TYPE_ROCK:鉱物:profile:+2 ; type:TYPE_GHOST:魂:profile:+2 ; type:TYPE_ROCK:鉱物:official_type:+4 ; type_choice:TYPE_ROCK:6 ; growth:official_stage_plus_profile_power:slow,140,162,131,131,149,131,844,TYPE_ROCK,,resolved_profile_evidence,72,323,GROWTH_SLOW,medium,profile-derived-v1
486,digimon,cerberumon_werewolfmode,ケルベロモン：人狼モード,https://digimon.net/reference/detail.php?directory_name=cerberumon_werewolfmode,完全体,魔人型,ワクチン,b2ccf43600cfe67661818c1791b1632109eed64da55bcc0f41108c6b4fcaa676,330,attack:力:+2 ; attack:爪:+3 ; attack:斬:+3 ; defense:防ぐ:+3 ; special_attack:炎:+3 ; special_attack:火:+2 ; special_attack:データ:+6 ; special_attack:熱:+2 ; type:TYPE_FIRE:炎:profile:+2 ; type:TYPE_FIRE:灼熱:profile:+2 ; type:TYPE_DARK:ダーク:profile:+2 ; type_candidate:TYPE_FIRE:4 ; type_placeholder:TYPE_NORMAL:low_evidence ; growth:official_stage_plus_profile_power:medium_slow,100,136,114,100,158,100,708,TYPE_NORMAL,,unresolved_low_type_evidence,108,274,GROWTH_MEDIUM_SLOW,medium,profile-derived-v1
487,digimon,growmon_orange,グラウモン（橙）,https://digimon.net/reference/detail.php?directory_name=growmon_orange,成熟期,魔竜型,データ,6edd7c9805e0e605d8acf660c6cfbbd2f302e82fb10cca6546d5b40a9c48e04c,94,power:強力:+3 ; attack:力:+2 ; special_attack:炎:+3 ; special_attack:火:+2 ; special_attack:データ:+2 ; type:TYPE_FIRE:炎:profile:+2 ; type:TYPE_FIRE:火炎:profile:+2 ; type:TYPE_FIRE:フレイム:profile:+2 ; type:TYPE_FIRE:フレイム:move:+4 ; type:TYPE_DRAGON:竜:official_type:+5 ; type_choice:TYPE_FIRE:10 ; growth:official_stage_plus_profile_power:medium_fast,83,92,83,83,115,83,539,TYPE_FIRE,,resolved_profile_evidence,143,218,GROWTH_MEDIUM_FAST,high,profile-derived-v1
488,digimon,toyagumon_black,トイアグモン（黒）,https://digimon.net/reference/detail.php?directory_name=toyagumon_black,成長期,パペット型,ウィルス,48a3248cec275011719b9eb8c1fc3b00fcd87a622e06f1a8e657f44d850c5edf,85,special_attack:炎:+3 ; type:TYPE_FIRE:炎:profile:+2 ; type:TYPE_FIRE:フレイム:profile:+2 ; type:TYPE_FIRE:フレイム:move:+4 ; type:TYPE_NORMAL:パペット:official_type:+2 ; type:TYPE_GHOST:パペット:official_type:+2 ; type_choice:TYPE_FIRE:8 ; growth:official_stage_plus_profile_power:medium_fast,58,58,58,58,72,58,362,TYPE_FIRE,,resolved_profile_evidence,191,146,GROWTH_MEDIUM_FAST,medium,profile-derived-v1
489,digimon,shootingstarmon,シューティングスターモン,https://digimon.net/reference/detail.php?directory_name=shootingstarmon,"成熟期
(クロスウォーズ)",超メジャー型,データ,8cae0247d4d9110fe658140b72d6f55a155516792ade2c09c544c693a20cf309,239,attack:力:+2 ; special_attack:炎:+3 ; special_attack:火:+2 ; special_attack:熱:+2 ; type:TYPE_FIRE:炎:profile:+2 ; type:TYPE_GRASS:葉:profile:+2 ; type:TYPE_GHOST:魂:profile:+2 ; type_candidate:TYPE_FIRE:2 ; type_placeholder:TYPE_NORMAL:low_evidence ; growth:official_stage_plus_profile_power:medium_fast,78,87,78,78,110,78,509,TYPE_NORMAL,,unresolved_low_type_evidence,155,201,GROWTH_MEDIUM_FAST,medium,profile-derived-v1
490,digimon,justimon_criticalarm,ジャスティモン：クリティカルアーム,https://digimon.net/reference/detail.php?directory_name=justimon_criticalarm,究極体,サイボーグ型,ワクチン,cb26d708377f2d5a5511824bffb5b8f9e94d1a966a6f4d44575104fbb6d79d9a,310,attack:パワー:+4 ; attack:力:+2 ; attack:キック:+6 ; attack:破壊:+4 ; special_attack:電撃:+4 ; special_attack:熱:+2 ; type:TYPE_ELECTRIC:電撃:profile:+2 ; type:TYPE_FIGHTING:キック:profile:+2 ; type:TYPE_FIGHTING:キック:move:+4 ; type:TYPE_STEEL:鉄:profile:+2 ; type:TYPE_STEEL:サイボーグ:official_type:+5 ; type_choice:TYPE_STEEL:7 ; type_choice:TYPE_FIGHTING:6 ; growth:official_stage_plus_profile_power:slow,122,194,122,122,149,122,831,TYPE_STEEL,TYPE_FIGHTING,resolved_profile_evidence,77,322,GROWTH_SLOW,high,profile-derived-v1
491,digimon,yatagaramon_axcel,ヤタガラモン,https://digimon.net/reference/detail.php?directory_name=yatagaramon_axcel,完全体,妖鳥型,ワクチン,a051abcf82c9d578a147a10a646e527e590358eafdf0cb57207cefbbc8f2f6ef,395,power:神:+3 ; special_attack:エネルギー:+3 ; special_attack:光:+3 ; special_attack:闇:+3 ; special_defense:結界:+10 ; special_defense:聖:+2 ; type:TYPE_FLYING:翼:profile:+2 ; type:TYPE_FLYING:鳥:profile:+2 ; type:TYPE_FLYING:羽:profile:+4 ; type:TYPE_FLYING:羽:move:+4 ; type:TYPE_DARK:闇:profile:+2 ; type:TYPE_DARK:邪悪:profile:+2 ; type:TYPE_DARK:ダーク:profile:+2 ; type:TYPE_FAIRY:聖なる:profile:+2 ; type:TYPE_FAIRY:聖:profile:+2 ; type:TYPE_FLYING:鳥:official_type:+5 ; type_choice:TYPE_FLYING:17 ; growth:official_stage_plus_profile_power:medium_slow,105,105,105,105,146,159,725,TYPE_FLYING,,resolved_profile_evidence,99,286,GROWTH_MEDIUM_SLOW,high,profile-derived-v1
492,digimon,dinohumon,ディノヒューモン,https://digimon.net/reference/detail.php?directory_name=dinohumon,成熟期,竜人型,データ,4ddd02b993a2f58e6e82401533a4418e241c8c26499eb4ebc13c297e36710425,127,attack:力:+2 ; attack:剣:+3 ; type:TYPE_FIGHTING:戦士:profile:+2 ; type:TYPE_DRAGON:竜:profile:+4 ; type:TYPE_DRAGON:竜:official_type:+5 ; type_choice:TYPE_DRAGON:9 ; growth:official_stage_plus_profile_power:medium_fast,78,100,78,78,78,78,490,TYPE_DRAGON,,resolved_profile_evidence,161,192,GROWTH_MEDIUM_FAST,medium,profile-derived-v1
493,digimon,rapidmon_gold,ラピッドモン,https://digimon.net/reference/detail.php?directory_name=rapidmon_gold,アーマー体,聖騎士型,ワクチン,003f1e1c2a400e254fcc5fd07781a0b317b892f438ef9948576e25f603366186,198,power:究極:+5 ; attack:パワー:+4 ; special_defense:聖:+2 ; type:TYPE_FAIRY:聖:profile:+2 ; type:TYPE_FAIRY:聖:official_type:+3 ; type_choice:TYPE_FAIRY:5 ; growth:official_stage_plus_profile_power:medium_fast,95,113,95,95,95,104,597,TYPE_FAIRY,,resolved_profile_evidence,129,238,GROWTH_MEDIUM_FAST,medium,profile-derived-v1
494,digimon,yaegerdorurumon,イェーガードルルモン,https://digimon.net/reference/detail.php?directory_name=yaegerdorurumon,"完全体
(クロスウォーズ)",獣人型,ウィルス,4faa4341b3e30b2cc7b4f8101222a052ba87977bbd359743baaf4a697cf9be8a,200,hp:巨大:+2 ; attack:力:+2 ; attack:斬:+3 ; defense:防御:+5 ; type:TYPE_FIGHTING:獣人:official_type:+3 ; type:TYPE_NORMAL:獣人:official_type:+2 ; type_candidate:TYPE_FIGHTING:3 ; type_placeholder:TYPE_NORMAL:low_evidence ; growth:official_stage_plus_profile_power:medium_slow,109,122,122,100,100,100,653,TYPE_NORMAL,,unresolved_low_type_evidence,125,244,GROWTH_MEDIUM_SLOW,medium,profile-derived-v1
495,digimon,gundramon,ガンドラモン,https://digimon.net/reference/detail.php?directory_name=gundramon,究極体,マシーン型,ウィルス,8330fee60bc8fa18b35e4d7086aeb096661091c7b0ec480401b70c2cbcd3c2cf,314,attack:力:+2 ; speed:スピード:+4 ; speed:機動:+4 ; special_attack:火:+2 ; type:TYPE_GROUND:地面:profile:+2 ; type:TYPE_STEEL:マシーン:official_type:+5 ; type_choice:TYPE_STEEL:5 ; growth:official_stage_plus_profile_power:slow,122,131,122,158,131,122,786,TYPE_STEEL,,resolved_profile_evidence,93,294,GROWTH_SLOW,medium,profile-derived-v1
496,digimon,aegiochusmon_holly,アイギオテュースモン：ホーリー,https://digimon.net/reference/detail.php?directory_name=aegiochusmon_holly,完全体,神人型,ワクチン,dc31ab4f19c7b634dca3691e277002e97ed9d8a282a00b88f55a08e8fa85c740,366,power:究極:+5 ; power:圧倒:+5 ; power:神:+3 ; attack:力:+2 ; attack:刀:+9 ; attack:斬:+3 ; defense:防御:+10 ; defense:盾:+4 ; defense:鉄壁:+6 ; special_attack:電撃:+4 ; special_attack:データ:+6 ; type:TYPE_ELECTRIC:電撃:profile:+2 ; type:TYPE_ELECTRIC:ライトニング:profile:+2 ; type:TYPE_ELECTRIC:ライトニング:move:+4 ; type:TYPE_ELECTRIC:サンダー:profile:+2 ; type:TYPE_ELECTRIC:サンダー:move:+4 ; type:TYPE_ROCK:クリスタル:profile:+2 ; type:TYPE_STEEL:鉄:profile:+2 ; type:TYPE_FAIRY:天使:profile:+4 ; type:TYPE_FAIRY:神人:official_type:+3 ; type:TYPE_FIGHTING:神人:official_type:+2 ; type_choice:TYPE_ELECTRIC:14 ; growth:official_stage_plus_profile_power:slow,123,186,213,123,168,123,936,TYPE_ELECTRIC,,resolved_profile_evidence,30,390,GROWTH_SLOW,high,profile-derived-v1
497,digimon,gabumon_black,ガブモン（黒）,https://digimon.net/reference/detail.php?directory_name=gabumon_black,成長期,爬虫類型,ウィルス,f0123ff8e20c9bb109263ee21784cb74e22c9776da77182cd41b99b816e9b1a8,120,special_attack:火:+2 ; special_attack:データ:+2 ; type:TYPE_DRAGON:爬虫類:official_type:+4 ; type:TYPE_NORMAL:爬虫類:official_type:+1 ; type_candidate:TYPE_DRAGON:4 ; type_placeholder:TYPE_NORMAL:low_evidence ; growth:official_stage_plus_profile_power:medium_fast,58,58,58,58,76,58,366,TYPE_NORMAL,,unresolved_low_type_evidence,190,149,GROWTH_MEDIUM_FAST,medium,profile-derived-v1
498,digimon,pipimon,ピピモン,https://digimon.net/reference/detail.php?directory_name=pipimon,幼年期Ⅰ,スライム型,,bfd46dc58263f1c028c6d0feefdcec75ccde79de9dc1532d7c3067f4de9cb8d5,68,stats:balanced:no_specialization_signal_in_official_text ; type_placeholder:TYPE_NORMAL:no_specialized_affinity_evidence ; growth:official_stage_plus_profile_power:medium_fast,28,28,28,28,28,28,168,TYPE_NORMAL,,unresolved_no_specialized_type_evidence,237,76,GROWTH_MEDIUM_FAST,low,profile-derived-v1
499,digimon,raguelmon,ラグエルモン,https://digimon.net/reference/detail.php?directory_name=raguelmon,究極体,不明,不明,0843a1654d928d35a80b088578283029b7f3487d4499d57cee60d3c6709e1bbb,260,power:究極:+5 ; attack:爪:+3 ; attack:斬:+3 ; attack:破壊:+8 ; special_attack:レーザー:+4 ; special_attack:データ:+2 ; type:TYPE_FAIRY:天使:profile:+6 ; type_choice:TYPE_FAIRY:6 ; growth:official_stage_plus_profile_power:slow,131,194,131,131,158,131,876,TYPE_FAIRY,,resolved_profile_evidence,59,346,GROWTH_SLOW,medium,profile-derived-v1
500,digimon,bryweludramon,ブリウエルドラモン,https://digimon.net/reference/detail.php?directory_name=bryweludramon,究極体,防具型,データ,64edc790c1568423c8e71512c668318a881114d224d690e37c3f9a722a17ddff,447,power:最強:+16 ; power:究極:+5 ; power:圧倒:+5 ; power:神:+3 ; defense:盾:+12 ; defense:硬質:+4 ; defense:バリア:+12 ; special_attack:炎:+9 ; special_attack:火:+2 ; special_attack:データ:+2 ; special_defense:バリア:+12 ; type:TYPE_FIRE:炎:profile:+6 ; type:TYPE_FLYING:翼:profile:+4 ; type:TYPE_DRAGON:ドラゴン:profile:+2 ; type_choice:TYPE_FIRE:6 ; growth:official_stage_plus_profile_power:slow,174,174,255,174,233,228,1238,TYPE_FIRE,,resolved_profile_evidence,3,527,GROWTH_SLOW,high,profile-derived-v1
501,digimon,volcanicdramon,ヴォルケニックドラモン,https://digimon.net/reference/detail.php?directory_name=volcanicdramon,究極体,地竜型,ウィルス,83906acd9c7bc8a13360bb668e06a64db19172bda6dfc1d87488cc3d17f83fbf,312,special_attack:炎:+6 ; special_attack:熱:+4 ; type:TYPE_FIRE:炎:profile:+4 ; type:TYPE_FIRE:灼熱:profile:+4 ; type:TYPE_FIRE:マグマ:profile:+4 ; type:TYPE_GROUND:地中:profile:+2 ; type:TYPE_GROUND:土:profile:+2 ; type:TYPE_DRAGON:竜:profile:+2 ; type:TYPE_DRAGON:竜:official_type:+5 ; type_choice:TYPE_FIRE:12 ; growth:official_stage_plus_profile_power:slow,122,122,122,122,167,122,777,TYPE_FIRE,,resolved_profile_evidence,93,296,GROWTH_SLOW,medium,profile-derived-v1
502,digimon,lavogaritamon,ラヴォガリータモン,https://digimon.net/reference/detail.php?directory_name=lavogaritamon,完全体,岩竜型,ウィルス,9474bf827817979f04413aa7dd1388d0a72e5b255dfc2f41667311c960eef9a4,245,power:王:+2 ; attack:力:+2 ; special_attack:レーザー:+4 ; special_attack:火:+6 ; special_attack:熱:+2 ; special_attack:爆発:+3 ; type:TYPE_FIRE:マグマ:profile:+2 ; type:TYPE_FLYING:翼:profile:+2 ; type:TYPE_FLYING:羽:profile:+2 ; type:TYPE_DRAGON:竜:profile:+2 ; type:TYPE_DRAGON:竜:official_type:+5 ; type:TYPE_ROCK:岩:official_type:+4 ; type_choice:TYPE_DRAGON:7 ; growth:official_stage_plus_profile_power:medium_slow,104,113,104,104,171,104,700,TYPE_DRAGON,,resolved_profile_evidence,103,283,GROWTH_MEDIUM_SLOW,high,profile-derived-v1
503,digimon,meicrackmon_v,メイクラックモン：ヴィシャスモード,https://digimon.net/reference/detail.php?directory_name=meicrackmon_v,完全体,不明,不明,d58a4d347dc4187620fe0afb292042800176f4aa262dd88cf2e0badf23156715,217,attack:力:+4 ; attack:爪:+3 ; attack:破壊:+4 ; defense:鎧:+4 ; type:TYPE_STEEL:金属:profile:+2 ; type_candidate:TYPE_STEEL:2 ; type_placeholder:TYPE_NORMAL:low_evidence ; growth:official_stage_plus_profile_power:medium_slow,100,150,118,100,100,100,668,TYPE_NORMAL,,unresolved_low_type_evidence,117,260,GROWTH_MEDIUM_SLOW,medium,profile-derived-v1
504,digimon,mastemon,マスティモン,https://digimon.net/reference/detail.php?directory_name=mastemon,究極体,天使型,ワクチン,53d5bfdb7ddd14752752b7e5d905c79cc0cabe6c8a70c5d402a8b1930e7f9eb1,389,attack:力:+4 ; special_attack:エネルギー:+6 ; special_attack:光:+9 ; special_attack:闇:+6 ; type:TYPE_DARK:闇:profile:+4 ; type:TYPE_DARK:邪悪:profile:+2 ; type:TYPE_DARK:ダーク:profile:+2 ; type:TYPE_DARK:ダーク:move:+4 ; type:TYPE_FAIRY:天使:profile:+6 ; type:TYPE_FAIRY:天使:official_type:+5 ; type:TYPE_FLYING:天使:official_type:+2 ; type_choice:TYPE_DARK:12 ; type_choice:TYPE_FAIRY:11 ; growth:official_stage_plus_profile_power:slow,122,140,122,122,216,122,844,TYPE_DARK,TYPE_FAIRY,resolved_profile_evidence,70,335,GROWTH_SLOW,high,profile-derived-v1
505,digimon,voltobautamon,ボルトバウタモン,https://digimon.net/reference/detail.php?directory_name=voltobautamon,究極体,魔人型,ウィルス,3604b168c8bccd1feae4ea81e8df0fbcb56f620d963b130ba82f7e6df6e54c4a,296,attack:剣:+3 ; special_attack:光:+3 ; special_attack:闇:+3 ; special_attack:データ:+2 ; special_defense:吸収:+4 ; type:TYPE_DARK:闇:profile:+2 ; type:TYPE_DARK:ダーク:profile:+2 ; type_candidate:TYPE_DARK:4 ; type_placeholder:TYPE_NORMAL:low_evidence ; growth:official_stage_plus_profile_power:slow,122,136,122,122,158,140,800,TYPE_NORMAL,,unresolved_low_type_evidence,90,298,GROWTH_SLOW,medium,profile-derived-v1
506,digimon,raijiludomon,ライジルドモン,https://digimon.net/reference/detail.php?directory_name=raijiludomon,完全体,防具型,データ,8ab2e16f7062a7a014549fea1b71797e6b6c2c8bf320a84f8753877b899f10a1,241,power:究極:+5 ; attack:力:+4 ; attack:叩:+2 ; defense:盾:+4 ; defense:バリア:+12 ; speed:俊敏:+5 ; speed:飛行:+2 ; special_attack:電撃:+4 ; special_attack:電気:+3 ; special_defense:バリア:+12 ; type:TYPE_ELECTRIC:電撃:profile:+2 ; type:TYPE_ELECTRIC:電気:profile:+2 ; type:TYPE_ELECTRIC:ライトニング:profile:+2 ; type:TYPE_ELECTRIC:ライトニング:move:+4 ; type:TYPE_FLYING:飛行:profile:+2 ; type:TYPE_STEEL:機械:profile:+2 ; type:TYPE_STEEL:機械化:profile:+2 ; type_choice:TYPE_ELECTRIC:10 ; growth:official_stage_plus_profile_power:medium_slow,109,136,181,140,140,163,869,TYPE_ELECTRIC,,resolved_profile_evidence,63,338,GROWTH_MEDIUM_SLOW,high,profile-derived-v1
507,digimon,tialudomon,ティアルドモン,https://digimon.net/reference/detail.php?directory_name=tialudomon,成熟期,防具型,データ,73fe3ca9ee7674586cd5f10113bd27e12d5f355539f9e463c6cbbaf1aa0fd98f,222,hp:頑丈:+3 ; attack:力:+2 ; attack:爪:+3 ; defense:盾:+12 ; defense:頑丈:+4 ; defense:守り:+3 ; speed:高速:+10 ; speed:走:+2 ; special_attack:魔法:+5 ; special_attack:氷:+3 ; special_defense:結界:+5 ; type:TYPE_ICE:氷:profile:+2 ; type:TYPE_ICE:凍:profile:+2 ; type_candidate:TYPE_ICE:4 ; type_placeholder:TYPE_NORMAL:low_evidence ; growth:official_stage_plus_profile_power:medium_fast,92,100,164,132,114,100,702,TYPE_NORMAL,,unresolved_low_type_evidence,108,275,GROWTH_MEDIUM_FAST,medium,profile-derived-v1
508,digimon,lavorvomon,ラヴォーボモン,https://digimon.net/reference/detail.php?directory_name=lavorvomon,成熟期,岩竜型,ウィルス,519be8e5485f54a0e77542b1994b6ab7521cc6c3658fb415bee304562aeb52fa,228,attack:力:+2 ; attack:叩:+2 ; speed:スピード:+4 ; speed:一瞬:+3 ; speed:飛行:+2 ; special_attack:火:+4 ; special_attack:爆発:+3 ; type:TYPE_FIRE:溶岩:profile:+2 ; type:TYPE_FIRE:フレイム:profile:+2 ; type:TYPE_FIRE:フレイム:move:+4 ; type:TYPE_GROUND:地面:profile:+2 ; type:TYPE_FLYING:飛行:profile:+2 ; type:TYPE_FLYING:翼:profile:+2 ; type:TYPE_ROCK:岩:profile:+2 ; type:TYPE_DRAGON:竜:official_type:+5 ; type:TYPE_ROCK:岩:official_type:+4 ; type_choice:TYPE_FIRE:8 ; type_choice:TYPE_ROCK:6 ; growth:official_stage_plus_profile_power:medium_fast,78,96,78,118,110,78,558,TYPE_FIRE,TYPE_ROCK,resolved_profile_evidence,144,217,GROWTH_MEDIUM_FAST,high,profile-derived-v1
509,digimon,bushiagumon,ブシアグモン,https://digimon.net/reference/detail.php?directory_name=bushiagumon,成長期,恐竜型,ワクチン,f225753f05027f2674c2af8d1c3fe8cc2da6284871f03a0f52c350e49ba91c72,131,power:超高:+3 ; attack:剣:+9 ; attack:斬:+9 ; speed:高速:+10 ; speed:超高速:+14 ; type:TYPE_FIGHTING:剣士:profile:+6 ; type:TYPE_DRAGON:竜:official_type:+5 ; type:TYPE_DRAGON:恐竜:official_type:+3 ; type_choice:TYPE_DRAGON:8 ; type_choice:TYPE_FIGHTING:6 ; growth:official_stage_plus_profile_power:medium_fast,63,144,63,171,63,63,567,TYPE_DRAGON,TYPE_FIGHTING,resolved_profile_evidence,127,251,GROWTH_MEDIUM_FAST,medium,profile-derived-v1
510,digimon,ludomon,ルドモン,https://digimon.net/reference/detail.php?directory_name=ludomon,成長期,防具型,データ,c211de427ff5fd0cf6442603d519f244d55b0934159a4cda342bed68dc3ef1eb,204,attack:力:+2 ; defense:防御:+10 ; defense:盾:+12 ; defense:守り:+3 ; type:TYPE_STEEL:鋼:profile:+2 ; type_candidate:TYPE_STEEL:2 ; type_placeholder:TYPE_NORMAL:low_evidence ; growth:official_stage_plus_profile_power:medium_fast,58,67,170,58,58,58,469,TYPE_NORMAL,,unresolved_low_type_evidence,151,218,GROWTH_MEDIUM_FAST,medium,profile-derived-v1
511,digimon,kakkinmon,カッキンモン,https://digimon.net/reference/detail.php?directory_name=kakkinmon,幼年期Ⅱ,防具型,,8e994db376a790887c7a29009e8c09132b8f746260d1167029df0f162e79c6d1,124,defense:盾:+12 ; type_placeholder:TYPE_NORMAL:no_specialized_affinity_evidence ; growth:official_stage_plus_profile_power:medium_fast,38,38,92,38,38,38,282,TYPE_NORMAL,,unresolved_no_specialized_type_evidence,203,134,GROWTH_MEDIUM_FAST,low,profile-derived-v1
512,digimon,cotsucomon,コツコモン,https://digimon.net/reference/detail.php?directory_name=cotsucomon,幼年期Ⅰ,防具型,,ad7cf4ae88a50b35cfa8ae9a3ca08f8ba405c822ba2631b3f1968556ddb5eca4,115,attack:力:+2 ; defense:防御:+5 ; type_placeholder:TYPE_NORMAL:no_specialized_affinity_evidence ; growth:official_stage_plus_profile_power:medium_fast,28,37,50,28,28,28,199,TYPE_NORMAL,,unresolved_no_specialized_type_evidence,227,94,GROWTH_MEDIUM_FAST,low,profile-derived-v1
513,digimon,andiramon_2,アンティラモン,https://digimon.net/reference/detail.php?directory_name=andiramon_2,完全体,聖獣型,ウィルス,2bc66349b0a42aed256089c314c5efb86c6af088ce25c1d33f2208efc155621a,201,power:強力:+3 ; hp:回復:+3 ; attack:力:+2 ; defense:硬質:+4 ; speed:瞬時:+4 ; special_attack:エネルギー:+3 ; special_defense:回復:+3 ; special_defense:聖:+2 ; type:TYPE_STEEL:鉄:profile:+2 ; type:TYPE_FAIRY:聖:profile:+2 ; type:TYPE_FAIRY:聖:official_type:+3 ; type:TYPE_NORMAL:獣型:official_type:+4 ; type:TYPE_FAIRY:聖獣:official_type:+4 ; type:TYPE_NORMAL:聖獣:official_type:+2 ; type_choice:TYPE_FAIRY:9 ; type_choice:TYPE_NORMAL:6 ; growth:official_stage_plus_profile_power:medium_slow,119,114,123,123,119,128,726,TYPE_FAIRY,TYPE_NORMAL,resolved_profile_evidence,105,273,GROWTH_MEDIUM_SLOW,high,profile-derived-v1
514,digimon,meicoomon,メイクーモン,https://digimon.net/reference/detail.php?directory_name=meicoomon,成熟期,不明,不明,a5b68d19feef88f49b2bbde84858bdee49c1870092206f01333a81d443ae4736,184,attack:爪:+6 ; attack:破壊:+4 ; special_attack:データ:+2 ; type_placeholder:TYPE_NORMAL:no_specialized_affinity_evidence ; growth:profile:slow,78,123,78,78,87,78,522,TYPE_NORMAL,,unresolved_no_specialized_type_evidence,150,210,GROWTH_SLOW,low,profile-derived-v1
515,digimon,whamon_2,ホエーモン（成熟期）,https://digimon.net/reference/detail.php?directory_name=whamon_2,成熟期,水棲型,ワクチン,5d47adce78d611e50c85e53a9ffb8344ec8b564a4640fc93b09cc0f932132574,156,power:超高:+3 ; hp:巨大:+2 ; type:TYPE_WATER:海:profile:+6 ; type:TYPE_WATER:深海:profile:+2 ; type:TYPE_WATER:水棲:profile:+2 ; type:TYPE_WATER:水棲:official_type:+5 ; type_choice:TYPE_WATER:15 ; growth:official_stage_plus_profile_power:medium_fast,92,83,83,83,83,83,507,TYPE_WATER,,resolved_profile_evidence,154,200,GROWTH_MEDIUM_FAST,medium,profile-derived-v1
516,digimon,gekomon,ゲコモン,https://digimon.net/reference/detail.php?directory_name=gekomon,成熟期,両生類型,ウィルス,cc28bb6e21333681bf4b24f045ddb3716bd665d99f3576461312f962e3f2197f,193,power:超高:+3 ; attack:破壊:+4 ; type_placeholder:TYPE_NORMAL:no_specialized_affinity_evidence ; growth:official_stage_plus_profile_power:medium_fast,83,101,83,83,83,83,516,TYPE_NORMAL,,unresolved_no_specialized_type_evidence,151,206,GROWTH_MEDIUM_FAST,low,profile-derived-v1
517,digimon,vorvomon,ヴォーボモン,https://digimon.net/reference/detail.php?directory_name=vorvomon,成長期,岩竜型,ウィルス,dc88b65d3de666bedc667adbc2aad5ec36be1a1cabb3463b715190a30a200200,115,attack:爪:+3 ; special_attack:炎:+3 ; special_attack:火:+2 ; special_attack:熱:+6 ; type:TYPE_FIRE:炎:profile:+2 ; type:TYPE_FIRE:火炎:profile:+2 ; type:TYPE_FIRE:フレイム:profile:+2 ; type:TYPE_FIRE:フレイム:move:+4 ; type:TYPE_FLYING:翼:profile:+2 ; type:TYPE_ROCK:石:profile:+2 ; type:TYPE_ROCK:鉱石:profile:+2 ; type:TYPE_DRAGON:竜:official_type:+5 ; type:TYPE_ROCK:岩:official_type:+4 ; type_choice:TYPE_FIRE:10 ; type_choice:TYPE_ROCK:8 ; growth:official_stage_plus_profile_power:medium_fast,58,72,58,58,108,58,412,TYPE_FIRE,TYPE_ROCK,resolved_profile_evidence,174,175,GROWTH_MEDIUM_FAST,high,profile-derived-v1
518,digimon,atlurballistamon,アトラーバリスタモン,https://digimon.net/reference/detail.php?directory_name=atlurballistamon,"完全体
(クロスウォーズ)",マシーン型,ワクチン,5da75915caf9afa182e6afd5f0c2db8ef42c89c2b6233d33ac4c5e680087ed0d,180,attack:拳:+3 ; attack:パンチ:+3 ; defense:装甲:+5 ; defense:防壁:+5 ; special_attack:電撃:+4 ; special_attack:電磁:+4 ; special_defense:防壁:+4 ; type:TYPE_ELECTRIC:電撃:profile:+2 ; type:TYPE_ELECTRIC:電磁:profile:+2 ; type:TYPE_FIGHTING:拳:profile:+2 ; type:TYPE_FIGHTING:パンチ:profile:+2 ; type:TYPE_STEEL:装甲:profile:+2 ; type:TYPE_STEEL:マシーン:official_type:+5 ; type_choice:TYPE_STEEL:7 ; growth:official_stage_plus_profile_power:medium_slow,100,127,145,100,136,118,726,TYPE_STEEL,,resolved_profile_evidence,107,273,GROWTH_MEDIUM_SLOW,high,profile-derived-v1
519,digimon,omegamon_alter-b,オメガモン Alter-B,https://digimon.net/reference/detail.php?directory_name=omegamon_alter-b,究極体,聖騎士型,ウィルス,e7cf5b19165950f4f0dcf4186b2ea219580d31363fe76bf064ce6b723472563e,98,attack:パワー:+4 ; speed:走:+2 ; type:TYPE_FAIRY:聖:official_type:+3 ; type_candidate:TYPE_FAIRY:3 ; type_placeholder:TYPE_NORMAL:low_evidence ; growth:profile:erratic,122,140,122,131,122,122,759,TYPE_NORMAL,,unresolved_low_type_evidence,102,279,GROWTH_ERRATIC,low,profile-derived-v1
520,digimon,blackmachgaogamon,ブラックマッハガオガモン,https://digimon.net/reference/detail.php?directory_name=blackmachgaogamon,完全体,サイボーグ型,データ,9c81df338d32549d80639b49fbd931ea84d5b8a8835bf31ede5994b37363e5c1,179,power:莫大:+4 ; power:超高:+3 ; attack:力:+6 ; attack:拳:+3 ; speed:高速:+10 ; speed:超高速:+7 ; special_attack:音波:+4 ; type:TYPE_FIGHTING:拳:profile:+2 ; type:TYPE_STEEL:サイボーグ:profile:+2 ; type:TYPE_STEEL:サイボーグ:official_type:+5 ; type_choice:TYPE_STEEL:7 ; growth:official_stage_plus_profile_power:medium_slow,113,153,113,189,131,113,812,TYPE_STEEL,,resolved_profile_evidence,69,332,GROWTH_MEDIUM_SLOW,high,profile-derived-v1
521,digimon,blackgaogamon,ブラックガオガモン,https://digimon.net/reference/detail.php?directory_name=blackgaogamon,成熟期,獣型,データ,be6ed098ce1c269dbd53a6282404d8cfe29120871b9c9d09ad455efa66943885,232,power:強力:+3 ; hp:頑丈:+3 ; attack:力:+2 ; attack:爪:+3 ; defense:頑丈:+4 ; speed:スピード:+8 ; type:TYPE_NORMAL:獣型:official_type:+4 ; type_candidate:TYPE_NORMAL:4 ; type_placeholder:TYPE_NORMAL:low_evidence ; growth:official_stage_plus_profile_power:medium_fast,97,106,101,119,83,83,589,TYPE_NORMAL,,unresolved_low_type_evidence,133,233,GROWTH_MEDIUM_FAST,medium,profile-derived-v1
522,digimon,falcomon-2006,ファルコモン（２００６アニメ版）,https://digimon.net/reference/detail.php?directory_name=falcomon-2006,成長期,鳥型,ワクチン,3f59052a81afc78208c1b0ee0b862febb5db71a8c82e892c0091cc3d5eccc5a0,207,power:強力:+3 ; attack:力:+4 ; attack:爪:+3 ; attack:剣:+9 ; defense:硬質:+4 ; type:TYPE_FLYING:翼:profile:+4 ; type:TYPE_FLYING:大空:profile:+2 ; type:TYPE_FLYING:羽:profile:+2 ; type:TYPE_FLYING:鳥:official_type:+5 ; type_choice:TYPE_FLYING:13 ; growth:official_stage_plus_profile_power:medium_fast,63,135,81,63,63,63,468,TYPE_FLYING,,resolved_profile_evidence,153,209,GROWTH_MEDIUM_FAST,medium,profile-derived-v1
523,digimon,kudamon-2006,クダモン（２００６アニメ版）,https://digimon.net/reference/detail.php?directory_name=kudamon-2006,成長期,聖獣型,ワクチン,53a4f107c26546bd84478421d90dd2151bdd2ce0bfbcb40964213b5a75f4979e,262,attack:力:+4 ; defense:防御:+5 ; special_attack:ビーム:+4 ; special_attack:光:+6 ; special_defense:聖:+6 ; type:TYPE_FAIRY:聖なる:profile:+6 ; type:TYPE_FAIRY:聖:profile:+6 ; type:TYPE_FAIRY:聖:official_type:+3 ; type:TYPE_NORMAL:獣型:official_type:+4 ; type:TYPE_FAIRY:聖獣:official_type:+4 ; type:TYPE_NORMAL:聖獣:official_type:+2 ; type_choice:TYPE_FAIRY:19 ; growth:official_stage_plus_profile_power:medium_fast,58,76,80,58,103,85,460,TYPE_FAIRY,,resolved_profile_evidence,166,185,GROWTH_MEDIUM_FAST,high,profile-derived-v1
524,digimon,neo,ネオ,https://digimon.net/reference/detail.php?directory_name=neo,不明,不明,不明,e8c6a7a0ec707691e57487ae0769950681c960beed5702f4848176f758deeb3e,417,power:最強:+8 ; power:究極:+5 ; hp:生命:+2 ; attack:力:+6 ; attack:破壊:+4 ; special_defense:聖:+2 ; type:TYPE_GRASS:草:profile:+2 ; type:TYPE_DRAGON:竜:profile:+2 ; type:TYPE_DARK:暗黒:profile:+2 ; type:TYPE_STEEL:機械:profile:+2 ; type:TYPE_FAIRY:聖:profile:+2 ; type_candidate:TYPE_DARK:2 ; type_placeholder:TYPE_NORMAL:low_evidence ; growth:official_stage_plus_profile_power:slow,106,142,97,97,97,106,645,TYPE_NORMAL,,unresolved_low_type_evidence,100,283,GROWTH_SLOW,medium,profile-derived-v1
525,digimon,yakiimon,ヤキイモン,https://digimon.net/reference/detail.php?directory_name=yakiimon,"成熟期
(クロスウォーズ)",植物型,ワクチン,c5f0171ff508a12f157cd220ccf2eb9b4934df25951e3da4f50a784b32265cb1,228,attack:力:+6 ; attack:拳:+6 ; attack:パンチ:+3 ; special_attack:熱:+6 ; type:TYPE_GRASS:植物:profile:+2 ; type:TYPE_FIGHTING:拳:profile:+4 ; type:TYPE_FIGHTING:パンチ:profile:+2 ; type:TYPE_GRASS:植物:official_type:+5 ; type_choice:TYPE_GRASS:7 ; type_choice:TYPE_FIGHTING:6 ; growth:official_stage_plus_profile_power:medium_fast,78,146,78,78,105,78,563,TYPE_GRASS,TYPE_FIGHTING,resolved_profile_evidence,138,231,GROWTH_MEDIUM_FAST,medium,profile-derived-v1
526,digimon,monimon,モニモン,https://digimon.net/reference/detail.php?directory_name=monimon,"幼年期Ⅱ
(クロスウォーズ)",ブラウン型,,be1dae23c604a41740cb28a85ddff78d86b91eb5831ea540ae1b55472a8e5dcf,229,speed:瞬時:+4 ; type:TYPE_GRASS:草:profile:+2 ; type:TYPE_ROCK:岩:profile:+2 ; type:TYPE_STEEL:鉄:profile:+2 ; type_candidate:TYPE_GRASS:2 ; type_placeholder:TYPE_NORMAL:low_evidence ; growth:official_stage_plus_profile_power:medium_fast,38,38,38,56,38,38,246,TYPE_NORMAL,,unresolved_low_type_evidence,217,109,GROWTH_MEDIUM_FAST,medium,profile-derived-v1
527,digimon,monitamon,モニタモン,https://digimon.net/reference/detail.php?directory_name=monitamon,"成長期
(クロスウォーズ)",ブラウン型,データ,194e1058c354fbf27cc3e0fdfdc3d151ffe7037b2d92b411ade30bf625644d58,269,attack:力:+6 ; special_attack:火:+6 ; special_attack:光:+3 ; type:TYPE_DRAGON:竜:profile:+2 ; type:TYPE_DRAGON:竜:move:+4 ; type:TYPE_STEEL:鉄:profile:+2 ; type_choice:TYPE_DRAGON:6 ; growth:official_stage_plus_profile_power:medium_fast,58,85,58,58,98,58,415,TYPE_DRAGON,,resolved_profile_evidence,176,171,GROWTH_MEDIUM_FAST,medium,profile-derived-v1
528,digimon,mervamon,メルヴァモン,https://digimon.net/reference/detail.php?directory_name=mervamon,"究極体
(クロスウォーズ)",神人型,ウィルス,afe10a866fc6580565fb0de0774384ebb73550c0476e3c2ad46f5af4e198cdb4,442,power:神:+6 ; attack:パワー:+4 ; attack:剣:+3 ; attack:斬:+6 ; speed:瞬時:+4 ; special_attack:毒:+3 ; type:TYPE_POISON:毒:profile:+2 ; type:TYPE_POISON:ポイズン:profile:+2 ; type:TYPE_POISON:ポイズン:move:+4 ; type:TYPE_DRAGON:竜:profile:+2 ; type:TYPE_FAIRY:神人:official_type:+3 ; type:TYPE_FIGHTING:神人:official_type:+2 ; type_choice:TYPE_POISON:8 ; growth:official_stage_plus_profile_power:slow,133,191,133,151,146,133,887,TYPE_POISON,,resolved_profile_evidence,56,350,GROWTH_SLOW,high,profile-derived-v1
529,digimon,metalgreymon_cyberlauncher,メタルグレイモン＋サイバーランチャー,https://digimon.net/reference/detail.php?directory_name=metalgreymon_cyberlauncher,"完全体
(クロスウォーズ)",強化型,ウィルス,1a37e416ce2784e9407c95b7df5ad4f2cb7823da55bd951b095950519d49d7b1,146,attack:力:+6 ; special_attack:エネルギー:+3 ; special_attack:火:+4 ; type_placeholder:TYPE_NORMAL:no_specialized_affinity_evidence ; growth:official_stage_plus_profile_power:medium_slow,100,127,100,100,132,100,659,TYPE_NORMAL,,unresolved_no_specialized_type_evidence,122,250,GROWTH_MEDIUM_SLOW,low,profile-derived-v1
530,digimon,metalgreymon,メタルグレイモン（2010アニメ版）,https://digimon.net/reference/detail.php?directory_name=metalgreymon,"完全体
(クロスウォーズ)",サイボーグ型,ウィルス,1afde98cbb209c0c7fd67848de1fe3ace0776eedab9f2e4edfd63b7b103bf34a,222,power:超高:+6 ; attack:パワー:+8 ; attack:力:+4 ; attack:爪:+3 ; defense:装甲:+5 ; special_attack:エネルギー:+3 ; special_attack:ビーム:+4 ; special_attack:レーザー:+4 ; special_attack:熱:+2 ; type:TYPE_STEEL:装甲:profile:+2 ; type:TYPE_STEEL:サイボーグ:official_type:+5 ; type_choice:TYPE_STEEL:7 ; growth:official_stage_plus_profile_power:medium_slow,111,178,133,111,169,111,813,TYPE_STEEL,,resolved_profile_evidence,73,325,GROWTH_MEDIUM_SLOW,high,profile-derived-v1
531,digimon,mailbirdramon,メイルバードラモン,https://digimon.net/reference/detail.php?directory_name=mailbirdramon,"成熟期
(クロスウォーズ)",マシーン型,データ,2843bafa488aadae8aaa7216011c4b3cea5dea97d469872e7e99fc335926d336,251,power:超高:+3 ; attack:力:+6 ; attack:格闘:+4 ; speed:素早:+5 ; speed:飛行:+2 ; special_attack:エネルギー:+3 ; special_attack:光:+3 ; type:TYPE_FIGHTING:格闘:profile:+2 ; type:TYPE_FLYING:飛行:profile:+2 ; type:TYPE_STEEL:マシーン:official_type:+5 ; type_choice:TYPE_STEEL:5 ; growth:official_stage_plus_profile_power:medium_fast,83,128,83,115,110,83,602,TYPE_STEEL,,resolved_profile_evidence,129,241,GROWTH_MEDIUM_FAST,high,profile-derived-v1
532,digimon,musoknightmon,ムソーナイトモン,https://digimon.net/reference/detail.php?directory_name=musoknightmon,"完全体
(クロスウォーズ)",強化型,ウィルス,f1a0e505a371042b0fe9a50423589a501122f4a56ce05ca9654a97267f9128be,363,power:圧倒:+5 ; attack:パワー:+4 ; attack:力:+6 ; attack:破壊:+4 ; defense:防御:+5 ; special_attack:エネルギー:+3 ; special_attack:衝撃波:+3 ; special_attack:呪:+8 ; special_attack:雷:+9 ; type:TYPE_ELECTRIC:雷:profile:+4 ; type:TYPE_ELECTRIC:雷:move:+4 ; type:TYPE_DARK:暗黒:profile:+2 ; type:TYPE_DARK:ダーク:profile:+6 ; type_choice:TYPE_DARK:8 ; type_choice:TYPE_ELECTRIC:8 ; growth:official_stage_plus_profile_power:medium_slow,109,172,132,109,212,109,843,TYPE_DARK,TYPE_ELECTRIC,resolved_profile_evidence,62,346,GROWTH_MEDIUM_SLOW,high,profile-derived-v1
533,digimon,madleomon:armedmode,マッドレオモン：アームドモード,https://digimon.net/reference/detail.php?directory_name=madleomon:armedmode,"成熟期
(クロスウォーズ)",アンデッド型,ウィルス,2098ec05aa093f143df27d385755e3cb9a7bece5cf3fe376f8bea4ac5904309a,386,attack:破壊:+4 ; speed:走:+4 ; type:TYPE_GROUND:大地:profile:+4 ; type:TYPE_GHOST:アンデッド:official_type:+5 ; type:TYPE_DARK:アンデッド:official_type:+3 ; type_choice:TYPE_GHOST:5 ; growth:profile:erratic,78,96,78,96,78,78,504,TYPE_GHOST,,resolved_profile_evidence,159,193,GROWTH_ERRATIC,medium,profile-derived-v1
534,digimon,madleomon,マッドレオモン,https://digimon.net/reference/detail.php?directory_name=madleomon,"成熟期
(クロスウォーズ)",アンデッド型,ウィルス,d7aa82df0f966f0be933233c7cfae9297d0af3eb7685f18a234442af87976e96,305,power:王:+2 ; attack:パワー:+4 ; attack:拳:+6 ; attack:爪:+6 ; special_attack:毒:+6 ; type:TYPE_FIGHTING:拳:profile:+2 ; type:TYPE_FIGHTING:拳:move:+4 ; type:TYPE_FIGHTING:戦士:profile:+2 ; type:TYPE_POISON:毒:profile:+2 ; type:TYPE_POISON:毒:move:+4 ; type:TYPE_POISON:猛毒:profile:+2 ; type:TYPE_GHOST:アンデッド:official_type:+5 ; type:TYPE_DARK:アンデッド:official_type:+3 ; type_choice:TYPE_FIGHTING:8 ; type_choice:TYPE_POISON:8 ; growth:official_stage_plus_profile_power:medium_fast,82,154,82,82,109,82,591,TYPE_FIGHTING,TYPE_POISON,resolved_profile_evidence,127,247,GROWTH_MEDIUM_FAST,high,profile-derived-v1
535,digimon,bombmon-xwars,ボムモン（2010アニメ版）,https://digimon.net/reference/detail.php?directory_name=bombmon-xwars,"幼年期Ⅰ
(クロスウォーズ)",スライム型,,1fd22d061e57acddfc914f85d33a331f0621230573c229255ac477a4e376db03,203,attack:力:+2 ; special_attack:爆発:+3 ; type_placeholder:TYPE_NORMAL:no_specialized_affinity_evidence ; growth:official_stage_plus_profile_power:medium_fast,28,37,28,28,42,28,191,TYPE_NORMAL,,unresolved_no_specialized_type_evidence,230,88,GROWTH_MEDIUM_FAST,low,profile-derived-v1
536,digimon,beelzebumon-xwars,ベルゼブモン（2010アニメ版）,https://digimon.net/reference/detail.php?directory_name=beelzebumon-xwars,"究極体
(クロスウォーズ)",魔王型,ウィルス,745ad1d19153e615db702e6d7f5e99de0c917de858e2df448cac8f065f5c8cde,343,power:絶大:+5 ; power:神:+3 ; hp:巨大:+2 ; attack:力:+4 ; attack:破壊:+4 ; type:TYPE_FIGHTING:戦士:profile:+2 ; type:TYPE_DARK:ダーク:profile:+2 ; type:TYPE_DARK:ダーク:move:+4 ; type:TYPE_DARK:魔王:official_type:+6 ; type_choice:TYPE_DARK:12 ; growth:official_stage_plus_profile_power:slow,145,172,136,136,136,136,861,TYPE_DARK,,resolved_profile_evidence,61,340,GROWTH_SLOW,medium,profile-derived-v1
537,digimon,blastmon,ブラストモン,https://digimon.net/reference/detail.php?directory_name=blastmon,"究極体
(クロスウォーズ)",鉱物型,ワクチン,a63a8249978a0946bd93ccf4c1eec190263d51213713e3d6218b2d56ac32eff0,328,power:超高:+3 ; hp:再生:+4 ; attack:パワー:+4 ; attack:力:+4 ; attack:パンチ:+3 ; attack:破壊:+4 ; defense:鎧:+4 ; defense:硬い:+4 ; defense:硬質:+4 ; special_attack:レーザー:+4 ; special_attack:光:+6 ; special_attack:熱:+2 ; special_defense:再生:+3 ; type:TYPE_FIGHTING:パンチ:profile:+2 ; type:TYPE_ROCK:鉱物:profile:+2 ; type:TYPE_ROCK:クリスタル:profile:+6 ; type:TYPE_ROCK:クリスタル:move:+4 ; type:TYPE_ROCK:鉱物:official_type:+4 ; type_choice:TYPE_ROCK:16 ; growth:official_stage_plus_profile_power:slow,145,195,181,127,181,141,970,TYPE_ROCK,,resolved_profile_evidence,45,366,GROWTH_SLOW,high,profile-derived-v1
538,digimon,footmon,フットモン,https://digimon.net/reference/detail.php?directory_name=footmon,"完全体
(クロスウォーズ)",サイボーグ型,ワクチン,7ee4bc7ff336f97bbae5f27323b2e9e086ce70078b0e75545b9bea28754da7ee,200,special_attack:光:+6 ; type:TYPE_ELECTRIC:ライトニング:profile:+4 ; type:TYPE_ELECTRIC:ライトニング:move:+8 ; type:TYPE_GROUND:地面:profile:+2 ; type:TYPE_STEEL:サイボーグ:official_type:+5 ; type_choice:TYPE_ELECTRIC:12 ; growth:official_stage_plus_profile_power:medium_slow,100,100,100,100,127,100,627,TYPE_ELECTRIC,,resolved_profile_evidence,129,239,GROWTH_MEDIUM_SLOW,medium,profile-derived-v1
539,digimon,pillomon,ピロモン,https://digimon.net/reference/detail.php?directory_name=pillomon,"成長期
(クロスウォーズ)",哺乳類型,ワクチン,4946b5283953640fa56f63e4629c3d9496320b26325e21f3a86dd16b1ab7ca78,216,power:神:+3 ; special_defense:精神:+4 ; type:TYPE_PSYCHIC:精神:profile:+2 ; type:TYPE_PSYCHIC:幻覚:profile:+2 ; type_candidate:TYPE_PSYCHIC:4 ; type_placeholder:TYPE_NORMAL:low_evidence ; growth:official_stage_plus_profile_power:medium_fast,63,63,63,63,63,81,396,TYPE_NORMAL,,unresolved_low_type_evidence,178,166,GROWTH_MEDIUM_FAST,medium,profile-derived-v1
540,digimon,pickmon,ピックモン,https://digimon.net/reference/detail.php?directory_name=pickmon,"幼年期Ⅱ
(クロスウォーズ)",マイナー型,,1a1772b872d90666aee61b8d7a1a255c94a2c7aaa58fba97f2533d056fd20204,211,stats:balanced:no_specialization_signal_in_official_text ; type_placeholder:TYPE_NORMAL:no_specialized_affinity_evidence ; growth:official_stage_plus_profile_power:medium_fast,38,38,38,38,38,38,228,TYPE_NORMAL,,unresolved_no_specialized_type_evidence,224,96,GROWTH_MEDIUM_FAST,low,profile-derived-v1
541,digimon,baristamon,バリスタモン,https://digimon.net/reference/detail.php?directory_name=baristamon,"成熟期
(クロスウォーズ)",マシーン型,ワクチン,af396a84990bbc7da1b7b473806cc409a053143fe0e1e6d464953602d2c606b0,421,power:圧倒:+5 ; power:強力:+3 ; attack:パワー:+12 ; attack:力:+6 ; attack:粉砕:+5 ; defense:装甲:+15 ; speed:俊敏:+5 ; type:TYPE_FIGHTING:闘士:profile:+2 ; type:TYPE_ROCK:岩:profile:+2 ; type:TYPE_STEEL:装甲:profile:+6 ; type:TYPE_STEEL:マシーン:official_type:+5 ; type_choice:TYPE_STEEL:11 ; growth:official_stage_plus_profile_power:medium_fast,92,196,160,115,92,92,747,TYPE_STEEL,,resolved_profile_evidence,78,321,GROWTH_MEDIUM_FAST,high,profile-derived-v1
542,digimon,bacomon,バコモン,https://digimon.net/reference/detail.php?directory_name=bacomon,"成長期
(クロスウォーズ)",突然変異型,データ,e493fa1d0420ee357c18a3b560750164cbae50889ae939710340ce24bd66aa48,244,stats:balanced:no_specialization_signal_in_official_text ; type:TYPE_NORMAL:突然変異:official_type:+3 ; type_candidate:TYPE_NORMAL:3 ; type_placeholder:TYPE_NORMAL:low_evidence ; growth:official_stage_plus_profile_power:medium_fast,58,58,58,58,58,58,348,TYPE_NORMAL,,unresolved_low_type_evidence,197,136,GROWTH_MEDIUM_FAST,low,profile-derived-v1
543,digimon,bagramon,バグラモン,https://digimon.net/reference/detail.php?directory_name=bagramon,"究極体
(クロスウォーズ)",魔王型,ウィルス,162756ec96be32ec7ace66af5ce65261f8799c5c9cd2f6e67e5dc8a44f377b4f,480,power:神:+9 ; attack:力:+4 ; speed:瞬時:+4 ; special_defense:霊:+6 ; type:TYPE_GHOST:霊:profile:+4 ; type:TYPE_GHOST:魂:profile:+4 ; type:TYPE_FAIRY:天使:profile:+2 ; type:TYPE_DARK:魔王:official_type:+6 ; type_choice:TYPE_GHOST:8 ; type_choice:TYPE_DARK:6 ; growth:official_stage_plus_profile_power:slow,138,156,138,156,138,165,891,TYPE_GHOST,TYPE_DARK,resolved_profile_evidence,55,347,GROWTH_SLOW,medium,profile-derived-v1
544,digimon,hi-visionmonitamon,ハイビジョンモニタモン,https://digimon.net/reference/detail.php?directory_name=hi-visionmonitamon,"成熟期
(クロスウォーズ)",液晶薄型,データ,93e0cfd20c6a8ce74f53b00d75283e782f8d2e5b6d3a20c529c869a19103f144,518,hp:回復:+3 ; attack:力:+6 ; special_attack:火:+4 ; special_attack:雷:+6 ; special_attack:光:+9 ; special_attack:電磁:+12 ; special_attack:熱:+2 ; special_defense:回復:+3 ; type:TYPE_ELECTRIC:雷:profile:+2 ; type:TYPE_ELECTRIC:雷:move:+4 ; type:TYPE_ELECTRIC:電磁:profile:+6 ; type:TYPE_DRAGON:竜:profile:+2 ; type:TYPE_DRAGON:竜:move:+4 ; type_choice:TYPE_ELECTRIC:12 ; growth:official_stage_plus_profile_power:medium_fast,92,105,78,78,226,92,671,TYPE_ELECTRIC,,resolved_profile_evidence,101,295,GROWTH_MEDIUM_FAST,high,profile-derived-v1
545,digimon,baalmon,バアルモン,https://digimon.net/reference/detail.php?directory_name=baalmon,"完全体
(クロスウォーズ)",魔人型,フリー,0069dcfa23e476d60ab0d75cbc115cf64ff268f67169125dee91081c411a3d91,344,power:神:+3 ; power:王:+4 ; defense:防ぐ:+3 ; special_attack:雷:+3 ; type:TYPE_ELECTRIC:雷:profile:+2 ; type:TYPE_GHOST:魂:profile:+4 ; type:TYPE_DARK:魔王:profile:+2 ; type_candidate:TYPE_GHOST:4 ; type_placeholder:TYPE_NORMAL:low_evidence ; growth:official_stage_plus_profile_power:medium_slow,113,113,126,113,126,113,704,TYPE_NORMAL,,unresolved_low_type_evidence,102,276,GROWTH_MEDIUM_SLOW,medium,profile-derived-v1
546,digimon,neovamdemon,ネオヴァンデモン,https://digimon.net/reference/detail.php?directory_name=neovamdemon,"究極体
(クロスウォーズ)",アンデッド型,ウィルス,99c4c10f708d9f9134bb9d7a180d9ea8d2b30d3d50b6b59438a1161afd7248e8,425,attack:力:+2 ; attack:爪:+3 ; special_attack:エネルギー:+3 ; special_attack:光:+9 ; special_attack:闇:+9 ; type:TYPE_DARK:闇:profile:+6 ; type:TYPE_NORMAL:生活:profile:+2 ; type:TYPE_GHOST:アンデッド:official_type:+5 ; type:TYPE_DARK:アンデッド:official_type:+3 ; type_choice:TYPE_DARK:9 ; growth:official_stage_plus_profile_power:slow,122,144,122,122,216,122,848,TYPE_DARK,,resolved_profile_evidence,69,336,GROWTH_SLOW,medium,profile-derived-v1
547,digimon,dondokomon,ドンドコモン,https://digimon.net/reference/detail.php?directory_name=dondokomon,"成長期
(クロスウォーズ)",楽器型,ワクチン,e3b1348a4f5eb942b8dc967247eaf32f36fec376c901db3c029561eb60fe66b9,271,power:神:+3 ; special_attack:波動:+4 ; special_attack:衝撃波:+3 ; special_attack:熱:+2 ; type_placeholder:TYPE_NORMAL:no_specialized_affinity_evidence ; growth:official_stage_plus_profile_power:medium_fast,63,63,63,63,104,63,419,TYPE_NORMAL,,unresolved_no_specialized_type_evidence,168,183,GROWTH_MEDIUM_FAST,medium,profile-derived-v1
548,digimon,donshoutmon,ドンシャウトモン,https://digimon.net/reference/detail.php?directory_name=donshoutmon,"成熟期
(クロスウォーズ)",強化型,データ,60667e9eea4d808e18e5cdac65d367a982fd4b2bd07bf176fa56b69ae1b98a32,435,attack:叩:+6 ; special_attack:熱:+2 ; type:TYPE_GHOST:魂:profile:+6 ; type:TYPE_GHOST:魂:move:+4 ; type_choice:TYPE_GHOST:10 ; growth:official_stage_plus_profile_power:medium_fast,78,105,78,78,87,78,504,TYPE_GHOST,,resolved_profile_evidence,157,197,GROWTH_MEDIUM_FAST,medium,profile-derived-v1
549,digimon,dorulumon,ドルルモン,https://digimon.net/reference/detail.php?directory_name=dorulumon,"成熟期
(クロスウォーズ)",獣型,ウィルス,f75f4027c1f19fb5d3719c4f7cdc6d6877e1e98bb5342ee0b984ee5d33a531db,349,hp:巨大:+2 ; attack:力:+2 ; attack:粉砕:+5 ; defense:硬質:+4 ; speed:高速:+10 ; speed:走:+2 ; type:TYPE_FIGHTING:戦士:profile:+2 ; type:TYPE_ROCK:岩:profile:+2 ; type:TYPE_DRAGON:竜:profile:+2 ; type:TYPE_NORMAL:獣型:official_type:+4 ; type_candidate:TYPE_NORMAL:4 ; type_placeholder:TYPE_NORMAL:low_evidence ; growth:official_stage_plus_profile_power:medium_fast,87,110,96,132,78,78,581,TYPE_NORMAL,,unresolved_low_type_evidence,137,229,GROWTH_MEDIUM_FAST,medium,profile-derived-v1
550,digimon,dorbickmon,ドルビックモン,https://digimon.net/reference/detail.php?directory_name=dorbickmon,"究極体
(クロスウォーズ)",竜人型,ウィルス,a01ca81c8dffa52a466fd9911e6d5deb7740036e2c4ccde0af130949f6d5d649,327,power:圧倒:+5 ; power:強大:+4 ; power:超高:+3 ; attack:パワー:+4 ; attack:力:+6 ; attack:剣:+3 ; speed:スピード:+4 ; speed:一瞬:+3 ; special_attack:炎:+6 ; special_attack:火:+2 ; special_attack:熱:+2 ; type:TYPE_FIRE:炎:profile:+4 ; type:TYPE_DRAGON:龍:profile:+2 ; type:TYPE_DRAGON:ドラゴン:profile:+6 ; type:TYPE_DRAGON:ドラゴン:move:+8 ; type:TYPE_DRAGON:竜:official_type:+5 ; type_choice:TYPE_DRAGON:21 ; growth:profile:fluctuating,144,202,144,175,189,144,998,TYPE_DRAGON,,resolved_profile_evidence,22,399,GROWTH_FLUCTUATING,high,profile-derived-v1
551,digimon,troopmon,トループモン,https://digimon.net/reference/detail.php?directory_name=troopmon,"成熟期
(クロスウォーズ)",アンデッド型,データ,f30e4e3bd47c4a258b24fbac476163a2b90e0093c06d37cbc5f6dd024ffbfaa6,265,hp:再生:+4 ; attack:力:+4 ; special_attack:エネルギー:+6 ; special_defense:再生:+3 ; type:TYPE_WATER:海:profile:+2 ; type:TYPE_STEEL:機械:profile:+4 ; type:TYPE_GHOST:アンデッド:official_type:+5 ; type:TYPE_DARK:アンデッド:official_type:+3 ; type_choice:TYPE_GHOST:5 ; growth:official_stage_plus_profile_power:medium_fast,96,96,78,78,105,92,545,TYPE_GHOST,,resolved_profile_evidence,150,208,GROWTH_MEDIUM_FAST,medium,profile-derived-v1
552,digimon,deadlyaxemon,デッドリーアックスモン,https://digimon.net/reference/detail.php?directory_name=deadlyaxemon,"成熟期
(クロスウォーズ)",魔獣型,ウィルス,f1479119c1c45213c7174f0ae2ce3f58efa76697765b8695ba4de6412fb7c8fe,341,power:強力:+6 ; hp:体力:+4 ; hp:頑丈:+3 ; attack:力:+6 ; attack:斬:+3 ; attack:粉砕:+5 ; defense:頑丈:+4 ; speed:素早:+10 ; speed:スピード:+4 ; speed:走:+6 ; special_attack:火:+2 ; special_attack:光:+6 ; type:TYPE_WATER:アクア:profile:+4 ; type:TYPE_WATER:アクア:move:+8 ; type:TYPE_FIGHTING:闘士:profile:+2 ; type:TYPE_ROCK:石:profile:+2 ; type:TYPE_NORMAL:獣型:official_type:+4 ; type:TYPE_DARK:魔獣:official_type:+4 ; type:TYPE_NORMAL:魔獣:official_type:+2 ; type_choice:TYPE_WATER:12 ; growth:official_stage_plus_profile_power:medium_fast,120,152,107,179,125,89,772,TYPE_WATER,,resolved_profile_evidence,80,315,GROWTH_MEDIUM_FAST,high,profile-derived-v1
553,digimon,deckerdramon,デッカードラモン,https://digimon.net/reference/detail.php?directory_name=deckerdramon,"成熟期
(クロスウォーズ)",サイボーグ型,ウィルス,c12e8bbc1821d7b5900cb99863618a86b703594acc37b6b5118abd4f455fdff9,284,attack:力:+2 ; attack:牙:+3 ; attack:粉砕:+5 ; speed:飛行:+6 ; type:TYPE_FLYING:飛行:profile:+6 ; type:TYPE_STEEL:サイボーグ:official_type:+5 ; type_choice:TYPE_FLYING:6 ; type_choice:TYPE_STEEL:5 ; growth:official_stage_plus_profile_power:medium_fast,78,123,78,105,78,78,540,TYPE_FLYING,TYPE_STEEL,resolved_profile_evidence,147,215,GROWTH_MEDIUM_FAST,medium,profile-derived-v1
554,digimon,deckergreymon,デッカーグレイモン,https://digimon.net/reference/detail.php?directory_name=deckergreymon,"完全体
(クロスウォーズ)",強化型,ウィルス,d80c5ac4c05abf63010903e8c283614399cd70bd96b20b710309669b9b2d6ab7,389,power:凄まじ:+3 ; attack:パワー:+4 ; attack:力:+6 ; attack:突進:+3 ; defense:防御:+10 ; speed:走:+2 ; special_attack:エネルギー:+6 ; special_attack:衝撃波:+3 ; special_attack:火:+2 ; type:TYPE_GROUND:土:profile:+2 ; type_candidate:TYPE_GROUND:2 ; type_placeholder:TYPE_NORMAL:low_evidence ; growth:official_stage_plus_profile_power:medium_slow,105,164,150,114,155,105,793,TYPE_NORMAL,,unresolved_low_type_evidence,85,306,GROWTH_MEDIUM_SLOW,medium,profile-derived-v1
555,digimon,tuwarmon,ツワーモン,https://digimon.net/reference/detail.php?directory_name=tuwarmon,"成熟期
(クロスウォーズ)",突然変異型,ウィルス,8f116c2f566ed3ae5886ff01a857491b6c5ee861dd017064d5aaeec284e8d475,400,attack:力:+4 ; defense:装甲:+5 ; speed:機動:+4 ; special_attack:電磁:+4 ; type:TYPE_ELECTRIC:電磁:profile:+2 ; type:TYPE_STEEL:装甲:profile:+2 ; type:TYPE_NORMAL:突然変異:official_type:+3 ; type_candidate:TYPE_NORMAL:3 ; type_placeholder:TYPE_NORMAL:low_evidence ; growth:official_stage_plus_profile_power:medium_fast,78,96,100,96,96,78,544,TYPE_NORMAL,,unresolved_low_type_evidence,151,206,GROWTH_MEDIUM_FAST,medium,profile-derived-v1
556,digimon,tyutyumon,チューチューモン,https://digimon.net/reference/detail.php?directory_name=tyutyumon,"成長期
(クロスウォーズ)",獣型,ウィルス,4ab4760d1e89e929ea68acbb34a886d97c32f0281c784a4204ea5f98c47137b7,277,stats:balanced:no_specialization_signal_in_official_text ; type:TYPE_GRASS:葉:profile:+2 ; type:TYPE_PSYCHIC:催眠:profile:+2 ; type:TYPE_NORMAL:獣型:official_type:+4 ; type_candidate:TYPE_NORMAL:4 ; type_placeholder:TYPE_NORMAL:low_evidence ; growth:official_stage_plus_profile_power:medium_fast,58,58,58,58,58,58,348,TYPE_NORMAL,,unresolved_low_type_evidence,197,136,GROWTH_MEDIUM_FAST,medium,profile-derived-v1
557,digimon,chibickmon,チビックモン,https://digimon.net/reference/detail.php?directory_name=chibickmon,"幼年期Ⅰ
(クロスウォーズ)",スライム型,,c9ab130aabca54608f3c67c4851e22180285179d18aced044df64e90988b92fe,232,stats:balanced:no_specialization_signal_in_official_text ; type_placeholder:TYPE_NORMAL:no_specialized_affinity_evidence ; growth:official_stage_plus_profile_power:medium_fast,28,28,28,28,28,28,168,TYPE_NORMAL,,unresolved_no_specialized_type_evidence,237,76,GROWTH_MEDIUM_FAST,low,profile-derived-v1
558,digimon,chikurimon,チクリモン,https://digimon.net/reference/detail.php?directory_name=chikurimon,"成長期
(クロスウォーズ)",機雷型,ウィルス,97ecf1ae529f166fa6cac0c852401715aa3e8a333fcbedc199de16f247b6cccc,229,special_attack:爆発:+3 ; type:TYPE_WATER:水中:profile:+2 ; type:TYPE_ROCK:岩:profile:+4 ; type_candidate:TYPE_ROCK:4 ; type_placeholder:TYPE_NORMAL:low_evidence ; growth:official_stage_plus_profile_power:medium_fast,58,58,58,58,72,58,362,TYPE_NORMAL,,unresolved_low_type_evidence,191,146,GROWTH_MEDIUM_FAST,low,profile-derived-v1
559,digimon,damemon,ダメモン,https://digimon.net/reference/detail.php?directory_name=damemon,"成熟期
(クロスウォーズ)",突然変異型,ウィルス,4627a7cbe3ed2473b17118f97791c8e362e5a244042b859891028317a1c070ad,512,power:神:+3 ; attack:拳:+6 ; special_attack:念:+4 ; special_attack:データ:+2 ; special_defense:精神:+4 ; type:TYPE_FIGHTING:拳:profile:+2 ; type:TYPE_FIGHTING:拳:move:+4 ; type:TYPE_PSYCHIC:精神:profile:+2 ; type:TYPE_PSYCHIC:念:profile:+2 ; type:TYPE_NORMAL:突然変異:official_type:+3 ; type_choice:TYPE_FIGHTING:6 ; growth:official_stage_plus_profile_power:medium_fast,83,110,83,83,110,101,570,TYPE_FIGHTING,,resolved_profile_evidence,138,224,GROWTH_MEDIUM_FAST,high,profile-derived-v1
560,digimon,tactimon,タクティモン,https://digimon.net/reference/detail.php?directory_name=tactimon,"究極体
(クロスウォーズ)",魔人型,データ,12ff74bb662fba05cbfc9c71f9ef093bab4d4d07cdf580247947d8361047c265,408,power:神:+9 ; attack:腕力:+5 ; attack:力:+6 ; attack:剣:+9 ; attack:刀:+9 ; attack:破壊:+4 ; special_attack:衝撃波:+3 ; type:TYPE_GROUND:大地:profile:+2 ; type:TYPE_GROUND:地面:profile:+2 ; type:TYPE_GROUND:地震:profile:+2 ; type:TYPE_STEEL:鉄:profile:+6 ; type_choice:TYPE_GROUND:6 ; type_choice:TYPE_STEEL:6 ; growth:official_stage_plus_profile_power:slow,138,255,138,138,152,138,959,TYPE_GROUND,TYPE_STEEL,resolved_profile_evidence,24,405,GROWTH_SLOW,high,profile-derived-v1
561,digimon,darknessbagramon,ダークネスバグラモン,https://digimon.net/reference/detail.php?directory_name=darknessbagramon,"究極体
(クロスウォーズ)",合成型,ウィルス,34ed086bd768f05beb79b151dac816072fbeec23fbc2df02840c457f379b6ad4,483,power:王:+2 ; power:皇帝:+3 ; attack:力:+6 ; attack:破壊:+4 ; speed:一瞬:+3 ; special_attack:闇:+3 ; special_attack:データ:+2 ; type:TYPE_FLYING:羽:profile:+2 ; type:TYPE_GHOST:魂:profile:+2 ; type:TYPE_DARK:闇:profile:+2 ; type:TYPE_DARK:暗黒:profile:+2 ; type:TYPE_DARK:魔王:profile:+2 ; type:TYPE_DARK:ダーク:profile:+6 ; type:TYPE_DARK:ダーク:move:+4 ; type_choice:TYPE_DARK:16 ; growth:official_stage_plus_profile_power:slow,131,176,131,144,154,131,867,TYPE_DARK,,resolved_profile_evidence,65,336,GROWTH_SLOW,high,profile-derived-v1
562,digimon,darkknightmon,ダークナイトモン,https://digimon.net/reference/detail.php?directory_name=darkknightmon,"完全体
(クロスウォーズ)",暗黒騎士型,ウィルス,9363fdf1af8e7086926a90186d5e8190402dd659ba07f76ca45035dbba5d1b0a,288,attack:力:+6 ; attack:斬:+3 ; special_attack:念:+4 ; type:TYPE_FIGHTING:戦士:profile:+2 ; type:TYPE_PSYCHIC:念:profile:+2 ; type:TYPE_GHOST:アンデッド:move:+4 ; type:TYPE_DARK:ダーク:profile:+6 ; type_choice:TYPE_DARK:6 ; growth:official_stage_plus_profile_power:medium_slow,100,140,100,100,118,100,658,TYPE_DARK,,resolved_profile_evidence,121,253,GROWTH_MEDIUM_SLOW,medium,profile-derived-v1
563,digimon,zenimon,ゼニモン,https://digimon.net/reference/detail.php?directory_name=zenimon,"成長期
(クロスウォーズ)",突然変異型,ワクチン,27f51ecf24e64601b1db7d2ab11122000fcc6031af3c5b4af5ae253d1d190094,208,special_attack:波動:+8 ; type:TYPE_STEEL:鉄:profile:+2 ; type:TYPE_STEEL:メカ:profile:+2 ; type:TYPE_NORMAL:突然変異:official_type:+3 ; type_candidate:TYPE_STEEL:4 ; type_placeholder:TYPE_NORMAL:low_evidence ; growth:official_stage_plus_profile_power:medium_fast,58,58,58,58,94,58,384,TYPE_NORMAL,,unresolved_low_type_evidence,183,162,GROWTH_MEDIUM_FAST,medium,profile-derived-v1
564,digimon,splashmon,スプラッシュモン,https://digimon.net/reference/detail.php?directory_name=splashmon,"完全体
(クロスウォーズ)",水棲獣人型,ウィルス,c285a1a9f4ab0912b85b0fbc35b2a6d27eb6a84d05dd33e5c593930a9a52b214,647,attack:力:+2 ; attack:格闘:+4 ; speed:高速:+5 ; speed:一瞬:+3 ; special_attack:爆発:+3 ; special_defense:霊:+3 ; type:TYPE_FIGHTING:格闘:profile:+2 ; type:TYPE_GHOST:霊:profile:+2 ; type:TYPE_STEEL:サイボーグ:profile:+2 ; type:TYPE_WATER:水棲:official_type:+5 ; type:TYPE_FIGHTING:獣人:official_type:+3 ; type:TYPE_NORMAL:獣人:official_type:+2 ; type_choice:TYPE_FIGHTING:5 ; type_choice:TYPE_WATER:5 ; growth:official_stage_plus_profile_power:medium_slow,100,127,100,136,114,114,691,TYPE_FIGHTING,TYPE_WATER,resolved_profile_evidence,115,260,GROWTH_MEDIUM_SLOW,high,profile-derived-v1
565,digimon,sparrowmon,スパロウモン,https://digimon.net/reference/detail.php?directory_name=sparrowmon,"成長期
(クロスウォーズ)",鳥型,データ,5eb4c60d9d3a652133fabeee7ce10970775a5198ec9f5d8882f8ddc4f73ae84a,330,attack:拳:+3 ; attack:斬:+3 ; speed:高速:+10 ; speed:スピード:+4 ; speed:機動:+8 ; speed:飛翔:+3 ; speed:飛行:+4 ; special_attack:レーザー:+4 ; type:TYPE_FIGHTING:拳:profile:+2 ; type:TYPE_FLYING:飛行:profile:+4 ; type:TYPE_FLYING:飛翔:profile:+2 ; type:TYPE_FLYING:翼:profile:+2 ; type:TYPE_FLYING:鳥:official_type:+5 ; type_choice:TYPE_FLYING:13 ; growth:official_stage_plus_profile_power:medium_fast,58,85,58,188,76,58,523,TYPE_FLYING,,resolved_profile_evidence,137,240,GROWTH_MEDIUM_FAST,high,profile-derived-v1
566,digimon,starmons,スターモンズ,https://digimon.net/reference/detail.php?directory_name=starmons,"成長期
(クロスウォーズ)",メジャー型,データ,cad76229ab3ec866768ca9df63e637530ba61302c574c2426e8709e2d93eea33,317,stats:balanced:no_specialization_signal_in_official_text ; type_placeholder:TYPE_NORMAL:no_specialized_affinity_evidence ; growth:official_stage_plus_profile_power:medium_fast,58,58,58,58,58,58,348,TYPE_NORMAL,,unresolved_no_specialized_type_evidence,197,136,GROWTH_MEDIUM_FAST,low,profile-derived-v1
567,digimon,skullknightmonbigaxemode,スカルナイトモン：ビッグアックスモード,https://digimon.net/reference/detail.php?directory_name=skullknightmonbigaxemode,"成熟期
(クロスウォーズ)",強化型,ウィルス,b3d100806ab1785fdebf937029cb00b429e43bf2cb0d9a05d173e0477ba5d025,222,hp:頑丈:+3 ; attack:斧:+3 ; attack:突進:+3 ; attack:粉砕:+10 ; defense:頑丈:+4 ; type_placeholder:TYPE_NORMAL:no_specialized_affinity_evidence ; growth:official_stage_plus_profile_power:medium_fast,92,150,96,78,78,78,572,TYPE_NORMAL,,unresolved_no_specialized_type_evidence,135,235,GROWTH_MEDIUM_FAST,medium,profile-derived-v1
568,digimon,skullknightmoncavaliermode,スカルナイトモン：騎馬モード,https://digimon.net/reference/detail.php?directory_name=skullknightmoncavaliermode,"成熟期
(クロスウォーズ)",強化型,ウィルス,84ad07e7f1a5aac41288041976b3dd4c4096af0e9b498d17fdebb63674dbeac9,251,hp:体力:+4 ; attack:力:+2 ; attack:粉砕:+5 ; speed:走:+2 ; type_placeholder:TYPE_NORMAL:no_specialized_affinity_evidence ; growth:official_stage_plus_profile_power:medium_fast,96,110,78,87,78,78,527,TYPE_NORMAL,,unresolved_no_specialized_type_evidence,152,206,GROWTH_MEDIUM_FAST,medium,profile-derived-v1
569,digimon,skullknightmon,スカルナイトモン,https://digimon.net/reference/detail.php?directory_name=skullknightmon,"成熟期
(クロスウォーズ)",アンデッド型,ウィルス,904042935d510993820a37d61ed90cbe32ac68c5b35abb60ebbe0f485aaa87f7,200,stats:balanced:no_specialization_signal_in_official_text ; type:TYPE_GHOST:アンデッド:official_type:+5 ; type:TYPE_DARK:アンデッド:official_type:+3 ; type_choice:TYPE_GHOST:5 ; growth:official_stage_plus_profile_power:medium_fast,78,78,78,78,78,78,468,TYPE_GHOST,,resolved_profile_evidence,170,176,GROWTH_MEDIUM_FAST,low,profile-derived-v1
570,digimon,jokermon,ジョーカーモン,https://digimon.net/reference/detail.php?directory_name=jokermon,"完全体
(クロスウォーズ)",魔人型,ウィルス,0d7e357dc35aab39acb809a4eab48227c94e7a176cfd98fa40f05c460114888a,262,power:神:+3 ; special_attack:ビーム:+4 ; special_attack:魔法:+5 ; type_placeholder:TYPE_NORMAL:no_specialized_affinity_evidence ; growth:official_stage_plus_profile_power:medium_slow,105,105,105,105,146,105,671,TYPE_NORMAL,,unresolved_no_specialized_type_evidence,112,267,GROWTH_MEDIUM_SLOW,low,profile-derived-v1
571,digimon,shonitamon,シャニタモン,https://digimon.net/reference/detail.php?directory_name=shonitamon,"成熟期
(クロスウォーズ)",強化型,データ,1b956022698cfca0bda59c4ff854242c786d6a683ced1972f5739fdf918734f5,255,attack:力:+4 ; type:TYPE_GRASS:葉:move:+4 ; type_candidate:TYPE_GRASS:4 ; type_placeholder:TYPE_NORMAL:low_evidence ; growth:official_stage_plus_profile_power:medium_fast,78,96,78,78,78,78,486,TYPE_NORMAL,,unresolved_low_type_evidence,163,189,GROWTH_MEDIUM_FAST,low,profile-derived-v1
572,digimon,dorulucannon,シャウトモン＋ドルルキャノン,https://digimon.net/reference/detail.php?directory_name=dorulucannon,"成長期
(クロスウォーズ)",強化型,データ,ee84d760bf7339e0754d0589231cd2b70aca180c8ab5c8588bda798a986b3d52,210,attack:力:+6 ; defense:防御:+5 ; special_attack:エネルギー:+9 ; type_placeholder:TYPE_NORMAL:no_specialized_affinity_evidence ; growth:official_stage_plus_profile_power:medium_fast,58,85,80,58,98,58,437,TYPE_NORMAL,,unresolved_no_specialized_type_evidence,172,177,GROWTH_MEDIUM_FAST,low,profile-derived-v1
573,digimon,starsword,シャウトモン＋スターソード,https://digimon.net/reference/detail.php?directory_name=starsword,"成長期
(クロスウォーズ)",強化型,データ,244b0eca21345e230ea9bbea01fc452b3b3a09318e35ea667f6081111301feb2,224,hp:回復:+3 ; attack:剣:+3 ; attack:刀:+3 ; attack:切断:+4 ; defense:硬い:+4 ; special_defense:吸収:+4 ; special_defense:回復:+3 ; type_placeholder:TYPE_NORMAL:no_specialized_affinity_evidence ; growth:official_stage_plus_profile_power:medium_fast,72,103,76,58,58,90,457,TYPE_NORMAL,,unresolved_no_specialized_type_evidence,167,184,GROWTH_MEDIUM_FAST,medium,profile-derived-v1
574,digimon,jetsparrow,シャウトモン＋ジェットスパロウ,https://digimon.net/reference/detail.php?directory_name=jetsparrow,"成長期
(クロスウォーズ)",強化型,データ,2afc0add93c640cc5bfca8b8b6d9aba116f1ca891ff437b32a88f35e2eb50a8c,311,power:凄まじ:+3 ; attack:力:+6 ; speed:一瞬:+3 ; speed:飛行:+4 ; type:TYPE_FLYING:飛行:profile:+4 ; type_candidate:TYPE_FLYING:4 ; type_placeholder:TYPE_NORMAL:low_evidence ; growth:official_stage_plus_profile_power:medium_fast,63,90,63,95,63,63,437,TYPE_NORMAL,,unresolved_low_type_evidence,167,183,GROWTH_MEDIUM_FAST,medium,profile-derived-v1
575,digimon,shoutmonx7,シャウトモンX7,https://digimon.net/reference/detail.php?directory_name=shoutmonx7,"究極体
(クロスウォーズ)",合成型,データ,dded96f2262074ec5479321fff92c770e2041b35b6048fc3503c9ee9519e9611,396,power:神:+3 ; attack:パワー:+4 ; attack:格闘:+4 ; special_attack:エネルギー:+3 ; special_attack:火:+2 ; special_attack:熱:+6 ; type:TYPE_FIRE:灼熱:profile:+2 ; type:TYPE_FIGHTING:格闘:profile:+2 ; type:TYPE_GHOST:魂:profile:+2 ; type_candidate:TYPE_FIGHTING:2 ; type_placeholder:TYPE_NORMAL:low_evidence ; growth:official_stage_plus_profile_power:slow,127,163,127,127,177,127,848,TYPE_NORMAL,,unresolved_low_type_evidence,72,326,GROWTH_SLOW,medium,profile-derived-v1
576,digimon,shoutmonx5b,シャウトモンX5B,https://digimon.net/reference/detail.php?directory_name=shoutmonx5b,"究極体
(クロスウォーズ)",合成型,データ,71f34f93201cee4d5278bcfc7dac2892fe18f01a1a66ea97096fea5cc55a75d1,274,power:神:+9 ; attack:パワー:+8 ; attack:力:+6 ; special_attack:火:+2 ; type:TYPE_FLYING:空中:profile:+2 ; type_candidate:TYPE_FLYING:2 ; type_placeholder:TYPE_NORMAL:low_evidence ; growth:official_stage_plus_profile_power:slow,138,201,138,138,147,138,900,TYPE_NORMAL,,unresolved_low_type_evidence,46,365,GROWTH_SLOW,medium,profile-derived-v1
577,digimon,shoutmonx5,シャウトモンX5,https://digimon.net/reference/detail.php?directory_name=shoutmonx5,"完全体
(クロスウォーズ)",合成型,データ,1a2bbb7bc6cc27362ee08f2966e59fb34a4f9ba4471891a75b2b1ed3f807e516,222,power:究極:+5 ; attack:パワー:+4 ; attack:力:+2 ; attack:叩:+2 ; speed:飛行:+2 ; special_attack:エネルギー:+3 ; type:TYPE_GROUND:大地:profile:+2 ; type:TYPE_FLYING:飛行:profile:+2 ; type:TYPE_ROCK:石:profile:+2 ; type_candidate:TYPE_FLYING:2 ; type_placeholder:TYPE_NORMAL:low_evidence ; growth:official_stage_plus_profile_power:medium_slow,109,145,109,118,122,109,712,TYPE_NORMAL,,unresolved_low_type_evidence,101,282,GROWTH_MEDIUM_SLOW,medium,profile-derived-v1
578,digimon,shoutmonx4b,シャウトモンX4B,https://digimon.net/reference/detail.php?directory_name=shoutmonx4b,"完全体
(クロスウォーズ)",合成型,データ,fbf02b40c17e1290227319d1f64a0a26134db2b41344f20630c1bf3e210e03d1,275,power:神:+6 ; attack:パワー:+12 ; attack:力:+2 ; speed:スピード:+4 ; speed:走:+4 ; type:TYPE_FLYING:大空:profile:+2 ; type_candidate:TYPE_FLYING:2 ; type_placeholder:TYPE_NORMAL:low_evidence ; growth:official_stage_plus_profile_power:medium_slow,111,174,111,147,111,111,765,TYPE_NORMAL,,unresolved_low_type_evidence,83,311,GROWTH_MEDIUM_SLOW,medium,profile-derived-v1
579,digimon,shoutmonx4,シャウトモンX4,https://digimon.net/reference/detail.php?directory_name=shoutmonx4,"成熟期
(クロスウォーズ)",合成型,データ,84bc1e8e93a797667a6182a30d199ee79af8dc8186f68792b023de2c0795630c,233,power:最強:+8 ; power:絶大:+5 ; attack:力:+2 ; attack:パンチ:+3 ; attack:刀:+3 ; special_attack:波動:+4 ; special_attack:念:+4 ; type:TYPE_FIGHTING:パンチ:profile:+2 ; type:TYPE_PSYCHIC:念:profile:+2 ; type_candidate:TYPE_FIGHTING:2 ; type_placeholder:TYPE_NORMAL:low_evidence ; growth:official_stage_plus_profile_power:slow,101,137,101,101,137,101,678,TYPE_NORMAL,,unresolved_low_type_evidence,94,289,GROWTH_SLOW,medium,profile-derived-v1
580,digimon,shoutmonx3,シャウトモンX3,https://digimon.net/reference/detail.php?directory_name=shoutmonx3,"成熟期
(クロスウォーズ)",合成型,データ,e4e0fcf8ead6fa68501439b49ec1adfbc611ca1a07a8abd491f987fdfadacc3a,224,hp:巨大:+2 ; attack:力:+4 ; attack:剣:+3 ; speed:機動:+4 ; special_defense:耐性:+5 ; special_defense:吸収:+4 ; type:TYPE_FIGHTING:戦士:profile:+2 ; type_candidate:TYPE_FIGHTING:2 ; type_placeholder:TYPE_NORMAL:low_evidence ; growth:official_stage_plus_profile_power:medium_fast,87,110,78,96,78,118,567,TYPE_NORMAL,,unresolved_low_type_evidence,143,220,GROWTH_MEDIUM_FAST,medium,profile-derived-v1
581,digimon,shoutmonx2,シャウトモンX2,https://digimon.net/reference/detail.php?directory_name=shoutmonx2,"成熟期
(クロスウォーズ)",強化型,データ,f5d9215fad86da1c348675c2c6523a8808dca8fa75418cdda913dfb8ca29b6fe,325,power:強力:+3 ; power:神:+3 ; attack:腕力:+5 ; attack:パワー:+4 ; attack:力:+6 ; attack:格闘:+4 ; defense:防御:+10 ; defense:装甲:+5 ; special_attack:エネルギー:+3 ; special_attack:ビーム:+4 ; special_attack:レーザー:+4 ; special_defense:精神:+4 ; type:TYPE_FIGHTING:格闘:profile:+2 ; type:TYPE_PSYCHIC:精神:profile:+2 ; type:TYPE_STEEL:装甲:profile:+2 ; type_candidate:TYPE_FIGHTING:2 ; type_placeholder:TYPE_NORMAL:low_evidence ; growth:official_stage_plus_profile_power:medium_fast,89,174,156,89,138,107,753,TYPE_NORMAL,,unresolved_low_type_evidence,85,308,GROWTH_MEDIUM_FAST,medium,profile-derived-v1
582,digimon,shoutmondx,シャウトモンDX,https://digimon.net/reference/detail.php?directory_name=shoutmondx,"究極体
(クロスウォーズ)",合成型,データ,24dab2a55d87cb57baf9d0879a5f40328d8993cff0e22c3481af9c634c8d51b6,547,power:強力:+3 ; power:神:+9 ; hp:巨大:+2 ; attack:パワー:+4 ; attack:力:+6 ; attack:爪:+3 ; attack:剣:+6 ; defense:防御:+5 ; defense:盾:+4 ; speed:スピード:+8 ; speed:機動:+4 ; special_attack:炎:+9 ; special_attack:火:+2 ; special_defense:浄化:+4 ; type:TYPE_FIRE:炎:profile:+6 ; type:TYPE_FIGHTING:戦士:profile:+2 ; type_choice:TYPE_FIRE:6 ; growth:official_stage_plus_profile_power:slow,153,229,184,198,193,162,1119,TYPE_FIRE,,resolved_profile_evidence,3,442,GROWTH_SLOW,high,profile-derived-v1
583,digimon,shoutmon,シャウトモン,https://digimon.net/reference/detail.php?directory_name=shoutmon,"成長期
(クロスウォーズ)",小竜型,データ,5c43d3e0606d6e3de8f0618ad8059bc0d71e8366357b8812826b4e9161c5d128,619,attack:パワー:+4 ; attack:格闘:+4 ; special_attack:エネルギー:+3 ; special_attack:熱:+6 ; type:TYPE_GRASS:葉:profile:+2 ; type:TYPE_FIGHTING:格闘:profile:+2 ; type:TYPE_DRAGON:竜:official_type:+5 ; type_choice:TYPE_DRAGON:5 ; growth:official_stage_plus_profile_power:medium_fast,58,94,58,58,98,58,424,TYPE_DRAGON,,resolved_profile_evidence,174,174,GROWTH_MEDIUM_FAST,medium,profile-derived-v1
584,digimon,jetmervamon,ジェットメルヴァモン,https://digimon.net/reference/detail.php?directory_name=jetmervamon,"究極体
(クロスウォーズ)",強化型,ウィルス,b98272f9be7aa2635729ce0be408f2fbd7a6eda4bb53d8c3173f360a2e05cf60,430,power:凄まじ:+3 ; power:神:+3 ; attack:パワー:+4 ; attack:力:+6 ; speed:高速:+10 ; speed:スピード:+4 ; speed:飛行:+6 ; speed:加速:+4 ; special_attack:ビーム:+4 ; special_attack:レーザー:+4 ; special_attack:爆発:+3 ; type:TYPE_POISON:ポイズン:move:+4 ; type:TYPE_FLYING:飛行:profile:+6 ; type_choice:TYPE_FLYING:6 ; growth:profile:erratic,133,178,133,241,182,133,1000,TYPE_FLYING,,resolved_profile_evidence,24,402,GROWTH_ERRATIC,high,profile-derived-v1
585,digimon,zekegreymon,ジークグレイモン,https://digimon.net/reference/detail.php?directory_name=zekegreymon,"究極体
(クロスウォーズ)",サイボーグ型,ウィルス,c4d7cbbf4d1194503c2f90d30413f3f31c2413cdfe41ae18e30f650ac6c9afb2,435,power:絶大:+5 ; attack:力:+6 ; defense:防御:+5 ; defense:装甲:+15 ; speed:素早:+5 ; special_attack:エネルギー:+6 ; special_attack:火:+2 ; special_attack:光:+3 ; type:TYPE_FIRE:フレイム:profile:+2 ; type:TYPE_FIRE:フレイム:move:+4 ; type:TYPE_STEEL:金属:profile:+2 ; type:TYPE_STEEL:装甲:profile:+6 ; type:TYPE_STEEL:サイボーグ:official_type:+5 ; type_choice:TYPE_STEEL:13 ; growth:official_stage_plus_profile_power:slow,131,158,221,154,180,131,975,TYPE_STEEL,,resolved_profile_evidence,35,384,GROWTH_SLOW,high,profile-derived-v1
586,digimon,zamielmon,ザミエールモン,https://digimon.net/reference/detail.php?directory_name=zamielmon,"完全体
(クロスウォーズ)",魔人型,データ,b9191fb00033ff466bd9349ad54db191d0a1a61a7626b7c8c2ef69455ba3174b,484,hp:巨大:+4 ; attack:斬:+6 ; special_attack:エネルギー:+3 ; special_attack:電撃:+4 ; type:TYPE_WATER:海:profile:+2 ; type:TYPE_ELECTRIC:電撃:profile:+2 ; type:TYPE_GRASS:植物:profile:+2 ; type:TYPE_GRASS:草:profile:+2 ; type:TYPE_GROUND:土:profile:+2 ; type:TYPE_STEEL:鉄:profile:+2 ; type:TYPE_FAIRY:妖精:profile:+2 ; type_candidate:TYPE_GRASS:4 ; type_placeholder:TYPE_NORMAL:low_evidence ; growth:official_stage_plus_profile_power:medium_slow,118,127,100,100,132,100,677,TYPE_NORMAL,,unresolved_low_type_evidence,119,254,GROWTH_MEDIUM_SLOW,medium,profile-derived-v1
587,digimon,soundbirdmon,サウンドバードモン,https://digimon.net/reference/detail.php?directory_name=soundbirdmon,"成長期
(クロスウォーズ)",鳥型,ウィルス,05e3bc8cd90ccbb2579101fcbe7fcf058f516f7d2edc25f5b69471d2101533dc,167,special_attack:衝撃波:+3 ; special_attack:音波:+4 ; type:TYPE_FLYING:鳥:profile:+2 ; type:TYPE_FLYING:羽:profile:+2 ; type:TYPE_FLYING:鳥:official_type:+5 ; type_choice:TYPE_FLYING:9 ; growth:official_stage_plus_profile_power:medium_fast,58,58,58,58,90,58,380,TYPE_FLYING,,resolved_profile_evidence,184,159,GROWTH_MEDIUM_FAST,medium,profile-derived-v1
588,digimon,cyberdramon-xwars,サイバードラモン,https://digimon.net/reference/detail.php?directory_name=cyberdramon-xwars,"完全体
(クロスウォーズ)",エイリアン型,ワクチン,9b79fa5659c9a0a820460892145c58a2d3e0874cc7291b732f007e6b720942af,337,attack:槍:+6 ; special_attack:エネルギー:+3 ; type_placeholder:TYPE_NORMAL:no_specialized_affinity_evidence ; growth:official_stage_plus_profile_power:medium_slow,100,127,100,100,114,100,641,TYPE_NORMAL,,unresolved_no_specialized_type_evidence,127,243,GROWTH_MEDIUM_SLOW,low,profile-derived-v1
589,digimon,kozenimon,コゼニモン,https://digimon.net/reference/detail.php?directory_name=kozenimon,"幼年期Ⅱ
(クロスウォーズ)",突然変異型,,28bc241dd1558c38ec7951f2c9eaca8106a0e1b4965e686dbabaae32ba8b817b,242,power:小型:-1 ; special_attack:衝撃波:+3 ; type:TYPE_GRASS:葉:profile:+2 ; type:TYPE_NORMAL:突然変異:official_type:+3 ; type_candidate:TYPE_NORMAL:3 ; type_placeholder:TYPE_NORMAL:low_evidence ; growth:official_stage_plus_profile_power:medium_fast,36,36,36,36,50,36,230,TYPE_NORMAL,,unresolved_low_type_evidence,221,102,GROWTH_MEDIUM_FAST,medium,profile-derived-v1
590,digimon,greymon,グレイモン（2010アニメ版）,https://digimon.net/reference/detail.php?directory_name=greymon,"成熟期
(クロスウォーズ)",恐竜型,ウィルス,cee6a13484dba9ccf0b80e2c7aaf03f81d3f2ad87b2442b1a9d98bdb88c4481e,327,power:絶大:+5 ; hp:頑丈:+3 ; attack:力:+6 ; attack:破壊:+4 ; attack:叩:+2 ; defense:頑丈:+4 ; special_attack:炎:+3 ; special_attack:火:+2 ; type:TYPE_FIRE:炎:profile:+2 ; type:TYPE_FIRE:火炎:profile:+2 ; type:TYPE_FIRE:フレイム:profile:+2 ; type:TYPE_FIRE:フレイム:move:+4 ; type:TYPE_DRAGON:竜:profile:+2 ; type:TYPE_DRAGON:恐竜:profile:+2 ; type:TYPE_DRAGON:竜:official_type:+5 ; type:TYPE_DRAGON:恐竜:official_type:+3 ; type_choice:TYPE_DRAGON:12 ; type_choice:TYPE_FIRE:10 ; growth:official_stage_plus_profile_power:medium_fast,100,141,105,87,110,87,630,TYPE_DRAGON,TYPE_FIRE,resolved_profile_evidence,117,259,GROWTH_MEDIUM_FAST,high,profile-derived-v1
591,digimon,gravimon,グラビモン,https://digimon.net/reference/detail.php?directory_name=gravimon,"完全体
(クロスウォーズ)",種族不明,ウィルス,68d931331b743b8f3f46e3be9f5b9d2c38f731aa6d89ab98aae83a2291db37dc,540,power:圧倒:+5 ; power:神:+6 ; hp:再生:+8 ; attack:力:+6 ; attack:破壊:+4 ; special_attack:エネルギー:+3 ; special_attack:熱:+2 ; special_attack:爆発:+3 ; special_defense:再生:+6 ; type:TYPE_GROUND:土:profile:+2 ; type:TYPE_ROCK:石:profile:+2 ; type_candidate:TYPE_GROUND:2 ; type_placeholder:TYPE_NORMAL:low_evidence ; growth:profile:slow,156,165,120,120,156,147,864,TYPE_NORMAL,,unresolved_low_type_evidence,57,345,GROWTH_SLOW,medium,profile-derived-v1
592,digimon,cutemon,キュートモン,https://digimon.net/reference/detail.php?directory_name=cutemon,"成長期
(クロスウォーズ)",妖精型,ワクチン,3a3678af544357ae0505115dc6072ad6a2b1eb947fbfea5adef30b9bbdf8b559,334,attack:力:+2 ; type:TYPE_WATER:ウェーブ:move:+8 ; type:TYPE_FAIRY:妖精:profile:+2 ; type:TYPE_FAIRY:妖精:official_type:+5 ; type_choice:TYPE_WATER:8 ; type_choice:TYPE_FAIRY:7 ; growth:official_stage_plus_profile_power:medium_fast,58,67,58,58,58,58,357,TYPE_WATER,TYPE_FAIRY,resolved_profile_evidence,193,142,GROWTH_MEDIUM_FAST,medium,profile-derived-v1
593,digimon,gumdramon,ガムドラモン,https://digimon.net/reference/detail.php?directory_name=gumdramon,"成長期
(クロスウォーズ)",小竜型,ワクチン,cc03a64e15412780bd0c55d39231eacbda2c2823725dbd58f394682b24777416,321,hp:巨大:+2 ; attack:力:+6 ; speed:高速:+5 ; speed:スピード:+4 ; speed:飛行:+2 ; speed:走:+2 ; special_attack:炎:+3 ; type:TYPE_FIRE:炎:profile:+2 ; type:TYPE_FLYING:飛行:profile:+2 ; type:TYPE_FLYING:羽:profile:+2 ; type:TYPE_DRAGON:竜:official_type:+5 ; type_choice:TYPE_DRAGON:5 ; growth:official_stage_plus_profile_power:medium_fast,67,85,58,116,72,58,456,TYPE_DRAGON,,resolved_profile_evidence,164,190,GROWTH_MEDIUM_FAST,high,profile-derived-v1
594,digimon,ganemon,ガネモン,https://digimon.net/reference/detail.php?directory_name=ganemon,"成熟期
(クロスウォーズ)",突然変異型,ワクチン,2f0bf382c7588d3fa3051008cb1c1e0b69c3a00f0850a06623f5886cd138c9ea,292,attack:パワー:+4 ; attack:力:+2 ; type:TYPE_NORMAL:突然変異:official_type:+3 ; type_candidate:TYPE_NORMAL:3 ; type_placeholder:TYPE_NORMAL:low_evidence ; growth:official_stage_plus_profile_power:medium_fast,78,105,78,78,78,78,495,TYPE_NORMAL,,unresolved_low_type_evidence,159,195,GROWTH_MEDIUM_FAST,low,profile-derived-v1
595,digimon,gaossmon,ガオスモン,https://digimon.net/reference/detail.php?directory_name=gaossmon,"成長期
(クロスウォーズ)",爬虫類型,ウィルス,1e595cd32cfc00e36cad0b0572aa3c9e536e4fc011661f44fa6c80661cf07201,242,power:小型:-1 ; speed:走:+2 ; special_attack:炎:+3 ; special_attack:火:+2 ; special_attack:熱:+2 ; type:TYPE_FIRE:炎:profile:+2 ; type:TYPE_FIRE:火炎:profile:+2 ; type:TYPE_FIRE:フレイム:profile:+2 ; type:TYPE_FIRE:フレイム:move:+4 ; type:TYPE_GRASS:草:profile:+2 ; type:TYPE_DRAGON:爬虫類:official_type:+4 ; type:TYPE_NORMAL:爬虫類:official_type:+1 ; type_choice:TYPE_FIRE:10 ; growth:official_stage_plus_profile_power:medium_fast,56,56,56,65,88,56,377,TYPE_FIRE,,resolved_profile_evidence,185,157,GROWTH_MEDIUM_FAST,high,profile-derived-v1
596,digimon,olegmon,オレーグモン,https://digimon.net/reference/detail.php?directory_name=olegmon,"究極体
(クロスウォーズ)",海獣型,ワクチン,0eccff787ab59569c8bccf705111d5c6d6eb0898cdeedfa81d773ec213b3c80d,487,hp:巨大:+2 ; attack:怪力:+6 ; attack:力:+2 ; attack:斧:+3 ; defense:鎧:+8 ; type:TYPE_WATER:海:profile:+4 ; type:TYPE_WATER:水棲:profile:+2 ; type:TYPE_STEEL:鋼:profile:+2 ; type:TYPE_STEEL:鉄:profile:+2 ; type:TYPE_WATER:海獣:official_type:+4 ; type:TYPE_NORMAL:獣型:official_type:+4 ; type_choice:TYPE_WATER:10 ; growth:official_stage_plus_profile_power:slow,131,172,158,122,122,122,827,TYPE_WATER,,resolved_profile_evidence,82,311,GROWTH_SLOW,high,profile-derived-v1
597,digimon,omegashoutmon,オメガシャウトモン,https://digimon.net/reference/detail.php?directory_name=omegashoutmon,"完全体
(クロスウォーズ)",竜人型,データ,67a46a457cb26e5389f298f2f33be74bd1a083ba953f1284766586f45f794130,468,attack:力:+6 ; attack:拳:+3 ; defense:鉄壁:+6 ; special_attack:炎:+6 ; special_attack:火:+2 ; special_attack:光:+3 ; special_attack:熱:+6 ; type:TYPE_FIRE:炎:profile:+4 ; type:TYPE_FIGHTING:拳:profile:+2 ; type:TYPE_STEEL:鉄:profile:+2 ; type:TYPE_DRAGON:竜:official_type:+5 ; type_choice:TYPE_DRAGON:5 ; growth:official_stage_plus_profile_power:medium_slow,100,140,127,100,176,100,743,TYPE_DRAGON,,resolved_profile_evidence,97,291,GROWTH_MEDIUM_SLOW,high,profile-derived-v1
598,digimon,ekakimon,エカキモン,https://digimon.net/reference/detail.php?directory_name=ekakimon,"成長期
(クロスウォーズ)",突然変異型,データ,c1a25a8d7bab053b0b06db6583cb29ba214be3426c4ff9a086407a13b24555b9,219,special_attack:火:+2 ; type:TYPE_GRASS:草:profile:+2 ; type:TYPE_NORMAL:突然変異:official_type:+3 ; type_candidate:TYPE_NORMAL:3 ; type_placeholder:TYPE_NORMAL:low_evidence ; growth:official_stage_plus_profile_power:medium_fast,58,58,58,58,67,58,357,TYPE_NORMAL,,unresolved_low_type_evidence,193,142,GROWTH_MEDIUM_FAST,low,profile-derived-v1
599,digimon,iguneetmon,イグニートモン,https://digimon.net/reference/detail.php?directory_name=iguneetmon,"成長期
(クロスウォーズ)",爬人型,ウィルス,1ce3d1f241bf5b75f09ad0e06b1fab9934a13da64ba741bca2a03f5ce6db80cd,420,power:強力:+3 ; attack:力:+4 ; attack:斬:+6 ; special_attack:波動:+4 ; type_placeholder:TYPE_NORMAL:no_specialized_affinity_evidence ; growth:official_stage_plus_profile_power:medium_fast,63,108,63,63,81,63,441,TYPE_NORMAL,,unresolved_no_specialized_type_evidence,163,190,GROWTH_MEDIUM_FAST,medium,profile-derived-v1
600,digimon,arresterdramon,アレスタードラモン,https://digimon.net/reference/detail.php?directory_name=arresterdramon,"成熟期
(クロスウォーズ)",竜型,ワクチン,bf25fbfc639b42f0cd0289291e6c8ee5e0d3e0a2b842cfeab36492972d5c6953,306,hp:巨大:+2 ; attack:パンチ:+3 ; defense:防御:+5 ; defense:装甲:+5 ; speed:高速:+15 ; speed:飛行:+2 ; special_attack:光:+3 ; type:TYPE_FIGHTING:パンチ:profile:+2 ; type:TYPE_FLYING:飛行:profile:+2 ; type:TYPE_FLYING:羽:profile:+2 ; type:TYPE_STEEL:装甲:profile:+2 ; type:TYPE_DRAGON:竜:official_type:+5 ; type_choice:TYPE_DRAGON:5 ; growth:official_stage_plus_profile_power:medium_fast,87,92,123,154,92,78,626,TYPE_DRAGON,,resolved_profile_evidence,124,251,GROWTH_MEDIUM_FAST,high,profile-derived-v1
601,digimon,louwemon,レーベモン,https://digimon.net/reference/detail.php?directory_name=louwemon,ハイブリッド体,戦士型,ヴァリアブル,10b573ee572bcf23f78f8cbc7e438df9bd282ee6f2f04b3be3d5972a3de576c1,319,power:圧倒:+5 ; attack:パワー:+4 ; attack:力:+4 ; attack:槍:+9 ; defense:盾:+4 ; special_attack:エネルギー:+3 ; special_attack:魔力:+5 ; special_attack:呪:+4 ; special_attack:闇:+9 ; special_defense:魔力:+2 ; special_defense:浄化:+4 ; type:TYPE_FIGHTING:闘士:profile:+6 ; type:TYPE_DARK:闇:profile:+6 ; type:TYPE_FIGHTING:戦士:official_type:+4 ; type_choice:TYPE_FIGHTING:10 ; growth:official_stage_plus_profile_power:medium_slow,103,180,121,103,198,130,835,TYPE_FIGHTING,,resolved_profile_evidence,66,337,GROWTH_MEDIUM_SLOW,high,profile-derived-v1
602,digimon,ranamon,ラーナモン,https://digimon.net/reference/detail.php?directory_name=ranamon,ハイブリッド体,妖精型,ヴァリアブル,d95ab1f17f74d12db25ec08054acb47dfe0356c6a7ec6d787971333e71d89381,276,power:強力:+3 ; attack:力:+6 ; type:TYPE_WATER:海:profile:+2 ; type:TYPE_WATER:海洋:profile:+2 ; type:TYPE_FIGHTING:闘士:profile:+2 ; type:TYPE_FAIRY:妖精:official_type:+5 ; type_choice:TYPE_FAIRY:5 ; growth:official_stage_plus_profile_power:medium_slow,99,126,99,99,99,99,621,TYPE_FAIRY,,resolved_profile_evidence,125,245,GROWTH_MEDIUM_SLOW,medium,profile-derived-v1
603,digimon,raihimon,ライヒモン,https://digimon.net/reference/detail.php?directory_name=raihimon,ハイブリッド体,戦士型,ヴァリアブル,84f5fdfd0df67d7a60ce63e8f2109e5a6b222478afe9fff2760fea23622c49e0,180,attack:力:+6 ; special_attack:闇:+6 ; special_defense:守護:+4 ; type:TYPE_FIGHTING:闘士:profile:+2 ; type:TYPE_DARK:闇:profile:+4 ; type:TYPE_FIGHTING:戦士:official_type:+4 ; type_choice:TYPE_FIGHTING:6 ; growth:official_stage_plus_profile_power:medium_slow,94,121,94,94,121,112,636,TYPE_FIGHTING,,resolved_profile_evidence,129,239,GROWTH_MEDIUM_SLOW,medium,profile-derived-v1
604,digimon,rhinokabuterimon,ライノカブテリモン,https://digimon.net/reference/detail.php?directory_name=rhinokabuterimon,ハイブリッド体,昆虫型,ヴァリアブル,1e0c5c12d6eea1851839d7d4736b75f2c4b9068a20e69f08816732d2d096714f,247,power:超高:+3 ; hp:巨大:+4 ; attack:力:+6 ; attack:突進:+3 ; defense:甲殻:+4 ; special_attack:レーザー:+12 ; special_attack:雷:+3 ; special_attack:電気:+6 ; type:TYPE_ELECTRIC:雷:profile:+2 ; type:TYPE_ELECTRIC:電気:profile:+4 ; type:TYPE_ELECTRIC:サンダー:profile:+2 ; type:TYPE_ELECTRIC:サンダー:move:+4 ; type:TYPE_FIGHTING:闘士:profile:+2 ; type:TYPE_DRAGON:竜:profile:+2 ; type:TYPE_DRAGON:恐竜:profile:+2 ; type:TYPE_BUG:昆虫:official_type:+5 ; type_choice:TYPE_ELECTRIC:12 ; growth:official_stage_plus_profile_power:medium_slow,117,140,117,99,194,99,766,TYPE_ELECTRIC,,resolved_profile_evidence,84,313,GROWTH_MEDIUM_SLOW,high,profile-derived-v1
605,digimon,mercuremon,メルキューレモン,https://digimon.net/reference/detail.php?directory_name=mercuremon,ハイブリッド体,突然変異型,ヴァリアブル,b8b2d892130e53d1dcf6e8681738537f4ba476e7e5ba7056146b464c7f8b4371,313,power:強力:+3 ; attack:力:+6 ; defense:盾:+8 ; type:TYPE_FIGHTING:闘士:profile:+4 ; type:TYPE_STEEL:鋼:profile:+2 ; type:TYPE_NORMAL:突然変異:official_type:+3 ; type_candidate:TYPE_FIGHTING:4 ; type_placeholder:TYPE_NORMAL:low_evidence ; growth:official_stage_plus_profile_power:medium_slow,99,126,135,99,99,99,657,TYPE_NORMAL,,unresolved_low_type_evidence,117,258,GROWTH_MEDIUM_SLOW,medium,profile-derived-v1
606,digimon,magnagarurumon,マグナガルルモン,https://digimon.net/reference/detail.php?directory_name=magnagarurumon,ハイブリッド体,サイボーグ型,ヴァリアブル,4cdfcf87959e060d1b354eb9d57704d1621fa64b192540c9e19d0cf34cbabc02,378,attack:力:+6 ; attack:破壊:+4 ; speed:高速:+5 ; speed:飛行:+4 ; speed:加速:+4 ; special_attack:火:+2 ; special_attack:光:+9 ; type:TYPE_FIGHTING:闘士:profile:+2 ; type:TYPE_FLYING:飛行:profile:+4 ; type:TYPE_STEEL:サイボーグ:official_type:+5 ; type_choice:TYPE_STEEL:5 ; growth:official_stage_plus_profile_power:medium_slow,94,139,94,152,144,94,717,TYPE_STEEL,,resolved_profile_evidence,107,274,GROWTH_MEDIUM_SLOW,high,profile-derived-v1
607,digimon,bolgmon,ボルグモン,https://digimon.net/reference/detail.php?directory_name=bolgmon,ハイブリッド体,サイボーグ型,ヴァリアブル,6e89050d2b66775fbe9040ce692ea1a700404570ec6236c5da09f14e8a9cbb21,270,power:超高:+3 ; attack:力:+6 ; attack:破壊:+4 ; defense:装甲:+5 ; defense:盾:+4 ; speed:高速:+5 ; speed:超高速:+7 ; special_attack:エネルギー:+3 ; special_attack:レーザー:+4 ; special_attack:雷:+3 ; type:TYPE_ELECTRIC:雷:profile:+2 ; type:TYPE_ELECTRIC:サンダー:profile:+2 ; type:TYPE_ELECTRIC:サンダー:move:+4 ; type:TYPE_FIGHTING:闘士:profile:+2 ; type:TYPE_STEEL:装甲:profile:+2 ; type:TYPE_STEEL:サイボーグ:official_type:+5 ; type_choice:TYPE_ELECTRIC:8 ; type_choice:TYPE_STEEL:7 ; growth:official_stage_plus_profile_power:medium_slow,99,144,140,153,144,99,779,TYPE_ELECTRIC,TYPE_STEEL,resolved_profile_evidence,90,298,GROWTH_MEDIUM_SLOW,high,profile-derived-v1
608,digimon,velgrmon,ベルグモン,https://digimon.net/reference/detail.php?directory_name=velgrmon,ハイブリッド体,巨鳥型,ヴァリアブル,342fd4e6c08067709fe3c9762b784fc230b6ab48a3f95495151590acda7eccef,291,hp:巨大:+2 ; attack:パワー:+4 ; attack:力:+4 ; attack:爪:+3 ; attack:牙:+3 ; special_attack:闇:+6 ; type:TYPE_FIGHTING:闘士:profile:+2 ; type:TYPE_FLYING:鳥:profile:+2 ; type:TYPE_FLYING:羽:profile:+2 ; type:TYPE_DARK:闇:profile:+4 ; type:TYPE_DARK:ダーク:profile:+2 ; type:TYPE_DARK:ダーク:move:+4 ; type:TYPE_STEEL:金属:profile:+2 ; type:TYPE_FLYING:鳥:official_type:+5 ; type_choice:TYPE_DARK:10 ; type_choice:TYPE_FLYING:9 ; growth:official_stage_plus_profile_power:medium_slow,103,157,94,94,121,94,663,TYPE_DARK,TYPE_FLYING,resolved_profile_evidence,117,262,GROWTH_MEDIUM_SLOW,high,profile-derived-v1
609,digimon,petaldramon,ペタルドラモン,https://digimon.net/reference/detail.php?directory_name=petaldramon,ハイブリッド体,植物型,ヴァリアブル,8b0d1f92cb1030101b23acc1d0288de4fee4a5f31277044f9ea9882d6b1db505,316,hp:巨大:+2 ; attack:力:+4 ; speed:瞬間:+3 ; type:TYPE_GRASS:植物:profile:+4 ; type:TYPE_GRASS:葉:profile:+2 ; type:TYPE_FIGHTING:闘士:profile:+2 ; type:TYPE_GROUND:地面:profile:+2 ; type:TYPE_GRASS:植物:official_type:+5 ; type_choice:TYPE_GRASS:11 ; growth:official_stage_plus_profile_power:medium_slow,103,112,94,108,94,94,605,TYPE_GRASS,,resolved_profile_evidence,137,227,GROWTH_MEDIUM_SLOW,medium,profile-derived-v1
610,digimon,beowolfmon,ベオウルフモン,https://digimon.net/reference/detail.php?directory_name=beowolfmon,ハイブリッド体,戦士型,ヴァリアブル,68534bc80ffc7353c30e3a6c27c9d8115616bf4d95baefff718140015365467c,314,power:強大:+4 ; power:強力:+3 ; attack:力:+6 ; attack:剣:+6 ; speed:一瞬:+3 ; special_attack:火:+2 ; special_attack:光:+6 ; special_attack:熱:+2 ; type:TYPE_FIGHTING:闘士:profile:+2 ; type:TYPE_FIGHTING:戦士:profile:+4 ; type:TYPE_FIGHTING:戦士:official_type:+4 ; type_choice:TYPE_FIGHTING:10 ; growth:official_stage_plus_profile_power:medium_slow,107,161,107,120,152,107,754,TYPE_FIGHTING,,resolved_profile_evidence,86,305,GROWTH_MEDIUM_SLOW,high,profile-derived-v1
611,digimon,flamon,フレイモン,https://digimon.net/reference/detail.php?directory_name=flamon,ハイブリッド体,魔人型,ヴァリアブル,b4b88a4b48193e37222418932f69c55015e224f6e0871f4d2ee3f759faecb7d7,228,power:究極:+5 ; attack:パワー:+12 ; attack:刀:+3 ; special_attack:炎:+3 ; type:TYPE_FIRE:炎:profile:+2 ; type:TYPE_FIGHTING:闘士:profile:+2 ; type_candidate:TYPE_FIGHTING:2 ; type_placeholder:TYPE_NORMAL:low_evidence ; growth:profile:slow,103,170,103,103,116,103,698,TYPE_NORMAL,,unresolved_low_type_evidence,98,289,GROWTH_SLOW,medium,profile-derived-v1
612,digimon,blitzmon,ブリッツモン,https://digimon.net/reference/detail.php?directory_name=blitzmon,ハイブリッド体,サイボーグ型,ヴァリアブル,579ff86f436d85ad125fb398de77e31cf47409bb2a3465a3717447154542c35a,266,hp:巨体:+3 ; attack:力:+6 ; speed:高速:+5 ; speed:俊敏:+5 ; special_attack:火:+2 ; special_attack:雷:+6 ; type:TYPE_WATER:水中:profile:+2 ; type:TYPE_ELECTRIC:雷:profile:+4 ; type:TYPE_ELECTRIC:サンダー:profile:+2 ; type:TYPE_ELECTRIC:サンダー:move:+4 ; type:TYPE_GRASS:花:profile:+2 ; type:TYPE_GRASS:葉:profile:+2 ; type:TYPE_FIGHTING:闘士:profile:+2 ; type:TYPE_FLYING:天空:profile:+2 ; type:TYPE_STEEL:機械:profile:+2 ; type:TYPE_STEEL:サイボーグ:official_type:+5 ; type_choice:TYPE_ELECTRIC:10 ; type_choice:TYPE_STEEL:7 ; growth:official_stage_plus_profile_power:medium_slow,108,121,94,139,130,94,686,TYPE_ELECTRIC,TYPE_STEEL,resolved_profile_evidence,116,260,GROWTH_MEDIUM_SLOW,high,profile-derived-v1
613,digimon,blizzarmon,ブリザーモン,https://digimon.net/reference/detail.php?directory_name=blizzarmon,ハイブリッド体,獣型,ヴァリアブル,04c4b12a5f21b319ecfd569ee9972462f6e4fcb2bf1477d1236bd35b587b146f,281,power:神:+3 ; attack:力:+4 ; special_attack:雷:+6 ; special_attack:氷:+9 ; type:TYPE_ELECTRIC:雷:profile:+2 ; type:TYPE_ELECTRIC:雷:move:+4 ; type:TYPE_ICE:氷:profile:+6 ; type:TYPE_ICE:氷:move:+4 ; type:TYPE_ICE:雪:profile:+2 ; type:TYPE_FIGHTING:闘士:profile:+2 ; type:TYPE_NORMAL:獣型:official_type:+4 ; type_choice:TYPE_ICE:12 ; growth:official_stage_plus_profile_power:medium_slow,99,117,99,99,167,99,680,TYPE_ICE,,resolved_profile_evidence,106,278,GROWTH_MEDIUM_SLOW,high,profile-derived-v1
614,digimon,fairimon,フェアリモン,https://digimon.net/reference/detail.php?directory_name=fairimon,ハイブリッド体,妖精型,ヴァリアブル,e961107702dde6e783c6a618304789b49671e00f0c0867277aca39356f43a70e,267,power:神:+3 ; attack:力:+6 ; attack:突進:+3 ; special_defense:精神:+4 ; type:TYPE_FIGHTING:闘士:profile:+2 ; type:TYPE_PSYCHIC:精神:profile:+2 ; type:TYPE_FAIRY:妖精:official_type:+5 ; type_choice:TYPE_FAIRY:5 ; growth:official_stage_plus_profile_power:medium_slow,99,140,99,99,99,117,653,TYPE_FAIRY,,resolved_profile_evidence,116,259,GROWTH_MEDIUM_SLOW,medium,profile-derived-v1
615,digimon,chackmon,チャックモン,https://digimon.net/reference/detail.php?directory_name=chackmon,ハイブリッド体,獣人型,ヴァリアブル,95dec32d89150ee3e70d1c8272c272cf3b103b5b9bc38f61b7a7a3b26d4ad8ff,332,attack:力:+4 ; special_attack:氷:+6 ; type:TYPE_ICE:氷:profile:+4 ; type:TYPE_ICE:雪:profile:+4 ; type:TYPE_FIGHTING:闘士:profile:+2 ; type:TYPE_FIGHTING:獣人:official_type:+3 ; type:TYPE_NORMAL:獣人:official_type:+2 ; type_choice:TYPE_ICE:8 ; growth:official_stage_plus_profile_power:medium_slow,94,112,94,94,121,94,609,TYPE_ICE,,resolved_profile_evidence,134,232,GROWTH_MEDIUM_SLOW,medium,profile-derived-v1
616,digimon,duskmon,ダスクモン,https://digimon.net/reference/detail.php?directory_name=duskmon,ハイブリッド体,魔人型,ヴァリアブル,93a1f448c47af9bc57b0e233437e7f278b37a6f3f5f0c74318a38d9faa725a74,340,power:無敵:+8 ; power:王:+2 ; attack:力:+6 ; attack:剣:+3 ; attack:刀:+3 ; defense:鎧:+4 ; special_attack:エネルギー:+6 ; special_attack:念:+4 ; special_attack:光:+9 ; special_attack:闇:+9 ; special_attack:データ:+2 ; special_defense:吸収:+4 ; special_defense:聖:+2 ; type:TYPE_FIGHTING:闘士:profile:+2 ; type:TYPE_PSYCHIC:念:profile:+2 ; type:TYPE_PSYCHIC:催眠:profile:+2 ; type:TYPE_DARK:闇:profile:+6 ; type:TYPE_DARK:魔王:profile:+2 ; type:TYPE_DARK:邪悪:profile:+2 ; type:TYPE_FAIRY:聖なる:profile:+2 ; type:TYPE_FAIRY:聖:profile:+2 ; type_choice:TYPE_DARK:10 ; growth:official_stage_plus_profile_power:medium_slow,112,166,130,112,247,139,906,TYPE_DARK,,resolved_profile_evidence,34,390,GROWTH_MEDIUM_SLOW,high,profile-derived-v1
617,digimon,daipenmon,ダイペンモン,https://digimon.net/reference/detail.php?directory_name=daipenmon,ハイブリッド体,サイボーグ型,ヴァリアブル,3268de50cb5ed4f6d70d6207f1d53bbc3ddbdba0f56c4f29c44532fe6efc02ae,252,hp:巨大:+2 ; attack:力:+6 ; speed:一瞬:+3 ; special_attack:氷:+6 ; type:TYPE_ICE:氷:profile:+4 ; type:TYPE_FIGHTING:闘士:profile:+2 ; type:TYPE_FLYING:羽:profile:+4 ; type:TYPE_STEEL:サイボーグ:official_type:+5 ; type_choice:TYPE_STEEL:5 ; growth:official_stage_plus_profile_power:medium_slow,103,121,94,108,121,94,641,TYPE_STEEL,,resolved_profile_evidence,128,240,GROWTH_MEDIUM_SLOW,medium,profile-derived-v1
618,digimon,sephirothmon,セフィロトモン,https://digimon.net/reference/detail.php?directory_name=sephirothmon,ハイブリッド体,突然変異型,ヴァリアブル,add693c30c3aa84522891cbc07e93c166a408e6f3b519a6adeb4324073c1b4bb,266,attack:力:+4 ; speed:瞬時:+4 ; special_defense:吸収:+4 ; type:TYPE_FIGHTING:闘士:profile:+6 ; type:TYPE_STEEL:機械:profile:+2 ; type:TYPE_STEEL:鋼:profile:+2 ; type:TYPE_NORMAL:突然変異:official_type:+3 ; type_choice:TYPE_FIGHTING:6 ; growth:profile:erratic,94,112,94,112,94,112,618,TYPE_FIGHTING,,resolved_profile_evidence,134,230,GROWTH_ERRATIC,medium,profile-derived-v1
619,digimon,storabimon,ストラビモン,https://digimon.net/reference/detail.php?directory_name=storabimon,ハイブリッド体,獣人型,ヴァリアブル,32581066f46a9f20c240ce43474a7855b0d0ad223ddbab5328f2d60e18188463,201,attack:パワー:+8 ; attack:爪:+3 ; attack:刀:+3 ; special_attack:光:+3 ; type:TYPE_FIGHTING:獣人:official_type:+3 ; type:TYPE_NORMAL:獣人:official_type:+2 ; type_candidate:TYPE_FIGHTING:3 ; type_placeholder:TYPE_NORMAL:low_evidence ; growth:profile:slow,94,157,94,94,108,94,641,TYPE_NORMAL,,unresolved_low_type_evidence,121,256,GROWTH_SLOW,medium,profile-derived-v1
620,digimon,shutumon,シューツモン,https://digimon.net/reference/detail.php?directory_name=shutumon,ハイブリッド体,鳥人型,ヴァリアブル,f46cbed37a19b5cb8775826ea0bedb2b27316faed28bcfbcbb033b5368477d13,277,attack:力:+6 ; attack:爪:+3 ; special_attack:呪:+4 ; type:TYPE_GRASS:草:profile:+2 ; type:TYPE_FIGHTING:闘士:profile:+2 ; type:TYPE_FLYING:翼:profile:+2 ; type:TYPE_FLYING:空中:profile:+4 ; type:TYPE_FLYING:羽:profile:+2 ; type:TYPE_DARK:悪魔:profile:+2 ; type:TYPE_FLYING:鳥:official_type:+5 ; type_choice:TYPE_FLYING:13 ; growth:official_stage_plus_profile_power:medium_slow,94,134,94,94,112,94,622,TYPE_FLYING,,resolved_profile_evidence,129,241,GROWTH_MEDIUM_SLOW,high,profile-derived-v1
621,digimon,jetsilphymon,ジェットシルフィーモン,https://digimon.net/reference/detail.php?directory_name=jetsilphymon,ハイブリッド体,サイボーグ型,ヴァリアブル,6f0fa45db9f1aa6fefba0401e0d16c0633486503bc6436e295fc4eb3635e2fce,183,hp:巨大:+2 ; attack:パワー:+8 ; attack:力:+6 ; type:TYPE_FIGHTING:闘士:profile:+2 ; type:TYPE_FLYING:空中:profile:+4 ; type:TYPE_STEEL:サイボーグ:official_type:+5 ; type_choice:TYPE_STEEL:5 ; growth:official_stage_plus_profile_power:medium_slow,103,157,94,94,94,94,636,TYPE_STEEL,,resolved_profile_evidence,122,255,GROWTH_MEDIUM_SLOW,medium,profile-derived-v1
622,digimon,grottemon,グロットモン,https://digimon.net/reference/detail.php?directory_name=grottemon,ハイブリッド体,鬼人型,ヴァリアブル,c6d345691df310f5f3c920a450f678a869565131c4aad38a374f04dff87aae2e,327,attack:力:+6 ; attack:破壊:+4 ; type:TYPE_FIGHTING:闘士:profile:+2 ; type:TYPE_GROUND:地面:profile:+2 ; type:TYPE_GROUND:土:profile:+4 ; type:TYPE_ROCK:石:profile:+2 ; type_choice:TYPE_GROUND:6 ; growth:official_stage_plus_profile_power:medium_slow,94,139,94,94,94,94,609,TYPE_GROUND,,resolved_profile_evidence,130,240,GROWTH_MEDIUM_SLOW,medium,profile-derived-v1
623,digimon,gigasmon,ギガスモン,https://digimon.net/reference/detail.php?directory_name=gigasmon,ハイブリッド体,鉱物型,ヴァリアブル,3d9595aba6de971216b5441faef216e4800fed0545ad646fa9ae1bdf3bc2a95e,254,hp:巨大:+2 ; attack:力:+4 ; attack:叩:+2 ; speed:高速:+5 ; speed:瞬間:+3 ; special_attack:熱:+2 ; type:TYPE_FIGHTING:闘士:profile:+2 ; type:TYPE_GROUND:地面:profile:+4 ; type:TYPE_GROUND:土:profile:+6 ; type:TYPE_ROCK:鉱物:official_type:+4 ; type_choice:TYPE_GROUND:10 ; growth:official_stage_plus_profile_power:medium_slow,103,121,94,130,103,94,645,TYPE_GROUND,,resolved_profile_evidence,125,245,GROWTH_MEDIUM_SLOW,high,profile-derived-v1
624,digimon,garummon,ガルムモン,https://digimon.net/reference/detail.php?directory_name=garummon,ハイブリッド体,サイボーグ型,ヴァリアブル,2f08fda918a3aaaed9eca035a553806b02534a4a8d4cce7f2517c9ce957c17b5,264,power:超高:+6 ; power:神:+6 ; attack:力:+4 ; attack:爪:+3 ; attack:牙:+3 ; attack:突進:+3 ; speed:高速:+10 ; speed:超高速:+14 ; speed:スピード:+8 ; special_attack:エネルギー:+3 ; special_attack:レーザー:+8 ; special_attack:光:+9 ; type:TYPE_FIGHTING:闘士:profile:+2 ; type:TYPE_STEEL:サイボーグ:official_type:+5 ; type_choice:TYPE_STEEL:5 ; growth:official_stage_plus_profile_power:slow,116,174,116,255,206,116,983,TYPE_STEEL,,resolved_profile_evidence,14,419,GROWTH_SLOW,high,profile-derived-v1
625,digimon,calamaramon,カルマーラモン,https://digimon.net/reference/detail.php?directory_name=calamaramon,ハイブリッド体,水棲型,ヴァリアブル,8d5ff61cb723b8dd3d04ce7994c3656dea04619d559bedc24691e3f011e1eb58,285,hp:巨大:+4 ; attack:パワー:+4 ; attack:力:+6 ; defense:無効:+4 ; speed:高速:+5 ; special_defense:無効:+4 ; type:TYPE_WATER:水中:profile:+2 ; type:TYPE_FIGHTING:闘士:profile:+2 ; type:TYPE_FLYING:空中:profile:+2 ; type:TYPE_WATER:水棲:official_type:+5 ; type_choice:TYPE_WATER:7 ; growth:official_stage_plus_profile_power:medium_slow,112,139,112,116,94,112,685,TYPE_WATER,,resolved_profile_evidence,116,260,GROWTH_MEDIUM_SLOW,high,profile-derived-v1
626,digimon,kaisergreymon,カイゼルグレイモン,https://digimon.net/reference/detail.php?directory_name=kaisergreymon,ハイブリッド体,竜戦士型,ヴァリアブル,201734efdf45d098afc6c49cbf1c8c8d37853c96916e0b7b0f2fc372c209054e,261,attack:パワー:+4 ; attack:力:+6 ; attack:剣:+9 ; special_attack:炎:+9 ; special_attack:光:+3 ; type:TYPE_FIRE:炎:profile:+6 ; type:TYPE_FIRE:炎:move:+4 ; type:TYPE_FIGHTING:闘士:profile:+2 ; type:TYPE_GROUND:大地:profile:+6 ; type:TYPE_GHOST:魂:profile:+6 ; type:TYPE_DRAGON:龍:profile:+6 ; type:TYPE_DRAGON:龍:move:+8 ; type:TYPE_DRAGON:竜:official_type:+5 ; type:TYPE_FIGHTING:戦士:official_type:+4 ; type_choice:TYPE_DRAGON:19 ; growth:official_stage_plus_profile_power:medium_slow,94,180,94,94,148,94,704,TYPE_DRAGON,,resolved_profile_evidence,104,283,GROWTH_MEDIUM_SLOW,high,profile-derived-v1
627,digimon,kaiserleomon,カイザーレオモン,https://digimon.net/reference/detail.php?directory_name=kaiserleomon,ハイブリッド体,サイボーグ型,ヴァリアブル,5f80b4ddbb570aacaf98dd9ff13b4a79490603746b88348eab561d580f425121,307,attack:力:+4 ; defense:防御:+5 ; defense:装甲:+5 ; special_attack:魔力:+5 ; special_attack:呪:+4 ; special_attack:闇:+6 ; special_defense:魔力:+2 ; type:TYPE_FIGHTING:闘士:profile:+2 ; type:TYPE_DARK:闇:profile:+4 ; type:TYPE_STEEL:金属:profile:+2 ; type:TYPE_STEEL:装甲:profile:+2 ; type:TYPE_STEEL:サイボーグ:official_type:+5 ; type_choice:TYPE_STEEL:9 ; growth:official_stage_plus_profile_power:medium_slow,94,112,139,94,162,103,704,TYPE_STEEL,,resolved_profile_evidence,108,275,GROWTH_MEDIUM_SLOW,high,profile-derived-v1
628,digimon,vritramon,ヴリトラモン,https://digimon.net/reference/detail.php?directory_name=vritramon,ハイブリッド体,魔竜型,ヴァリアブル,97f239663b0f065786149ddd5498be7d45d38419a83fc722b37ae70778789915,307,power:強大:+4 ; power:神:+6 ; attack:力:+4 ; speed:一瞬:+3 ; special_attack:エネルギー:+3 ; special_attack:レーザー:+4 ; special_attack:炎:+6 ; special_attack:火:+6 ; special_attack:雷:+3 ; special_attack:データ:+2 ; special_attack:熱:+6 ; special_attack:爆発:+3 ; type:TYPE_FIRE:炎:profile:+4 ; type:TYPE_FIRE:火炎:profile:+2 ; type:TYPE_FIRE:溶岩:profile:+2 ; type:TYPE_FIRE:フレイム:profile:+2 ; type:TYPE_FIRE:フレイム:move:+4 ; type:TYPE_ELECTRIC:雷:profile:+2 ; type:TYPE_FIGHTING:闘士:profile:+2 ; type:TYPE_FLYING:翼:profile:+2 ; type:TYPE_ROCK:岩:profile:+2 ; type:TYPE_DRAGON:竜:profile:+2 ; type:TYPE_DRAGON:龍:profile:+2 ; type:TYPE_DRAGON:竜:official_type:+5 ; type_choice:TYPE_FIRE:14 ; growth:official_stage_plus_profile_power:medium_slow,112,130,112,126,255,112,847,TYPE_FIRE,,resolved_profile_evidence,44,379,GROWTH_MEDIUM_SLOW,high,profile-derived-v1
629,digimon,wolfmon,ヴォルフモン,https://digimon.net/reference/detail.php?directory_name=wolfmon,ハイブリッド体,戦士型,ヴァリアブル,f31f57275c5b5b1af028e3c08a37f1a209d3368c7af24a7dda094e72ae520973,312,power:神:+3 ; attack:力:+4 ; attack:剣:+3 ; attack:斬:+3 ; special_attack:光:+9 ; special_defense:精神:+4 ; special_defense:聖:+6 ; type:TYPE_FIGHTING:闘士:profile:+2 ; type:TYPE_FIGHTING:戦士:profile:+2 ; type:TYPE_PSYCHIC:精神:profile:+2 ; type:TYPE_FAIRY:聖なる:profile:+4 ; type:TYPE_FAIRY:聖:profile:+6 ; type:TYPE_FIGHTING:戦士:official_type:+4 ; type_choice:TYPE_FAIRY:10 ; type_choice:TYPE_FIGHTING:8 ; growth:official_stage_plus_profile_power:medium_slow,99,144,99,99,140,144,725,TYPE_FAIRY,TYPE_FIGHTING,resolved_profile_evidence,102,280,GROWTH_MEDIUM_SLOW,high,profile-derived-v1
630,digimon,arbormon,アルボルモン,https://digimon.net/reference/detail.php?directory_name=arbormon,ハイブリッド体,サイボーグ型,ヴァリアブル,6b381c4def7fef4a6ab1b8a7d6500facd66d6b7722c6192aafa7fc5c3d0ee06e,305,power:強力:+3 ; power:弱い:-4 ; hp:巨大:+2 ; attack:力:+6 ; speed:俊敏:+5 ; special_attack:火:+4 ; special_attack:データ:+2 ; type:TYPE_GRASS:植物:profile:+2 ; type:TYPE_FIGHTING:闘士:profile:+2 ; type:TYPE_STEEL:サイボーグ:official_type:+5 ; type_choice:TYPE_STEEL:5 ; growth:official_stage_plus_profile_power:medium_slow,101,119,92,115,119,92,638,TYPE_STEEL,,resolved_profile_evidence,129,238,GROWTH_MEDIUM_SLOW,high,profile-derived-v1
631,digimon,aldamon,アルダモン,https://digimon.net/reference/detail.php?directory_name=aldamon,ハイブリッド体,魔人型,ヴァリアブル,21e0ac0cbb5d556d84bfc14ac052475d3be150f88c25fe461b4996cf3730e660,346,power:超高:+3 ; power:神:+9 ; attack:力:+6 ; attack:格闘:+4 ; attack:破壊:+4 ; speed:高速:+5 ; special_attack:炎:+3 ; special_attack:火:+2 ; special_attack:熱:+2 ; special_attack:爆発:+3 ; special_defense:聖:+2 ; type:TYPE_FIRE:炎:profile:+2 ; type:TYPE_FIGHTING:格闘:profile:+2 ; type:TYPE_FIGHTING:闘士:profile:+2 ; type:TYPE_FAIRY:聖なる:profile:+2 ; type:TYPE_FAIRY:聖:profile:+2 ; type_candidate:TYPE_FAIRY:4 ; type_placeholder:TYPE_NORMAL:low_evidence ; growth:official_stage_plus_profile_power:slow,116,179,116,138,161,125,835,TYPE_NORMAL,,unresolved_low_type_evidence,58,346,GROWTH_SLOW,medium,profile-derived-v1
632,digimon,agnimon,アグニモン,https://digimon.net/reference/detail.php?directory_name=agnimon,ハイブリッド体,魔人型,ヴァリアブル,490a47822f02d4acc13c7abf5a8c198f8e56c10cd541b8e001f385d417b6a861,272,power:神:+6 ; attack:力:+6 ; attack:拳:+6 ; defense:防御:+5 ; special_attack:炎:+9 ; special_attack:火:+6 ; special_attack:熱:+2 ; special_defense:精神:+4 ; special_defense:聖:+2 ; special_defense:守護:+4 ; type:TYPE_FIRE:炎:profile:+6 ; type:TYPE_FIRE:火炎:profile:+4 ; type:TYPE_GRASS:葉:profile:+2 ; type:TYPE_FIGHTING:拳:profile:+4 ; type:TYPE_FIGHTING:闘士:profile:+2 ; type:TYPE_PSYCHIC:精神:profile:+2 ; type:TYPE_DRAGON:竜:profile:+2 ; type:TYPE_FAIRY:聖なる:profile:+2 ; type:TYPE_FAIRY:聖:profile:+2 ; type_choice:TYPE_FIRE:10 ; growth:official_stage_plus_profile_power:medium_slow,105,159,127,105,181,150,827,TYPE_FIRE,,resolved_profile_evidence,69,330,GROWTH_MEDIUM_SLOW,high,profile-derived-v1
633,digimon,rinkmon,リンクモン,https://digimon.net/reference/detail.php?directory_name=rinkmon,アーマー体,サイボーグ型,フリー,79bca4ad9b956801c54de7e6c8948fefa92b7199f013121c6e13122b26287681,279,power:弱い:-4 ; attack:パワー:+4 ; attack:力:+2 ; attack:格闘:+4 ; speed:高速:+5 ; speed:スピード:+12 ; speed:俊敏:+5 ; speed:加速:+12 ; special_attack:光:+6 ; special_attack:データ:+4 ; type:TYPE_FIGHTING:格闘:profile:+2 ; type:TYPE_STEEL:サイボーグ:profile:+2 ; type:TYPE_STEEL:サイボーグ:official_type:+5 ; type_choice:TYPE_STEEL:7 ; growth:official_stage_plus_profile_power:medium_fast,79,124,79,232,124,79,717,TYPE_STEEL,,resolved_profile_evidence,91,310,GROWTH_MEDIUM_FAST,high,profile-derived-v1
634,digimon,lynxmon,ランクスモン,https://digimon.net/reference/detail.php?directory_name=lynxmon,アーマー体,獣型,フリー,3442ffb0d7ba8dd95b72798c54b1f87e3feb37357444d93795fb2ac1542455ed,193,attack:パワー:+4 ; special_attack:エネルギー:+3 ; special_attack:炎:+3 ; special_attack:熱:+4 ; special_attack:爆発:+3 ; type:TYPE_FIRE:炎:profile:+2 ; type:TYPE_NORMAL:獣型:official_type:+4 ; type_candidate:TYPE_NORMAL:4 ; type_placeholder:TYPE_NORMAL:low_evidence ; growth:official_stage_plus_profile_power:medium_fast,86,104,86,86,144,86,592,TYPE_NORMAL,,unresolved_low_type_evidence,133,238,GROWTH_MEDIUM_FAST,medium,profile-derived-v1
635,digimon,rhinomon,ライノモン,https://digimon.net/reference/detail.php?directory_name=rhinomon,アーマー体,哺乳類型,フリー,034f6cad2162acc1656343753ccec7cd35c2bb01fc66e3ebb49de31103b545f9,304,attack:パワー:+8 ; attack:突進:+3 ; attack:破壊:+4 ; defense:装甲:+5 ; defense:鎧:+12 ; defense:バリア:+4 ; speed:素早:+5 ; special_attack:レーザー:+4 ; special_attack:光:+3 ; special_attack:データ:+4 ; special_defense:バリア:+4 ; type:TYPE_STEEL:装甲:profile:+2 ; type:TYPE_NORMAL:哺乳類:profile:+2 ; type_candidate:TYPE_NORMAL:2 ; type_placeholder:TYPE_NORMAL:low_evidence ; growth:official_stage_plus_profile_power:medium_fast,86,154,180,108,136,104,768,TYPE_NORMAL,,unresolved_low_type_evidence,92,299,GROWTH_MEDIUM_FAST,medium,profile-derived-v1
636,digimon,lighdramon,ライドラモン,https://digimon.net/reference/detail.php?directory_name=lighdramon,アーマー体,獣型,フリー,cbdfea8cd030231995f526d4ee091d1895877a8a12673ee66276ce5488dec58f,184,attack:パワー:+4 ; speed:素早:+5 ; special_attack:雷:+3 ; special_attack:電撃:+12 ; type:TYPE_ELECTRIC:雷:profile:+2 ; type:TYPE_ELECTRIC:電撃:profile:+6 ; type:TYPE_ELECTRIC:ライトニング:profile:+2 ; type:TYPE_ELECTRIC:ライトニング:move:+4 ; type:TYPE_ELECTRIC:サンダー:profile:+2 ; type:TYPE_ELECTRIC:サンダー:move:+4 ; type:TYPE_GROUND:大地:profile:+2 ; type:TYPE_NORMAL:獣型:official_type:+4 ; type_choice:TYPE_ELECTRIC:20 ; growth:official_stage_plus_profile_power:medium_fast,86,104,86,108,154,86,624,TYPE_ELECTRIC,,resolved_profile_evidence,125,250,GROWTH_MEDIUM_FAST,high,profile-derived-v1
637,digimon,yaksamon,ヤシャモン,https://digimon.net/reference/detail.php?directory_name=yaksamon,アーマー体,魔人型,フリー,829bd273a3aaf2c7955a586fef690484539603f42ef82455e2ae7943c95433fb,202,power:凄まじ:+3 ; power:神:+3 ; attack:パワー:+8 ; attack:力:+4 ; attack:刀:+9 ; special_attack:衝撃波:+3 ; type:TYPE_PSYCHIC:超能力:profile:+2 ; type_candidate:TYPE_PSYCHIC:2 ; type_placeholder:TYPE_NORMAL:low_evidence ; growth:official_stage_plus_profile_power:medium_fast,97,191,97,97,110,97,689,TYPE_NORMAL,,unresolved_low_type_evidence,94,299,GROWTH_MEDIUM_FAST,medium,profile-derived-v1
638,digimon,mothmon,モスモン,https://digimon.net/reference/detail.php?directory_name=mothmon,アーマー体,昆虫型,フリー,daf811fcd071a552c22ae795631a7922b7bf235975cf9bc7aaaca3322abcf47d,295,hp:タフ:+4 ; attack:パワー:+4 ; special_attack:火:+2 ; type:TYPE_FLYING:羽:profile:+2 ; type:TYPE_BUG:昆虫:profile:+2 ; type:TYPE_BUG:昆虫:official_type:+5 ; type_choice:TYPE_BUG:7 ; growth:official_stage_plus_profile_power:medium_fast,104,104,86,86,95,86,561,TYPE_BUG,,resolved_profile_evidence,147,212,GROWTH_MEDIUM_FAST,medium,profile-derived-v1
639,digimon,maildramon,メイルドラモン,https://digimon.net/reference/detail.php?directory_name=maildramon,アーマー体,サイボーグ型,フリー,e1557fa9a3160b8c669add37cf77c4b921ebaa956d46ae9f76cb5c3853f6af76,184,hp:巨体:+6 ; hp:耐久:+4 ; attack:パワー:+8 ; attack:力:+2 ; defense:装甲:+5 ; defense:耐久:+4 ; type:TYPE_DRAGON:竜:profile:+2 ; type:TYPE_STEEL:サイボーグ:profile:+2 ; type:TYPE_STEEL:装甲:profile:+2 ; type:TYPE_STEEL:サイボーグ:official_type:+5 ; type_choice:TYPE_STEEL:9 ; growth:official_stage_plus_profile_power:medium_fast,131,131,126,86,86,86,646,TYPE_STEEL,,resolved_profile_evidence,125,246,GROWTH_MEDIUM_FAST,high,profile-derived-v1
640,digimon,moosemon,ムースモン,https://digimon.net/reference/detail.php?directory_name=moosemon,アーマー体,古代獣型,フリー,2cad77bd8504f640757ca83e7c102fb014c6ff4a3143400737dda9f6cf488fbb,320,power:神:+3 ; hp:巨大:+2 ; attack:パワー:+4 ; attack:切断:+4 ; defense:守り:+6 ; special_attack:雷:+3 ; type:TYPE_ELECTRIC:雷:profile:+2 ; type:TYPE_ICE:雪:profile:+2 ; type:TYPE_NORMAL:獣型:official_type:+4 ; type_candidate:TYPE_NORMAL:4 ; type_placeholder:TYPE_NORMAL:low_evidence ; growth:profile:slow,100,127,118,91,105,91,632,TYPE_NORMAL,,unresolved_low_type_evidence,123,248,GROWTH_SLOW,medium,profile-derived-v1
641,digimon,manbomon,マンボモン,https://digimon.net/reference/detail.php?directory_name=manbomon,アーマー体,突然変異型,フリー,2406b6ebecd7dd71f23014fd9b3824a6536f91fc08b99e686f014b630d3bb7dd,289,attack:パワー:+4 ; special_attack:光:+3 ; type:TYPE_WATER:海:profile:+4 ; type:TYPE_NORMAL:突然変異:official_type:+3 ; type_candidate:TYPE_WATER:4 ; type_placeholder:TYPE_NORMAL:low_evidence ; growth:official_stage_plus_profile_power:medium_fast,86,104,86,86,100,86,548,TYPE_NORMAL,,unresolved_low_type_evidence,149,208,GROWTH_MEDIUM_FAST,medium,profile-derived-v1
642,digimon,mantaraymon,マンタレイモン,https://digimon.net/reference/detail.php?directory_name=mantaraymon,アーマー体,水棲型,フリー,f4af1890918f95457d405904849f79f2edbe64fe9984b074e326f210a648f78e,325,attack:パワー:+4 ; speed:スピード:+4 ; special_attack:電気:+3 ; type:TYPE_WATER:海:profile:+4 ; type:TYPE_WATER:深海:profile:+2 ; type:TYPE_WATER:水中:profile:+2 ; type:TYPE_WATER:水棲:profile:+2 ; type:TYPE_ELECTRIC:電気:profile:+2 ; type:TYPE_WATER:水棲:official_type:+5 ; type_choice:TYPE_WATER:15 ; growth:official_stage_plus_profile_power:medium_fast,86,104,86,104,100,86,566,TYPE_WATER,,resolved_profile_evidence,146,213,GROWTH_MEDIUM_FAST,medium,profile-derived-v1
643,digimon,magnamon,マグナモン,https://digimon.net/reference/detail.php?directory_name=magnamon,アーマー体,聖騎士型,フリー,e5cb1764dbbc86dece2f20fee4b8c3e3789f396b0fd492e1378b26b87e4a65a8,301,power:究極:+5 ; power:絶大:+5 ; attack:パワー:+8 ; attack:力:+6 ; defense:防御:+5 ; special_attack:レーザー:+4 ; special_attack:光:+3 ; special_attack:爆発:+3 ; special_defense:聖:+2 ; type:TYPE_STEEL:金属:profile:+2 ; type:TYPE_FAIRY:聖:profile:+2 ; type:TYPE_FAIRY:聖:official_type:+3 ; type_choice:TYPE_FAIRY:5 ; growth:official_stage_plus_profile_power:medium_fast,104,167,126,104,149,113,763,TYPE_FAIRY,,resolved_profile_evidence,77,317,GROWTH_MEDIUM_FAST,high,profile-derived-v1
644,digimon,ponchomon,ポンチョモン,https://digimon.net/reference/detail.php?directory_name=ponchomon,アーマー体,ゴースト型,フリー,adb3e2692b9dc1670d8845fc162c5180f06b6b43cebcbeb32edd9819a3cf687d,379,attack:パワー:+4 ; attack:力:+2 ; attack:拳:+3 ; attack:パンチ:+3 ; attack:破壊:+4 ; attack:叩:+2 ; type:TYPE_GRASS:植物:profile:+2 ; type:TYPE_FIGHTING:拳:profile:+2 ; type:TYPE_FIGHTING:パンチ:profile:+2 ; type_candidate:TYPE_FIGHTING:4 ; type_placeholder:TYPE_NORMAL:low_evidence ; growth:official_stage_plus_profile_power:medium_fast,86,167,86,86,86,86,597,TYPE_NORMAL,,unresolved_low_type_evidence,127,249,GROWTH_MEDIUM_FAST,medium,profile-derived-v1
645,digimon,holsmon,ホルスモン,https://digimon.net/reference/detail.php?directory_name=holsmon,アーマー体,獣型,フリー,6ebc05264e0088688a2248f564ce469625a32430cad9e0795e0b16772876bd3e,229,hp:巨大:+2 ; attack:パワー:+4 ; speed:スピード:+4 ; special_attack:衝撃波:+3 ; special_attack:呪:+4 ; special_attack:光:+6 ; type:TYPE_FLYING:翼:profile:+4 ; type:TYPE_FLYING:空中:profile:+2 ; type:TYPE_FLYING:大空:profile:+2 ; type:TYPE_FLYING:天空:profile:+2 ; type:TYPE_DRAGON:竜:profile:+2 ; type:TYPE_NORMAL:獣型:official_type:+4 ; type_choice:TYPE_FLYING:10 ; growth:official_stage_plus_profile_power:medium_fast,95,104,86,104,144,86,619,TYPE_FLYING,,resolved_profile_evidence,128,245,GROWTH_MEDIUM_FAST,high,profile-derived-v1
646,digimon,boarmon,ボアモン,https://digimon.net/reference/detail.php?directory_name=boarmon,アーマー体,哺乳類型,フリー,ac31be0f33ec7e030e6bdcefea3944c4b300f285f4d5a30a7b3d3f25e2935e35,252,attack:パワー:+4 ; speed:走:+2 ; special_attack:念:+4 ; special_attack:炎:+3 ; special_attack:熱:+2 ; type:TYPE_FIRE:炎:profile:+2 ; type:TYPE_GRASS:葉:profile:+2 ; type:TYPE_PSYCHIC:念:profile:+2 ; type:TYPE_NORMAL:哺乳類:profile:+2 ; type_candidate:TYPE_FIRE:2 ; type_placeholder:TYPE_NORMAL:low_evidence ; growth:official_stage_plus_profile_power:medium_fast,86,104,86,95,126,86,583,TYPE_NORMAL,,unresolved_low_type_evidence,138,227,GROWTH_MEDIUM_FAST,medium,profile-derived-v1
647,digimon,pegasmon,ペガスモン,https://digimon.net/reference/detail.php?directory_name=pegasmon,アーマー体,聖獣型,フリー,9a1fbb58bff4cef922f00023232272a22c4c8b1fbd2e957012ac826bde5f146e,225,power:神:+6 ; attack:パワー:+4 ; attack:力:+4 ; special_attack:光:+3 ; special_defense:神聖:+6 ; special_defense:聖:+6 ; type:TYPE_FLYING:翼:profile:+2 ; type:TYPE_DARK:邪悪:profile:+2 ; type:TYPE_FAIRY:神聖:profile:+4 ; type:TYPE_FAIRY:聖なる:profile:+2 ; type:TYPE_FAIRY:聖:profile:+6 ; type:TYPE_FAIRY:聖:official_type:+3 ; type:TYPE_NORMAL:獣型:official_type:+4 ; type:TYPE_FAIRY:聖獣:official_type:+4 ; type:TYPE_NORMAL:聖獣:official_type:+2 ; type_choice:TYPE_FAIRY:19 ; growth:official_stage_plus_profile_power:medium_fast,97,133,97,97,110,151,685,TYPE_FAIRY,,resolved_profile_evidence,103,280,GROWTH_MEDIUM_FAST,high,profile-derived-v1
648,digimon,frogmon,フロッグモン,https://digimon.net/reference/detail.php?directory_name=frogmon,アーマー体,突然変異型,フリー,de21cc6f2ea7312d189b3798a7b18b0c643c56619de133d20e4ef5e852f7b650,342,attack:パワー:+4 ; speed:飛行:+2 ; special_attack:エネルギー:+3 ; special_attack:データ:+2 ; type:TYPE_FLYING:飛行:profile:+2 ; type:TYPE_NORMAL:突然変異:official_type:+3 ; type_candidate:TYPE_NORMAL:3 ; type_placeholder:TYPE_NORMAL:low_evidence ; growth:official_stage_plus_profile_power:medium_fast,86,104,86,95,108,86,565,TYPE_NORMAL,,unresolved_low_type_evidence,145,215,GROWTH_MEDIUM_FAST,medium,profile-derived-v1
649,digimon,prairiemon,プレイリモン,https://digimon.net/reference/detail.php?directory_name=prairiemon,アーマー体,獣型,フリー,e14ddd36dced88a581156d09a604d761bc18840a13279ab5c61ad890d59c6e16,270,attack:パワー:+4 ; attack:爪:+3 ; attack:斬:+3 ; speed:素早:+5 ; speed:加速:+4 ; special_attack:光:+3 ; type:TYPE_GROUND:大地:profile:+2 ; type:TYPE_GROUND:地面:profile:+2 ; type:TYPE_GROUND:地中:profile:+2 ; type:TYPE_NORMAL:獣型:official_type:+4 ; type_choice:TYPE_GROUND:6 ; growth:official_stage_plus_profile_power:medium_fast,86,131,86,126,100,86,615,TYPE_GROUND,,resolved_profile_evidence,131,238,GROWTH_MEDIUM_FAST,high,profile-derived-v1
650,digimon,fladramon,フレイドラモン,https://digimon.net/reference/detail.php?directory_name=fladramon,アーマー体,竜人型,フリー,e9b3f08118b4d49433f81461d89734098b41d8ab73005f30de968e734773bfe3,193,attack:パワー:+8 ; attack:力:+2 ; attack:格闘:+4 ; attack:拳:+3 ; attack:粉砕:+5 ; special_attack:炎:+9 ; type:TYPE_FIRE:炎:profile:+6 ; type:TYPE_FIGHTING:格闘:profile:+2 ; type:TYPE_FIGHTING:拳:profile:+2 ; type:TYPE_DRAGON:竜:profile:+2 ; type:TYPE_DRAGON:竜:official_type:+5 ; type_choice:TYPE_DRAGON:7 ; type_choice:TYPE_FIRE:6 ; growth:official_stage_plus_profile_power:medium_fast,86,185,86,86,126,86,655,TYPE_DRAGON,TYPE_FIRE,resolved_profile_evidence,112,272,GROWTH_MEDIUM_FAST,high,profile-derived-v1
651,digimon,flawizarmon,フレイウィザーモン,https://digimon.net/reference/detail.php?directory_name=flawizarmon,アーマー体,魔人型,ウィルス,3404b544418df4f5c1e04f3e5c9818330f18cd5db1327a53c9fbec3eae2026d3,162,special_attack:炎:+6 ; type:TYPE_FIRE:炎:profile:+4 ; type_candidate:TYPE_FIRE:4 ; type_placeholder:TYPE_NORMAL:low_evidence ; growth:official_stage_plus_profile_power:medium_fast,86,86,86,86,113,86,543,TYPE_NORMAL,,unresolved_low_type_evidence,148,211,GROWTH_MEDIUM_FAST,low,profile-derived-v1
652,digimon,bullmon,ブルモン,https://digimon.net/reference/detail.php?directory_name=bullmon,アーマー体,哺乳類型,フリー,5207fb81a03f26d26eaf5168cb380e1820bd264c74b419db3bf4b0301483a0a3,189,power:凄まじ:+3 ; attack:パワー:+4 ; attack:力:+6 ; attack:突進:+9 ; attack:破壊:+4 ; speed:スピード:+4 ; type:TYPE_NORMAL:哺乳類:profile:+2 ; type_candidate:TYPE_NORMAL:2 ; type_placeholder:TYPE_NORMAL:low_evidence ; growth:official_stage_plus_profile_power:medium_fast,91,195,91,109,91,91,668,TYPE_NORMAL,,unresolved_low_type_evidence,103,288,GROWTH_MEDIUM_FAST,medium,profile-derived-v1
653,digimon,flybeemon,フライビーモン,https://digimon.net/reference/detail.php?directory_name=flybeemon,アーマー体,昆虫型,フリー,72b5fae07cb62769804faba48acb5ed2ca8b2c226f247ff215dec511324ca144,305,power:究極:+5 ; hp:タフ:+4 ; attack:パワー:+4 ; attack:力:+2 ; defense:硬質:+4 ; speed:高速:+5 ; special_attack:電撃:+4 ; type:TYPE_ELECTRIC:電撃:profile:+2 ; type:TYPE_FLYING:羽:profile:+2 ; type:TYPE_BUG:昆虫:profile:+2 ; type:TYPE_BUG:昆虫:official_type:+5 ; type_choice:TYPE_BUG:7 ; growth:official_stage_plus_profile_power:medium_fast,113,122,113,118,113,95,674,TYPE_BUG,,resolved_profile_evidence,112,262,GROWTH_MEDIUM_FAST,high,profile-derived-v1
654,digimon,pteranomon,プテラノモン,https://digimon.net/reference/detail.php?directory_name=pteranomon,アーマー体,翼竜型,フリー,e8c2f53f1e1f36975080b96b27c30d49b1261196ea28ac84a188d0916512d245,218,attack:パワー:+4 ; attack:力:+2 ; attack:破壊:+4 ; defense:装甲:+5 ; speed:飛行:+2 ; type:TYPE_FLYING:飛行:profile:+2 ; type:TYPE_FLYING:翼:profile:+4 ; type:TYPE_DRAGON:竜:profile:+2 ; type:TYPE_STEEL:鋼:profile:+2 ; type:TYPE_STEEL:鉄:profile:+2 ; type:TYPE_STEEL:装甲:profile:+2 ; type:TYPE_DRAGON:竜:official_type:+5 ; type_choice:TYPE_DRAGON:7 ; type_choice:TYPE_FLYING:6 ; growth:official_stage_plus_profile_power:medium_fast,86,131,108,95,86,86,592,TYPE_DRAGON,TYPE_FLYING,resolved_profile_evidence,135,232,GROWTH_MEDIUM_FAST,high,profile-derived-v1
655,digimon,pucchiemon-green,プッチーモン（緑）,https://digimon.net/reference/detail.php?directory_name=pucchiemon-green,アーマー体,妖精型,フリー,ce7ae79d935df593d878a57ec1ee354d5ec1f52250daf98443f971c719bd1e2f,244,attack:パワー:+4 ; attack:力:+4 ; special_attack:ビーム:+8 ; special_attack:光:+3 ; type:TYPE_FAIRY:妖精:profile:+2 ; type:TYPE_FAIRY:妖精:official_type:+5 ; type_choice:TYPE_FAIRY:7 ; growth:official_stage_plus_profile_power:medium_fast,86,122,86,86,136,86,602,TYPE_FAIRY,,resolved_profile_evidence,132,237,GROWTH_MEDIUM_FAST,medium,profile-derived-v1
656,digimon,pucchiemon,プッチーモン,https://digimon.net/reference/detail.php?directory_name=pucchiemon,アーマー体,妖精型,フリー,c12b5693f3832971120f827a994692b5d05f167c36dca2bff59a8711d8fbbadb,257,attack:パワー:+4 ; attack:力:+4 ; special_attack:ビーム:+8 ; special_attack:光:+3 ; type:TYPE_FAIRY:妖精:profile:+2 ; type:TYPE_FAIRY:妖精:official_type:+5 ; type_choice:TYPE_FAIRY:7 ; growth:official_stage_plus_profile_power:medium_fast,86,122,86,86,136,86,602,TYPE_FAIRY,,resolved_profile_evidence,132,237,GROWTH_MEDIUM_FAST,medium,profile-derived-v1
657,digimon,pipismon,ピピスモン,https://digimon.net/reference/detail.php?directory_name=pipismon,アーマー体,突然変異型,フリー,54a6dd5448514ed29dbc4b9f4439f2d05c9c5d8fbcdabb03058af1609d817f7f,294,attack:パワー:+4 ; attack:破壊:+4 ; special_attack:電気:+3 ; special_attack:闇:+6 ; special_attack:音波:+8 ; special_attack:データ:+2 ; type:TYPE_ELECTRIC:電気:profile:+2 ; type:TYPE_DARK:闇:profile:+4 ; type:TYPE_NORMAL:突然変異:official_type:+3 ; type_candidate:TYPE_DARK:4 ; type_placeholder:TYPE_NORMAL:low_evidence ; growth:official_stage_plus_profile_power:medium_fast,86,122,86,86,172,86,638,TYPE_NORMAL,,unresolved_low_type_evidence,118,262,GROWTH_MEDIUM_FAST,medium,profile-derived-v1
658,digimon,bitmon,ビットモン,https://digimon.net/reference/detail.php?directory_name=bitmon,アーマー体,哺乳類型,フリー,366a2cc2de96bb1780c34bb556da50bfa4c51eb29cfbe4c25f14a7cb607bdd26,259,attack:パワー:+4 ; attack:爪:+3 ; defense:防御:+5 ; defense:鎧:+4 ; defense:硬質:+4 ; speed:走:+2 ; type:TYPE_GROUND:地中:profile:+2 ; type:TYPE_ROCK:石:profile:+4 ; type:TYPE_ROCK:鉱石:profile:+2 ; type:TYPE_NORMAL:哺乳類:profile:+2 ; type_choice:TYPE_ROCK:6 ; growth:profile:slow,86,118,144,95,86,86,615,TYPE_ROCK,,resolved_profile_evidence,128,244,GROWTH_SLOW,high,profile-derived-v1
659,digimon,peacockmon,ピーコックモン,https://digimon.net/reference/detail.php?directory_name=peacockmon,アーマー体,マシーン型,フリー,3dc82511dff2250b2dac8036c43238665b1dd246b891db9c841b8181d9d613a5,243,power:超高:+3 ; attack:パワー:+4 ; speed:高速:+5 ; speed:超高速:+7 ; speed:飛行:+2 ; special_attack:レーザー:+8 ; special_attack:光:+3 ; type:TYPE_FLYING:飛行:profile:+2 ; type:TYPE_FLYING:鳥:profile:+2 ; type:TYPE_STEEL:マシーン:profile:+2 ; type:TYPE_STEEL:マシーン:official_type:+5 ; type_choice:TYPE_STEEL:7 ; growth:official_stage_plus_profile_power:medium_fast,91,109,91,154,141,91,677,TYPE_STEEL,,resolved_profile_evidence,109,272,GROWTH_MEDIUM_FAST,high,profile-derived-v1
660,digimon,baromon,バロモン,https://digimon.net/reference/detail.php?directory_name=baromon,アーマー体,魔人型,フリー,2af9f70804d0817c2497a8e7f513bf1b929a14497b12f6aa5f08e17243ac26dc,305,power:神:+3 ; attack:パワー:+4 ; attack:力:+2 ; special_attack:データ:+4 ; special_defense:霊:+6 ; special_defense:守護:+4 ; type:TYPE_ROCK:石:profile:+2 ; type:TYPE_GHOST:霊:profile:+4 ; type_candidate:TYPE_GHOST:4 ; type_placeholder:TYPE_NORMAL:low_evidence ; growth:profile:slow,91,118,91,91,109,136,636,TYPE_NORMAL,,unresolved_low_type_evidence,121,253,GROWTH_SLOW,medium,profile-derived-v1
661,digimon,honeybeemon,ハニービーモン,https://digimon.net/reference/detail.php?directory_name=honeybeemon,アーマー体,昆虫型,フリー,4bd38c0b2dbbd0ded7f53741ff48a961a051b6f4270121acfad0442fca6d7758,314,power:弱い:-4 ; power:小型:-1 ; attack:パワー:+4 ; attack:力:+2 ; speed:素早:+5 ; speed:スピード:+4 ; special_attack:毒:+6 ; type:TYPE_POISON:毒:profile:+4 ; type:TYPE_POISON:ポイズン:profile:+2 ; type:TYPE_POISON:ポイズン:move:+4 ; type:TYPE_BUG:昆虫:profile:+2 ; type:TYPE_BUG:昆虫:official_type:+5 ; type_choice:TYPE_POISON:10 ; type_choice:TYPE_BUG:7 ; growth:official_stage_plus_profile_power:medium_fast,77,104,77,118,104,77,557,TYPE_POISON,TYPE_BUG,resolved_profile_evidence,145,217,GROWTH_MEDIUM_FAST,high,profile-derived-v1
662,digimon,butterflamon,バタフラモン,https://digimon.net/reference/detail.php?directory_name=butterflamon,アーマー体,昆虫型,フリー,c194621300e981c3f44e31946fab805a9053a7bedb3a385454c106ad4642fb91,263,attack:パワー:+4 ; attack:力:+2 ; type:TYPE_GRASS:花:profile:+2 ; type:TYPE_FLYING:羽:profile:+2 ; type:TYPE_PSYCHIC:幻覚:profile:+4 ; type:TYPE_BUG:昆虫:profile:+2 ; type:TYPE_BUG:昆虫:official_type:+5 ; type_choice:TYPE_BUG:7 ; growth:official_stage_plus_profile_power:medium_fast,86,113,86,86,86,86,543,TYPE_BUG,,resolved_profile_evidence,148,211,GROWTH_MEDIUM_FAST,medium,profile-derived-v1
663,digimon,harpymon,ハーピモン,https://digimon.net/reference/detail.php?directory_name=harpymon,アーマー体,幻獣型,フリー,ab98da1ad309be71be240d1da3d58416a053bd6ad322fceda12c984fa0277761,260,attack:パワー:+4 ; attack:力:+2 ; attack:爪:+3 ; special_attack:光:+3 ; special_attack:データ:+4 ; type:TYPE_FLYING:翼:profile:+2 ; type:TYPE_NORMAL:獣型:official_type:+4 ; type_candidate:TYPE_NORMAL:4 ; type_placeholder:TYPE_NORMAL:low_evidence ; growth:official_stage_plus_profile_power:medium_fast,86,126,86,86,118,86,588,TYPE_NORMAL,,unresolved_low_type_evidence,137,229,GROWTH_MEDIUM_FAST,medium,profile-derived-v1
664,digimon,nohemon,ノヘモン,https://digimon.net/reference/detail.php?directory_name=nohemon,アーマー体,パペット型,フリー,ed5b51065377ba6b214aee38d67c6daefe142a95addadaa02aff23e5a01b7ecb,192,attack:パワー:+4 ; attack:力:+2 ; type:TYPE_PSYCHIC:超能力:profile:+2 ; type:TYPE_NORMAL:パペット:official_type:+2 ; type:TYPE_GHOST:パペット:official_type:+2 ; type_candidate:TYPE_GHOST:2 ; type_placeholder:TYPE_NORMAL:low_evidence ; growth:official_stage_plus_profile_power:medium_fast,86,113,86,86,86,86,543,TYPE_NORMAL,,unresolved_low_type_evidence,148,211,GROWTH_MEDIUM_FAST,medium,profile-derived-v1
665,digimon,nefertimon,ネフェルティモン,https://digimon.net/reference/detail.php?directory_name=nefertimon,アーマー体,聖獣型,フリー,ea7c38bbd89192fe37cf04e8aa3f509342dba01e94e29b1fdffebdda36d122a4,232,power:強力:+3 ; attack:パワー:+4 ; attack:力:+6 ; special_attack:光:+9 ; special_attack:闇:+3 ; special_attack:データ:+2 ; special_attack:熱:+2 ; special_defense:聖:+2 ; special_defense:浄化:+4 ; type:TYPE_ROCK:石:profile:+2 ; type:TYPE_DARK:闇:profile:+2 ; type:TYPE_FAIRY:聖:profile:+2 ; type:TYPE_FAIRY:聖:official_type:+3 ; type:TYPE_NORMAL:獣型:official_type:+4 ; type:TYPE_FAIRY:聖獣:official_type:+4 ; type:TYPE_NORMAL:聖獣:official_type:+2 ; type_choice:TYPE_FAIRY:9 ; type_choice:TYPE_NORMAL:6 ; growth:profile:slow,91,136,91,91,163,118,690,TYPE_FAIRY,TYPE_NORMAL,resolved_profile_evidence,105,279,GROWTH_SLOW,high,profile-derived-v1
666,digimon,togemogumon,トゲモグモン,https://digimon.net/reference/detail.php?directory_name=togemogumon,アーマー体,哺乳類型,フリー,c36dfd5cd3bae56399cba80eb17da8f428cf8bbf1cc51f0920d99c4648ebe78a,257,attack:パワー:+4 ; defense:防御:+10 ; speed:瞬時:+4 ; type:TYPE_ICE:凍:profile:+2 ; type:TYPE_FLYING:鳥:profile:+2 ; type:TYPE_ROCK:クリスタル:profile:+6 ; type:TYPE_NORMAL:哺乳類:profile:+2 ; type_choice:TYPE_ROCK:6 ; growth:official_stage_plus_profile_power:medium_fast,86,104,131,104,86,86,597,TYPE_ROCK,,resolved_profile_evidence,134,233,GROWTH_MEDIUM_FAST,medium,profile-derived-v1
667,digimon,tocanmon,トーカンモン,https://digimon.net/reference/detail.php?directory_name=tocanmon,アーマー体,鳥型,フリー,c37a2cad2708631123fd893b30d523da6b2cda5c4d847ace18cba8a062b08f1b,276,attack:パワー:+4 ; type:TYPE_FIGHTING:筋肉:profile:+2 ; type:TYPE_FLYING:鳥:profile:+6 ; type:TYPE_FLYING:羽:profile:+4 ; type:TYPE_NORMAL:生活:profile:+2 ; type:TYPE_FLYING:鳥:official_type:+5 ; type_choice:TYPE_FLYING:15 ; growth:official_stage_plus_profile_power:medium_fast,86,104,86,86,86,86,534,TYPE_FLYING,,resolved_profile_evidence,152,205,GROWTH_MEDIUM_FAST,medium,profile-derived-v1
668,digimon,depthmon,デプスモン,https://digimon.net/reference/detail.php?directory_name=depthmon,アーマー体,水棲獣人型,フリー,fab93f382aceb46fd88da650afd25fa7abdc38674208840860fe47f9e30be509,182,attack:パワー:+4 ; attack:力:+6 ; special_attack:爆発:+3 ; type:TYPE_WATER:海:profile:+2 ; type:TYPE_WATER:深海:profile:+2 ; type:TYPE_WATER:水中:profile:+2 ; type:TYPE_WATER:水棲:profile:+4 ; type:TYPE_WATER:水棲:official_type:+5 ; type:TYPE_FIGHTING:獣人:official_type:+3 ; type:TYPE_NORMAL:獣人:official_type:+2 ; type_choice:TYPE_WATER:15 ; growth:official_stage_plus_profile_power:medium_fast,86,131,86,86,100,86,575,TYPE_WATER,,resolved_profile_evidence,139,227,GROWTH_MEDIUM_FAST,high,profile-derived-v1
669,digimon,tylomon,ティロモン,https://digimon.net/reference/detail.php?directory_name=tylomon,アーマー体,海竜型,フリー,c74be457489e3592eedec0e357f17ad510f587cf4efcedb96e5f15ff6776dc81,282,power:超高:+3 ; attack:パワー:+4 ; attack:力:+2 ; attack:突進:+3 ; speed:スピード:+4 ; special_attack:雷:+3 ; type:TYPE_WATER:海:profile:+4 ; type:TYPE_WATER:深海:profile:+2 ; type:TYPE_WATER:水中:profile:+2 ; type:TYPE_ELECTRIC:雷:profile:+2 ; type:TYPE_DRAGON:竜:profile:+2 ; type:TYPE_DRAGON:竜:official_type:+5 ; type_choice:TYPE_WATER:8 ; type_choice:TYPE_DRAGON:7 ; growth:official_stage_plus_profile_power:medium_fast,91,132,91,109,105,91,619,TYPE_WATER,TYPE_DRAGON,resolved_profile_evidence,125,247,GROWTH_MEDIUM_FAST,high,profile-derived-v1
670,digimon,digmon,ディグモン,https://digimon.net/reference/detail.php?directory_name=digmon,アーマー体,昆虫型,フリー,dabd93fc9e8ebaa392315c6bbee14d2f82ad54653ea31cc327ec43b4858bfcf1,221,attack:パワー:+4 ; attack:力:+2 ; speed:高速:+5 ; type:TYPE_GROUND:大地:profile:+2 ; type:TYPE_GROUND:地面:profile:+2 ; type:TYPE_GROUND:地中:profile:+2 ; type:TYPE_GROUND:土:profile:+2 ; type:TYPE_BUG:昆虫:profile:+2 ; type:TYPE_BUG:昆虫:official_type:+5 ; type_choice:TYPE_GROUND:8 ; type_choice:TYPE_BUG:7 ; growth:official_stage_plus_profile_power:medium_fast,86,113,86,108,86,86,565,TYPE_GROUND,TYPE_BUG,resolved_profile_evidence,144,217,GROWTH_MEDIUM_FAST,medium,profile-derived-v1
671,digimon,sepikmon,セピックモン,https://digimon.net/reference/detail.php?directory_name=sepikmon,アーマー体,魔人型,フリー,cc78f97753a7e87787d8c8ea3affd3b89419e6a5677376cc46c2133e07ae262b,294,attack:パワー:+4 ; attack:力:+2 ; special_attack:呪:+4 ; type:TYPE_GHOST:魂:profile:+6 ; type_choice:TYPE_GHOST:6 ; growth:official_stage_plus_profile_power:medium_fast,86,113,86,86,104,86,561,TYPE_GHOST,,resolved_profile_evidence,145,216,GROWTH_MEDIUM_FAST,medium,profile-derived-v1
672,digimon,sethmon,セトモン,https://digimon.net/reference/detail.php?directory_name=sethmon,アーマー体,魔獣型,フリー,b8351c01c2685be8b2474bb2146fb933804492e448a0c1d1abc2393a688b5d2e,212,hp:巨大:+2 ; attack:パワー:+12 ; attack:力:+2 ; attack:牙:+3 ; special_attack:熱:+2 ; type:TYPE_GROUND:砂:profile:+2 ; type:TYPE_GROUND:砂漠:profile:+2 ; type:TYPE_NORMAL:獣型:official_type:+4 ; type:TYPE_DARK:魔獣:official_type:+4 ; type:TYPE_NORMAL:魔獣:official_type:+2 ; type_choice:TYPE_NORMAL:6 ; growth:official_stage_plus_profile_power:medium_fast,95,162,86,86,95,86,610,TYPE_NORMAL,,resolved_profile_evidence,126,250,GROWTH_MEDIUM_FAST,high,profile-derived-v1
673,digimon,swanmon,スワンモン,https://digimon.net/reference/detail.php?directory_name=swanmon,アーマー体,鳥型,フリー,c8445f27fdf09f93b89e212b65f5a79783e6e0a087ccbdea41a8f2cf5387ee8f,246,power:神:+3 ; attack:パワー:+4 ; type:TYPE_ICE:フリーズ:profile:+2 ; type:TYPE_FLYING:翼:profile:+2 ; type:TYPE_FLYING:鳥:profile:+2 ; type:TYPE_FLYING:羽:profile:+6 ; type:TYPE_NORMAL:生活:profile:+2 ; type:TYPE_FLYING:鳥:official_type:+5 ; type_choice:TYPE_FLYING:15 ; growth:official_stage_plus_profile_power:medium_fast,91,109,91,91,91,91,564,TYPE_FLYING,,resolved_profile_evidence,140,222,GROWTH_MEDIUM_FAST,medium,profile-derived-v1
674,digimon,stegomon,ステゴモン,https://digimon.net/reference/detail.php?directory_name=stegomon,アーマー体,剣竜型,フリー,1559808b89a037bb647988bd32fbb6914b68898352505fda298558b40eac288a,297,attack:パワー:+4 ; attack:剣:+3 ; defense:防ぐ:+3 ; type:TYPE_DRAGON:竜:profile:+2 ; type:TYPE_DRAGON:竜:official_type:+5 ; type_choice:TYPE_DRAGON:7 ; growth:official_stage_plus_profile_power:medium_fast,86,118,100,86,86,86,562,TYPE_DRAGON,,resolved_profile_evidence,144,218,GROWTH_MEDIUM_FAST,medium,profile-derived-v1
675,digimon,shurimon,シュリモン,https://digimon.net/reference/detail.php?directory_name=shurimon,アーマー体,突然変異型,フリー,f497be3a217a6d94aa0a47f4a136e833b7f021c699aa34ae4789654733cc126d,237,attack:パワー:+4 ; attack:力:+2 ; attack:剣:+9 ; attack:叩:+2 ; type:TYPE_GRASS:草:profile:+6 ; type:TYPE_GRASS:草:move:+4 ; type:TYPE_GRASS:葉:profile:+6 ; type:TYPE_GRASS:葉:move:+4 ; type:TYPE_FLYING:空中:profile:+2 ; type:TYPE_NORMAL:突然変異:official_type:+3 ; type_choice:TYPE_GRASS:20 ; growth:official_stage_plus_profile_power:medium_fast,86,162,86,86,86,86,592,TYPE_GRASS,,resolved_profile_evidence,129,246,GROWTH_MEDIUM_FAST,high,profile-derived-v1
676,digimon,shadramon,シェイドラモン,https://digimon.net/reference/detail.php?directory_name=shadramon,アーマー体,昆虫型,フリー,bbe6a07607fe9dd868d68041a8ce274dace3bd316767003710a15cca3614e0f2,169,attack:パワー:+4 ; attack:力:+2 ; attack:格闘:+4 ; special_attack:炎:+6 ; special_attack:火:+2 ; special_attack:光:+3 ; special_attack:闇:+3 ; special_attack:熱:+2 ; type:TYPE_FIRE:炎:profile:+4 ; type:TYPE_FIRE:火炎:profile:+2 ; type:TYPE_FIRE:灼熱:profile:+2 ; type:TYPE_FIGHTING:格闘:profile:+2 ; type:TYPE_BUG:昆虫:profile:+4 ; type:TYPE_DARK:闇:profile:+2 ; type:TYPE_DARK:邪悪:profile:+2 ; type:TYPE_BUG:昆虫:official_type:+5 ; type_choice:TYPE_BUG:9 ; type_choice:TYPE_FIRE:8 ; growth:official_stage_plus_profile_power:medium_fast,86,131,86,86,158,86,633,TYPE_BUG,TYPE_FIRE,resolved_profile_evidence,122,255,GROWTH_MEDIUM_FAST,high,profile-derived-v1
677,digimon,seahomon,シーホモン,https://digimon.net/reference/detail.php?directory_name=seahomon,アーマー体,水棲型,フリー,7982c07c26a1f7b73864d40f1e3e06d74b9e044bb50d96254a83e02c60fd30e8,261,attack:パワー:+4 ; special_attack:光:+6 ; special_defense:浄化:+4 ; type:TYPE_WATER:海:profile:+6 ; type:TYPE_WATER:水棲:profile:+2 ; type:TYPE_WATER:水棲:official_type:+5 ; type_choice:TYPE_WATER:13 ; growth:profile:slow,86,104,86,86,113,104,579,TYPE_WATER,,resolved_profile_evidence,141,220,GROWTH_SLOW,medium,profile-derived-v1
678,digimon,sheepmon,シープモン,https://digimon.net/reference/detail.php?directory_name=sheepmon,アーマー体,哺乳類型,フリー,90f4cd12878b4b6e3156b6f76f087e6797f30f8c5ac251dca464c5c2f923839e,243,hp:巨大:+2 ; attack:パワー:+4 ; type:TYPE_NORMAL:哺乳類:profile:+2 ; type_candidate:TYPE_NORMAL:2 ; type_placeholder:TYPE_NORMAL:low_evidence ; growth:official_stage_plus_profile_power:medium_fast,95,104,86,86,86,86,543,TYPE_NORMAL,,unresolved_low_type_evidence,150,207,GROWTH_MEDIUM_FAST,low,profile-derived-v1
679,digimon,thunderbirmon,サンダーバーモン,https://digimon.net/reference/detail.php?directory_name=thunderbirmon,アーマー体,巨鳥型,データ,def89aae0d1f25df9b8069118d86387af29fce318023683b3f205ced8c591f39,165,attack:力:+2 ; special_attack:雷:+9 ; special_attack:電撃:+8 ; type:TYPE_ELECTRIC:雷:profile:+6 ; type:TYPE_ELECTRIC:電撃:profile:+4 ; type:TYPE_ELECTRIC:サンダー:profile:+2 ; type:TYPE_ELECTRIC:サンダー:move:+4 ; type:TYPE_FLYING:翼:profile:+2 ; type:TYPE_FLYING:鳥:profile:+2 ; type:TYPE_FLYING:羽:profile:+4 ; type:TYPE_FLYING:鳥:official_type:+5 ; type_choice:TYPE_ELECTRIC:16 ; type_choice:TYPE_FLYING:13 ; growth:official_stage_plus_profile_power:medium_fast,86,95,86,86,162,86,601,TYPE_ELECTRIC,TYPE_FLYING,resolved_profile_evidence,127,248,GROWTH_MEDIUM_FAST,high,profile-derived-v1
680,digimon,salamandamon,サラマンダモン,https://digimon.net/reference/detail.php?directory_name=salamandamon,アーマー体,両生類型,ウィルス,0874c9cc325086cdd712e942a970ef267a9e54375bc9b6741f74998b9f0d7f22,156,special_attack:炎:+9 ; special_attack:熱:+2 ; special_attack:爆発:+3 ; type:TYPE_FIRE:炎:profile:+6 ; type:TYPE_FIRE:灼熱:profile:+2 ; type_choice:TYPE_FIRE:8 ; growth:official_stage_plus_profile_power:medium_fast,86,86,86,86,149,86,579,TYPE_FIRE,,resolved_profile_evidence,134,237,GROWTH_MEDIUM_FAST,medium,profile-derived-v1
681,digimon,sabmarimon,サブマリモン,https://digimon.net/reference/detail.php?directory_name=sabmarimon,アーマー体,水棲型,フリー,e68b228dc144fbb0fee7124c6ae2933e8ea9f39da025292b853a37ebdd1eb62f,235,power:超高:+3 ; attack:パワー:+4 ; attack:力:+2 ; attack:刀:+3 ; speed:加速:+4 ; type:TYPE_WATER:海:profile:+2 ; type:TYPE_WATER:水中:profile:+6 ; type:TYPE_WATER:水棲:profile:+4 ; type:TYPE_WATER:水棲:official_type:+5 ; type_choice:TYPE_WATER:17 ; growth:official_stage_plus_profile_power:medium_fast,91,132,91,109,91,91,605,TYPE_WATER,,resolved_profile_evidence,127,243,GROWTH_MEDIUM_FAST,medium,profile-derived-v1
682,digimon,sagittarimon,サジタリモン,https://digimon.net/reference/detail.php?directory_name=sagittarimon,アーマー体,幻獣型,フリー,202650b6bed659342fcf580ca9a6040080503b0816ee4a43c3b7d7d4cf7478c3,215,attack:パワー:+4 ; attack:力:+2 ; special_attack:エネルギー:+3 ; type:TYPE_STEEL:金属:profile:+2 ; type:TYPE_NORMAL:獣型:official_type:+4 ; type_candidate:TYPE_NORMAL:4 ; type_placeholder:TYPE_NORMAL:low_evidence ; growth:profile:slow,86,113,86,86,100,86,557,TYPE_NORMAL,,unresolved_low_type_evidence,146,215,GROWTH_SLOW,medium,profile-derived-v1
683,digimon,searchmon,サーチモン,https://digimon.net/reference/detail.php?directory_name=searchmon,アーマー体,昆虫型,フリー,cc5faf4bda28c5e7380c19763f19511b09f365aaaa7164b420715cf257b8dfce,195,attack:パワー:+4 ; type:TYPE_BUG:昆虫:profile:+2 ; type:TYPE_BUG:昆虫:official_type:+5 ; type_choice:TYPE_BUG:7 ; growth:official_stage_plus_profile_power:medium_fast,86,104,86,86,86,86,534,TYPE_BUG,,resolved_profile_evidence,152,205,GROWTH_MEDIUM_FAST,low,profile-derived-v1
684,digimon,kongoumon,コンゴウモン,https://digimon.net/reference/detail.php?directory_name=kongoumon,アーマー体,昆虫型,フリー,3b0b5292c4988e8d2bf1d9a48a3b62afe669231492db9e2f9c7fe78c642006d0,187,power:神:+6 ; attack:パワー:+8 ; special_defense:聖:+2 ; type:TYPE_BUG:昆虫:profile:+2 ; type:TYPE_STEEL:鉄:profile:+2 ; type:TYPE_STEEL:鉄:move:+4 ; type:TYPE_FAIRY:天使:profile:+2 ; type:TYPE_FAIRY:聖なる:profile:+2 ; type:TYPE_FAIRY:聖:profile:+2 ; type:TYPE_BUG:昆虫:official_type:+5 ; type_choice:TYPE_BUG:7 ; type_choice:TYPE_FAIRY:6 ; growth:official_stage_plus_profile_power:medium_fast,97,133,97,97,97,106,627,TYPE_BUG,TYPE_FAIRY,resolved_profile_evidence,117,257,GROWTH_MEDIUM_FAST,high,profile-derived-v1
685,digimon,goldv-dramon,ゴールドブイドラモン,https://digimon.net/reference/detail.php?directory_name=goldv-dramon,アーマー体,幻竜型,ワクチン,76c85282792ee8fda5c075b23fbc3a17eaebe23335d7ce8a85dad55dd2f55548,129,power:究極:+5 ; attack:力:+4 ; special_attack:闇:+3 ; special_attack:熱:+2 ; type:TYPE_DRAGON:竜:profile:+2 ; type:TYPE_DARK:闇:profile:+2 ; type:TYPE_DRAGON:竜:official_type:+5 ; type_choice:TYPE_DRAGON:7 ; growth:official_stage_plus_profile_power:medium_fast,95,113,95,95,118,95,611,TYPE_DRAGON,,resolved_profile_evidence,125,243,GROWTH_MEDIUM_FAST,medium,profile-derived-v1
686,digimon,goatmon,ゴートモン,https://digimon.net/reference/detail.php?directory_name=goatmon,アーマー体,哺乳類型,フリー,5d835df0b2fe80b160ed3e6924f044a8c6a3c823a1b1bfdc1610924ddfe12b36,227,power:強力:+3 ; attack:パワー:+4 ; attack:力:+2 ; special_attack:音波:+4 ; special_attack:データ:+4 ; special_defense:結界:+5 ; type:TYPE_NORMAL:哺乳類:profile:+2 ; type_candidate:TYPE_NORMAL:2 ; type_placeholder:TYPE_NORMAL:low_evidence ; growth:official_stage_plus_profile_power:medium_fast,91,118,91,91,127,114,632,TYPE_NORMAL,,unresolved_low_type_evidence,123,248,GROWTH_MEDIUM_FAST,medium,profile-derived-v1
687,digimon,kenkimon,ケンキモン,https://digimon.net/reference/detail.php?directory_name=kenkimon,アーマー体,マシーン型,データ,80a53c900bbc9b3dfa903e55ab50928a016a10cfef186b9a075c195b3e52e7f2,128,special_attack:電気:+3 ; type:TYPE_ELECTRIC:電気:profile:+2 ; type:TYPE_STEEL:マシーン:profile:+2 ; type:TYPE_STEEL:マシーン:official_type:+5 ; type_choice:TYPE_STEEL:7 ; growth:official_stage_plus_profile_power:medium_fast,86,86,86,86,100,86,530,TYPE_STEEL,,resolved_profile_evidence,153,202,GROWTH_MEDIUM_FAST,medium,profile-derived-v1
688,digimon,quetzalmon,クアトルモン,https://digimon.net/reference/detail.php?directory_name=quetzalmon,アーマー体,幻獣型,フリー,49b5b6641c65bb4155a476c2a310b3090da1eb0cc66064582f7633da90859948,175,power:神:+3 ; attack:パワー:+4 ; special_attack:呪:+4 ; special_attack:光:+6 ; special_defense:神聖:+3 ; special_defense:聖:+2 ; type:TYPE_WATER:ウェーブ:profile:+2 ; type:TYPE_WATER:ウェーブ:move:+4 ; type:TYPE_ICE:フリーズ:profile:+2 ; type:TYPE_ICE:フリーズ:move:+4 ; type:TYPE_FLYING:翼:profile:+2 ; type:TYPE_FAIRY:神聖:profile:+2 ; type:TYPE_FAIRY:聖:profile:+2 ; type:TYPE_NORMAL:獣型:official_type:+4 ; type_choice:TYPE_ICE:6 ; type_choice:TYPE_WATER:6 ; growth:official_stage_plus_profile_power:medium_fast,91,109,91,91,136,114,632,TYPE_ICE,TYPE_WATER,resolved_profile_evidence,121,252,GROWTH_MEDIUM_FAST,high,profile-derived-v1
689,digimon,kangarumon,カンガルモン,https://digimon.net/reference/detail.php?directory_name=kangarumon,アーマー体,哺乳類型,フリー,78336b59445d46f82c490876f6da89209850830c5de5685a027a1ab5faab77af,188,attack:パワー:+4 ; attack:力:+6 ; attack:パンチ:+3 ; attack:キック:+6 ; speed:素早:+5 ; type:TYPE_WATER:海:profile:+2 ; type:TYPE_FIGHTING:パンチ:profile:+2 ; type:TYPE_FIGHTING:キック:profile:+4 ; type:TYPE_NORMAL:哺乳類:profile:+2 ; type_choice:TYPE_FIGHTING:6 ; growth:official_stage_plus_profile_power:medium_fast,86,172,86,108,86,86,624,TYPE_FIGHTING,,resolved_profile_evidence,121,259,GROWTH_MEDIUM_FAST,medium,profile-derived-v1
690,digimon,chamelemon,カメレモン,https://digimon.net/reference/detail.php?directory_name=chamelemon,アーマー体,爬虫類型,フリー,d22690c8f6e116f624a731930b1391c2b72f6035c5ed8b148af02098dacb8408,272,power:強力:+3 ; attack:パワー:+4 ; attack:力:+4 ; special_attack:データ:+4 ; type:TYPE_DRAGON:爬虫類:official_type:+4 ; type:TYPE_NORMAL:爬虫類:official_type:+1 ; type_candidate:TYPE_DRAGON:4 ; type_placeholder:TYPE_NORMAL:low_evidence ; growth:official_stage_plus_profile_power:medium_fast,91,127,91,91,109,91,600,TYPE_NORMAL,,unresolved_low_type_evidence,129,240,GROWTH_MEDIUM_FAST,medium,profile-derived-v1
691,digimon,kabukimon,カブキモン,https://digimon.net/reference/detail.php?directory_name=kabukimon,アーマー体,突然変異型,フリー,13a8e60f8da88182c4c06027f99f63c5489971b25a11cad3d53f5cf7b58b4fc3,371,attack:パワー:+4 ; attack:力:+2 ; attack:剣:+3 ; speed:一瞬:+3 ; special_attack:光:+3 ; type:TYPE_GRASS:植物:profile:+2 ; type:TYPE_GRASS:花:profile:+4 ; type:TYPE_ICE:雪:profile:+4 ; type:TYPE_ICE:雪:move:+4 ; type:TYPE_NORMAL:突然変異:official_type:+3 ; type_choice:TYPE_ICE:8 ; type_choice:TYPE_GRASS:6 ; growth:official_stage_plus_profile_power:medium_fast,86,126,86,100,100,86,584,TYPE_ICE,TYPE_GRASS,resolved_profile_evidence,138,228,GROWTH_MEDIUM_FAST,high,profile-derived-v1
692,digimon,gargomon,ガーゴモン,https://digimon.net/reference/detail.php?directory_name=gargomon,アーマー体,魔獣型,フリー,1b23ea3ccb6599a3dac9cca6c086ccad1ddc4ba39d540fee22b5c9e075e4ddeb,165,power:凄まじ:+3 ; hp:巨大:+2 ; attack:パワー:+4 ; attack:力:+4 ; special_attack:光:+3 ; type:TYPE_DARK:悪魔:profile:+4 ; type:TYPE_FAIRY:天使:profile:+2 ; type:TYPE_NORMAL:獣型:official_type:+4 ; type:TYPE_DARK:魔獣:official_type:+4 ; type:TYPE_NORMAL:魔獣:official_type:+2 ; type_choice:TYPE_DARK:8 ; type_choice:TYPE_NORMAL:6 ; growth:official_stage_plus_profile_power:medium_fast,100,127,91,91,105,91,605,TYPE_DARK,TYPE_NORMAL,resolved_profile_evidence,128,241,GROWTH_MEDIUM_FAST,high,profile-derived-v1
693,digimon,orcamon,オルカモン,https://digimon.net/reference/detail.php?directory_name=orcamon,アーマー体,水棲獣人型,フリー,d959c3f7ff2cb99d7278b95a87f44ce3fd697c32e98142631bb667fbad61819d,326,attack:パワー:+4 ; attack:力:+2 ; attack:キック:+3 ; attack:粉砕:+5 ; attack:叩:+4 ; speed:素早:+5 ; speed:走:+2 ; type:TYPE_WATER:海:profile:+2 ; type:TYPE_WATER:水中:profile:+2 ; type:TYPE_WATER:水棲:profile:+2 ; type:TYPE_FIGHTING:キック:profile:+2 ; type:TYPE_ROCK:石:profile:+2 ; type:TYPE_WATER:水棲:official_type:+5 ; type:TYPE_FIGHTING:獣人:official_type:+3 ; type:TYPE_NORMAL:獣人:official_type:+2 ; type_choice:TYPE_WATER:11 ; growth:official_stage_plus_profile_power:medium_fast,86,167,86,118,86,86,629,TYPE_WATER,,resolved_profile_evidence,121,258,GROWTH_MEDIUM_FAST,high,profile-derived-v1
694,digimon,opossummon,オポッサモン,https://digimon.net/reference/detail.php?directory_name=opossummon,アーマー体,獣型,フリー,1703185ee4216b7e020020a684c093da81d460a1be606a2a55593e4294037bc0,321,power:強力:+6 ; attack:パワー:+4 ; attack:力:+4 ; speed:スピード:+4 ; special_attack:爆発:+3 ; type:TYPE_GROUND:砂:profile:+4 ; type:TYPE_NORMAL:獣型:official_type:+4 ; type_candidate:TYPE_GROUND:4 ; type_placeholder:TYPE_NORMAL:low_evidence ; growth:official_stage_plus_profile_power:medium_fast,97,133,97,115,110,97,649,TYPE_NORMAL,,unresolved_low_type_evidence,113,263,GROWTH_MEDIUM_FAST,medium,profile-derived-v1
695,digimon,elephamon,エレファモン,https://digimon.net/reference/detail.php?directory_name=elephamon,アーマー体,サイボーグ型,フリー,5d3f5e76c771cc008c7ca0b8749c33bc7e72170f394df1472a7ff54dce3da6bb,291,power:圧倒:+5 ; hp:巨大:+4 ; attack:パワー:+8 ; attack:力:+2 ; speed:高速:+5 ; special_attack:衝撃波:+3 ; type:TYPE_WATER:ウェーブ:profile:+2 ; type:TYPE_WATER:ウェーブ:move:+4 ; type:TYPE_GROUND:地面:profile:+2 ; type:TYPE_DARK:邪悪:profile:+2 ; type:TYPE_STEEL:サイボーグ:profile:+2 ; type:TYPE_STEEL:サイボーグ:official_type:+5 ; type_choice:TYPE_STEEL:7 ; type_choice:TYPE_WATER:6 ; growth:official_stage_plus_profile_power:medium_fast,113,140,95,118,108,95,669,TYPE_STEEL,TYPE_WATER,resolved_profile_evidence,110,268,GROWTH_MEDIUM_FAST,high,profile-derived-v1
696,digimon,allomon,アロモン,https://digimon.net/reference/detail.php?directory_name=allomon,アーマー体,恐竜型,フリー,4bb5c74a5dd510d186762d9b5904c6ba95185fb10cfad21c9342ac2d6edc160a,166,power:超高:+3 ; attack:パワー:+4 ; attack:力:+2 ; speed:スピード:+4 ; speed:走:+2 ; special_attack:熱:+4 ; type:TYPE_DRAGON:竜:profile:+6 ; type:TYPE_DRAGON:恐竜:profile:+6 ; type:TYPE_DRAGON:竜:official_type:+5 ; type:TYPE_DRAGON:恐竜:official_type:+3 ; type_choice:TYPE_DRAGON:20 ; growth:official_stage_plus_profile_power:medium_fast,91,118,91,118,109,91,618,TYPE_DRAGON,,resolved_profile_evidence,128,240,GROWTH_MEDIUM_FAST,high,profile-derived-v1
697,digimon,archelomon,アーケロモン,https://digimon.net/reference/detail.php?directory_name=archelomon,アーマー体,爬虫類型,フリー,fb4283ead90964a9aed3edbdb754609c38e5d2222eb3c532699b9053a83d5767,175,hp:巨大:+2 ; attack:パワー:+4 ; speed:素早:+5 ; type:TYPE_WATER:海:profile:+4 ; type:TYPE_WATER:水中:profile:+2 ; type:TYPE_DRAGON:爬虫類:official_type:+4 ; type:TYPE_NORMAL:爬虫類:official_type:+1 ; type_choice:TYPE_WATER:6 ; growth:official_stage_plus_profile_power:medium_fast,95,104,86,108,86,86,565,TYPE_WATER,,resolved_profile_evidence,145,215,GROWTH_MEDIUM_FAST,medium,profile-derived-v1
698,digimon,owlmon,アウルモン,https://digimon.net/reference/detail.php?directory_name=owlmon,アーマー体,鳥型,フリー,6d98e8664cf253de0f53511a64189f414308c33e4ded522b9dcbb3728049c1a6,211,attack:パワー:+4 ; attack:力:+6 ; attack:爪:+3 ; special_attack:闇:+9 ; type:TYPE_FLYING:鳥:profile:+2 ; type:TYPE_DARK:闇:profile:+6 ; type:TYPE_FLYING:鳥:official_type:+5 ; type_choice:TYPE_FLYING:7 ; type_choice:TYPE_DARK:6 ; growth:official_stage_plus_profile_power:medium_fast,86,144,86,86,126,86,614,TYPE_FLYING,TYPE_DARK,resolved_profile_evidence,129,243,GROWTH_MEDIUM_FAST,medium,profile-derived-v1
699,digimon,lordknightmon,ロードナイトモン,https://digimon.net/reference/detail.php?directory_name=lordknightmon,究極体,聖騎士型,ウィルス,7d610368e658c8917dbb1455d081b211ed53ba1c31e4fc37eaa582c6c0c9a018,259,power:王:+2 ; attack:力:+2 ; defense:鎧:+4 ; speed:瞬時:+4 ; special_attack:衝撃波:+3 ; special_defense:聖:+2 ; type:TYPE_FAIRY:聖:profile:+2 ; type:TYPE_FAIRY:聖:official_type:+3 ; type_choice:TYPE_FAIRY:5 ; growth:official_stage_plus_profile_power:slow,126,135,144,144,139,135,823,TYPE_FAIRY,,resolved_profile_evidence,85,302,GROWTH_SLOW,medium,profile-derived-v1
700,digimon,lotusmon,ロトスモン,https://digimon.net/reference/detail.php?directory_name=lotusmon,究極体,妖精型,データ,3c8b83cc60dbb14892dd734e01d625832c2f5b489e56627a6b120ecc8c29b4ef,226,attack:力:+2 ; type:TYPE_GRASS:花:profile:+4 ; type:TYPE_STEEL:鉄:profile:+2 ; type:TYPE_FAIRY:妖精:profile:+2 ; type:TYPE_FAIRY:妖精:official_type:+5 ; type_choice:TYPE_FAIRY:7 ; growth:official_stage_plus_profile_power:slow,122,131,122,122,122,122,741,TYPE_FAIRY,,resolved_profile_evidence,107,270,GROWTH_SLOW,medium,profile-derived-v1
701,digimon,rosemonburstmode,ロゼモン：バーストモード,https://digimon.net/reference/detail.php?directory_name=rosemonburstmode,究極体,妖精型,データ,060bd427c25593a7e7547da1893ad8886f5ffd953bb4606821e2203637ec49bb,149,attack:力:+2 ; special_attack:レーザー:+4 ; type:TYPE_FAIRY:妖精:official_type:+5 ; type_choice:TYPE_FAIRY:5 ; growth:official_stage_plus_profile_power:slow,122,131,122,122,140,122,759,TYPE_FAIRY,,resolved_profile_evidence,102,279,GROWTH_SLOW,low,profile-derived-v1
702,digimon,rosemon,ロゼモン,https://digimon.net/reference/detail.php?directory_name=rosemon,究極体,妖精型,データ,8029449ea3bd951aff4a9e32638ad6912d9eca067d85d959216eecae3b0b4920,358,power:究極:+10 ; power:王:+2 ; attack:力:+2 ; attack:破壊:+4 ; special_attack:電気:+3 ; special_attack:データ:+2 ; type:TYPE_ELECTRIC:電気:profile:+2 ; type:TYPE_GRASS:花:profile:+4 ; type:TYPE_GRASS:草:profile:+2 ; type:TYPE_FAIRY:妖精:profile:+2 ; type:TYPE_FAIRY:妖精:official_type:+5 ; type_choice:TYPE_FAIRY:7 ; type_choice:TYPE_GRASS:6 ; growth:official_stage_plus_profile_power:slow,144,171,144,144,166,144,913,TYPE_FAIRY,TYPE_GRASS,resolved_profile_evidence,44,363,GROWTH_SLOW,high,profile-derived-v1
703,digimon,ravmonburstmode,レイヴモン：バーストモード,https://digimon.net/reference/detail.php?directory_name=ravmonburstmode,究極体,サイボーグ型,ワクチン,5c9d87d8493de69128c30eeeea8f676f4c5c1d1f0ae6c1bf9e4b328e17492f58,185,hp:巨大:+2 ; attack:力:+2 ; speed:一瞬:+3 ; special_attack:エネルギー:+3 ; special_attack:雷:+9 ; special_attack:光:+6 ; special_attack:闇:+6 ; type:TYPE_ELECTRIC:雷:profile:+4 ; type:TYPE_ELECTRIC:雷:move:+4 ; type:TYPE_FLYING:翼:profile:+4 ; type:TYPE_FLYING:翼:move:+4 ; type:TYPE_DARK:闇:profile:+2 ; type:TYPE_DARK:闇:move:+4 ; type:TYPE_STEEL:サイボーグ:official_type:+5 ; type_choice:TYPE_ELECTRIC:8 ; type_choice:TYPE_FLYING:8 ; growth:official_stage_plus_profile_power:slow,131,131,122,136,230,122,872,TYPE_ELECTRIC,TYPE_FLYING,resolved_profile_evidence,62,349,GROWTH_SLOW,high,profile-derived-v1
704,digimon,ravmon,レイヴモン,https://digimon.net/reference/detail.php?directory_name=ravmon,究極体,サイボーグ型,ワクチン,cb1cf7fffb761529afede713e8b09d0f0e55b6f82d9a6409649c554d9dede179,313,power:絶大:+5 ; power:神:+6 ; power:王:+4 ; attack:力:+2 ; attack:爪:+3 ; attack:剣:+3 ; attack:刀:+3 ; attack:斬:+3 ; attack:突進:+3 ; attack:破壊:+4 ; speed:素早:+5 ; type:TYPE_FLYING:翼:profile:+6 ; type:TYPE_FLYING:鳥:profile:+2 ; type:TYPE_FLYING:羽:profile:+2 ; type:TYPE_STEEL:サイボーグ:profile:+2 ; type:TYPE_STEEL:サイボーグ:official_type:+5 ; type_choice:TYPE_FLYING:10 ; type_choice:TYPE_STEEL:7 ; growth:official_stage_plus_profile_power:slow,149,244,149,172,149,149,1012,TYPE_FLYING,TYPE_STEEL,resolved_profile_evidence,5,429,GROWTH_SLOW,high,profile-derived-v1
705,digimon,lucemonlarva,ルーチェモン：ラルバ,https://digimon.net/reference/detail.php?directory_name=lucemonlarva,究極体,魔神型,ウィルス,748686e0ac3f963b2600917af72e2fd5ec4d02384afb532767720f482c6ea6b3,86,stats:balanced:no_specialization_signal_in_official_text ; type:TYPE_DARK:暗黒:profile:+2 ; type:TYPE_DARK:邪悪:profile:+2 ; type_candidate:TYPE_DARK:4 ; type_placeholder:TYPE_NORMAL:low_evidence ; growth:official_stage_plus_profile_power:slow,122,122,122,122,122,122,732,TYPE_NORMAL,,unresolved_low_type_evidence,110,264,GROWTH_SLOW,low,profile-derived-v1
706,digimon,lucemonsatanmode,ルーチェモン：サタンモード,https://digimon.net/reference/detail.php?directory_name=lucemonsatanmode,究極体,魔神型,ウィルス,78b89d3b8feff843f4e246a36f40f2b61b696f7deba96328434dc761445e94ba,297,attack:破壊:+4 ; defense:無効:+4 ; special_attack:炎:+3 ; special_attack:光:+3 ; special_defense:吸収:+4 ; special_defense:無効:+4 ; special_defense:浄化:+4 ; type:TYPE_FIRE:炎:profile:+2 ; type:TYPE_FIRE:フレイム:profile:+2 ; type:TYPE_FIRE:フレイム:move:+4 ; type:TYPE_DRAGON:竜:profile:+2 ; type:TYPE_DARK:暗黒:profile:+2 ; type_choice:TYPE_FIRE:8 ; growth:official_stage_plus_profile_power:slow,122,140,140,122,149,176,849,TYPE_FIRE,,resolved_profile_evidence,77,319,GROWTH_SLOW,high,profile-derived-v1
707,digimon,lilithmon,リリスモン,https://digimon.net/reference/detail.php?directory_name=lilithmon,究極体,魔王型,ウィルス,15efb937d8f9bb37125149ac67c34d9215cd285b11b8eb25b0dcad97fafbad8e,270,power:神:+6 ; power:王:+4 ; attack:爪:+3 ; special_attack:呪:+4 ; special_attack:データ:+2 ; type:TYPE_DARK:暗黒:profile:+6 ; type:TYPE_DARK:魔王:profile:+4 ; type:TYPE_DARK:魔王:official_type:+6 ; type_choice:TYPE_DARK:16 ; growth:official_stage_plus_profile_power:slow,140,154,140,140,167,140,881,TYPE_DARK,,resolved_profile_evidence,55,348,GROWTH_SLOW,medium,profile-derived-v1
708,digimon,leviamon,リヴァイアモン,https://digimon.net/reference/detail.php?directory_name=leviamon,究極体,魔王型,ウィルス,59aebffc4a1d630b89b2ca8522205e2dc8ac7f676c95f8cc8a1772b22e39dbfe,314,power:最強:+8 ; power:強大:+4 ; power:王:+4 ; hp:巨大:+4 ; attack:力:+2 ; attack:破壊:+4 ; type:TYPE_WATER:海:profile:+2 ; type:TYPE_DARK:悪魔:profile:+2 ; type:TYPE_DARK:魔王:profile:+4 ; type:TYPE_DARK:ダーク:profile:+2 ; type:TYPE_FAIRY:天使:profile:+2 ; type:TYPE_DARK:魔王:official_type:+6 ; type_choice:TYPE_DARK:14 ; growth:official_stage_plus_profile_power:slow,169,178,151,151,151,151,951,TYPE_DARK,,resolved_profile_evidence,28,386,GROWTH_SLOW,high,profile-derived-v1
709,digimon,lampmon,ランプモン,https://digimon.net/reference/detail.php?directory_name=lampmon,究極体,魔人型,データ,568a91484769dd4fe098eba6bf7442f33165810c1d5ef4c7ede813dc61d37609,260,power:強力:+3 ; power:莫大:+4 ; attack:力:+4 ; special_attack:魔力:+5 ; special_attack:魔法:+5 ; special_defense:魔力:+2 ; type_placeholder:TYPE_NORMAL:no_specialized_affinity_evidence ; growth:official_stage_plus_profile_power:slow,135,153,135,135,180,144,882,TYPE_NORMAL,,unresolved_no_specialized_type_evidence,57,346,GROWTH_SLOW,medium,profile-derived-v1
710,digimon,rusttyranomon,ラストティラノモン,https://digimon.net/reference/detail.php?directory_name=rusttyranomon,究極体,サイボーグ型,ウィルス,f1e389af605995b0e61c57a24f038fef0cae9b98b8395aa6c15a86306c01fb15,304,power:究極:+5 ; attack:パワー:+4 ; attack:力:+2 ; attack:格闘:+4 ; attack:破壊:+4 ; special_attack:炎:+3 ; special_attack:電磁:+4 ; type:TYPE_FIRE:炎:profile:+2 ; type:TYPE_ELECTRIC:電磁:profile:+2 ; type:TYPE_FIGHTING:格闘:profile:+2 ; type:TYPE_STEEL:サイボーグ:profile:+4 ; type:TYPE_STEEL:サイボーグ:official_type:+5 ; type_choice:TYPE_STEEL:9 ; growth:official_stage_plus_profile_power:slow,131,194,131,131,162,131,880,TYPE_STEEL,,resolved_profile_evidence,59,347,GROWTH_SLOW,high,profile-derived-v1
711,digimon,rasielmon,ラジエルモン,https://digimon.net/reference/detail.php?directory_name=rasielmon,究極体,座天使型,ワクチン,5016356149251a05e50efc47a1d3f045eedc9443e5756d96b169faaa09c6a304,228,power:神:+9 ; attack:力:+4 ; special_attack:エネルギー:+3 ; type:TYPE_FAIRY:天使:profile:+2 ; type:TYPE_FAIRY:天使:official_type:+5 ; type:TYPE_FLYING:天使:official_type:+2 ; type_choice:TYPE_FAIRY:7 ; growth:official_stage_plus_profile_power:slow,138,156,138,138,152,138,860,TYPE_FAIRY,,resolved_profile_evidence,63,335,GROWTH_SLOW,medium,profile-derived-v1
712,digimon,jupitermon,ユピテルモン,https://digimon.net/reference/detail.php?directory_name=jupitermon,究極体,神人型,ワクチン,df7eedde5024f6c0b17a7555f0058cbdbfcb0b503ee9e6d74a9740b58b8d3ae1,369,power:超高:+3 ; power:神:+9 ; special_attack:雷:+9 ; type:TYPE_ELECTRIC:雷:profile:+6 ; type:TYPE_FLYING:天空:profile:+2 ; type:TYPE_FAIRY:神人:official_type:+3 ; type:TYPE_FIGHTING:神人:official_type:+2 ; type_choice:TYPE_ELECTRIC:6 ; growth:official_stage_plus_profile_power:slow,144,144,144,144,184,144,904,TYPE_ELECTRIC,,resolved_profile_evidence,43,366,GROWTH_SLOW,medium,profile-derived-v1
713,digimon,mercurymon,メルクリモン,https://digimon.net/reference/detail.php?directory_name=mercurymon,究極体,神人型,ウィルス,9450c778107bbf1847ece78f096483fa1bcb8bd5897810b92ad0ce90d92a5aa0,268,power:神:+6 ; attack:刀:+3 ; attack:斬:+3 ; speed:最速:+7 ; speed:スピード:+8 ; speed:瞬間:+3 ; type:TYPE_FAIRY:神人:official_type:+3 ; type:TYPE_FIGHTING:神人:official_type:+2 ; type_candidate:TYPE_FAIRY:3 ; type_placeholder:TYPE_NORMAL:low_evidence ; growth:official_stage_plus_profile_power:slow,133,160,133,214,133,133,906,TYPE_NORMAL,,unresolved_low_type_evidence,48,365,GROWTH_SLOW,medium,profile-derived-v1
714,digimon,medievaldukemon,メディーバルデュークモン,https://digimon.net/reference/detail.php?directory_name=medievaldukemon,究極体,戦士型,データ,0c168f56d7c686cb3da2bf0526fe3aa3c201a8fe159d28d5589fb855b8b4d9a1,410,power:最強:+8 ; attack:力:+2 ; attack:槍:+3 ; special_attack:炎:+3 ; type:TYPE_FIRE:炎:profile:+2 ; type:TYPE_FIGHTING:戦士:profile:+4 ; type:TYPE_GROUND:大地:profile:+2 ; type:TYPE_DRAGON:竜:profile:+2 ; type:TYPE_DRAGON:ワイバーン:profile:+2 ; type:TYPE_DRAGON:ワイバーン:move:+4 ; type:TYPE_FIGHTING:戦士:official_type:+4 ; type_choice:TYPE_DRAGON:8 ; type_choice:TYPE_FIGHTING:8 ; growth:profile:slow,136,159,136,136,150,136,853,TYPE_DRAGON,TYPE_FIGHTING,resolved_profile_evidence,65,332,GROWTH_SLOW,high,profile-derived-v1
715,digimon,metalpiranimon,メタルピラニモン,https://digimon.net/reference/detail.php?directory_name=metalpiranimon,究極体,水棲型,ウィルス,52e6fbc43b46995989758850e59b8679f80447d899c3ef9288f326be8f850d0a,325,power:究極:+10 ; attack:パワー:+12 ; attack:力:+2 ; defense:装甲:+5 ; type:TYPE_STEEL:装甲:profile:+2 ; type:TYPE_WATER:水棲:official_type:+5 ; type_choice:TYPE_WATER:5 ; growth:official_stage_plus_profile_power:slow,140,203,162,140,140,140,925,TYPE_WATER,,resolved_profile_evidence,39,375,GROWTH_SLOW,medium,profile-derived-v1
716,digimon,metalseadramon,メタルシードラモン,https://digimon.net/reference/detail.php?directory_name=metalseadramon,究極体,サイボーグ型,データ,9e13764d0fdd382b349d662b995c125cfa52f8c477873b2a08f29733fe502fb4,340,speed:最速:+7 ; speed:スピード:+4 ; special_attack:エネルギー:+3 ; type:TYPE_WATER:海:profile:+2 ; type:TYPE_WATER:水中:profile:+2 ; type:TYPE_WATER:水棲:profile:+2 ; type:TYPE_STEEL:金属:profile:+4 ; type:TYPE_STEEL:サイボーグ:official_type:+5 ; type_choice:TYPE_STEEL:9 ; type_choice:TYPE_WATER:6 ; growth:official_stage_plus_profile_power:slow,122,122,122,172,136,122,796,TYPE_STEEL,TYPE_WATER,resolved_profile_evidence,88,303,GROWTH_SLOW,medium,profile-derived-v1
717,digimon,metalgarurumon,メタルガルルモン,https://digimon.net/reference/detail.php?directory_name=metalgarurumon,究極体,サイボーグ型,データ,d994843b517372f8dd5a4ed26c0158fd832a05c3a03faddd5fcbaad2d196becb,395,power:超高:+3 ; hp:巨大:+2 ; hp:生命:+2 ; attack:パワー:+4 ; attack:粉砕:+5 ; speed:高速:+5 ; speed:超高速:+7 ; speed:俊敏:+5 ; speed:瞬時:+4 ; special_attack:ビーム:+4 ; special_attack:レーザー:+8 ; special_attack:氷:+3 ; special_attack:冷気:+3 ; special_attack:闇:+3 ; type:TYPE_ICE:氷:profile:+2 ; type:TYPE_ICE:冷気:profile:+2 ; type:TYPE_ICE:フリーズ:profile:+2 ; type:TYPE_DARK:闇:profile:+2 ; type:TYPE_STEEL:サイボーグ:official_type:+5 ; type_choice:TYPE_ICE:6 ; type_choice:TYPE_STEEL:5 ; growth:official_stage_plus_profile_power:slow,145,168,127,222,222,127,1011,TYPE_ICE,TYPE_STEEL,resolved_profile_evidence,31,389,GROWTH_SLOW,high,profile-derived-v1
718,digimon,metaletemon,メタルエテモン,https://digimon.net/reference/detail.php?directory_name=metaletemon,究極体,サイボーグ型,ウィルス,4aeb34e360900ad1cfcc442b77d7a5090ce0eaa87f2e1b6be265aeb15c635367,269,power:最強:+8 ; power:無敵:+8 ; power:究極:+5 ; attack:力:+2 ; special_attack:データ:+4 ; type:TYPE_STEEL:マシーン:profile:+2 ; type:TYPE_STEEL:サイボーグ:official_type:+5 ; type_choice:TYPE_STEEL:7 ; growth:official_stage_plus_profile_power:slow,160,169,160,160,178,160,987,TYPE_STEEL,,resolved_profile_evidence,12,408,GROWTH_SLOW,medium,profile-derived-v1
719,digimon,megidramon,メギドラモン,https://digimon.net/reference/detail.php?directory_name=megidramon,究極体,邪竜型,ウィルス,cb9efa12b03de9e2dbe76fe68b1393a2023f3d47dec38092822417b2de0fcfd4,379,power:強力:+3 ; attack:パワー:+8 ; attack:力:+4 ; special_attack:波動:+4 ; special_attack:衝撃波:+3 ; type:TYPE_FIRE:フレイム:profile:+2 ; type:TYPE_FIRE:フレイム:move:+4 ; type:TYPE_DRAGON:竜:profile:+6 ; type:TYPE_DARK:暗黒:profile:+4 ; type:TYPE_DARK:邪悪:profile:+2 ; type:TYPE_DRAGON:竜:official_type:+5 ; type_choice:TYPE_DRAGON:11 ; growth:official_stage_plus_profile_power:slow,127,181,127,127,159,127,848,TYPE_DRAGON,,resolved_profile_evidence,71,328,GROWTH_SLOW,high,profile-derived-v1
720,digimon,moonmillenniumon,ムーンミレニアモン,https://digimon.net/reference/detail.php?directory_name=moonmillenniumon,究極体,邪神型,ウィルス,c600ae304352b4cea307db97fa4d3574439e2b82584283bdb870b63ba743d304,314,power:神:+6 ; attack:力:+2 ; attack:破壊:+4 ; special_attack:闇:+3 ; special_defense:精神:+8 ; type:TYPE_PSYCHIC:精神:profile:+4 ; type:TYPE_ROCK:クリスタル:profile:+4 ; type:TYPE_ROCK:クリスタル:move:+4 ; type:TYPE_DARK:闇:profile:+2 ; type_choice:TYPE_ROCK:8 ; growth:official_stage_plus_profile_power:slow,133,160,133,133,146,169,874,TYPE_ROCK,,resolved_profile_evidence,63,337,GROWTH_SLOW,medium,profile-derived-v1
721,digimon,murmukusmon,ムルムクスモン,https://digimon.net/reference/detail.php?directory_name=murmukusmon,究極体,魔王型,ウィルス,c0fc442fdc5b4f2b1eaadb256fb393b33cb91b6ea0571497f10af764225b1172,158,power:王:+2 ; special_attack:火:+2 ; type:TYPE_FIRE:フレイム:profile:+2 ; type:TYPE_FIRE:フレイム:move:+4 ; type:TYPE_DARK:魔王:profile:+2 ; type:TYPE_FAIRY:天使:profile:+2 ; type:TYPE_DARK:魔王:official_type:+6 ; type_choice:TYPE_DARK:8 ; type_choice:TYPE_FIRE:6 ; growth:official_stage_plus_profile_power:slow,126,126,126,126,135,126,765,TYPE_DARK,TYPE_FIRE,resolved_profile_evidence,98,283,GROWTH_SLOW,medium,profile-derived-v1
722,digimon,mugendramon,ムゲンドラモン,https://digimon.net/reference/detail.php?directory_name=mugendramon,究極体,マシーン型,ウィルス,8a1843fa581d5e93340fc6e56512e9d34a37235808f2cb3b5364ab12094d6581,296,power:最強:+8 ; power:圧倒:+5 ; attack:パワー:+8 ; attack:力:+2 ; special_attack:エネルギー:+3 ; type:TYPE_STEEL:機械:profile:+2 ; type:TYPE_STEEL:サイボーグ:profile:+4 ; type:TYPE_STEEL:マシーン:official_type:+5 ; type_choice:TYPE_STEEL:11 ; growth:official_stage_plus_profile_power:slow,145,190,145,145,159,145,929,TYPE_STEEL,,resolved_profile_evidence,36,378,GROWTH_SLOW,medium,profile-derived-v1
723,digimon,millenniumon,ミレニアモン,https://digimon.net/reference/detail.php?directory_name=millenniumon,究極体,合成型,ウィルス,a32f4fc7745a83f01d1098edf183a100b073f6f224f760a75331a4d548b44be1,172,power:究極:+5 ; power:圧倒:+5 ; power:強力:+3 ; attack:パワー:+4 ; attack:力:+2 ; special_attack:データ:+2 ; type_placeholder:TYPE_NORMAL:no_specialized_affinity_evidence ; growth:official_stage_plus_profile_power:slow,145,172,145,145,154,145,906,TYPE_NORMAL,,unresolved_no_specialized_type_evidence,44,364,GROWTH_SLOW,medium,profile-derived-v1
724,digimon,miragegaogamon:burstmode,ミラージュガオガモン：バーストモード,https://digimon.net/reference/detail.php?directory_name=miragegaogamon:burstmode,究極体,獣騎士型,データ,c36df8cb337181373b75b7ed99be439d6cc4ec5ec9884318c61dcca56d2b0b88,186,attack:力:+2 ; attack:刀:+3 ; attack:斬:+3 ; attack:叩:+2 ; special_attack:エネルギー:+9 ; special_attack:光:+3 ; special_defense:霊:+3 ; type:TYPE_GHOST:霊:profile:+2 ; type_candidate:TYPE_GHOST:2 ; type_placeholder:TYPE_NORMAL:low_evidence ; growth:official_stage_plus_profile_power:slow,122,167,122,122,176,136,845,TYPE_NORMAL,,unresolved_low_type_evidence,78,317,GROWTH_SLOW,medium,profile-derived-v1
725,digimon,miragegaogamon,ミラージュガオガモン,https://digimon.net/reference/detail.php?directory_name=miragegaogamon,究極体,獣騎士型,データ,f9ea7dc73e414e5e3c855d9242d7e4e5a2b5b4353b7bf9fef7bc11614bb7995a,172,defense:鎧:+4 ; speed:一瞬:+3 ; special_attack:エネルギー:+3 ; special_attack:衝撃波:+3 ; type_placeholder:TYPE_NORMAL:no_specialized_affinity_evidence ; growth:official_stage_plus_profile_power:slow,122,122,140,136,149,122,791,TYPE_NORMAL,,unresolved_no_specialized_type_evidence,94,291,GROWTH_SLOW,medium,profile-derived-v1
726,digimon,minervamon,ミネルヴァモン,https://digimon.net/reference/detail.php?directory_name=minervamon,究極体,神人型,ウィルス,4002acfe0fc9d289e1e926bf050952304edf2776068a0825bd76b83be5158a1d,259,power:神:+6 ; attack:怪力:+6 ; attack:力:+2 ; attack:剣:+6 ; attack:斬:+6 ; type:TYPE_GROUND:大地:profile:+2 ; type:TYPE_DRAGON:竜:profile:+2 ; type:TYPE_FAIRY:神人:official_type:+3 ; type:TYPE_FIGHTING:神人:official_type:+2 ; type_candidate:TYPE_FAIRY:3 ; type_placeholder:TYPE_NORMAL:low_evidence ; growth:official_stage_plus_profile_power:slow,133,223,133,133,133,133,888,TYPE_NORMAL,,unresolved_low_type_evidence,49,365,GROWTH_SLOW,medium,profile-derived-v1
727,digimon,marsmon,マルスモン,https://digimon.net/reference/detail.php?directory_name=marsmon,究極体,神人型,ワクチン,ae6a0a8afd3c4c08aa7650442baa6fa24ada13cb9bddfe4cdba42446951ec3b5,308,power:神:+9 ; attack:パワー:+4 ; attack:力:+2 ; attack:格闘:+4 ; defense:守り:+3 ; special_attack:炎:+3 ; special_attack:光:+3 ; special_defense:守護:+4 ; type:TYPE_FIRE:炎:profile:+2 ; type:TYPE_FIGHTING:格闘:profile:+2 ; type:TYPE_FLYING:空中:profile:+2 ; type:TYPE_FAIRY:神人:official_type:+3 ; type:TYPE_FIGHTING:神人:official_type:+2 ; type_candidate:TYPE_FIGHTING:4 ; type_placeholder:TYPE_NORMAL:low_evidence ; growth:official_stage_plus_profile_power:slow,138,183,152,138,165,156,932,TYPE_NORMAL,,unresolved_low_type_evidence,44,366,GROWTH_SLOW,medium,profile-derived-v1
728,digimon,marinangemon,マリンエンジェモン,https://digimon.net/reference/detail.php?directory_name=marinangemon,究極体,妖精型,ワクチン,f047bbad0df8ae9c0a68e53679bd197d1ecdff45f40f03056b1ee0623d41ca9b,239,special_defense:聖:+2 ; type:TYPE_WATER:海:profile:+2 ; type:TYPE_FAIRY:妖精:profile:+2 ; type:TYPE_FAIRY:聖なる:profile:+2 ; type:TYPE_FAIRY:聖:profile:+2 ; type:TYPE_FAIRY:妖精:official_type:+5 ; type_choice:TYPE_FAIRY:11 ; growth:official_stage_plus_profile_power:slow,122,122,122,122,122,131,741,TYPE_FAIRY,,resolved_profile_evidence,107,270,GROWTH_SLOW,medium,profile-derived-v1
729,digimon,magnakidmon,マグナキッドモン,https://digimon.net/reference/detail.php?directory_name=magnakidmon,究極体,竜人型,ウィルス,4515e02f3781bd558cfeace5ad48aaf6e7ada36500bc3b87606f20c2bd2e4970,435,power:超高:+3 ; power:小型:-1 ; attack:破壊:+4 ; special_attack:熱:+2 ; type:TYPE_GRASS:草:profile:+2 ; type:TYPE_FLYING:翼:profile:+2 ; type:TYPE_DRAGON:竜:profile:+2 ; type:TYPE_DRAGON:竜:official_type:+5 ; type_choice:TYPE_DRAGON:7 ; growth:official_stage_plus_profile_power:slow,126,144,126,126,135,126,783,TYPE_DRAGON,,resolved_profile_evidence,93,292,GROWTH_SLOW,medium,profile-derived-v1
730,digimon,boltmon,ボルトモン,https://digimon.net/reference/detail.php?directory_name=boltmon,究極体,サイボーグ型,データ,434c93db77b0ea9024d973e57fa0a8aa5ff36bda23b4c02ae6c33d04e4270788,174,hp:巨大:+2 ; attack:パワー:+4 ; speed:走:+2 ; special_attack:闇:+6 ; type:TYPE_DARK:闇:profile:+4 ; type:TYPE_STEEL:機械:profile:+2 ; type:TYPE_STEEL:サイボーグ:profile:+2 ; type:TYPE_STEEL:サイボーグ:official_type:+5 ; type_choice:TYPE_STEEL:9 ; growth:profile:erratic,131,140,122,131,149,122,795,TYPE_STEEL,,resolved_profile_evidence,93,292,GROWTH_ERRATIC,medium,profile-derived-v1
731,digimon,holydramon,ホーリードラモン,https://digimon.net/reference/detail.php?directory_name=holydramon,究極体,聖竜型,ワクチン,138dfb1c9ea269bc5e0f13f391ff4fccb1637e993f443dd81c2c91c87c9638d4,186,power:究極:+5 ; power:神:+3 ; power:王:+2 ; hp:巨大:+4 ; attack:力:+2 ; speed:一瞬:+3 ; special_attack:エネルギー:+6 ; special_attack:光:+3 ; type:TYPE_FIRE:フレイム:profile:+2 ; type:TYPE_FIRE:フレイム:move:+4 ; type:TYPE_DRAGON:竜:official_type:+5 ; type:TYPE_FAIRY:聖:official_type:+3 ; type_choice:TYPE_FIRE:6 ; type_choice:TYPE_DRAGON:5 ; growth:official_stage_plus_profile_power:slow,158,149,140,154,180,140,921,TYPE_FIRE,TYPE_DRAGON,resolved_profile_evidence,44,364,GROWTH_SLOW,high,profile-derived-v1
732,digimon,hououmon,ホウオウモン,https://digimon.net/reference/detail.php?directory_name=hououmon,究極体,聖獣型,ワクチン,fc0cba594dfa8c84d43642ff97cb87aa03b2cc49010ec9106b94048cc098b310,253,power:究極:+10 ; power:神:+9 ; attack:パワー:+8 ; special_defense:神聖:+6 ; special_defense:聖:+6 ; special_defense:浄化:+4 ; type:TYPE_FLYING:翼:profile:+2 ; type:TYPE_FLYING:鳥:profile:+4 ; type:TYPE_FLYING:羽:profile:+4 ; type:TYPE_FAIRY:神聖:profile:+4 ; type:TYPE_FAIRY:聖なる:profile:+4 ; type:TYPE_FAIRY:聖:profile:+6 ; type:TYPE_FAIRY:聖:official_type:+3 ; type:TYPE_NORMAL:獣型:official_type:+4 ; type:TYPE_FAIRY:聖獣:official_type:+4 ; type:TYPE_NORMAL:聖獣:official_type:+2 ; type_choice:TYPE_FAIRY:21 ; growth:official_stage_plus_profile_power:slow,156,192,156,156,156,228,1044,TYPE_FAIRY,,resolved_profile_evidence,3,440,GROWTH_SLOW,high,profile-derived-v1
733,digimon,belphemonragemode,ベルフェモン：レイジモード,https://digimon.net/reference/detail.php?directory_name=belphemonragemode,究極体,魔王型,ウィルス,931c86a40950bac2a8ea80951f9e8113e364bc0fe3a299b5a7e5861beb710438,288,power:究極:+5 ; power:王:+4 ; attack:爪:+3 ; attack:斬:+3 ; attack:破壊:+4 ; special_attack:炎:+6 ; special_attack:データ:+4 ; type:TYPE_FIRE:炎:profile:+4 ; type:TYPE_DARK:魔王:profile:+4 ; type:TYPE_DARK:ダーク:profile:+4 ; type:TYPE_DARK:ダーク:move:+4 ; type:TYPE_DARK:魔王:official_type:+6 ; type_choice:TYPE_DARK:18 ; growth:official_stage_plus_profile_power:slow,138,183,138,138,183,138,918,TYPE_DARK,,resolved_profile_evidence,46,362,GROWTH_SLOW,high,profile-derived-v1
734,digimon,belphemonsleepmode,ベルフェモン：スリープモード,https://digimon.net/reference/detail.php?directory_name=belphemonsleepmode,究極体,魔王型,ウィルス,2c955324988b93a599466caaa2f32484e0dc986b25272627ef593e29aa62413d,292,power:強大:+4 ; power:王:+2 ; attack:力:+2 ; special_attack:炎:+3 ; special_attack:データ:+2 ; type:TYPE_FIRE:炎:profile:+2 ; type:TYPE_DARK:魔王:profile:+2 ; type:TYPE_DARK:ダーク:profile:+2 ; type:TYPE_DARK:魔王:official_type:+6 ; type_choice:TYPE_DARK:10 ; growth:official_stage_plus_profile_power:slow,133,142,133,133,155,133,829,TYPE_DARK,,resolved_profile_evidence,74,319,GROWTH_SLOW,medium,profile-derived-v1
735,digimon,beelzebumonblastmode,ベルゼブモン：ブラストモード,https://digimon.net/reference/detail.php?directory_name=beelzebumonblastmode,究極体,魔王型,ウィルス,fc5a42a58103230d9cb482815f40b0facb340c9daab15178ca682b8b17cf3284,262,power:究極:+5 ; power:神:+6 ; power:王:+2 ; attack:パワー:+4 ; attack:力:+2 ; attack:破壊:+8 ; speed:スピード:+4 ; special_attack:エネルギー:+3 ; special_attack:波動:+8 ; special_defense:精神:+8 ; type:TYPE_FLYING:翼:profile:+2 ; type:TYPE_PSYCHIC:精神:profile:+4 ; type:TYPE_DARK:魔王:profile:+2 ; type:TYPE_DARK:邪悪:profile:+2 ; type:TYPE_DARK:魔王:official_type:+6 ; type_choice:TYPE_DARK:10 ; growth:official_stage_plus_profile_power:slow,145,208,145,163,195,181,1037,TYPE_DARK,,resolved_profile_evidence,11,414,GROWTH_SLOW,high,profile-derived-v1
736,digimon,beelzebumon,ベルゼブモン,https://digimon.net/reference/detail.php?directory_name=beelzebumon,究極体,魔王型,ウィルス,19ad29ca6051bac7c6b218084462bca9921a845c61691d2c32a55274f25833cc,288,power:王:+6 ; hp:巨大:+2 ; attack:力:+2 ; attack:爪:+3 ; special_attack:闇:+3 ; type:TYPE_DARK:闇:profile:+2 ; type:TYPE_DARK:悪魔:profile:+2 ; type:TYPE_DARK:魔王:profile:+6 ; type:TYPE_DARK:ダーク:profile:+2 ; type:TYPE_DARK:ダーク:move:+4 ; type:TYPE_STEEL:マシーン:profile:+2 ; type:TYPE_DARK:魔王:official_type:+6 ; type_choice:TYPE_DARK:22 ; growth:official_stage_plus_profile_power:slow,142,155,133,133,146,133,842,TYPE_DARK,,resolved_profile_evidence,72,322,GROWTH_SLOW,high,profile-derived-v1
737,digimon,beelstarmon,ベルスターモン,https://digimon.net/reference/detail.php?directory_name=beelstarmon,究極体,魔人型,ウィルス,e03de6aab69f2f84489737f69f55af24c46b8e777096a06b2d3510e0a333303c,354,attack:力:+2 ; attack:拳:+6 ; speed:俊敏:+5 ; type:TYPE_FIGHTING:拳:profile:+4 ; type:TYPE_FLYING:翼:profile:+2 ; type_candidate:TYPE_FIGHTING:4 ; type_placeholder:TYPE_NORMAL:low_evidence ; growth:official_stage_plus_profile_power:slow,122,158,122,144,122,122,790,TYPE_NORMAL,,unresolved_low_type_evidence,92,295,GROWTH_SLOW,medium,profile-derived-v1
738,digimon,belialvamdemon,ベリアルヴァンデモン,https://digimon.net/reference/detail.php?directory_name=belialvamdemon,究極体,魔王型,ウィルス,bcab7bcb74c4ab6b985cb11f33ed31832d41229790d3f9f9ba48e96d47b6d203,203,power:超高:+3 ; power:王:+2 ; attack:パワー:+4 ; special_attack:熱:+2 ; type:TYPE_FIRE:フレイム:profile:+2 ; type:TYPE_FIRE:フレイム:move:+4 ; type:TYPE_DARK:魔王:profile:+2 ; type:TYPE_DARK:魔王:official_type:+6 ; type_choice:TYPE_DARK:8 ; type_choice:TYPE_FIRE:6 ; growth:official_stage_plus_profile_power:slow,131,149,131,131,140,131,813,TYPE_DARK,TYPE_FIRE,resolved_profile_evidence,80,310,GROWTH_SLOW,medium,profile-derived-v1
739,digimon,heraklekabuterimon,ヘラクルカブテリモン,https://digimon.net/reference/detail.php?directory_name=heraklekabuterimon,究極体,昆虫型,ワクチン,edce46fc1464a4db834d2a425acc062684bb44fb7c913413f37896820641902e,220,power:究極:+10 ; hp:巨大:+2 ; attack:力:+2 ; speed:飛行:+2 ; special_attack:データ:+2 ; type:TYPE_FLYING:飛行:profile:+2 ; type:TYPE_BUG:昆虫:profile:+2 ; type:TYPE_BUG:昆虫:official_type:+5 ; type_choice:TYPE_BUG:7 ; growth:official_stage_plus_profile_power:slow,149,149,140,149,149,140,876,TYPE_BUG,,resolved_profile_evidence,59,338,GROWTH_SLOW,medium,profile-derived-v1
740,digimon,plesiomon,プレシオモン,https://digimon.net/reference/detail.php?directory_name=plesiomon,究極体,首長竜型,データ,2d94570c28cbd964fefe128b81276d5237393a79405f6e72d7f2d9b867c91cb4,178,power:神:+3 ; stats:balanced:no_specialization_signal_in_official_text ; type:TYPE_DRAGON:竜:official_type:+5 ; type_choice:TYPE_DRAGON:5 ; growth:official_stage_plus_profile_power:slow,127,127,127,127,127,127,762,TYPE_DRAGON,,resolved_profile_evidence,98,282,GROWTH_SLOW,low,profile-derived-v1
741,digimon,breakdramon,ブレイクドラモン,https://digimon.net/reference/detail.php?directory_name=breakdramon,究極体,機竜型,ウィルス,63123033ef8f25fd0e613403f0618365d3338c0b4cd7d32d03e52c36e519dc97,347,power:究極:+5 ; power:超高:+3 ; hp:巨大:+2 ; attack:パワー:+4 ; attack:破壊:+12 ; attack:叩:+2 ; speed:高速:+5 ; speed:超高速:+7 ; special_attack:データ:+2 ; type:TYPE_GROUND:大地:profile:+2 ; type:TYPE_DRAGON:竜:profile:+4 ; type:TYPE_STEEL:機械:profile:+2 ; type:TYPE_DRAGON:竜:official_type:+5 ; type_choice:TYPE_DRAGON:9 ; growth:official_stage_plus_profile_power:slow,145,217,136,190,145,136,969,TYPE_DRAGON,,resolved_profile_evidence,31,388,GROWTH_SLOW,high,profile-derived-v1
742,digimon,princemamemon,プリンスマメモン,https://digimon.net/reference/detail.php?directory_name=princemamemon,究極体,突然変異型,データ,413e94a6e8680a406f8db2700a9918ffaad17ee02164466c0372cbb0eb4c4d7d,230,power:究極:+5 ; power:凄まじ:+3 ; power:王:+6 ; attack:力:+2 ; attack:破壊:+4 ; special_attack:データ:+2 ; type:TYPE_NORMAL:突然変異:official_type:+3 ; type_candidate:TYPE_NORMAL:3 ; type_placeholder:TYPE_NORMAL:low_evidence ; growth:official_stage_plus_profile_power:slow,147,174,147,147,156,147,918,TYPE_NORMAL,,unresolved_low_type_evidence,39,370,GROWTH_SLOW,medium,profile-derived-v1
743,digimon,blitzgreymon,ブリッツグレイモン,https://digimon.net/reference/detail.php?directory_name=blitzgreymon,究極体,サイボーグ型,ウィルス,6aaa3cc6beed6225090b4af90554e00560596edd442677e611bd66b2cc9eb2da,192,power:究極:+5 ; attack:力:+2 ; attack:格闘:+4 ; attack:破壊:+4 ; defense:バリア:+4 ; special_attack:火:+2 ; special_attack:雷:+3 ; special_attack:電撃:+8 ; special_defense:バリア:+4 ; type:TYPE_ELECTRIC:雷:profile:+2 ; type:TYPE_ELECTRIC:電撃:profile:+4 ; type:TYPE_ELECTRIC:サンダー:profile:+2 ; type:TYPE_ELECTRIC:サンダー:move:+4 ; type:TYPE_FIGHTING:格闘:profile:+2 ; type:TYPE_STEEL:サイボーグ:official_type:+5 ; type_choice:TYPE_ELECTRIC:12 ; growth:official_stage_plus_profile_power:slow,131,176,149,131,190,149,926,TYPE_ELECTRIC,,resolved_profile_evidence,51,357,GROWTH_SLOW,high,profile-derived-v1
744,digimon,blacksaintgalgomon,ブラックセントガルゴモン,https://digimon.net/reference/detail.php?directory_name=blacksaintgalgomon,究極体,マシーン型,ワクチン,9c6515e57972019348daf77e7c821fae537af3a051126712d5710ed0e6be0516,109,speed:スピード:+4 ; special_attack:火:+2 ; special_attack:熱:+2 ; type:TYPE_STEEL:マシーン:official_type:+5 ; type_choice:TYPE_STEEL:5 ; growth:official_stage_plus_profile_power:slow,122,122,122,140,140,122,768,TYPE_STEEL,,resolved_profile_evidence,100,281,GROWTH_SLOW,medium,profile-derived-v1
745,digimon,blackwargreymon,ブラックウォーグレイモン,https://digimon.net/reference/detail.php?directory_name=blackwargreymon,究極体,竜人型,ウィルス,3b84570e31ef091642f110d42c02a4e53967ce5375ddbc03e5fe0f954ff2c9d9,255,special_attack:念:+4 ; type:TYPE_FIGHTING:戦士:profile:+2 ; type:TYPE_PSYCHIC:念:profile:+2 ; type:TYPE_DRAGON:竜:profile:+2 ; type:TYPE_DARK:暗黒:profile:+2 ; type:TYPE_DARK:暗黒:move:+4 ; type:TYPE_DRAGON:竜:official_type:+5 ; type_choice:TYPE_DRAGON:7 ; type_choice:TYPE_DARK:6 ; growth:official_stage_plus_profile_power:slow,122,122,122,122,140,122,750,TYPE_DRAGON,TYPE_DARK,resolved_profile_evidence,103,277,GROWTH_SLOW,medium,profile-derived-v1
746,digimon,platinumnumemon,プラチナヌメモン,https://digimon.net/reference/detail.php?directory_name=platinumnumemon,究極体,突然変異型,ウィルス,c0d6749aa40be5eb2df3b1ead360a2dc8c856eebfe04402978e90a966e9c7c30,278,attack:力:+4 ; defense:防御:+5 ; special_attack:データ:+2 ; type:TYPE_FLYING:翼:profile:+2 ; type:TYPE_NORMAL:突然変異:official_type:+3 ; type_candidate:TYPE_NORMAL:3 ; type_placeholder:TYPE_NORMAL:low_evidence ; growth:official_stage_plus_profile_power:slow,122,140,144,122,131,122,781,TYPE_NORMAL,,unresolved_low_type_evidence,97,287,GROWTH_SLOW,medium,profile-derived-v1
747,digimon,pukumon,プクモン,https://digimon.net/reference/detail.php?directory_name=pukumon,究極体,突然変異型,ウィルス,c7913643353288756669f4f35d30e0ed9d921b58ad4fc6ddbd8c76dc7e0a7a7f,214,power:最強:+8 ; stats:balanced:no_specialization_signal_in_official_text ; type:TYPE_NORMAL:突然変異:official_type:+3 ; type_candidate:TYPE_NORMAL:3 ; type_placeholder:TYPE_NORMAL:low_evidence ; growth:official_stage_plus_profile_power:slow,136,136,136,136,136,136,816,TYPE_NORMAL,,unresolved_low_type_evidence,77,312,GROWTH_SLOW,low,profile-derived-v1
748,digimon,fujinmon,フウジンモン,https://digimon.net/reference/detail.php?directory_name=fujinmon,究極体,マシーン型,ワクチン,6ea23efb217480025d60dc26b20084e12132da600e57ce5663d0e91f0d82aeec,122,power:神:+3 ; stats:balanced:no_specialization_signal_in_official_text ; type:TYPE_STEEL:サイボーグ:profile:+2 ; type:TYPE_STEEL:マシーン:official_type:+5 ; type_choice:TYPE_STEEL:7 ; growth:official_stage_plus_profile_power:slow,127,127,127,127,127,127,762,TYPE_STEEL,,resolved_profile_evidence,98,282,GROWTH_SLOW,medium,profile-derived-v1
749,digimon,huanglongmon,ファンロンモン,https://digimon.net/reference/detail.php?directory_name=huanglongmon,究極体,神獣型,NO DATA,ac06d556d91a6d67523429643b6d6c5de13c44edda9e4b1c26b38af41e8b5a9a,625,power:神:+3 ; power:皇帝:+3 ; hp:巨大:+4 ; special_attack:光:+6 ; special_attack:闇:+6 ; special_defense:聖:+4 ; special_defense:守護:+4 ; type:TYPE_GROUND:大地:profile:+2 ; type:TYPE_GROUND:地中:profile:+4 ; type:TYPE_GROUND:土:profile:+2 ; type:TYPE_GROUND:砂:profile:+2 ; type:TYPE_ROCK:石:profile:+6 ; type:TYPE_ROCK:鉱石:profile:+6 ; type:TYPE_DARK:闇:profile:+4 ; type:TYPE_FAIRY:天使:profile:+2 ; type:TYPE_FAIRY:聖:profile:+4 ; type:TYPE_NORMAL:獣型:official_type:+4 ; type_choice:TYPE_ROCK:12 ; type_choice:TYPE_GROUND:10 ; growth:profile:slow,151,133,133,133,187,169,906,TYPE_ROCK,TYPE_GROUND,resolved_profile_evidence,53,353,GROWTH_SLOW,high,profile-derived-v1
750,digimon,pharaohmon,ファラオモン,https://digimon.net/reference/detail.php?directory_name=pharaohmon,究極体,魔人型,ウィルス,2240fe38396e4cc02d1df47f1432c0ecc755f4143d511097e1019d4e8642c10e,356,power:究極:+5 ; power:神:+3 ; hp:不死:+5 ; attack:力:+4 ; special_attack:光:+3 ; type_placeholder:TYPE_NORMAL:no_specialized_affinity_evidence ; growth:profile:slow,159,154,136,136,150,136,871,TYPE_NORMAL,,unresolved_no_specialized_type_evidence,62,337,GROWTH_SLOW,medium,profile-derived-v1
751,digimon,pinochimon,ピノッキモン,https://digimon.net/reference/detail.php?directory_name=pinochimon,究極体,パペット型,ウィルス,460c1ef384a5e14d630ecd020e606baa1e4f92f97dec18070e3f78641d564b14,251,power:最強:+8 ; power:究極:+5 ; attack:叩:+2 ; special_attack:呪:+4 ; special_attack:火:+4 ; special_attack:データ:+2 ; special_attack:爆発:+3 ; type:TYPE_NORMAL:パペット:official_type:+2 ; type:TYPE_GHOST:パペット:official_type:+2 ; type_candidate:TYPE_GHOST:2 ; type_placeholder:TYPE_NORMAL:low_evidence ; growth:official_stage_plus_profile_power:slow,145,154,145,145,204,145,938,TYPE_NORMAL,,unresolved_low_type_evidence,31,387,GROWTH_SLOW,medium,profile-derived-v1
752,digimon,victorygreymon,ビクトリーグレイモン,https://digimon.net/reference/detail.php?directory_name=victorygreymon,究極体,竜人型,ワクチン,c1d611df8eaf974e18004045ef88dc18bf489aa0f0bdb747c74f7dea7e5ac74b,333,hp:巨大:+6 ; attack:剣:+9 ; attack:斬:+3 ; attack:粉砕:+5 ; attack:叩:+2 ; defense:鎧:+4 ; special_attack:エネルギー:+3 ; special_attack:データ:+2 ; type:TYPE_FIGHTING:戦士:profile:+2 ; type:TYPE_DRAGON:竜:profile:+2 ; type:TYPE_STEEL:金属:profile:+2 ; type:TYPE_DRAGON:竜:official_type:+5 ; type_choice:TYPE_DRAGON:7 ; growth:official_stage_plus_profile_power:slow,149,208,140,122,144,122,885,TYPE_DRAGON,,resolved_profile_evidence,64,342,GROWTH_SLOW,high,profile-derived-v1
753,digimon,piemon,ピエモン,https://digimon.net/reference/detail.php?directory_name=piemon,究極体,魔人型,ウィルス,229db9311d2514647d4efca73d4b349d5ed367e2e0f10cdcc6078218a06e2287,244,power:強力:+3 ; power:神:+3 ; attack:力:+4 ; attack:剣:+3 ; speed:瞬間:+3 ; special_attack:呪:+4 ; type:TYPE_DARK:悪魔:profile:+2 ; type_candidate:TYPE_DARK:2 ; type_placeholder:TYPE_NORMAL:low_evidence ; growth:official_stage_plus_profile_power:slow,133,164,133,146,151,133,860,TYPE_NORMAL,,unresolved_low_type_evidence,67,331,GROWTH_SLOW,medium,profile-derived-v1
754,digimon,bancholeomon,バンチョーレオモン,https://digimon.net/reference/detail.php?directory_name=bancholeomon,究極体,獣人型,ワクチン,cae81a4cc4b96bb7b5d559ac11a8c914242751bb2fbe3dbedf56e341bc2920b2,333,power:王:+2 ; attack:拳:+3 ; attack:パンチ:+6 ; attack:刀:+3 ; defense:防御:+5 ; defense:無効:+4 ; special_defense:無効:+4 ; type:TYPE_FIGHTING:拳:profile:+2 ; type:TYPE_FIGHTING:パンチ:profile:+2 ; type:TYPE_FIGHTING:パンチ:move:+4 ; type:TYPE_FLYING:羽:profile:+2 ; type:TYPE_GHOST:魂:profile:+2 ; type:TYPE_FAIRY:天使:profile:+2 ; type:TYPE_FIGHTING:獣人:official_type:+3 ; type:TYPE_NORMAL:獣人:official_type:+2 ; type_choice:TYPE_FIGHTING:11 ; growth:official_stage_plus_profile_power:slow,126,180,166,126,126,144,868,TYPE_FIGHTING,,resolved_profile_evidence,69,330,GROWTH_SLOW,high,profile-derived-v1
755,digimon,banchomamemon,バンチョーマメモン,https://digimon.net/reference/detail.php?directory_name=banchomamemon,究極体,突然変異型,データ,4afc38b282beec5ca412aa018facca51ed915edc0e633344dee9dc0164ab065f,453,power:王:+2 ; attack:力:+2 ; attack:突進:+3 ; defense:防御:+5 ; defense:防ぐ:+3 ; type:TYPE_FLYING:羽:profile:+2 ; type:TYPE_NORMAL:生活:profile:+4 ; type:TYPE_NORMAL:突然変異:official_type:+3 ; type_choice:TYPE_NORMAL:7 ; growth:official_stage_plus_profile_power:slow,126,148,162,126,126,126,814,TYPE_NORMAL,,resolved_profile_evidence,83,308,GROWTH_SLOW,medium,profile-derived-v1
756,digimon,banchostingmon,バンチョースティングモン,https://digimon.net/reference/detail.php?directory_name=banchostingmon,究極体,昆虫型,フリー,129ce1039349d50891f56b883cb0ce51fee23947ec93bcc2e27bd408fc76e026,276,attack:破壊:+4 ; defense:甲殻:+4 ; defense:硬い:+4 ; special_attack:雷:+9 ; type:TYPE_ELECTRIC:雷:profile:+4 ; type:TYPE_ELECTRIC:雷:move:+4 ; type:TYPE_BUG:昆虫:profile:+2 ; type:TYPE_BUG:昆虫:official_type:+5 ; type_choice:TYPE_ELECTRIC:8 ; type_choice:TYPE_BUG:7 ; growth:official_stage_plus_profile_power:slow,122,140,158,122,162,122,826,TYPE_ELECTRIC,TYPE_BUG,resolved_profile_evidence,84,306,GROWTH_SLOW,medium,profile-derived-v1
757,digimon,barbamon,バルバモン,https://digimon.net/reference/detail.php?directory_name=barbamon,究極体,魔王型,ウィルス,d41c7a373f6eea1e91e4cea0943fcee1e7f79fbc9548992105b3f0ee3095494f,333,power:究極:+5 ; power:超高:+3 ; power:王:+6 ; special_attack:エネルギー:+6 ; special_attack:熱:+2 ; type:TYPE_FIRE:フレイム:profile:+2 ; type:TYPE_DARK:悪魔:profile:+2 ; type:TYPE_DARK:魔王:profile:+6 ; type:TYPE_DARK:邪悪:profile:+4 ; type:TYPE_DARK:ダーク:profile:+4 ; type:TYPE_FAIRY:天使:profile:+4 ; type:TYPE_DARK:魔王:official_type:+6 ; type_choice:TYPE_DARK:22 ; growth:official_stage_plus_profile_power:slow,147,147,147,147,183,147,918,TYPE_DARK,,resolved_profile_evidence,37,374,GROWTH_SLOW,high,profile-derived-v1
758,digimon,parasimon,パラサイモン,https://digimon.net/reference/detail.php?directory_name=parasimon,究極体,寄生型,ウィルス,1bb3e6b8508d59f8501865123e4eae0c59b3e66a426a367bc72bc31516d40efe,282,power:究極:+5 ; power:弱い:-4 ; attack:パワー:+4 ; attack:力:+4 ; special_attack:電撃:+4 ; type:TYPE_ELECTRIC:電撃:profile:+2 ; type_candidate:TYPE_ELECTRIC:2 ; type_placeholder:TYPE_NORMAL:low_evidence ; growth:profile:slow,124,160,124,124,142,124,798,TYPE_NORMAL,,unresolved_low_type_evidence,88,301,GROWTH_SLOW,medium,profile-derived-v1
759,digimon,babamon,ババモン,https://digimon.net/reference/detail.php?directory_name=babamon,究極体,エンシェント型,ワクチン,223f693dba41255383c100b70ca99863aca7a653380c0cc78bc71e4a4d3b7c5a,105,special_attack:魔法:+5 ; special_attack:呪:+4 ; type_placeholder:TYPE_NORMAL:no_specialized_affinity_evidence ; growth:official_stage_plus_profile_power:slow,122,122,122,122,162,122,772,TYPE_NORMAL,,unresolved_no_specialized_type_evidence,95,292,GROWTH_SLOW,low,profile-derived-v1
760,digimon,baihumon,バイフーモン,https://digimon.net/reference/detail.php?directory_name=baihumon,究極体,聖獣型,データ,01c7a0b78bec6ca5ecababbedc4b5640590873e498c283aca181ca832203aa70,296,power:絶大:+5 ; power:神:+6 ; hp:不死:+5 ; attack:パワー:+8 ; special_attack:波動:+4 ; special_defense:聖:+6 ; special_defense:守護:+8 ; type:TYPE_STEEL:金属:profile:+2 ; type:TYPE_STEEL:鋼:profile:+2 ; type:TYPE_FAIRY:聖:profile:+6 ; type:TYPE_FAIRY:聖:official_type:+3 ; type:TYPE_NORMAL:獣型:official_type:+4 ; type:TYPE_FAIRY:聖獣:official_type:+4 ; type:TYPE_NORMAL:聖獣:official_type:+2 ; type_choice:TYPE_FAIRY:13 ; growth:official_stage_plus_profile_power:slow,164,178,142,142,160,205,991,TYPE_FAIRY,,resolved_profile_evidence,24,396,GROWTH_SLOW,high,profile-derived-v1
761,digimon,hiandromon,ハイアンドロモン,https://digimon.net/reference/detail.php?directory_name=hiandromon,究極体,サイボーグ型,ワクチン,7c5eb2c4aeeca73249a8a78f1186294562f751d0adb021d22faf4505e947eddc,343,power:究極:+5 ; power:不完全:-3 ; attack:力:+4 ; defense:防御:+5 ; special_attack:エネルギー:+6 ; special_attack:光:+3 ; type:TYPE_STEEL:サイボーグ:profile:+4 ; type:TYPE_STEEL:サイボーグ:official_type:+5 ; type_choice:TYPE_STEEL:9 ; growth:official_stage_plus_profile_power:slow,126,144,148,126,166,126,836,TYPE_STEEL,,resolved_profile_evidence,78,316,GROWTH_SLOW,medium,profile-derived-v1
762,digimon,neptunemon,ネプトゥーンモン,https://digimon.net/reference/detail.php?directory_name=neptunemon,究極体,神人型,ワクチン,5bbb9458d84cd45167ca0969a831e6a8833b22d8996596497997d3db4ab64ee8,268,power:神:+9 ; attack:力:+2 ; attack:槍:+3 ; defense:鎧:+4 ; speed:スピード:+4 ; speed:機動:+4 ; special_attack:念:+4 ; type:TYPE_WATER:海:profile:+6 ; type:TYPE_WATER:深海:profile:+6 ; type:TYPE_WATER:ウェーブ:profile:+2 ; type:TYPE_WATER:ウェーブ:move:+4 ; type:TYPE_PSYCHIC:念:profile:+2 ; type:TYPE_FAIRY:神人:official_type:+3 ; type:TYPE_FIGHTING:神人:official_type:+2 ; type_choice:TYPE_WATER:18 ; growth:official_stage_plus_profile_power:slow,138,161,156,174,156,138,923,TYPE_WATER,,resolved_profile_evidence,47,359,GROWTH_SLOW,high,profile-derived-v1
763,digimon,dorugoramon,ドルゴラモン,https://digimon.net/reference/detail.php?directory_name=dorugoramon,究極体,獣竜型,データ,4beb6c1b82c2c46ad2520fb09bb7803e934bd589611f776217e85163319955c7,213,power:究極:+5 ; power:強大:+4 ; power:凄まじ:+3 ; hp:生命力:+5 ; hp:生命:+2 ; attack:力:+4 ; attack:破壊:+8 ; special_attack:衝撃波:+3 ; special_attack:データ:+2 ; special_defense:霊:+3 ; type:TYPE_GHOST:霊:profile:+2 ; type:TYPE_DRAGON:ドラゴン:profile:+2 ; type:TYPE_DRAGON:竜:official_type:+5 ; type_choice:TYPE_DRAGON:7 ; growth:official_stage_plus_profile_power:slow,175,198,144,144,166,157,984,TYPE_DRAGON,,resolved_profile_evidence,25,393,GROWTH_SLOW,high,profile-derived-v1
764,digimon,duftmonleopardmode,ドゥフトモン：レオパルドモード,https://digimon.net/reference/detail.php?directory_name=duftmonleopardmode,究極体,聖騎士型,データ,00ce22b9056bae0b42c5cdfafba52b6adb9e4b807326e0058eb4a30f09c02a3f,161,power:超高:+3 ; speed:飛翔:+3 ; speed:走:+2 ; special_attack:エネルギー:+3 ; special_attack:雷:+3 ; type:TYPE_ELECTRIC:雷:profile:+2 ; type:TYPE_GROUND:大地:profile:+2 ; type:TYPE_FLYING:飛翔:profile:+2 ; type:TYPE_ROCK:岩:profile:+2 ; type:TYPE_FAIRY:聖:official_type:+3 ; type_candidate:TYPE_FAIRY:3 ; type_placeholder:TYPE_NORMAL:low_evidence ; growth:official_stage_plus_profile_power:slow,127,127,127,150,154,127,812,TYPE_NORMAL,,unresolved_low_type_evidence,83,307,GROWTH_SLOW,medium,profile-derived-v1
765,digimon,duftmon,ドゥフトモン,https://digimon.net/reference/detail.php?directory_name=duftmon,究極体,聖騎士型,データ,d0165e89d9b2df3d6d44402da7c5b36795b74d41c544c0dec9bdec91d6dd3eb5,163,attack:力:+2 ; attack:剣:+6 ; attack:破壊:+4 ; special_attack:エネルギー:+3 ; special_attack:ビーム:+4 ; special_attack:爆発:+3 ; special_defense:聖:+2 ; type:TYPE_FAIRY:聖:profile:+2 ; type:TYPE_FAIRY:聖:official_type:+3 ; type_choice:TYPE_FAIRY:5 ; growth:official_stage_plus_profile_power:slow,122,176,122,122,167,131,840,TYPE_FAIRY,,resolved_profile_evidence,79,316,GROWTH_SLOW,medium,profile-derived-v1
766,digimon,durandamon,デュランダモン,https://digimon.net/reference/detail.php?directory_name=durandamon,究極体,聖剣型,ワクチン,50db5b37af9174e073e979ac76400d1317253df025e30144fbf3f4039999cdb2,310,power:最強:+8 ; power:究極:+5 ; power:凄まじ:+3 ; power:神:+3 ; attack:力:+4 ; attack:剣:+9 ; attack:斬:+9 ; defense:盾:+4 ; defense:防壁:+5 ; special_attack:データ:+2 ; special_defense:聖:+2 ; special_defense:防壁:+4 ; type:TYPE_FAIRY:聖:profile:+2 ; type:TYPE_FAIRY:聖:official_type:+3 ; type_choice:TYPE_FAIRY:5 ; growth:official_stage_plus_profile_power:slow,156,255,197,156,165,183,1112,TYPE_FAIRY,,resolved_profile_evidence,3,470,GROWTH_SLOW,high,profile-derived-v1
767,digimon,dynasmon,デュナスモン,https://digimon.net/reference/detail.php?directory_name=dynasmon,究極体,聖騎士型,データ,00c9fce8aab9818303a02c639767640bfce56a3a02c9590004f7aada31f6fa6d,264,power:神:+3 ; hp:巨大:+2 ; attack:パワー:+4 ; attack:力:+2 ; defense:鎧:+4 ; special_attack:エネルギー:+6 ; special_defense:精神:+4 ; special_defense:聖:+2 ; type:TYPE_FIGHTING:闘士:profile:+2 ; type:TYPE_PSYCHIC:精神:profile:+2 ; type:TYPE_DRAGON:竜:profile:+6 ; type:TYPE_DRAGON:ドラゴン:profile:+2 ; type:TYPE_DRAGON:ドラゴン:move:+4 ; type:TYPE_DRAGON:ワイバーン:profile:+2 ; type:TYPE_DRAGON:ワイバーン:move:+4 ; type:TYPE_FAIRY:聖:profile:+2 ; type:TYPE_FAIRY:聖:official_type:+3 ; type_choice:TYPE_DRAGON:18 ; growth:official_stage_plus_profile_power:slow,136,154,145,127,154,154,870,TYPE_DRAGON,,resolved_profile_evidence,72,322,GROWTH_SLOW,high,profile-derived-v1
768,digimon,dukemoncrimsonmode,デュークモン：クリムゾンモード,https://digimon.net/reference/detail.php?directory_name=dukemoncrimsonmode,究極体,聖騎士型,ウィルス,40f37a8b1d692fe7ad1e8e5ce5ecc1c25d418a37e1fc34e090e55fc06e8854a5,279,power:無敵:+8 ; power:神:+9 ; attack:パワー:+8 ; attack:剣:+9 ; attack:槍:+6 ; defense:鎧:+8 ; special_attack:エネルギー:+6 ; special_attack:光:+6 ; special_attack:熱:+2 ; type:TYPE_FLYING:羽:profile:+2 ; type:TYPE_FAIRY:聖:official_type:+3 ; type_candidate:TYPE_FAIRY:3 ; type_placeholder:TYPE_NORMAL:low_evidence ; growth:official_stage_plus_profile_power:slow,153,255,189,153,216,153,1119,TYPE_NORMAL,,unresolved_low_type_evidence,3,466,GROWTH_SLOW,medium,profile-derived-v1
769,digimon,dukemon,デュークモン,https://digimon.net/reference/detail.php?directory_name=dukemon,究極体,聖騎士型,ウィルス,d1305c222588974a75f8f8fcb8fb7c9d436b663aefddaaa7503a455b778a994f,328,power:神:+3 ; attack:槍:+6 ; defense:鎧:+4 ; defense:盾:+12 ; special_attack:ビーム:+4 ; special_defense:聖:+6 ; special_defense:浄化:+4 ; special_defense:守護:+4 ; type:TYPE_FAIRY:聖:profile:+6 ; type:TYPE_FAIRY:聖:official_type:+3 ; type_choice:TYPE_FAIRY:9 ; growth:official_stage_plus_profile_power:slow,127,154,199,127,145,190,942,TYPE_FAIRY,,resolved_profile_evidence,49,360,GROWTH_SLOW,high,profile-derived-v1
770,digimon,devitamamon,デビタマモン,https://digimon.net/reference/detail.php?directory_name=devitamamon,究極体,突然変異型,データ,2b691c0855fcb34d8359600c76d4a711ca638194427afafc258a3fe195b63ed0,304,power:究極:+5 ; power:神:+3 ; attack:破壊:+4 ; special_attack:魔法:+10 ; special_defense:精神:+4 ; type:TYPE_PSYCHIC:精神:profile:+2 ; type:TYPE_DARK:暗黒:profile:+4 ; type:TYPE_DARK:邪悪:profile:+4 ; type:TYPE_NORMAL:突然変異:official_type:+3 ; type_choice:TYPE_DARK:8 ; growth:profile:slow,136,154,136,136,181,154,897,TYPE_DARK,,resolved_profile_evidence,52,353,GROWTH_SLOW,medium,profile-derived-v1
771,digimon,deathmon-black,デスモン（黒）,https://digimon.net/reference/detail.php?directory_name=deathmon-black,究極体,魔王型,データ,19bc18d9d0dca86621d3a8c05697e021feb77ebd67b01cec61746a93e321d0c3,296,power:神:+3 ; power:王:+4 ; attack:破壊:+8 ; defense:守り:+3 ; special_attack:光:+3 ; special_attack:闇:+3 ; type:TYPE_DARK:闇:profile:+2 ; type:TYPE_DARK:悪魔:profile:+2 ; type:TYPE_DARK:魔王:profile:+4 ; type:TYPE_DARK:ダーク:profile:+2 ; type:TYPE_DARK:デーモン:profile:+2 ; type:TYPE_FAIRY:天使:profile:+4 ; type:TYPE_DARK:魔王:official_type:+6 ; type_choice:TYPE_DARK:18 ; growth:official_stage_plus_profile_power:slow,135,171,148,135,162,135,886,TYPE_DARK,,resolved_profile_evidence,58,343,GROWTH_SLOW,high,profile-derived-v1
772,digimon,deathmon,デスモン,https://digimon.net/reference/detail.php?directory_name=deathmon,究極体,魔王型,データ,19bc18d9d0dca86621d3a8c05697e021feb77ebd67b01cec61746a93e321d0c3,296,power:神:+3 ; power:王:+4 ; attack:破壊:+8 ; defense:守り:+3 ; special_attack:光:+3 ; special_attack:闇:+3 ; type:TYPE_DARK:闇:profile:+2 ; type:TYPE_DARK:悪魔:profile:+2 ; type:TYPE_DARK:魔王:profile:+4 ; type:TYPE_DARK:ダーク:profile:+2 ; type:TYPE_DARK:デーモン:profile:+2 ; type:TYPE_FAIRY:天使:profile:+4 ; type:TYPE_DARK:魔王:official_type:+6 ; type_choice:TYPE_DARK:18 ; growth:official_stage_plus_profile_power:slow,135,171,148,135,162,135,886,TYPE_DARK,,resolved_profile_evidence,58,343,GROWTH_SLOW,high,profile-derived-v1
773,digimon,death-x-mon,デクスモン,https://digimon.net/reference/detail.php?directory_name=death-x-mon,究極体,解析不能,ウィルス,57673c6f8492e6adce97b87165a3411060daa16b8e24c154b13cd0a98731c736,186,stats:balanced:no_specialization_signal_in_official_text ; type_placeholder:TYPE_NORMAL:no_specialized_affinity_evidence ; growth:official_stage_plus_profile_power:slow,122,122,122,122,122,122,732,TYPE_NORMAL,,unresolved_no_specialized_type_evidence,110,264,GROWTH_SLOW,low,profile-derived-v1
774,digimon,demon,デーモン,https://digimon.net/reference/detail.php?directory_name=demon,究極体,魔王型,ウィルス,ba4c2418dfce6e605cd39ac7799c824aec9740edcb599ee868f4d569a6d786bc,318,power:最強:+8 ; power:究極:+10 ; power:超高:+3 ; power:王:+2 ; special_attack:火:+2 ; special_attack:データ:+2 ; special_attack:熱:+2 ; type:TYPE_FIRE:フレイム:profile:+2 ; type:TYPE_FIRE:フレイム:move:+4 ; type:TYPE_DARK:悪魔:profile:+2 ; type:TYPE_DARK:魔王:profile:+2 ; type:TYPE_DARK:ダーク:profile:+2 ; type:TYPE_DARK:デーモン:profile:+2 ; type:TYPE_FAIRY:天使:profile:+4 ; type:TYPE_DARK:魔王:official_type:+6 ; type_choice:TYPE_DARK:14 ; growth:official_stage_plus_profile_power:slow,163,163,163,163,190,163,1005,TYPE_DARK,,resolved_profile_evidence,3,423,GROWTH_SLOW,high,profile-derived-v1
775,digimon,death-x-dorugoramon,デクスドルゴラモン,https://digimon.net/reference/detail.php?directory_name=death-x-dorugoramon,究極体,アンデッド型,ウィルス,eeba68efd9b625e409c65a879193b237d573ccf2b0aaff54d66d5bec37821482,299,power:究極:+5 ; attack:破壊:+4 ; type:TYPE_GHOST:アンデッド:official_type:+5 ; type:TYPE_DARK:アンデッド:official_type:+3 ; type_choice:TYPE_GHOST:5 ; growth:official_stage_plus_profile_power:slow,131,149,131,131,131,131,804,TYPE_GHOST,,resolved_profile_evidence,82,307,GROWTH_SLOW,medium,profile-derived-v1
776,digimon,dinorexmon,ディノレクスモン,https://digimon.net/reference/detail.php?directory_name=dinorexmon,究極体,恐竜型,データ,562d55ee5f26db39ce492aec61b70025ac723f115057e9a6654fdcac2dd53b5c,293,power:超高:+6 ; power:王:+4 ; hp:巨大:+2 ; attack:爪:+6 ; special_attack:熱:+4 ; type:TYPE_FIRE:マグマ:profile:+2 ; type:TYPE_FIRE:フレイム:profile:+2 ; type:TYPE_FIRE:フレイム:move:+4 ; type:TYPE_DRAGON:竜:profile:+4 ; type:TYPE_DRAGON:恐竜:profile:+4 ; type:TYPE_DRAGON:竜:official_type:+5 ; type:TYPE_DRAGON:恐竜:official_type:+3 ; type_choice:TYPE_DRAGON:16 ; growth:official_stage_plus_profile_power:slow,149,167,140,140,158,140,894,TYPE_DRAGON,,resolved_profile_evidence,52,351,GROWTH_SLOW,high,profile-derived-v1
777,digimon,dinotigermon,ディノタイガモン,https://digimon.net/reference/detail.php?directory_name=dinotigermon,究極体,古代獣型,データ,37e46d8db47da3aa719ef15c7f45171e6d4f041082e74b0d6f30d039ba6edb7d,291,attack:力:+2 ; attack:牙:+9 ; attack:剣:+3 ; defense:装甲:+5 ; defense:硬質:+4 ; speed:瞬時:+4 ; type:TYPE_GROUND:大地:profile:+2 ; type:TYPE_STEEL:装甲:profile:+2 ; type:TYPE_NORMAL:獣型:official_type:+4 ; type_candidate:TYPE_NORMAL:4 ; type_placeholder:TYPE_NORMAL:low_evidence ; growth:profile:slow,122,185,162,140,122,122,853,TYPE_NORMAL,,unresolved_low_type_evidence,75,324,GROWTH_SLOW,medium,profile-derived-v1
778,digimon,diablomon,ディアボロモン,https://digimon.net/reference/detail.php?directory_name=diablomon,究極体,種族不明,不明,5b92518e9f55e8d3efa61bb5d4edb0741b66261ee4d4c9cf4d598204a7e404ed,255,power:強力:+3 ; hp:巨大:+2 ; attack:力:+2 ; attack:破壊:+12 ; special_attack:エネルギー:+3 ; special_attack:データ:+4 ; special_defense:吸収:+8 ; type_placeholder:TYPE_NORMAL:no_specialized_affinity_evidence ; growth:official_stage_plus_profile_power:slow,136,190,127,127,159,163,902,TYPE_NORMAL,,unresolved_no_specialized_type_evidence,59,346,GROWTH_SLOW,medium,profile-derived-v1
779,digimon,dianamon,ディアナモン,https://digimon.net/reference/detail.php?directory_name=dianamon,究極体,神人型,データ,961ddc9cc379a67d45845ec026dba9c090a07f551a4ca878e85d66ef7c9ec529,232,power:神:+9 ; attack:力:+4 ; attack:斬:+3 ; special_attack:氷:+6 ; special_attack:光:+6 ; special_attack:闇:+3 ; type:TYPE_ICE:氷:profile:+4 ; type:TYPE_PSYCHIC:幻覚:profile:+2 ; type:TYPE_DARK:闇:profile:+2 ; type:TYPE_FAIRY:神人:official_type:+3 ; type:TYPE_FIGHTING:神人:official_type:+2 ; type_candidate:TYPE_ICE:4 ; type_placeholder:TYPE_NORMAL:low_evidence ; growth:official_stage_plus_profile_power:slow,138,170,138,138,206,138,928,TYPE_NORMAL,,unresolved_low_type_evidence,40,375,GROWTH_SLOW,medium,profile-derived-v1
780,digimon,qinglongmon,チンロンモン,https://digimon.net/reference/detail.php?directory_name=qinglongmon,究極体,聖竜型,データ,8d8566d3da9be3f027f85d06cf1807369d549960285c1b7c64b565ae277c62bb,255,power:神:+9 ; attack:力:+2 ; special_attack:雷:+9 ; special_defense:聖:+4 ; special_defense:守護:+8 ; type:TYPE_ELECTRIC:雷:profile:+6 ; type:TYPE_ELECTRIC:雷:move:+4 ; type:TYPE_FLYING:天空:profile:+2 ; type:TYPE_DRAGON:竜:profile:+2 ; type:TYPE_FAIRY:聖:profile:+4 ; type:TYPE_DRAGON:竜:official_type:+5 ; type:TYPE_FAIRY:聖:official_type:+3 ; type_choice:TYPE_ELECTRIC:10 ; type_choice:TYPE_DRAGON:7 ; growth:official_stage_plus_profile_power:slow,138,147,138,138,179,192,932,TYPE_ELECTRIC,TYPE_DRAGON,resolved_profile_evidence,42,370,GROWTH_SLOW,high,profile-derived-v1
781,digimon,darkdramon,ダークドラモン,https://digimon.net/reference/detail.php?directory_name=darkdramon,究極体,サイボーグ型,ウィルス,ab7b603737e0ddc4cc68ec574ffcf9c6dc3505a8d8ef1c75197b2b47a381ca79,369,attack:槍:+3 ; speed:走:+2 ; special_attack:エネルギー:+3 ; special_defense:聖:+2 ; type:TYPE_DARK:ダーク:profile:+6 ; type:TYPE_DARK:ダーク:move:+4 ; type:TYPE_STEEL:機械:profile:+2 ; type:TYPE_STEEL:サイボーグ:profile:+2 ; type:TYPE_STEEL:機械化:profile:+2 ; type:TYPE_FAIRY:聖:profile:+2 ; type:TYPE_STEEL:サイボーグ:official_type:+5 ; type_choice:TYPE_STEEL:11 ; type_choice:TYPE_DARK:10 ; growth:profile:erratic,122,136,122,131,136,131,778,TYPE_STEEL,TYPE_DARK,resolved_profile_evidence,99,282,GROWTH_ERRATIC,high,profile-derived-v1
782,digimon,tyrantkabuterimon,タイラントカブテリモン,https://digimon.net/reference/detail.php?directory_name=tyrantkabuterimon,究極体,昆虫型,ウィルス,e64e0b1d1d8ed3b97894911776db448cf01199984949842bc113f5ad5cbe4c35,253,power:王:+2 ; defense:防御:+5 ; defense:甲殻:+4 ; defense:鉄壁:+6 ; speed:一瞬:+3 ; special_attack:熱:+2 ; special_attack:爆発:+3 ; type:TYPE_FIRE:灼熱:profile:+2 ; type:TYPE_GRASS:森:profile:+2 ; type:TYPE_GROUND:地中:profile:+2 ; type:TYPE_BUG:昆虫:profile:+4 ; type:TYPE_BUG:蟲:profile:+6 ; type:TYPE_STEEL:鉄:profile:+2 ; type:TYPE_BUG:昆虫:official_type:+5 ; type_choice:TYPE_BUG:15 ; growth:official_stage_plus_profile_power:slow,126,126,193,139,148,126,858,TYPE_BUG,,resolved_profile_evidence,68,334,GROWTH_SLOW,high,profile-derived-v1
783,digimon,titamon,タイタモン,https://digimon.net/reference/detail.php?directory_name=titamon,究極体,神人型,ウィルス,da978abd292a672c1680ccf59d8874bff4f69d32ce0904f60272e6f561bf3e16,492,power:強大:+4 ; power:神:+9 ; hp:不死:+5 ; hp:回復:+3 ; hp:巨大:+2 ; attack:力:+2 ; attack:刀:+9 ; attack:斬:+9 ; speed:瞬時:+4 ; special_attack:エネルギー:+3 ; special_attack:念:+12 ; special_attack:データ:+2 ; special_defense:精神:+4 ; special_defense:回復:+3 ; type:TYPE_PSYCHIC:精神:profile:+2 ; type:TYPE_PSYCHIC:念:profile:+6 ; type:TYPE_PSYCHIC:幻覚:profile:+2 ; type:TYPE_GHOST:魂:profile:+2 ; type:TYPE_GHOST:魂:move:+4 ; type:TYPE_FAIRY:神人:official_type:+3 ; type:TYPE_FIGHTING:神人:official_type:+2 ; type_choice:TYPE_PSYCHIC:10 ; growth:official_stage_plus_profile_power:slow,190,235,145,163,222,177,1132,TYPE_PSYCHIC,,resolved_profile_evidence,3,451,GROWTH_SLOW,high,profile-derived-v1
784,digimon,tigervespamon,タイガーヴェスパモン,https://digimon.net/reference/detail.php?directory_name=tigervespamon,究極体,サイボーグ型,ウィルス,6afb9ce3564378aa091341bfa3a3d493f5e0bd95a0e81ba2daf619b2509e7005,268,power:驚異:+3 ; attack:力:+2 ; attack:牙:+3 ; attack:刀:+6 ; type:TYPE_FLYING:空中:profile:+2 ; type:TYPE_STEEL:サイボーグ:profile:+2 ; type:TYPE_STEEL:サイボーグ:official_type:+5 ; type_choice:TYPE_STEEL:7 ; growth:official_stage_plus_profile_power:slow,127,177,127,127,127,127,812,TYPE_STEEL,,resolved_profile_evidence,79,317,GROWTH_SLOW,medium,profile-derived-v1
785,digimon,saintgalgomon,セントガルゴモン,https://digimon.net/reference/detail.php?directory_name=saintgalgomon,究極体,マシーン型,ワクチン,1c14f4657019629e38adb083625bf87c1712b0c4577c25917d059694c770b0cb,279,hp:巨大:+4 ; attack:パワー:+4 ; attack:力:+2 ; attack:破壊:+4 ; speed:スピード:+8 ; special_attack:エネルギー:+3 ; special_attack:レーザー:+4 ; special_attack:炎:+3 ; special_attack:火:+4 ; special_attack:冷気:+3 ; special_attack:熱:+2 ; type:TYPE_FIRE:炎:profile:+2 ; type:TYPE_FIRE:火炎:profile:+2 ; type:TYPE_ICE:冷気:profile:+2 ; type:TYPE_STEEL:マシーン:profile:+2 ; type:TYPE_STEEL:マシーン:official_type:+5 ; type_choice:TYPE_STEEL:7 ; growth:official_stage_plus_profile_power:slow,140,167,122,158,208,122,917,TYPE_STEEL,,resolved_profile_evidence,58,350,GROWTH_SLOW,high,profile-derived-v1
786,digimon,seraphimon,セラフィモン,https://digimon.net/reference/detail.php?directory_name=seraphimon,究極体,熾天使型,ワクチン,de8a5398a0cf8fe2e15af5d57e497b139c0fa5119bdf8eda0ce5f0c872abae0b,284,power:神:+3 ; power:王:+2 ; defense:鎧:+4 ; special_attack:光:+3 ; special_attack:熱:+2 ; special_defense:聖:+2 ; special_defense:浄化:+4 ; type:TYPE_FLYING:翼:profile:+2 ; type:TYPE_DARK:魔王:profile:+2 ; type:TYPE_DARK:邪悪:profile:+2 ; type:TYPE_DARK:ダーク:profile:+2 ; type:TYPE_DARK:デーモン:profile:+2 ; type:TYPE_FAIRY:天使:profile:+6 ; type:TYPE_FAIRY:聖なる:profile:+2 ; type:TYPE_FAIRY:聖:profile:+2 ; type:TYPE_FAIRY:天使:official_type:+5 ; type:TYPE_FLYING:天使:official_type:+2 ; type_choice:TYPE_FAIRY:15 ; growth:official_stage_plus_profile_power:slow,131,131,149,131,154,158,854,TYPE_FAIRY,,resolved_profile_evidence,71,324,GROWTH_SLOW,high,profile-derived-v1
787,digimon,slayerdramon,スレイヤードラモン,https://digimon.net/reference/detail.php?directory_name=slayerdramon,究極体,竜人型,ワクチン,a36857f0055ad04e44310c89fcacc782e66fc2d6e56f35950cddcb6acb4287ca,309,power:究極:+5 ; attack:剣:+9 ; attack:刀:+3 ; attack:斬:+9 ; defense:鎧:+4 ; speed:加速:+4 ; special_attack:波動:+4 ; type:TYPE_DRAGON:竜:profile:+6 ; type:TYPE_DRAGON:竜:move:+12 ; type:TYPE_DRAGON:竜:official_type:+5 ; type_choice:TYPE_DRAGON:23 ; growth:official_stage_plus_profile_power:slow,131,226,149,149,149,131,935,TYPE_DRAGON,,resolved_profile_evidence,42,376,GROWTH_SLOW,high,profile-derived-v1
788,digimon,sleipmon,スレイプモン,https://digimon.net/reference/detail.php?directory_name=sleipmon,究極体,聖騎士型,ワクチン,f2242e895217a7a49514316bf2dfeb850710f61bbd17077e0238b711a208cdc1,392,power:究極:+5 ; attack:力:+4 ; defense:防御:+5 ; defense:鎧:+4 ; defense:盾:+4 ; speed:高速:+5 ; speed:機動:+4 ; speed:瞬間:+3 ; special_attack:氷:+3 ; special_attack:光:+3 ; special_attack:データ:+2 ; special_attack:熱:+2 ; special_defense:聖:+6 ; special_defense:守護:+4 ; type:TYPE_FIRE:灼熱:profile:+2 ; type:TYPE_ICE:氷:profile:+2 ; type:TYPE_ICE:ブリザード:profile:+2 ; type:TYPE_FAIRY:聖:profile:+6 ; type:TYPE_FAIRY:聖:official_type:+3 ; type_choice:TYPE_FAIRY:9 ; growth:profile:slow,131,149,190,185,176,176,1007,TYPE_FAIRY,,resolved_profile_evidence,35,378,GROWTH_SLOW,high,profile-derived-v1
789,digimon,slashangemon,スラッシュエンジェモン,https://digimon.net/reference/detail.php?directory_name=slashangemon,究極体,能天使型,ワクチン,c518b107afb373e5f8dcb03108c98b64f132893f3774143f2d2a8a3b95335273,174,attack:パワー:+4 ; attack:突進:+3 ; type:TYPE_FLYING:翼:profile:+2 ; type:TYPE_DARK:邪悪:profile:+2 ; type:TYPE_STEEL:金属:profile:+2 ; type:TYPE_FAIRY:天使:profile:+6 ; type:TYPE_FAIRY:天使:official_type:+5 ; type:TYPE_FLYING:天使:official_type:+2 ; type_choice:TYPE_FAIRY:11 ; growth:official_stage_plus_profile_power:slow,122,154,122,122,122,122,764,TYPE_FAIRY,,resolved_profile_evidence,98,287,GROWTH_SLOW,medium,profile-derived-v1
790,digimon,spinomon,スピノモン,https://digimon.net/reference/detail.php?directory_name=spinomon,究極体,恐竜型,ウィルス,967c0a9fcb1303d2017d1d773cc7af99a1d203edd175a2f2a43bea738c278336,321,power:最強:+8 ; attack:パワー:+4 ; attack:力:+4 ; defense:防御:+5 ; special_attack:熱:+2 ; type:TYPE_DRAGON:竜:profile:+4 ; type:TYPE_DRAGON:恐竜:profile:+4 ; type:TYPE_STEEL:金属:profile:+2 ; type:TYPE_DRAGON:竜:official_type:+5 ; type:TYPE_DRAGON:恐竜:official_type:+3 ; type_choice:TYPE_DRAGON:16 ; growth:official_stage_plus_profile_power:slow,136,172,159,136,145,136,884,TYPE_DRAGON,,resolved_profile_evidence,57,346,GROWTH_SLOW,high,profile-derived-v1
791,digimon,susanoomon,スサノオモン,https://digimon.net/reference/detail.php?directory_name=susanoomon,究極体,神人型,ワクチン,558b9facfdddf0efee6f29e9bfa8d7e132ccea9cb03f0154158cceb515dd0e1f,204,power:最強:+8 ; power:究極:+5 ; power:神:+9 ; hp:再生:+4 ; attack:剣:+6 ; attack:斬:+6 ; attack:破壊:+8 ; special_attack:雷:+6 ; special_attack:光:+6 ; special_defense:再生:+3 ; type:TYPE_ELECTRIC:雷:profile:+2 ; type:TYPE_ELECTRIC:雷:move:+4 ; type:TYPE_FLYING:羽:profile:+2 ; type:TYPE_FLYING:羽:move:+4 ; type:TYPE_FAIRY:神人:official_type:+3 ; type:TYPE_FIGHTING:神人:official_type:+2 ; type_choice:TYPE_ELECTRIC:6 ; type_choice:TYPE_FLYING:6 ; growth:official_stage_plus_profile_power:slow,180,252,162,162,216,175,1147,TYPE_ELECTRIC,TYPE_FLYING,resolved_profile_evidence,3,485,GROWTH_SLOW,high,profile-derived-v1
792,digimon,skullmammon,スカルマンモン,https://digimon.net/reference/detail.php?directory_name=skullmammon,究極体,アンデッド型,ワクチン,4a42cd5ff0542edd99611bd1e40f0969e396c88969e8fa5cb44a905cf07d428f,232,hp:生命:+2 ; type:TYPE_GHOST:アンデッド:official_type:+5 ; type:TYPE_DARK:アンデッド:official_type:+3 ; type_choice:TYPE_GHOST:5 ; growth:official_stage_plus_profile_power:slow,131,122,122,122,122,122,741,TYPE_GHOST,,resolved_profile_evidence,107,270,GROWTH_SLOW,low,profile-derived-v1
793,digimon,zhuqiaomon,スーツェーモン,https://digimon.net/reference/detail.php?directory_name=zhuqiaomon,究極体,聖鳥型,ウィルス,c936eb098bcbca8b8f374418b708696cc1bba7a88e9aeac3a90a93222e1236c3,241,power:究極:+5 ; power:神:+6 ; attack:パワー:+4 ; special_attack:炎:+3 ; special_attack:火:+2 ; special_attack:熱:+2 ; special_attack:爆発:+3 ; special_defense:聖:+4 ; special_defense:守護:+8 ; type:TYPE_FIRE:炎:profile:+2 ; type:TYPE_FIRE:灼熱:profile:+2 ; type:TYPE_FAIRY:聖:profile:+4 ; type:TYPE_FLYING:鳥:official_type:+5 ; type:TYPE_FAIRY:聖:official_type:+3 ; type_choice:TYPE_FAIRY:7 ; type_choice:TYPE_FLYING:5 ; growth:official_stage_plus_profile_power:slow,142,160,142,142,187,196,969,TYPE_FAIRY,TYPE_FLYING,resolved_profile_evidence,30,386,GROWTH_SLOW,high,profile-derived-v1
794,digimon,suijinmon,スイジンモン,https://digimon.net/reference/detail.php?directory_name=suijinmon,究極体,マシーン型,データ,f46dbe4e9c3b68ac72a2da4a347fb24d4b44981a79ad9e38e9a99fbd0b1fcc09,127,attack:パワー:+4 ; attack:力:+2 ; type:TYPE_STEEL:マシーン:profile:+2 ; type:TYPE_STEEL:マシーン:official_type:+5 ; type_choice:TYPE_STEEL:7 ; growth:official_stage_plus_profile_power:slow,122,149,122,122,122,122,759,TYPE_STEEL,,resolved_profile_evidence,100,283,GROWTH_SLOW,medium,profile-derived-v1
795,digimon,zeedmillenniumon,ズィードミレニアモン,https://digimon.net/reference/detail.php?directory_name=zeedmillenniumon,究極体,邪神型,ウィルス,cacd4d190541cdea7238086ab671eac5682ee8fdba2ce8a97af3429ed1fa346c,347,power:王:+2 ; attack:力:+2 ; attack:破壊:+8 ; special_attack:呪:+8 ; special_attack:闇:+3 ; special_attack:データ:+2 ; type:TYPE_GHOST:魂:profile:+2 ; type:TYPE_DARK:闇:profile:+2 ; type:TYPE_DARK:邪悪:profile:+2 ; type_candidate:TYPE_DARK:4 ; type_placeholder:TYPE_NORMAL:low_evidence ; growth:official_stage_plus_profile_power:slow,126,171,126,126,184,126,859,TYPE_NORMAL,,unresolved_low_type_evidence,70,330,GROWTH_SLOW,medium,profile-derived-v1
796,digimon,zdgarurumon,ズィードガルルモン,https://digimon.net/reference/detail.php?directory_name=zdgarurumon,究極体,サイボーグ型,データ,7831e89bc95aa23ade2c51fdda82968b68d5ec35021f3c914ead20f6d46756e1,336,power:究極:+5 ; hp:体力:+4 ; attack:力:+2 ; special_attack:エネルギー:+3 ; special_attack:レーザー:+4 ; special_attack:データ:+2 ; type:TYPE_STEEL:サイボーグ:official_type:+5 ; type_choice:TYPE_STEEL:5 ; growth:official_stage_plus_profile_power:slow,149,140,131,131,172,131,854,TYPE_STEEL,,resolved_profile_evidence,68,331,GROWTH_SLOW,medium,profile-derived-v1
797,digimon,jumbogamemon,ジャンボガメモン,https://digimon.net/reference/detail.php?directory_name=jumbogamemon,究極体,サイボーグ型,データ,70f79f97cb44d12d5139af444f421eb8dabf8d0d80b089f27fb624a98e702f4a,221,power:超高:+3 ; hp:巨大:+2 ; attack:突進:+3 ; defense:防御:+5 ; speed:高速:+5 ; speed:超高速:+7 ; speed:加速:+4 ; special_attack:ビーム:+12 ; special_attack:レーザー:+8 ; type:TYPE_GROUND:大地:profile:+2 ; type:TYPE_DRAGON:竜:profile:+2 ; type:TYPE_STEEL:サイボーグ:profile:+2 ; type:TYPE_STEEL:サイボーグ:official_type:+5 ; type_choice:TYPE_STEEL:7 ; growth:official_stage_plus_profile_power:slow,136,141,150,199,217,127,970,TYPE_STEEL,,resolved_profile_evidence,40,376,GROWTH_SLOW,high,profile-derived-v1
798,digimon,justimon,ジャスティモン：アクセルアーム,https://digimon.net/reference/detail.php?directory_name=justimon,究極体,サイボーグ型,ワクチン,a4df4626e48c224694131682546ed366c1e85414ac57b7c6183e5b3a9b154e86,328,attack:パワー:+4 ; attack:力:+2 ; attack:キック:+6 ; attack:破壊:+4 ; special_attack:電撃:+4 ; special_attack:熱:+2 ; type:TYPE_ELECTRIC:電撃:profile:+2 ; type:TYPE_FIGHTING:キック:profile:+2 ; type:TYPE_FIGHTING:キック:move:+4 ; type:TYPE_STEEL:鉄:profile:+2 ; type:TYPE_STEEL:サイボーグ:official_type:+5 ; type_choice:TYPE_STEEL:7 ; type_choice:TYPE_FIGHTING:6 ; growth:official_stage_plus_profile_power:slow,122,194,122,122,149,122,831,TYPE_STEEL,TYPE_FIGHTING,resolved_profile_evidence,77,322,GROWTH_SLOW,high,profile-derived-v1
799,digimon,shakamon,シャカモン,https://digimon.net/reference/detail.php?directory_name=shakamon,究極体,如来型,ワクチン,112dd20ebdf897fadc387c8be63d20783aaaf7cefc1c96469818a3f08af5d2cf,392,special_attack:光:+9 ; special_defense:霊:+6 ; special_defense:浄化:+4 ; special_defense:守護:+4 ; type:TYPE_GHOST:霊:profile:+2 ; type:TYPE_GHOST:霊:move:+4 ; type_choice:TYPE_GHOST:6 ; growth:profile:slow,122,122,122,122,162,185,835,TYPE_GHOST,,resolved_profile_evidence,78,319,GROWTH_SLOW,medium,profile-derived-v1
800,digimon,shinegreymonburstmode,シャイングレイモン：バーストモード,https://digimon.net/reference/detail.php?directory_name=shinegreymonburstmode,究極体,光竜型,ワクチン,24f07841315f8d4eca472176be9f4676fb05e9335f914e8755dcd73f2614a9bf,166,attack:力:+4 ; attack:剣:+6 ; defense:盾:+4 ; special_attack:エネルギー:+3 ; special_attack:炎:+9 ; special_attack:火:+6 ; special_attack:熱:+2 ; special_attack:爆発:+6 ; special_defense:霊:+3 ; type:TYPE_FIRE:炎:profile:+6 ; type:TYPE_FIRE:火炎:profile:+6 ; type:TYPE_FIRE:灼熱:profile:+2 ; type:TYPE_GHOST:霊:profile:+2 ; type:TYPE_DRAGON:竜:official_type:+5 ; type_choice:TYPE_FIRE:14 ; growth:official_stage_plus_profile_power:slow,122,167,140,122,239,136,926,TYPE_FIRE,,resolved_profile_evidence,50,367,GROWTH_SLOW,high,profile-derived-v1
801,digimon,shinegreymon,シャイングレイモン,https://digimon.net/reference/detail.php?directory_name=shinegreymon,究極体,光竜型,ワクチン,19f4545a53674b489ea1d161cfb585aadf05986de9d2edcbed462829789135d8,140,hp:巨大:+2 ; attack:力:+4 ; attack:剣:+3 ; special_attack:エネルギー:+6 ; special_attack:光:+9 ; special_attack:熱:+2 ; type:TYPE_FIRE:灼熱:profile:+2 ; type:TYPE_GROUND:大地:profile:+4 ; type:TYPE_FLYING:翼:profile:+4 ; type:TYPE_DRAGON:竜:profile:+2 ; type:TYPE_DRAGON:竜:official_type:+5 ; type_choice:TYPE_DRAGON:7 ; growth:official_stage_plus_profile_power:slow,131,154,122,122,198,122,849,TYPE_DRAGON,,resolved_profile_evidence,73,328,GROWTH_SLOW,high,profile-derived-v1
802,digimon,jijimon,ジジモン,https://digimon.net/reference/detail.php?directory_name=jijimon,究極体,エンシェント型,ワクチン,70bc8c77bb0898e789c83784edd5745d59d58f3491b65f781926437233951a5c,151,attack:パワー:+4 ; attack:力:+2 ; type_placeholder:TYPE_NORMAL:no_specialized_affinity_evidence ; growth:official_stage_plus_profile_power:slow,122,149,122,122,122,122,759,TYPE_NORMAL,,unresolved_no_specialized_type_evidence,100,283,GROWTH_SLOW,low,profile-derived-v1
803,digimon,xuanwumon,シェンウーモン,https://digimon.net/reference/detail.php?directory_name=xuanwumon,究極体,聖獣型,ワクチン,49066684f94e8597a1ab67e49ef4f13c429a2d2da2ebfdca972b7d0ef27e50f6,265,power:究極:+5 ; power:神:+6 ; attack:破壊:+4 ; special_defense:精神:+4 ; special_defense:聖:+6 ; special_defense:守護:+8 ; type:TYPE_PSYCHIC:精神:profile:+2 ; type:TYPE_FAIRY:聖:profile:+6 ; type:TYPE_FAIRY:聖:official_type:+3 ; type:TYPE_NORMAL:獣型:official_type:+4 ; type:TYPE_FAIRY:聖獣:official_type:+4 ; type:TYPE_NORMAL:聖獣:official_type:+2 ; type_choice:TYPE_FAIRY:13 ; growth:official_stage_plus_profile_power:slow,142,160,142,142,142,223,951,TYPE_FAIRY,,resolved_profile_evidence,28,394,GROWTH_SLOW,high,profile-derived-v1
804,digimon,jesmon,ジエスモン,https://digimon.net/reference/detail.php?directory_name=jesmon,究極体,聖騎士型,データ,f800c08e7ec425906532644e30a1c943490568621aff7574527a7bd06b88c4a2,514,power:究極:+5 ; attack:力:+6 ; attack:剣:+6 ; attack:斬:+3 ; speed:高速:+5 ; speed:瞬時:+4 ; special_attack:データ:+2 ; special_defense:聖:+2 ; type:TYPE_ROCK:クリスタル:profile:+2 ; type:TYPE_FAIRY:聖:profile:+2 ; type:TYPE_FAIRY:聖:official_type:+3 ; type_choice:TYPE_FAIRY:5 ; growth:official_stage_plus_profile_power:slow,131,198,131,172,140,140,912,TYPE_FAIRY,,resolved_profile_evidence,52,357,GROWTH_SLOW,high,profile-derived-v1
805,digimon,zanbamon,ザンバモン,https://digimon.net/reference/detail.php?directory_name=zanbamon,究極体,魔人型,ウィルス,b1a9daef619b92c1f78689751aea3e188537afd052d879be351f413deb4e0d04,340,hp:巨大:+4 ; attack:力:+2 ; attack:刀:+9 ; attack:斬:+9 ; defense:防御:+5 ; defense:鎧:+4 ; speed:素早:+5 ; special_attack:衝撃波:+3 ; type:TYPE_GRASS:葉:profile:+2 ; type:TYPE_DRAGON:龍:profile:+2 ; type_candidate:TYPE_DRAGON:2 ; type_placeholder:TYPE_NORMAL:low_evidence ; growth:official_stage_plus_profile_power:slow,140,212,162,144,136,122,916,TYPE_NORMAL,,unresolved_low_type_evidence,57,352,GROWTH_SLOW,medium,profile-derived-v1
806,digimon,sakuyamon:mikomode,サクヤモン：巫女モード,https://digimon.net/reference/detail.php?directory_name=sakuyamon:mikomode,究極体,神人型,データ,bf01b9d37278fb0463b6ee381375b6aa8fcee35b00d468b3327ce061790d4efa,58,power:神:+6 ; attack:力:+2 ; type:TYPE_FAIRY:神人:official_type:+3 ; type:TYPE_FIGHTING:神人:official_type:+2 ; type_candidate:TYPE_FAIRY:3 ; type_placeholder:TYPE_NORMAL:low_evidence ; growth:official_stage_plus_profile_power:slow,133,142,133,133,133,133,807,TYPE_NORMAL,,unresolved_low_type_evidence,81,307,GROWTH_SLOW,medium,profile-derived-v1
807,digimon,sakuyamon,サクヤモン,https://digimon.net/reference/detail.php?directory_name=sakuyamon,究極体,神人型,データ,9b02ff2f1b10a70a74e02eab079d7f35536285746e57527d06a7890dbb3425c4,306,power:神:+9 ; attack:力:+2 ; special_attack:火:+2 ; special_attack:雷:+3 ; special_defense:結界:+5 ; special_defense:浄化:+4 ; type:TYPE_ELECTRIC:雷:profile:+2 ; type:TYPE_FAIRY:神人:official_type:+3 ; type:TYPE_FIGHTING:神人:official_type:+2 ; type_candidate:TYPE_FAIRY:3 ; type_placeholder:TYPE_NORMAL:low_evidence ; growth:official_stage_plus_profile_power:slow,138,147,138,138,161,179,901,TYPE_NORMAL,,unresolved_low_type_evidence,50,356,GROWTH_SLOW,medium,profile-derived-v1
808,digimon,saberleomon,サーベルレオモン,https://digimon.net/reference/detail.php?directory_name=saberleomon,究極体,古代獣型,データ,9f4d0919c9ca3b06eb4340b551494902711da81921ecd1ea61f2f5a365725227,263,power:究極:+5 ; power:絶大:+5 ; hp:巨大:+2 ; attack:力:+6 ; attack:爪:+6 ; attack:牙:+3 ; attack:破壊:+4 ; defense:硬質:+4 ; speed:素早:+5 ; speed:スピード:+4 ; special_attack:毒:+3 ; type:TYPE_POISON:毒:profile:+2 ; type:TYPE_NORMAL:獣型:official_type:+4 ; type_candidate:TYPE_NORMAL:4 ; type_placeholder:TYPE_NORMAL:low_evidence ; growth:profile:slow,149,226,158,180,154,140,1007,TYPE_NORMAL,,unresolved_low_type_evidence,19,407,GROWTH_SLOW,medium,profile-derived-v1
809,digimon,goddramon,ゴッドドラモン,https://digimon.net/reference/detail.php?directory_name=goddramon,究極体,聖竜型,ワクチン,06847eaac296f0a1cd47bbc58295601b5af1a621a709c5a250e6954d4acff5e9,270,power:神:+6 ; power:小型:-1 ; hp:再生:+4 ; attack:破壊:+4 ; defense:硬質:+4 ; speed:一瞬:+3 ; special_attack:炎:+3 ; special_attack:雷:+3 ; special_defense:再生:+3 ; special_defense:神聖:+3 ; special_defense:聖:+6 ; type:TYPE_FIRE:炎:profile:+2 ; type:TYPE_FIRE:フレイム:profile:+2 ; type:TYPE_FIRE:フレイム:move:+4 ; type:TYPE_ELECTRIC:雷:profile:+2 ; type:TYPE_FLYING:羽:profile:+2 ; type:TYPE_DRAGON:竜:profile:+4 ; type:TYPE_DRAGON:龍:profile:+4 ; type:TYPE_FAIRY:神聖:profile:+2 ; type:TYPE_FAIRY:聖なる:profile:+4 ; type:TYPE_FAIRY:聖:profile:+6 ; type:TYPE_DRAGON:竜:official_type:+5 ; type:TYPE_FAIRY:聖:official_type:+3 ; type_choice:TYPE_FAIRY:15 ; type_choice:TYPE_DRAGON:13 ; growth:official_stage_plus_profile_power:slow,149,149,149,144,158,185,934,TYPE_FAIRY,TYPE_DRAGON,resolved_profile_evidence,50,357,GROWTH_SLOW,high,profile-derived-v1
810,digimon,gokumon,ゴクモン,https://digimon.net/reference/detail.php?directory_name=gokumon,究極体,サイボーグ型,ウィルス,8ef7e6e8aff16c58f5489d82e79e1bcecf8a66fee2cdce10a3f6da87ca9fbd9c,147,special_attack:データ:+2 ; type:TYPE_STEEL:サイボーグ:official_type:+5 ; type_choice:TYPE_STEEL:5 ; growth:official_stage_plus_profile_power:slow,122,122,122,122,131,122,741,TYPE_STEEL,,resolved_profile_evidence,107,270,GROWTH_SLOW,low,profile-derived-v1
811,digimon,cherubimon-vice,ケルビモン（悪）,https://digimon.net/reference/detail.php?directory_name=cherubimon-vice,究極体,智天使型,ワクチン,c108caf7ff31ad696f76b3d92091c23cdf57f2ad0224868d3e162fbe093cd552,229,power:究極:+5 ; power:神:+3 ; hp:巨大:+2 ; attack:槍:+3 ; special_attack:雷:+9 ; special_defense:守護:+4 ; type:TYPE_ELECTRIC:雷:profile:+6 ; type:TYPE_ELECTRIC:ライトニング:profile:+2 ; type:TYPE_ELECTRIC:ライトニング:move:+4 ; type:TYPE_FAIRY:天使:profile:+6 ; type:TYPE_FAIRY:天使:official_type:+5 ; type:TYPE_FLYING:天使:official_type:+2 ; type_choice:TYPE_ELECTRIC:12 ; type_choice:TYPE_FAIRY:11 ; growth:official_stage_plus_profile_power:slow,145,150,136,136,177,154,898,TYPE_ELECTRIC,TYPE_FAIRY,resolved_profile_evidence,53,352,GROWTH_SLOW,high,profile-derived-v1
812,digimon,cherubimon,ケルビモン（善）,https://digimon.net/reference/detail.php?directory_name=cherubimon,究極体,智天使型,ワクチン,c108caf7ff31ad696f76b3d92091c23cdf57f2ad0224868d3e162fbe093cd552,229,power:究極:+5 ; power:神:+3 ; hp:巨大:+2 ; attack:槍:+3 ; special_attack:雷:+9 ; special_defense:守護:+4 ; type:TYPE_ELECTRIC:雷:profile:+6 ; type:TYPE_ELECTRIC:ライトニング:profile:+2 ; type:TYPE_ELECTRIC:ライトニング:move:+4 ; type:TYPE_FAIRY:天使:profile:+6 ; type:TYPE_FAIRY:天使:official_type:+5 ; type:TYPE_FLYING:天使:official_type:+2 ; type_choice:TYPE_ELECTRIC:12 ; type_choice:TYPE_FAIRY:11 ; growth:official_stage_plus_profile_power:slow,145,150,136,136,177,154,898,TYPE_ELECTRIC,TYPE_FAIRY,resolved_profile_evidence,53,352,GROWTH_SLOW,high,profile-derived-v1
813,digimon,crossmon,クロスモン,https://digimon.net/reference/detail.php?directory_name=crossmon,究極体,巨鳥型,ワクチン,aab2bef928fbe5b575c774edd421dd6bd32b0f5c2ccef4e2ed351405c689094a,250,defense:装甲:+10 ; special_attack:光:+3 ; type:TYPE_FLYING:鳥:profile:+2 ; type:TYPE_STEEL:装甲:profile:+4 ; type:TYPE_FLYING:鳥:official_type:+5 ; type_choice:TYPE_FLYING:7 ; growth:official_stage_plus_profile_power:slow,122,122,167,122,136,122,791,TYPE_FLYING,,resolved_profile_evidence,90,299,GROWTH_SLOW,medium,profile-derived-v1
814,digimon,craniummon,クレニアムモン,https://digimon.net/reference/detail.php?directory_name=craniummon,究極体,聖騎士型,ワクチン,e0bcefd3a203f1b9bd73e8250a211303403bfb9d4da516dcd5e64a055fff0e4e,380,attack:槍:+3 ; attack:粉砕:+5 ; defense:防御:+5 ; defense:鎧:+12 ; defense:無効:+4 ; defense:鉄壁:+6 ; speed:高速:+5 ; special_attack:衝撃波:+6 ; special_attack:データ:+4 ; special_defense:無効:+4 ; type:TYPE_WATER:ウェーブ:profile:+2 ; type:TYPE_STEEL:鉄:profile:+2 ; type:TYPE_FAIRY:聖:official_type:+3 ; type_candidate:TYPE_FAIRY:3 ; type_placeholder:TYPE_NORMAL:low_evidence ; growth:official_stage_plus_profile_power:slow,122,158,244,144,167,140,975,TYPE_NORMAL,,unresolved_low_type_evidence,39,382,GROWTH_SLOW,medium,profile-derived-v1
815,digimon,gracenovamon,グレイスノヴァモン,https://digimon.net/reference/detail.php?directory_name=gracenovamon,究極体,銀河型,ワクチン,d6c2c23339b6e4ad457db1c44816f072104deaa0aa80a02dbe3c196c6982fbf6,293,power:神:+3 ; attack:力:+2 ; special_attack:エネルギー:+9 ; special_attack:データ:+2 ; type_placeholder:TYPE_NORMAL:no_specialized_affinity_evidence ; growth:official_stage_plus_profile_power:slow,127,136,127,127,177,127,821,TYPE_NORMAL,,unresolved_no_specialized_type_evidence,77,319,GROWTH_SLOW,medium,profile-derived-v1
816,digimon,griffomon,グリフォモン,https://digimon.net/reference/detail.php?directory_name=griffomon,究極体,幻獣型,データ,678ac8d8dbff57c59b6770d91b59bb206ec22bc417207290ce99d181a6577557,249,power:超高:+3 ; attack:力:+2 ; attack:破壊:+4 ; defense:防ぐ:+3 ; speed:俊敏:+5 ; special_attack:音波:+4 ; special_attack:データ:+2 ; type:TYPE_GROUND:砂:profile:+2 ; type:TYPE_GROUND:砂漠:profile:+2 ; type:TYPE_FLYING:翼:profile:+4 ; type:TYPE_FLYING:大空:profile:+2 ; type:TYPE_FLYING:鳥:profile:+2 ; type:TYPE_NORMAL:獣型:official_type:+4 ; type_choice:TYPE_FLYING:8 ; growth:official_stage_plus_profile_power:slow,127,154,141,150,154,127,853,TYPE_FLYING,,resolved_profile_evidence,75,317,GROWTH_SLOW,high,profile-derived-v1
817,digimon,grandlocomon,グランドロコモン,https://digimon.net/reference/detail.php?directory_name=grandlocomon,究極体,マシーン型,データ,45ea62959d31ced9de479d7800b1a949ffe61a38b53095ab3bfeb69d1e2e20fb,231,power:究極:+5 ; attack:パワー:+4 ; speed:スピード:+8 ; speed:走:+4 ; type:TYPE_STEEL:マシーン:official_type:+5 ; type_choice:TYPE_STEEL:5 ; growth:official_stage_plus_profile_power:slow,131,149,131,185,131,131,858,TYPE_STEEL,,resolved_profile_evidence,65,337,GROWTH_SLOW,medium,profile-derived-v1
818,digimon,granddracumon,グランドラクモン,https://digimon.net/reference/detail.php?directory_name=granddracumon,究極体,魔獣型,ウィルス,dc529ae02bbe6e9f6be9bbb646c92b178f17a250727caff4179940a0dbd7475d,362,power:王:+4 ; speed:瞬時:+4 ; special_attack:氷:+3 ; special_attack:闇:+3 ; type:TYPE_ICE:氷:profile:+2 ; type:TYPE_ROCK:クリスタル:profile:+2 ; type:TYPE_ROCK:クリスタル:move:+4 ; type:TYPE_DARK:闇:profile:+2 ; type:TYPE_DARK:魔王:profile:+2 ; type:TYPE_DARK:ダーク:profile:+4 ; type:TYPE_FAIRY:天使:profile:+2 ; type:TYPE_NORMAL:獣型:official_type:+4 ; type:TYPE_DARK:魔獣:official_type:+4 ; type:TYPE_NORMAL:魔獣:official_type:+2 ; type_choice:TYPE_DARK:12 ; growth:official_stage_plus_profile_power:slow,129,129,129,147,156,129,819,TYPE_DARK,,resolved_profile_evidence,80,312,GROWTH_SLOW,high,profile-derived-v1
819,digimon,grandiskuwagamon,グランディスクワガーモン,https://digimon.net/reference/detail.php?directory_name=grandiskuwagamon,究極体,昆虫型,ウィルス,095c71ee4123060dfb29d0b236a45cd978091618d114a127e6aacc7ecfa7f0e5,278,hp:巨大:+2 ; defense:甲殻:+4 ; defense:硬い:+4 ; type:TYPE_GRASS:森:profile:+2 ; type:TYPE_FIGHTING:戦士:profile:+2 ; type:TYPE_BUG:昆虫:profile:+2 ; type:TYPE_DARK:悪魔:profile:+2 ; type:TYPE_DARK:邪悪:profile:+2 ; type:TYPE_BUG:昆虫:official_type:+5 ; type_choice:TYPE_BUG:7 ; growth:official_stage_plus_profile_power:slow,131,122,158,122,122,122,777,TYPE_BUG,,resolved_profile_evidence,94,292,GROWTH_SLOW,medium,profile-derived-v1
820,digimon,grankuwagamon,グランクワガーモン,https://digimon.net/reference/detail.php?directory_name=grankuwagamon,究極体,昆虫型,フリー,f7ec3138480e954c8c7b7fbc3c09c724bcf38f917f01e1b5ff5ba65bda5fb8bb,218,power:究極:+5 ; special_attack:呪:+4 ; type:TYPE_GRASS:森:profile:+4 ; type:TYPE_BUG:昆虫:profile:+2 ; type:TYPE_DARK:悪魔:profile:+2 ; type:TYPE_DARK:邪悪:profile:+2 ; type:TYPE_BUG:昆虫:official_type:+5 ; type_choice:TYPE_BUG:7 ; growth:official_stage_plus_profile_power:slow,131,131,131,131,149,131,804,TYPE_BUG,,resolved_profile_evidence,82,307,GROWTH_SLOW,medium,profile-derived-v1
821,digimon,clavisangemon,クラヴィスエンジェモン,https://digimon.net/reference/detail.php?directory_name=clavisangemon,究極体,力天使型,ワクチン,45cfc82649ed3147b9993d8c5843c5920f4f27a8e6366544fc14c17608af4364,245,attack:パワー:+4 ; attack:力:+4 ; special_defense:守護:+4 ; type:TYPE_FAIRY:天使:profile:+2 ; type:TYPE_FAIRY:天使:official_type:+5 ; type:TYPE_FLYING:天使:official_type:+2 ; type_choice:TYPE_FAIRY:7 ; growth:official_stage_plus_profile_power:slow,122,158,122,122,122,140,786,TYPE_FAIRY,,resolved_profile_evidence,93,294,GROWTH_SLOW,medium,profile-derived-v1
822,digimon,kuzuhamon,クズハモン,https://digimon.net/reference/detail.php?directory_name=kuzuhamon,究極体,神人型,データ,b184c8095237e1b477a3d9257c6ba676342287a5e1fcd638d48c3b85f81647f9,244,power:神:+6 ; special_attack:魔法:+5 ; special_defense:結界:+5 ; special_defense:浄化:+4 ; type:TYPE_FAIRY:神人:official_type:+3 ; type:TYPE_FIGHTING:神人:official_type:+2 ; type_candidate:TYPE_FAIRY:3 ; type_placeholder:TYPE_NORMAL:low_evidence ; growth:profile:slow,133,133,133,133,155,173,860,TYPE_NORMAL,,unresolved_low_type_evidence,65,335,GROWTH_SLOW,medium,profile-derived-v1
823,digimon,quartzmon,クオーツモン,https://digimon.net/reference/detail.php?directory_name=quartzmon,究極体,種族不明,不明,bb5ef00fd49a26ccf533ddb942c2e096b7373f0c98f6d33808e33e1763ad002e,280,hp:巨大:+2 ; attack:パワー:+4 ; attack:力:+2 ; special_attack:データ:+6 ; special_attack:爆発:+3 ; special_defense:吸収:+12 ; type_placeholder:TYPE_NORMAL:no_specialized_affinity_evidence ; growth:official_stage_plus_profile_power:slow,131,149,122,122,162,176,862,TYPE_NORMAL,,unresolved_no_specialized_type_evidence,75,322,GROWTH_SLOW,medium,profile-derived-v1
824,digimon,cresgarurumon,クーレスガルルモン,https://digimon.net/reference/detail.php?directory_name=cresgarurumon,究極体,獣騎士型,データ,9c9c6ee0334ffb0e3b49830b7aca9a150c86a94fa472ce8d41d67c2ba7108f8d,164,attack:牙:+6 ; attack:剣:+3 ; attack:刀:+9 ; defense:装甲:+5 ; special_attack:氷:+9 ; type:TYPE_ICE:氷:profile:+4 ; type:TYPE_ICE:氷:move:+4 ; type:TYPE_STEEL:装甲:profile:+2 ; type_choice:TYPE_ICE:8 ; growth:official_stage_plus_profile_power:slow,122,203,144,122,162,122,875,TYPE_ICE,,resolved_profile_evidence,67,337,GROWTH_SLOW,medium,profile-derived-v1
825,digimon,queenchessmon,クイーンチェスモン,https://digimon.net/reference/detail.php?directory_name=queenchessmon,究極体,パペット型,ウィルス,3c3a89cf766a41bf574e9ac32e5af0602fa82926594bffe89a65595da7376b11,169,power:最強:+8 ; power:神:+3 ; attack:力:+6 ; attack:剣:+3 ; type:TYPE_NORMAL:パペット:official_type:+2 ; type:TYPE_GHOST:パペット:official_type:+2 ; type_candidate:TYPE_GHOST:2 ; type_placeholder:TYPE_NORMAL:low_evidence ; growth:official_stage_plus_profile_power:slow,142,182,142,142,142,142,892,TYPE_NORMAL,,unresolved_low_type_evidence,48,360,GROWTH_SLOW,medium,profile-derived-v1
826,digimon,kingchessmon,キングチェスモン,https://digimon.net/reference/detail.php?directory_name=kingchessmon,究極体,パペット型,ウィルス,0256fa38ea2e65d80795712f0677ac0de1fb2e4d398d2c5d5ded2ac49aebedd9,258,power:王:+2 ; attack:力:+2 ; speed:素早:+5 ; type:TYPE_NORMAL:パペット:official_type:+2 ; type:TYPE_GHOST:パペット:official_type:+2 ; type_candidate:TYPE_GHOST:2 ; type_placeholder:TYPE_NORMAL:low_evidence ; growth:official_stage_plus_profile_power:slow,126,135,126,148,126,126,787,TYPE_NORMAL,,unresolved_low_type_evidence,91,295,GROWTH_SLOW,medium,profile-derived-v1
827,digimon,kingetemon,キングエテモン,https://digimon.net/reference/detail.php?directory_name=kingetemon,究極体,パペット型,ウィルス,48e5a5e5a87153b7a76535bdc92995416707454f4d27d7eefe841ded0690d17d,170,power:究極:+5 ; power:王:+2 ; stats:balanced:no_specialization_signal_in_official_text ; type:TYPE_NORMAL:パペット:official_type:+2 ; type:TYPE_GHOST:パペット:official_type:+2 ; type_candidate:TYPE_GHOST:2 ; type_placeholder:TYPE_NORMAL:low_evidence ; growth:official_stage_plus_profile_power:slow,135,135,135,135,135,135,810,TYPE_NORMAL,,unresolved_low_type_evidence,80,308,GROWTH_SLOW,medium,profile-derived-v1
828,digimon,cannondramon,キャノンドラモン,https://digimon.net/reference/detail.php?directory_name=cannondramon,究極体,サイボーグ型,データ,567e1ee2c4ed73381452424b2c169d80602db61869da43c48882e9f182b4129e,128,defense:装甲:+5 ; type:TYPE_STEEL:サイボーグ:profile:+2 ; type:TYPE_STEEL:装甲:profile:+2 ; type:TYPE_STEEL:サイボーグ:official_type:+5 ; type_choice:TYPE_STEEL:9 ; growth:official_stage_plus_profile_power:slow,122,122,144,122,122,122,754,TYPE_STEEL,,resolved_profile_evidence,102,280,GROWTH_SLOW,medium,profile-derived-v1
829,digimon,gigaseadramon,ギガシードラモン,https://digimon.net/reference/detail.php?directory_name=gigaseadramon,究極体,サイボーグ型,データ,91ff3fdc2280e1a88acd39bdee01b3a58b4c7f913e4271f3f2ceca8de4fcb06e,298,power:最強:+8 ; attack:力:+6 ; speed:最速:+7 ; speed:スピード:+4 ; special_attack:エネルギー:+6 ; special_attack:雷:+3 ; type:TYPE_WATER:海:profile:+6 ; type:TYPE_WATER:水中:profile:+2 ; type:TYPE_WATER:ウェーブ:profile:+2 ; type:TYPE_WATER:ウェーブ:move:+4 ; type:TYPE_ELECTRIC:雷:profile:+2 ; type:TYPE_STEEL:サイボーグ:official_type:+5 ; type_choice:TYPE_WATER:14 ; growth:official_stage_plus_profile_power:slow,136,163,136,186,177,136,934,TYPE_WATER,,resolved_profile_evidence,44,365,GROWTH_SLOW,high,profile-derived-v1
830,digimon,gankoomon,ガンクゥモン,https://digimon.net/reference/detail.php?directory_name=gankoomon,究極体,聖騎士型,データ,4963bf83c48c679338e0ab71728d628f23934de7fd2b5fab99eaab977845227d,555,power:神:+9 ; attack:パワー:+4 ; attack:拳:+6 ; special_defense:聖:+2 ; type:TYPE_GRASS:葉:profile:+2 ; type:TYPE_FIGHTING:拳:profile:+2 ; type:TYPE_FIGHTING:拳:move:+4 ; type:TYPE_GROUND:地面:profile:+4 ; type:TYPE_STEEL:鉄:profile:+2 ; type:TYPE_STEEL:鉄:move:+4 ; type:TYPE_FAIRY:聖:profile:+2 ; type:TYPE_FAIRY:聖:official_type:+3 ; type_choice:TYPE_FIGHTING:6 ; type_choice:TYPE_STEEL:6 ; growth:profile:slow,138,183,138,138,138,147,882,TYPE_FIGHTING,TYPE_STEEL,resolved_profile_evidence,53,353,GROWTH_SLOW,high,profile-derived-v1
831,digimon,gulfmon,ガルフモン,https://digimon.net/reference/detail.php?directory_name=gulfmon,究極体,魔獣型,ウィルス,325820eb3a0b369ea761749d16724ef9360fb5d8d84f775a2add768cc5db1447,329,power:強大:+4 ; hp:巨体:+3 ; hp:巨大:+2 ; attack:パワー:+4 ; special_attack:闇:+3 ; special_attack:データ:+2 ; type:TYPE_GHOST:魂:profile:+2 ; type:TYPE_DARK:闇:profile:+2 ; type:TYPE_DARK:ダーク:profile:+4 ; type:TYPE_NORMAL:獣型:official_type:+4 ; type:TYPE_DARK:魔獣:official_type:+4 ; type:TYPE_NORMAL:魔獣:official_type:+2 ; type_choice:TYPE_DARK:10 ; growth:official_stage_plus_profile_power:slow,152,147,129,129,152,129,838,TYPE_DARK,,resolved_profile_evidence,77,315,GROWTH_SLOW,high,profile-derived-v1
832,digimon,chaosmonvaldurarm,カオスモン：ヴァロドゥルアーム,https://digimon.net/reference/detail.php?directory_name=chaosmonvaldurarm,究極体,特異型,ワクチン,1d41d8acf8a96641ea5d22add44961252877816c1f9d69f821374928b69aa820,419,power:無敵:+8 ; power:王:+2 ; power:不完全:-3 ; attack:剣:+6 ; attack:刀:+3 ; speed:走:+2 ; special_attack:光:+3 ; special_defense:浄化:+4 ; type_placeholder:TYPE_NORMAL:no_specialized_affinity_evidence ; growth:profile:erratic,135,175,135,144,148,153,890,TYPE_NORMAL,,unresolved_no_specialized_type_evidence,57,346,GROWTH_ERRATIC,medium,profile-derived-v1
833,digimon,chaosmon,カオスモン,https://digimon.net/reference/detail.php?directory_name=chaosmon,究極体,特異型,ワクチン,81b0ff1d7037d6d2f53609d7f94b644b6af6fe0ff99a2e09fc0833ef34eb58a6,442,power:無敵:+8 ; power:王:+2 ; power:不完全:-3 ; attack:剣:+6 ; attack:刀:+3 ; speed:走:+2 ; type:TYPE_DARK:ダーク:profile:+6 ; type:TYPE_DARK:ダーク:move:+4 ; type_choice:TYPE_DARK:10 ; growth:profile:erratic,135,175,135,144,135,135,859,TYPE_DARK,,resolved_profile_evidence,63,338,GROWTH_ERRATIC,medium,profile-derived-v1
834,digimon,chaosdramon-x,カオスドラモン（X抗体）,https://digimon.net/reference/detail.php?directory_name=chaosdramon-x,究極体,マシーン型,ウィルス,19904482843410f4a5a401524c1f8beed9d3ec7c708c9dab9d2cc30070402726,549,power:究極:+5 ; attack:パワー:+4 ; attack:力:+4 ; attack:破壊:+12 ; defense:装甲:+5 ; speed:スピード:+4 ; special_attack:エネルギー:+3 ; special_attack:火:+2 ; type:TYPE_STEEL:サイボーグ:profile:+2 ; type:TYPE_STEEL:金属:profile:+2 ; type:TYPE_STEEL:装甲:profile:+2 ; type:TYPE_STEEL:マシーン:official_type:+5 ; type_choice:TYPE_STEEL:11 ; growth:official_stage_plus_profile_power:slow,131,221,154,149,154,131,940,TYPE_STEEL,,resolved_profile_evidence,42,375,GROWTH_SLOW,high,profile-derived-v1
835,digimon,chaosdramon,カオスドラモン,https://digimon.net/reference/detail.php?directory_name=chaosdramon,究極体,マシーン型,ウィルス,7f2693c9b5ca5f010f5924233550049b6bb38c17c29b7e1bfcf7a9e820504808,313,attack:力:+2 ; attack:破壊:+8 ; special_attack:エネルギー:+3 ; type:TYPE_STEEL:サイボーグ:profile:+2 ; type:TYPE_STEEL:金属:profile:+2 ; type:TYPE_STEEL:マシーン:official_type:+5 ; type_choice:TYPE_STEEL:9 ; growth:official_stage_plus_profile_power:slow,122,167,122,122,136,122,791,TYPE_STEEL,,resolved_profile_evidence,90,299,GROWTH_SLOW,medium,profile-derived-v1
836,digimon,chaosdukemon,カオスデュークモン,https://digimon.net/reference/detail.php?directory_name=chaosdukemon,究極体,暗黒騎士型,ウィルス,182fe13890dadd10dca1e2fa3a5c57fb55e2c25a1375cd9f3e79b7d24a271b9a,241,power:強力:+3 ; power:神:+3 ; attack:力:+2 ; attack:槍:+6 ; defense:鎧:+4 ; defense:盾:+8 ; special_attack:波動:+4 ; special_defense:精神:+4 ; type:TYPE_PSYCHIC:精神:profile:+2 ; type:TYPE_DARK:暗黒:profile:+2 ; type:TYPE_DARK:ダーク:profile:+2 ; type_candidate:TYPE_DARK:4 ; type_placeholder:TYPE_NORMAL:low_evidence ; growth:official_stage_plus_profile_power:slow,133,169,187,133,151,151,924,TYPE_NORMAL,,unresolved_low_type_evidence,50,358,GROWTH_SLOW,medium,profile-derived-v1
837,digimon,gaioumon,ガイオウモン,https://digimon.net/reference/detail.php?directory_name=gaioumon,究極体,竜人型,ウィルス,a0713a95ccf7c31550abf14b75ae651cb5f299f77916ad9bedf8f9a4f8d7d4cc,305,attack:剣:+9 ; attack:斬:+6 ; special_attack:エネルギー:+3 ; special_attack:火:+6 ; special_attack:光:+6 ; special_attack:爆発:+3 ; type:TYPE_DRAGON:竜:profile:+2 ; type:TYPE_DRAGON:竜:official_type:+5 ; type_choice:TYPE_DRAGON:7 ; growth:official_stage_plus_profile_power:slow,122,190,122,122,203,122,881,TYPE_DRAGON,,resolved_profile_evidence,66,339,GROWTH_SLOW,medium,profile-derived-v1
838,digimon,omegamon-alter-s,オメガモン Alter-S,https://digimon.net/reference/detail.php?directory_name=omegamon-alter-s,究極体,聖騎士型,ウィルス,bed08db639338f8e36cff01bd0d77fca2b5d0583cfc84adf69483b120cc1f5d7,303,attack:力:+2 ; attack:剣:+3 ; attack:斬:+6 ; special_attack:エネルギー:+3 ; type:TYPE_FAIRY:聖:official_type:+3 ; type_candidate:TYPE_FAIRY:3 ; type_placeholder:TYPE_NORMAL:low_evidence ; growth:official_stage_plus_profile_power:slow,122,172,122,122,136,122,796,TYPE_NORMAL,,unresolved_low_type_evidence,88,303,GROWTH_SLOW,medium,profile-derived-v1
839,digimon,omegamon-x,オメガモン（X抗体）,https://digimon.net/reference/detail.php?directory_name=omegamon-x,究極体,聖騎士型,ワクチン,143e07d1ec184a8f40f7ff190ff8cf3f3d1bd7316f77b202ba914b8fad3489df,572,power:究極:+5 ; attack:力:+6 ; attack:剣:+3 ; defense:盾:+4 ; speed:一瞬:+3 ; speed:飛行:+2 ; special_attack:冷気:+3 ; type:TYPE_ICE:冷気:profile:+2 ; type:TYPE_ICE:凍:profile:+2 ; type:TYPE_FIGHTING:戦士:profile:+2 ; type:TYPE_FLYING:飛行:profile:+2 ; type:TYPE_FAIRY:聖:official_type:+3 ; type_candidate:TYPE_ICE:4 ; type_placeholder:TYPE_NORMAL:low_evidence ; growth:official_stage_plus_profile_power:slow,131,172,149,154,144,131,881,TYPE_NORMAL,,unresolved_low_type_evidence,63,337,GROWTH_SLOW,medium,profile-derived-v1
840,digimon,omegamon,オメガモン,https://digimon.net/reference/detail.php?directory_name=omegamon,究極体,聖騎士型,ワクチン,03ed7e9d283d75114022f0081f5a03cec3228f4b5de6ffe1dd3da0a28c384aad,314,power:無敵:+8 ; attack:力:+2 ; attack:剣:+6 ; defense:盾:+4 ; speed:飛行:+2 ; special_attack:冷気:+3 ; special_defense:聖:+2 ; type:TYPE_ICE:冷気:profile:+2 ; type:TYPE_ICE:凍:profile:+2 ; type:TYPE_FIGHTING:戦士:profile:+2 ; type:TYPE_FLYING:飛行:profile:+2 ; type:TYPE_FAIRY:聖:profile:+2 ; type:TYPE_FAIRY:聖:official_type:+3 ; type_choice:TYPE_FAIRY:5 ; growth:official_stage_plus_profile_power:slow,136,172,154,145,150,145,902,TYPE_FAIRY,,resolved_profile_evidence,53,350,GROWTH_SLOW,high,profile-derived-v1
841,digimon,ofanimonfalldownmode,オファニモン：フォールダウンモード,https://digimon.net/reference/detail.php?directory_name=ofanimonfalldownmode,究極体,堕天使型,ワクチン,12b5b96451b2745b0f1678e4d147f36ff9fbf5ac07935b8a22ceb136b220ec1c,216,special_attack:炎:+3 ; special_attack:火:+2 ; type:TYPE_FIRE:炎:profile:+2 ; type:TYPE_FIRE:フレイム:profile:+2 ; type:TYPE_FIRE:フレイム:move:+4 ; type:TYPE_ROCK:クリスタル:profile:+2 ; type:TYPE_ROCK:クリスタル:move:+4 ; type:TYPE_GHOST:魂:profile:+2 ; type:TYPE_FAIRY:天使:official_type:+5 ; type:TYPE_FLYING:天使:official_type:+2 ; type_choice:TYPE_FIRE:8 ; type_choice:TYPE_ROCK:6 ; growth:official_stage_plus_profile_power:slow,122,122,122,122,144,122,754,TYPE_FIRE,TYPE_ROCK,resolved_profile_evidence,102,280,GROWTH_SLOW,high,profile-derived-v1
842,digimon,ofanimon,オファニモン,https://digimon.net/reference/detail.php?directory_name=ofanimon,究極体,座天使型,ワクチン,d4edbd7a96019e3c15f6f466ecc3d0a85320d58db165e5f232e6182742af9d3e,201,power:神:+9 ; special_defense:聖:+2 ; special_defense:守護:+8 ; type:TYPE_ROCK:クリスタル:profile:+2 ; type:TYPE_ROCK:クリスタル:move:+4 ; type:TYPE_FAIRY:天使:profile:+6 ; type:TYPE_FAIRY:聖:profile:+2 ; type:TYPE_FAIRY:天使:official_type:+5 ; type:TYPE_FLYING:天使:official_type:+2 ; type_choice:TYPE_FAIRY:13 ; growth:official_stage_plus_profile_power:slow,138,138,138,138,138,183,873,TYPE_FAIRY,,resolved_profile_evidence,55,350,GROWTH_SLOW,medium,profile-derived-v1
843,digimon,ornismon,オニスモン,https://digimon.net/reference/detail.php?directory_name=ornismon,究極体,古代鳥型,ウィルス,ee1069ceda3f5ba70d422e0acb96a13558096052053fdb2f158e1ea3c38082af,115,attack:破壊:+4 ; special_attack:光:+3 ; type:TYPE_FLYING:天空:profile:+2 ; type:TYPE_FLYING:鳥:official_type:+5 ; type_choice:TYPE_FLYING:7 ; growth:profile:slow,122,140,122,122,136,122,764,TYPE_FLYING,,resolved_profile_evidence,101,280,GROWTH_SLOW,medium,profile-derived-v1
844,digimon,ogudomon,オグドモン,https://digimon.net/reference/detail.php?directory_name=ogudomon,究極体,化身型,ウィルス,ec1bc503f744920308e7b978224fb0cc5505b1532a5ce41b62da950c10c9f650,196,power:王:+2 ; hp:巨大:+2 ; attack:力:+4 ; attack:粉砕:+5 ; speed:走:+2 ; special_attack:波動:+4 ; special_attack:衝撃波:+3 ; type:TYPE_DARK:魔王:profile:+2 ; type_candidate:TYPE_DARK:2 ; type_placeholder:TYPE_NORMAL:low_evidence ; growth:profile:erratic,135,166,126,135,157,126,845,TYPE_NORMAL,,unresolved_low_type_evidence,76,318,GROWTH_ERRATIC,medium,profile-derived-v1
845,digimon,ouryumon,オウリュウモン,https://digimon.net/reference/detail.php?directory_name=ouryumon,究極体,獣竜型,ワクチン,7977801f1dfd2ec71c336cca34f2cfaac5d805eaa64e90bfe9e28f7a87d2894f,385,power:神:+3 ; power:王:+2 ; attack:力:+2 ; attack:刀:+9 ; attack:突進:+3 ; defense:鎧:+12 ; special_attack:データ:+2 ; type:TYPE_GROUND:土:profile:+2 ; type:TYPE_GROUND:砂:profile:+2 ; type:TYPE_FLYING:翼:profile:+2 ; type:TYPE_DRAGON:竜:profile:+6 ; type:TYPE_DRAGON:竜:move:+4 ; type:TYPE_DRAGON:龍:profile:+4 ; type:TYPE_DRAGON:竜:official_type:+5 ; type_choice:TYPE_DRAGON:19 ; growth:official_stage_plus_profile_power:slow,131,194,185,131,140,131,912,TYPE_DRAGON,,resolved_profile_evidence,52,355,GROWTH_SLOW,high,profile-derived-v1
846,digimon,ancientwisetmon,エンシェントワイズモン,https://digimon.net/reference/detail.php?directory_name=ancientwisetmon,究極体,古代突然変異型,ウィルス,4a616d3845117a1bb730af9ff58f8e4767ac944f087a1db3534be6c76cec10c2,319,power:究極:+15 ; power:神:+3 ; attack:力:+2 ; type:TYPE_FIGHTING:闘士:profile:+2 ; type:TYPE_STEEL:鋼:profile:+2 ; type:TYPE_NORMAL:突然変異:official_type:+3 ; type_candidate:TYPE_NORMAL:3 ; type_placeholder:TYPE_NORMAL:low_evidence ; growth:profile:slow,154,163,154,154,154,154,933,TYPE_NORMAL,,unresolved_low_type_evidence,31,379,GROWTH_SLOW,medium,profile-derived-v1
847,digimon,ancientmegatheriumon,エンシェントメガテリウモン,https://digimon.net/reference/detail.php?directory_name=ancientmegatheriumon,究極体,古代獣型,データ,7adf64308b7d67b234ca50e412882e2b70d2cc329db71a67c5f0e6ba46310677,241,power:究極:+5 ; hp:巨大:+4 ; attack:力:+4 ; attack:突進:+3 ; attack:破壊:+8 ; special_attack:氷:+9 ; type:TYPE_ICE:氷:profile:+6 ; type:TYPE_ICE:凍:profile:+2 ; type:TYPE_ICE:雪:profile:+4 ; type:TYPE_ICE:ブリザード:profile:+2 ; type:TYPE_ICE:ブリザード:move:+4 ; type:TYPE_FIGHTING:闘士:profile:+2 ; type:TYPE_GROUND:土:profile:+2 ; type:TYPE_NORMAL:哺乳類:profile:+2 ; type:TYPE_NORMAL:獣型:official_type:+4 ; type_choice:TYPE_ICE:18 ; growth:profile:slow,149,198,131,131,172,131,912,TYPE_ICE,,resolved_profile_evidence,52,357,GROWTH_SLOW,high,profile-derived-v1
848,digimon,ancientmermaimon,エンシェントマーメイモン,https://digimon.net/reference/detail.php?directory_name=ancientmermaimon,究極体,古代水棲獣人型,データ,502f01ece33384b946e7a3b091596dfda6feb9ea03c60f787888c581804c1b68,292,power:究極:+5 ; power:神:+3 ; hp:巨大:+2 ; attack:力:+2 ; special_defense:守護:+4 ; type:TYPE_WATER:海:profile:+6 ; type:TYPE_WATER:水中:profile:+2 ; type:TYPE_WATER:水棲:profile:+2 ; type:TYPE_FIGHTING:闘士:profile:+2 ; type:TYPE_ROCK:クリスタル:profile:+2 ; type:TYPE_ROCK:クリスタル:move:+4 ; type:TYPE_WATER:水棲:official_type:+5 ; type:TYPE_FIGHTING:獣人:official_type:+3 ; type:TYPE_NORMAL:獣人:official_type:+2 ; type_choice:TYPE_WATER:15 ; growth:profile:slow,145,145,136,136,136,154,852,TYPE_WATER,,resolved_profile_evidence,67,329,GROWTH_SLOW,high,profile-derived-v1
849,digimon,ancientvolcamon,エンシェントボルケーモン,https://digimon.net/reference/detail.php?directory_name=ancientvolcamon,究極体,古代鉱物型,ウィルス,ca1ff681e5aaea67fd283f4387929db0270b8dd38c71061458ee16085194e7e7,254,power:究極:+5 ; power:強力:+3 ; power:超強:+4 ; power:小型:-1 ; attack:パワー:+8 ; attack:力:+6 ; special_attack:火:+2 ; special_attack:爆発:+6 ; type:TYPE_FIRE:マグマ:profile:+2 ; type:TYPE_FIGHTING:闘士:profile:+2 ; type:TYPE_GROUND:土:profile:+2 ; type:TYPE_ROCK:岩:profile:+2 ; type:TYPE_ROCK:石:profile:+4 ; type:TYPE_ROCK:鉱石:profile:+2 ; type:TYPE_ROCK:鉱物:profile:+2 ; type:TYPE_ROCK:鉱物:official_type:+4 ; type_choice:TYPE_ROCK:14 ; growth:profile:slow,142,205,142,142,178,142,951,TYPE_ROCK,,resolved_profile_evidence,32,385,GROWTH_SLOW,high,profile-derived-v1
850,digimon,ancientbeatmon,エンシェントビートモン,https://digimon.net/reference/detail.php?directory_name=ancientbeatmon,究極体,古代昆虫型,ワクチン,a75fad914f9ed99b7dfc141754ccc01e5e43b7f237224cd618d2a9895b17b71f,249,power:究極:+5 ; attack:パワー:+4 ; attack:力:+2 ; attack:切断:+4 ; special_attack:雷:+3 ; type:TYPE_ELECTRIC:雷:profile:+2 ; type:TYPE_ELECTRIC:サンダー:profile:+2 ; type:TYPE_ELECTRIC:サンダー:move:+4 ; type:TYPE_FIGHTING:闘士:profile:+2 ; type:TYPE_BUG:昆虫:profile:+4 ; type:TYPE_BUG:昆虫:official_type:+5 ; type_choice:TYPE_BUG:9 ; type_choice:TYPE_ELECTRIC:8 ; growth:profile:slow,131,176,131,131,144,131,844,TYPE_BUG,TYPE_ELECTRIC,resolved_profile_evidence,69,330,GROWTH_SLOW,high,profile-derived-v1
851,digimon,ancienttroiamon,エンシェントトロイアモン,https://digimon.net/reference/detail.php?directory_name=ancienttroiamon,究極体,古代植物型,データ,b4e075f71d0b84ccfc95558ee477ffe7e934b2cb5837989b0d5bce6799802b44,234,power:究極:+5 ; hp:巨大:+2 ; attack:力:+2 ; type:TYPE_GRASS:植物:profile:+2 ; type:TYPE_FIGHTING:闘士:profile:+2 ; type:TYPE_GRASS:植物:official_type:+5 ; type_choice:TYPE_GRASS:7 ; growth:profile:slow,140,140,131,131,131,131,804,TYPE_GRASS,,resolved_profile_evidence,84,303,GROWTH_SLOW,medium,profile-derived-v1
852,digimon,ancientsphinkmon,エンシェントスフィンクモン,https://digimon.net/reference/detail.php?directory_name=ancientsphinkmon,究極体,古代幻獣型,ウィルス,420d1139234270585fad892c3e88b6351f097bc6b6febf69f6bc78210fc6bbbe,237,power:究極:+10 ; attack:力:+2 ; attack:破壊:+8 ; special_attack:光:+3 ; special_attack:闇:+9 ; type:TYPE_FIGHTING:闘士:profile:+2 ; type:TYPE_DARK:闇:profile:+6 ; type:TYPE_DARK:ダーク:profile:+2 ; type:TYPE_DARK:ダーク:move:+4 ; type:TYPE_NORMAL:獣型:official_type:+4 ; type_choice:TYPE_DARK:12 ; growth:profile:slow,140,185,140,140,194,140,939,TYPE_DARK,,resolved_profile_evidence,38,375,GROWTH_SLOW,high,profile-derived-v1
853,digimon,ancientgreymon,エンシェントグレイモン,https://digimon.net/reference/detail.php?directory_name=ancientgreymon,究極体,古代竜型,ワクチン,f8ac433a9a7e221ff87319223084d5132eaaff1936adbcab9505ea70112f0822,263,power:究極:+15 ; attack:力:+2 ; special_attack:火:+2 ; special_attack:光:+3 ; special_attack:爆発:+3 ; special_defense:聖:+2 ; type:TYPE_FIGHTING:闘士:profile:+2 ; type:TYPE_GROUND:大地:profile:+2 ; type:TYPE_DRAGON:竜:profile:+4 ; type:TYPE_FAIRY:聖:profile:+2 ; type:TYPE_DRAGON:竜:official_type:+5 ; type_choice:TYPE_DRAGON:9 ; growth:profile:slow,149,158,149,149,185,158,948,TYPE_DRAGON,,resolved_profile_evidence,29,386,GROWTH_SLOW,high,profile-derived-v1
854,digimon,ancientgarurumon,エンシェントガルルモン,https://digimon.net/reference/detail.php?directory_name=ancientgarurumon,究極体,古代獣型,データ,55b895727cd6959e71e919c9fbe11924133b15deafd8fadda2de421a6d48c57f,240,power:究極:+5 ; attack:力:+2 ; attack:剣:+3 ; special_attack:光:+9 ; special_defense:聖:+2 ; type:TYPE_ICE:凍:profile:+2 ; type:TYPE_FIGHTING:闘士:profile:+2 ; type:TYPE_FAIRY:聖:profile:+2 ; type:TYPE_NORMAL:獣型:official_type:+4 ; type_candidate:TYPE_NORMAL:4 ; type_placeholder:TYPE_NORMAL:low_evidence ; growth:profile:slow,131,154,131,131,172,140,859,TYPE_NORMAL,,unresolved_low_type_evidence,67,332,GROWTH_SLOW,medium,profile-derived-v1
855,digimon,ancientirismon,エンシェントイリスモン,https://digimon.net/reference/detail.php?directory_name=ancientirismon,究極体,古代鳥人型,ワクチン,22440fe29c7d6c228ba2661104580a1e7450b8c0094e63b299f3e75e2272cd10,245,power:究極:+5 ; power:神:+3 ; hp:巨大:+2 ; attack:力:+2 ; special_attack:レーザー:+4 ; type:TYPE_WATER:水中:profile:+2 ; type:TYPE_FIGHTING:闘士:profile:+2 ; type:TYPE_GROUND:大地:profile:+2 ; type:TYPE_FLYING:翼:profile:+4 ; type:TYPE_FLYING:鳥:profile:+2 ; type:TYPE_FAIRY:妖精:profile:+2 ; type:TYPE_FLYING:鳥:official_type:+5 ; type_choice:TYPE_FLYING:11 ; growth:profile:slow,145,145,136,136,154,136,852,TYPE_FLYING,,resolved_profile_evidence,67,329,GROWTH_SLOW,high,profile-derived-v1
856,digimon,eldoradimon,エルドラディモン,https://digimon.net/reference/detail.php?directory_name=eldoradimon,究極体,突然変異型,データ,0143ae15f63c2ac4ff62ffadabd0d8ffdd89140dbfa070020dca34fe9bca199d,274,power:強力:+3 ; hp:巨体:+6 ; hp:巨大:+2 ; attack:力:+4 ; attack:突進:+3 ; attack:叩:+2 ; special_attack:データ:+4 ; type:TYPE_GROUND:大地:profile:+2 ; type:TYPE_NORMAL:突然変異:official_type:+3 ; type_candidate:TYPE_NORMAL:3 ; type_placeholder:TYPE_NORMAL:low_evidence ; growth:profile:slow,163,168,127,127,145,127,857,TYPE_NORMAL,,unresolved_low_type_evidence,72,324,GROWTH_SLOW,medium,profile-derived-v1
857,digimon,examon,エグザモン,https://digimon.net/reference/detail.php?directory_name=examon,究極体,聖騎士型,データ,43bbfa3ae4cb841aada5ed8d03705e3e2438b3783d659667e7956d7a1a9f1b12,570,hp:巨大:+4 ; attack:力:+2 ; attack:破壊:+4 ; defense:盾:+4 ; speed:飛翔:+3 ; special_attack:レーザー:+4 ; special_attack:衝撃波:+3 ; special_attack:データ:+2 ; special_attack:熱:+2 ; special_defense:聖:+4 ; special_defense:守護:+4 ; type:TYPE_FLYING:飛翔:profile:+2 ; type:TYPE_FLYING:翼:profile:+6 ; type:TYPE_DRAGON:竜:profile:+4 ; type:TYPE_DRAGON:ドラゴン:profile:+2 ; type:TYPE_DRAGON:ドラゴン:move:+4 ; type:TYPE_FAIRY:聖なる:profile:+2 ; type:TYPE_FAIRY:聖:profile:+4 ; type:TYPE_FAIRY:聖:official_type:+3 ; type_choice:TYPE_DRAGON:10 ; type_choice:TYPE_FAIRY:9 ; growth:official_stage_plus_profile_power:slow,140,149,140,136,172,158,895,TYPE_DRAGON,TYPE_FAIRY,resolved_profile_evidence,69,329,GROWTH_SLOW,high,profile-derived-v1
858,digimon,vulcanusmon,ウルカヌスモン,https://digimon.net/reference/detail.php?directory_name=vulcanusmon,究極体,神人型,データ,69deacbdf68e5c58922bdc721bd0b92d9551b5d29dbd15f98a7ac63d14e399a1,436,power:神:+6 ; attack:力:+6 ; special_attack:炎:+3 ; special_attack:火:+2 ; type:TYPE_FIRE:炎:profile:+2 ; type:TYPE_FIRE:火炎:profile:+2 ; type:TYPE_FAIRY:神人:official_type:+3 ; type:TYPE_FIGHTING:神人:official_type:+2 ; type_candidate:TYPE_FIRE:4 ; type_placeholder:TYPE_NORMAL:low_evidence ; growth:official_stage_plus_profile_power:slow,133,160,133,133,155,133,847,TYPE_NORMAL,,unresolved_low_type_evidence,70,326,GROWTH_SLOW,medium,profile-derived-v1
859,digimon,wargreymon,ウォーグレイモン,https://digimon.net/reference/detail.php?directory_name=wargreymon,究極体,竜人型,ワクチン,7b598e0befecd1bcc918f269eb50aa1e68ac20b900e2424d2b7b604a40f3e9ec,401,power:最強:+16 ; power:究極:+5 ; power:絶大:+5 ; power:超高:+3 ; hp:巨大:+2 ; attack:パワー:+4 ; attack:力:+2 ; attack:剣:+3 ; defense:鎧:+4 ; defense:盾:+4 ; speed:高速:+5 ; speed:スピード:+4 ; special_attack:エネルギー:+6 ; special_attack:熱:+2 ; type:TYPE_FIGHTING:戦士:profile:+2 ; type:TYPE_DRAGON:竜:profile:+2 ; type:TYPE_STEEL:金属:profile:+2 ; type:TYPE_DRAGON:竜:official_type:+5 ; type_choice:TYPE_DRAGON:7 ; growth:official_stage_plus_profile_power:slow,183,215,210,215,210,174,1207,TYPE_DRAGON,,resolved_profile_evidence,3,501,GROWTH_SLOW,high,profile-derived-v1
860,digimon,venomvamdemon,ヴェノムヴァンデモン,https://digimon.net/reference/detail.php?directory_name=venomvamdemon,究極体,魔獣型,ウィルス,df72307e4d3733a2474ec8dd7688caf0d7e041d38dbb99274e3944fa57deceb3,201,power:王:+2 ; attack:パワー:+4 ; attack:破壊:+12 ; special_attack:闇:+3 ; special_attack:データ:+2 ; type:TYPE_BUG:甲虫:profile:+2 ; type:TYPE_DARK:闇:profile:+2 ; type:TYPE_NORMAL:獣型:official_type:+4 ; type:TYPE_DARK:魔獣:official_type:+4 ; type:TYPE_NORMAL:魔獣:official_type:+2 ; type_choice:TYPE_DARK:6 ; type_choice:TYPE_NORMAL:6 ; growth:official_stage_plus_profile_power:slow,126,198,126,126,148,126,850,TYPE_DARK,TYPE_NORMAL,resolved_profile_evidence,69,334,GROWTH_SLOW,high,profile-derived-v1
861,digimon,venusmon,ウェヌスモン,https://digimon.net/reference/detail.php?directory_name=venusmon,究極体,神人型,ワクチン,62a3eb22834f140fca20deb557c09ac835cf4ec9f94ea0c6693eb4059c3410b6,415,power:神:+3 ; attack:力:+4 ; type:TYPE_GRASS:花:profile:+2 ; type:TYPE_GRASS:草:profile:+2 ; type:TYPE_GROUND:大地:profile:+2 ; type:TYPE_GROUND:土:profile:+2 ; type:TYPE_FLYING:鳥:profile:+4 ; type:TYPE_FAIRY:神人:official_type:+3 ; type:TYPE_FIGHTING:神人:official_type:+2 ; type_candidate:TYPE_FLYING:4 ; type_placeholder:TYPE_NORMAL:low_evidence ; growth:official_stage_plus_profile_power:slow,127,145,127,127,127,127,780,TYPE_NORMAL,,unresolved_low_type_evidence,91,294,GROWTH_SLOW,medium,profile-derived-v1
862,digimon,valdurmon,ヴァロドゥルモン,https://digimon.net/reference/detail.php?directory_name=valdurmon,究極体,聖鳥型,ワクチン,4392b291058900ba04fa8bea2869a0162df6b6dcbdda9b22d4bf0e3bddaeef19,283,hp:巨大:+2 ; attack:力:+2 ; defense:バリア:+4 ; defense:無効:+4 ; special_attack:念:+4 ; special_attack:光:+9 ; special_defense:バリア:+4 ; special_defense:無効:+4 ; special_defense:聖:+4 ; special_defense:浄化:+4 ; special_defense:守護:+4 ; type:TYPE_FLYING:翼:profile:+6 ; type:TYPE_FLYING:天空:profile:+2 ; type:TYPE_FLYING:鳥:profile:+2 ; type:TYPE_FLYING:羽:profile:+2 ; type:TYPE_PSYCHIC:念:profile:+2 ; type:TYPE_DARK:邪悪:profile:+2 ; type:TYPE_FAIRY:聖なる:profile:+2 ; type:TYPE_FAIRY:聖:profile:+4 ; type:TYPE_FLYING:鳥:official_type:+5 ; type:TYPE_FAIRY:聖:official_type:+3 ; type_choice:TYPE_FLYING:17 ; growth:profile:slow,131,131,158,122,180,212,934,TYPE_FLYING,,resolved_profile_evidence,54,357,GROWTH_SLOW,high,profile-derived-v1
863,digimon,valkyrimon,ヴァルキリモン,https://digimon.net/reference/detail.php?directory_name=valkyrimon,究極体,戦士型,フリー,02d894bedafc1bb2925df571136b986d42356c270b203204888bac19ce0b25c8,283,power:神:+3 ; hp:再生:+4 ; hp:生命:+2 ; attack:剣:+3 ; attack:斬:+6 ; defense:鎧:+4 ; speed:スピード:+4 ; special_attack:データ:+2 ; special_defense:再生:+3 ; type:TYPE_GRASS:葉:profile:+2 ; type:TYPE_ICE:凍:profile:+2 ; type:TYPE_FIGHTING:戦士:profile:+2 ; type:TYPE_FLYING:鳥:profile:+2 ; type:TYPE_FIGHTING:戦士:official_type:+4 ; type_choice:TYPE_FIGHTING:6 ; growth:official_stage_plus_profile_power:slow,154,168,145,145,136,141,889,TYPE_FIGHTING,,resolved_profile_evidence,66,333,GROWTH_SLOW,high,profile-derived-v1
864,digimon,vikemon,ヴァイクモン,https://digimon.net/reference/detail.php?directory_name=vikemon,究極体,獣人型,フリー,8fd47f714a6fd23a7408ee3b5eeeb8b0e7d7ff9dd1df94541abcd809d822dbb0,290,power:究極:+5 ; power:神:+3 ; speed:瞬間:+3 ; special_attack:氷:+3 ; type:TYPE_ICE:氷:profile:+2 ; type:TYPE_ICE:凍:profile:+4 ; type:TYPE_ICE:ブリザード:profile:+2 ; type:TYPE_ICE:ブリザード:move:+4 ; type:TYPE_GROUND:土:profile:+2 ; type:TYPE_FIGHTING:獣人:official_type:+3 ; type:TYPE_NORMAL:獣人:official_type:+2 ; type_choice:TYPE_ICE:12 ; growth:official_stage_plus_profile_power:slow,136,136,136,150,150,136,844,TYPE_ICE,,resolved_profile_evidence,69,326,GROWTH_SLOW,high,profile-derived-v1
865,digimon,ebemon,イーバモン,https://digimon.net/reference/detail.php?directory_name=ebemon,究極体,サイボーグ型,ウィルス,d81d350e34867ce6a67f996ea4b2d61b9decd790b013a599ef5bdbaed98c4504,334,attack:パワー:+4 ; attack:破壊:+4 ; speed:瞬時:+4 ; special_attack:データ:+4 ; special_defense:吸収:+4 ; type:TYPE_STEEL:サイボーグ:profile:+2 ; type:TYPE_STEEL:サイボーグ:official_type:+5 ; type_choice:TYPE_STEEL:7 ; growth:official_stage_plus_profile_power:slow,122,158,122,140,140,140,822,TYPE_STEEL,,resolved_profile_evidence,86,303,GROWTH_SLOW,medium,profile-derived-v1
866,digimon,ageisdramon,イージスドラモン,https://digimon.net/reference/detail.php?directory_name=ageisdramon,究極体,サイボーグ型,ワクチン,6196759527febf8cb13ba17927419d90f9d534537f39d90f9d179cd3564ec001,348,hp:巨大:+2 ; attack:パワー:+12 ; attack:力:+4 ; defense:装甲:+5 ; speed:素早:+5 ; special_attack:火:+2 ; special_attack:光:+3 ; special_attack:データ:+2 ; type:TYPE_DARK:邪悪:profile:+2 ; type:TYPE_STEEL:サイボーグ:profile:+2 ; type:TYPE_STEEL:装甲:profile:+2 ; type:TYPE_STEEL:サイボーグ:official_type:+5 ; type_choice:TYPE_STEEL:9 ; growth:official_stage_plus_profile_power:slow,131,194,144,144,154,122,889,TYPE_STEEL,,resolved_profile_evidence,66,337,GROWTH_SLOW,high,profile-derived-v1
867,digimon,imperialdramonfightermode,インペリアルドラモン：ファイターモード,https://digimon.net/reference/detail.php?directory_name=imperialdramonfightermode,究極体,古代竜人型,フリー,182fb333c2941e80f61ece7e5b883aa8272e70c7ace6ee08605b3cf3b9e15dd3,292,power:究極:+5 ; attack:パワー:+8 ; attack:力:+4 ; attack:破壊:+8 ; special_attack:エネルギー:+6 ; special_attack:レーザー:+12 ; type:TYPE_FIGHTING:戦士:profile:+2 ; type:TYPE_DRAGON:竜:profile:+6 ; type:TYPE_DRAGON:ドラゴン:profile:+6 ; type:TYPE_DRAGON:竜:official_type:+5 ; type_choice:TYPE_DRAGON:17 ; growth:profile:slow,131,221,131,131,212,131,957,TYPE_DRAGON,,resolved_profile_evidence,38,379,GROWTH_SLOW,high,profile-derived-v1
868,digimon,imperialdramonpaladinmode,インペリアルドラモン：パラディンモード,https://digimon.net/reference/detail.php?directory_name=imperialdramonpaladinmode,究極体,古代聖騎士型,ワクチン,56ef8da7dd18355aecb6e05f063ea63906a79391236c9266bd68791f573b2e0a,241,power:最強:+8 ; power:究極:+5 ; attack:パワー:+8 ; attack:剣:+3 ; attack:刀:+3 ; attack:破壊:+4 ; special_attack:データ:+2 ; special_defense:聖:+4 ; type:TYPE_FIGHTING:戦士:profile:+2 ; type:TYPE_DRAGON:竜:profile:+2 ; type:TYPE_FAIRY:聖:profile:+4 ; type:TYPE_FAIRY:聖:official_type:+3 ; type_choice:TYPE_FAIRY:7 ; growth:profile:slow,145,226,145,145,154,163,978,TYPE_FAIRY,,resolved_profile_evidence,19,407,GROWTH_SLOW,high,profile-derived-v1
869,digimon,imperialdramondragonmode,インペリアルドラモン：ドラゴンモード,https://digimon.net/reference/detail.php?directory_name=imperialdramondragonmode,究極体,古代竜型,フリー,920a5e1ab123d05bc67b838470b39a7a6ef27950c5034bbea45ea9d4a701e674,279,power:究極:+5 ; power:強大:+4 ; power:神:+3 ; attack:パワー:+8 ; attack:力:+2 ; attack:破壊:+4 ; type:TYPE_DRAGON:竜:profile:+6 ; type:TYPE_DRAGON:ドラゴン:profile:+2 ; type:TYPE_DARK:暗黒:profile:+6 ; type:TYPE_DRAGON:竜:official_type:+5 ; type_choice:TYPE_DRAGON:13 ; growth:profile:slow,144,207,144,144,144,144,927,TYPE_DRAGON,,resolved_profile_evidence,34,383,GROWTH_SLOW,high,profile-derived-v1
870,digimon,yggdrasill7d6,イグドラシル＿７Ｄ６,https://digimon.net/reference/detail.php?directory_name=yggdrasill7d6,究極体,９０００型,不明,53a20fa4be6faad53e1dc7ab7613a68c1d01c7ee1d5110e7ec579abbe053fff2,114,hp:巨大:+4 ; attack:力:+2 ; type:TYPE_ROCK:クリスタル:profile:+4 ; type:TYPE_ROCK:クリスタル:move:+8 ; type_choice:TYPE_ROCK:12 ; growth:official_stage_plus_profile_power:slow,140,131,122,122,122,122,759,TYPE_ROCK,,resolved_profile_evidence,102,279,GROWTH_SLOW,medium,profile-derived-v1
871,digimon,ulforcevdramon,アルフォースブイドラモン,https://digimon.net/reference/detail.php?directory_name=ulforcevdramon,究極体,聖騎士型,ワクチン,8585565244651c89b6920c46ce62a45c33dd88b6de092424e56b6cd8a923e8a3,318,power:神:+6 ; defense:鎧:+4 ; speed:スピード:+4 ; special_attack:光:+3 ; special_defense:聖:+4 ; special_defense:守護:+4 ; type:TYPE_GROUND:大地:profile:+2 ; type:TYPE_FAIRY:聖:profile:+4 ; type:TYPE_FAIRY:聖:official_type:+3 ; type_choice:TYPE_FAIRY:7 ; growth:profile:slow,133,133,151,151,146,169,883,TYPE_FAIRY,,resolved_profile_evidence,61,339,GROWTH_SLOW,medium,profile-derived-v1
872,digimon,alphamon:ouryuken,アルファモン：王竜剣,https://digimon.net/reference/detail.php?directory_name=alphamon:ouryuken,究極体,NO DATA,ワクチン,2182f3a85830388defad3845b9b5757ffe434a9c058e2d9620cfadc2d67e61dd,200,power:究極:+10 ; power:王:+2 ; attack:パワー:+4 ; attack:力:+4 ; attack:剣:+9 ; special_attack:魔法:+5 ; special_attack:念:+4 ; type:TYPE_PSYCHIC:念:profile:+2 ; type:TYPE_DRAGON:竜:profile:+2 ; type:TYPE_DRAGON:竜:move:+4 ; type_choice:TYPE_DRAGON:6 ; growth:official_stage_plus_profile_power:slow,144,220,144,144,184,144,980,TYPE_DRAGON,,resolved_profile_evidence,22,402,GROWTH_SLOW,high,profile-derived-v1
873,digimon,alphamon,アルファモン,https://digimon.net/reference/detail.php?directory_name=alphamon,究極体,聖騎士型,ワクチン,7a0c4fb3788d902b7649a88f9691cb844e06980f30994dca8854ca94fb5e5021,391,power:究極:+5 ; hp:巨大:+2 ; attack:力:+6 ; attack:剣:+6 ; defense:防御:+5 ; speed:一瞬:+3 ; speed:瞬間:+3 ; speed:飛翔:+3 ; special_attack:魔法:+5 ; special_attack:光:+3 ; special_defense:聖:+6 ; type:TYPE_FLYING:飛翔:profile:+2 ; type:TYPE_FLYING:翼:profile:+2 ; type:TYPE_FAIRY:聖:profile:+6 ; type:TYPE_FAIRY:聖:move:+4 ; type:TYPE_FAIRY:聖:official_type:+3 ; type_choice:TYPE_FAIRY:13 ; growth:official_stage_plus_profile_power:slow,140,185,154,172,167,158,976,TYPE_FAIRY,,resolved_profile_evidence,42,368,GROWTH_SLOW,high,profile-derived-v1
874,digimon,ultimatebrakimon,アルティメットブラキモン,https://digimon.net/reference/detail.php?directory_name=ultimatebrakimon,究極体,サイボーグ型,データ,41819061d1c795edb88cd5b2554b609c9d4ecebd3be41cee1dfc09b22532f266,256,hp:巨大:+6 ; attack:叩:+2 ; defense:装甲:+5 ; special_attack:エネルギー:+3 ; special_attack:爆発:+3 ; type:TYPE_GROUND:大地:profile:+2 ; type:TYPE_STEEL:サイボーグ:profile:+2 ; type:TYPE_STEEL:装甲:profile:+2 ; type:TYPE_STEEL:サイボーグ:official_type:+5 ; type_choice:TYPE_STEEL:9 ; growth:official_stage_plus_profile_power:slow,149,131,144,122,149,122,817,TYPE_STEEL,,resolved_profile_evidence,89,298,GROWTH_SLOW,medium,profile-derived-v1
875,digimon,algomon,アルゴモン,https://digimon.net/reference/detail.php?directory_name=algomon,究極体,突然変異型,ウィルス,092f557333ef2c939538e875adaacf136588ffee66e42eb6c7aa5325a738d171,146,power:究極:+5 ; hp:巨体:+3 ; hp:巨大:+2 ; attack:力:+4 ; attack:格闘:+4 ; attack:破壊:+8 ; special_attack:光:+6 ; type:TYPE_FIGHTING:格闘:profile:+2 ; type:TYPE_NORMAL:突然変異:official_type:+3 ; type_candidate:TYPE_NORMAL:3 ; type_placeholder:TYPE_NORMAL:low_evidence ; growth:official_stage_plus_profile_power:slow,154,203,131,131,158,131,908,TYPE_NORMAL,,unresolved_low_type_evidence,51,358,GROWTH_SLOW,medium,profile-derived-v1
876,digimon,apollomon,アポロモン,https://digimon.net/reference/detail.php?directory_name=apollomon,究極体,神人型,ワクチン,6d20d1edf563ad2f3528e0647315c08a4bff99f37b51ff5e535ca2006957b247,194,power:神:+6 ; attack:力:+6 ; attack:拳:+3 ; special_attack:エネルギー:+3 ; special_attack:炎:+6 ; special_attack:火:+4 ; special_attack:光:+3 ; special_attack:熱:+6 ; special_defense:浄化:+4 ; type:TYPE_FIRE:炎:profile:+4 ; type:TYPE_FIRE:火炎:profile:+4 ; type:TYPE_FIRE:灼熱:profile:+4 ; type:TYPE_FIGHTING:拳:profile:+2 ; type:TYPE_FAIRY:神人:official_type:+3 ; type:TYPE_FIGHTING:神人:official_type:+2 ; type_choice:TYPE_FIRE:12 ; growth:official_stage_plus_profile_power:slow,133,173,133,133,232,151,955,TYPE_FIRE,,resolved_profile_evidence,35,386,GROWTH_SLOW,high,profile-derived-v1
877,digimon,apoclymon,アポカリモン,https://digimon.net/reference/detail.php?directory_name=apoclymon,究極体,種族不明,不明,bda60b8ed57713b7dd4cf9d9e099f2b9abe6dda54487239e74f36767742e49c8,252,attack:パワー:+4 ; special_attack:念:+4 ; special_attack:闇:+9 ; type:TYPE_PSYCHIC:念:profile:+2 ; type:TYPE_DARK:闇:profile:+6 ; type:TYPE_DARK:暗黒:profile:+2 ; type:TYPE_DARK:暗黒:move:+4 ; type:TYPE_DARK:ダーク:profile:+2 ; type:TYPE_DARK:ダーク:move:+4 ; type_choice:TYPE_DARK:18 ; growth:official_stage_plus_profile_power:slow,122,140,122,122,180,122,808,TYPE_DARK,,resolved_profile_evidence,84,310,GROWTH_SLOW,medium,profile-derived-v1
878,digimon,anubimon,アヌビモン,https://digimon.net/reference/detail.php?directory_name=anubimon,究極体,神人型,ワクチン,b8aad519798e0276e5a8549f2a33e44434c72ff1f2f0d784e0a5bc922181cfc4,311,power:強大:+4 ; power:神:+3 ; attack:パワー:+12 ; attack:力:+2 ; special_attack:光:+3 ; special_attack:闇:+3 ; special_attack:データ:+4 ; special_defense:守護:+4 ; type:TYPE_DARK:闇:profile:+2 ; type:TYPE_DARK:ダーク:profile:+6 ; type:TYPE_FAIRY:天使:profile:+2 ; type:TYPE_FAIRY:神人:official_type:+3 ; type:TYPE_FIGHTING:神人:official_type:+2 ; type_choice:TYPE_DARK:8 ; growth:profile:slow,135,198,135,135,180,153,936,TYPE_DARK,,resolved_profile_evidence,43,368,GROWTH_SLOW,high,profile-derived-v1
879,digimon,armagemon,アーマゲモン,https://digimon.net/reference/detail.php?directory_name=armagemon,究極体,種族不明,不明,0ef440d43be5f992314711113760b39eab7907647ac6c588d0566bc14996f7af,290,power:究極:+5 ; attack:パワー:+4 ; attack:力:+6 ; attack:破壊:+4 ; special_attack:エネルギー:+6 ; special_attack:ビーム:+4 ; special_attack:光:+3 ; special_attack:闇:+3 ; type:TYPE_DARK:闇:profile:+2 ; type_candidate:TYPE_DARK:2 ; type_placeholder:TYPE_NORMAL:low_evidence ; growth:official_stage_plus_profile_power:slow,131,194,131,131,203,131,921,TYPE_NORMAL,,unresolved_low_type_evidence,49,362,GROWTH_SLOW,medium,profile-derived-v1
880,digimon,avengekidmon,アヴェンジキッドモン,https://digimon.net/reference/detail.php?directory_name=avengekidmon,究極体,竜人型,ウィルス,5fd6c256cb3c0d41a9ca71d08298cb5e97100dd7d425d2f7763e48ea7f5053fc,291,attack:破壊:+4 ; attack:叩:+2 ; speed:走:+2 ; special_attack:エネルギー:+3 ; special_attack:データ:+2 ; special_attack:爆発:+3 ; type:TYPE_FLYING:空中:profile:+2 ; type:TYPE_DRAGON:竜:official_type:+5 ; type_choice:TYPE_DRAGON:5 ; growth:profile:erratic,122,149,122,131,158,122,804,TYPE_DRAGON,,resolved_profile_evidence,89,299,GROWTH_ERRATIC,medium,profile-derived-v1
881,digimon,warumonzaemon,ワルもんざえモン,https://digimon.net/reference/detail.php?directory_name=warumonzaemon,完全体,パペット型,ウィルス,f6cb279c13edc4cdf6c241b2221bfd5c712ba905aa3d5247a161bd5b0200166a,265,power:強力:+3 ; attack:力:+2 ; attack:爪:+3 ; special_attack:光:+3 ; type:TYPE_DARK:ダーク:profile:+2 ; type:TYPE_NORMAL:パペット:official_type:+2 ; type:TYPE_GHOST:パペット:official_type:+2 ; type_candidate:TYPE_DARK:2 ; type_placeholder:TYPE_NORMAL:low_evidence ; growth:official_stage_plus_profile_power:medium_slow,105,128,105,105,119,105,667,TYPE_NORMAL,,unresolved_low_type_evidence,116,257,GROWTH_MEDIUM_SLOW,medium,profile-derived-v1
882,digimon,waruseadramon,ワルシードラモン,https://digimon.net/reference/detail.php?directory_name=waruseadramon,完全体,水棲型,ウィルス,391060c966702ec2195b7c5ae1643a995d135e33219c45a1d2e2fe677117abcb,130,attack:力:+4 ; special_attack:闇:+6 ; type:TYPE_DARK:闇:profile:+4 ; type:TYPE_DARK:邪悪:profile:+2 ; type:TYPE_DARK:ダーク:profile:+2 ; type:TYPE_DARK:ダーク:move:+4 ; type:TYPE_WATER:水棲:official_type:+5 ; type_choice:TYPE_DARK:12 ; growth:official_stage_plus_profile_power:medium_slow,100,118,100,100,127,100,645,TYPE_DARK,,resolved_profile_evidence,126,244,GROWTH_MEDIUM_SLOW,medium,profile-derived-v1
883,digimon,wisemon,ワイズモン,https://digimon.net/reference/detail.php?directory_name=wisemon,完全体,魔人型,ウィルス,cdfad431115740984f4143a3eb37dc2c84defaa3769eaae61f5b6776815aa7ad,271,hp:再生:+8 ; speed:高速:+5 ; special_defense:再生:+6 ; type:TYPE_ROCK:石:profile:+4 ; type_candidate:TYPE_ROCK:4 ; type_placeholder:TYPE_NORMAL:low_evidence ; growth:official_stage_plus_profile_power:medium_slow,136,100,100,122,100,127,685,TYPE_NORMAL,,unresolved_low_type_evidence,117,258,GROWTH_MEDIUM_SLOW,medium,profile-derived-v1
884,digimon,weregarrumon,ワーガルルモン,https://digimon.net/reference/detail.php?directory_name=weregarrumon,完全体,獣人型,ワクチン,7d8a5f991d428ac338bc67dabee983c0d7455423325ff5c750b3c3f970e5dfdb,212,attack:力:+6 ; attack:キック:+3 ; attack:爪:+3 ; defense:防御:+5 ; speed:スピード:+4 ; type:TYPE_FIGHTING:キック:profile:+2 ; type:TYPE_FIGHTING:獣人:official_type:+3 ; type:TYPE_NORMAL:獣人:official_type:+2 ; type_choice:TYPE_FIGHTING:5 ; growth:official_stage_plus_profile_power:medium_slow,100,154,122,118,100,100,694,TYPE_FIGHTING,,resolved_profile_evidence,111,269,GROWTH_MEDIUM_SLOW,medium,profile-derived-v1
885,digimon,locomon,ロコモン,https://digimon.net/reference/detail.php?directory_name=locomon,完全体,マシーン型,データ,8f03f829ccf752535a75d604749a5ffb5a0bcb972775d51c78de5e4422c9f3b5,282,speed:走:+6 ; special_attack:データ:+2 ; type:TYPE_STEEL:マシーン:profile:+2 ; type:TYPE_STEEL:マシーン:official_type:+5 ; type_choice:TYPE_STEEL:7 ; growth:profile:erratic,100,100,100,127,109,100,636,TYPE_STEEL,,resolved_profile_evidence,128,241,GROWTH_ERRATIC,medium,profile-derived-v1
886,digimon,loaderleomon,ローダーレオモン,https://digimon.net/reference/detail.php?directory_name=loaderleomon,完全体,マシーン型,ワクチン,06990c63b570940f31cfd3b087bc1d82e7a0052797297f31091f7ee30742955b,315,power:超高:+3 ; hp:持久:+4 ; attack:パワー:+4 ; attack:力:+2 ; attack:叩:+2 ; speed:高速:+5 ; speed:超高速:+7 ; special_attack:データ:+4 ; type:TYPE_ROCK:岩:profile:+4 ; type:TYPE_STEEL:機械:profile:+2 ; type:TYPE_STEEL:マシーン:profile:+4 ; type:TYPE_STEEL:鉄:profile:+2 ; type:TYPE_STEEL:マシーン:official_type:+5 ; type_choice:TYPE_STEEL:13 ; growth:official_stage_plus_profile_power:medium_slow,123,141,105,159,123,105,756,TYPE_STEEL,,resolved_profile_evidence,93,294,GROWTH_MEDIUM_SLOW,high,profile-derived-v1
887,digimon,ladydevimon,レディーデビモン,https://digimon.net/reference/detail.php?directory_name=ladydevimon,完全体,堕天使型,ウィルス,6b1946698e8522183a6a0697592d82a35a83806683565e416c6195d14262a047,193,power:強力:+6 ; attack:パワー:+12 ; attack:力:+4 ; speed:飛翔:+3 ; special_attack:エネルギー:+3 ; type:TYPE_WATER:ウェーブ:profile:+2 ; type:TYPE_WATER:ウェーブ:move:+4 ; type:TYPE_FLYING:飛翔:profile:+2 ; type:TYPE_DARK:暗黒:profile:+2 ; type:TYPE_DARK:ダーク:profile:+6 ; type:TYPE_DARK:ダーク:move:+4 ; type:TYPE_FAIRY:天使:profile:+2 ; type:TYPE_FAIRY:天使:official_type:+5 ; type:TYPE_FLYING:天使:official_type:+2 ; type_choice:TYPE_DARK:12 ; growth:official_stage_plus_profile_power:medium_slow,111,183,111,124,124,111,764,TYPE_DARK,,resolved_profile_evidence,81,315,GROWTH_MEDIUM_SLOW,high,profile-derived-v1
888,digimon,luminamon,ルミナモン,https://digimon.net/reference/detail.php?directory_name=luminamon,完全体,妖精型,ワクチン,1d6a8e91617492d38ab7149b7f5933e75f806c9d632addfd2ecb1ea379bf92bc,223,attack:力:+2 ; special_attack:光:+6 ; type:TYPE_ELECTRIC:ライトニング:profile:+2 ; type:TYPE_ELECTRIC:ライトニング:move:+4 ; type:TYPE_FAIRY:妖精:official_type:+5 ; type_choice:TYPE_ELECTRIC:6 ; type_choice:TYPE_FAIRY:5 ; growth:official_stage_plus_profile_power:medium_slow,100,109,100,100,127,100,636,TYPE_ELECTRIC,TYPE_FAIRY,resolved_profile_evidence,128,241,GROWTH_MEDIUM_SLOW,medium,profile-derived-v1
889,digimon,rucemonfalldownmode,ルーチェモン：フォールダウンモード,https://digimon.net/reference/detail.php?directory_name=rucemonfalldownmode,完全体,魔王型,ウィルス,efb36ed245d59f10cca450d40ad15cb53f103a24f8485f40fa38962f2821057d,340,power:最強:+8 ; power:究極:+10 ; power:神:+6 ; power:王:+6 ; attack:力:+2 ; attack:破壊:+12 ; attack:叩:+2 ; special_attack:光:+3 ; special_defense:聖:+4 ; type:TYPE_GROUND:地面:profile:+2 ; type:TYPE_DARK:悪魔:profile:+2 ; type:TYPE_DARK:魔王:profile:+6 ; type:TYPE_DARK:ダーク:profile:+2 ; type:TYPE_FAIRY:聖:profile:+4 ; type:TYPE_DARK:魔王:official_type:+6 ; type_choice:TYPE_DARK:16 ; growth:profile:slow,154,226,154,154,168,172,1028,TYPE_DARK,,resolved_profile_evidence,3,462,GROWTH_SLOW,high,profile-derived-v1
890,digimon,rookchessmon,ルークチェスモン,https://digimon.net/reference/detail.php?directory_name=rookchessmon,完全体,パペット型,ウィルス,79c24f9d69768f5eedc169da72909798a51ce5c0d10528849baad15386bf3713,157,hp:巨大:+2 ; attack:突進:+3 ; attack:破壊:+4 ; defense:防御:+15 ; defense:鉄壁:+6 ; speed:スピード:+4 ; type:TYPE_STEEL:鉄:profile:+2 ; type:TYPE_NORMAL:パペット:official_type:+2 ; type:TYPE_GHOST:パペット:official_type:+2 ; type_candidate:TYPE_GHOST:2 ; type_placeholder:TYPE_NORMAL:low_evidence ; growth:official_stage_plus_profile_power:medium_slow,109,132,194,118,100,100,753,TYPE_NORMAL,,unresolved_low_type_evidence,92,302,GROWTH_MEDIUM_SLOW,medium,profile-derived-v1
891,digimon,lilimon,リリモン,https://digimon.net/reference/detail.php?directory_name=lilimon,完全体,妖精型,データ,023cf6765bdb379199302169391782378f8a6989419507154801f704b31454d4,285,power:弱い:-4 ; attack:パワー:+4 ; attack:力:+2 ; special_attack:エネルギー:+3 ; type:TYPE_GRASS:花:profile:+4 ; type:TYPE_GRASS:葉:profile:+2 ; type:TYPE_FLYING:羽:profile:+2 ; type:TYPE_FAIRY:妖精:profile:+2 ; type:TYPE_FAIRY:妖精:official_type:+5 ; type_choice:TYPE_FAIRY:7 ; type_choice:TYPE_GRASS:6 ; growth:official_stage_plus_profile_power:medium_slow,93,120,93,93,106,93,598,TYPE_FAIRY,TYPE_GRASS,resolved_profile_evidence,136,228,GROWTH_MEDIUM_SLOW,medium,profile-derived-v1
892,digimon,rapidmon,ラピッドモン,https://digimon.net/reference/detail.php?directory_name=rapidmon,完全体,サイボーグ型,ワクチン,d59a66286ec082cea877d5953418d1f09ab9b6ed08494d3b287b1ee4eefb1abc,228,hp:巨大:+2 ; speed:俊敏:+5 ; special_attack:光:+6 ; special_attack:闇:+3 ; special_attack:データ:+2 ; type:TYPE_DARK:闇:profile:+2 ; type:TYPE_STEEL:サイボーグ:profile:+2 ; type:TYPE_STEEL:サイボーグ:official_type:+5 ; type_choice:TYPE_STEEL:7 ; growth:official_stage_plus_profile_power:medium_slow,109,100,100,122,150,100,681,TYPE_STEEL,,resolved_profile_evidence,114,263,GROWTH_MEDIUM_SLOW,medium,profile-derived-v1
893,digimon,lilamon,ライラモン,https://digimon.net/reference/detail.php?directory_name=lilamon,完全体,妖精型,データ,29ae4472778f8b2840618c11fd79ca586b2e52296ceb68e6499b726518b325b2,237,hp:再生:+4 ; speed:一瞬:+3 ; special_attack:ビーム:+4 ; special_attack:毒:+3 ; special_defense:再生:+3 ; type:TYPE_GRASS:花:profile:+4 ; type:TYPE_GRASS:葉:profile:+4 ; type:TYPE_POISON:毒:profile:+2 ; type:TYPE_FAIRY:妖精:profile:+2 ; type:TYPE_FAIRY:妖精:official_type:+5 ; type_choice:TYPE_GRASS:8 ; type_choice:TYPE_FAIRY:7 ; growth:official_stage_plus_profile_power:medium_slow,118,100,100,114,132,114,678,TYPE_GRASS,TYPE_FAIRY,resolved_profile_evidence,119,255,GROWTH_MEDIUM_SLOW,high,profile-derived-v1
894,digimon,rizegreymon,ライズグレイモン,https://digimon.net/reference/detail.php?directory_name=rizegreymon,完全体,サイボーグ型,ワクチン,adb418e1d6a7943dacd048e7d769977ee6a69230ea177d7bffd651d7fde64ddd,274,power:凄まじ:+3 ; hp:巨体:+3 ; hp:巨大:+4 ; hp:耐久:+4 ; attack:力:+6 ; attack:突進:+3 ; defense:耐久:+4 ; speed:高速:+5 ; speed:飛翔:+3 ; special_attack:ビーム:+8 ; type:TYPE_FLYING:飛翔:profile:+2 ; type:TYPE_FLYING:翼:profile:+2 ; type:TYPE_FLYING:大空:profile:+2 ; type:TYPE_STEEL:機械:profile:+2 ; type:TYPE_STEEL:サイボーグ:profile:+2 ; type:TYPE_STEEL:機械化:profile:+2 ; type:TYPE_STEEL:サイボーグ:official_type:+5 ; type_choice:TYPE_STEEL:11 ; growth:official_stage_plus_profile_power:medium_slow,155,146,123,141,141,105,811,TYPE_STEEL,,resolved_profile_evidence,83,307,GROWTH_MEDIUM_SLOW,high,profile-derived-v1
895,digimon,yatagaramon,ヤタガラモン（2006年アニメ版）,https://digimon.net/reference/detail.php?directory_name=yatagaramon,完全体,妖鳥型,ワクチン,889a2085c88de2982071f70578a39d92f182f465288108bfe93ed991b486bf17,414,power:神:+3 ; special_attack:エネルギー:+3 ; special_attack:光:+3 ; special_attack:闇:+3 ; special_defense:結界:+10 ; special_defense:聖:+2 ; type:TYPE_FLYING:翼:profile:+2 ; type:TYPE_FLYING:鳥:profile:+2 ; type:TYPE_FLYING:羽:profile:+4 ; type:TYPE_FLYING:羽:move:+4 ; type:TYPE_DARK:闇:profile:+2 ; type:TYPE_DARK:邪悪:profile:+2 ; type:TYPE_DARK:ダーク:profile:+2 ; type:TYPE_FAIRY:聖なる:profile:+2 ; type:TYPE_FAIRY:聖:profile:+2 ; type:TYPE_FLYING:鳥:official_type:+5 ; type_choice:TYPE_FLYING:17 ; growth:official_stage_plus_profile_power:medium_slow,105,105,105,105,146,159,725,TYPE_FLYING,,resolved_profile_evidence,99,286,GROWTH_MEDIUM_SLOW,high,profile-derived-v1
896,digimon,monzaemon,もんざえモン,https://digimon.net/reference/detail.php?directory_name=monzaemon,完全体,パペット型,ワクチン,9b74024b160184b8b5d8cc2fc114bf10088b15bd7c428e3b576ba1156924fa31,137,stats:balanced:no_specialization_signal_in_official_text ; type:TYPE_NORMAL:パペット:official_type:+2 ; type:TYPE_GHOST:パペット:official_type:+2 ; type_candidate:TYPE_GHOST:2 ; type_placeholder:TYPE_NORMAL:low_evidence ; growth:official_stage_plus_profile_power:medium_slow,100,100,100,100,100,100,600,TYPE_NORMAL,,unresolved_low_type_evidence,140,220,GROWTH_MEDIUM_SLOW,low,profile-derived-v1
897,digimon,mephismon,メフィスモン,https://digimon.net/reference/detail.php?directory_name=mephismon,完全体,堕天使型,ウィルス,24f289a5d772853aaf9c46a5bae2b097cf0ebd48f703714fd4a2f667738f33b2,215,hp:巨大:+2 ; hp:生命:+4 ; special_attack:呪:+8 ; special_attack:念:+4 ; special_attack:闇:+3 ; special_attack:データ:+2 ; type:TYPE_PSYCHIC:念:profile:+2 ; type:TYPE_DARK:闇:profile:+2 ; type:TYPE_DARK:暗黒:profile:+6 ; type:TYPE_FAIRY:天使:profile:+2 ; type:TYPE_FAIRY:天使:official_type:+5 ; type:TYPE_FLYING:天使:official_type:+2 ; type_choice:TYPE_DARK:8 ; type_choice:TYPE_FAIRY:7 ; growth:official_stage_plus_profile_power:medium_slow,127,100,100,100,176,100,703,TYPE_DARK,TYPE_FAIRY,resolved_profile_evidence,105,281,GROWTH_MEDIUM_SLOW,high,profile-derived-v1
898,digimon,metalmamemon,メタルマメモン,https://digimon.net/reference/detail.php?directory_name=metalmamemon,完全体,サイボーグ型,データ,7f3a353ae9e8dd6176814e0e89ac6b41862f6efc016d58ff08929975ebda18d7,143,power:絶大:+5 ; power:強力:+3 ; attack:力:+4 ; attack:破壊:+4 ; special_attack:エネルギー:+6 ; type:TYPE_STEEL:機械:profile:+2 ; type:TYPE_STEEL:サイボーグ:profile:+2 ; type:TYPE_STEEL:機械化:profile:+2 ; type:TYPE_STEEL:サイボーグ:official_type:+5 ; type_choice:TYPE_STEEL:11 ; growth:official_stage_plus_profile_power:medium_slow,114,150,114,114,141,114,747,TYPE_STEEL,,resolved_profile_evidence,87,300,GROWTH_MEDIUM_SLOW,medium,profile-derived-v1
899,digimon,metalfantomon,メタルファントモン,https://digimon.net/reference/detail.php?directory_name=metalfantomon,完全体,サイボーグ型,データ,1376bba0a6c314e2b5fa3220bc4fe75109e1e097ec3deca97072bf9c97b2e5f8,200,power:神:+3 ; hp:巨大:+2 ; defense:装甲:+5 ; defense:盾:+4 ; special_attack:エネルギー:+9 ; type:TYPE_GHOST:魂:profile:+4 ; type:TYPE_STEEL:機械:profile:+2 ; type:TYPE_STEEL:サイボーグ:profile:+2 ; type:TYPE_STEEL:機械化:profile:+2 ; type:TYPE_STEEL:装甲:profile:+2 ; type:TYPE_STEEL:サイボーグ:official_type:+5 ; type_choice:TYPE_STEEL:13 ; growth:official_stage_plus_profile_power:medium_slow,114,105,146,105,146,105,721,TYPE_STEEL,,resolved_profile_evidence,102,279,GROWTH_MEDIUM_SLOW,high,profile-derived-v1
900,digimon,metaltyranomon,メタルティラノモン,https://digimon.net/reference/detail.php?directory_name=metaltyranomon,完全体,サイボーグ型,ウィルス,9602063df80c062b39c4f1c12f65c2da47976f5f72418e63d24867fc18bedca8,190,power:強力:+3 ; power:凄まじ:+3 ; attack:パワー:+4 ; attack:力:+4 ; defense:装甲:+5 ; defense:硬い:+4 ; special_attack:エネルギー:+3 ; special_attack:レーザー:+8 ; type:TYPE_STEEL:サイボーグ:profile:+2 ; type:TYPE_STEEL:装甲:profile:+2 ; type:TYPE_STEEL:サイボーグ:official_type:+5 ; type_choice:TYPE_STEEL:9 ; growth:official_stage_plus_profile_power:medium_slow,111,147,151,111,160,111,791,TYPE_STEEL,,resolved_profile_evidence,81,311,GROWTH_MEDIUM_SLOW,high,profile-derived-v1
901,digimon,metalgreymon-v,メタルグレイモン（ワクチン種）,https://digimon.net/reference/detail.php?directory_name=metalgreymon-v,完全体,サイボーグ型,ワクチン,20e6ab67bd5421625592e0358d8a127c8f0a2cabb8220497c493a83b14ec2c98,369,power:強力:+3 ; hp:生命:+2 ; attack:パワー:+4 ; attack:力:+4 ; special_attack:エネルギー:+3 ; special_attack:熱:+2 ; type:TYPE_STEEL:機械:profile:+2 ; type:TYPE_STEEL:サイボーグ:profile:+4 ; type:TYPE_STEEL:機械化:profile:+2 ; type:TYPE_STEEL:サイボーグ:official_type:+5 ; type_choice:TYPE_STEEL:13 ; growth:official_stage_plus_profile_power:medium_slow,114,141,105,105,128,105,698,TYPE_STEEL,,resolved_profile_evidence,108,271,GROWTH_MEDIUM_SLOW,high,profile-derived-v1
902,digimon,metalgreymon-web,メタルグレイモン（ウィルス種）,https://digimon.net/reference/detail.php?directory_name=metalgreymon-web,完全体,サイボーグ型,ウィルス,1af3d4d04937007abe1741ec3bdebd1e99f76056c0d9a5913faf0e909c5c8ea2,164,power:最強:+8 ; attack:力:+2 ; type:TYPE_STEEL:機械:profile:+4 ; type:TYPE_STEEL:サイボーグ:profile:+2 ; type:TYPE_STEEL:機械化:profile:+4 ; type:TYPE_STEEL:サイボーグ:official_type:+5 ; type_choice:TYPE_STEEL:15 ; growth:official_stage_plus_profile_power:medium_slow,114,123,114,114,114,114,693,TYPE_STEEL,,resolved_profile_evidence,103,274,GROWTH_MEDIUM_SLOW,medium,profile-derived-v1
903,digimon,metallifekuwagamon,メタリフェクワガーモン,https://digimon.net/reference/detail.php?directory_name=metallifekuwagamon,完全体,昆虫型,ウィルス,260932e4968e40986602cf4b52b2a2f03a29503511de389480f0e294690db981,230,attack:力:+6 ; attack:格闘:+4 ; defense:甲殻:+4 ; speed:素早:+5 ; special_attack:ビーム:+8 ; special_attack:レーザー:+8 ; type:TYPE_FIGHTING:格闘:profile:+2 ; type:TYPE_BUG:昆虫:official_type:+5 ; type_choice:TYPE_BUG:5 ; growth:official_stage_plus_profile_power:medium_slow,100,145,118,122,172,100,757,TYPE_BUG,,resolved_profile_evidence,96,293,GROWTH_MEDIUM_SLOW,medium,profile-derived-v1
904,digimon,megalogrowmon,メガログラウモン,https://digimon.net/reference/detail.php?directory_name=megalogrowmon,完全体,サイボーグ型,ウィルス,d99a492779ed0e7c444de9f07010c80dc22374bcd8b16f3fa34ba8097a256ca5,284,hp:巨大:+4 ; attack:パワー:+4 ; attack:破壊:+4 ; speed:飛行:+2 ; speed:走:+2 ; type:TYPE_FLYING:飛行:profile:+2 ; type:TYPE_STEEL:サイボーグ:profile:+2 ; type:TYPE_STEEL:金属:profile:+2 ; type:TYPE_STEEL:サイボーグ:official_type:+5 ; type_choice:TYPE_STEEL:9 ; growth:profile:erratic,118,136,100,118,100,100,672,TYPE_STEEL,,resolved_profile_evidence,119,255,GROWTH_ERRATIC,medium,profile-derived-v1
905,digimon,megadramon,メガドラモン,https://digimon.net/reference/detail.php?directory_name=megadramon,完全体,サイボーグ型,ウィルス,3bd2ec63f69531d75022f5db7c9812c9df03bf88473cce2886d3881e22027919,257,power:最強:+8 ; power:強力:+3 ; attack:パワー:+4 ; attack:力:+2 ; attack:破壊:+8 ; type:TYPE_DRAGON:竜:profile:+4 ; type:TYPE_DARK:暗黒:profile:+2 ; type:TYPE_STEEL:サイボーグ:profile:+2 ; type:TYPE_STEEL:サイボーグ:official_type:+5 ; type_choice:TYPE_STEEL:7 ; growth:official_stage_plus_profile_power:medium_slow,120,183,120,120,120,120,783,TYPE_STEEL,,resolved_profile_evidence,69,332,GROWTH_MEDIUM_SLOW,medium,profile-derived-v1
906,digimon,megaseadramon,メガシードラモン,https://digimon.net/reference/detail.php?directory_name=megaseadramon,完全体,水棲型,データ,196c1d6f22ee420c0b5fb8024f2d2cccb6d3a833f9477b806eef496f0d8ffeb9,218,power:強力:+3 ; attack:力:+2 ; special_attack:雷:+6 ; type:TYPE_ELECTRIC:雷:profile:+4 ; type:TYPE_ELECTRIC:サンダー:profile:+2 ; type:TYPE_ELECTRIC:サンダー:move:+4 ; type:TYPE_WATER:水棲:official_type:+5 ; type_choice:TYPE_ELECTRIC:10 ; growth:official_stage_plus_profile_power:medium_slow,105,114,105,105,132,105,666,TYPE_ELECTRIC,,resolved_profile_evidence,116,259,GROWTH_MEDIUM_SLOW,medium,profile-derived-v1
907,digimon,meicrackmon,メイクラックモン,https://digimon.net/reference/detail.php?directory_name=meicrackmon,完全体,獣人型,ワクチン,cff8b9fc6eda60111f642f8a54001b123af780de86aa23f50bc0f043ef2ebd34,285,attack:力:+2 ; speed:俊敏:+5 ; type:TYPE_FIGHTING:獣人:official_type:+3 ; type:TYPE_NORMAL:獣人:official_type:+2 ; type_candidate:TYPE_FIGHTING:3 ; type_placeholder:TYPE_NORMAL:low_evidence ; growth:official_stage_plus_profile_power:medium_slow,100,109,100,122,100,100,631,TYPE_NORMAL,,unresolved_low_type_evidence,130,238,GROWTH_MEDIUM_SLOW,medium,profile-derived-v1
908,digimon,mihiramon,ミヒラモン,https://digimon.net/reference/detail.php?directory_name=mihiramon,完全体,聖獣型,データ,a8fcc12841ea8992af81ad9a902ddf85044235a54b61485009f7785696a9476f,219,power:凄まじ:+3 ; power:神:+3 ; attack:力:+2 ; attack:爪:+3 ; attack:牙:+3 ; attack:叩:+2 ; special_attack:衝撃波:+3 ; special_defense:聖:+2 ; type:TYPE_GROUND:地面:profile:+2 ; type:TYPE_FLYING:翼:profile:+2 ; type:TYPE_FAIRY:聖:profile:+2 ; type:TYPE_FAIRY:聖:official_type:+3 ; type:TYPE_NORMAL:獣型:official_type:+4 ; type:TYPE_FAIRY:聖獣:official_type:+4 ; type:TYPE_NORMAL:聖獣:official_type:+2 ; type_choice:TYPE_FAIRY:9 ; type_choice:TYPE_NORMAL:6 ; growth:official_stage_plus_profile_power:medium_slow,111,156,111,111,124,120,733,TYPE_FAIRY,TYPE_NORMAL,resolved_profile_evidence,93,295,GROWTH_MEDIUM_SLOW,high,profile-derived-v1
909,digimon,mistymon,ミスティモン,https://digimon.net/reference/detail.php?directory_name=mistymon,完全体,魔法戦士型,ウィルス,1fa68e29071775b8e3a7e706209f2eaa6d1d225a4f0753e251e2dce0484fc30a,202,attack:力:+4 ; attack:剣:+9 ; attack:斬:+3 ; defense:防御:+5 ; special_attack:魔力:+5 ; special_attack:魔法:+10 ; special_attack:火:+2 ; special_defense:魔力:+2 ; type:TYPE_FIGHTING:戦士:profile:+2 ; type:TYPE_FIGHTING:剣術:profile:+2 ; type:TYPE_FIGHTING:戦士:official_type:+4 ; type_choice:TYPE_FIGHTING:8 ; growth:official_stage_plus_profile_power:medium_slow,100,172,122,100,176,109,779,TYPE_FIGHTING,,resolved_profile_evidence,90,300,GROWTH_MEDIUM_SLOW,high,profile-derived-v1
910,digimon,mammon,マンモン,https://digimon.net/reference/detail.php?directory_name=mammon,完全体,古代獣型,ワクチン,c2fe8ab000d08ad1d33c1947466f114cf07258f2f033228487488f45589d867d,289,power:強大:+4 ; power:弱い:-4 ; attack:パワー:+4 ; attack:力:+2 ; attack:牙:+3 ; speed:一瞬:+3 ; special_attack:氷:+6 ; special_attack:データ:+2 ; special_attack:熱:+2 ; type:TYPE_ICE:氷:profile:+4 ; type:TYPE_ICE:凍:profile:+4 ; type:TYPE_ICE:雪:profile:+2 ; type:TYPE_NORMAL:獣型:official_type:+4 ; type_choice:TYPE_ICE:10 ; growth:profile:slow,100,140,100,114,145,100,699,TYPE_ICE,,resolved_profile_evidence,112,266,GROWTH_SLOW,high,profile-derived-v1
911,digimon,marindevimon,マリンデビモン,https://digimon.net/reference/detail.php?directory_name=marindevimon,完全体,水棲獣人型,ウィルス,f3636ed1088d37d40794e5f3b3012fcc5ab0cbc953ae4afbaedcc83f01a44510,172,special_attack:毒:+3 ; type:TYPE_WATER:海:profile:+2 ; type:TYPE_WATER:深海:profile:+2 ; type:TYPE_POISON:毒:profile:+2 ; type:TYPE_POISON:猛毒:profile:+2 ; type:TYPE_NORMAL:生活:profile:+2 ; type:TYPE_WATER:水棲:official_type:+5 ; type:TYPE_FIGHTING:獣人:official_type:+3 ; type:TYPE_NORMAL:獣人:official_type:+2 ; type_choice:TYPE_WATER:9 ; growth:official_stage_plus_profile_power:medium_slow,100,100,100,100,114,100,614,TYPE_WATER,,resolved_profile_evidence,135,230,GROWTH_MEDIUM_SLOW,medium,profile-derived-v1
912,digimon,mametyramon,マメティラモン,https://digimon.net/reference/detail.php?directory_name=mametyramon,完全体,突然変異型,データ,c0a3ecfb5f984a97e91889957c68d4eaf1926f4fc550877c61b14c06434ec145,304,power:最強:+8 ; power:小型:-1 ; hp:巨大:+2 ; attack:力:+4 ; defense:装甲:+5 ; special_attack:データ:+2 ; type:TYPE_DRAGON:竜:profile:+2 ; type:TYPE_DRAGON:恐竜:profile:+2 ; type:TYPE_STEEL:装甲:profile:+2 ; type:TYPE_NORMAL:突然変異:official_type:+3 ; type_candidate:TYPE_DRAGON:4 ; type_placeholder:TYPE_NORMAL:low_evidence ; growth:official_stage_plus_profile_power:medium_slow,122,131,135,113,122,113,736,TYPE_NORMAL,,unresolved_low_type_evidence,94,288,GROWTH_MEDIUM_SLOW,medium,profile-derived-v1
913,digimon,mamemon,マメモン,https://digimon.net/reference/detail.php?directory_name=mamemon,完全体,突然変異型,データ,12ba4ebad503e33cc626450d123ab5e0ed5e9b19f4cc3279aae0a74770376dd0,132,power:最強:+8 ; power:強力:+3 ; hp:巨大:+2 ; attack:力:+4 ; attack:破壊:+4 ; type:TYPE_NORMAL:突然変異:official_type:+3 ; type_candidate:TYPE_NORMAL:3 ; type_placeholder:TYPE_NORMAL:low_evidence ; growth:official_stage_plus_profile_power:medium_slow,129,156,120,120,120,120,765,TYPE_NORMAL,,unresolved_low_type_evidence,77,315,GROWTH_MEDIUM_SLOW,medium,profile-derived-v1
914,digimon,mummymon,マミーモン,https://digimon.net/reference/detail.php?directory_name=mummymon,完全体,アンデッド型,ウィルス,d04a75a3fc5afe2144df065ff73717df13e6a1687a3fab1b63b138b4b8518e9f,240,attack:叩:+2 ; special_attack:データ:+2 ; special_defense:霊:+9 ; type:TYPE_GHOST:霊:profile:+6 ; type:TYPE_GHOST:アンデッド:profile:+2 ; type:TYPE_GHOST:死霊:profile:+4 ; type:TYPE_GHOST:アンデッド:official_type:+5 ; type:TYPE_DARK:アンデッド:official_type:+3 ; type_choice:TYPE_GHOST:17 ; growth:official_stage_plus_profile_power:medium_slow,100,109,100,100,109,140,658,TYPE_GHOST,,resolved_profile_evidence,121,253,GROWTH_MEDIUM_SLOW,medium,profile-derived-v1
915,digimon,machgaogamon,マッハガオガモン,https://digimon.net/reference/detail.php?directory_name=machgaogamon,完全体,サイボーグ型,データ,34a43e84b40f0fc450cd85a23fe4ab07ceef5bcd7858dce9f82fbda64580841b,162,power:莫大:+4 ; power:超高:+3 ; attack:力:+6 ; attack:拳:+3 ; speed:高速:+5 ; speed:超高速:+7 ; speed:瞬間:+3 ; special_attack:音波:+4 ; type:TYPE_FIGHTING:拳:profile:+2 ; type:TYPE_STEEL:サイボーグ:profile:+2 ; type:TYPE_STEEL:サイボーグ:official_type:+5 ; type_choice:TYPE_STEEL:7 ; growth:official_stage_plus_profile_power:medium_slow,113,153,113,180,131,113,803,TYPE_STEEL,,resolved_profile_evidence,72,326,GROWTH_MEDIUM_SLOW,high,profile-derived-v1
916,digimon,matadrmon,マタドゥルモン,https://digimon.net/reference/detail.php?directory_name=matadrmon,完全体,アンデッド型,ウィルス,ff71d5190c9b18b4d65ea0cb00a0e76dcb0b7d8fbcc7417e0acf241d26d51d2c,296,special_attack:データ:+2 ; type:TYPE_FIGHTING:武闘:profile:+2 ; type:TYPE_BUG:蝶:profile:+2 ; type:TYPE_BUG:蝶:move:+4 ; type:TYPE_GHOST:アンデッド:official_type:+5 ; type:TYPE_DARK:アンデッド:official_type:+3 ; type_choice:TYPE_BUG:6 ; type_choice:TYPE_GHOST:5 ; growth:official_stage_plus_profile_power:medium_slow,100,100,100,100,109,100,609,TYPE_BUG,TYPE_GHOST,resolved_profile_evidence,136,226,GROWTH_MEDIUM_SLOW,medium,profile-derived-v1
917,digimon,mastertyranomon,マスターティラノモン,https://digimon.net/reference/detail.php?directory_name=mastertyranomon,完全体,恐竜型,ワクチン,8af456d84fb88976622643b3a23b83b63b091c12af6dd08b87d9e092dca80b13,128,special_attack:炎:+3 ; special_attack:熱:+2 ; type:TYPE_FIRE:炎:profile:+2 ; type:TYPE_FIGHTING:戦士:profile:+2 ; type:TYPE_DRAGON:竜:profile:+2 ; type:TYPE_DRAGON:恐竜:profile:+2 ; type:TYPE_DRAGON:竜:official_type:+5 ; type:TYPE_DRAGON:恐竜:official_type:+3 ; type_choice:TYPE_DRAGON:12 ; growth:official_stage_plus_profile_power:medium_slow,100,100,100,100,122,100,622,TYPE_DRAGON,,resolved_profile_evidence,131,236,GROWTH_MEDIUM_SLOW,medium,profile-derived-v1
918,digimon,majiramon,マジラモン,https://digimon.net/reference/detail.php?directory_name=majiramon,完全体,聖竜型,データ,33879bbcb19c6a33af5dc726fe0d0375be4125bb2ccffd4cdc3ea2d08f3d5452,268,power:神:+3 ; attack:力:+2 ; attack:破壊:+4 ; speed:一瞬:+3 ; special_attack:光:+3 ; special_defense:聖:+2 ; type:TYPE_DRAGON:竜:profile:+2 ; type:TYPE_FAIRY:聖:profile:+2 ; type:TYPE_DRAGON:竜:official_type:+5 ; type:TYPE_FAIRY:聖:official_type:+3 ; type_choice:TYPE_DRAGON:7 ; type_choice:TYPE_FAIRY:5 ; growth:official_stage_plus_profile_power:medium_slow,105,132,105,119,119,114,694,TYPE_DRAGON,TYPE_FAIRY,resolved_profile_evidence,110,266,GROWTH_MEDIUM_SLOW,high,profile-derived-v1
919,digimon,makuramon,マクラモン,https://digimon.net/reference/detail.php?directory_name=makuramon,完全体,聖獣型,データ,ba3727c59b8fa8c506f0d08ed73aa00b135ee7fff3baf1e05c6305999e77728e,266,power:神:+3 ; special_defense:聖:+2 ; type:TYPE_GRASS:葉:profile:+2 ; type:TYPE_FAIRY:聖:profile:+2 ; type:TYPE_FAIRY:聖:official_type:+3 ; type:TYPE_NORMAL:獣型:official_type:+4 ; type:TYPE_FAIRY:聖獣:official_type:+4 ; type:TYPE_NORMAL:聖獣:official_type:+2 ; type_choice:TYPE_FAIRY:9 ; type_choice:TYPE_NORMAL:6 ; growth:official_stage_plus_profile_power:medium_slow,105,105,105,105,105,114,639,TYPE_FAIRY,TYPE_NORMAL,resolved_profile_evidence,124,244,GROWTH_MEDIUM_SLOW,medium,profile-derived-v1
920,digimon,mermaimon,マーメイモン,https://digimon.net/reference/detail.php?directory_name=mermaimon,完全体,水棲獣人型,データ,075f9b7fae1edab5960bb982e143c53e651b576c1dc738633dc35d79afeafe9f,299,power:莫大:+4 ; attack:力:+4 ; attack:粉砕:+5 ; speed:一瞬:+3 ; special_attack:データ:+6 ; type:TYPE_WATER:海:profile:+4 ; type:TYPE_WATER:水棲:official_type:+5 ; type:TYPE_FIGHTING:獣人:official_type:+3 ; type:TYPE_NORMAL:獣人:official_type:+2 ; type_choice:TYPE_WATER:9 ; growth:official_stage_plus_profile_power:medium_slow,107,148,107,121,134,107,724,TYPE_WATER,,resolved_profile_evidence,99,284,GROWTH_MEDIUM_SLOW,medium,profile-derived-v1
921,digimon,volcamon,ボルケーモン,https://digimon.net/reference/detail.php?directory_name=volcamon,完全体,サイボーグ型,データ,55d640cfd36edf335f92c571a25efce5ad6e76b6e9300218a8b3c712836bf6ef,198,special_attack:火:+2 ; special_attack:爆発:+3 ; type:TYPE_GROUND:大地:profile:+2 ; type:TYPE_STEEL:サイボーグ:profile:+2 ; type:TYPE_STEEL:サイボーグ:official_type:+5 ; type_choice:TYPE_STEEL:7 ; growth:official_stage_plus_profile_power:medium_slow,100,100,100,100,122,100,622,TYPE_STEEL,,resolved_profile_evidence,131,236,GROWTH_MEDIUM_SLOW,medium,profile-derived-v1
922,digimon,holyangemon,ホーリーエンジェモン,https://digimon.net/reference/detail.php?directory_name=holyangemon,完全体,大天使型,ワクチン,a5a34e2740929ffe90cdf0be12f359bd46cc69ea3e47867093ab37bdb7037de3,312,power:神:+6 ; attack:剣:+3 ; special_attack:ビーム:+4 ; special_attack:光:+3 ; special_attack:闇:+3 ; special_defense:聖:+2 ; type:TYPE_FLYING:翼:profile:+2 ; type:TYPE_DARK:闇:profile:+2 ; type:TYPE_FAIRY:天使:profile:+4 ; type:TYPE_FAIRY:聖:profile:+2 ; type:TYPE_FAIRY:天使:official_type:+5 ; type:TYPE_FLYING:天使:official_type:+2 ; type_choice:TYPE_FAIRY:11 ; growth:official_stage_plus_profile_power:medium_slow,111,124,111,111,156,120,733,TYPE_FAIRY,,resolved_profile_evidence,93,295,GROWTH_MEDIUM_SLOW,high,profile-derived-v1
923,digimon,whamon,ホエーモン,https://digimon.net/reference/detail.php?directory_name=whamon,完全体,水棲哺乳類型,ワクチン,f28b48a23b11b38d94feac7a218d2ebfa1ac6613eaaf232e3d3a1f102aa17265,199,hp:生命力:+5 ; hp:巨体:+3 ; hp:巨大:+6 ; hp:生命:+2 ; attack:力:+4 ; attack:破壊:+4 ; special_attack:データ:+2 ; type:TYPE_WATER:海:profile:+4 ; type:TYPE_WATER:深海:profile:+2 ; type:TYPE_WATER:ウェーブ:profile:+2 ; type:TYPE_WATER:ウェーブ:move:+4 ; type:TYPE_WATER:水棲:official_type:+5 ; type_choice:TYPE_WATER:17 ; growth:official_stage_plus_profile_power:medium_slow,172,136,100,100,109,100,717,TYPE_WATER,,resolved_profile_evidence,103,283,GROWTH_MEDIUM_SLOW,high,profile-derived-v1
924,digimon,betsumon,ベツモン,https://digimon.net/reference/detail.php?directory_name=betsumon,完全体,パペット型,データ,fecfedd5d034221fc4f8eeee3cb4ea36c7c657913d0558e847d6fb7bb26cdb72,189,power:神:+3 ; attack:力:+6 ; attack:パンチ:+6 ; special_defense:精神:+4 ; type:TYPE_ICE:凍:profile:+2 ; type:TYPE_FIGHTING:パンチ:profile:+2 ; type:TYPE_FIGHTING:パンチ:move:+4 ; type:TYPE_PSYCHIC:精神:profile:+2 ; type:TYPE_NORMAL:パペット:official_type:+2 ; type:TYPE_GHOST:パペット:official_type:+2 ; type_choice:TYPE_FIGHTING:6 ; growth:official_stage_plus_profile_power:medium_slow,105,159,105,105,105,123,702,TYPE_FIGHTING,,resolved_profile_evidence,103,280,GROWTH_MEDIUM_SLOW,high,profile-derived-v1
925,digimon,vademon2,ベーダモン（X抗体）,https://digimon.net/reference/detail.php?directory_name=vademon2,完全体,宇宙人型,ウィルス,61de2395674a2554eb0492bdacc8d04b31f96c246c6925f4b5c828019165b318,371,hp:巨大:+2 ; attack:力:+2 ; attack:キック:+3 ; special_attack:光:+6 ; type:TYPE_GRASS:植物:profile:+2 ; type:TYPE_FIGHTING:キック:profile:+2 ; type:TYPE_DARK:悪魔:profile:+2 ; type:TYPE_DARK:悪魔:move:+4 ; type:TYPE_FAIRY:天使:profile:+2 ; type_choice:TYPE_DARK:6 ; growth:official_stage_plus_profile_power:medium_slow,109,122,100,100,127,100,658,TYPE_DARK,,resolved_profile_evidence,123,247,GROWTH_MEDIUM_SLOW,medium,profile-derived-v1
926,digimon,vademon,ベーダモン,https://digimon.net/reference/detail.php?directory_name=vademon,完全体,宇宙人型,ウィルス,8d463c5d5231028ce4aed241d95c3e928bd10a7a2bc6897472c4fc614b5303cd,161,hp:巨大:+2 ; attack:力:+2 ; special_attack:光:+6 ; type:TYPE_GRASS:植物:profile:+2 ; type:TYPE_DARK:悪魔:profile:+2 ; type:TYPE_DARK:悪魔:move:+4 ; type_choice:TYPE_DARK:6 ; growth:official_stage_plus_profile_power:medium_slow,109,109,100,100,127,100,645,TYPE_DARK,,resolved_profile_evidence,126,244,GROWTH_MEDIUM_SLOW,medium,profile-derived-v1
927,digimon,blossomon,ブロッサモン,https://digimon.net/reference/detail.php?directory_name=blossomon,完全体,植物型,データ,8d2f7c80d0813add416f2b292da9ef8c66b49538f4399da5d2d3d51ef23b2e6a,240,power:小型:-1 ; hp:巨大:+2 ; attack:剣:+3 ; defense:硬い:+4 ; type:TYPE_GRASS:植物:profile:+4 ; type:TYPE_GRASS:花:profile:+6 ; type:TYPE_GRASS:植物:official_type:+5 ; type_choice:TYPE_GRASS:15 ; growth:official_stage_plus_profile_power:medium_slow,107,112,116,98,98,98,629,TYPE_GRASS,,resolved_profile_evidence,131,235,GROWTH_MEDIUM_SLOW,medium,profile-derived-v1
928,digimon,flaremon,フレアモン,https://digimon.net/reference/detail.php?directory_name=flaremon,完全体,獣人型,ワクチン,e54f56e78d51a6a1d0113e3532810211490e0a36a992bdbafe040b28cb2be0cd,236,power:王:+2 ; attack:力:+2 ; attack:格闘:+4 ; attack:拳:+6 ; attack:叩:+2 ; speed:高速:+5 ; special_attack:エネルギー:+3 ; special_attack:衝撃波:+3 ; special_attack:炎:+9 ; special_attack:火:+4 ; special_attack:データ:+2 ; special_defense:浄化:+4 ; type:TYPE_FIRE:炎:profile:+6 ; type:TYPE_FIRE:火炎:profile:+4 ; type:TYPE_FIGHTING:格闘:profile:+2 ; type:TYPE_FIGHTING:拳:profile:+4 ; type:TYPE_FIGHTING:獣人:official_type:+3 ; type:TYPE_NORMAL:獣人:official_type:+2 ; type_choice:TYPE_FIRE:10 ; type_choice:TYPE_FIGHTING:9 ; growth:official_stage_plus_profile_power:medium_slow,104,167,104,126,198,122,821,TYPE_FIRE,TYPE_FIGHTING,resolved_profile_evidence,74,326,GROWTH_MEDIUM_SLOW,high,profile-derived-v1
929,digimon,bluemeramon,ブルーメラモン,https://digimon.net/reference/detail.php?directory_name=bluemeramon,完全体,火炎型,ウィルス,194cea1586f4a4936f77d37e394cf70432a7a29c1e1e081cd3c0fc35a9f0a5c4,65,special_attack:炎:+6 ; special_attack:火:+4 ; special_attack:冷気:+3 ; special_attack:熱:+2 ; type:TYPE_FIRE:炎:profile:+4 ; type:TYPE_FIRE:火炎:profile:+2 ; type:TYPE_FIRE:フレイム:move:+4 ; type:TYPE_ICE:冷気:profile:+2 ; type:TYPE_FIRE:火炎:official_type:+6 ; type_choice:TYPE_FIRE:16 ; growth:profile:slow,100,100,100,100,168,100,668,TYPE_FIRE,,resolved_profile_evidence,113,268,GROWTH_SLOW,medium,profile-derived-v1
930,digimon,blackmegalogrowmon,ブラックメガログラウモン,https://digimon.net/reference/detail.php?directory_name=blackmegalogrowmon,完全体,サイボーグ型,ウィルス,a4ba701a0aadd086d465db912755be10eda9bbd9af733e371f605bc5de207d53,238,attack:破壊:+8 ; speed:飛行:+2 ; type:TYPE_FLYING:飛行:profile:+2 ; type:TYPE_DRAGON:竜:profile:+2 ; type:TYPE_STEEL:サイボーグ:profile:+2 ; type:TYPE_STEEL:金属:profile:+2 ; type:TYPE_STEEL:サイボーグ:official_type:+5 ; type_choice:TYPE_STEEL:9 ; growth:official_stage_plus_profile_power:medium_slow,100,136,100,109,100,100,645,TYPE_STEEL,,resolved_profile_evidence,124,248,GROWTH_MEDIUM_SLOW,medium,profile-derived-v1
931,digimon,phelesmon,フェレスモン,https://digimon.net/reference/detail.php?directory_name=phelesmon,完全体,堕天使型,ウィルス,8b74d1fda715803197e1f26c8c571916d2edf46d3d522d615e503c19c378fa47,148,special_attack:呪:+4 ; type:TYPE_ROCK:石:profile:+2 ; type:TYPE_GHOST:魂:profile:+2 ; type:TYPE_DARK:デーモン:profile:+2 ; type:TYPE_DARK:デーモン:move:+4 ; type:TYPE_FAIRY:天使:profile:+2 ; type:TYPE_FAIRY:天使:official_type:+5 ; type:TYPE_FLYING:天使:official_type:+2 ; type_choice:TYPE_FAIRY:7 ; type_choice:TYPE_DARK:6 ; growth:official_stage_plus_profile_power:medium_slow,100,100,100,100,118,100,618,TYPE_FAIRY,TYPE_DARK,resolved_profile_evidence,133,233,GROWTH_MEDIUM_SLOW,medium,profile-derived-v1
932,digimon,fantomon,ファントモン,https://digimon.net/reference/detail.php?directory_name=fantomon,完全体,ゴースト型,ウィルス,8680a9c6363de18e31dcd11ff04cceb3406736fd2f0fd739f3b5f451621fccdf,221,power:神:+3 ; hp:巨大:+4 ; attack:力:+2 ; type:TYPE_GHOST:魂:profile:+4 ; type_candidate:TYPE_GHOST:4 ; type_placeholder:TYPE_NORMAL:low_evidence ; growth:official_stage_plus_profile_power:medium_slow,123,114,105,105,105,105,657,TYPE_NORMAL,,unresolved_low_type_evidence,119,253,GROWTH_MEDIUM_SLOW,medium,profile-derived-v1
933,digimon,hippogriffomon,ヒポグリフォモン,https://digimon.net/reference/detail.php?directory_name=hippogriffomon,完全体,幻獣型,データ,6f190ac397208551fb1d9308bbaeb798bba4dc5a693e11a61faf2663be8fe378,111,power:超高:+3 ; special_attack:熱:+2 ; type:TYPE_WATER:ウェーブ:profile:+2 ; type:TYPE_WATER:ウェーブ:move:+4 ; type:TYPE_NORMAL:獣型:official_type:+4 ; type_choice:TYPE_WATER:6 ; growth:official_stage_plus_profile_power:medium_slow,105,105,105,105,114,105,639,TYPE_WATER,,resolved_profile_evidence,124,244,GROWTH_MEDIUM_SLOW,medium,profile-derived-v1
934,digimon,picklemon,ピッコロモン,https://digimon.net/reference/detail.php?directory_name=picklemon,完全体,妖精型,データ,f06cd2e18e9c5460f163a76c9194b47abf135075fe0290a32a6343b01afec49c,239,power:強力:+6 ; power:超強:+4 ; attack:力:+6 ; attack:槍:+3 ; attack:粉砕:+5 ; speed:走:+2 ; special_attack:魔法:+10 ; type:TYPE_FAIRY:妖精:profile:+2 ; type:TYPE_FAIRY:フェアリー:profile:+2 ; type:TYPE_FAIRY:妖精:official_type:+5 ; type_choice:TYPE_FAIRY:9 ; growth:profile:erratic,118,181,118,127,163,118,825,TYPE_FAIRY,,resolved_profile_evidence,63,340,GROWTH_ERRATIC,high,profile-derived-v1
935,digimon,bigmamemon,ビッグマメモン,https://digimon.net/reference/detail.php?directory_name=bigmamemon,完全体,突然変異型,データ,0abf95d3b3fa45863123e54a97bbd073b7d7f23e41199d41e59d4ff1bba46fe4,282,attack:パワー:+4 ; type:TYPE_NORMAL:突然変異:official_type:+3 ; type_candidate:TYPE_NORMAL:3 ; type_placeholder:TYPE_NORMAL:low_evidence ; growth:official_stage_plus_profile_power:medium_slow,100,118,100,100,100,100,618,TYPE_NORMAL,,unresolved_low_type_evidence,133,233,GROWTH_MEDIUM_SLOW,low,profile-derived-v1
936,digimon,bishopchessmon,ビショップチェスモン,https://digimon.net/reference/detail.php?directory_name=bishopchessmon,完全体,パペット型,ウィルス,0107aff0f2ee0d6211080e46ce9bf921a637904d82112b1ad147cfc3ffa2b5ca,147,attack:力:+2 ; special_attack:レーザー:+8 ; special_attack:魔法:+5 ; special_attack:光:+3 ; type:TYPE_NORMAL:パペット:official_type:+2 ; type:TYPE_GHOST:パペット:official_type:+2 ; type_candidate:TYPE_GHOST:2 ; type_placeholder:TYPE_NORMAL:low_evidence ; growth:official_stage_plus_profile_power:medium_slow,100,109,100,100,172,100,681,TYPE_NORMAL,,unresolved_low_type_evidence,110,273,GROWTH_MEDIUM_SLOW,medium,profile-derived-v1
937,digimon,hisyaryumon,ヒシャリュウモン,https://digimon.net/reference/detail.php?directory_name=hisyaryumon,完全体,獣竜型,ワクチン,75253d7baa3a29c4d2a52825c79d1fe5916e86fc16eed0557c1172d1e0a8a942,382,power:神:+9 ; hp:巨大:+2 ; attack:力:+2 ; attack:刀:+6 ; defense:鎧:+4 ; special_attack:データ:+2 ; special_defense:霊:+3 ; type:TYPE_FLYING:大空:profile:+2 ; type:TYPE_GHOST:霊:profile:+2 ; type:TYPE_GHOST:魂:profile:+6 ; type:TYPE_DRAGON:竜:profile:+6 ; type:TYPE_DRAGON:龍:profile:+2 ; type:TYPE_DRAGON:龍:move:+4 ; type:TYPE_STEEL:鋼:profile:+2 ; type:TYPE_STEEL:鉄:profile:+2 ; type:TYPE_DRAGON:竜:official_type:+5 ; type_choice:TYPE_DRAGON:17 ; growth:official_stage_plus_profile_power:medium_slow,125,152,134,116,125,130,782,TYPE_DRAGON,,resolved_profile_evidence,79,313,GROWTH_MEDIUM_SLOW,high,profile-derived-v1
938,digimon,pumpmon,パンプモン,https://digimon.net/reference/detail.php?directory_name=pumpmon,完全体,パペット型,データ,00fac2c184b0d6ee71c68e73a7933be6fdbb0d94ebab1ddf7ceb400fe5a9f0bd,234,power:強力:+3 ; hp:巨大:+2 ; attack:力:+4 ; type:TYPE_FLYING:空中:profile:+2 ; type:TYPE_NORMAL:パペット:official_type:+2 ; type:TYPE_GHOST:パペット:official_type:+2 ; type_candidate:TYPE_FLYING:2 ; type_placeholder:TYPE_NORMAL:low_evidence ; growth:official_stage_plus_profile_power:medium_slow,114,123,105,105,105,105,657,TYPE_NORMAL,,unresolved_low_type_evidence,119,253,GROWTH_MEDIUM_SLOW,medium,profile-derived-v1
939,digimon,pandamon,パンダモン,https://digimon.net/reference/detail.php?directory_name=pandamon,完全体,パペット型,データ,fdac80753bcba1c692dc804227cac9cf7a54a9ce5631101d49c075be66d24874,240,attack:力:+2 ; attack:爪:+3 ; type:TYPE_NORMAL:パペット:official_type:+2 ; type:TYPE_GHOST:パペット:official_type:+2 ; type_candidate:TYPE_GHOST:2 ; type_placeholder:TYPE_NORMAL:low_evidence ; growth:official_stage_plus_profile_power:medium_slow,100,122,100,100,100,100,622,TYPE_NORMAL,,unresolved_low_type_evidence,131,236,GROWTH_MEDIUM_SLOW,medium,profile-derived-v1
940,digimon,panjyamon,パンジャモン,https://digimon.net/reference/detail.php?directory_name=panjyamon,完全体,獣人型,ワクチン,3be942149d92b8175e70918fddfa412f71a51ffb8639533a4259bcb89f7ff96f,141,attack:力:+2 ; attack:拳:+9 ; special_attack:氷:+9 ; special_attack:冷気:+6 ; type:TYPE_ICE:氷:profile:+4 ; type:TYPE_ICE:氷:move:+4 ; type:TYPE_ICE:冷気:profile:+4 ; type:TYPE_ICE:雪:profile:+2 ; type:TYPE_FIGHTING:拳:profile:+4 ; type:TYPE_FIGHTING:拳:move:+4 ; type:TYPE_FIGHTING:獣人:official_type:+3 ; type:TYPE_NORMAL:獣人:official_type:+2 ; type_choice:TYPE_ICE:14 ; type_choice:TYPE_FIGHTING:11 ; growth:official_stage_plus_profile_power:medium_slow,100,150,100,100,168,100,718,TYPE_ICE,TYPE_FIGHTING,resolved_profile_evidence,104,281,GROWTH_MEDIUM_SLOW,high,profile-derived-v1
941,digimon,hangyomon,ハンギョモン,https://digimon.net/reference/detail.php?directory_name=hangyomon,完全体,水棲獣人型,データ,04d48250d34fc8ced49ec57a1765d25245d65a8b5185e91e3816450485ec847a,130,speed:高速:+5 ; speed:スピード:+4 ; type:TYPE_WATER:海:profile:+2 ; type:TYPE_WATER:水中:profile:+2 ; type:TYPE_WATER:水棲:profile:+2 ; type:TYPE_WATER:水棲:official_type:+5 ; type:TYPE_FIGHTING:獣人:official_type:+3 ; type:TYPE_NORMAL:獣人:official_type:+2 ; type_choice:TYPE_WATER:11 ; growth:official_stage_plus_profile_power:medium_slow,100,100,100,140,100,100,640,TYPE_WATER,,resolved_profile_evidence,124,248,GROWTH_MEDIUM_SLOW,medium,profile-derived-v1
942,digimon,parrotmon,パロットモン,https://digimon.net/reference/detail.php?directory_name=parrotmon,完全体,巨鳥型,ワクチン,0f11f0e1578edf916fcc263b4e2e051b31ef3a06563b4c54fd07cd1942d7f90e,184,power:強力:+3 ; attack:パワー:+4 ; attack:力:+2 ; attack:爪:+3 ; special_attack:衝撃波:+3 ; special_attack:雷:+3 ; special_attack:電撃:+4 ; type:TYPE_ELECTRIC:雷:profile:+2 ; type:TYPE_ELECTRIC:電撃:profile:+2 ; type:TYPE_ELECTRIC:サンダー:profile:+2 ; type:TYPE_ELECTRIC:サンダー:move:+4 ; type:TYPE_FLYING:鳥:profile:+4 ; type:TYPE_FLYING:羽:profile:+2 ; type:TYPE_FLYING:鳥:official_type:+5 ; type_choice:TYPE_FLYING:11 ; type_choice:TYPE_ELECTRIC:10 ; growth:official_stage_plus_profile_power:medium_slow,105,146,105,105,150,105,716,TYPE_FLYING,TYPE_ELECTRIC,resolved_profile_evidence,102,280,GROWTH_MEDIUM_SLOW,high,profile-derived-v1
943,digimon,valvemon,バルブモン,https://digimon.net/reference/detail.php?directory_name=valvemon,完全体,マシーン型,データ,3e3549ef78ebebb723edc692c7d2e28806ea7f97474a34c0ca4f67b32dc493b9,122,attack:パワー:+4 ; type:TYPE_STEEL:マシーン:profile:+2 ; type:TYPE_STEEL:マシーン:official_type:+5 ; type_choice:TYPE_STEEL:7 ; growth:official_stage_plus_profile_power:medium_slow,100,118,100,100,100,100,618,TYPE_STEEL,,resolved_profile_evidence,133,233,GROWTH_MEDIUM_SLOW,low,profile-derived-v1
944,digimon,bastemon,バステモン,https://digimon.net/reference/detail.php?directory_name=bastemon,完全体,獣人型,ウィルス,effc752f45c20a4b2071fa6251b2e9e8724a8c08e260615818f35c69817a1422,252,power:神:+3 ; attack:力:+4 ; attack:爪:+3 ; speed:敏捷:+5 ; special_attack:光:+3 ; type:TYPE_ROCK:岩:profile:+2 ; type:TYPE_ROCK:石:profile:+2 ; type:TYPE_ROCK:宝石:profile:+2 ; type:TYPE_FIGHTING:獣人:official_type:+3 ; type:TYPE_NORMAL:獣人:official_type:+2 ; type_choice:TYPE_ROCK:6 ; growth:official_stage_plus_profile_power:medium_slow,105,137,105,128,119,105,699,TYPE_ROCK,,resolved_profile_evidence,108,270,GROWTH_MEDIUM_SLOW,high,profile-derived-v1
945,digimon,pajiramon,パジラモン,https://digimon.net/reference/detail.php?directory_name=pajiramon,完全体,聖獣型,ウィルス,6563f9a41960e06aea92a6790f311b69ea6551643795e04fe383638643a50bf7,280,power:神:+3 ; attack:力:+6 ; special_attack:念:+4 ; special_attack:光:+3 ; special_attack:闇:+3 ; special_defense:聖:+2 ; type:TYPE_PSYCHIC:念:profile:+2 ; type:TYPE_DARK:闇:profile:+2 ; type:TYPE_FAIRY:聖:profile:+2 ; type:TYPE_FAIRY:聖:official_type:+3 ; type:TYPE_NORMAL:獣型:official_type:+4 ; type:TYPE_FAIRY:聖獣:official_type:+4 ; type:TYPE_NORMAL:聖獣:official_type:+2 ; type_choice:TYPE_FAIRY:9 ; type_choice:TYPE_NORMAL:6 ; growth:official_stage_plus_profile_power:medium_slow,105,132,105,105,150,114,711,TYPE_FAIRY,TYPE_NORMAL,resolved_profile_evidence,103,279,GROWTH_MEDIUM_SLOW,high,profile-derived-v1
946,digimon,paildramon,パイルドラモン,https://digimon.net/reference/detail.php?directory_name=paildramon,完全体,竜人型,フリー,051ffc40c2160019f125a8bbda92673fb10b60949963c60ad6f606faa81fb306,223,attack:パワー:+8 ; attack:力:+2 ; defense:防御:+5 ; defense:甲殻:+4 ; defense:鉄壁:+6 ; speed:俊敏:+5 ; special_attack:エネルギー:+3 ; type:TYPE_BUG:昆虫:profile:+2 ; type:TYPE_DRAGON:竜:profile:+6 ; type:TYPE_STEEL:鉄:profile:+2 ; type:TYPE_DRAGON:竜:official_type:+5 ; type_choice:TYPE_DRAGON:11 ; growth:official_stage_plus_profile_power:medium_slow,100,145,168,122,114,100,749,TYPE_DRAGON,,resolved_profile_evidence,98,289,GROWTH_MEDIUM_SLOW,high,profile-derived-v1
947,digimon,neodevimon,ネオデビモン,https://digimon.net/reference/detail.php?directory_name=neodevimon,完全体,堕天使型,ウィルス,24cd15d17896eb874c84ce3388c88438fa98d54b9f5dcdb3861475829188e4db,139,attack:パワー:+4 ; type:TYPE_FAIRY:天使:official_type:+5 ; type:TYPE_FLYING:天使:official_type:+2 ; type_choice:TYPE_FAIRY:5 ; growth:official_stage_plus_profile_power:medium_slow,100,118,100,100,100,100,618,TYPE_FAIRY,,resolved_profile_evidence,133,233,GROWTH_MEDIUM_SLOW,low,profile-derived-v1
948,digimon,nanomon,ナノモン,https://digimon.net/reference/detail.php?directory_name=nanomon,完全体,マシーン型,ウィルス,5087dce65bdae0afe31361fd4c109044c01553aa4476f73165efaaadb2059bae,232,power:強力:+3 ; power:小型:-1 ; attack:力:+2 ; attack:破壊:+12 ; speed:走:+2 ; special_attack:データ:+6 ; type:TYPE_STEEL:マシーン:profile:+2 ; type:TYPE_STEEL:マシーン:official_type:+5 ; type_choice:TYPE_STEEL:7 ; growth:profile:erratic,104,167,104,113,131,104,723,TYPE_STEEL,,resolved_profile_evidence,99,287,GROWTH_ERRATIC,medium,profile-derived-v1
949,digimon,knightmon,ナイトモン,https://digimon.net/reference/detail.php?directory_name=knightmon,完全体,戦士型,データ,df0894adcfabe1d45d8d78b565ac7a37c4ab5c82a986f87b6f8eb4a57952b44d,247,power:強力:+3 ; hp:巨体:+3 ; attack:パワー:+8 ; attack:力:+2 ; attack:剣:+6 ; attack:刀:+3 ; speed:走:+2 ; special_attack:念:+4 ; type:TYPE_FIGHTING:戦士:profile:+4 ; type:TYPE_PSYCHIC:念:profile:+2 ; type:TYPE_FIGHTING:戦士:official_type:+4 ; type_choice:TYPE_FIGHTING:8 ; growth:profile:erratic,119,191,105,114,123,105,757,TYPE_FIGHTING,,resolved_profile_evidence,86,309,GROWTH_ERRATIC,high,profile-derived-v1
950,digimon,doruguremon,ドルグレモン,https://digimon.net/reference/detail.php?directory_name=doruguremon,完全体,獣竜型,データ,ce7eb78cea2ac30d9be991ed2ca202f243a85cf713921f2db9cd49b54abb48bf,263,power:圧倒:+5 ; power:超高:+3 ; hp:生命力:+5 ; hp:巨体:+6 ; hp:生命:+2 ; attack:力:+2 ; attack:粉砕:+5 ; special_attack:データ:+2 ; type:TYPE_FLYING:翼:profile:+2 ; type:TYPE_DRAGON:竜:profile:+2 ; type:TYPE_DRAGON:ドラゴン:profile:+2 ; type:TYPE_STEEL:鉄:profile:+2 ; type:TYPE_DRAGON:竜:official_type:+5 ; type_choice:TYPE_DRAGON:9 ; growth:official_stage_plus_profile_power:medium_slow,173,146,114,114,123,114,784,TYPE_DRAGON,,resolved_profile_evidence,76,320,GROWTH_MEDIUM_SLOW,high,profile-derived-v1
951,digimon,triceramon,トリケラモン,https://digimon.net/reference/detail.php?directory_name=triceramon,完全体,角竜型,データ,bf7567996208ae93519b7177f0f25ac0909ec6cf1fbdd84e645f7223e1e14658,214,hp:頑丈:+3 ; attack:力:+4 ; attack:突進:+6 ; attack:破壊:+4 ; defense:硬い:+4 ; defense:硬質:+8 ; defense:頑丈:+4 ; type:TYPE_GRASS:草:profile:+2 ; type:TYPE_ROCK:鉱物:profile:+2 ; type:TYPE_DRAGON:竜:profile:+4 ; type:TYPE_DRAGON:恐竜:profile:+2 ; type:TYPE_DRAGON:竜:official_type:+5 ; type_choice:TYPE_DRAGON:11 ; growth:official_stage_plus_profile_power:medium_slow,114,163,172,100,100,100,749,TYPE_DRAGON,,resolved_profile_evidence,97,291,GROWTH_MEDIUM_SLOW,high,profile-derived-v1
952,digimon,tonosamagekomon,トノサマゲコモン,https://digimon.net/reference/detail.php?directory_name=tonosamagekomon,完全体,両生類型,ウィルス,286cce80383f5c6bfc08d27f5106a8a462c48f98d2b16ee7da1de0aa5878317c,183,attack:破壊:+4 ; special_attack:データ:+2 ; type_placeholder:TYPE_NORMAL:no_specialized_affinity_evidence ; growth:official_stage_plus_profile_power:medium_slow,100,118,100,100,109,100,627,TYPE_NORMAL,,unresolved_no_specialized_type_evidence,131,235,GROWTH_MEDIUM_SLOW,low,profile-derived-v1
953,digimon,doumon,ドウモン,https://digimon.net/reference/detail.php?directory_name=doumon,完全体,魔人型,データ,ddc87d707eceb1d982e427d84e16684168dd83b212665a7371273a711a1fb2e3,236,power:神:+3 ; hp:巨大:+2 ; attack:力:+2 ; special_attack:呪:+12 ; special_attack:闇:+6 ; special_attack:爆発:+3 ; special_defense:結界:+5 ; special_defense:霊:+9 ; type:TYPE_FLYING:空中:profile:+2 ; type:TYPE_GHOST:霊:profile:+6 ; type:TYPE_DARK:闇:profile:+4 ; type_choice:TYPE_GHOST:6 ; growth:official_stage_plus_profile_power:medium_slow,114,114,105,105,200,168,806,TYPE_GHOST,,resolved_profile_evidence,75,326,GROWTH_MEDIUM_SLOW,high,profile-derived-v1
954,digimon,delumon,デラモン,https://digimon.net/reference/detail.php?directory_name=delumon,完全体,鳥型,データ,c880680f943f4060a9582999a8405eee003224e970099fe7f8a66a24bb3c228e,228,power:王:+2 ; attack:力:+4 ; type:TYPE_GRASS:植物:profile:+4 ; type:TYPE_FLYING:鳥:profile:+2 ; type:TYPE_FLYING:鳥:official_type:+5 ; type_choice:TYPE_FLYING:7 ; growth:official_stage_plus_profile_power:medium_slow,104,122,104,104,104,104,642,TYPE_FLYING,,resolved_profile_evidence,124,246,GROWTH_MEDIUM_SLOW,medium,profile-derived-v1
955,digimon,duramon,デュラモン,https://digimon.net/reference/detail.php?directory_name=duramon,完全体,武器型,ワクチン,0b7727ecbaddcb0fad86d27394c927493254d4a573623fe5271d9e819a8bafb4,209,attack:力:+2 ; attack:剣:+9 ; attack:斬:+3 ; speed:走:+2 ; special_attack:ビーム:+4 ; type_placeholder:TYPE_NORMAL:no_specialized_affinity_evidence ; growth:official_stage_plus_profile_power:medium_slow,100,163,100,109,118,100,690,TYPE_NORMAL,,unresolved_no_specialized_type_evidence,110,272,GROWTH_MEDIUM_SLOW,medium,profile-derived-v1
956,digimon,deathmeramon,デスメラモン,https://digimon.net/reference/detail.php?directory_name=deathmeramon,完全体,火炎型,データ,8f7e8af0c6dd554b3e1e83a1d9d0b54fe024661a5ef5bd57734d397113450682,186,power:弱い:-4 ; attack:パワー:+4 ; attack:力:+6 ; attack:破壊:+4 ; defense:防御:+5 ; special_attack:炎:+9 ; special_attack:火:+4 ; special_attack:氷:+3 ; special_attack:熱:+4 ; type:TYPE_FIRE:炎:profile:+6 ; type:TYPE_FIRE:火炎:profile:+2 ; type:TYPE_ICE:氷:profile:+2 ; type:TYPE_ICE:雪:profile:+2 ; type:TYPE_ROCK:石:profile:+2 ; type:TYPE_STEEL:金属:profile:+2 ; type:TYPE_FIRE:火炎:official_type:+6 ; type_choice:TYPE_FIRE:14 ; growth:official_stage_plus_profile_power:medium_slow,93,156,115,93,183,93,733,TYPE_FIRE,,resolved_profile_evidence,98,292,GROWTH_MEDIUM_SLOW,high,profile-derived-v1
957,digimon,digitamamon,デジタマモン,https://digimon.net/reference/detail.php?directory_name=digitamamon,完全体,パーフェクト型,データ,6caa40e0dc5f468124f02336bcd2a7311cfbc39723cc0b83a06eded5b98488ca,232,power:究極:+5 ; power:神:+3 ; hp:生命:+2 ; attack:破壊:+4 ; special_attack:データ:+2 ; special_defense:精神:+4 ; type:TYPE_PSYCHIC:精神:profile:+2 ; type:TYPE_DARK:暗黒:profile:+2 ; type_candidate:TYPE_DARK:2 ; type_placeholder:TYPE_NORMAL:low_evidence ; growth:official_stage_plus_profile_power:medium_slow,123,132,114,114,123,132,738,TYPE_NORMAL,,unresolved_low_type_evidence,93,290,GROWTH_MEDIUM_SLOW,medium,profile-derived-v1
958,digimon,death-x-doruguremon,デクスドルグレモン,https://digimon.net/reference/detail.php?directory_name=death-x-doruguremon,完全体,アンデッド型,ウィルス,69ee2183447ea8d1c7729d509b2a3ca01ec6425eeb3f60f9bf640c7e86f9e4f1,269,attack:剣:+3 ; defense:装甲:+10 ; type:TYPE_FLYING:翼:profile:+2 ; type:TYPE_GHOST:アンデッド:profile:+2 ; type:TYPE_STEEL:装甲:profile:+4 ; type:TYPE_GHOST:アンデッド:official_type:+5 ; type:TYPE_DARK:アンデッド:official_type:+3 ; type_choice:TYPE_GHOST:7 ; growth:official_stage_plus_profile_power:medium_slow,100,114,145,100,100,100,659,TYPE_GHOST,,resolved_profile_evidence,120,255,GROWTH_MEDIUM_SLOW,medium,profile-derived-v1
959,digimon,dinobeemon,ディノビーモン,https://digimon.net/reference/detail.php?directory_name=dinobeemon,完全体,突然変異型,フリー,758257f9b3d9b9071749e081eb3c873311caf09e47091771f974aa90f67b973d,213,speed:素早:+5 ; type:TYPE_FLYING:羽:profile:+2 ; type:TYPE_BUG:昆虫:profile:+6 ; type:TYPE_BUG:蜂:profile:+2 ; type:TYPE_DRAGON:竜:profile:+4 ; type:TYPE_NORMAL:突然変異:official_type:+3 ; type_choice:TYPE_BUG:8 ; growth:official_stage_plus_profile_power:medium_slow,100,100,100,122,100,100,622,TYPE_BUG,,resolved_profile_evidence,131,236,GROWTH_MEDIUM_SLOW,medium,profile-derived-v1
960,digimon,chohakkaimon,チョ・ハッカイモン,https://digimon.net/reference/detail.php?directory_name=chohakkaimon,完全体,パペット型,データ,40a4c795ff85fdf213d622758dc3afee90330e34ce8500483c2475cd6444806f,401,power:絶大:+5 ; attack:怪力:+6 ; attack:力:+6 ; speed:高速:+5 ; speed:加速:+4 ; type:TYPE_FAIRY:天使:profile:+2 ; type:TYPE_NORMAL:パペット:official_type:+2 ; type:TYPE_GHOST:パペット:official_type:+2 ; type_candidate:TYPE_FAIRY:2 ; type_placeholder:TYPE_NORMAL:low_evidence ; growth:official_stage_plus_profile_power:medium_slow,109,163,109,150,109,109,749,TYPE_NORMAL,,unresolved_low_type_evidence,90,299,GROWTH_MEDIUM_SLOW,medium,profile-derived-v1
961,digimon,caturamon,チャツラモン,https://digimon.net/reference/detail.php?directory_name=caturamon,完全体,聖獣型,データ,abea8b3c3edb573e3a68e8382a8a234eae79d5e5b4670741acceeb54177b16a1,245,power:神:+3 ; hp:巨大:+2 ; special_attack:衝撃波:+3 ; special_defense:聖:+2 ; type:TYPE_GROUND:大地:profile:+2 ; type:TYPE_GROUND:地面:profile:+2 ; type:TYPE_GROUND:地震:profile:+2 ; type:TYPE_FAIRY:聖:profile:+2 ; type:TYPE_FAIRY:聖:official_type:+3 ; type:TYPE_NORMAL:獣型:official_type:+4 ; type:TYPE_FAIRY:聖獣:official_type:+4 ; type:TYPE_NORMAL:聖獣:official_type:+2 ; type_choice:TYPE_FAIRY:9 ; type_choice:TYPE_GROUND:6 ; growth:official_stage_plus_profile_power:medium_slow,114,105,105,105,119,114,662,TYPE_FAIRY,TYPE_GROUND,resolved_profile_evidence,119,252,GROWTH_MEDIUM_SLOW,high,profile-derived-v1
962,digimon,tyilinmon,チィリンモン,https://digimon.net/reference/detail.php?directory_name=tyilinmon,完全体,聖獣型,ワクチン,f472155aab673804595945da13b61cadec191aaa4cbf97fd1c9f64dce7af19af,326,power:究極:+5 ; power:強大:+4 ; attack:力:+2 ; attack:剣:+6 ; speed:素早:+5 ; special_attack:波動:+8 ; special_defense:聖:+4 ; type:TYPE_FLYING:翼:profile:+2 ; type:TYPE_FLYING:羽:profile:+2 ; type:TYPE_FAIRY:聖なる:profile:+2 ; type:TYPE_FAIRY:聖:profile:+4 ; type:TYPE_FAIRY:聖:official_type:+3 ; type:TYPE_NORMAL:獣型:official_type:+4 ; type:TYPE_FAIRY:聖獣:official_type:+4 ; type:TYPE_NORMAL:聖獣:official_type:+2 ; type_choice:TYPE_FAIRY:13 ; growth:profile:slow,116,152,116,139,152,134,809,TYPE_FAIRY,,resolved_profile_evidence,73,320,GROWTH_SLOW,high,profile-derived-v1
963,digimon,tankdramon,タンクドラモン,https://digimon.net/reference/detail.php?directory_name=tankdramon,完全体,マシーン型,ウィルス,d35eaadbf4e1aebd5f8a76e03a73b59d83a65cebcf3d2c39ddc7ca0281b02152,316,power:圧倒:+5 ; power:小型:-1 ; attack:力:+2 ; special_attack:火:+2 ; special_attack:データ:+2 ; type:TYPE_GROUND:土:profile:+2 ; type:TYPE_STEEL:機械:profile:+2 ; type:TYPE_STEEL:マシーン:profile:+2 ; type:TYPE_STEEL:機械化:profile:+2 ; type:TYPE_STEEL:マシーン:official_type:+5 ; type_choice:TYPE_STEEL:11 ; growth:official_stage_plus_profile_power:medium_slow,107,116,107,107,125,107,669,TYPE_STEEL,,resolved_profile_evidence,115,259,GROWTH_MEDIUM_SLOW,high,profile-derived-v1
964,digimon,dagomon,ダゴモン,https://digimon.net/reference/detail.php?directory_name=dagomon,完全体,水棲獣人型,ウィルス,f7a229ea39596673b9d2e8a380c64652618ce29d084662a2e67322b813f7b33b,187,power:凄まじ:+3 ; power:神:+3 ; attack:腕力:+5 ; attack:力:+2 ; type:TYPE_WATER:海:profile:+2 ; type:TYPE_WATER:水棲:official_type:+5 ; type:TYPE_FIGHTING:獣人:official_type:+3 ; type:TYPE_NORMAL:獣人:official_type:+2 ; type_choice:TYPE_WATER:7 ; growth:official_stage_plus_profile_power:medium_slow,111,142,111,111,111,111,697,TYPE_WATER,,resolved_profile_evidence,102,279,GROWTH_MEDIUM_SLOW,medium,profile-derived-v1
965,digimon,taomon,タオモン,https://digimon.net/reference/detail.php?directory_name=taomon,完全体,魔人型,データ,c403604497e869c90075f2934bee20971a3199c7598068bbc90a220e8c968f1c,269,power:神:+3 ; hp:巨大:+2 ; attack:力:+2 ; special_attack:呪:+12 ; special_attack:闇:+6 ; special_attack:爆発:+6 ; special_defense:霊:+9 ; type:TYPE_FLYING:空中:profile:+2 ; type:TYPE_GHOST:霊:profile:+6 ; type:TYPE_DARK:闇:profile:+4 ; type_choice:TYPE_GHOST:6 ; growth:official_stage_plus_profile_power:medium_slow,114,114,105,105,213,146,797,TYPE_GHOST,,resolved_profile_evidence,74,329,GROWTH_MEDIUM_SLOW,high,profile-derived-v1
966,digimon,darksuperstarmon,ダークスーパースターモン,https://digimon.net/reference/detail.php?directory_name=darksuperstarmon,完全体,突然変異型,ウィルス,75af122d406892fe08a9b40f2b418bc5fabe0987c714372b10a30e7c1dcfcb7c,155,special_attack:光:+3 ; special_attack:闇:+6 ; special_attack:データ:+2 ; special_attack:爆発:+3 ; type:TYPE_DARK:闇:profile:+4 ; type:TYPE_DARK:ダーク:profile:+4 ; type:TYPE_DARK:ダーク:move:+8 ; type:TYPE_NORMAL:突然変異:official_type:+3 ; type_choice:TYPE_DARK:16 ; growth:official_stage_plus_profile_power:medium_slow,100,100,100,100,163,100,663,TYPE_DARK,,resolved_profile_evidence,115,265,GROWTH_MEDIUM_SLOW,medium,profile-derived-v1
967,digimon,sirenmon,セイレーンモン,https://digimon.net/reference/detail.php?directory_name=sirenmon,完全体,神人型,データ,bdae0a7099a8f3efefcf137e76be207e5be0615d6c399aa888781d29f23bb24a,410,power:超高:+3 ; power:神:+3 ; attack:力:+4 ; special_attack:波動:+4 ; type:TYPE_WATER:海:profile:+2 ; type:TYPE_FLYING:鳥:profile:+2 ; type:TYPE_FAIRY:神人:official_type:+3 ; type:TYPE_FIGHTING:神人:official_type:+2 ; type_candidate:TYPE_FAIRY:3 ; type_placeholder:TYPE_NORMAL:low_evidence ; growth:official_stage_plus_profile_power:medium_slow,111,129,111,111,129,111,702,TYPE_NORMAL,,unresolved_low_type_evidence,104,274,GROWTH_MEDIUM_SLOW,medium,profile-derived-v1
968,digimon,saviorhuckmon,セイバーハックモン,https://digimon.net/reference/detail.php?directory_name=saviorhuckmon,完全体,竜人型,データ,80bdf154cf109f5abba58f72c8dd9a363cb863dcbb1070485546c3e873cc6ee1,383,attack:力:+6 ; attack:斬:+3 ; special_attack:炎:+3 ; special_attack:光:+3 ; type:TYPE_FIRE:炎:profile:+2 ; type:TYPE_FIRE:フレイム:profile:+2 ; type:TYPE_FIRE:フレイム:move:+4 ; type:TYPE_ROCK:クリスタル:profile:+2 ; type:TYPE_DRAGON:竜:official_type:+5 ; type_choice:TYPE_FIRE:8 ; growth:official_stage_plus_profile_power:medium_slow,100,140,100,100,127,100,667,TYPE_FIRE,,resolved_profile_evidence,119,255,GROWTH_MEDIUM_SLOW,medium,profile-derived-v1
969,digimon,zudomon,ズドモン,https://digimon.net/reference/detail.php?directory_name=zudomon,完全体,海獣型,ワクチン,9c65bf0f1fb0483923f0f4b4f96bcb0f82250793e689a1928b114b3253a58e11,212,power:最強:+8 ; hp:再生:+4 ; attack:パワー:+4 ; special_attack:衝撃波:+3 ; special_attack:火:+2 ; special_attack:氷:+3 ; special_defense:再生:+3 ; type:TYPE_WATER:海:profile:+2 ; type:TYPE_GRASS:花:profile:+2 ; type:TYPE_ICE:氷:profile:+2 ; type:TYPE_FIGHTING:筋肉:profile:+2 ; type:TYPE_WATER:海獣:official_type:+4 ; type:TYPE_NORMAL:獣型:official_type:+4 ; type_choice:TYPE_WATER:6 ; growth:official_stage_plus_profile_power:medium_slow,132,132,114,114,150,128,770,TYPE_WATER,,resolved_profile_evidence,83,306,GROWTH_MEDIUM_SLOW,high,profile-derived-v1
970,digimon,scorpiomon,スコピオモン,https://digimon.net/reference/detail.php?directory_name=scorpiomon,完全体,昆虫型,データ,4e2fd5aa69b409b2b0fa962761a9ff6d6d31abf4bee6367319c9e2dadff3969d,287,power:神:+3 ; attack:力:+2 ; speed:スピード:+4 ; special_attack:毒:+9 ; special_attack:データ:+2 ; type:TYPE_POISON:毒:profile:+6 ; type:TYPE_POISON:猛毒:profile:+4 ; type:TYPE_POISON:ポイズン:profile:+2 ; type:TYPE_POISON:ポイズン:move:+4 ; type:TYPE_GROUND:砂:profile:+2 ; type:TYPE_GROUND:砂漠:profile:+2 ; type:TYPE_BUG:昆虫:profile:+2 ; type:TYPE_BUG:昆虫:official_type:+5 ; type_choice:TYPE_POISON:16 ; growth:official_stage_plus_profile_power:medium_slow,105,114,105,123,155,105,707,TYPE_POISON,,resolved_profile_evidence,103,280,GROWTH_MEDIUM_SLOW,high,profile-derived-v1
971,digimon,skullbaluchimon,スカルバルキモン,https://digimon.net/reference/detail.php?directory_name=skullbaluchimon,完全体,アンデッド型,データ,8d32f595b4a92422b71d28209ccd8cff0ab6fe65e81370219eee3d6c3ea74034,273,power:神:+3 ; hp:巨大:+4 ; special_attack:呪:+4 ; special_attack:冷気:+6 ; special_attack:データ:+6 ; type:TYPE_ICE:冷気:profile:+4 ; type:TYPE_GROUND:地中:profile:+2 ; type:TYPE_ROCK:石:profile:+4 ; type:TYPE_GHOST:アンデッド:profile:+2 ; type:TYPE_NORMAL:哺乳類:profile:+2 ; type:TYPE_GHOST:アンデッド:official_type:+5 ; type:TYPE_DARK:アンデッド:official_type:+3 ; type_choice:TYPE_GHOST:7 ; growth:official_stage_plus_profile_power:medium_slow,123,105,105,105,177,105,720,TYPE_GHOST,,resolved_profile_evidence,96,293,GROWTH_MEDIUM_SLOW,high,profile-derived-v1
972,digimon,skullsatamon,スカルサタモン,https://digimon.net/reference/detail.php?directory_name=skullsatamon,完全体,アンデッド型,ウィルス,6472b74e73a8853ea4ee2a610dec28c244370be893346617ba09e47170603f43,183,power:強大:+4 ; power:強力:+3 ; attack:パワー:+8 ; attack:力:+2 ; attack:破壊:+8 ; special_attack:光:+3 ; special_attack:データ:+2 ; type:TYPE_DARK:暗黒:profile:+4 ; type:TYPE_DARK:悪魔:profile:+2 ; type:TYPE_DARK:ダーク:profile:+4 ; type:TYPE_FAIRY:天使:profile:+2 ; type:TYPE_GHOST:アンデッド:official_type:+5 ; type:TYPE_DARK:アンデッド:official_type:+3 ; type_choice:TYPE_DARK:13 ; growth:official_stage_plus_profile_power:medium_slow,113,194,113,113,135,113,781,TYPE_DARK,,resolved_profile_evidence,74,327,GROWTH_MEDIUM_SLOW,high,profile-derived-v1
973,digimon,skullgreymon,スカルグレイモン,https://digimon.net/reference/detail.php?directory_name=skullgreymon,完全体,アンデッド型,ウィルス,0093afcfbe5615d530c7f0cc27217d63565780aa2f048caaf92cb4295c08d1d6,180,stats:balanced:no_specialization_signal_in_official_text ; type:TYPE_GHOST:アンデッド:official_type:+5 ; type:TYPE_DARK:アンデッド:official_type:+3 ; type_choice:TYPE_GHOST:5 ; growth:official_stage_plus_profile_power:medium_slow,100,100,100,100,100,100,600,TYPE_GHOST,,resolved_profile_evidence,140,220,GROWTH_MEDIUM_SLOW,low,profile-derived-v1
974,digimon,superstarmon,スーパースターモン,https://digimon.net/reference/detail.php?directory_name=superstarmon,完全体,突然変異型,データ,a1f42c39c45194d57f04cce0992f9d4234cf0119a3bf8fa2f55e8bc050d12591,151,stats:balanced:no_specialization_signal_in_official_text ; type:TYPE_FIGHTING:戦士:profile:+2 ; type:TYPE_ROCK:石:profile:+2 ; type:TYPE_NORMAL:突然変異:official_type:+3 ; type_candidate:TYPE_NORMAL:3 ; type_placeholder:TYPE_NORMAL:low_evidence ; growth:official_stage_plus_profile_power:medium_slow,100,100,100,100,100,100,600,TYPE_NORMAL,,unresolved_low_type_evidence,140,220,GROWTH_MEDIUM_SLOW,medium,profile-derived-v1
975,digimon,sinduramon,シンドゥーラモン,https://digimon.net/reference/detail.php?directory_name=sinduramon,完全体,聖鳥型,データ,ae549f1161821d4ac274a7bb85df2e7798b947816063092f63cfd851035ff19d,246,power:神:+3 ; defense:防御:+5 ; defense:鎧:+8 ; special_attack:電撃:+4 ; special_defense:聖:+2 ; type:TYPE_ELECTRIC:電撃:profile:+2 ; type:TYPE_FLYING:鳥:profile:+2 ; type:TYPE_FLYING:羽:profile:+2 ; type:TYPE_FAIRY:聖:profile:+2 ; type:TYPE_FLYING:鳥:official_type:+5 ; type:TYPE_FAIRY:聖:official_type:+3 ; type_choice:TYPE_FLYING:9 ; growth:official_stage_plus_profile_power:medium_slow,105,105,164,105,123,114,716,TYPE_FLYING,,resolved_profile_evidence,100,286,GROWTH_MEDIUM_SLOW,high,profile-derived-v1
976,digimon,silphymon,シルフィーモン,https://digimon.net/reference/detail.php?directory_name=silphymon,完全体,獣人型,フリー,0980722e74d04a7111e47335e982e783ca7316e7c78669d1ed17bcf233db08b1,259,attack:力:+4 ; speed:スピード:+4 ; special_attack:エネルギー:+3 ; special_attack:衝撃波:+3 ; type:TYPE_FIGHTING:獣人:official_type:+3 ; type:TYPE_NORMAL:獣人:official_type:+2 ; type_candidate:TYPE_FIGHTING:3 ; type_placeholder:TYPE_NORMAL:low_evidence ; growth:official_stage_plus_profile_power:medium_slow,100,118,100,118,127,100,663,TYPE_NORMAL,,unresolved_low_type_evidence,123,248,GROWTH_MEDIUM_SLOW,medium,profile-derived-v1
977,digimon,jyureimon,ジュレイモン,https://digimon.net/reference/detail.php?directory_name=jyureimon,完全体,植物型,ウィルス,705d25426f7c78ec1e2b41129bbd63a490ba43645185aa8d98768417aedf2851,273,attack:パワー:+4 ; type:TYPE_WATER:海:profile:+2 ; type:TYPE_GRASS:森:profile:+6 ; type:TYPE_PSYCHIC:幻覚:profile:+2 ; type:TYPE_GRASS:植物:official_type:+5 ; type_choice:TYPE_GRASS:11 ; growth:official_stage_plus_profile_power:medium_slow,100,118,100,100,100,100,618,TYPE_GRASS,,resolved_profile_evidence,133,233,GROWTH_MEDIUM_SLOW,medium,profile-derived-v1
978,digimon,shakkoumon,シャッコウモン,https://digimon.net/reference/detail.php?directory_name=shakkoumon,完全体,突然変異型,フリー,7807c1186527020fc240ee92e534a033bf01e32e2abcff8913e3b93417ca5491,253,attack:破壊:+4 ; special_attack:光:+6 ; type:TYPE_FLYING:翼:profile:+2 ; type:TYPE_FAIRY:天使:profile:+2 ; type:TYPE_NORMAL:突然変異:official_type:+3 ; type_candidate:TYPE_NORMAL:3 ; type_placeholder:TYPE_NORMAL:low_evidence ; growth:profile:slow,100,118,100,100,127,100,645,TYPE_NORMAL,,unresolved_low_type_evidence,126,244,GROWTH_SLOW,medium,profile-derived-v1
979,digimon,jyagamon,ジャガモン,https://digimon.net/reference/detail.php?directory_name=jyagamon,完全体,植物型,ワクチン,301faa6bcf1b3ed2860b2660ea24bf6b583f60ff895e81ee4811c91c72bb3e94,215,attack:力:+2 ; defense:硬質:+4 ; type:TYPE_GRASS:植物:official_type:+5 ; type_choice:TYPE_GRASS:5 ; growth:official_stage_plus_profile_power:medium_slow,100,109,118,100,100,100,627,TYPE_GRASS,,resolved_profile_evidence,131,235,GROWTH_MEDIUM_SLOW,low,profile-derived-v1
980,digimon,shawujinmon,シャウジンモン,https://digimon.net/reference/detail.php?directory_name=shawujinmon,完全体,魔人型,ウィルス,fdea3b30d66c891361e208affbf1a80f1e8319ad63e0930c59a9259f61150e66,229,attack:牙:+6 ; attack:斬:+6 ; attack:叩:+2 ; type:TYPE_GROUND:大地:profile:+2 ; type:TYPE_DRAGON:竜:profile:+2 ; type_candidate:TYPE_DRAGON:2 ; type_placeholder:TYPE_NORMAL:low_evidence ; growth:official_stage_plus_profile_power:medium_slow,100,163,100,100,100,100,663,TYPE_NORMAL,,unresolved_low_type_evidence,115,265,GROWTH_MEDIUM_SLOW,medium,profile-derived-v1
981,digimon,sandiramon,サンティラモン,https://digimon.net/reference/detail.php?directory_name=sandiramon,完全体,聖獣型,ウィルス,eb78132965b223c5b2b1be9901ebef5d168b01119b01fd20a099a5727b7c609e,274,power:神:+3 ; attack:力:+2 ; attack:斬:+3 ; speed:一瞬:+3 ; special_attack:光:+3 ; special_defense:聖:+2 ; type:TYPE_GROUND:地中:profile:+2 ; type:TYPE_FAIRY:聖:profile:+2 ; type:TYPE_FAIRY:聖:official_type:+3 ; type:TYPE_NORMAL:獣型:official_type:+4 ; type:TYPE_FAIRY:聖獣:official_type:+4 ; type:TYPE_NORMAL:聖獣:official_type:+2 ; type_choice:TYPE_FAIRY:9 ; type_choice:TYPE_NORMAL:6 ; growth:official_stage_plus_profile_power:medium_slow,105,128,105,119,119,114,690,TYPE_FAIRY,TYPE_NORMAL,resolved_profile_evidence,112,263,GROWTH_MEDIUM_SLOW,high,profile-derived-v1
982,digimon,sanzomon,サンゾモン,https://digimon.net/reference/detail.php?directory_name=sanzomon,完全体,僧侶型,ワクチン,4bb05d2effb65ce328a1ce83da571a8d89d42a2587e5a80f4156097baf258f76,448,special_attack:エネルギー:+3 ; type:TYPE_GRASS:葉:profile:+2 ; type:TYPE_PSYCHIC:幻覚:profile:+2 ; type:TYPE_BUG:蝶:profile:+2 ; type:TYPE_BUG:蝶:move:+4 ; type_choice:TYPE_BUG:6 ; growth:official_stage_plus_profile_power:medium_slow,100,100,100,100,114,100,614,TYPE_BUG,,resolved_profile_evidence,135,230,GROWTH_MEDIUM_SLOW,medium,profile-derived-v1
983,digimon,sagomon,サゴモン,https://digimon.net/reference/detail.php?directory_name=sagomon,完全体,魔人型,ウィルス,701fad23085334488ad64d5b2d7efd3cf77de79fb7cec929d6d121e574c76008,310,power:凄まじ:+3 ; attack:力:+2 ; attack:牙:+6 ; attack:斬:+6 ; attack:破壊:+4 ; attack:叩:+2 ; special_attack:火:+2 ; type:TYPE_GROUND:大地:profile:+2 ; type:TYPE_DRAGON:竜:profile:+2 ; type_candidate:TYPE_DRAGON:2 ; type_placeholder:TYPE_NORMAL:low_evidence ; growth:official_stage_plus_profile_power:medium_slow,105,195,105,105,114,105,729,TYPE_NORMAL,,unresolved_low_type_evidence,91,304,GROWTH_MEDIUM_SLOW,medium,profile-derived-v1
984,digimon,cyberdramon,サイバードラモン,https://digimon.net/reference/detail.php?directory_name=cyberdramon,完全体,サイボーグ型,ワクチン,f2fdf0b622d307211d7526e097fd3b419a6aab46ba73c137666a4c2d8e22778d,273,attack:力:+4 ; attack:破壊:+4 ; defense:防御:+5 ; defense:装甲:+10 ; special_attack:データ:+4 ; type:TYPE_FIGHTING:戦士:profile:+2 ; type:TYPE_DRAGON:竜:profile:+2 ; type:TYPE_STEEL:サイボーグ:profile:+2 ; type:TYPE_STEEL:装甲:profile:+4 ; type:TYPE_STEEL:サイボーグ:official_type:+5 ; type_choice:TYPE_STEEL:11 ; growth:official_stage_plus_profile_power:medium_slow,100,136,168,100,118,100,722,TYPE_STEEL,,resolved_profile_evidence,103,282,GROWTH_MEDIUM_SLOW,high,profile-derived-v1
985,digimon,gokuwmon,ゴクウモン,https://digimon.net/reference/detail.php?directory_name=gokuwmon,完全体,獣人型,ウィルス,6e4456d9e8b69d627bc02828daf9f6262860676faee3fab757b5010cda1ce05d,606,attack:拳:+3 ; speed:高速:+5 ; special_attack:エネルギー:+6 ; special_attack:火:+2 ; special_attack:雷:+9 ; special_attack:光:+9 ; special_attack:データ:+4 ; type:TYPE_FIRE:マグマ:profile:+2 ; type:TYPE_ELECTRIC:雷:profile:+6 ; type:TYPE_ELECTRIC:雷:move:+8 ; type:TYPE_FIGHTING:拳:profile:+2 ; type:TYPE_GROUND:地面:profile:+2 ; type:TYPE_FIGHTING:獣人:official_type:+3 ; type:TYPE_NORMAL:獣人:official_type:+2 ; type_choice:TYPE_ELECTRIC:14 ; growth:official_stage_plus_profile_power:medium_slow,100,114,100,122,235,100,771,TYPE_ELECTRIC,,resolved_profile_evidence,80,325,GROWTH_MEDIUM_SLOW,high,profile-derived-v1
986,digimon,cerberumon,ケルベロモン,https://digimon.net/reference/detail.php?directory_name=cerberumon,完全体,魔獣型,ワクチン,8e18a5d105ff6ce2fd4f2bc21008a262dba34ab7ace6506ce7089de27a81dfa7,239,attack:力:+2 ; attack:爪:+3 ; defense:硬質:+4 ; speed:瞬時:+8 ; special_attack:炎:+3 ; special_attack:火:+2 ; special_attack:熱:+2 ; type:TYPE_FIRE:炎:profile:+2 ; type:TYPE_FIRE:火炎:profile:+2 ; type:TYPE_FIRE:灼熱:profile:+2 ; type:TYPE_GROUND:大地:profile:+2 ; type:TYPE_DARK:ダーク:profile:+2 ; type:TYPE_NORMAL:獣型:official_type:+4 ; type:TYPE_DARK:魔獣:official_type:+4 ; type:TYPE_NORMAL:魔獣:official_type:+2 ; type_choice:TYPE_DARK:6 ; type_choice:TYPE_FIRE:6 ; growth:official_stage_plus_profile_power:medium_slow,100,122,118,136,132,100,708,TYPE_DARK,TYPE_FIRE,resolved_profile_evidence,112,264,GROWTH_MEDIUM_SLOW,high,profile-derived-v1
987,digimon,kumbhiramon,クンビラモン,https://digimon.net/reference/detail.php?directory_name=kumbhiramon,完全体,聖獣型,ワクチン,49fd81ea4f2bdee917f6bc5bd3c7634c725302222b112eda3268106c11d216ff,311,power:強力:+3 ; power:神:+3 ; attack:力:+6 ; attack:叩:+2 ; special_attack:念:+4 ; special_defense:結界:+5 ; special_defense:聖:+2 ; type:TYPE_GRASS:葉:profile:+2 ; type:TYPE_PSYCHIC:念:profile:+2 ; type:TYPE_STEEL:鋼:profile:+2 ; type:TYPE_FAIRY:聖:profile:+2 ; type:TYPE_FAIRY:聖:official_type:+3 ; type:TYPE_NORMAL:獣型:official_type:+4 ; type:TYPE_FAIRY:聖獣:official_type:+4 ; type:TYPE_NORMAL:聖獣:official_type:+2 ; type_choice:TYPE_FAIRY:9 ; type_choice:TYPE_NORMAL:6 ; growth:official_stage_plus_profile_power:medium_slow,111,147,111,111,129,142,751,TYPE_FAIRY,TYPE_NORMAL,resolved_profile_evidence,91,295,GROWTH_MEDIUM_SLOW,high,profile-derived-v1
988,digimon,crescemon,クレシェモン,https://digimon.net/reference/detail.php?directory_name=crescemon,完全体,魔人型,データ,319bb6c8bf51fe54476da92ceabeb6a09573262c57b8042d7cca1206e5b25f30,233,attack:力:+2 ; attack:斬:+3 ; special_attack:エネルギー:+3 ; special_attack:氷:+3 ; special_attack:光:+3 ; special_attack:闇:+3 ; type:TYPE_ICE:氷:profile:+2 ; type:TYPE_DARK:闇:profile:+2 ; type:TYPE_DARK:ダーク:profile:+2 ; type:TYPE_DARK:ダーク:move:+4 ; type_choice:TYPE_DARK:8 ; growth:official_stage_plus_profile_power:medium_slow,100,122,100,100,154,100,676,TYPE_DARK,,resolved_profile_evidence,115,264,GROWTH_MEDIUM_SLOW,high,profile-derived-v1
989,digimon,grademon,グレイドモン,https://digimon.net/reference/detail.php?directory_name=grademon,完全体,戦士型,ワクチン,95bb7673c950f11c83e0b1b95f7470319a520fcd046bf21b10d79c00a63da00e,261,power:神:+6 ; attack:力:+2 ; attack:剣:+9 ; attack:刀:+6 ; attack:叩:+2 ; special_attack:呪:+4 ; special_defense:聖:+2 ; type:TYPE_FIGHTING:戦士:profile:+2 ; type:TYPE_FAIRY:聖:profile:+2 ; type:TYPE_FIGHTING:戦士:official_type:+4 ; type_choice:TYPE_FIGHTING:6 ; growth:official_stage_plus_profile_power:medium_slow,111,196,111,111,129,120,778,TYPE_FIGHTING,,resolved_profile_evidence,76,324,GROWTH_MEDIUM_SLOW,high,profile-derived-v1
990,digimon,grappuleomon,グラップレオモン,https://digimon.net/reference/detail.php?directory_name=grappuleomon,完全体,獣人型,ワクチン,9e71809467701b2d285ff95f3d36210f2bc750a90078e068ce2904af4e05564d,278,power:究極:+10 ; power:神:+3 ; power:王:+2 ; attack:力:+4 ; attack:格闘:+8 ; attack:斬:+6 ; speed:高速:+15 ; special_attack:データ:+4 ; special_defense:精神:+4 ; type:TYPE_FIGHTING:格闘:profile:+4 ; type:TYPE_PSYCHIC:精神:profile:+2 ; type:TYPE_FIGHTING:獣人:official_type:+3 ; type:TYPE_NORMAL:獣人:official_type:+2 ; type_choice:TYPE_FIGHTING:7 ; growth:official_stage_plus_profile_power:slow,127,208,127,194,145,145,946,TYPE_FIGHTING,,resolved_profile_evidence,25,395,GROWTH_SLOW,high,profile-derived-v1
991,digimon,groundramon,グラウンドラモン,https://digimon.net/reference/detail.php?directory_name=groundramon,完全体,地竜型,ウィルス,8885af8be6689538b46eb39fed892eb227f4d84131375a0ac0216a5ff67ad9ec,345,stats:balanced:no_specialization_signal_in_official_text ; type:TYPE_GROUND:地面:profile:+4 ; type:TYPE_GROUND:地中:profile:+2 ; type:TYPE_FLYING:翼:profile:+2 ; type:TYPE_DRAGON:竜:profile:+2 ; type:TYPE_STEEL:鉄:profile:+2 ; type:TYPE_DRAGON:竜:official_type:+5 ; type_choice:TYPE_DRAGON:7 ; type_choice:TYPE_GROUND:6 ; growth:official_stage_plus_profile_power:medium_slow,100,100,100,100,100,100,600,TYPE_DRAGON,TYPE_GROUND,resolved_profile_evidence,140,220,GROWTH_MEDIUM_SLOW,medium,profile-derived-v1
992,digimon,giromon,ギロモン,https://digimon.net/reference/detail.php?directory_name=giromon,完全体,機雷型,ワクチン,7624b794c21a0415e7af8c4f08b2f19c87eb4cce8d0b23ddcb00bb9607f1b4f9,180,power:強力:+3 ; power:超強:+4 ; attack:力:+2 ; type:TYPE_FLYING:空中:profile:+2 ; type_candidate:TYPE_FLYING:2 ; type_placeholder:TYPE_NORMAL:low_evidence ; growth:official_stage_plus_profile_power:medium_slow,113,122,113,113,113,113,687,TYPE_NORMAL,,unresolved_low_type_evidence,106,270,GROWTH_MEDIUM_SLOW,medium,profile-derived-v1
993,digimon,captainhookmon,キャプテンフックモン,https://digimon.net/reference/detail.php?directory_name=captainhookmon,完全体,海人型,ワクチン,15db1e91c961d10bdfed106a3d83444aae4a52f024acb6b467a07899d534d5e9,338,attack:力:+2 ; attack:拳:+3 ; type:TYPE_WATER:海:profile:+4 ; type:TYPE_FIGHTING:拳:profile:+2 ; type_candidate:TYPE_WATER:4 ; type_placeholder:TYPE_NORMAL:low_evidence ; growth:official_stage_plus_profile_power:medium_slow,100,122,100,100,100,100,622,TYPE_NORMAL,,unresolved_low_type_evidence,131,236,GROWTH_MEDIUM_SLOW,medium,profile-derived-v1
994,digimon,cannonbeemon,キャノンビーモン,https://digimon.net/reference/detail.php?directory_name=cannonbeemon,完全体,サイボーグ型,ウィルス,c9f57865f1d94488d46f059c7f517fb67571f85ad0d03b2d8893f5a3241faf24,200,hp:巨大:+2 ; defense:装甲:+5 ; special_attack:レーザー:+4 ; type:TYPE_FLYING:空中:profile:+4 ; type:TYPE_STEEL:装甲:profile:+2 ; type:TYPE_STEEL:サイボーグ:official_type:+5 ; type_choice:TYPE_STEEL:7 ; growth:official_stage_plus_profile_power:medium_slow,109,100,122,100,118,100,649,TYPE_STEEL,,resolved_profile_evidence,126,243,GROWTH_MEDIUM_SLOW,medium,profile-derived-v1
995,digimon,catchmamemon,キャッチマメモン,https://digimon.net/reference/detail.php?directory_name=catchmamemon,完全体,突然変異型,データ,c6122b10bd29e4966cbfaa24964867c18ad6e2ea0d2453028baaec12b340498e,259,attack:力:+4 ; special_attack:データ:+2 ; type:TYPE_NORMAL:突然変異:official_type:+3 ; type_candidate:TYPE_NORMAL:3 ; type_placeholder:TYPE_NORMAL:low_evidence ; growth:official_stage_plus_profile_power:medium_slow,100,118,100,100,109,100,627,TYPE_NORMAL,,unresolved_low_type_evidence,131,235,GROWTH_MEDIUM_SLOW,low,profile-derived-v1
996,digimon,chimairamon,キメラモン,https://digimon.net/reference/detail.php?directory_name=chimairamon,完全体,合成型,データ,7ee27d01c8d5956678c77b59399b7d478ebe64a239248d9579fb842f5219e14d,306,power:強大:+4 ; attack:力:+2 ; attack:破壊:+4 ; special_attack:呪:+4 ; special_attack:熱:+4 ; type_placeholder:TYPE_NORMAL:no_specialized_affinity_evidence ; growth:official_stage_plus_profile_power:medium_slow,107,134,107,107,143,107,705,TYPE_NORMAL,,unresolved_no_specialized_type_evidence,104,276,GROWTH_MEDIUM_SLOW,medium,profile-derived-v1
997,digimon,gigadramon,ギガドラモン,https://digimon.net/reference/detail.php?directory_name=gigadramon,完全体,サイボーグ型,ウィルス,b1d13d248c6f0104286f9ed53612ca7bbe082dbca366e6e22a1149de753fbc6b,128,stats:balanced:no_specialization_signal_in_official_text ; type:TYPE_DRAGON:竜:profile:+4 ; type:TYPE_DARK:暗黒:profile:+2 ; type:TYPE_STEEL:サイボーグ:official_type:+5 ; type_choice:TYPE_STEEL:5 ; growth:official_stage_plus_profile_power:medium_slow,100,100,100,100,100,100,600,TYPE_STEEL,,resolved_profile_evidence,140,220,GROWTH_MEDIUM_SLOW,medium,profile-derived-v1
998,digimon,garudamon,ガルダモン,https://digimon.net/reference/detail.php?directory_name=garudamon,完全体,鳥人型,ワクチン,b7ca394349b5d7a62baba57a5b6e38474b93e7f59230f7149e27a16cb774652f,282,power:神:+3 ; hp:巨大:+2 ; attack:力:+2 ; attack:爪:+3 ; special_defense:守護:+4 ; type:TYPE_GROUND:大地:profile:+2 ; type:TYPE_FLYING:翼:profile:+2 ; type:TYPE_FLYING:大空:profile:+2 ; type:TYPE_FLYING:鳥:profile:+6 ; type:TYPE_FLYING:鳥:official_type:+5 ; type_choice:TYPE_FLYING:15 ; growth:official_stage_plus_profile_power:medium_slow,114,128,105,105,105,123,680,TYPE_FLYING,,resolved_profile_evidence,114,261,GROWTH_MEDIUM_SLOW,high,profile-derived-v1
999,digimon,karatenmon,カラテンモン,https://digimon.net/reference/detail.php?directory_name=karatenmon,完全体,魔人型,ウィルス,f9be70fac08a46806c7daf804e3f1f7e4e94fc17aa158d24931096df8384d917,262,power:強力:+3 ; attack:力:+6 ; attack:剣:+6 ; special_attack:衝撃波:+3 ; special_attack:呪:+4 ; type:TYPE_FLYING:翼:profile:+2 ; type:TYPE_FLYING:羽:profile:+6 ; type:TYPE_FLYING:羽:move:+4 ; type_choice:TYPE_FLYING:12 ; growth:official_stage_plus_profile_power:medium_slow,105,159,105,105,137,105,716,TYPE_FLYING,,resolved_profile_evidence,101,284,GROWTH_MEDIUM_SLOW,medium,profile-derived-v1
1000,digimon,gerbemon,ガーベモン,https://digimon.net/reference/detail.php?directory_name=gerbemon,完全体,突然変異型,ウィルス,d8e40d65e4d18832cbbdc4ca1b994a3053ef0714594887eb198d756c98daf785,236,hp:生命:+2 ; special_attack:データ:+2 ; type:TYPE_NORMAL:突然変異:official_type:+3 ; type_candidate:TYPE_NORMAL:3 ; type_placeholder:TYPE_NORMAL:low_evidence ; growth:official_stage_plus_profile_power:medium_slow,109,100,100,100,109,100,618,TYPE_NORMAL,,unresolved_low_type_evidence,135,229,GROWTH_MEDIUM_SLOW,low,profile-derived-v1
1001,digimon,orochimon,オロチモン,https://digimon.net/reference/detail.php?directory_name=orochimon,完全体,魔竜型,ウィルス,bc28250103eb2b50ff0fd1ec8860746dbe1680bd8ef1c6ae3c54a4b7bbc0bd50,300,hp:巨大:+2 ; type:TYPE_DRAGON:竜:profile:+2 ; type:TYPE_DRAGON:竜:official_type:+5 ; type_choice:TYPE_DRAGON:7 ; growth:profile:slow,109,100,100,100,100,100,609,TYPE_DRAGON,,resolved_profile_evidence,136,226,GROWTH_SLOW,low,profile-derived-v1
1002,digimon,okuwamon,オオクワモン,https://digimon.net/reference/detail.php?directory_name=okuwamon,完全体,昆虫型,ウィルス,7ede4c2a944f7a5ef683ea4bb6c7cb28e80182d0e59bd4cbb23bf2317c639c78,197,attack:力:+2 ; attack:破壊:+4 ; defense:防御:+5 ; type:TYPE_BUG:昆虫:official_type:+5 ; type_choice:TYPE_BUG:5 ; growth:official_stage_plus_profile_power:medium_slow,100,127,122,100,100,100,649,TYPE_BUG,,resolved_profile_evidence,125,245,GROWTH_MEDIUM_SLOW,medium,profile-derived-v1
1003,digimon,angewomon,エンジェウーモン,https://digimon.net/reference/detail.php?directory_name=angewomon,完全体,大天使型,ワクチン,bb87562a5ed2cee1a434a6fa3d8a31f449051c097e8bf2b29343814fd9d1ddbd,262,power:強力:+3 ; power:神:+6 ; attack:パワー:+4 ; attack:力:+6 ; special_attack:雷:+3 ; special_attack:光:+3 ; special_defense:精神:+4 ; type:TYPE_ELECTRIC:雷:profile:+2 ; type:TYPE_FLYING:羽:profile:+4 ; type:TYPE_PSYCHIC:精神:profile:+2 ; type:TYPE_FAIRY:天使:profile:+6 ; type:TYPE_FAIRY:天使:official_type:+5 ; type:TYPE_FLYING:天使:official_type:+2 ; type_choice:TYPE_FAIRY:11 ; growth:profile:slow,116,161,116,116,143,134,786,TYPE_FAIRY,,resolved_profile_evidence,76,318,GROWTH_SLOW,high,profile-derived-v1
1004,digimon,etemon,エテモン,https://digimon.net/reference/detail.php?directory_name=etemon,完全体,パペット型,ウィルス,e7e9b32d1715fd649d2b1209a564a96aa47e3be2e5468958aece34c69901ba35,206,attack:力:+2 ; type:TYPE_DARK:ダーク:profile:+2 ; type:TYPE_DARK:ダーク:move:+4 ; type:TYPE_NORMAL:パペット:official_type:+2 ; type:TYPE_GHOST:パペット:official_type:+2 ; type_choice:TYPE_DARK:6 ; growth:official_stage_plus_profile_power:medium_slow,100,109,100,100,100,100,609,TYPE_DARK,,resolved_profile_evidence,136,226,GROWTH_MEDIUM_SLOW,medium,profile-derived-v1
1005,digimon,ex-tyranomon,エクスティラノモン,https://digimon.net/reference/detail.php?directory_name=ex-tyranomon,完全体,パペット型,ワクチン,04e694cec37676b9682d0e1956da2bd9f14adb1f7d5e7366f65ccd5d7ec64cfd,265,attack:パワー:+4 ; attack:力:+2 ; attack:刀:+3 ; defense:防御:+5 ; defense:鉄壁:+6 ; type:TYPE_DARK:邪悪:profile:+2 ; type:TYPE_STEEL:鉄:profile:+2 ; type:TYPE_NORMAL:パペット:official_type:+2 ; type:TYPE_GHOST:パペット:official_type:+2 ; type_candidate:TYPE_DARK:2 ; type_placeholder:TYPE_NORMAL:low_evidence ; growth:official_stage_plus_profile_power:medium_slow,100,140,150,100,100,100,690,TYPE_NORMAL,,unresolved_low_type_evidence,113,266,GROWTH_MEDIUM_SLOW,medium,profile-derived-v1
1006,digimon,earov-dramon,エアロブイドラモン,https://digimon.net/reference/detail.php?directory_name=earov-dramon,完全体,聖竜型,ワクチン,058ef717e0ac572d5dbe238594b6723446cedf3d440f75c588082bee680163cd,332,attack:力:+4 ; attack:格闘:+4 ; attack:剣:+3 ; defense:防御:+5 ; speed:飛行:+2 ; special_attack:エネルギー:+3 ; special_attack:衝撃波:+3 ; type:TYPE_FIGHTING:格闘:profile:+2 ; type:TYPE_FLYING:飛行:profile:+2 ; type:TYPE_FLYING:翼:profile:+6 ; type:TYPE_FLYING:空中:profile:+4 ; type:TYPE_DRAGON:竜:profile:+2 ; type:TYPE_DRAGON:ドラゴン:profile:+2 ; type:TYPE_DRAGON:ドラゴン:move:+4 ; type:TYPE_DRAGON:竜:official_type:+5 ; type:TYPE_FAIRY:聖:official_type:+3 ; type_choice:TYPE_DRAGON:13 ; type_choice:TYPE_FLYING:12 ; growth:official_stage_plus_profile_power:medium_slow,100,150,122,109,127,100,708,TYPE_DRAGON,TYPE_FLYING,resolved_profile_evidence,109,270,GROWTH_MEDIUM_SLOW,high,profile-derived-v1
1007,digimon,volcdoramon,ヴォルクドラモン,https://digimon.net/reference/detail.php?directory_name=volcdoramon,完全体,竜型,データ,5cf810c4d676fd5e6116b7fed2a4cbb889dc2d62ece80244149e3d8ac66cb942,260,power:超高:+3 ; special_attack:火:+6 ; special_attack:熱:+2 ; type:TYPE_FIRE:灼熱:profile:+2 ; type:TYPE_FIRE:マグマ:profile:+4 ; type:TYPE_DRAGON:竜:profile:+2 ; type:TYPE_DRAGON:竜:official_type:+5 ; type_choice:TYPE_DRAGON:7 ; type_choice:TYPE_FIRE:6 ; growth:official_stage_plus_profile_power:medium_slow,105,105,105,105,141,105,666,TYPE_DRAGON,TYPE_FIRE,resolved_profile_evidence,114,263,GROWTH_MEDIUM_SLOW,medium,profile-derived-v1
1008,digimon,wingdramon,ウイングドラモン,https://digimon.net/reference/detail.php?directory_name=wingdramon,完全体,天竜型,ワクチン,5e219502a259be2b54ffc3d8cbbcf32e575d4fbe9f0e7832a72fca2ae98ad29b,347,attack:力:+4 ; attack:槍:+3 ; speed:高速:+5 ; speed:飛翔:+3 ; speed:飛行:+2 ; speed:加速:+4 ; special_attack:衝撃波:+3 ; special_attack:熱:+2 ; type:TYPE_FIRE:灼熱:profile:+2 ; type:TYPE_GROUND:地面:profile:+2 ; type:TYPE_FLYING:飛行:profile:+2 ; type:TYPE_FLYING:飛翔:profile:+2 ; type:TYPE_FLYING:翼:profile:+4 ; type:TYPE_FLYING:空中:profile:+4 ; type:TYPE_FLYING:羽:profile:+2 ; type:TYPE_DRAGON:竜:profile:+2 ; type:TYPE_DRAGON:竜:official_type:+5 ; type_choice:TYPE_FLYING:14 ; growth:official_stage_plus_profile_power:medium_slow,100,132,100,163,122,100,717,TYPE_FLYING,,resolved_profile_evidence,105,279,GROWTH_MEDIUM_SLOW,high,profile-derived-v1
1009,digimon,vikaralamon,ヴィカラーラモン,https://digimon.net/reference/detail.php?directory_name=vikaralamon,完全体,聖獣型,ワクチン,456042ddc1eb2064c3a8cd71aa4cf0fa18efc2ad94ecbca4c938cfe1aa3ccb9d,264,power:神:+3 ; speed:一瞬:+3 ; special_attack:光:+3 ; special_defense:聖:+2 ; type:TYPE_FAIRY:聖:profile:+2 ; type:TYPE_FAIRY:聖:official_type:+3 ; type:TYPE_NORMAL:獣型:official_type:+4 ; type:TYPE_FAIRY:聖獣:official_type:+4 ; type:TYPE_NORMAL:聖獣:official_type:+2 ; type_choice:TYPE_FAIRY:9 ; type_choice:TYPE_NORMAL:6 ; growth:official_stage_plus_profile_power:medium_slow,105,105,105,119,119,114,667,TYPE_FAIRY,TYPE_NORMAL,resolved_profile_evidence,118,253,GROWTH_MEDIUM_SLOW,medium,profile-derived-v1
1010,digimon,vamdemon,ヴァンデモン,https://digimon.net/reference/detail.php?directory_name=vamdemon,完全体,アンデッド型,ウィルス,656e42997d92022b67dfc3a42fc2e14e0f0e329644d394d4c443bafb77c94e66,221,power:強大:+4 ; power:王:+2 ; attack:パワー:+12 ; attack:力:+2 ; attack:破壊:+8 ; special_attack:闇:+3 ; special_attack:データ:+4 ; special_defense:吸収:+4 ; type:TYPE_GHOST:アンデッド:profile:+2 ; type:TYPE_DARK:闇:profile:+2 ; type:TYPE_GHOST:アンデッド:official_type:+5 ; type:TYPE_DARK:アンデッド:official_type:+3 ; type_choice:TYPE_GHOST:7 ; type_choice:TYPE_DARK:5 ; growth:official_stage_plus_profile_power:medium_slow,111,210,111,111,142,129,814,TYPE_GHOST,TYPE_DARK,resolved_profile_evidence,66,340,GROWTH_MEDIUM_SLOW,high,profile-derived-v1
1011,digimon,vajramon,ヴァジラモン,https://digimon.net/reference/detail.php?directory_name=vajramon,完全体,聖獣型,ワクチン,c5cf7a067671f83da33c380e90f9e7d4a63b39653c80c1a10e37298fc51c783d,245,power:神:+6 ; hp:巨大:+2 ; attack:腕力:+5 ; attack:力:+2 ; attack:剣:+6 ; attack:叩:+2 ; special_attack:衝撃波:+3 ; special_defense:精神:+4 ; special_defense:聖:+2 ; type:TYPE_GROUND:地面:profile:+2 ; type:TYPE_GROUND:地中:profile:+2 ; type:TYPE_PSYCHIC:精神:profile:+2 ; type:TYPE_ROCK:岩:profile:+2 ; type:TYPE_FAIRY:聖:profile:+2 ; type:TYPE_FAIRY:聖:official_type:+3 ; type:TYPE_NORMAL:獣型:official_type:+4 ; type:TYPE_FAIRY:聖獣:official_type:+4 ; type:TYPE_NORMAL:聖獣:official_type:+2 ; type_choice:TYPE_FAIRY:9 ; type_choice:TYPE_NORMAL:6 ; growth:official_stage_plus_profile_power:medium_slow,120,178,111,111,124,138,782,TYPE_FAIRY,TYPE_NORMAL,resolved_profile_evidence,79,317,GROWTH_MEDIUM_SLOW,high,profile-derived-v1
1012,digimon,infermon,インフェルモン,https://digimon.net/reference/detail.php?directory_name=infermon,完全体,種族不明,不明,0512ae20188900c28f579967991b12adf9a117dd14f6c5f3621b30a7837d9231,261,power:凄まじ:+3 ; attack:力:+4 ; attack:突進:+3 ; attack:破壊:+4 ; defense:防御:+5 ; special_attack:エネルギー:+3 ; type_placeholder:TYPE_NORMAL:no_specialized_affinity_evidence ; growth:official_stage_plus_profile_power:medium_slow,105,155,128,105,119,105,717,TYPE_NORMAL,,unresolved_no_specialized_type_evidence,101,282,GROWTH_MEDIUM_SLOW,medium,profile-derived-v1
1013,digimon,indaramon,インダラモン,https://digimon.net/reference/detail.php?directory_name=indaramon,完全体,聖獣型,ウィルス,b760381c451487e928824a6e0c7963ae603defe01f0e9e0519a5f797c8136876,242,power:凄まじ:+3 ; power:神:+3 ; hp:巨大:+2 ; attack:力:+2 ; special_attack:音波:+4 ; special_defense:聖:+2 ; type:TYPE_FAIRY:聖:profile:+2 ; type:TYPE_FAIRY:聖:official_type:+3 ; type:TYPE_NORMAL:獣型:official_type:+4 ; type:TYPE_FAIRY:聖獣:official_type:+4 ; type:TYPE_NORMAL:聖獣:official_type:+2 ; type_choice:TYPE_FAIRY:9 ; type_choice:TYPE_NORMAL:6 ; growth:official_stage_plus_profile_power:medium_slow,120,120,111,111,129,120,711,TYPE_FAIRY,TYPE_NORMAL,resolved_profile_evidence,102,277,GROWTH_MEDIUM_SLOW,high,profile-derived-v1
1014,digimon,insekimon,インセキモン,https://digimon.net/reference/detail.php?directory_name=insekimon,完全体,鉱石型,データ,cadb90e9c2a849654471479cadb58eaa4c71b696ba25fa575256113e72317cda,109,power:強力:+3 ; power:神:+3 ; attack:力:+4 ; defense:防御:+5 ; defense:硬い:+4 ; special_attack:エネルギー:+3 ; special_attack:データ:+4 ; type:TYPE_ROCK:石:profile:+2 ; type:TYPE_ROCK:鉱石:profile:+2 ; type:TYPE_ROCK:鉱石:official_type:+5 ; type:TYPE_STEEL:鉱石:official_type:+2 ; type_choice:TYPE_ROCK:9 ; growth:official_stage_plus_profile_power:medium_slow,111,129,151,111,142,111,755,TYPE_ROCK,,resolved_profile_evidence,89,298,GROWTH_MEDIUM_SLOW,high,profile-derived-v1
1015,digimon,andromon,アンドロモン,https://digimon.net/reference/detail.php?directory_name=andromon,完全体,サイボーグ型,ワクチン,3c788f1106f2610628a7a3986c7787452dc38c1416df288916f4b0e23eb0f433,281,attack:力:+2 ; special_attack:エネルギー:+3 ; special_attack:データ:+2 ; type:TYPE_STEEL:機械:profile:+2 ; type:TYPE_STEEL:サイボーグ:profile:+6 ; type:TYPE_STEEL:サイボーグ:official_type:+5 ; type_choice:TYPE_STEEL:13 ; growth:official_stage_plus_profile_power:medium_slow,100,109,100,100,122,100,631,TYPE_STEEL,,resolved_profile_evidence,130,238,GROWTH_MEDIUM_SLOW,medium,profile-derived-v1
1016,digimon,andiramon,アンティラモン（デーヴァ）,https://digimon.net/reference/detail.php?directory_name=andiramon,完全体,聖獣型,データ,09fe57949e9fa633896b11184d9f78f42b4097d2cd3a923f0a45db7bec2250a0,214,power:神:+3 ; attack:斧:+9 ; attack:切断:+4 ; special_defense:聖:+2 ; type:TYPE_DRAGON:竜:profile:+2 ; type:TYPE_FAIRY:聖:profile:+2 ; type:TYPE_FAIRY:聖:official_type:+3 ; type:TYPE_NORMAL:獣型:official_type:+4 ; type:TYPE_FAIRY:聖獣:official_type:+4 ; type:TYPE_NORMAL:聖獣:official_type:+2 ; type_choice:TYPE_FAIRY:9 ; type_choice:TYPE_NORMAL:6 ; growth:official_stage_plus_profile_power:medium_slow,105,164,105,105,105,114,698,TYPE_FAIRY,TYPE_NORMAL,resolved_profile_evidence,103,282,GROWTH_MEDIUM_SLOW,high,profile-derived-v1
1017,digimon,algomon-ultimate,アルゴモン,https://digimon.net/reference/detail.php?directory_name=algomon-ultimate,完全体,突然変異型,ウィルス,6705a47fd993d2e8a1111d42d72f7a520a7f68279f4b14963ed8f4363bfe4013,178,attack:力:+4 ; speed:高速:+5 ; special_attack:光:+3 ; type:TYPE_NORMAL:突然変異:official_type:+3 ; type_candidate:TYPE_NORMAL:3 ; type_placeholder:TYPE_NORMAL:low_evidence ; growth:official_stage_plus_profile_power:medium_slow,100,118,100,122,114,100,654,TYPE_NORMAL,,unresolved_low_type_evidence,125,244,GROWTH_MEDIUM_SLOW,medium,profile-derived-v1
1018,digimon,archnemon,アルケニモン,https://digimon.net/reference/detail.php?directory_name=archnemon,完全体,魔獣型,ウィルス,e436bd7af219e4a241cfcaead9a36d94229927968aa0f24ab36052078b5387ca,215,power:神:+3 ; power:王:+4 ; stats:balanced:no_specialization_signal_in_official_text ; type:TYPE_NORMAL:獣型:official_type:+4 ; type:TYPE_DARK:魔獣:official_type:+4 ; type:TYPE_NORMAL:魔獣:official_type:+2 ; type_choice:TYPE_NORMAL:6 ; growth:official_stage_plus_profile_power:medium_slow,113,113,113,113,113,113,678,TYPE_NORMAL,,resolved_profile_evidence,110,264,GROWTH_MEDIUM_SLOW,medium,profile-derived-v1
1019,digimon,anomalocarimon-x,アノマロカリモン（X抗体）,https://digimon.net/reference/detail.php?directory_name=anomalocarimon-x,完全体,古代甲殻類型,データ,fd86b2ace2170f26f57da9d2535706f2dd115796e72011f16b4025f081c5bfed,441,attack:力:+6 ; defense:甲殻:+4 ; special_attack:光:+3 ; special_attack:データ:+4 ; type:TYPE_WATER:海:profile:+6 ; type:TYPE_GROUND:土:profile:+2 ; type_choice:TYPE_WATER:6 ; growth:profile:slow,100,127,118,100,132,100,677,TYPE_WATER,,resolved_profile_evidence,119,254,GROWTH_SLOW,medium,profile-derived-v1
1020,digimon,anomalocarimon,アノマロカリモン,https://digimon.net/reference/detail.php?directory_name=anomalocarimon,完全体,古代甲殻類型,データ,f4ad9cca23b42ff553d76d04c03a201f0ece0cbd4dd80da740030bd5237f215c,241,attack:力:+2 ; special_attack:データ:+4 ; type:TYPE_WATER:海:profile:+2 ; type:TYPE_GROUND:土:profile:+2 ; type_candidate:TYPE_GROUND:2 ; type_placeholder:TYPE_NORMAL:low_evidence ; growth:profile:slow,100,109,100,100,118,100,627,TYPE_NORMAL,,unresolved_low_type_evidence,131,235,GROWTH_SLOW,medium,profile-derived-v1
1021,digimon,atlurkabuterimon,アトラーカブテリモン（赤）,https://digimon.net/reference/detail.php?directory_name=atlurkabuterimon,完全体,昆虫型,ワクチン,19878e103faa367bdfa09596b4f6e226c1c475ce35c7877b8eb4fee0c7f797af,239,power:弱い:-4 ; hp:巨大:+2 ; attack:力:+6 ; attack:格闘:+4 ; speed:飛行:+2 ; special_attack:熱:+2 ; type:TYPE_FIGHTING:格闘:profile:+2 ; type:TYPE_FIGHTING:筋肉:profile:+2 ; type:TYPE_FLYING:飛行:profile:+2 ; type:TYPE_BUG:昆虫:profile:+2 ; type:TYPE_BUG:昆虫:official_type:+5 ; type_choice:TYPE_BUG:7 ; growth:official_stage_plus_profile_power:medium_slow,102,138,93,102,102,93,630,TYPE_BUG,,resolved_profile_evidence,127,245,GROWTH_MEDIUM_SLOW,high,profile-derived-v1
1022,digimon,atlurkabuterimon-blue,アトラーカブテリモン（青）,https://digimon.net/reference/detail.php?directory_name=atlurkabuterimon-blue,完全体,昆虫型,データ,4e1886cb6d2eabe88972fdd53c08614a386e59eeb45c1e3e7caa4345d59de2d2,199,power:弱い:-4 ; hp:巨大:+2 ; attack:力:+6 ; attack:格闘:+4 ; speed:飛行:+2 ; special_attack:熱:+2 ; type:TYPE_FIGHTING:格闘:profile:+2 ; type:TYPE_FIGHTING:筋肉:profile:+2 ; type:TYPE_FLYING:飛行:profile:+2 ; type:TYPE_BUG:昆虫:profile:+2 ; type:TYPE_BUG:昆虫:official_type:+5 ; type_choice:TYPE_BUG:7 ; growth:official_stage_plus_profile_power:medium_slow,102,138,93,102,102,93,630,TYPE_BUG,,resolved_profile_evidence,127,245,GROWTH_MEDIUM_SLOW,high,profile-derived-v1
1023,digimon,astamon,アスタモン,https://digimon.net/reference/detail.php?directory_name=astamon,完全体,魔人型,ウィルス,04c43d2d3042c5bcc9441acfbcf4c0abf956d9b5f9830600f7c67f67ef62eb95,224,power:究極:+5 ; attack:力:+2 ; attack:キック:+3 ; type:TYPE_FIGHTING:キック:profile:+2 ; type:TYPE_DARK:暗黒:profile:+2 ; type:TYPE_DARK:悪魔:profile:+4 ; type:TYPE_DARK:ダーク:profile:+2 ; type_choice:TYPE_DARK:8 ; growth:official_stage_plus_profile_power:medium_slow,109,132,109,109,109,109,677,TYPE_DARK,,resolved_profile_evidence,110,267,GROWTH_MEDIUM_SLOW,medium,profile-derived-v1
1024,digimon,asuramon,アシュラモン,https://digimon.net/reference/detail.php?directory_name=asuramon,完全体,魔人型,ワクチン,e9d462eb31d1f4abb2130b27f0e8d3c55f6f11698219ee9daadf600b03898070,281,power:最強:+8 ; power:神:+6 ; attack:力:+2 ; attack:拳:+6 ; attack:パンチ:+3 ; special_attack:光:+3 ; type:TYPE_FIGHTING:拳:profile:+2 ; type:TYPE_FIGHTING:拳:move:+4 ; type:TYPE_FIGHTING:パンチ:profile:+2 ; type_choice:TYPE_FIGHTING:8 ; growth:profile:slow,125,175,125,125,139,125,814,TYPE_FIGHTING,,resolved_profile_evidence,59,344,GROWTH_SLOW,medium,profile-derived-v1
1025,digimon,aegiochusmon:blue,アイギオテュースモン：ブルー,https://digimon.net/reference/detail.php?directory_name=aegiochusmon:blue,完全体,神人型,ワクチン,0f8ea95fe7330cb552f327e52a4ffb7c2bab389c262837d38079e189257563a4,390,power:究極:+5 ; power:神:+3 ; attack:パワー:+12 ; attack:力:+2 ; attack:斬:+3 ; attack:突進:+3 ; speed:飛翔:+3 ; special_attack:エネルギー:+3 ; special_attack:ビーム:+4 ; special_attack:データ:+4 ; type:TYPE_FLYING:飛翔:profile:+2 ; type:TYPE_ROCK:クリスタル:profile:+2 ; type:TYPE_STEEL:サイボーグ:profile:+6 ; type:TYPE_STEEL:メカ:profile:+6 ; type:TYPE_FAIRY:神人:official_type:+3 ; type:TYPE_FIGHTING:神人:official_type:+2 ; type_choice:TYPE_STEEL:12 ; growth:official_stage_plus_profile_power:medium_slow,114,204,114,128,164,114,838,TYPE_STEEL,,resolved_profile_evidence,59,348,GROWTH_MEDIUM_SLOW,high,profile-derived-v1
1026,digimon,aegiochusmon:dark,アイギオテュースモン：ダーク,https://digimon.net/reference/detail.php?directory_name=aegiochusmon:dark,完全体,神人型,ワクチン,1f5662cab3abdf2ffda49e52998aaa978267b27f8df1fcedeb547436bb10eda2,360,power:究極:+5 ; power:神:+3 ; attack:力:+2 ; special_attack:電撃:+8 ; special_attack:闇:+3 ; special_attack:データ:+4 ; type:TYPE_ELECTRIC:電撃:profile:+4 ; type:TYPE_ROCK:クリスタル:profile:+2 ; type:TYPE_DARK:闇:profile:+2 ; type:TYPE_DARK:邪悪:profile:+6 ; type:TYPE_FAIRY:神人:official_type:+3 ; type:TYPE_FIGHTING:神人:official_type:+2 ; type_choice:TYPE_DARK:8 ; growth:official_stage_plus_profile_power:medium_slow,114,123,114,114,182,114,761,TYPE_DARK,,resolved_profile_evidence,78,318,GROWTH_MEDIUM_SLOW,high,profile-derived-v1
1027,digimon,aegiochusmon:green,アイギオテュースモン：グリーン,https://digimon.net/reference/detail.php?directory_name=aegiochusmon:green,完全体,神人型,ワクチン,e9f00f83cf954bdea6f0c141a0f7488bef6a988a463e2d2c65f66ccf7f138af4,441,power:究極:+5 ; power:神:+3 ; attack:力:+2 ; attack:突進:+3 ; speed:高速:+5 ; speed:俊敏:+5 ; special_attack:データ:+4 ; type:TYPE_GRASS:植物:profile:+6 ; type:TYPE_ROCK:クリスタル:profile:+2 ; type:TYPE_FAIRY:神人:official_type:+3 ; type:TYPE_FIGHTING:神人:official_type:+2 ; type_choice:TYPE_GRASS:6 ; growth:official_stage_plus_profile_power:medium_slow,114,137,114,159,132,114,770,TYPE_GRASS,,resolved_profile_evidence,81,310,GROWTH_MEDIUM_SLOW,high,profile-derived-v1
1028,digimon,aegiochusmon,アイギオテュースモン,https://digimon.net/reference/detail.php?directory_name=aegiochusmon,完全体,神人型,ワクチン,e4b73ad3fee0a37e731a2d57bb317dce2aa0e3bbcba7fb93f518c693b67cb3a2,383,power:究極:+5 ; power:神:+3 ; attack:パワー:+4 ; attack:力:+6 ; attack:拳:+3 ; attack:突進:+3 ; defense:防御:+5 ; defense:鎧:+8 ; speed:高速:+5 ; special_attack:雷:+6 ; special_attack:データ:+4 ; type:TYPE_ELECTRIC:雷:profile:+4 ; type:TYPE_ELECTRIC:ライトニング:profile:+4 ; type:TYPE_ELECTRIC:ライトニング:move:+4 ; type:TYPE_FIGHTING:拳:profile:+2 ; type:TYPE_GROUND:地面:profile:+2 ; type:TYPE_ROCK:クリスタル:profile:+2 ; type:TYPE_DRAGON:竜:profile:+4 ; type:TYPE_FAIRY:神人:official_type:+3 ; type:TYPE_FIGHTING:神人:official_type:+2 ; type_choice:TYPE_ELECTRIC:12 ; growth:official_stage_plus_profile_power:medium_slow,114,186,173,137,159,114,883,TYPE_ELECTRIC,,resolved_profile_evidence,54,352,GROWTH_MEDIUM_SLOW,high,profile-derived-v1
1029,digimon,waspmon,ワスプモン,https://digimon.net/reference/detail.php?directory_name=waspmon,成熟期,サイボーグ型,ウィルス,89c1630e780df61ba000e829ab6851b0ea22d5b66d0e8863af6e1a99689c6998,286,power:強力:+3 ; attack:力:+4 ; speed:素早:+5 ; special_attack:エネルギー:+3 ; special_attack:レーザー:+8 ; type:TYPE_FLYING:空中:profile:+2 ; type:TYPE_STEEL:サイボーグ:profile:+2 ; type:TYPE_STEEL:サイボーグ:official_type:+5 ; type_choice:TYPE_STEEL:7 ; growth:official_stage_plus_profile_power:medium_fast,83,101,83,106,133,83,589,TYPE_STEEL,,resolved_profile_evidence,130,240,GROWTH_MEDIUM_FAST,medium,profile-derived-v1
1030,digimon,reppamon,レッパモン,https://digimon.net/reference/detail.php?directory_name=reppamon,成熟期,聖獣型,ワクチン,cf7729fa3d7274a080efbc509674d72a53c2fc7f99c0f6bc231c78ab5ea503c5,284,attack:爪:+6 ; attack:牙:+6 ; attack:斬:+6 ; type:TYPE_GRASS:森:profile:+4 ; type:TYPE_FAIRY:聖:official_type:+3 ; type:TYPE_NORMAL:獣型:official_type:+4 ; type:TYPE_FAIRY:聖獣:official_type:+4 ; type:TYPE_NORMAL:聖獣:official_type:+2 ; type_choice:TYPE_FAIRY:7 ; type_choice:TYPE_NORMAL:6 ; growth:official_stage_plus_profile_power:medium_fast,78,159,78,78,78,78,549,TYPE_FAIRY,TYPE_NORMAL,resolved_profile_evidence,138,233,GROWTH_MEDIUM_FAST,medium,profile-derived-v1
1031,digimon,redvegimon,レッドベジーモン,https://digimon.net/reference/detail.php?directory_name=redvegimon,成熟期,植物型,ウィルス,cc0dc7dbb7adda9b5acb416f7b1e6aebdc4ea1314eb97246a8e1f2bf8e4c8f99,207,attack:力:+2 ; special_attack:毒:+3 ; type:TYPE_POISON:毒:profile:+2 ; type:TYPE_POISON:毒素:profile:+2 ; type:TYPE_GRASS:植物:official_type:+5 ; type_choice:TYPE_GRASS:5 ; growth:profile:slow,78,87,78,78,92,78,491,TYPE_GRASS,,resolved_profile_evidence,162,188,GROWTH_SLOW,medium,profile-derived-v1
1032,digimon,lekismon,レキスモン,https://digimon.net/reference/detail.php?directory_name=lekismon,成熟期,獣人型,データ,53a5de205a505501412350ed2137125dfa51dc34b619bd1c3dde748fc2f97dfa,208,power:強力:+3 ; power:驚異:+3 ; power:神:+3 ; attack:力:+4 ; attack:キック:+9 ; speed:素早:+5 ; special_attack:氷:+3 ; type:TYPE_ICE:氷:profile:+2 ; type:TYPE_FIGHTING:キック:profile:+4 ; type:TYPE_FIGHTING:キック:move:+4 ; type:TYPE_PSYCHIC:催眠:profile:+2 ; type:TYPE_FIGHTING:獣人:official_type:+3 ; type:TYPE_NORMAL:獣人:official_type:+2 ; type_choice:TYPE_FIGHTING:11 ; growth:official_stage_plus_profile_power:medium_fast,94,153,94,117,108,94,660,TYPE_FIGHTING,,resolved_profile_evidence,102,282,GROWTH_MEDIUM_FAST,high,profile-derived-v1
1033,digimon,leomon,レオモン,https://digimon.net/reference/detail.php?directory_name=leomon,成熟期,獣人型,ワクチン,38cb49b58f59a2260b9fbbed69d36536a47618a86396958b0ead818c13d97c47,191,power:究極:+5 ; power:王:+6 ; attack:拳:+6 ; attack:刀:+3 ; attack:破壊:+4 ; type:TYPE_FIGHTING:拳:profile:+2 ; type:TYPE_FIGHTING:拳:move:+4 ; type:TYPE_FIGHTING:獣人:official_type:+3 ; type:TYPE_NORMAL:獣人:official_type:+2 ; type_choice:TYPE_FIGHTING:9 ; growth:official_stage_plus_profile_power:medium_fast,98,156,98,98,98,98,646,TYPE_FIGHTING,,resolved_profile_evidence,100,285,GROWTH_MEDIUM_FAST,medium,profile-derived-v1
1034,digimon,raremon,レアモン,https://digimon.net/reference/detail.php?directory_name=raremon,成熟期,アンデッド型,ウィルス,2e1aa188913962851b65bdf5327a1a457f636efbd127df926a6abfcfda56d191,195,hp:生命:+2 ; attack:力:+4 ; special_attack:データ:+2 ; type:TYPE_FIGHTING:筋肉:profile:+2 ; type:TYPE_GHOST:アンデッド:profile:+2 ; type:TYPE_STEEL:機械:profile:+4 ; type:TYPE_STEEL:機械化:profile:+2 ; type:TYPE_GHOST:アンデッド:official_type:+5 ; type:TYPE_DARK:アンデッド:official_type:+3 ; type_choice:TYPE_GHOST:7 ; type_choice:TYPE_STEEL:6 ; growth:profile:slow,87,96,78,78,87,78,504,TYPE_GHOST,TYPE_STEEL,resolved_profile_evidence,159,193,GROWTH_SLOW,medium,profile-derived-v1
1035,digimon,rukamon,ルカモン,https://digimon.net/reference/detail.php?directory_name=rukamon,成熟期,水棲哺乳類型,ワクチン,c3eaaf68e83f7e47d5625af01ec27de314e1e587bd8da68ae85b92e4f1817650,210,attack:力:+2 ; speed:高速:+5 ; special_attack:音波:+4 ; type:TYPE_WATER:海:profile:+4 ; type:TYPE_WATER:水棲:profile:+2 ; type:TYPE_NORMAL:哺乳類:profile:+2 ; type:TYPE_WATER:水棲:official_type:+5 ; type_choice:TYPE_WATER:11 ; growth:official_stage_plus_profile_power:medium_fast,78,87,78,100,96,78,517,TYPE_WATER,,resolved_profile_evidence,156,199,GROWTH_MEDIUM_FAST,medium,profile-derived-v1
1036,digimon,revolmon,リボルモン,https://digimon.net/reference/detail.php?directory_name=revolmon,成熟期,突然変異型,ワクチン,8479af5094566b6a624910aaf90deb08d38165f88e48405fb8307fb90e295aef,265,attack:力:+2 ; type:TYPE_NORMAL:突然変異:official_type:+3 ; type_candidate:TYPE_NORMAL:3 ; type_placeholder:TYPE_NORMAL:low_evidence ; growth:official_stage_plus_profile_power:medium_fast,78,87,78,78,78,78,477,TYPE_NORMAL,,unresolved_low_type_evidence,166,182,GROWTH_MEDIUM_FAST,low,profile-derived-v1
1037,digimon,raptordramon,ラプタードラモン,https://digimon.net/reference/detail.php?directory_name=raptordramon,成熟期,サイボーグ型,ワクチン,11d17423c650af0a5c60dd72ee0c49cf755791a4004d9d4578fc9a2713f45e41,287,power:小型:-1 ; attack:力:+6 ; defense:装甲:+5 ; speed:一瞬:+3 ; speed:飛翔:+3 ; type:TYPE_FLYING:飛翔:profile:+2 ; type:TYPE_STEEL:サイボーグ:profile:+2 ; type:TYPE_STEEL:装甲:profile:+2 ; type:TYPE_STEEL:サイボーグ:official_type:+5 ; type_choice:TYPE_STEEL:9 ; growth:official_stage_plus_profile_power:medium_fast,76,103,99,103,76,76,533,TYPE_STEEL,,resolved_profile_evidence,152,204,GROWTH_MEDIUM_FAST,medium,profile-derived-v1
1038,digimon,liamon,ライアモン,https://digimon.net/reference/detail.php?directory_name=liamon,成熟期,聖獣型,ワクチン,e7a66c7ae9a68b38f7289360ecb8a4c27e4afc93a64739089b14065046bae275,206,power:究極:+5 ; power:王:+2 ; special_attack:電気:+3 ; special_defense:聖:+2 ; type:TYPE_ELECTRIC:電気:profile:+2 ; type:TYPE_ELECTRIC:サンダー:profile:+2 ; type:TYPE_ELECTRIC:サンダー:move:+4 ; type:TYPE_FAIRY:聖:profile:+2 ; type:TYPE_FAIRY:聖:official_type:+3 ; type:TYPE_NORMAL:獣型:official_type:+4 ; type:TYPE_FAIRY:聖獣:official_type:+4 ; type:TYPE_NORMAL:聖獣:official_type:+2 ; type_choice:TYPE_FAIRY:9 ; type_choice:TYPE_ELECTRIC:8 ; growth:profile:slow,91,91,91,91,104,100,568,TYPE_FAIRY,TYPE_ELECTRIC,resolved_profile_evidence,133,231,GROWTH_SLOW,high,profile-derived-v1
1039,digimon,youkomon,ヨウコモン,https://digimon.net/reference/detail.php?directory_name=youkomon,成熟期,妖獣型,データ,0618fb5e9fd3e3d0e21367437c2224db69d0c50255a5004e650a4f57a5fe25fe,199,power:強大:+4 ; power:神:+3 ; hp:巨大:+2 ; attack:力:+4 ; special_attack:炎:+9 ; special_attack:火:+2 ; special_attack:熱:+2 ; special_defense:精神:+4 ; type:TYPE_FIRE:炎:profile:+4 ; type:TYPE_FIRE:炎:move:+4 ; type:TYPE_FIRE:灼熱:profile:+2 ; type:TYPE_PSYCHIC:精神:profile:+2 ; type:TYPE_DRAGON:龍:profile:+4 ; type:TYPE_DRAGON:龍:move:+4 ; type:TYPE_NORMAL:獣型:official_type:+4 ; type:TYPE_FAIRY:妖獣:official_type:+3 ; type:TYPE_DARK:妖獣:official_type:+2 ; type_choice:TYPE_FIRE:10 ; type_choice:TYPE_DRAGON:8 ; growth:official_stage_plus_profile_power:medium_fast,100,109,91,91,149,109,649,TYPE_FIRE,TYPE_DRAGON,resolved_profile_evidence,108,272,GROWTH_MEDIUM_FAST,high,profile-derived-v1
1040,digimon,yunimon,ユニモン,https://digimon.net/reference/detail.php?directory_name=yunimon,成熟期,幻獣型,ワクチン,fbcad617dbd812215e8aacfa17033668fee8396f23d6e42a07e73a0cfe0e2df8,166,speed:瞬時:+4 ; special_defense:聖:+2 ; type:TYPE_FLYING:翼:profile:+2 ; type:TYPE_FLYING:羽:profile:+2 ; type:TYPE_FAIRY:聖:profile:+2 ; type:TYPE_NORMAL:獣型:official_type:+4 ; type_candidate:TYPE_FLYING:4 ; type_placeholder:TYPE_NORMAL:low_evidence ; growth:official_stage_plus_profile_power:medium_fast,78,78,78,96,78,87,495,TYPE_NORMAL,,unresolved_low_type_evidence,161,191,GROWTH_MEDIUM_FAST,medium,profile-derived-v1
1041,digimon,yukidarumon,ユキダルモン,https://digimon.net/reference/detail.php?directory_name=yukidarumon,成熟期,氷雪型,ワクチン,3c20d5dbe7fc3fcbd2b2e768272b2253d65075392deaeb2eec5c97a62834e54d,165,attack:パンチ:+6 ; special_attack:氷:+6 ; type:TYPE_GRASS:草:profile:+2 ; type:TYPE_ICE:氷:profile:+4 ; type:TYPE_ICE:雪:profile:+4 ; type:TYPE_FIGHTING:パンチ:profile:+2 ; type:TYPE_FIGHTING:パンチ:move:+4 ; type_choice:TYPE_ICE:8 ; type_choice:TYPE_FIGHTING:6 ; growth:official_stage_plus_profile_power:medium_fast,78,105,78,78,105,78,522,TYPE_ICE,TYPE_FIGHTING,resolved_profile_evidence,154,202,GROWTH_MEDIUM_FAST,medium,profile-derived-v1
1042,digimon,monochromon,モノクロモン,https://digimon.net/reference/detail.php?directory_name=monochromon,成熟期,鎧竜型,データ,1abc3c98f11751e3d538049775306d3894d452f2cfab249b02e4000310e3227c,217,power:強力:+3 ; hp:巨大:+2 ; attack:力:+2 ; defense:鎧:+4 ; defense:硬質:+4 ; special_attack:炎:+3 ; special_attack:火:+2 ; type:TYPE_FIRE:炎:profile:+2 ; type:TYPE_FIRE:火炎:profile:+2 ; type:TYPE_GRASS:草:profile:+2 ; type:TYPE_DRAGON:竜:profile:+2 ; type:TYPE_DRAGON:竜:official_type:+5 ; type_choice:TYPE_DRAGON:7 ; growth:official_stage_plus_profile_power:medium_fast,92,92,119,83,106,83,575,TYPE_DRAGON,,resolved_profile_evidence,136,230,GROWTH_MEDIUM_FAST,high,profile-derived-v1
1043,digimon,mojyamon,モジャモン,https://digimon.net/reference/detail.php?directory_name=mojyamon,成熟期,珍獣型,ワクチン,7fce63e0de0352038015062df60195cf5746843064508b77b12ab5fff6291096,244,hp:巨大:+2 ; speed:瞬時:+4 ; special_attack:氷:+6 ; special_defense:聖:+4 ; type:TYPE_ICE:氷:profile:+4 ; type:TYPE_ICE:凍:profile:+2 ; type:TYPE_ICE:雪:profile:+2 ; type:TYPE_FAIRY:聖:profile:+4 ; type:TYPE_NORMAL:獣型:official_type:+4 ; type_choice:TYPE_ICE:8 ; growth:profile:slow,87,78,78,96,105,96,540,TYPE_ICE,,resolved_profile_evidence,150,207,GROWTH_SLOW,medium,profile-derived-v1
1044,digimon,meramon,メラモン,https://digimon.net/reference/detail.php?directory_name=meramon,成熟期,火炎型,データ,a0f44c9c09e6b9b712e365e775ddec9451c729acdf96b2424cda1e39550dd16e,203,attack:力:+2 ; attack:牙:+3 ; defense:防御:+5 ; defense:防ぐ:+3 ; special_attack:炎:+9 ; special_attack:火:+4 ; type:TYPE_FIRE:炎:profile:+6 ; type:TYPE_FIRE:火炎:profile:+2 ; type:TYPE_FIRE:火炎:official_type:+6 ; type_choice:TYPE_FIRE:14 ; growth:official_stage_plus_profile_power:medium_fast,78,100,114,78,136,78,584,TYPE_FIRE,,resolved_profile_evidence,136,232,GROWTH_MEDIUM_FAST,medium,profile-derived-v1
1045,digimon,mechanorimon,メカノリモン,https://digimon.net/reference/detail.php?directory_name=mechanorimon,成熟期,マシーン型,ウィルス,29d75f936a354acf7ca44e1f6d44e3b79a6589110e9989cc19df1a24ca0a6b00,280,power:小型:-1 ; attack:パワー:+8 ; attack:パンチ:+3 ; special_attack:ビーム:+8 ; type:TYPE_FIGHTING:パンチ:profile:+2 ; type:TYPE_STEEL:メカ:profile:+2 ; type:TYPE_STEEL:マシーン:official_type:+5 ; type_choice:TYPE_STEEL:7 ; growth:official_stage_plus_profile_power:medium_fast,76,126,76,76,112,76,542,TYPE_STEEL,,resolved_profile_evidence,146,217,GROWTH_MEDIUM_FAST,medium,profile-derived-v1
1046,digimon,musyamon,ムシャモン,https://digimon.net/reference/detail.php?directory_name=musyamon,成熟期,魔人型,ウィルス,ab9563e67ad9d639f9b08a77adba0394ad906a181d20beff223487a7c187f5f5,318,power:王:+2 ; hp:生命力:+10 ; hp:生命:+4 ; attack:力:+6 ; attack:剣:+3 ; attack:刀:+6 ; attack:斬:+3 ; defense:鎧:+4 ; special_attack:呪:+4 ; special_attack:データ:+2 ; type:TYPE_WATER:海:profile:+2 ; type:TYPE_FLYING:鳥:profile:+4 ; type_candidate:TYPE_FLYING:4 ; type_placeholder:TYPE_NORMAL:low_evidence ; growth:official_stage_plus_profile_power:medium_fast,145,163,100,82,109,82,681,TYPE_NORMAL,,unresolved_low_type_evidence,108,274,GROWTH_MEDIUM_FAST,medium,profile-derived-v1
1047,digimon,minotaurmon,ミノタルモン,https://digimon.net/reference/detail.php?directory_name=minotaurmon,成熟期,獣人型,ウィルス,498825c792c3e8f5645c49b4685220cbe76095a95d270fcb458fb566b7b21eb6,144,power:強力:+3 ; hp:頑丈:+3 ; attack:パワー:+4 ; attack:力:+2 ; defense:頑丈:+4 ; type:TYPE_GROUND:大地:profile:+2 ; type:TYPE_GROUND:地震:profile:+2 ; type:TYPE_DARK:暗黒:profile:+2 ; type:TYPE_DARK:ダーク:profile:+4 ; type:TYPE_DARK:ダーク:move:+4 ; type:TYPE_FIGHTING:獣人:official_type:+3 ; type:TYPE_NORMAL:獣人:official_type:+2 ; type_choice:TYPE_DARK:10 ; growth:official_stage_plus_profile_power:medium_fast,97,110,101,83,83,83,557,TYPE_DARK,,resolved_profile_evidence,141,221,GROWTH_MEDIUM_FAST,high,profile-derived-v1
1048,digimon,mikemon,ミケモン,https://digimon.net/reference/detail.php?directory_name=mikemon,成熟期,獣型,データ,c13806a8924ab95198594208457e45bb5e2b4726704ccf181aaf44af356d0406,187,attack:格闘:+4 ; attack:パンチ:+6 ; attack:爪:+3 ; defense:硬質:+4 ; speed:素早:+5 ; special_attack:データ:+2 ; special_defense:聖:+2 ; type:TYPE_FIGHTING:格闘:profile:+2 ; type:TYPE_FIGHTING:パンチ:profile:+2 ; type:TYPE_FIGHTING:パンチ:move:+4 ; type:TYPE_FAIRY:聖:profile:+2 ; type:TYPE_NORMAL:獣型:official_type:+4 ; type_choice:TYPE_FIGHTING:8 ; growth:profile:slow,78,136,96,100,87,87,584,TYPE_FIGHTING,,resolved_profile_evidence,136,232,GROWTH_SLOW,high,profile-derived-v1
1049,digimon,porcupamon,ポキュパモン,https://digimon.net/reference/detail.php?directory_name=porcupamon,成熟期,パペット型,ウィルス,9830a2cf89355a5440b5f1e626c86e5ceb84b5117bfa5965ca0d0011b11d58f2,215,attack:爪:+3 ; special_attack:データ:+2 ; type:TYPE_DARK:邪悪:profile:+2 ; type:TYPE_DARK:ダーク:profile:+6 ; type:TYPE_NORMAL:パペット:official_type:+2 ; type:TYPE_GHOST:パペット:official_type:+2 ; type_choice:TYPE_DARK:8 ; growth:official_stage_plus_profile_power:medium_fast,78,92,78,78,87,78,491,TYPE_DARK,,resolved_profile_evidence,162,188,GROWTH_MEDIUM_FAST,medium,profile-derived-v1
1050,digimon,peckmon,ペックモン,https://digimon.net/reference/detail.php?directory_name=peckmon,成熟期,鳥型,ワクチン,c2132152874ed57d3ba35f35bae9d5a92fad2b56115a41cc78045e531364673f,152,hp:巨大:+2 ; attack:力:+2 ; attack:爪:+3 ; attack:粉砕:+5 ; speed:高速:+5 ; speed:走:+2 ; type:TYPE_FLYING:鳥:profile:+2 ; type:TYPE_FLYING:羽:profile:+6 ; type:TYPE_FLYING:羽:move:+4 ; type:TYPE_STEEL:鋼:profile:+2 ; type:TYPE_STEEL:鉄:profile:+2 ; type:TYPE_FLYING:鳥:official_type:+5 ; type_choice:TYPE_FLYING:17 ; growth:official_stage_plus_profile_power:medium_fast,87,123,78,110,78,78,554,TYPE_FLYING,,resolved_profile_evidence,144,218,GROWTH_MEDIUM_FAST,high,profile-derived-v1
1051,digimon,vegimon,ベジーモン,https://digimon.net/reference/detail.php?directory_name=vegimon,成熟期,食虫植物型,ウィルス,825de7ad159de65e6188be28580e31b5367aca5f0f1b66e7743fd7994a0ae561,156,power:小型:-1 ; attack:力:+2 ; attack:刀:+3 ; type:TYPE_GRASS:植物:profile:+2 ; type:TYPE_GRASS:花:profile:+2 ; type:TYPE_GRASS:植物:official_type:+5 ; type_choice:TYPE_GRASS:9 ; growth:official_stage_plus_profile_power:medium_fast,76,99,76,76,76,76,479,TYPE_GRASS,,resolved_profile_evidence,163,188,GROWTH_MEDIUM_FAST,medium,profile-derived-v1
1052,digimon,bladekuwagamon,ブレイドクワガーモン,https://digimon.net/reference/detail.php?directory_name=bladekuwagamon,成熟期,マシーン型,ウィルス,a8693853b19ae140f4ecf8374ab27f925b29608a49965418332a19f8050f575c,166,power:究極:+5 ; special_attack:光:+3 ; type:TYPE_BUG:昆虫:profile:+2 ; type:TYPE_STEEL:マシーン:profile:+2 ; type:TYPE_STEEL:マシーン:official_type:+5 ; type_choice:TYPE_STEEL:7 ; growth:profile:slow,87,87,87,87,100,87,535,TYPE_STEEL,,resolved_profile_evidence,143,216,GROWTH_SLOW,medium,profile-derived-v1
1053,digimon,flarelizamon,フレアリザモン,https://digimon.net/reference/detail.php?directory_name=flarelizamon,成熟期,火炎竜型,データ,f121c9beb4370c2d411445262fb6559e20ddee78b71f686b6be74d7da26aeffc,240,power:超高:+3 ; hp:再生:+4 ; hp:巨大:+2 ; attack:パワー:+4 ; attack:力:+2 ; special_attack:炎:+9 ; special_attack:火:+6 ; special_attack:熱:+4 ; special_defense:再生:+3 ; type:TYPE_FIRE:炎:profile:+6 ; type:TYPE_FIRE:火炎:profile:+4 ; type:TYPE_FIRE:フレイム:profile:+4 ; type:TYPE_FIRE:フレイム:move:+8 ; type:TYPE_DRAGON:竜:profile:+4 ; type:TYPE_DRAGON:竜:official_type:+5 ; type:TYPE_FIRE:火炎:official_type:+6 ; type_choice:TYPE_FIRE:28 ; growth:official_stage_plus_profile_power:medium_fast,110,110,83,83,169,97,652,TYPE_FIRE,,resolved_profile_evidence,111,272,GROWTH_MEDIUM_FAST,high,profile-derived-v1
1054,digimon,blimpmon,ブリンプモン,https://digimon.net/reference/detail.php?directory_name=blimpmon,成熟期,マシーン型,データ,83697bb834486f2383b2f14f8c73ca25164c7e174474a14c8e05e88874503bc2,166,special_attack:爆発:+3 ; type:TYPE_FLYING:大空:profile:+2 ; type:TYPE_STEEL:金属:profile:+2 ; type:TYPE_STEEL:メカ:profile:+2 ; type:TYPE_STEEL:マシーン:official_type:+5 ; type_choice:TYPE_STEEL:9 ; growth:official_stage_plus_profile_power:medium_fast,78,78,78,78,92,78,482,TYPE_STEEL,,resolved_profile_evidence,164,186,GROWTH_MEDIUM_FAST,medium,profile-derived-v1
1055,digimon,blacktailmon,ブラックテイルモン,https://digimon.net/reference/detail.php?directory_name=blacktailmon,成熟期,魔獣型,ウィルス,c88e63c8adaa5d3e488d3071ca99aefd1c81cfd4b877e9ed12f5927ed838308d,193,power:弱い:-4 ; attack:パンチ:+6 ; special_attack:闇:+3 ; type:TYPE_FIGHTING:パンチ:profile:+2 ; type:TYPE_FIGHTING:パンチ:move:+4 ; type:TYPE_DARK:闇:profile:+2 ; type:TYPE_DARK:暗黒:profile:+2 ; type:TYPE_FAIRY:天使:profile:+2 ; type:TYPE_NORMAL:獣型:official_type:+4 ; type:TYPE_DARK:魔獣:official_type:+4 ; type:TYPE_NORMAL:魔獣:official_type:+2 ; type_choice:TYPE_DARK:8 ; type_choice:TYPE_FIGHTING:6 ; growth:official_stage_plus_profile_power:medium_fast,71,98,71,71,84,71,466,TYPE_DARK,TYPE_FIGHTING,resolved_profile_evidence,166,184,GROWTH_MEDIUM_FAST,high,profile-derived-v1
1056,digimon,blackgrowmon,ブラックグラウモン,https://digimon.net/reference/detail.php?directory_name=blackgrowmon,成熟期,魔竜型,ウィルス,396acba090ccf20ec915f472257adf2510ec6ba8163b843e6e61f7f115f8839e,244,power:強力:+3 ; attack:力:+4 ; special_attack:炎:+3 ; special_attack:火:+2 ; type:TYPE_FIRE:炎:profile:+2 ; type:TYPE_FIRE:火炎:profile:+2 ; type:TYPE_FIRE:フレイム:profile:+2 ; type:TYPE_FIRE:フレイム:move:+4 ; type:TYPE_GROUND:大地:profile:+2 ; type:TYPE_DRAGON:竜:profile:+4 ; type:TYPE_DRAGON:竜:official_type:+5 ; type_choice:TYPE_FIRE:10 ; type_choice:TYPE_DRAGON:9 ; growth:official_stage_plus_profile_power:medium_fast,83,101,83,83,106,83,539,TYPE_FIRE,TYPE_DRAGON,resolved_profile_evidence,145,214,GROWTH_MEDIUM_FAST,high,profile-derived-v1
1057,digimon,platinasukamon,プラチナスカモン,https://digimon.net/reference/detail.php?directory_name=platinasukamon,成熟期,突然変異型,ウィルス,b8102d1e559d4a6e04af78d8679270e09ebee2171bc7103551681e1c5235b2ec,128,attack:パワー:+4 ; attack:力:+2 ; special_attack:光:+3 ; special_attack:データ:+2 ; type:TYPE_STEEL:金属:profile:+2 ; type:TYPE_NORMAL:突然変異:official_type:+3 ; type_candidate:TYPE_NORMAL:3 ; type_placeholder:TYPE_NORMAL:low_evidence ; growth:official_stage_plus_profile_power:medium_fast,78,105,78,78,100,78,517,TYPE_NORMAL,,unresolved_low_type_evidence,155,201,GROWTH_MEDIUM_FAST,medium,profile-derived-v1
1058,digimon,flymon,フライモン,https://digimon.net/reference/detail.php?directory_name=flymon,成熟期,昆虫型,ウィルス,925fb378b77c51004faf12caf24ca522e41b109786746069a837264fd5e9324d,271,power:強力:+3 ; power:超高:+3 ; power:超強:+4 ; hp:巨大:+6 ; attack:力:+2 ; attack:爪:+3 ; defense:硬い:+4 ; speed:高速:+5 ; speed:超高速:+7 ; speed:飛行:+2 ; special_attack:毒:+9 ; type:TYPE_POISON:毒:profile:+6 ; type:TYPE_FLYING:飛行:profile:+2 ; type:TYPE_FLYING:羽:profile:+4 ; type:TYPE_BUG:昆虫:profile:+4 ; type:TYPE_BUG:昆虫:official_type:+5 ; type_choice:TYPE_BUG:9 ; type_choice:TYPE_FLYING:6 ; growth:official_stage_plus_profile_power:medium_fast,123,118,114,159,136,96,746,TYPE_BUG,TYPE_FLYING,resolved_profile_evidence,82,309,GROWTH_MEDIUM_FAST,high,profile-derived-v1
1059,digimon,hookmon,フックモン,https://digimon.net/reference/detail.php?directory_name=hookmon,成熟期,突然変異型,ウィルス,56a40032aed66c144cf6f3aabea9da4072d58edee93e49b65d83447f9b80637e,128,stats:balanced:no_specialization_signal_in_official_text ; type:TYPE_WATER:海:profile:+6 ; type:TYPE_NORMAL:突然変異:official_type:+3 ; type_choice:TYPE_WATER:6 ; growth:official_stage_plus_profile_power:medium_fast,78,78,78,78,78,78,468,TYPE_WATER,,resolved_profile_evidence,170,176,GROWTH_MEDIUM_FAST,low,profile-derived-v1
1060,digimon,boogiemon,ブギーモン,https://digimon.net/reference/detail.php?directory_name=boogiemon,成熟期,魔人型,ウィルス,ae81a734364ae92a7ea843a191b5c997c48eee312b2870b06a4ec887de7959f7,123,special_attack:呪:+8 ; type:TYPE_DARK:邪悪:profile:+2 ; type_candidate:TYPE_DARK:2 ; type_placeholder:TYPE_NORMAL:low_evidence ; growth:official_stage_plus_profile_power:medium_fast,78,78,78,78,114,78,504,TYPE_NORMAL,,unresolved_low_type_evidence,156,202,GROWTH_MEDIUM_FAST,low,profile-derived-v1
1061,digimon,fugamon,フーガモン,https://digimon.net/reference/detail.php?directory_name=fugamon,成熟期,鬼人型,ウィルス,aa6dbfde2ce7a13c2aa07a7c94787d875294b7e0741b9af30595568c7a3b7509,122,power:凄まじ:+3 ; attack:パワー:+4 ; attack:破壊:+4 ; type:TYPE_FIGHTING:筋肉:profile:+2 ; type_candidate:TYPE_FIGHTING:2 ; type_placeholder:TYPE_NORMAL:low_evidence ; growth:official_stage_plus_profile_power:medium_fast,83,119,83,83,83,83,534,TYPE_NORMAL,,unresolved_low_type_evidence,143,219,GROWTH_MEDIUM_FAST,medium,profile-derived-v1
1062,digimon,v-dramon,ブイドラモン,https://digimon.net/reference/detail.php?directory_name=v-dramon,成熟期,幻竜型,ワクチン,5cf9f8b10c5a1352c904247b002dcc80ad2a6f6388341fe7afd80c37b520a7c0,258,attack:パワー:+4 ; attack:力:+2 ; special_attack:熱:+4 ; type:TYPE_DRAGON:竜:official_type:+5 ; type_choice:TYPE_DRAGON:5 ; growth:profile:slow,78,105,78,78,96,78,513,TYPE_DRAGON,,resolved_profile_evidence,156,200,GROWTH_SLOW,medium,profile-derived-v1
1063,digimon,fangmon,ファングモン,https://digimon.net/reference/detail.php?directory_name=fangmon,成熟期,魔獣型,データ,8cf8657de7ee6a02d0ac0a609c517562219fff898faa51dcc34ecf6403e423ea,214,special_attack:光:+3 ; special_attack:闇:+3 ; special_attack:データ:+2 ; type:TYPE_GRASS:森:profile:+2 ; type:TYPE_DARK:闇:profile:+2 ; type:TYPE_NORMAL:獣型:official_type:+4 ; type:TYPE_DARK:魔獣:official_type:+4 ; type:TYPE_NORMAL:魔獣:official_type:+2 ; type_choice:TYPE_DARK:6 ; type_choice:TYPE_NORMAL:6 ; growth:official_stage_plus_profile_power:medium_fast,78,78,78,78,114,78,504,TYPE_DARK,TYPE_NORMAL,resolved_profile_evidence,156,202,GROWTH_MEDIUM_FAST,medium,profile-derived-v1
1064,digimon,firamon,ファイラモン,https://digimon.net/reference/detail.php?directory_name=firamon,成熟期,獣型,ワクチン,cbf19e184cbcb24439eb9b60f5f0f279d70d186c156530bf36e6dca6e3aa782b,158,attack:力:+2 ; special_attack:炎:+9 ; special_attack:火:+2 ; special_defense:守護:+4 ; type:TYPE_FIRE:炎:profile:+6 ; type:TYPE_FIRE:火炎:profile:+2 ; type:TYPE_FIRE:フレイム:profile:+2 ; type:TYPE_FIRE:フレイム:move:+4 ; type:TYPE_NORMAL:獣型:official_type:+4 ; type_choice:TYPE_FIRE:14 ; growth:official_stage_plus_profile_power:medium_fast,78,87,78,78,128,96,545,TYPE_FIRE,,resolved_profile_evidence,145,218,GROWTH_MEDIUM_FAST,medium,profile-derived-v1
1065,digimon,hyougamon,ヒョーガモン,https://digimon.net/reference/detail.php?directory_name=hyougamon,成熟期,氷雪型,ウィルス,4ca422a292ec4631dacf4eb83eb45487dc85553147f31e7ed6f2110bcde85d1b,103,attack:パンチ:+9 ; special_attack:冷気:+3 ; type:TYPE_ICE:冷気:profile:+2 ; type:TYPE_FIGHTING:パンチ:profile:+4 ; type:TYPE_FIGHTING:パンチ:move:+4 ; type_choice:TYPE_FIGHTING:8 ; growth:official_stage_plus_profile_power:medium_fast,78,118,78,78,92,78,522,TYPE_FIGHTING,,resolved_profile_evidence,151,208,GROWTH_MEDIUM_FAST,medium,profile-derived-v1
1066,digimon,petermon,ピーターモン,https://digimon.net/reference/detail.php?directory_name=petermon,成熟期,妖精型,データ,374b7b354870eb7fbb406454e060f961e6bc3a01ec3ca45b1bdc90872782afab,335,attack:剣:+6 ; type:TYPE_FAIRY:妖精:official_type:+5 ; type_choice:TYPE_FAIRY:5 ; growth:official_stage_plus_profile_power:medium_fast,78,105,78,78,78,78,495,TYPE_FAIRY,,resolved_profile_evidence,159,195,GROWTH_MEDIUM_FAST,low,profile-derived-v1
1067,digimon,hanumon,ハヌモン,https://digimon.net/reference/detail.php?directory_name=hanumon,成熟期,獣人型,ワクチン,8d8ecdf14334d32e87a1e73ad1bf77c4a482dd1cdbd15e6dd5dc321da295ac98,212,attack:力:+2 ; speed:高速:+5 ; type:TYPE_STEEL:金属:profile:+2 ; type:TYPE_FIGHTING:獣人:official_type:+3 ; type:TYPE_NORMAL:獣人:official_type:+2 ; type_candidate:TYPE_FIGHTING:3 ; type_placeholder:TYPE_NORMAL:low_evidence ; growth:official_stage_plus_profile_power:medium_fast,78,87,78,100,78,78,499,TYPE_NORMAL,,unresolved_low_type_evidence,159,194,GROWTH_MEDIUM_FAST,medium,profile-derived-v1
1068,digimon,bakemon,バケモン,https://digimon.net/reference/detail.php?directory_name=bakemon,成熟期,ゴースト型,ウィルス,bf86ed3e748a49cf9b16700f9aa5ba150ff14bf76791505eed99fa5223500b04,220,power:強力:+3 ; power:神:+3 ; attack:力:+4 ; attack:破壊:+4 ; speed:一瞬:+3 ; special_attack:呪:+4 ; special_attack:闇:+3 ; special_defense:精神:+4 ; special_defense:霊:+3 ; type:TYPE_PSYCHIC:精神:profile:+2 ; type:TYPE_GHOST:幽霊:profile:+2 ; type:TYPE_GHOST:霊:profile:+2 ; type:TYPE_DARK:闇:profile:+2 ; type:TYPE_DARK:邪悪:profile:+2 ; type_candidate:TYPE_DARK:4 ; type_placeholder:TYPE_NORMAL:low_evidence ; growth:official_stage_plus_profile_power:medium_fast,89,125,89,102,120,120,645,TYPE_NORMAL,,unresolved_low_type_evidence,116,258,GROWTH_MEDIUM_FAST,medium,profile-derived-v1
1069,digimon,baohuckmon,バオハックモン,https://digimon.net/reference/detail.php?directory_name=baohuckmon,成熟期,恐竜型,データ,a7f71f4cb6032d41941d171c50fb963f16e11ac1492e19a6b18503f60421beea,284,attack:力:+2 ; attack:爪:+3 ; attack:斬:+3 ; type:TYPE_FIRE:フレイム:profile:+2 ; type:TYPE_FIRE:フレイム:move:+4 ; type:TYPE_DRAGON:竜:official_type:+5 ; type:TYPE_DRAGON:恐竜:official_type:+3 ; type_choice:TYPE_DRAGON:8 ; type_choice:TYPE_FIRE:6 ; growth:official_stage_plus_profile_power:medium_fast,78,114,78,78,78,78,504,TYPE_DRAGON,TYPE_FIRE,resolved_profile_evidence,156,202,GROWTH_MEDIUM_FAST,medium,profile-derived-v1
1070,digimon,birdramon,バードラモン,https://digimon.net/reference/detail.php?directory_name=birdramon,成熟期,巨鳥型,ワクチン,ffc238ad9ce69cd86dd1cb222e2d492162d8d073b96666c86d729be95a7d94fc,161,hp:巨大:+2 ; defense:防御:+5 ; special_attack:炎:+3 ; type:TYPE_FIRE:炎:profile:+2 ; type:TYPE_FLYING:翼:profile:+4 ; type:TYPE_FLYING:大空:profile:+2 ; type:TYPE_FLYING:鳥:profile:+2 ; type:TYPE_FLYING:羽:profile:+6 ; type:TYPE_FLYING:鳥:official_type:+5 ; type_choice:TYPE_FLYING:19 ; growth:official_stage_plus_profile_power:medium_fast,87,78,100,78,92,78,513,TYPE_FLYING,,resolved_profile_evidence,157,198,GROWTH_MEDIUM_FAST,medium,profile-derived-v1
1071,digimon,numemon,ヌメモン,https://digimon.net/reference/detail.php?directory_name=numemon,成熟期,軟体型,ウィルス,9ac5570b3ac13f0cfa651aaced6bb7e9f7d2dda257e5d02b41412a45a3ac5895,126,attack:力:+2 ; type_placeholder:TYPE_NORMAL:no_specialized_affinity_evidence ; growth:official_stage_plus_profile_power:medium_fast,78,87,78,78,78,78,477,TYPE_NORMAL,,unresolved_no_specialized_type_evidence,166,182,GROWTH_MEDIUM_FAST,low,profile-derived-v1
1072,digimon,nisedrimogemon,ニセドリモゲモン,https://digimon.net/reference/detail.php?directory_name=nisedrimogemon,成熟期,獣型,データ,6da508faf4a1542683d882ebab5b36e84c60ee751d909842e532e8bb1ef3e4cb,114,hp:巨大:+2 ; type:TYPE_NORMAL:獣型:official_type:+4 ; type_candidate:TYPE_NORMAL:4 ; type_placeholder:TYPE_NORMAL:low_evidence ; growth:official_stage_plus_profile_power:medium_fast,87,78,78,78,78,78,477,TYPE_NORMAL,,unresolved_low_type_evidence,166,182,GROWTH_MEDIUM_FAST,low,profile-derived-v1
1073,digimon,nanimon,ナニモン,https://digimon.net/reference/detail.php?directory_name=nanimon,成熟期,インベイド型,ウィルス,1ee58a95f308dfe32120bbf6bbc2d4ac4e82c0848bee23d3d1ced4a31db4c9d2,227,power:究極:+5 ; attack:力:+2 ; type_placeholder:TYPE_NORMAL:no_specialized_affinity_evidence ; growth:official_stage_plus_profile_power:medium_fast,87,96,87,87,87,87,531,TYPE_NORMAL,,unresolved_no_specialized_type_evidence,145,213,GROWTH_MEDIUM_FAST,low,profile-derived-v1
1074,digimon,knightchessmon,ナイトチェスモン（白）,https://digimon.net/reference/detail.php?directory_name=knightchessmon,成熟期,パペット型,ウィルス,abac52f0e8ea98a5ce8422d6b64a97336ee676a9e5e45dbc839b432f86f43868,141,power:強力:+3 ; power:弱い:-4 ; hp:巨大:+2 ; attack:力:+4 ; attack:突進:+3 ; type:TYPE_NORMAL:パペット:official_type:+2 ; type:TYPE_GHOST:パペット:official_type:+2 ; type_candidate:TYPE_GHOST:2 ; type_placeholder:TYPE_NORMAL:low_evidence ; growth:official_stage_plus_profile_power:medium_fast,85,108,76,76,76,76,497,TYPE_NORMAL,,unresolved_low_type_evidence,158,197,GROWTH_MEDIUM_FAST,medium,profile-derived-v1
1075,digimon,knightchessmon_black,ナイトチェスモン（黒）,https://digimon.net/reference/detail.php?directory_name=knightchessmon_black,成熟期,パペット型,ウィルス,abac52f0e8ea98a5ce8422d6b64a97336ee676a9e5e45dbc839b432f86f43868,141,power:強力:+3 ; power:弱い:-4 ; hp:巨大:+2 ; attack:力:+4 ; attack:突進:+3 ; type:TYPE_NORMAL:パペット:official_type:+2 ; type:TYPE_GHOST:パペット:official_type:+2 ; type_candidate:TYPE_GHOST:2 ; type_placeholder:TYPE_NORMAL:low_evidence ; growth:official_stage_plus_profile_power:medium_fast,85,108,76,76,76,76,497,TYPE_NORMAL,,unresolved_low_type_evidence,158,197,GROWTH_MEDIUM_FAST,medium,profile-derived-v1
1076,digimon,dorugamon,ドルガモン,https://digimon.net/reference/detail.php?directory_name=dorugamon,成熟期,獣竜型,データ,4439000ad8e5c82288a0ca21f087f70fc0629529140af803b84e2d4fbe4a9373,238,attack:パワー:+8 ; attack:力:+4 ; attack:突進:+3 ; type:TYPE_DRAGON:竜:profile:+6 ; type:TYPE_DRAGON:ドラゴン:profile:+2 ; type:TYPE_STEEL:鉄:profile:+4 ; type:TYPE_DRAGON:竜:official_type:+5 ; type_choice:TYPE_DRAGON:13 ; growth:official_stage_plus_profile_power:medium_fast,78,146,78,78,78,78,536,TYPE_DRAGON,,resolved_profile_evidence,143,224,GROWTH_MEDIUM_FAST,medium,profile-derived-v1
1077,digimon,drimogemon,ドリモゲモン,https://digimon.net/reference/detail.php?directory_name=drimogemon,成熟期,獣型,データ,d70bbbfac2d26ec2113e41d020df52b0ba3abd917aab216c0b6a586cb0d119d5,178,hp:巨大:+4 ; speed:高速:+5 ; type:TYPE_GROUND:地中:profile:+6 ; type:TYPE_NORMAL:獣型:official_type:+4 ; type_choice:TYPE_GROUND:6 ; growth:official_stage_plus_profile_power:medium_fast,96,78,78,100,78,78,508,TYPE_GROUND,,resolved_profile_evidence,158,196,GROWTH_MEDIUM_FAST,medium,profile-derived-v1
1078,digimon,tobucatmon,トブキャットモン,https://digimon.net/reference/detail.php?directory_name=tobucatmon,成熟期,パペット型,データ,706e6426be2af4155b89fb570ea2a14464b0305a7f678cbd1733c7c4ca994cb0,281,attack:爪:+6 ; speed:高速:+5 ; speed:飛行:+2 ; special_attack:光:+6 ; type:TYPE_WATER:海:profile:+4 ; type:TYPE_FLYING:飛行:profile:+2 ; type:TYPE_FLYING:翼:profile:+2 ; type:TYPE_NORMAL:パペット:official_type:+2 ; type:TYPE_GHOST:パペット:official_type:+2 ; type_candidate:TYPE_FLYING:4 ; type_placeholder:TYPE_NORMAL:low_evidence ; growth:official_stage_plus_profile_power:medium_fast,78,105,78,110,105,78,554,TYPE_NORMAL,,unresolved_low_type_evidence,147,213,GROWTH_MEDIUM_FAST,medium,profile-derived-v1
1079,digimon,dogmon,ドッグモン,https://digimon.net/reference/detail.php?directory_name=dogmon,成熟期,パペット型,データ,000bcba75be1ef79f9239fcbbb8b47a3fecedc36a03f27fe5867f286eccea4b5,251,hp:頑丈:+3 ; attack:牙:+3 ; defense:頑丈:+4 ; special_attack:データ:+2 ; special_defense:吸収:+4 ; type:TYPE_NORMAL:パペット:official_type:+2 ; type:TYPE_GHOST:パペット:official_type:+2 ; type_candidate:TYPE_GHOST:2 ; type_placeholder:TYPE_NORMAL:low_evidence ; growth:official_stage_plus_profile_power:medium_fast,92,92,96,78,87,96,541,TYPE_NORMAL,,unresolved_low_type_evidence,152,203,GROWTH_MEDIUM_FAST,medium,profile-derived-v1
1080,digimon,togemon,トゲモン,https://digimon.net/reference/detail.php?directory_name=togemon,成熟期,植物型,データ,b07263fadea65d531d79f4920ea6c38f91b6c0682f9a22b11ddb5a38bce159b9,198,hp:巨大:+2 ; defense:硬質:+4 ; special_attack:データ:+2 ; type:TYPE_GRASS:植物:profile:+2 ; type:TYPE_GROUND:砂:profile:+2 ; type:TYPE_GROUND:砂漠:profile:+2 ; type:TYPE_GRASS:植物:official_type:+5 ; type_choice:TYPE_GRASS:7 ; growth:official_stage_plus_profile_power:medium_fast,87,78,96,78,87,78,504,TYPE_GRASS,,resolved_profile_evidence,159,193,GROWTH_MEDIUM_FAST,medium,profile-derived-v1
1081,digimon,dokugumon,ドクグモン,https://digimon.net/reference/detail.php?directory_name=dokugumon,成熟期,昆虫型,ウィルス,259fe774f40a15178d0df17f6a6a94154b822ead9cbb5ee4dff08452ce841bc5,320,power:強力:+3 ; attack:力:+6 ; attack:牙:+3 ; special_attack:呪:+4 ; special_attack:毒:+6 ; special_attack:電磁:+4 ; type:TYPE_ELECTRIC:電磁:profile:+2 ; type:TYPE_POISON:毒:profile:+4 ; type:TYPE_BUG:昆虫:profile:+2 ; type:TYPE_BUG:昆虫:official_type:+5 ; type_choice:TYPE_BUG:7 ; growth:official_stage_plus_profile_power:medium_fast,83,124,83,83,146,83,602,TYPE_BUG,,resolved_profile_evidence,125,249,GROWTH_MEDIUM_FAST,high,profile-derived-v1
1082,digimon,dobermon,ドーベルモン,https://digimon.net/reference/detail.php?directory_name=dobermon,成熟期,魔獣型,ワクチン,c7e8af0dc3a99cb19344217a14006941b0e63aa038dfc736fb4c6e8ee1e94e7a,173,attack:力:+2 ; attack:破壊:+4 ; special_attack:光:+3 ; type:TYPE_NORMAL:獣型:official_type:+4 ; type:TYPE_DARK:魔獣:official_type:+4 ; type:TYPE_NORMAL:魔獣:official_type:+2 ; type_choice:TYPE_NORMAL:6 ; growth:official_stage_plus_profile_power:medium_fast,78,105,78,78,92,78,509,TYPE_NORMAL,,resolved_profile_evidence,156,199,GROWTH_MEDIUM_FAST,medium,profile-derived-v1
1083,digimon,tortamon,トータモン,https://digimon.net/reference/detail.php?directory_name=tortamon,成熟期,爬虫類型,ワクチン,b4b978a20ea8d0a953b4d35d3c4f1870e66d22bb3882fa887c05e32c77bcaab9,196,power:凄まじ:+3 ; stats:balanced:no_specialization_signal_in_official_text ; type:TYPE_STEEL:金属:profile:+2 ; type:TYPE_DRAGON:爬虫類:official_type:+4 ; type:TYPE_NORMAL:爬虫類:official_type:+1 ; type_candidate:TYPE_DRAGON:4 ; type_placeholder:TYPE_NORMAL:low_evidence ; growth:official_stage_plus_profile_power:medium_fast,83,83,83,83,83,83,498,TYPE_NORMAL,,unresolved_low_type_evidence,158,194,GROWTH_MEDIUM_FAST,medium,profile-derived-v1
1084,digimon,turuiemon,トゥルイエモン,https://digimon.net/reference/detail.php?directory_name=turuiemon,成熟期,獣人型,データ,1d3b39eb14ca59baa44e6c062abcf064c6d63b6973d36981c022545c4a861ea0,209,attack:力:+2 ; attack:拳:+9 ; attack:爪:+3 ; attack:牙:+3 ; speed:素早:+5 ; speed:敏捷:+5 ; type:TYPE_FIGHTING:武闘:profile:+2 ; type:TYPE_FIGHTING:拳:profile:+6 ; type:TYPE_STEEL:鉄:profile:+2 ; type:TYPE_FIGHTING:獣人:official_type:+3 ; type:TYPE_NORMAL:獣人:official_type:+2 ; type_choice:TYPE_FIGHTING:11 ; growth:official_stage_plus_profile_power:medium_fast,78,154,78,123,78,78,589,TYPE_FIGHTING,,resolved_profile_evidence,131,241,GROWTH_MEDIUM_FAST,high,profile-derived-v1
1085,digimon,deltamon,デルタモン,https://digimon.net/reference/detail.php?directory_name=deltamon,成熟期,合成型,ウィルス,cc61310708da5b6b065102bd973f41844c5493ec07813d7b752045a03ce52ae2,260,power:強力:+3 ; attack:力:+2 ; attack:破壊:+4 ; speed:走:+2 ; special_attack:エネルギー:+3 ; special_attack:電磁:+4 ; type:TYPE_ELECTRIC:電磁:profile:+2 ; type_candidate:TYPE_ELECTRIC:2 ; type_placeholder:TYPE_NORMAL:low_evidence ; growth:profile:erratic,83,110,83,92,115,83,566,TYPE_NORMAL,,unresolved_low_type_evidence,138,225,GROWTH_ERRATIC,medium,profile-derived-v1
1086,digimon,devimon,デビモン,https://digimon.net/reference/detail.php?directory_name=devimon,成熟期,堕天使型,ウィルス,100c8ee52b80c839660c926feed7041abbc9869868d4d317cba75e3befaca725,220,special_attack:光:+3 ; type:TYPE_DARK:ダーク:profile:+2 ; type:TYPE_FAIRY:天使:profile:+4 ; type:TYPE_FAIRY:天使:official_type:+5 ; type:TYPE_FLYING:天使:official_type:+2 ; type_choice:TYPE_FAIRY:9 ; growth:official_stage_plus_profile_power:medium_fast,78,78,78,78,92,78,482,TYPE_FAIRY,,resolved_profile_evidence,164,186,GROWTH_MEDIUM_FAST,medium,profile-derived-v1
1087,digimon,devidramon,デビドラモン,https://digimon.net/reference/detail.php?directory_name=devidramon,成熟期,邪竜型,ウィルス,0f1282afb98868dc3d64f3d5cbc1723bdac6b20162ddfb331e0925a14d7bed5b,320,hp:巨大:+2 ; attack:爪:+6 ; special_attack:闇:+6 ; type:TYPE_FLYING:翼:profile:+2 ; type:TYPE_DRAGON:竜:profile:+2 ; type:TYPE_DARK:闇:profile:+4 ; type:TYPE_DARK:悪魔:profile:+2 ; type:TYPE_DARK:邪悪:profile:+6 ; type:TYPE_DARK:ダーク:profile:+2 ; type:TYPE_DRAGON:竜:official_type:+5 ; type_choice:TYPE_DARK:14 ; growth:official_stage_plus_profile_power:medium_fast,87,105,78,78,105,78,531,TYPE_DARK,,resolved_profile_evidence,152,204,GROWTH_MEDIUM_FAST,high,profile-derived-v1
1088,digimon,death-x-dorugamon,デクスドルガモン,https://digimon.net/reference/detail.php?directory_name=death-x-dorugamon,成熟期,アンデッド型,ウィルス,ba7c54a3b8e56c66f2ceeb2b0518e0863a38f7348593b6eadc1f9ec3887c1452,175,stats:balanced:no_specialization_signal_in_official_text ; type:TYPE_GHOST:アンデッド:profile:+2 ; type:TYPE_STEEL:鋼:profile:+2 ; type:TYPE_STEEL:鉄:profile:+2 ; type:TYPE_GHOST:アンデッド:official_type:+5 ; type:TYPE_DARK:アンデッド:official_type:+3 ; type_choice:TYPE_GHOST:7 ; growth:profile:slow,78,78,78,78,78,78,468,TYPE_GHOST,,resolved_profile_evidence,170,176,GROWTH_SLOW,medium,profile-derived-v1
1089,digimon,tailmon,テイルモン,https://digimon.net/reference/detail.php?directory_name=tailmon,成熟期,聖獣型,ワクチン,d0703c6b60a07367722c1ac266c44f538326976fd77fd62c3400e47e6377cad0,232,power:神:+6 ; attack:パワー:+4 ; attack:力:+4 ; attack:パンチ:+6 ; attack:爪:+6 ; special_attack:光:+6 ; special_attack:データ:+2 ; special_defense:神聖:+6 ; special_defense:聖:+4 ; type:TYPE_FIGHTING:パンチ:profile:+2 ; type:TYPE_FIGHTING:パンチ:move:+4 ; type:TYPE_FAIRY:神聖:profile:+4 ; type:TYPE_FAIRY:聖:profile:+4 ; type:TYPE_FAIRY:聖:official_type:+3 ; type:TYPE_NORMAL:獣型:official_type:+4 ; type:TYPE_FAIRY:聖獣:official_type:+4 ; type:TYPE_NORMAL:聖獣:official_type:+2 ; type_choice:TYPE_FAIRY:15 ; growth:official_stage_plus_profile_power:medium_fast,89,179,89,89,125,134,705,TYPE_FAIRY,,resolved_profile_evidence,93,298,GROWTH_MEDIUM_FAST,high,profile-derived-v1
1090,digimon,tyranomon,ティラノモン,https://digimon.net/reference/detail.php?directory_name=tyranomon,成熟期,恐竜型,データ,47a40567a53b7b03c29e83f6f745d5e3203835ea2d59f328f0378c2af6993bb2,171,hp:巨大:+2 ; special_attack:炎:+3 ; type:TYPE_FIRE:炎:profile:+2 ; type:TYPE_DRAGON:竜:profile:+2 ; type:TYPE_DRAGON:恐竜:profile:+2 ; type:TYPE_DRAGON:竜:official_type:+5 ; type:TYPE_DRAGON:恐竜:official_type:+3 ; type_choice:TYPE_DRAGON:12 ; growth:profile:slow,87,78,78,78,92,78,491,TYPE_DRAGON,,resolved_profile_evidence,162,188,GROWTH_SLOW,medium,profile-derived-v1
1091,digimon,diatrymon,ディアトリモン,https://digimon.net/reference/detail.php?directory_name=diatrymon,成熟期,古代鳥型,ワクチン,52074641adee4ecdc8252940fb46dc801cacf2a74407cbd18ce3803f76efc31d,253,power:強力:+3 ; hp:巨大:+2 ; attack:力:+6 ; speed:走:+2 ; type:TYPE_FLYING:翼:profile:+2 ; type:TYPE_FLYING:鳥:profile:+2 ; type:TYPE_FLYING:羽:profile:+2 ; type:TYPE_ROCK:石:profile:+2 ; type:TYPE_STEEL:金属:profile:+2 ; type:TYPE_FLYING:鳥:official_type:+5 ; type_choice:TYPE_FLYING:11 ; growth:profile:slow,92,110,83,92,83,83,543,TYPE_FLYING,,resolved_profile_evidence,144,217,GROWTH_SLOW,high,profile-derived-v1
1092,digimon,tuchidarumon,ツチダルモン,https://digimon.net/reference/detail.php?directory_name=tuchidarumon,成熟期,突然変異型,データ,72238356af4c1b6fe2d2a99d52bfb190d4e66be696d9d99116121d0338e86c49,131,attack:パワー:+4 ; attack:パンチ:+3 ; special_attack:データ:+2 ; type:TYPE_FIGHTING:パンチ:profile:+2 ; type:TYPE_GROUND:土:profile:+2 ; type:TYPE_NORMAL:突然変異:official_type:+3 ; type_candidate:TYPE_NORMAL:3 ; type_placeholder:TYPE_NORMAL:low_evidence ; growth:official_stage_plus_profile_power:medium_fast,78,110,78,78,87,78,509,TYPE_NORMAL,,unresolved_low_type_evidence,155,201,GROWTH_MEDIUM_FAST,medium,profile-derived-v1
1093,digimon,tankmon,タンクモン,https://digimon.net/reference/detail.php?directory_name=tankmon,成熟期,サイボーグ型,データ,bd986d80f11874a4bbcb3c77ac4659aca0c06de1e0245bb38e172837db50d537,201,power:強力:+3 ; power:超強:+4 ; attack:パワー:+4 ; attack:力:+2 ; attack:粉砕:+5 ; special_attack:火:+2 ; type:TYPE_STEEL:サイボーグ:profile:+2 ; type:TYPE_STEEL:サイボーグ:official_type:+5 ; type_choice:TYPE_STEEL:7 ; growth:official_stage_plus_profile_power:medium_fast,91,140,91,91,100,91,604,TYPE_STEEL,,resolved_profile_evidence,119,257,GROWTH_MEDIUM_FAST,medium,profile-derived-v1
1094,digimon,darcmon,ダルクモン,https://digimon.net/reference/detail.php?directory_name=darcmon,成熟期,天使型,ワクチン,6ffcb51bb3c539d54334eba9f78e8d374acec363add30026fec0ec0a9e577b5f,101,power:神:+3 ; attack:剣:+6 ; type:TYPE_FAIRY:天使:profile:+4 ; type:TYPE_FAIRY:天使:official_type:+5 ; type:TYPE_FLYING:天使:official_type:+2 ; type_choice:TYPE_FAIRY:9 ; growth:official_stage_plus_profile_power:medium_fast,83,110,83,83,83,83,525,TYPE_FAIRY,,resolved_profile_evidence,147,213,GROWTH_MEDIUM_FAST,medium,profile-derived-v1
1095,digimon,tuskmon,タスクモン,https://digimon.net/reference/detail.php?directory_name=tuskmon,成熟期,恐竜型,ウィルス,b78d389b9b72afc4fbd2c2e241fd067f121284e68125f4e47cb75b65af3d984a,265,hp:巨大:+2 ; attack:パンチ:+3 ; attack:突進:+3 ; attack:破壊:+8 ; type:TYPE_FIGHTING:パンチ:profile:+2 ; type:TYPE_DRAGON:竜:profile:+2 ; type:TYPE_DRAGON:恐竜:profile:+2 ; type:TYPE_DRAGON:竜:official_type:+5 ; type:TYPE_DRAGON:恐竜:official_type:+3 ; type_choice:TYPE_DRAGON:12 ; growth:official_stage_plus_profile_power:medium_fast,87,141,78,78,78,78,540,TYPE_DRAGON,,resolved_profile_evidence,143,223,GROWTH_MEDIUM_FAST,medium,profile-derived-v1
1096,digimon,targetmon,ターゲットモン,https://digimon.net/reference/detail.php?directory_name=targetmon,成熟期,パペット型,ウィルス,3ed85772e7c800474105696487e5fa0d5bcf58fbaa372a0b3dfda5757f721552,208,power:超高:+3 ; hp:タフ:+4 ; attack:突進:+3 ; attack:叩:+2 ; special_attack:電撃:+8 ; type:TYPE_ELECTRIC:電撃:profile:+2 ; type:TYPE_ELECTRIC:電撃:move:+4 ; type:TYPE_NORMAL:パペット:official_type:+2 ; type:TYPE_GHOST:パペット:official_type:+2 ; type_choice:TYPE_ELECTRIC:6 ; growth:official_stage_plus_profile_power:medium_fast,101,106,83,83,119,83,575,TYPE_ELECTRIC,,resolved_profile_evidence,136,230,GROWTH_MEDIUM_FAST,medium,profile-derived-v1
1097,digimon,darklizamon,ダークリザモン,https://digimon.net/reference/detail.php?directory_name=darklizamon,成熟期,邪竜型,ウィルス,121420da50187c7d380ce78f31c170b8dbbd5b86cd70d1e284779f96214c2ce5,80,power:神:+3 ; special_attack:炎:+6 ; special_attack:闇:+6 ; special_defense:精神:+4 ; type:TYPE_FIRE:炎:profile:+4 ; type:TYPE_PSYCHIC:精神:profile:+2 ; type:TYPE_DARK:闇:profile:+4 ; type:TYPE_DRAGON:竜:official_type:+5 ; type_choice:TYPE_DRAGON:5 ; growth:official_stage_plus_profile_power:medium_fast,83,83,83,83,137,101,570,TYPE_DRAGON,,resolved_profile_evidence,133,236,GROWTH_MEDIUM_FAST,medium,profile-derived-v1
1098,digimon,darktyranomon,ダークティラノモン,https://digimon.net/reference/detail.php?directory_name=darktyranomon,成熟期,恐竜型,ウィルス,92137140565449fc234ee69441d038adeb5624cda68e0f53ed0c888d622e05ec,215,power:強力:+3 ; power:超強:+4 ; attack:力:+4 ; special_attack:炎:+6 ; special_attack:火:+2 ; special_attack:データ:+2 ; type:TYPE_FIRE:炎:profile:+4 ; type:TYPE_FIRE:火炎:profile:+2 ; type:TYPE_WATER:海:profile:+2 ; type:TYPE_DRAGON:竜:profile:+2 ; type:TYPE_DRAGON:恐竜:profile:+2 ; type:TYPE_DRAGON:竜:official_type:+5 ; type:TYPE_DRAGON:恐竜:official_type:+3 ; type_choice:TYPE_DRAGON:12 ; growth:official_stage_plus_profile_power:medium_fast,91,109,91,91,136,91,609,TYPE_DRAGON,,resolved_profile_evidence,118,256,GROWTH_MEDIUM_FAST,high,profile-derived-v1
1099,digimon,sorcerimon,ソーサリモン,https://digimon.net/reference/detail.php?directory_name=sorcerimon,成熟期,魔人型,ワクチン,3ed7dd999e48f5f5f7d2205987893efc249fd12250914a27af3b5263dddd9c7c,126,hp:回復:+3 ; attack:力:+2 ; special_attack:氷:+3 ; special_attack:光:+3 ; special_defense:回復:+3 ; special_defense:聖:+2 ; type:TYPE_ICE:氷:profile:+2 ; type:TYPE_ICE:雪:profile:+6 ; type:TYPE_ROCK:クリスタル:profile:+2 ; type:TYPE_ROCK:クリスタル:move:+4 ; type:TYPE_FAIRY:聖なる:profile:+2 ; type:TYPE_FAIRY:聖:profile:+2 ; type_choice:TYPE_ICE:8 ; type_choice:TYPE_ROCK:6 ; growth:official_stage_plus_profile_power:medium_fast,92,87,78,78,105,100,540,TYPE_ICE,TYPE_ROCK,resolved_profile_evidence,150,207,GROWTH_MEDIUM_FAST,high,profile-derived-v1
1100,digimon,soulmon,ソウルモン,https://digimon.net/reference/detail.php?directory_name=soulmon,成熟期,ゴースト型,ウィルス,54641c101221067399a33cdbd7f4579b99ecf4da539cf93c6e34f120e5f43c0a,128,power:絶大:+5 ; attack:力:+4 ; special_attack:魔力:+10 ; special_attack:魔法:+5 ; special_attack:呪:+8 ; special_attack:データ:+2 ; special_defense:魔力:+4 ; type_placeholder:TYPE_NORMAL:no_specialized_affinity_evidence ; growth:official_stage_plus_profile_power:medium_fast,87,105,87,87,200,105,671,TYPE_NORMAL,,unresolved_no_specialized_type_evidence,97,296,GROWTH_MEDIUM_FAST,medium,profile-derived-v1
1101,digimon,saberdramon,セーバードラモン,https://digimon.net/reference/detail.php?directory_name=saberdramon,成熟期,巨鳥型,ワクチン,4b58b86765acd3a21035ef795d9196887d0ce97133f685ac770c414741768ca9,77,special_attack:炎:+3 ; special_attack:闇:+3 ; type:TYPE_FIRE:炎:profile:+2 ; type:TYPE_FLYING:空中:profile:+2 ; type:TYPE_DARK:闇:profile:+2 ; type:TYPE_FLYING:鳥:official_type:+5 ; type_choice:TYPE_FLYING:7 ; growth:official_stage_plus_profile_power:medium_fast,78,78,78,78,105,78,495,TYPE_FLYING,,resolved_profile_evidence,159,195,GROWTH_MEDIUM_FAST,medium,profile-derived-v1
1102,digimon,zubaeagermon,ズバイガーモン,https://digimon.net/reference/detail.php?directory_name=zubaeagermon,成熟期,武器型,ワクチン,5c5085f7155c0da7e860de5f740bff6f74035940bf200304c864413ff11cf6eb,221,attack:力:+2 ; attack:剣:+3 ; attack:斬:+6 ; attack:叩:+2 ; speed:走:+2 ; type_placeholder:TYPE_NORMAL:no_specialized_affinity_evidence ; growth:official_stage_plus_profile_power:medium_fast,78,136,78,87,78,78,535,TYPE_NORMAL,,unresolved_no_specialized_type_evidence,145,219,GROWTH_MEDIUM_FAST,medium,profile-derived-v1
1103,digimon,snimon,スナイモン,https://digimon.net/reference/detail.php?directory_name=snimon,成熟期,昆虫型,ワクチン,624b21b3f876916c6ac0cace64605ef91688867d43622bc4b7374ed4d8389cdf,237,attack:刀:+3 ; special_attack:データ:+4 ; type:TYPE_STEEL:機械:profile:+2 ; type:TYPE_BUG:昆虫:official_type:+5 ; type_choice:TYPE_BUG:5 ; growth:official_stage_plus_profile_power:medium_fast,78,92,78,78,96,78,500,TYPE_BUG,,resolved_profile_evidence,160,192,GROWTH_MEDIUM_FAST,medium,profile-derived-v1
1104,digimon,strikedramon,ストライクドラモン,https://digimon.net/reference/detail.php?directory_name=strikedramon,成熟期,竜人型,ワクチン,b7be94eacbb9685dec6584be9cce9fcdc8a32860dcf607354848bf0ee9a1e4f2,232,special_attack:炎:+6 ; special_attack:データ:+2 ; special_attack:熱:+4 ; type:TYPE_FIRE:炎:profile:+4 ; type:TYPE_FIRE:灼熱:profile:+4 ; type:TYPE_DRAGON:ドラゴン:profile:+2 ; type:TYPE_DRAGON:竜:official_type:+5 ; type_choice:TYPE_FIRE:8 ; type_choice:TYPE_DRAGON:7 ; growth:official_stage_plus_profile_power:medium_fast,78,78,78,78,132,78,522,TYPE_FIRE,TYPE_DRAGON,resolved_profile_evidence,149,214,GROWTH_MEDIUM_FAST,medium,profile-derived-v1
1105,digimon,stingmon,スティングモン,https://digimon.net/reference/detail.php?directory_name=stingmon,成熟期,昆虫型,フリー,42546a83a1322877352968745ec60ff79d10a24104f3746f8cae963c6429182d,175,attack:力:+4 ; defense:硬い:+4 ; speed:素早:+5 ; speed:俊敏:+5 ; type:TYPE_BUG:昆虫:profile:+4 ; type:TYPE_BUG:昆虫:official_type:+5 ; type_choice:TYPE_BUG:9 ; growth:official_stage_plus_profile_power:medium_fast,78,96,96,123,78,78,549,TYPE_BUG,,resolved_profile_evidence,145,217,GROWTH_MEDIUM_FAST,medium,profile-derived-v1
1106,digimon,starmon,スターモン,https://digimon.net/reference/detail.php?directory_name=starmon,成熟期,突然変異型,データ,b8ab8aa0fe3269322d3eab03addc05c6307b6be6f697370163660572fbd72d6a,223,power:小型:-1 ; special_attack:熱:+2 ; type:TYPE_GRASS:葉:profile:+2 ; type:TYPE_FIGHTING:戦士:profile:+2 ; type:TYPE_PSYCHIC:催眠:profile:+2 ; type:TYPE_NORMAL:突然変異:official_type:+3 ; type_candidate:TYPE_NORMAL:3 ; type_placeholder:TYPE_NORMAL:low_evidence ; growth:official_stage_plus_profile_power:medium_fast,76,76,76,76,85,76,465,TYPE_NORMAL,,unresolved_low_type_evidence,169,178,GROWTH_MEDIUM_FAST,medium,profile-derived-v1
1107,digimon,scumon,スカモン,https://digimon.net/reference/detail.php?directory_name=scumon,成熟期,ミュータント型,ウィルス,4dc819607f7b7bfce459a753d39ae46c6007e9b3cde0ced533aceb004a4c15e1,203,power:小型:-1 ; attack:力:+2 ; special_attack:データ:+4 ; type_placeholder:TYPE_NORMAL:no_specialized_affinity_evidence ; growth:official_stage_plus_profile_power:medium_fast,76,85,76,76,94,76,483,TYPE_NORMAL,,unresolved_no_specialized_type_evidence,164,187,GROWTH_MEDIUM_FAST,low,profile-derived-v1
1108,digimon,junglemojamon,ジャングルモジャモン,https://digimon.net/reference/detail.php?directory_name=junglemojamon,成熟期,珍獣型,データ,326b2c072b37d719aca5b565e51133b660b8cb1c4939df2923ec5ab26844e736,93,attack:パワー:+4 ; attack:力:+2 ; attack:パンチ:+6 ; special_defense:聖:+2 ; type:TYPE_FIGHTING:パンチ:profile:+2 ; type:TYPE_FIGHTING:パンチ:move:+4 ; type:TYPE_FAIRY:聖:profile:+2 ; type:TYPE_NORMAL:獣型:official_type:+4 ; type_choice:TYPE_FIGHTING:6 ; growth:official_stage_plus_profile_power:medium_fast,78,132,78,78,78,87,531,TYPE_FIGHTING,,resolved_profile_evidence,147,217,GROWTH_MEDIUM_FAST,medium,profile-derived-v1
1109,digimon,shimaunimon,シマユニモン,https://digimon.net/reference/detail.php?directory_name=shimaunimon,成熟期,幻獣型,ワクチン,2ed39fca85cead292fe0c05c7b09ec1f53aa6e21cce36c2ef4f7253cfaa79e81,138,attack:力:+4 ; special_attack:衝撃波:+3 ; special_attack:データ:+2 ; type:TYPE_GROUND:大地:profile:+2 ; type:TYPE_FLYING:翼:profile:+2 ; type:TYPE_NORMAL:獣型:official_type:+4 ; type_candidate:TYPE_NORMAL:4 ; type_placeholder:TYPE_NORMAL:low_evidence ; growth:official_stage_plus_profile_power:medium_fast,78,96,78,78,100,78,508,TYPE_NORMAL,,unresolved_low_type_evidence,158,196,GROWTH_MEDIUM_FAST,medium,profile-derived-v1
1110,digimon,sistermonnoir,シスタモン ノワール,https://digimon.net/reference/detail.php?directory_name=sistermonnoir,成熟期,パペット型,ウィルス,b288cd2786a03923e29b7d281e81f75e111a60d3f0e0db9e7d4389b1a876510d,347,attack:力:+2 ; type:TYPE_GRASS:葉:profile:+2 ; type:TYPE_NORMAL:パペット:official_type:+2 ; type:TYPE_GHOST:パペット:official_type:+2 ; type_candidate:TYPE_GHOST:2 ; type_placeholder:TYPE_NORMAL:low_evidence ; growth:official_stage_plus_profile_power:medium_fast,78,87,78,78,78,78,477,TYPE_NORMAL,,unresolved_low_type_evidence,166,182,GROWTH_MEDIUM_FAST,medium,profile-derived-v1
1111,digimon,geogreymon,ジオグレイモン,https://digimon.net/reference/detail.php?directory_name=geogreymon,成熟期,恐竜型,ワクチン,07b4c4393b6b1ab05a3addcf487f06b2627a626934a229bbe7088af7c8ae4550,170,power:強力:+3 ; power:超高:+3 ; hp:巨大:+2 ; attack:力:+4 ; attack:突進:+3 ; attack:粉砕:+5 ; defense:甲殻:+4 ; special_attack:炎:+3 ; special_attack:火:+2 ; special_attack:熱:+2 ; special_attack:爆発:+3 ; type:TYPE_FIRE:炎:profile:+2 ; type:TYPE_FIRE:火炎:profile:+2 ; type:TYPE_FIRE:フレイム:profile:+4 ; type:TYPE_FIRE:フレイム:move:+4 ; type:TYPE_DRAGON:竜:official_type:+5 ; type:TYPE_DRAGON:恐竜:official_type:+3 ; type_choice:TYPE_FIRE:12 ; type_choice:TYPE_DRAGON:8 ; growth:official_stage_plus_profile_power:medium_fast,98,143,107,89,134,89,660,TYPE_FIRE,TYPE_DRAGON,resolved_profile_evidence,109,270,GROWTH_MEDIUM_FAST,high,profile-derived-v1
1112,digimon,shellmon,シェルモン,https://digimon.net/reference/detail.php?directory_name=shellmon,成熟期,軟体型,データ,5f181d83290cdf8e2eaccb94136a1a6daf248b84b59c40b07c71fa767e84ebd1,221,stats:balanced:no_specialization_signal_in_official_text ; type:TYPE_WATER:海:profile:+4 ; type:TYPE_ROCK:岩:profile:+2 ; type_candidate:TYPE_WATER:4 ; type_placeholder:TYPE_NORMAL:low_evidence ; growth:official_stage_plus_profile_power:medium_fast,78,78,78,78,78,78,468,TYPE_NORMAL,,unresolved_low_type_evidence,170,176,GROWTH_MEDIUM_FAST,low,profile-derived-v1
1113,digimon,shademon,シェイドモン,https://digimon.net/reference/detail.php?directory_name=shademon,成熟期,種族不明,ウィルス,9f398f1196248aa74c65df7e2b99a572f75da0233ffe580d794cb0b9498685bf,157,attack:叩:+2 ; type:TYPE_GROUND:地面:profile:+2 ; type:TYPE_PSYCHIC:幻覚:profile:+2 ; type_candidate:TYPE_GROUND:2 ; type_placeholder:TYPE_NORMAL:low_evidence ; growth:official_stage_plus_profile_power:medium_fast,78,87,78,78,78,78,477,TYPE_NORMAL,,unresolved_low_type_evidence,166,182,GROWTH_MEDIUM_FAST,low,profile-derived-v1
1114,digimon,sealsdramon,シールズドラモン,https://digimon.net/reference/detail.php?directory_name=sealsdramon,成熟期,サイボーグ型,ウィルス,f35a61b8a03d46dab9a8d6a906b27574dffbaebf52ce4c0e6fcb0e51f577dae4,204,attack:力:+2 ; speed:一瞬:+3 ; type:TYPE_STEEL:サイボーグ:official_type:+5 ; type_choice:TYPE_STEEL:5 ; growth:official_stage_plus_profile_power:medium_fast,78,87,78,92,78,78,491,TYPE_STEEL,,resolved_profile_evidence,162,188,GROWTH_MEDIUM_FAST,low,profile-derived-v1
1115,digimon,coelamon,シーラモン,https://digimon.net/reference/detail.php?directory_name=coelamon,成熟期,古代魚型,データ,a57e1233efd2ae9af15a08355c470d45a1c32603500f4df943cbfbc3a40c38ca,204,hp:巨大:+4 ; attack:爪:+6 ; attack:破壊:+4 ; defense:硬質:+4 ; type:TYPE_WATER:海:profile:+4 ; type_candidate:TYPE_WATER:4 ; type_placeholder:TYPE_NORMAL:low_evidence ; growth:profile:slow,96,123,96,78,78,78,549,TYPE_NORMAL,,unresolved_low_type_evidence,145,217,GROWTH_SLOW,medium,profile-derived-v1
1116,digimon,seadramon,シードラモン,https://digimon.net/reference/detail.php?directory_name=seadramon,成熟期,水棲型,データ,4b7fa547cc51008a58adb03242ca3503246ab800b4b973958dd246ee90803230,140,speed:瞬時:+4 ; type:TYPE_WATER:海:profile:+2 ; type:TYPE_WATER:水棲:profile:+2 ; type:TYPE_ICE:凍:profile:+2 ; type:TYPE_WATER:水棲:official_type:+5 ; type_choice:TYPE_WATER:9 ; growth:official_stage_plus_profile_power:medium_fast,78,78,78,96,78,78,486,TYPE_WATER,,resolved_profile_evidence,163,189,GROWTH_MEDIUM_FAST,medium,profile-derived-v1
1117,digimon,siesamon,シーサモン,https://digimon.net/reference/detail.php?directory_name=siesamon,成熟期,聖獣型,ワクチン,096d7865859df8009b1ebd352d24e1da14e63371da2ded9afe8186353bf8dd45,256,power:絶大:+5 ; hp:生命:+2 ; attack:パワー:+4 ; attack:力:+2 ; defense:防ぐ:+3 ; special_attack:エネルギー:+3 ; special_attack:光:+9 ; special_defense:聖:+4 ; type:TYPE_ROCK:石:profile:+2 ; type:TYPE_ROCK:石:move:+4 ; type:TYPE_DARK:邪悪:profile:+4 ; type:TYPE_FAIRY:聖なる:profile:+2 ; type:TYPE_FAIRY:聖:profile:+4 ; type:TYPE_FAIRY:聖:official_type:+3 ; type:TYPE_NORMAL:獣型:official_type:+4 ; type:TYPE_FAIRY:聖獣:official_type:+4 ; type:TYPE_NORMAL:聖獣:official_type:+2 ; type_choice:TYPE_FAIRY:13 ; growth:official_stage_plus_profile_power:medium_fast,96,114,100,87,141,105,643,TYPE_FAIRY,,resolved_profile_evidence,115,262,GROWTH_MEDIUM_FAST,high,profile-derived-v1
1118,digimon,sunflowmon,サンフラウモン,https://digimon.net/reference/detail.php?directory_name=sunflowmon,成熟期,植物型,データ,3654ee39fd8da793a4f7f83cc1bfde4343e057a2597b5c97e5748123359e708b,179,attack:力:+2 ; special_attack:ビーム:+8 ; special_attack:光:+6 ; type:TYPE_GRASS:植物:profile:+2 ; type:TYPE_GRASS:花:profile:+2 ; type:TYPE_GRASS:葉:profile:+2 ; type:TYPE_GRASS:植物:official_type:+5 ; type_choice:TYPE_GRASS:11 ; growth:official_stage_plus_profile_power:medium_fast,78,87,78,78,141,78,540,TYPE_GRASS,,resolved_profile_evidence,143,223,GROWTH_MEDIUM_FAST,medium,profile-derived-v1
1119,digimon,thunderballmon,サンダーボールモン,https://digimon.net/reference/detail.php?directory_name=thunderballmon,成熟期,突然変異型,データ,3dbabe6e6c81e7116ed1c85d49131fb915e44c43bea3f80315e0d07f574edb00,110,special_attack:電気:+3 ; type:TYPE_ELECTRIC:電気:profile:+2 ; type:TYPE_ELECTRIC:サンダー:profile:+2 ; type:TYPE_ELECTRIC:サンダー:move:+4 ; type:TYPE_ROCK:石:profile:+2 ; type:TYPE_NORMAL:突然変異:official_type:+3 ; type_choice:TYPE_ELECTRIC:8 ; growth:official_stage_plus_profile_power:medium_fast,78,78,78,78,92,78,482,TYPE_ELECTRIC,,resolved_profile_evidence,164,186,GROWTH_MEDIUM_FAST,medium,profile-derived-v1
1120,digimon,sangloupmon,サングルゥモン,https://digimon.net/reference/detail.php?directory_name=sangloupmon,成熟期,魔獣型,ウィルス,4ae56e180f24028fe404f255a875329a64c26c1edb2a9e576136c3e3ca391277,293,power:小型:-1 ; hp:生命:+2 ; speed:瞬時:+4 ; speed:一瞬:+3 ; special_attack:データ:+4 ; type:TYPE_NORMAL:獣型:official_type:+4 ; type:TYPE_DARK:魔獣:official_type:+4 ; type:TYPE_NORMAL:魔獣:official_type:+2 ; type_choice:TYPE_NORMAL:6 ; growth:official_stage_plus_profile_power:medium_fast,85,76,76,108,94,76,515,TYPE_NORMAL,,resolved_profile_evidence,155,202,GROWTH_MEDIUM_FAST,medium,profile-derived-v1
1121,digimon,zassoumon,ザッソーモン,https://digimon.net/reference/detail.php?directory_name=zassoumon,成熟期,植物型,ウィルス,a7902473a182a3dfd823bd27f26d835865126de43799bf92345197913be1b03a,97,hp:生命力:+5 ; hp:生命:+2 ; attack:力:+2 ; type:TYPE_GRASS:草:profile:+2 ; type:TYPE_GRASS:植物:official_type:+5 ; type_choice:TYPE_GRASS:7 ; growth:official_stage_plus_profile_power:medium_fast,110,87,78,78,78,78,509,TYPE_GRASS,,resolved_profile_evidence,155,201,GROWTH_MEDIUM_FAST,medium,profile-derived-v1
1122,digimon,cyclomon,サイクロモン,https://digimon.net/reference/detail.php?directory_name=cyclomon,成熟期,竜人型,ウィルス,3a5d75e46c9585a3b1fbe06a9ae5d806ca1fc0e98ea30843fe1b525afeb578b3,165,power:超高:+3 ; hp:巨大:+2 ; special_attack:熱:+2 ; type:TYPE_FIGHTING:戦士:profile:+6 ; type:TYPE_DRAGON:竜:profile:+4 ; type:TYPE_DRAGON:竜:official_type:+5 ; type_choice:TYPE_DRAGON:9 ; type_choice:TYPE_FIGHTING:6 ; growth:official_stage_plus_profile_power:medium_fast,92,83,83,83,92,83,516,TYPE_DRAGON,TYPE_FIGHTING,resolved_profile_evidence,152,202,GROWTH_MEDIUM_FAST,medium,profile-derived-v1
1123,digimon,gorimon,ゴリモン,https://digimon.net/reference/detail.php?directory_name=gorimon,成熟期,獣人型,データ,312a5e75bb0236f97809c819b180d38a28a5de7d36af343f8cb8561a8908f131,143,power:強力:+3 ; power:超強:+4 ; attack:腕力:+5 ; attack:パワー:+12 ; attack:力:+6 ; defense:硬い:+4 ; special_attack:エネルギー:+3 ; type:TYPE_FIGHTING:獣人:official_type:+3 ; type:TYPE_NORMAL:獣人:official_type:+2 ; type_candidate:TYPE_FIGHTING:3 ; type_placeholder:TYPE_NORMAL:low_evidence ; growth:official_stage_plus_profile_power:medium_fast,91,194,109,91,104,91,680,TYPE_NORMAL,,unresolved_low_type_evidence,93,300,GROWTH_MEDIUM_FAST,medium,profile-derived-v1
1124,digimon,gokimon,ゴキモン,https://digimon.net/reference/detail.php?directory_name=gokimon,成熟期,昆虫型,ウィルス,9007bc2cd197748e1809465f5fcce9ee592beee3453e7426ec46552272a8354b,122,hp:生命力:+5 ; hp:持久:+4 ; hp:生命:+2 ; attack:力:+6 ; defense:防御:+5 ; special_attack:光:+3 ; type:TYPE_BUG:昆虫:official_type:+5 ; type_choice:TYPE_BUG:5 ; growth:official_stage_plus_profile_power:medium_fast,128,105,100,78,92,78,581,TYPE_BUG,,resolved_profile_evidence,138,228,GROWTH_MEDIUM_FAST,medium,profile-derived-v1
1125,digimon,golemon,ゴーレモン,https://digimon.net/reference/detail.php?directory_name=golemon,成熟期,鉱物型,ウィルス,4af0f0bef51f10287df5a0a605e0f00c939f9ba8a8c04d71e2b24e23c1ba0423,141,attack:パンチ:+3 ; special_attack:呪:+12 ; special_attack:データ:+2 ; type:TYPE_FIGHTING:パンチ:move:+4 ; type:TYPE_ROCK:岩:profile:+4 ; type:TYPE_ROCK:石:profile:+4 ; type:TYPE_ROCK:鉱物:profile:+2 ; type:TYPE_ROCK:鉱物:official_type:+4 ; type_choice:TYPE_ROCK:14 ; growth:profile:slow,78,92,78,78,141,78,545,TYPE_ROCK,,resolved_profile_evidence,142,224,GROWTH_SLOW,medium,profile-derived-v1
1126,digimon,cockatrimon,コカトリモン,https://digimon.net/reference/detail.php?directory_name=cockatrimon,成熟期,巨鳥型,データ,0f38914afcc5d5b55f6ebe422fcab608cf9771df654f2646723775d6917b5009,214,power:凄まじ:+3 ; hp:巨体:+3 ; hp:巨大:+4 ; attack:力:+2 ; special_attack:エネルギー:+3 ; type:TYPE_FLYING:鳥:profile:+2 ; type:TYPE_FLYING:羽:profile:+2 ; type:TYPE_ROCK:石:profile:+2 ; type:TYPE_NORMAL:生活:profile:+2 ; type:TYPE_FLYING:鳥:official_type:+5 ; type_choice:TYPE_FLYING:9 ; growth:official_stage_plus_profile_power:medium_fast,115,92,83,83,97,83,553,TYPE_FLYING,,resolved_profile_evidence,141,222,GROWTH_MEDIUM_FAST,high,profile-derived-v1
1127,digimon,kougamon,コウガモン,https://digimon.net/reference/detail.php?directory_name=kougamon,成熟期,突然変異型,データ,5e2f4dacad5a3cdd2efc67af7a536e3e81f0f82473f309c288a48888857188c3,126,special_attack:闇:+3 ; type:TYPE_DARK:闇:profile:+2 ; type:TYPE_NORMAL:突然変異:official_type:+3 ; type_candidate:TYPE_NORMAL:3 ; type_placeholder:TYPE_NORMAL:low_evidence ; growth:official_stage_plus_profile_power:medium_fast,78,78,78,78,92,78,482,TYPE_NORMAL,,unresolved_low_type_evidence,164,186,GROWTH_MEDIUM_FAST,low,profile-derived-v1
1128,digimon,coredramon_g,コアドラモン（緑）,https://digimon.net/reference/detail.php?directory_name=coredramon_g,成熟期,竜型,ウィルス,63d02ccbfbe7fcdf8979c1bade455bb2279b0091d7c81088128ac53353239267,508,attack:力:+2 ; speed:飛翔:+3 ; speed:走:+2 ; special_attack:ビーム:+4 ; special_attack:レーザー:+4 ; special_attack:光:+3 ; special_attack:データ:+6 ; special_attack:熱:+2 ; type:TYPE_FIRE:灼熱:profile:+2 ; type:TYPE_GRASS:森:profile:+2 ; type:TYPE_FLYING:飛翔:profile:+2 ; type:TYPE_ROCK:石:profile:+2 ; type:TYPE_ROCK:宝石:profile:+2 ; type:TYPE_DRAGON:竜:profile:+6 ; type:TYPE_DRAGON:竜:official_type:+5 ; type_choice:TYPE_DRAGON:11 ; growth:official_stage_plus_profile_power:medium_fast,78,87,78,100,164,78,585,TYPE_DRAGON,,resolved_profile_evidence,130,245,GROWTH_MEDIUM_FAST,high,profile-derived-v1
1129,digimon,coredramon_b,コアドラモン（青）,https://digimon.net/reference/detail.php?directory_name=coredramon_b,成熟期,竜型,ワクチン,5a94c6ec690a357230a23b88d99cd3a4d110e3fd1579dc88c345a4f17e0c8066,483,speed:高速:+5 ; speed:飛行:+2 ; special_attack:ビーム:+4 ; special_attack:レーザー:+4 ; special_attack:光:+3 ; special_attack:データ:+6 ; special_attack:熱:+2 ; type:TYPE_FIRE:灼熱:profile:+2 ; type:TYPE_FLYING:飛行:profile:+2 ; type:TYPE_FLYING:翼:profile:+2 ; type:TYPE_ROCK:石:profile:+2 ; type:TYPE_ROCK:宝石:profile:+2 ; type:TYPE_DRAGON:竜:profile:+6 ; type:TYPE_DRAGON:竜:official_type:+5 ; type_choice:TYPE_DRAGON:11 ; growth:official_stage_plus_profile_power:medium_fast,78,78,78,110,164,78,586,TYPE_DRAGON,,resolved_profile_evidence,130,245,GROWTH_MEDIUM_FAST,high,profile-derived-v1
1130,digimon,centalmon,ケンタルモン,https://digimon.net/reference/detail.php?directory_name=centalmon,成熟期,獣人型,データ,2318526c56dbf9772ea5cd1bffc572b650652c70852531e7e21a429a3071b525,254,power:超高:+3 ; attack:力:+6 ; defense:防御:+5 ; defense:硬質:+4 ; defense:守り:+3 ; speed:スピード:+8 ; speed:一瞬:+3 ; special_attack:エネルギー:+3 ; type:TYPE_FIGHTING:獣人:official_type:+3 ; type:TYPE_NORMAL:獣人:official_type:+2 ; type_candidate:TYPE_FIGHTING:3 ; type_placeholder:TYPE_NORMAL:low_evidence ; growth:official_stage_plus_profile_power:medium_fast,83,110,137,133,97,83,643,TYPE_NORMAL,,unresolved_low_type_evidence,119,255,GROWTH_MEDIUM_FAST,medium,profile-derived-v1
1131,digimon,geremon,ゲレモン,https://digimon.net/reference/detail.php?directory_name=geremon,成熟期,軟体型,ウィルス,48ee5f77526b6796503c0aa683b5aafe22aea77b24cf2689dcebb50c07b7dee6,132,attack:力:+2 ; type_placeholder:TYPE_NORMAL:no_specialized_affinity_evidence ; growth:official_stage_plus_profile_power:medium_fast,78,87,78,78,78,78,477,TYPE_NORMAL,,unresolved_no_specialized_type_evidence,166,182,GROWTH_MEDIUM_FAST,low,profile-derived-v1
1132,digimon,gesomon,ゲソモン,https://digimon.net/reference/detail.php?directory_name=gesomon,成熟期,軟体型,ウィルス,bff60bea9f964a979a9a3119686571ee172ecb11cdc2d0f84a222961d4ae8ccc,236,power:強力:+3 ; power:神:+3 ; attack:力:+2 ; type:TYPE_WATER:海:profile:+4 ; type:TYPE_WATER:深海:profile:+4 ; type:TYPE_DARK:悪魔:profile:+2 ; type_choice:TYPE_WATER:8 ; growth:official_stage_plus_profile_power:medium_fast,89,98,89,89,89,89,543,TYPE_WATER,,resolved_profile_evidence,141,219,GROWTH_MEDIUM_FAST,medium,profile-derived-v1
1133,digimon,kuwagamon,クワガーモン,https://digimon.net/reference/detail.php?directory_name=kuwagamon,成熟期,昆虫型,ウィルス,3d790d10abcf80206a7baa3e6283946415fb9e123a944acb4452a9d355a1436d,201,power:強力:+3 ; power:超強:+4 ; hp:巨大:+2 ; attack:パワー:+8 ; attack:力:+4 ; defense:甲殻:+4 ; defense:硬い:+4 ; defense:硬質:+4 ; type:TYPE_BUG:昆虫:profile:+2 ; type:TYPE_BUG:昆虫:official_type:+5 ; type_choice:TYPE_BUG:7 ; growth:official_stage_plus_profile_power:medium_fast,100,145,145,91,91,91,663,TYPE_BUG,,resolved_profile_evidence,106,274,GROWTH_MEDIUM_FAST,high,profile-derived-v1
1134,digimon,clockmon,クロックモン,https://digimon.net/reference/detail.php?directory_name=clockmon,成熟期,マシーン型,データ,99f46d9ef7989925f32cc4e432b776f5b3b932e47439d73dd0bb1c34cfaa6baa,254,attack:力:+2 ; attack:破壊:+4 ; special_defense:守護:+4 ; type:TYPE_STEEL:マシーン:official_type:+5 ; type_choice:TYPE_STEEL:5 ; growth:official_stage_plus_profile_power:medium_fast,78,105,78,78,78,96,513,TYPE_STEEL,,resolved_profile_evidence,156,200,GROWTH_MEDIUM_FAST,medium,profile-derived-v1
1135,digimon,greymon-first,グレイモン,https://digimon.net/reference/detail.php?directory_name=greymon-first,成熟期,恐竜型,ワクチン,9744641b3c8bde9af905bfa45d93af7867bb0aa901a473b6d8b371562d8604a9,142,power:超高:+3 ; hp:巨大:+2 ; attack:爪:+3 ; special_attack:炎:+3 ; special_attack:火:+2 ; special_attack:熱:+2 ; type:TYPE_FIRE:炎:profile:+2 ; type:TYPE_FIRE:火炎:profile:+2 ; type:TYPE_FIRE:フレイム:profile:+2 ; type:TYPE_FIRE:フレイム:move:+4 ; type:TYPE_BUG:甲虫:profile:+2 ; type:TYPE_DRAGON:竜:profile:+2 ; type:TYPE_DRAGON:恐竜:profile:+2 ; type:TYPE_DRAGON:竜:official_type:+5 ; type:TYPE_DRAGON:恐竜:official_type:+3 ; type_choice:TYPE_DRAGON:12 ; type_choice:TYPE_FIRE:10 ; growth:official_stage_plus_profile_power:medium_fast,92,97,83,83,115,83,553,TYPE_DRAGON,TYPE_FIRE,resolved_profile_evidence,141,222,GROWTH_MEDIUM_FAST,high,profile-derived-v1
1136,digimon,gururumon,グルルモン,https://digimon.net/reference/detail.php?directory_name=gururumon,成熟期,獣型,ワクチン,294fef97cbaa59b823fb4c7ca2c33efa16e777b06a64a43837b99388051b3003,78,special_attack:炎:+3 ; special_attack:闇:+3 ; special_attack:熱:+2 ; type:TYPE_FIRE:炎:profile:+2 ; type:TYPE_DARK:闇:profile:+2 ; type:TYPE_NORMAL:獣型:official_type:+4 ; type_candidate:TYPE_NORMAL:4 ; type_placeholder:TYPE_NORMAL:low_evidence ; growth:official_stage_plus_profile_power:medium_fast,78,78,78,78,114,78,504,TYPE_NORMAL,,unresolved_low_type_evidence,156,202,GROWTH_MEDIUM_FAST,medium,profile-derived-v1
1137,digimon,gryzmon,グリズモン,https://digimon.net/reference/detail.php?directory_name=gryzmon,成熟期,獣型,ワクチン,24c59ca107647a6e331a9bd3e2eb70664c28d29035b5a4f57e46853d8faa0e8f,265,power:神:+3 ; attack:パワー:+4 ; attack:力:+4 ; attack:格闘:+4 ; attack:爪:+9 ; attack:牙:+3 ; speed:素早:+5 ; special_defense:精神:+4 ; type:TYPE_FIGHTING:格闘:profile:+2 ; type:TYPE_FIGHTING:武闘:profile:+2 ; type:TYPE_PSYCHIC:精神:profile:+2 ; type:TYPE_NORMAL:獣型:official_type:+4 ; type_candidate:TYPE_FIGHTING:4 ; type_placeholder:TYPE_NORMAL:low_evidence ; growth:official_stage_plus_profile_power:medium_fast,83,191,83,106,83,101,647,TYPE_NORMAL,,unresolved_low_type_evidence,107,281,GROWTH_MEDIUM_FAST,medium,profile-derived-v1
1138,digimon,chrysalimon,クリサリモン,https://digimon.net/reference/detail.php?directory_name=chrysalimon,成熟期,種族不明,不明,5231eaf9a8bbd69a868eca9cbfd2dd8306ee90c8a64f77b705d1e9100c3fbf6e,215,attack:破壊:+4 ; defense:硬い:+4 ; special_attack:エネルギー:+3 ; special_attack:データ:+6 ; type_placeholder:TYPE_NORMAL:no_specialized_affinity_evidence ; growth:profile:slow,78,96,96,78,118,78,544,TYPE_NORMAL,,unresolved_no_specialized_type_evidence,147,214,GROWTH_SLOW,medium,profile-derived-v1
1139,digimon,growmon,グラウモン,https://digimon.net/reference/detail.php?directory_name=growmon,成熟期,魔竜型,ウィルス,67f324e20150898bb43f1069ee2019c7c5535d41faf68f62e67ba3fc943d8505,235,power:強力:+3 ; attack:力:+4 ; special_attack:炎:+3 ; special_attack:火:+2 ; type:TYPE_FIRE:炎:profile:+2 ; type:TYPE_FIRE:火炎:profile:+2 ; type:TYPE_FIRE:フレイム:profile:+2 ; type:TYPE_FIRE:フレイム:move:+4 ; type:TYPE_GROUND:大地:profile:+2 ; type:TYPE_DRAGON:竜:profile:+4 ; type:TYPE_DRAGON:竜:official_type:+5 ; type_choice:TYPE_FIRE:10 ; type_choice:TYPE_DRAGON:9 ; growth:official_stage_plus_profile_power:medium_fast,83,101,83,83,106,83,539,TYPE_FIRE,TYPE_DRAGON,resolved_profile_evidence,145,214,GROWTH_MEDIUM_FAST,high,profile-derived-v1
1140,digimon,ginryumon,ギンリュウモン,https://digimon.net/reference/detail.php?directory_name=ginryumon,成熟期,獣竜型,ワクチン,3f64778419c4feef59458ae1540ae27745977c7fccd2d681dd5df986de18a5c6,250,attack:力:+4 ; attack:槍:+3 ; defense:鎧:+12 ; type:TYPE_FLYING:空中:profile:+2 ; type:TYPE_DRAGON:竜:profile:+2 ; type:TYPE_STEEL:鉄:profile:+2 ; type:TYPE_DRAGON:竜:official_type:+5 ; type_choice:TYPE_DRAGON:7 ; growth:official_stage_plus_profile_power:medium_fast,78,110,132,78,78,78,554,TYPE_DRAGON,,resolved_profile_evidence,142,223,GROWTH_MEDIUM_FAST,medium,profile-derived-v1
1141,digimon,ginkakumon,ギンカクモン,https://digimon.net/reference/detail.php?directory_name=ginkakumon,成熟期,鬼人型,ウィルス,d72e08c3b9b643d818e97a5520f9e87cb657c2afc6b71d60882e2ea209bdb456,452,power:強大:+4 ; hp:巨体:+3 ; attack:パワー:+8 ; attack:突進:+3 ; defense:守り:+3 ; special_attack:炎:+9 ; special_attack:火:+2 ; special_attack:雷:+6 ; type:TYPE_FIRE:炎:profile:+6 ; type:TYPE_FIRE:炎:move:+8 ; type:TYPE_ELECTRIC:雷:profile:+2 ; type:TYPE_ELECTRIC:雷:move:+4 ; type_choice:TYPE_FIRE:14 ; growth:official_stage_plus_profile_power:medium_fast,99,135,99,85,162,85,665,TYPE_FIRE,,resolved_profile_evidence,108,275,GROWTH_MEDIUM_FAST,high,profile-derived-v1
1142,digimon,kinkakumon,キンカクモン,https://digimon.net/reference/detail.php?directory_name=kinkakumon,成熟期,鬼人型,ウィルス,651104b608da6522cbadadd18298d24260a53a604160b62b8fbd1521a2e66c86,367,attack:キック:+3 ; attack:粉砕:+5 ; speed:走:+2 ; special_attack:火:+2 ; special_attack:雷:+6 ; special_attack:電撃:+4 ; special_attack:光:+9 ; type:TYPE_ELECTRIC:雷:profile:+2 ; type:TYPE_ELECTRIC:雷:move:+4 ; type:TYPE_ELECTRIC:電撃:profile:+2 ; type:TYPE_FIGHTING:キック:profile:+2 ; type:TYPE_GROUND:地面:profile:+2 ; type:TYPE_ROCK:石:profile:+2 ; type_choice:TYPE_ELECTRIC:8 ; growth:profile:erratic,78,114,78,87,172,78,607,TYPE_ELECTRIC,,resolved_profile_evidence,124,254,GROWTH_ERRATIC,high,profile-derived-v1
1143,digimon,kyubimon,キュウビモン,https://digimon.net/reference/detail.php?directory_name=kyubimon,成熟期,妖獣型,データ,5a45984414a07df945f361a4faedf1006f0b2954ea0f782a856178068b1fc1a9,261,power:強大:+4 ; power:神:+3 ; hp:巨大:+2 ; attack:力:+6 ; special_attack:炎:+9 ; special_attack:火:+6 ; special_defense:精神:+4 ; type:TYPE_FIRE:炎:profile:+4 ; type:TYPE_FIRE:炎:move:+4 ; type:TYPE_PSYCHIC:精神:profile:+2 ; type:TYPE_DRAGON:龍:profile:+4 ; type:TYPE_DRAGON:龍:move:+4 ; type:TYPE_NORMAL:獣型:official_type:+4 ; type:TYPE_FAIRY:妖獣:official_type:+3 ; type:TYPE_DARK:妖獣:official_type:+2 ; type_choice:TYPE_DRAGON:8 ; type_choice:TYPE_FIRE:8 ; growth:official_stage_plus_profile_power:medium_fast,100,118,91,91,158,109,667,TYPE_DRAGON,TYPE_FIRE,resolved_profile_evidence,103,281,GROWTH_MEDIUM_FAST,high,profile-derived-v1
1144,digimon,kiwimon,キウイモン,https://digimon.net/reference/detail.php?directory_name=kiwimon,成熟期,古代鳥型,データ,4fab9bfe909779b1ae4260e1a8de0ac8121cecc8880f71c64546898fc2933451,281,defense:硬質:+8 ; special_attack:光:+3 ; special_attack:爆発:+6 ; type:TYPE_GRASS:植物:profile:+2 ; type:TYPE_GRASS:葉:profile:+2 ; type:TYPE_FLYING:鳥:profile:+2 ; type:TYPE_FLYING:羽:profile:+2 ; type:TYPE_FLYING:鳥:official_type:+5 ; type_choice:TYPE_FLYING:9 ; growth:profile:slow,78,78,114,78,118,78,544,TYPE_FLYING,,resolved_profile_evidence,147,214,GROWTH_SLOW,medium,profile-derived-v1
1145,digimon,gawappamon,ガワッパモン,https://digimon.net/reference/detail.php?directory_name=gawappamon,成熟期,サイボーグ型,データ,ad916f010744bfab50f7ab580ad59c3aafbffe9258f4367b55d4e7133a3a9448,175,attack:パンチ:+6 ; speed:高速:+5 ; special_attack:データ:+2 ; type:TYPE_FIGHTING:パンチ:profile:+2 ; type:TYPE_FIGHTING:パンチ:move:+4 ; type:TYPE_STEEL:サイボーグ:profile:+2 ; type:TYPE_STEEL:サイボーグ:official_type:+5 ; type_choice:TYPE_STEEL:7 ; type_choice:TYPE_FIGHTING:6 ; growth:official_stage_plus_profile_power:medium_fast,78,105,78,100,87,78,526,TYPE_STEEL,TYPE_FIGHTING,resolved_profile_evidence,153,203,GROWTH_MEDIUM_FAST,medium,profile-derived-v1
1146,digimon,garurumon,ガルルモン,https://digimon.net/reference/detail.php?directory_name=garurumon,成熟期,獣型,ワクチン,f19e24f563aae16ec78b4143adacb83adb46e4306e27ecfa8eaf1280f6a12432,244,speed:敏捷:+5 ; special_attack:炎:+3 ; special_attack:熱:+2 ; type:TYPE_FIRE:炎:profile:+2 ; type:TYPE_FIGHTING:筋肉:profile:+2 ; type:TYPE_NORMAL:獣型:official_type:+4 ; type_candidate:TYPE_NORMAL:4 ; type_placeholder:TYPE_NORMAL:low_evidence ; growth:official_stage_plus_profile_power:medium_fast,78,78,78,100,100,78,512,TYPE_NORMAL,,unresolved_low_type_evidence,157,197,GROWTH_MEDIUM_FAST,medium,profile-derived-v1
1147,digimon,galgomon,ガルゴモン,https://digimon.net/reference/detail.php?directory_name=galgomon,成熟期,獣人型,ワクチン,5941dbf739903305db0a02950b2c9b6ae8eb28e9ab3a8b6f9a3503fd9caf2dc0,230,attack:力:+2 ; speed:素早:+5 ; type:TYPE_FIGHTING:獣人:official_type:+3 ; type:TYPE_NORMAL:獣人:official_type:+2 ; type_candidate:TYPE_FIGHTING:3 ; type_placeholder:TYPE_NORMAL:low_evidence ; growth:official_stage_plus_profile_power:medium_fast,78,87,78,100,78,78,499,TYPE_NORMAL,,unresolved_low_type_evidence,159,194,GROWTH_MEDIUM_FAST,medium,profile-derived-v1
1148,digimon,karatukinumemon,カラツキヌメモン,https://digimon.net/reference/detail.php?directory_name=karatukinumemon,成熟期,甲殻類型,ウィルス,2c48307b63913f2ba6425d3071f3ceb381a94ef9dc592ebfa375c2f426b21f48,193,hp:頑丈:+3 ; attack:力:+2 ; defense:防御:+5 ; defense:甲殻:+4 ; defense:頑丈:+4 ; type_placeholder:TYPE_NORMAL:no_specialized_affinity_evidence ; growth:official_stage_plus_profile_power:medium_fast,92,87,136,78,78,78,549,TYPE_NORMAL,,unresolved_no_specialized_type_evidence,143,223,GROWTH_MEDIUM_FAST,medium,profile-derived-v1
1149,digimon,kabuterimon,カブテリモン,https://digimon.net/reference/detail.php?directory_name=kabuterimon,成熟期,昆虫型,ワクチン,22e30c155ac3cdca3b09d5bf4f884a171fab3599e4a55ba1b0dcc5e28c6117ca,190,attack:パワー:+4 ; attack:力:+2 ; defense:防御:+10 ; defense:鉄壁:+6 ; type:TYPE_BUG:昆虫:profile:+6 ; type:TYPE_BUG:甲虫:profile:+2 ; type:TYPE_STEEL:金属:profile:+2 ; type:TYPE_STEEL:鉄:profile:+2 ; type:TYPE_BUG:昆虫:official_type:+5 ; type_choice:TYPE_BUG:13 ; growth:official_stage_plus_profile_power:medium_fast,78,105,150,78,78,78,567,TYPE_BUG,,resolved_profile_evidence,136,234,GROWTH_MEDIUM_FAST,medium,profile-derived-v1
1150,digimon,guardromon,ガードロモン,https://digimon.net/reference/detail.php?directory_name=guardromon,成熟期,マシーン型,ウィルス,986a232d860e9207c88ec61a339d34460d744caf27a2a9a00f791ce6a759b6b8,318,attack:力:+2 ; attack:破壊:+4 ; defense:防御:+15 ; defense:鉄壁:+6 ; type:TYPE_STEEL:マシーン:profile:+2 ; type:TYPE_STEEL:鉄:profile:+2 ; type:TYPE_STEEL:マシーン:official_type:+5 ; type_choice:TYPE_STEEL:9 ; growth:official_stage_plus_profile_power:medium_fast,78,105,172,78,78,78,589,TYPE_STEEL,,resolved_profile_evidence,128,250,GROWTH_MEDIUM_FAST,medium,profile-derived-v1
1151,digimon,gaogamon,ガオガモン,https://digimon.net/reference/detail.php?directory_name=gaogamon,成熟期,獣型,データ,63f15663626d5aee038be74d45b3d0d15e84d30ec14d6c183c3cc3f275ad2d1d,183,power:強力:+3 ; attack:力:+4 ; attack:爪:+3 ; speed:スピード:+4 ; type:TYPE_NORMAL:獣型:official_type:+4 ; type_candidate:TYPE_NORMAL:4 ; type_placeholder:TYPE_NORMAL:low_evidence ; growth:official_stage_plus_profile_power:medium_fast,83,115,83,101,83,83,548,TYPE_NORMAL,,unresolved_low_type_evidence,142,221,GROWTH_MEDIUM_FAST,medium,profile-derived-v1
1152,digimon,omekamon,オメカモン,https://digimon.net/reference/detail.php?directory_name=omekamon,成熟期,パペット型,データ,5ef96ec16ea7e7141cadacbfe703d4d1561a315b2b99074998e0eaa5cad4a318,203,attack:力:+2 ; attack:キック:+6 ; special_attack:データ:+2 ; special_defense:聖:+2 ; type:TYPE_FIGHTING:キック:profile:+2 ; type:TYPE_FIGHTING:キック:move:+4 ; type:TYPE_STEEL:メカ:profile:+2 ; type:TYPE_STEEL:メカ:move:+4 ; type:TYPE_FAIRY:聖:profile:+2 ; type:TYPE_NORMAL:パペット:official_type:+2 ; type:TYPE_GHOST:パペット:official_type:+2 ; type_choice:TYPE_FIGHTING:6 ; type_choice:TYPE_STEEL:6 ; growth:official_stage_plus_profile_power:medium_fast,78,114,78,78,87,87,522,TYPE_FIGHTING,TYPE_STEEL,resolved_profile_evidence,152,206,GROWTH_MEDIUM_FAST,high,profile-derived-v1
1153,digimon,octmon,オクタモン,https://digimon.net/reference/detail.php?directory_name=octmon,成熟期,軟体型,ウィルス,32eef0925b814fc5487191cfe783f0610e3ea44748d6ab4ab0284949f26630ab,254,power:小型:-1 ; attack:爪:+3 ; attack:破壊:+4 ; special_attack:毒:+3 ; special_attack:データ:+2 ; type:TYPE_WATER:海:profile:+4 ; type:TYPE_WATER:海:move:+4 ; type:TYPE_POISON:毒:profile:+2 ; type_choice:TYPE_WATER:8 ; growth:official_stage_plus_profile_power:medium_fast,76,108,76,76,99,76,511,TYPE_WATER,,resolved_profile_evidence,155,201,GROWTH_MEDIUM_FAST,medium,profile-derived-v1
1154,digimon,orgemon,オーガモン,https://digimon.net/reference/detail.php?directory_name=orgemon,成熟期,鬼人型,ウィルス,1dd1ae275b126c117669f0872eb9ea2f6b74ac3af0250dc398f548421f1e7346,207,power:王:+2 ; hp:巨大:+2 ; attack:力:+6 ; attack:拳:+6 ; attack:破壊:+8 ; type:TYPE_FIGHTING:拳:profile:+2 ; type:TYPE_FIGHTING:拳:move:+4 ; type:TYPE_FIGHTING:筋肉:profile:+2 ; type_choice:TYPE_FIGHTING:8 ; growth:official_stage_plus_profile_power:medium_fast,91,172,82,82,82,82,591,TYPE_FIGHTING,,resolved_profile_evidence,124,255,GROWTH_MEDIUM_FAST,medium,profile-derived-v1
1155,digimon,angemon,エンジェモン,https://digimon.net/reference/detail.php?directory_name=angemon,成熟期,天使型,ワクチン,bbc26bf918550bc9817c8a96dc3d6acf5d619166b731c3b199e8bb2793d85127,214,power:神:+3 ; attack:拳:+3 ; special_attack:光:+3 ; type:TYPE_FIGHTING:拳:profile:+2 ; type:TYPE_FLYING:翼:profile:+2 ; type:TYPE_DARK:ダーク:profile:+2 ; type:TYPE_FAIRY:天使:profile:+2 ; type:TYPE_FAIRY:天使:official_type:+5 ; type:TYPE_FLYING:天使:official_type:+2 ; type_choice:TYPE_FAIRY:7 ; growth:official_stage_plus_profile_power:medium_fast,83,97,83,83,97,83,526,TYPE_FAIRY,,resolved_profile_evidence,149,207,GROWTH_MEDIUM_FAST,medium,profile-derived-v1
1156,digimon,ebidramon,エビドラモン,https://digimon.net/reference/detail.php?directory_name=ebidramon,成熟期,水棲型,データ,d9565224677144071a3e92beceba0730e6582f49f7e99754356e03d39d35c141,101,hp:巨大:+2 ; attack:力:+2 ; defense:硬い:+4 ; type:TYPE_WATER:水棲:official_type:+5 ; type_choice:TYPE_WATER:5 ; growth:official_stage_plus_profile_power:medium_fast,87,87,96,78,78,78,504,TYPE_WATER,,resolved_profile_evidence,159,193,GROWTH_MEDIUM_FAST,medium,profile-derived-v1
1157,digimon,xv-mon,エクスブイモン,https://digimon.net/reference/detail.php?directory_name=xv-mon,成熟期,幻竜型,フリー,e59c10b2adb596bcdb9134b39ecec37fc49c6807bfc914a89f00df693532e47e,233,power:凄まじ:+3 ; attack:腕力:+5 ; attack:力:+6 ; attack:破壊:+8 ; special_attack:エネルギー:+3 ; type:TYPE_ROCK:岩:profile:+2 ; type:TYPE_ROCK:石:profile:+2 ; type:TYPE_DRAGON:竜:profile:+2 ; type:TYPE_DRAGON:竜:official_type:+5 ; type_choice:TYPE_DRAGON:7 ; growth:profile:slow,83,169,83,83,97,83,598,TYPE_DRAGON,,resolved_profile_evidence,121,258,GROWTH_SLOW,medium,profile-derived-v1
1158,digimon,airdramon,エアドラモン,https://digimon.net/reference/detail.php?directory_name=airdramon,成熟期,幻獣型,ワクチン,288e57d38e4403b7b4e8ba1a788e8c19ae837600fc70cf9913a7a1b0ec798dd0,179,power:神:+3 ; hp:巨大:+6 ; type:TYPE_FLYING:翼:profile:+6 ; type:TYPE_FLYING:空中:profile:+2 ; type:TYPE_FLYING:羽:profile:+4 ; type:TYPE_DRAGON:竜:profile:+2 ; type:TYPE_NORMAL:獣型:official_type:+4 ; type_choice:TYPE_FLYING:12 ; growth:official_stage_plus_profile_power:medium_fast,110,83,83,83,83,83,525,TYPE_FLYING,,resolved_profile_evidence,147,213,GROWTH_MEDIUM_FAST,medium,profile-derived-v1
1159,digimon,woodmon,ウッドモン,https://digimon.net/reference/detail.php?directory_name=woodmon,成熟期,植物型,ウィルス,fd58f1dd7441b6588ab1222c8cbe0fbbcda75923e5524cd38f7469f386420cc2,223,attack:力:+2 ; defense:防御:+5 ; defense:硬い:+4 ; special_attack:エネルギー:+6 ; special_attack:炎:+3 ; special_attack:火:+4 ; special_defense:吸収:+4 ; type:TYPE_FIRE:炎:profile:+2 ; type:TYPE_FIRE:火炎:profile:+2 ; type:TYPE_GRASS:植物:profile:+2 ; type:TYPE_GRASS:植物:official_type:+5 ; type_choice:TYPE_GRASS:7 ; growth:official_stage_plus_profile_power:medium_fast,78,87,118,78,136,96,593,TYPE_GRASS,,resolved_profile_evidence,134,234,GROWTH_MEDIUM_FAST,high,profile-derived-v1
1160,digimon,wendimon,ウェンディモン,https://digimon.net/reference/detail.php?directory_name=wendimon,成熟期,獣人型,ウィルス,fbbbec4900d1ad42169fd91c730d46f5033425a715e205373342bcab0a3f3cb3,212,attack:パワー:+4 ; attack:力:+2 ; attack:破壊:+4 ; special_attack:衝撃波:+3 ; type:TYPE_ROCK:岩:profile:+2 ; type:TYPE_DARK:暗黒:profile:+2 ; type:TYPE_FIGHTING:獣人:official_type:+3 ; type:TYPE_NORMAL:獣人:official_type:+2 ; type_candidate:TYPE_FIGHTING:3 ; type_placeholder:TYPE_NORMAL:low_evidence ; growth:official_stage_plus_profile_power:medium_fast,78,123,78,78,92,78,527,TYPE_NORMAL,,unresolved_low_type_evidence,149,211,GROWTH_MEDIUM_FAST,medium,profile-derived-v1
1161,digimon,witchmon,ウィッチモン,https://digimon.net/reference/detail.php?directory_name=witchmon,成熟期,魔人型,データ,30405a6829542deb3d888164fd9cde61006718155c6255527b49cd0bae872908,229,power:超高:+3 ; attack:力:+2 ; special_attack:魔力:+5 ; special_defense:魔力:+2 ; type:TYPE_STEEL:鋼:profile:+2 ; type:TYPE_STEEL:鉄:profile:+2 ; type_candidate:TYPE_STEEL:4 ; type_placeholder:TYPE_NORMAL:low_evidence ; growth:official_stage_plus_profile_power:medium_fast,83,92,83,83,106,92,539,TYPE_NORMAL,,unresolved_low_type_evidence,145,214,GROWTH_MEDIUM_FAST,medium,profile-derived-v1
1162,digimon,wizarmon,ウィザーモン,https://digimon.net/reference/detail.php?directory_name=wizarmon,成熟期,魔人型,データ,91876cd9fb52e9d7285d45b13255926393c1d11cee2b5b7121b15b1447424dc6,191,special_attack:炎:+3 ; special_attack:雷:+6 ; type:TYPE_FIRE:炎:profile:+2 ; type:TYPE_ELECTRIC:雷:profile:+4 ; type:TYPE_ELECTRIC:サンダー:profile:+2 ; type:TYPE_ELECTRIC:サンダー:move:+4 ; type:TYPE_GROUND:大地:profile:+2 ; type:TYPE_DARK:ダーク:profile:+2 ; type:TYPE_DARK:ダーク:move:+4 ; type_choice:TYPE_ELECTRIC:10 ; growth:official_stage_plus_profile_power:medium_fast,78,78,78,78,118,78,508,TYPE_ELECTRIC,,resolved_profile_evidence,154,204,GROWTH_MEDIUM_FAST,medium,profile-derived-v1
1163,digimon,evilmon,イビルモン,https://digimon.net/reference/detail.php?directory_name=evilmon,成熟期,小悪魔型,ウィルス,8429b66fe09f1cb1f03408a8feaf9df6b9d5fd658f192c656b40ea050eae0c8c,128,power:弱い:-4 ; special_attack:音波:+4 ; type:TYPE_DARK:暗黒:profile:+2 ; type:TYPE_DARK:悪魔:profile:+2 ; type:TYPE_DARK:ダーク:profile:+2 ; type:TYPE_DARK:悪魔:official_type:+5 ; type_choice:TYPE_DARK:11 ; growth:official_stage_plus_profile_power:medium_fast,71,71,71,71,89,71,444,TYPE_DARK,,resolved_profile_evidence,172,175,GROWTH_MEDIUM_FAST,medium,profile-derived-v1
1164,digimon,ikkakumon,イッカクモン,https://digimon.net/reference/detail.php?directory_name=ikkakumon,成熟期,海獣型,ワクチン,93af16370b69bb64056f0a96f4326ecc8004802e6d8dc2e9a39c91ffdd884b30,237,hp:再生:+4 ; hp:頑丈:+3 ; attack:爪:+3 ; defense:頑丈:+4 ; speed:素早:+5 ; special_attack:氷:+3 ; special_defense:再生:+3 ; type:TYPE_WATER:海:profile:+2 ; type:TYPE_ICE:氷:profile:+2 ; type:TYPE_WATER:海獣:official_type:+4 ; type:TYPE_NORMAL:獣型:official_type:+4 ; type_choice:TYPE_WATER:6 ; growth:official_stage_plus_profile_power:medium_fast,110,92,96,100,92,92,582,TYPE_WATER,,resolved_profile_evidence,141,220,GROWTH_MEDIUM_FAST,high,profile-derived-v1
1165,digimon,igamon,イガモン,https://digimon.net/reference/detail.php?directory_name=igamon,成熟期,突然変異,データ,23ea7d7c516ad3f9abd818288488068db22d1aabe65322dccd2d1a3614f06fe0,165,hp:巨大:+2 ; attack:剣:+9 ; type:TYPE_WATER:水中:profile:+2 ; type:TYPE_GRASS:森:profile:+2 ; type:TYPE_NORMAL:突然変異:official_type:+3 ; type_candidate:TYPE_NORMAL:3 ; type_placeholder:TYPE_NORMAL:low_evidence ; growth:official_stage_plus_profile_power:medium_fast,87,118,78,78,78,78,517,TYPE_NORMAL,,unresolved_low_type_evidence,152,207,GROWTH_MEDIUM_FAST,medium,profile-derived-v1
1166,digimon,ankylomon,アンキロモン,https://digimon.net/reference/detail.php?directory_name=ankylomon,成熟期,鎧竜型,フリー,393a86ab5f1c22ddb5926de57074f9b617454f38bbf9fd3d239fffaba2891d35,231,hp:巨体:+3 ; attack:力:+2 ; attack:突進:+3 ; attack:破壊:+8 ; attack:叩:+2 ; defense:鎧:+4 ; defense:硬質:+12 ; type:TYPE_GRASS:草:profile:+2 ; type:TYPE_DRAGON:竜:profile:+2 ; type:TYPE_STEEL:鉄:profile:+2 ; type:TYPE_DRAGON:竜:official_type:+5 ; type_choice:TYPE_DRAGON:7 ; growth:official_stage_plus_profile_power:medium_fast,92,146,150,78,78,78,622,TYPE_DRAGON,,resolved_profile_evidence,126,248,GROWTH_MEDIUM_FAST,high,profile-derived-v1
1167,digimon,aquilamon,アクィラモン,https://digimon.net/reference/detail.php?directory_name=aquilamon,成熟期,巨鳥型,フリー,8fe0403da3c905d7acaf64d4eb730eb303ebc1e94a832bbbcc35f5ade3a5706e,219,power:絶大:+5 ; hp:巨大:+2 ; attack:力:+4 ; attack:突進:+6 ; speed:スピード:+4 ; special_attack:レーザー:+8 ; special_attack:雷:+3 ; special_attack:光:+3 ; type:TYPE_ELECTRIC:雷:profile:+2 ; type:TYPE_GROUND:砂:profile:+2 ; type:TYPE_GROUND:砂漠:profile:+2 ; type:TYPE_FLYING:大空:profile:+2 ; type:TYPE_FLYING:鳥:profile:+4 ; type:TYPE_FLYING:鳥:official_type:+5 ; type_choice:TYPE_FLYING:11 ; growth:official_stage_plus_profile_power:medium_fast,96,132,87,105,150,87,657,TYPE_FLYING,,resolved_profile_evidence,110,270,GROWTH_MEDIUM_FAST,high,profile-derived-v1
1168,digimon,akatorimon,アカトリモン,https://digimon.net/reference/detail.php?directory_name=akatorimon,成熟期,巨鳥型,データ,197f0d8ceb5c47704bb52365dd13beb2cb46543685509089893c37f83eddda76,103,special_attack:エネルギー:+3 ; type:TYPE_ROCK:石:profile:+2 ; type:TYPE_FLYING:鳥:official_type:+5 ; type_choice:TYPE_FLYING:5 ; growth:official_stage_plus_profile_power:medium_fast,78,78,78,78,92,78,482,TYPE_FLYING,,resolved_profile_evidence,164,186,GROWTH_MEDIUM_FAST,low,profile-derived-v1
1169,digimon,icemon,アイスモン,https://digimon.net/reference/detail.php?directory_name=icemon,成熟期,氷雪型,データ,c5647c9f15e0666a54a96dcae8e5d414e1b2e21a3672e06c6da46f671174ddd1,91,special_attack:氷:+6 ; type:TYPE_ICE:氷:profile:+4 ; type_candidate:TYPE_ICE:4 ; type_placeholder:TYPE_NORMAL:low_evidence ; growth:official_stage_plus_profile_power:medium_fast,78,78,78,78,105,78,495,TYPE_NORMAL,,unresolved_low_type_evidence,159,195,GROWTH_MEDIUM_FAST,low,profile-derived-v1
1170,digimon,aegiomon,アイギオモン,https://digimon.net/reference/detail.php?directory_name=aegiomon,成熟期,神人型,ワクチン,b1516a7b134d0053c71ef0e572818793de5a1544dd4c1c7c9b7041893b17efaf,369,power:神:+6 ; attack:力:+2 ; special_attack:電気:+3 ; type:TYPE_ELECTRIC:電気:profile:+2 ; type:TYPE_FAIRY:神人:official_type:+3 ; type:TYPE_FIGHTING:神人:official_type:+2 ; type_candidate:TYPE_FAIRY:3 ; type_placeholder:TYPE_NORMAL:low_evidence ; growth:official_stage_plus_profile_power:medium_fast,89,98,89,89,102,89,556,TYPE_NORMAL,,unresolved_low_type_evidence,137,225,GROWTH_MEDIUM_FAST,medium,profile-derived-v1
1171,digimon,wormmon,ワームモン,https://digimon.net/reference/detail.php?directory_name=wormmon,成長期,幼虫型,フリー,065206f6db0d133ad27c16e63165469ace0f8188f648994b774ce789225810e0,297,attack:パワー:+8 ; attack:力:+6 ; defense:硬質:+4 ; type:TYPE_BUG:幼虫:profile:+4 ; type_candidate:TYPE_BUG:4 ; type_placeholder:TYPE_NORMAL:low_evidence ; growth:profile:slow,58,121,76,58,58,58,429,TYPE_NORMAL,,unresolved_low_type_evidence,169,185,GROWTH_SLOW,medium,profile-derived-v1
1172,digimon,lopmon,ロップモン,https://digimon.net/reference/detail.php?directory_name=lopmon,成長期,獣型,データ,ba3e2220e8c378757290bee9f207a21ad8fe792cf2eb434ac3352df518cbde67,303,power:小型:-1 ; attack:パワー:+4 ; special_attack:冷気:+3 ; type:TYPE_ICE:冷気:profile:+2 ; type:TYPE_DRAGON:竜:profile:+2 ; type:TYPE_NORMAL:獣型:official_type:+4 ; type_candidate:TYPE_NORMAL:4 ; type_placeholder:TYPE_NORMAL:low_evidence ; growth:official_stage_plus_profile_power:medium_fast,56,74,56,56,70,56,368,TYPE_NORMAL,,unresolved_low_type_evidence,190,148,GROWTH_MEDIUM_FAST,medium,profile-derived-v1
1173,digimon,renamon,レナモン,https://digimon.net/reference/detail.php?directory_name=renamon,成長期,獣人型,データ,ccef9125dcbfd3bacd23717e2de746a87dad4b0ac5a1263742fe465b3ae5d843,253,attack:パワー:+4 ; speed:スピード:+4 ; type:TYPE_GRASS:葉:profile:+4 ; type:TYPE_GRASS:葉:move:+4 ; type:TYPE_FIGHTING:獣人:official_type:+3 ; type:TYPE_NORMAL:獣人:official_type:+2 ; type_choice:TYPE_GRASS:8 ; growth:official_stage_plus_profile_power:medium_fast,58,76,58,76,58,58,384,TYPE_GRASS,,resolved_profile_evidence,186,153,GROWTH_MEDIUM_FAST,medium,profile-derived-v1
1174,digimon,liollmon,レオルモン,https://digimon.net/reference/detail.php?directory_name=liollmon,成長期,聖獣型,ワクチン,a40d5e578b9183a63127f7d9a849bf2191d9dbb1efc91ecd1abfe77edd5eb201,221,attack:力:+2 ; attack:爪:+3 ; special_attack:電気:+3 ; special_attack:爆発:+3 ; special_defense:聖:+2 ; type:TYPE_ELECTRIC:電気:profile:+2 ; type:TYPE_FAIRY:聖:profile:+2 ; type:TYPE_FAIRY:聖:official_type:+3 ; type:TYPE_NORMAL:獣型:official_type:+4 ; type:TYPE_FAIRY:聖獣:official_type:+4 ; type:TYPE_NORMAL:聖獣:official_type:+2 ; type_choice:TYPE_FAIRY:9 ; type_choice:TYPE_NORMAL:6 ; growth:profile:slow,58,80,58,58,85,67,406,TYPE_FAIRY,TYPE_NORMAL,resolved_profile_evidence,180,163,GROWTH_SLOW,high,profile-derived-v1
1175,digimon,lunamon,ルナモン,https://digimon.net/reference/detail.php?directory_name=lunamon,成長期,哺乳類型,データ,1f0858f5b89c36c633a31afaa26614870233b005213c16f77c57d4b8dad7eec2,194,attack:力:+4 ; attack:爪:+3 ; special_attack:闇:+3 ; special_attack:データ:+2 ; type:TYPE_DARK:闇:profile:+2 ; type:TYPE_NORMAL:哺乳類:profile:+2 ; type_candidate:TYPE_DARK:2 ; type_placeholder:TYPE_NORMAL:low_evidence ; growth:official_stage_plus_profile_power:medium_fast,58,90,58,58,80,58,402,TYPE_NORMAL,,unresolved_low_type_evidence,180,164,GROWTH_MEDIUM_FAST,medium,profile-derived-v1
1176,digimon,lucemon,ルーチェモン,https://digimon.net/reference/detail.php?directory_name=lucemon,成長期,天使型,ワクチン,7341eefb2662ad47fd7949445de565878d3e0f13569f23b22a08f83e7a692950,271,attack:力:+6 ; special_attack:光:+3 ; special_attack:熱:+2 ; type:TYPE_DARK:暗黒:profile:+2 ; type:TYPE_FAIRY:天使:profile:+4 ; type:TYPE_FAIRY:天使:official_type:+5 ; type:TYPE_FLYING:天使:official_type:+2 ; type_choice:TYPE_FAIRY:9 ; growth:profile:slow,58,85,58,58,80,58,397,TYPE_FAIRY,,resolved_profile_evidence,182,161,GROWTH_SLOW,medium,profile-derived-v1
1177,digimon,ryudamon,リュウダモン,https://digimon.net/reference/detail.php?directory_name=ryudamon,成長期,獣型,ワクチン,495a314455d9b3e034a13baac2b32e37c2469e10a9cbe72bf6a9e77e93be1c93,314,power:強大:+8 ; power:神:+3 ; attack:力:+2 ; defense:防御:+5 ; defense:鎧:+8 ; special_attack:データ:+4 ; type:TYPE_GHOST:魂:profile:+2 ; type:TYPE_DRAGON:竜:profile:+2 ; type:TYPE_STEEL:鉄:profile:+2 ; type:TYPE_NORMAL:獣型:official_type:+4 ; type_candidate:TYPE_NORMAL:4 ; type_placeholder:TYPE_NORMAL:low_evidence ; growth:official_stage_plus_profile_power:medium_fast,78,87,136,78,96,78,553,TYPE_NORMAL,,unresolved_low_type_evidence,122,252,GROWTH_MEDIUM_FAST,medium,profile-derived-v1
1178,digimon,lalamon,ララモン,https://digimon.net/reference/detail.php?directory_name=lalamon,成長期,植物型,データ,d2588186db6202e9781f4bfb8d3dfe6c169ca2c521ebdb540f6703818f57a446,145,stats:balanced:no_specialization_signal_in_official_text ; type:TYPE_GRASS:植物:profile:+2 ; type:TYPE_GRASS:葉:profile:+4 ; type:TYPE_GRASS:植物:official_type:+5 ; type_choice:TYPE_GRASS:11 ; growth:official_stage_plus_profile_power:medium_fast,58,58,58,58,58,58,348,TYPE_GRASS,,resolved_profile_evidence,197,136,GROWTH_MEDIUM_FAST,medium,profile-derived-v1
1179,digimon,labramon,ラブラモン,https://digimon.net/reference/detail.php?directory_name=labramon,成長期,獣型,ワクチン,224e879782a3b85e93fd4e17a85c9fb8375244a85093e8198c38a8108f214ce4,213,special_attack:データ:+2 ; special_defense:守護:+4 ; type:TYPE_NORMAL:獣型:official_type:+4 ; type_candidate:TYPE_NORMAL:4 ; type_placeholder:TYPE_NORMAL:low_evidence ; growth:official_stage_plus_profile_power:medium_fast,58,58,58,58,67,76,375,TYPE_NORMAL,,unresolved_low_type_evidence,188,151,GROWTH_MEDIUM_FAST,low,profile-derived-v1
1180,digimon,yukiagumon,ユキアグモン,https://digimon.net/reference/detail.php?directory_name=yukiagumon,成長期,恐竜型,ワクチン,c09d800fb36027c0c7ef4f885b0a84cffabf673d7986b320caa66abef0132deb,124,stats:balanced:no_specialization_signal_in_official_text ; type:TYPE_ICE:雪:profile:+6 ; type:TYPE_ICE:ブリザード:profile:+2 ; type:TYPE_ICE:ブリザード:move:+4 ; type:TYPE_DRAGON:竜:official_type:+5 ; type:TYPE_DRAGON:恐竜:official_type:+3 ; type_choice:TYPE_ICE:12 ; type_choice:TYPE_DRAGON:8 ; growth:official_stage_plus_profile_power:medium_fast,58,58,58,58,58,58,348,TYPE_ICE,TYPE_DRAGON,resolved_profile_evidence,197,136,GROWTH_MEDIUM_FAST,medium,profile-derived-v1
1181,digimon,monodramon,モノドラモン,https://digimon.net/reference/detail.php?directory_name=monodramon,成長期,小竜型,ワクチン,71230c3439556e820f018e5289b710801065de5a4524e7109d16138d5d24376d,301,power:強力:+3 ; attack:力:+2 ; special_attack:データ:+2 ; type:TYPE_FLYING:翼:profile:+2 ; type:TYPE_DRAGON:竜:profile:+2 ; type:TYPE_DRAGON:竜:official_type:+5 ; type_choice:TYPE_DRAGON:7 ; growth:official_stage_plus_profile_power:medium_fast,63,72,63,63,72,63,396,TYPE_DRAGON,,resolved_profile_evidence,179,162,GROWTH_MEDIUM_FAST,medium,profile-derived-v1
1182,digimon,muchomon,ムーチョモン,https://digimon.net/reference/detail.php?directory_name=muchomon,成長期,鳥型,データ,bf3bf1ea095fc005c021eebdc406763d70fa7859ee215e2d224d7ddb996057c8,128,special_attack:熱:+2 ; type:TYPE_FLYING:鳥:profile:+2 ; type:TYPE_FLYING:鳥:official_type:+5 ; type_choice:TYPE_FLYING:7 ; growth:official_stage_plus_profile_power:medium_fast,58,58,58,58,67,58,357,TYPE_FLYING,,resolved_profile_evidence,193,142,GROWTH_MEDIUM_FAST,low,profile-derived-v1
1183,digimon,mushmon,マッシュモン,https://digimon.net/reference/detail.php?directory_name=mushmon,成長期,植物型,ウィルス,8e813c6afcd9e292f6f2fb85aad0a6be913d31392ca5a6ec5cce228654ff7072,216,power:弱い:-4 ; power:小型:-3 ; special_attack:毒:+6 ; type:TYPE_GRASS:植物:profile:+2 ; type:TYPE_POISON:毒:profile:+4 ; type:TYPE_POISON:ポイズン:profile:+2 ; type:TYPE_POISON:ポイズン:move:+4 ; type:TYPE_GRASS:植物:official_type:+5 ; type_choice:TYPE_POISON:10 ; type_choice:TYPE_GRASS:7 ; growth:official_stage_plus_profile_power:medium_fast,45,45,45,45,72,45,297,TYPE_POISON,TYPE_GRASS,resolved_profile_evidence,204,129,GROWTH_MEDIUM_FAST,medium,profile-derived-v1
1184,digimon,bokomon,ボコモン,https://digimon.net/reference/detail.php?directory_name=bokomon,成長期,突然変異型,ワクチン,827c71095c080fed2c38a08cc2a0311e1ff94c63aa5f755a0ee7f5d9eb185751,183,attack:剣:+3 ; speed:スピード:+4 ; type:TYPE_NORMAL:突然変異:official_type:+3 ; type_candidate:TYPE_NORMAL:3 ; type_placeholder:TYPE_NORMAL:low_evidence ; growth:official_stage_plus_profile_power:medium_fast,58,72,58,76,58,58,380,TYPE_NORMAL,,unresolved_low_type_evidence,187,152,GROWTH_MEDIUM_FAST,low,profile-derived-v1
1185,digimon,paunchessmon-white,ポーンチェスモン（白）,https://digimon.net/reference/detail.php?directory_name=paunchessmon-white,成長期,パペット型,ウィルス,676f2d37f1d3731f7bb754b4a7a5b777cbad5b59a2230a445211f945b2ad61dd,217,power:究極:+5 ; power:弱い:-4 ; attack:力:+4 ; attack:槍:+3 ; attack:突進:+3 ; defense:盾:+4 ; special_attack:データ:+2 ; type:TYPE_NORMAL:一般:profile:+2 ; type:TYPE_NORMAL:パペット:official_type:+2 ; type:TYPE_GHOST:パペット:official_type:+2 ; type_candidate:TYPE_NORMAL:4 ; type_placeholder:TYPE_NORMAL:low_evidence ; growth:official_stage_plus_profile_power:medium_fast,60,105,78,60,69,60,432,TYPE_NORMAL,,unresolved_low_type_evidence,169,181,GROWTH_MEDIUM_FAST,medium,profile-derived-v1
1186,digimon,paunchessmon,ポーンチェスモン（黒）,https://digimon.net/reference/detail.php?directory_name=paunchessmon,成長期,パペット型,ウィルス,676f2d37f1d3731f7bb754b4a7a5b777cbad5b59a2230a445211f945b2ad61dd,217,power:究極:+5 ; power:弱い:-4 ; attack:力:+4 ; attack:槍:+3 ; attack:突進:+3 ; defense:盾:+4 ; special_attack:データ:+2 ; type:TYPE_NORMAL:一般:profile:+2 ; type:TYPE_NORMAL:パペット:official_type:+2 ; type:TYPE_GHOST:パペット:official_type:+2 ; type_candidate:TYPE_NORMAL:4 ; type_placeholder:TYPE_NORMAL:low_evidence ; growth:official_stage_plus_profile_power:medium_fast,60,105,78,60,69,60,432,TYPE_NORMAL,,unresolved_low_type_evidence,169,181,GROWTH_MEDIUM_FAST,medium,profile-derived-v1
1187,digimon,hawkmon,ホークモン,https://digimon.net/reference/detail.php?directory_name=hawkmon,成長期,鳥型,フリー,749e276d0ff4fbdf6dc217fe8f40883423246d186b8409d7f11fbd93a4d0acd2,153,attack:力:+2 ; type:TYPE_FLYING:鳥:profile:+4 ; type:TYPE_FLYING:羽:profile:+2 ; type:TYPE_FLYING:鳥:official_type:+5 ; type_choice:TYPE_FLYING:11 ; growth:profile:slow,58,67,58,58,58,58,357,TYPE_FLYING,,resolved_profile_evidence,193,142,GROWTH_SLOW,medium,profile-derived-v1
1188,digimon,penmon,ペンモン,https://digimon.net/reference/detail.php?directory_name=penmon,成長期,鳥型,ワクチン,941b8cbb5bd3ee91b37ed1d6ed40df739d636f674600895ef61e63e7a54faabe,225,power:弱い:-4 ; attack:叩:+2 ; speed:スピード:+4 ; special_attack:氷:+6 ; type:TYPE_ICE:氷:profile:+4 ; type:TYPE_FLYING:鳥:profile:+2 ; type:TYPE_FLYING:羽:profile:+4 ; type:TYPE_FLYING:鳥:official_type:+5 ; type_choice:TYPE_FLYING:11 ; growth:official_stage_plus_profile_power:medium_fast,51,60,51,69,78,51,360,TYPE_FLYING,,resolved_profile_evidence,190,148,GROWTH_MEDIUM_FAST,medium,profile-derived-v1
1189,digimon,betamon,ベタモン,https://digimon.net/reference/detail.php?directory_name=betamon,成長期,両生類型,ウィルス,f576be195c11997e3bf56983d2148ac3e6629a91b56f113f2b98765ffd5e4d67,85,special_attack:電撃:+8 ; type:TYPE_ELECTRIC:電撃:profile:+2 ; type:TYPE_ELECTRIC:電撃:move:+4 ; type_choice:TYPE_ELECTRIC:6 ; growth:official_stage_plus_profile_power:medium_fast,58,58,58,58,94,58,384,TYPE_ELECTRIC,,resolved_profile_evidence,183,162,GROWTH_MEDIUM_FAST,low,profile-derived-v1
1190,digimon,bearmon,ベアモン,https://digimon.net/reference/detail.php?directory_name=bearmon,成長期,獣型,ワクチン,94866809e1c06f0a7a8e587c2a8a8cd0e0836cfff07da58ecf500dd6cc7b0afb,215,hp:体力:+4 ; attack:力:+6 ; attack:格闘:+4 ; attack:拳:+9 ; attack:パンチ:+3 ; attack:破壊:+4 ; type:TYPE_FIGHTING:格闘:profile:+2 ; type:TYPE_FIGHTING:拳:profile:+4 ; type:TYPE_FIGHTING:拳:move:+4 ; type:TYPE_FIGHTING:パンチ:profile:+2 ; type:TYPE_NORMAL:獣型:official_type:+4 ; type_choice:TYPE_FIGHTING:12 ; growth:official_stage_plus_profile_power:medium_fast,76,175,58,58,58,58,483,TYPE_FIGHTING,,resolved_profile_evidence,147,224,GROWTH_MEDIUM_FAST,high,profile-derived-v1
1191,digimon,plotmon,プロットモン,https://digimon.net/reference/detail.php?directory_name=plotmon,成長期,哺乳類型,ワクチン,78e4eb76b5b74bef199cc87998c899922efb374b383241b7e2f97df465294025,261,power:超高:+3 ; power:神:+9 ; attack:力:+2 ; special_defense:神聖:+9 ; special_defense:聖:+6 ; type:TYPE_FAIRY:神聖:profile:+6 ; type:TYPE_FAIRY:聖:profile:+6 ; type_choice:TYPE_FAIRY:12 ; growth:profile:erratic,80,89,80,80,80,147,556,TYPE_FAIRY,,resolved_profile_evidence,117,260,GROWTH_ERRATIC,medium,profile-derived-v1
1192,digimon,floramon,フローラモン,https://digimon.net/reference/detail.php?directory_name=floramon,成長期,植物型,データ,ab7c1840b2f6163f0fd6c20720d66c32d372a0a0b49175ac64350a1fca82697c,224,stats:balanced:no_specialization_signal_in_official_text ; type:TYPE_GRASS:植物:profile:+2 ; type:TYPE_GRASS:花:profile:+6 ; type:TYPE_GRASS:植物:official_type:+5 ; type_choice:TYPE_GRASS:13 ; growth:official_stage_plus_profile_power:medium_fast,58,58,58,58,58,58,348,TYPE_GRASS,,resolved_profile_evidence,197,136,GROWTH_MEDIUM_FAST,medium,profile-derived-v1
1193,digimon,v-mon,ブイモン,https://digimon.net/reference/detail.php?directory_name=v-mon,成長期,小竜型,フリー,a38afb627c653b0aaed94fd147229fcc85e0cebdaf6f473bb165701db3a414f9,218,attack:力:+4 ; attack:パンチ:+6 ; special_attack:爆発:+3 ; type:TYPE_FIGHTING:パンチ:profile:+2 ; type:TYPE_FIGHTING:パンチ:move:+4 ; type:TYPE_DRAGON:竜:official_type:+5 ; type_choice:TYPE_FIGHTING:6 ; type_choice:TYPE_DRAGON:5 ; growth:official_stage_plus_profile_power:medium_fast,58,103,58,58,72,58,407,TYPE_FIGHTING,TYPE_DRAGON,resolved_profile_evidence,176,171,GROWTH_MEDIUM_FAST,medium,profile-derived-v1
1194,digimon,funbeemon,ファンビーモン,https://digimon.net/reference/detail.php?directory_name=funbeemon,成長期,昆虫型,ウィルス,c190e6839567fd53aca369ad525dd4aa909c50cae51618c8dc9d9c5614ea2711,319,power:強力:+3 ; attack:力:+4 ; special_attack:データ:+2 ; type:TYPE_GRASS:植物:profile:+2 ; type:TYPE_GRASS:花:profile:+2 ; type:TYPE_GRASS:草:profile:+2 ; type:TYPE_FLYING:空中:profile:+2 ; type:TYPE_BUG:昆虫:profile:+4 ; type:TYPE_NORMAL:生活:profile:+2 ; type:TYPE_BUG:昆虫:official_type:+5 ; type_choice:TYPE_BUG:9 ; type_choice:TYPE_GRASS:6 ; growth:official_stage_plus_profile_power:medium_fast,63,81,63,63,72,63,405,TYPE_BUG,TYPE_GRASS,resolved_profile_evidence,176,169,GROWTH_MEDIUM_FAST,high,profile-derived-v1
1195,digimon,falcomon,ファルコモン,https://digimon.net/reference/detail.php?directory_name=falcomon,成長期,鳥型,ワクチン,2e85c0c00a8dacc622374ae2d2b60a498992336f00b550a86e2118ba8e361069,170,power:強力:+6 ; attack:力:+6 ; attack:爪:+3 ; speed:スピード:+4 ; speed:飛行:+2 ; type:TYPE_FLYING:飛行:profile:+2 ; type:TYPE_FLYING:翼:profile:+4 ; type:TYPE_FLYING:鳥:profile:+2 ; type:TYPE_ROCK:岩:profile:+2 ; type:TYPE_FLYING:鳥:official_type:+5 ; type_choice:TYPE_FLYING:13 ; growth:official_stage_plus_profile_power:medium_fast,69,109,69,96,69,69,481,TYPE_FLYING,,resolved_profile_evidence,150,208,GROWTH_MEDIUM_FAST,high,profile-derived-v1
1196,digimon,phascomon,ファスコモン,https://digimon.net/reference/detail.php?directory_name=phascomon,成長期,魔獣型,ウィルス,445a8cec7e0e3db123f8afa38fce483b00ada271f5d7a2116b26412610c105fd,177,attack:爪:+3 ; special_attack:波動:+4 ; special_attack:毒:+3 ; type:TYPE_GRASS:森:profile:+2 ; type:TYPE_POISON:毒:profile:+2 ; type:TYPE_DARK:悪魔:profile:+2 ; type:TYPE_DARK:ダーク:profile:+2 ; type:TYPE_NORMAL:獣型:official_type:+4 ; type:TYPE_DARK:魔獣:official_type:+4 ; type:TYPE_NORMAL:魔獣:official_type:+2 ; type_choice:TYPE_DARK:8 ; type_choice:TYPE_NORMAL:6 ; growth:official_stage_plus_profile_power:medium_fast,58,72,58,58,90,58,394,TYPE_DARK,TYPE_NORMAL,resolved_profile_evidence,181,162,GROWTH_MEDIUM_FAST,high,profile-derived-v1
1197,digimon,piyomon,ピヨモン,https://digimon.net/reference/detail.php?directory_name=piyomon,成長期,ヒナ鳥型,ワクチン,ee74746d44411617eb23ab8a5abf1835e8dc63b463e184057033120aca4d12d4,224,attack:力:+2 ; speed:飛行:+2 ; special_attack:炎:+3 ; type:TYPE_FIRE:炎:profile:+2 ; type:TYPE_FLYING:飛行:profile:+2 ; type:TYPE_FLYING:翼:profile:+4 ; type:TYPE_FLYING:大空:profile:+2 ; type:TYPE_FLYING:鳥:profile:+2 ; type:TYPE_NORMAL:生活:profile:+2 ; type:TYPE_FLYING:鳥:official_type:+5 ; type_choice:TYPE_FLYING:15 ; growth:official_stage_plus_profile_power:medium_fast,58,67,58,67,72,58,380,TYPE_FLYING,,resolved_profile_evidence,188,151,GROWTH_MEDIUM_FAST,high,profile-derived-v1
1198,digimon,picodevimon,ピコデビモン,https://digimon.net/reference/detail.php?directory_name=picodevimon,成長期,小悪魔型,ウィルス,b83ed274908b22a290f6b7601bc9710f1ab4dc2ae05d86efa806e913ca3d58c8,210,power:小型:-1 ; attack:力:+2 ; special_attack:闇:+3 ; type:TYPE_DARK:闇:profile:+2 ; type:TYPE_DARK:ダーク:profile:+2 ; type:TYPE_FAIRY:天使:profile:+2 ; type:TYPE_DARK:悪魔:official_type:+5 ; type_choice:TYPE_DARK:9 ; growth:official_stage_plus_profile_power:medium_fast,56,65,56,56,70,56,359,TYPE_DARK,,resolved_profile_evidence,192,144,GROWTH_MEDIUM_FAST,medium,profile-derived-v1
1199,digimon,palmon,パルモン,https://digimon.net/reference/detail.php?directory_name=palmon,成長期,植物型,データ,eae8f05d958bf0bf9549006e23c0f8a4d7defbe53a200606e3e2e1f94fe0bb10,234,special_attack:光:+3 ; special_attack:毒:+3 ; type:TYPE_GRASS:植物:profile:+4 ; type:TYPE_GRASS:花:profile:+6 ; type:TYPE_GRASS:葉:profile:+2 ; type:TYPE_POISON:毒:profile:+2 ; type:TYPE_POISON:ポイズン:profile:+2 ; type:TYPE_POISON:ポイズン:move:+4 ; type:TYPE_GROUND:地中:profile:+2 ; type:TYPE_GRASS:植物:official_type:+5 ; type_choice:TYPE_GRASS:17 ; growth:official_stage_plus_profile_power:medium_fast,58,58,58,58,85,58,375,TYPE_GRASS,,resolved_profile_evidence,186,155,GROWTH_MEDIUM_FAST,high,profile-derived-v1
1200,digimon,huckmon,ハックモン,https://digimon.net/reference/detail.php?directory_name=huckmon,成長期,小竜型,データ,a7fe71c07b6276004f673cd8c5a7f2f1357240e89312949e4878d345f9d157ab,268,attack:爪:+3 ; speed:俊敏:+5 ; type:TYPE_FIRE:フレイム:profile:+2 ; type:TYPE_FIRE:フレイム:move:+4 ; type:TYPE_DRAGON:竜:profile:+2 ; type:TYPE_DRAGON:竜:official_type:+5 ; type_choice:TYPE_DRAGON:7 ; type_choice:TYPE_FIRE:6 ; growth:official_stage_plus_profile_power:medium_fast,58,72,58,80,58,58,384,TYPE_DRAGON,TYPE_FIRE,resolved_profile_evidence,185,155,GROWTH_MEDIUM_FAST,medium,profile-derived-v1
1201,digimon,patamon,パタモン,https://digimon.net/reference/detail.php?directory_name=patamon,成長期,哺乳類型,データ,ee512ced47809c8f7a795c750d4be8fbf11e1cc68580a107fdedb490f8460b4e,258,attack:力:+2 ; attack:叩:+2 ; speed:スピード:+4 ; special_defense:聖:+2 ; type:TYPE_FLYING:羽:profile:+2 ; type:TYPE_FAIRY:聖なる:profile:+2 ; type:TYPE_FAIRY:聖:profile:+2 ; type:TYPE_NORMAL:哺乳類:profile:+2 ; type_candidate:TYPE_FAIRY:4 ; type_placeholder:TYPE_NORMAL:low_evidence ; growth:profile:slow,58,76,58,76,58,67,393,TYPE_NORMAL,,unresolved_low_type_evidence,184,156,GROWTH_SLOW,medium,profile-derived-v1
1202,digimon,hagurumon,ハグルモン,https://digimon.net/reference/detail.php?directory_name=hagurumon,成長期,マシーン型,ウィルス,0475271b35371295446079b5575480873501791dd3edda29c52cc03f0ed6d17e,264,hp:生命:+2 ; attack:力:+4 ; type:TYPE_DARK:ダーク:profile:+2 ; type:TYPE_DARK:ダーク:move:+4 ; type:TYPE_STEEL:マシーン:profile:+2 ; type:TYPE_STEEL:マシーン:official_type:+5 ; type_choice:TYPE_STEEL:7 ; type_choice:TYPE_DARK:6 ; growth:official_stage_plus_profile_power:medium_fast,67,76,58,58,58,58,375,TYPE_STEEL,TYPE_DARK,resolved_profile_evidence,188,151,GROWTH_MEDIUM_FAST,medium,profile-derived-v1
1203,digimon,bakumon,バクモン,https://digimon.net/reference/detail.php?directory_name=bakumon,成長期,聖獣型,ワクチン,daa5e7de3e5850361c6354f3b4a2118087569eed283c09dd0244faa460ef267c,311,power:神:+3 ; attack:力:+6 ; special_attack:データ:+2 ; special_defense:神聖:+3 ; special_defense:聖:+4 ; type:TYPE_FAIRY:神聖:profile:+2 ; type:TYPE_FAIRY:聖なる:profile:+2 ; type:TYPE_FAIRY:聖:profile:+4 ; type:TYPE_FAIRY:聖:official_type:+3 ; type:TYPE_NORMAL:獣型:official_type:+4 ; type:TYPE_FAIRY:聖獣:official_type:+4 ; type:TYPE_NORMAL:聖獣:official_type:+2 ; type_choice:TYPE_FAIRY:15 ; growth:official_stage_plus_profile_power:medium_fast,63,90,63,63,72,95,446,TYPE_FAIRY,,resolved_profile_evidence,165,185,GROWTH_MEDIUM_FAST,high,profile-derived-v1
1204,digimon,neamon,ネーモン,https://digimon.net/reference/detail.php?directory_name=neamon,成長期,獣型,データ,33c04fe0ef1c1cb181984767433cbc1ae9d1b758eb6cc7fc45f79aeec634fe72,202,speed:素早:+5 ; type:TYPE_NORMAL:獣型:official_type:+4 ; type_candidate:TYPE_NORMAL:4 ; type_placeholder:TYPE_NORMAL:low_evidence ; growth:official_stage_plus_profile_power:medium_fast,58,58,58,80,58,58,370,TYPE_NORMAL,,unresolved_low_type_evidence,188,152,GROWTH_MEDIUM_FAST,low,profile-derived-v1
1205,digimon,niseagumonhakase,ニセアグモン博士,https://digimon.net/reference/detail.php?directory_name=niseagumonhakase,成長期,恐竜型,ウィルス,fb8ba4372c445545dc7b5c30a0653212190eec1c7ea38bb267d2802174c8a42e,228,stats:balanced:no_specialization_signal_in_official_text ; type:TYPE_DRAGON:竜:official_type:+5 ; type:TYPE_DRAGON:恐竜:official_type:+3 ; type_choice:TYPE_DRAGON:8 ; growth:official_stage_plus_profile_power:medium_fast,58,58,58,58,58,58,348,TYPE_DRAGON,,resolved_profile_evidence,197,136,GROWTH_MEDIUM_FAST,low,profile-derived-v1
1206,digimon,dorumon,ドルモン,https://digimon.net/reference/detail.php?directory_name=dorumon,成長期,獣型,データ,3fbed1cbb39ccfe9a475c0a9770b6fd329b9caa889327267e379ec04741b518e,304,power:強大:+4 ; hp:生命力:+5 ; hp:生命:+2 ; attack:力:+6 ; attack:突進:+3 ; special_attack:データ:+4 ; type:TYPE_DRAGON:ドラゴン:profile:+2 ; type:TYPE_STEEL:鉄:profile:+4 ; type:TYPE_NORMAL:獣型:official_type:+4 ; type_candidate:TYPE_NORMAL:4 ; type_placeholder:TYPE_NORMAL:low_evidence ; growth:official_stage_plus_profile_power:medium_fast,97,106,65,65,83,65,481,TYPE_NORMAL,,unresolved_low_type_evidence,154,202,GROWTH_MEDIUM_FAST,medium,profile-derived-v1
1207,digimon,dracomon,ドラコモン,https://digimon.net/reference/detail.php?directory_name=dracomon,成長期,竜型,データ,bc96d9aa8e409a952aaa2c677716c01d07db3e3fb412b2813b8af1bda551889e,400,attack:力:+4 ; speed:俊敏:+5 ; special_attack:ビーム:+4 ; special_attack:光:+6 ; type:TYPE_FLYING:翼:profile:+2 ; type:TYPE_ROCK:石:profile:+2 ; type:TYPE_ROCK:宝石:profile:+2 ; type:TYPE_DRAGON:竜:profile:+2 ; type:TYPE_STEEL:金属:profile:+2 ; type:TYPE_DRAGON:竜:official_type:+5 ; type_choice:TYPE_DRAGON:7 ; growth:official_stage_plus_profile_power:medium_fast,58,76,58,80,103,58,433,TYPE_DRAGON,,resolved_profile_evidence,171,178,GROWTH_MEDIUM_FAST,high,profile-derived-v1
1208,digimon,dracumon,ドラクモン,https://digimon.net/reference/detail.php?directory_name=dracumon,成長期,アンデッド型,ウィルス,a90064b42a8f4650a1144689a17b1216b8b349cb44bb571b3fc0060c4d20e8c4,242,attack:牙:+3 ; special_defense:聖:+2 ; type:TYPE_GHOST:アンデッド:profile:+2 ; type:TYPE_GHOST:アンデッド:move:+4 ; type:TYPE_DARK:ダーク:profile:+2 ; type:TYPE_FAIRY:聖:profile:+2 ; type:TYPE_GHOST:アンデッド:official_type:+5 ; type:TYPE_DARK:アンデッド:official_type:+3 ; type_choice:TYPE_GHOST:11 ; growth:official_stage_plus_profile_power:medium_fast,58,72,58,58,58,67,371,TYPE_GHOST,,resolved_profile_evidence,189,148,GROWTH_MEDIUM_FAST,medium,profile-derived-v1
1209,digimon,toyagumon,トイアグモン,https://digimon.net/reference/detail.php?directory_name=toyagumon,成長期,パペット型,ワクチン,fb5eec596b6d3ffc6dd20eac90b5427774d506472667af94dbc01bd4708cbc42,227,power:強力:+3 ; attack:力:+2 ; special_attack:炎:+3 ; type:TYPE_FIRE:炎:profile:+2 ; type:TYPE_FIRE:フレイム:profile:+2 ; type:TYPE_FIRE:フレイム:move:+4 ; type:TYPE_NORMAL:パペット:official_type:+2 ; type:TYPE_GHOST:パペット:official_type:+2 ; type_choice:TYPE_FIRE:8 ; growth:official_stage_plus_profile_power:medium_fast,63,72,63,63,77,63,401,TYPE_FIRE,,resolved_profile_evidence,177,166,GROWTH_MEDIUM_FAST,medium,profile-derived-v1
1210,digimon,tentomon,テントモン,https://digimon.net/reference/detail.php?directory_name=tentomon,成長期,昆虫型,ワクチン,6d52765fb7a39d87ed4bee23d015ae3edcdca3b6ecdd857f2bd52f8f962ee9c4,195,attack:爪:+3 ; defense:甲殻:+4 ; defense:硬い:+4 ; defense:硬質:+4 ; special_attack:電気:+3 ; type:TYPE_ELECTRIC:電気:profile:+2 ; type:TYPE_ELECTRIC:サンダー:profile:+2 ; type:TYPE_ELECTRIC:サンダー:move:+4 ; type:TYPE_GRASS:花:profile:+2 ; type:TYPE_FLYING:羽:profile:+2 ; type:TYPE_BUG:昆虫:profile:+4 ; type:TYPE_BUG:昆虫:official_type:+5 ; type_choice:TYPE_BUG:9 ; type_choice:TYPE_ELECTRIC:8 ; growth:official_stage_plus_profile_power:medium_fast,58,72,112,58,72,58,430,TYPE_BUG,TYPE_ELECTRIC,resolved_profile_evidence,170,181,GROWTH_MEDIUM_FAST,high,profile-derived-v1
1211,digimon,terriermon,テリアモン,https://digimon.net/reference/detail.php?directory_name=terriermon,成長期,獣型,ワクチン,0608c1abfb106036a0ed113615c84b767a214e761c50557e72a37941885a935c,295,power:強力:+3 ; power:小型:-1 ; attack:パワー:+4 ; attack:力:+4 ; special_attack:熱:+4 ; type:TYPE_DRAGON:竜:profile:+2 ; type:TYPE_NORMAL:獣型:official_type:+4 ; type_candidate:TYPE_NORMAL:4 ; type_placeholder:TYPE_NORMAL:low_evidence ; growth:official_stage_plus_profile_power:medium_fast,62,98,62,62,80,62,426,TYPE_NORMAL,,unresolved_low_type_evidence,170,179,GROWTH_MEDIUM_FAST,medium,profile-derived-v1
1212,digimon,tinkermon,ティンカーモン,https://digimon.net/reference/detail.php?directory_name=tinkermon,成長期,妖精型,ウィルス,5828263aba0e1280a842dc0b8b5da1c0a5a0df5f5399a184223f3e230ff13575,496,attack:力:+6 ; attack:爪:+6 ; speed:スピード:+8 ; special_attack:光:+3 ; special_attack:毒:+6 ; type:TYPE_POISON:毒:profile:+4 ; type:TYPE_FLYING:羽:profile:+6 ; type:TYPE_PSYCHIC:幻覚:profile:+2 ; type:TYPE_FAIRY:妖精:profile:+2 ; type:TYPE_FAIRY:フェアリー:profile:+2 ; type:TYPE_FAIRY:フェアリー:move:+4 ; type:TYPE_FAIRY:妖精:official_type:+5 ; type_choice:TYPE_FAIRY:13 ; growth:official_stage_plus_profile_power:medium_fast,58,112,58,94,98,58,478,TYPE_FAIRY,,resolved_profile_evidence,161,194,GROWTH_MEDIUM_FAST,high,profile-derived-v1
1213,digimon,tukaimon,ツカイモン,https://digimon.net/reference/detail.php?directory_name=tukaimon,成長期,哺乳類型,ウィルス,9854dd646df764ee63b8c2d3a42d66288568a4b5773104ace50c11cb44ded21d,118,special_attack:エネルギー:+3 ; type_placeholder:TYPE_NORMAL:no_specialized_affinity_evidence ; growth:official_stage_plus_profile_power:medium_fast,58,58,58,58,72,58,362,TYPE_NORMAL,,unresolved_no_specialized_type_evidence,191,146,GROWTH_MEDIUM_FAST,low,profile-derived-v1
1214,digimon,tyumon,チューモン,https://digimon.net/reference/detail.php?directory_name=tyumon,成長期,獣型,ウィルス,5f77623fa81e672e4fac2816f72ed9ce3674284fd59c6546dcaaeadb5ed0b474,240,stats:balanced:no_specialization_signal_in_official_text ; type:TYPE_NORMAL:獣型:official_type:+4 ; type_candidate:TYPE_NORMAL:4 ; type_placeholder:TYPE_NORMAL:low_evidence ; growth:official_stage_plus_profile_power:medium_fast,58,58,58,58,58,58,348,TYPE_NORMAL,,unresolved_low_type_evidence,197,136,GROWTH_MEDIUM_FAST,low,profile-derived-v1
1215,digimon,solarmon,ソーラーモン,https://digimon.net/reference/detail.php?directory_name=solarmon,成長期,マシーン型,ワクチン,cc89d66a05472e81888c3fb8ea73f34a974120fb988ee3f9f7998d1f3a4b46c3,132,special_attack:熱:+6 ; type:TYPE_STEEL:機械:profile:+2 ; type:TYPE_STEEL:マシーン:profile:+2 ; type:TYPE_STEEL:マシーン:official_type:+5 ; type_choice:TYPE_STEEL:9 ; growth:official_stage_plus_profile_power:medium_fast,58,58,58,58,85,58,375,TYPE_STEEL,,resolved_profile_evidence,186,155,GROWTH_MEDIUM_FAST,medium,profile-derived-v1
1216,digimon,zubamon,ズバモン,https://digimon.net/reference/detail.php?directory_name=zubamon,成長期,武器型,ワクチン,cd935c4d2499dd719b750a134b6b44a50f6713de94ab03cb4e8634240a9e9c04,224,attack:力:+2 ; attack:突進:+3 ; special_attack:データ:+2 ; type:TYPE_DARK:悪魔:profile:+2 ; type:TYPE_FAIRY:天使:profile:+2 ; type_candidate:TYPE_DARK:2 ; type_placeholder:TYPE_NORMAL:low_evidence ; growth:official_stage_plus_profile_power:medium_fast,58,80,58,58,67,58,379,TYPE_NORMAL,,unresolved_low_type_evidence,186,154,GROWTH_MEDIUM_FAST,medium,profile-derived-v1
1217,digimon,snowgoburimon,スノーゴブリモン,https://digimon.net/reference/detail.php?directory_name=snowgoburimon,成長期,鬼人型,ウィルス,266169a3ea746e0f4b679adf2687b7f827e6ff70fa746b08c23abe1b2058fee5,110,attack:叩:+2 ; type:TYPE_ICE:雪:profile:+6 ; type:TYPE_ROCK:石:profile:+2 ; type_choice:TYPE_ICE:6 ; growth:official_stage_plus_profile_power:medium_fast,58,67,58,58,58,58,357,TYPE_ICE,,resolved_profile_evidence,193,142,GROWTH_MEDIUM_FAST,low,profile-derived-v1
1218,digimon,swimmon,スイムモン,https://digimon.net/reference/detail.php?directory_name=swimmon,成長期,熱帯魚型,ワクチン,9151ae3984be8fe3b4d9e06e2df027fa220b9807f78132323ecc503d7706d217,249,hp:巨大:+2 ; special_attack:熱:+2 ; type:TYPE_WATER:海:profile:+6 ; type_choice:TYPE_WATER:6 ; growth:official_stage_plus_profile_power:medium_fast,67,58,58,58,67,58,366,TYPE_WATER,,resolved_profile_evidence,191,145,GROWTH_MEDIUM_FAST,low,profile-derived-v1
1219,digimon,shakomon,シャコモン,https://digimon.net/reference/detail.php?directory_name=shakomon,成長期,甲殻類型,ウィルス,a366863019826740488475aea72af8730e76fe6b699b7b6eedab21ea1e071975,196,power:超高:+3 ; attack:力:+2 ; defense:防御:+5 ; defense:硬い:+4 ; type_placeholder:TYPE_NORMAL:no_specialized_affinity_evidence ; growth:official_stage_plus_profile_power:medium_fast,63,72,104,63,63,63,428,TYPE_NORMAL,,unresolved_no_specialized_type_evidence,167,185,GROWTH_MEDIUM_FAST,medium,profile-derived-v1
1220,digimon,shamamon,シャーマモン,https://digimon.net/reference/detail.php?directory_name=shamamon,成長期,鬼人型,ウィルス,dbd50a36c77adb489f70e5dc03e9ee3f4eff1b4ab50d2fadbf6012bfabc6c786,123,power:神:+6 ; attack:叩:+2 ; type_placeholder:TYPE_NORMAL:no_specialized_affinity_evidence ; growth:official_stage_plus_profile_power:medium_fast,69,78,69,69,69,69,423,TYPE_NORMAL,,unresolved_no_specialized_type_evidence,168,179,GROWTH_MEDIUM_FAST,low,profile-derived-v1
1221,digimon,sistermonblanc,シスタモン ブラン,https://digimon.net/reference/detail.php?directory_name=sistermonblanc,成長期,パペット型,ワクチン,5a9821e734a9e047b6fc070ba2e8dda705f0223b50383f46d10156ab92a7764e,327,attack:力:+4 ; attack:槍:+3 ; defense:防御:+5 ; special_attack:波動:+4 ; type:TYPE_WATER:ウェーブ:profile:+2 ; type:TYPE_WATER:ウェーブ:move:+4 ; type:TYPE_GROUND:地面:profile:+2 ; type:TYPE_ROCK:石:profile:+2 ; type:TYPE_NORMAL:パペット:official_type:+2 ; type:TYPE_GHOST:パペット:official_type:+2 ; type_choice:TYPE_WATER:6 ; growth:official_stage_plus_profile_power:medium_fast,58,90,80,58,76,58,420,TYPE_WATER,,resolved_profile_evidence,176,169,GROWTH_MEDIUM_FAST,high,profile-derived-v1
1222,digimon,psychemon,サイケモン,https://digimon.net/reference/detail.php?directory_name=psychemon,成長期,爬虫類型,データ,1b6e541406b677d247e9b35abb6d5b5eb56d20d488f4184eaa2a52e84a6273cd,200,special_attack:エネルギー:+6 ; special_attack:電撃:+8 ; type:TYPE_ELECTRIC:電撃:profile:+4 ; type:TYPE_DRAGON:爬虫類:official_type:+4 ; type:TYPE_NORMAL:爬虫類:official_type:+1 ; type_candidate:TYPE_DRAGON:4 ; type_placeholder:TYPE_NORMAL:low_evidence ; growth:official_stage_plus_profile_power:medium_fast,58,58,58,58,121,58,411,TYPE_NORMAL,,unresolved_low_type_evidence,172,181,GROWTH_MEDIUM_FAST,medium,profile-derived-v1
1223,digimon,coronamon,コロナモン,https://digimon.net/reference/detail.php?directory_name=coronamon,成長期,獣型,ワクチン,29db29008dbd551d6bf6f52a8895849300fa86686166423ab48f7509e9790fdc,155,hp:体力:+4 ; attack:力:+6 ; attack:拳:+3 ; attack:パンチ:+3 ; defense:防御:+5 ; special_attack:炎:+9 ; special_attack:火:+2 ; special_attack:データ:+2 ; special_attack:熱:+2 ; type:TYPE_FIRE:炎:profile:+6 ; type:TYPE_FIRE:火炎:profile:+2 ; type:TYPE_FIRE:フレイム:profile:+2 ; type:TYPE_FIRE:フレイム:move:+4 ; type:TYPE_FIGHTING:拳:profile:+2 ; type:TYPE_FIGHTING:パンチ:profile:+2 ; type:TYPE_NORMAL:獣型:official_type:+4 ; type_choice:TYPE_FIRE:14 ; growth:official_stage_plus_profile_power:medium_fast,76,112,80,58,126,58,510,TYPE_FIRE,,resolved_profile_evidence,152,208,GROWTH_MEDIUM_FAST,high,profile-derived-v1
1224,digimon,commandramon,コマンドラモン,https://digimon.net/reference/detail.php?directory_name=commandramon,成長期,サイボーグ型,ウィルス,097f93fad6f2282f6f56fe93de1cff7c78ebc3da5dc9c92a6230c2dbf62e898a,251,power:小型:-1 ; stats:balanced:no_specialization_signal_in_official_text ; type:TYPE_DRAGON:竜:profile:+2 ; type:TYPE_STEEL:機械:profile:+4 ; type:TYPE_STEEL:サイボーグ:profile:+2 ; type:TYPE_STEEL:機械化:profile:+4 ; type:TYPE_STEEL:サイボーグ:official_type:+5 ; type_choice:TYPE_STEEL:15 ; growth:official_stage_plus_profile_power:medium_fast,56,56,56,56,56,56,336,TYPE_STEEL,,resolved_profile_evidence,199,132,GROWTH_MEDIUM_FAST,medium,profile-derived-v1
1225,digimon,gomamon,ゴマモン,https://digimon.net/reference/detail.php?directory_name=gomamon,成長期,海獣型,ワクチン,40a966c5769e2b522d8bcc68571ecd4d2b970cb4f732f03d1dbcd1b09c5a4efb,212,attack:爪:+3 ; defense:硬い:+4 ; special_attack:氷:+3 ; type:TYPE_WATER:海:profile:+2 ; type:TYPE_ICE:氷:profile:+2 ; type:TYPE_WATER:海獣:official_type:+4 ; type:TYPE_NORMAL:獣型:official_type:+4 ; type_choice:TYPE_WATER:6 ; growth:official_stage_plus_profile_power:medium_fast,58,72,76,58,72,58,394,TYPE_WATER,,resolved_profile_evidence,184,156,GROWTH_MEDIUM_FAST,medium,profile-derived-v1
1226,digimon,goburimon,ゴブリモン,https://digimon.net/reference/detail.php?directory_name=goburimon,成長期,鬼人型,ウィルス,7d42938c55ff407012d32a2b5e217234eb92035f041612e55aa29f640cd89410,176,speed:スピード:+4 ; special_attack:火:+2 ; type:TYPE_GRASS:森:profile:+2 ; type_candidate:TYPE_GRASS:2 ; type_placeholder:TYPE_NORMAL:low_evidence ; growth:official_stage_plus_profile_power:medium_fast,58,58,58,76,67,58,375,TYPE_NORMAL,,unresolved_low_type_evidence,188,151,GROWTH_MEDIUM_FAST,low,profile-derived-v1
1227,digimon,kotemon,コテモン,https://digimon.net/reference/detail.php?directory_name=kotemon,成長期,爬虫類型,データ,126c6ea0949050025e811909a6e6f2d129156a2fcd5b54ad9863ea6a20d987ed,190,attack:力:+2 ; attack:剣:+3 ; attack:刀:+3 ; special_attack:炎:+3 ; special_attack:電撃:+4 ; type:TYPE_FIRE:炎:profile:+2 ; type:TYPE_ELECTRIC:電撃:profile:+2 ; type:TYPE_ELECTRIC:サンダー:profile:+2 ; type:TYPE_ELECTRIC:サンダー:move:+4 ; type:TYPE_FIGHTING:剣士:profile:+2 ; type:TYPE_DRAGON:爬虫類:official_type:+4 ; type:TYPE_NORMAL:爬虫類:official_type:+1 ; type_choice:TYPE_ELECTRIC:8 ; growth:official_stage_plus_profile_power:medium_fast,58,94,58,58,90,58,416,TYPE_ELECTRIC,,resolved_profile_evidence,176,170,GROWTH_MEDIUM_FAST,high,profile-derived-v1
1228,digimon,gottsumon,ゴツモン,https://digimon.net/reference/detail.php?directory_name=gottsumon,成長期,鉱石型,データ,e5e97e19177447f2381688e29301919d553cc8b8bc9a1e68f9403e1bd1c0164b,208,power:強力:+3 ; attack:力:+4 ; defense:防御:+5 ; special_attack:火:+4 ; special_attack:データ:+4 ; type:TYPE_ROCK:石:profile:+6 ; type:TYPE_ROCK:鉱石:profile:+6 ; type:TYPE_ROCK:鉱石:official_type:+5 ; type:TYPE_STEEL:鉱石:official_type:+2 ; type_choice:TYPE_ROCK:17 ; growth:profile:fluctuating,63,81,86,63,99,63,455,TYPE_ROCK,,resolved_profile_evidence,163,190,GROWTH_FLUCTUATING,medium,profile-derived-v1
1229,digimon,kokuwamon,コクワモン,https://digimon.net/reference/detail.php?directory_name=kokuwamon,成長期,マシーン型,データ,b7cc94a8d6ae75acca45e140c60c1acf09b7e8ed19030005f0b1a37a96cb76f7,216,attack:力:+2 ; defense:硬い:+4 ; special_attack:電気:+6 ; type:TYPE_ELECTRIC:電気:profile:+4 ; type:TYPE_BUG:昆虫:profile:+4 ; type:TYPE_STEEL:メカ:profile:+4 ; type:TYPE_STEEL:マシーン:official_type:+5 ; type_choice:TYPE_STEEL:9 ; growth:official_stage_plus_profile_power:medium_fast,58,67,76,58,85,58,402,TYPE_STEEL,,resolved_profile_evidence,181,162,GROWTH_MEDIUM_FAST,medium,profile-derived-v1
1230,digimon,kokabuterimon,コカブテリモン,https://digimon.net/reference/detail.php?directory_name=kokabuterimon,成長期,昆虫型,ウィルス,c68df2828efd259db88f00ac18fb5f02578d9a4754a85f577c2632b3a5081be0,171,attack:力:+4 ; type:TYPE_BUG:昆虫:profile:+2 ; type:TYPE_BUG:昆虫:official_type:+5 ; type_choice:TYPE_BUG:7 ; growth:official_stage_plus_profile_power:medium_fast,58,76,58,58,58,58,366,TYPE_BUG,,resolved_profile_evidence,190,149,GROWTH_MEDIUM_FAST,low,profile-derived-v1
1231,digimon,koemon,コエモン,https://digimon.net/reference/detail.php?directory_name=koemon,成長期,獣型,ウィルス,610eff7fb5a3fe80bdeb346798a0c9f7502783e90fc197086ce1fd11a4fcfd83,194,attack:力:+2 ; speed:素早:+5 ; type:TYPE_NORMAL:獣型:official_type:+4 ; type_candidate:TYPE_NORMAL:4 ; type_placeholder:TYPE_NORMAL:low_evidence ; growth:official_stage_plus_profile_power:medium_fast,58,67,58,80,58,58,379,TYPE_NORMAL,,unresolved_low_type_evidence,186,154,GROWTH_MEDIUM_FAST,low,profile-derived-v1
1232,digimon,keramon,ケラモン,https://digimon.net/reference/detail.php?directory_name=keramon,成長期,種族不明,不明,1071e50acb0d7679d9905c770b31ed8efba6600a568eabf645a06885f6b03bb6,174,attack:力:+2 ; attack:破壊:+12 ; special_attack:光:+3 ; special_attack:データ:+6 ; type_placeholder:TYPE_NORMAL:no_specialized_affinity_evidence ; growth:official_stage_plus_profile_power:medium_fast,58,121,58,58,98,58,451,TYPE_NORMAL,,unresolved_no_specialized_type_evidence,164,191,GROWTH_MEDIUM_FAST,medium,profile-derived-v1
1233,digimon,kunemon,クネモン,https://digimon.net/reference/detail.php?directory_name=kunemon,成長期,幼虫型,ウィルス,e03f582c00f7e40ff362358d9b4c782536626f2826389f849f317ac3dfda341d,247,defense:硬い:+4 ; special_attack:電撃:+4 ; special_attack:電気:+3 ; type:TYPE_ELECTRIC:電撃:profile:+2 ; type:TYPE_ELECTRIC:電気:profile:+2 ; type:TYPE_BUG:昆虫:profile:+2 ; type:TYPE_BUG:幼虫:profile:+2 ; type_candidate:TYPE_BUG:4 ; type_placeholder:TYPE_NORMAL:low_evidence ; growth:official_stage_plus_profile_power:medium_fast,58,58,76,58,90,58,398,TYPE_NORMAL,,unresolved_low_type_evidence,181,163,GROWTH_MEDIUM_FAST,medium,profile-derived-v1
1234,digimon,kudamon,クダモン,https://digimon.net/reference/detail.php?directory_name=kudamon,成長期,聖獣型,ワクチン,a139a120b9d3156bff566b9abea295d86c49a2a7df2e26bbc9dbbbd65d3d4b78,225,attack:力:+4 ; defense:防御:+5 ; special_attack:光:+6 ; special_defense:聖:+6 ; type:TYPE_FAIRY:聖なる:profile:+4 ; type:TYPE_FAIRY:聖:profile:+6 ; type:TYPE_FAIRY:聖:official_type:+3 ; type:TYPE_NORMAL:獣型:official_type:+4 ; type:TYPE_FAIRY:聖獣:official_type:+4 ; type:TYPE_NORMAL:聖獣:official_type:+2 ; type_choice:TYPE_FAIRY:17 ; growth:official_stage_plus_profile_power:medium_fast,58,76,80,58,85,85,442,TYPE_FAIRY,,resolved_profile_evidence,173,172,GROWTH_MEDIUM_FAST,high,profile-derived-v1
1235,digimon,guilmon,ギルモン,https://digimon.net/reference/detail.php?directory_name=guilmon,成長期,爬虫類型,ウィルス,ac6665c34a4da1a4b47cdc7550b7b0eb712a114c98b411a77f02677bb89c363f,247,power:強力:+3 ; attack:力:+4 ; attack:爪:+3 ; attack:破壊:+4 ; special_attack:炎:+3 ; special_attack:火:+2 ; special_attack:データ:+2 ; special_defense:守護:+4 ; type:TYPE_FIRE:炎:profile:+2 ; type:TYPE_FIRE:火炎:profile:+2 ; type:TYPE_ROCK:岩:profile:+2 ; type:TYPE_ROCK:石:profile:+2 ; type:TYPE_DRAGON:竜:profile:+2 ; type:TYPE_DRAGON:恐竜:profile:+2 ; type:TYPE_DRAGON:爬虫類:official_type:+4 ; type:TYPE_NORMAL:爬虫類:official_type:+1 ; type_choice:TYPE_DRAGON:8 ; growth:official_stage_plus_profile_power:medium_fast,63,113,63,63,95,81,478,TYPE_DRAGON,,resolved_profile_evidence,155,202,GROWTH_MEDIUM_FAST,high,profile-derived-v1
1236,digimon,candmon,キャンドモン,https://digimon.net/reference/detail.php?directory_name=candmon,成長期,火炎型,データ,fd4c49f9c88c7c8723419ae1cbb8da80749f5153f7ac1ab007325c585834a0f9,182,hp:生命:+2 ; special_attack:炎:+9 ; special_attack:火:+6 ; type:TYPE_FIRE:炎:profile:+6 ; type:TYPE_FIRE:火炎:profile:+4 ; type:TYPE_FIRE:火炎:official_type:+6 ; type_choice:TYPE_FIRE:16 ; growth:official_stage_plus_profile_power:medium_fast,67,58,58,58,126,58,425,TYPE_FIRE,,resolved_profile_evidence,168,186,GROWTH_MEDIUM_FAST,medium,profile-derived-v1
1237,digimon,gizamon,ギザモン,https://digimon.net/reference/detail.php?directory_name=gizamon,成長期,水棲哺乳類型,ウィルス,5a80c8f5041839ac54337b1b693763a48328b06b4d39205808231b2015bedda8,170,stats:balanced:no_specialization_signal_in_official_text ; type:TYPE_WATER:水中:profile:+6 ; type:TYPE_WATER:水棲:profile:+2 ; type:TYPE_NORMAL:哺乳類:profile:+2 ; type:TYPE_NORMAL:生活:profile:+4 ; type:TYPE_WATER:水棲:official_type:+5 ; type_choice:TYPE_WATER:13 ; growth:official_stage_plus_profile_power:medium_fast,58,58,58,58,58,58,348,TYPE_WATER,,resolved_profile_evidence,197,136,GROWTH_MEDIUM_FAST,medium,profile-derived-v1
1238,digimon,kamemon,カメモン,https://digimon.net/reference/detail.php?directory_name=kamemon,成長期,サイボーグ型,データ,73241860bc82ab450aa8c9ca6a5893c7894de298cdffcd4f38c4082d67eed5d5,158,attack:力:+2 ; attack:突進:+3 ; type:TYPE_STEEL:サイボーグ:profile:+2 ; type:TYPE_STEEL:サイボーグ:official_type:+5 ; type_choice:TYPE_STEEL:7 ; growth:official_stage_plus_profile_power:medium_fast,58,80,58,58,58,58,370,TYPE_STEEL,,resolved_profile_evidence,188,152,GROWTH_MEDIUM_FAST,medium,profile-derived-v1
1239,digimon,gabumon,ガブモン,https://digimon.net/reference/detail.php?directory_name=gabumon,成長期,爬虫類型,データ,27ff2eb991bb6c7e78452ffd55ea86cb4b217503fe56c2de93d47f2521067936,166,special_attack:データ:+2 ; type:TYPE_DRAGON:爬虫類:official_type:+4 ; type:TYPE_NORMAL:爬虫類:official_type:+1 ; type_candidate:TYPE_DRAGON:4 ; type_placeholder:TYPE_NORMAL:low_evidence ; growth:official_stage_plus_profile_power:medium_fast,58,58,58,58,67,58,357,TYPE_NORMAL,,unresolved_low_type_evidence,193,142,GROWTH_MEDIUM_FAST,low,profile-derived-v1
1240,digimon,ganimon,ガニモン,https://digimon.net/reference/detail.php?directory_name=ganimon,成長期,甲殻類型,データ,82b1e66519a131ab60158c94a2f9f5b98f24e9288f8bf4f249bc65a368462c3d,215,hp:巨大:+2 ; attack:力:+4 ; defense:防御:+5 ; defense:甲殻:+4 ; special_attack:データ:+2 ; type:TYPE_WATER:海:profile:+2 ; type:TYPE_STEEL:金属:profile:+2 ; type_candidate:TYPE_STEEL:2 ; type_placeholder:TYPE_NORMAL:low_evidence ; growth:official_stage_plus_profile_power:medium_fast,67,76,98,58,67,58,424,TYPE_NORMAL,,unresolved_low_type_evidence,174,174,GROWTH_MEDIUM_FAST,medium,profile-derived-v1
1241,digimon,gazimon,ガジモン,https://digimon.net/reference/detail.php?directory_name=gazimon,成長期,哺乳類型,ウィルス,70eaed00eb520441a47125775f9c63d556f68c9207397d3fa455a06bc2af8582,227,power:小型:-1 ; attack:爪:+9 ; special_attack:毒:+3 ; type:TYPE_POISON:毒:profile:+2 ; type:TYPE_NORMAL:哺乳類:profile:+4 ; type_candidate:TYPE_NORMAL:4 ; type_placeholder:TYPE_NORMAL:low_evidence ; growth:official_stage_plus_profile_power:medium_fast,56,97,56,56,70,56,391,TYPE_NORMAL,,unresolved_low_type_evidence,181,165,GROWTH_MEDIUM_FAST,medium,profile-derived-v1
1242,digimon,gaomon,ガオモン,https://digimon.net/reference/detail.php?directory_name=gaomon,成長期,獣型,データ,c15ea89ab9d2969764201557aed5f23cdf7c7e28945c570318d1d360f4ba113c,173,attack:力:+2 ; attack:パンチ:+3 ; attack:爪:+6 ; speed:高速:+5 ; speed:素早:+5 ; speed:俊敏:+5 ; type:TYPE_FIGHTING:パンチ:profile:+2 ; type:TYPE_NORMAL:獣型:official_type:+4 ; type_candidate:TYPE_NORMAL:4 ; type_placeholder:TYPE_NORMAL:low_evidence ; growth:official_stage_plus_profile_power:medium_fast,58,108,58,126,58,58,466,TYPE_NORMAL,,unresolved_low_type_evidence,160,197,GROWTH_MEDIUM_FAST,medium,profile-derived-v1
1243,digimon,otamamon-red,オタマモン（赤）,https://digimon.net/reference/detail.php?directory_name=otamamon-red,成長期,両生類型,データ,c84b0629b9cf7a5ed7c59f13a1dbf3444d6eff842359737824bb22b9d4158b2a,127,attack:力:+2 ; special_attack:炎:+3 ; special_attack:熱:+2 ; type:TYPE_FIRE:炎:profile:+2 ; type:TYPE_ROCK:岩:profile:+2 ; type_candidate:TYPE_FIRE:2 ; type_placeholder:TYPE_NORMAL:low_evidence ; growth:official_stage_plus_profile_power:medium_fast,58,67,58,58,80,58,379,TYPE_NORMAL,,unresolved_low_type_evidence,186,154,GROWTH_MEDIUM_FAST,medium,profile-derived-v1
1244,digimon,otamamon,オタマモン,https://digimon.net/reference/detail.php?directory_name=otamamon,成長期,両生類型,ウィルス,f8f321d91f5f16bd70a1d56711ebb4e8e79b41882604094a8bae58e89ccc96b8,209,attack:力:+2 ; type:TYPE_WATER:海:profile:+2 ; type:TYPE_WATER:水中:profile:+2 ; type:TYPE_ROCK:岩:profile:+2 ; type:TYPE_NORMAL:生活:profile:+2 ; type_candidate:TYPE_WATER:4 ; type_placeholder:TYPE_NORMAL:low_evidence ; growth:official_stage_plus_profile_power:medium_fast,58,67,58,58,58,58,357,TYPE_NORMAL,,unresolved_low_type_evidence,193,142,GROWTH_MEDIUM_FAST,medium,profile-derived-v1
1245,digimon,elecmon-violet,エレキモン（紫）,https://digimon.net/reference/detail.php?directory_name=elecmon-violet,成長期,哺乳類型,ウィルス,da2dfe362d36b1673727ad308cadb8e9936e07ce7b1f365fc51148d2863fdf9b,121,attack:叩:+2 ; special_attack:電気:+3 ; type:TYPE_ELECTRIC:電気:profile:+2 ; type:TYPE_ELECTRIC:サンダー:profile:+2 ; type:TYPE_ELECTRIC:サンダー:move:+4 ; type_choice:TYPE_ELECTRIC:8 ; growth:official_stage_plus_profile_power:medium_fast,58,67,58,58,72,58,371,TYPE_ELECTRIC,,resolved_profile_evidence,189,148,GROWTH_MEDIUM_FAST,medium,profile-derived-v1
1246,digimon,elecmon,エレキモン,https://digimon.net/reference/detail.php?directory_name=elecmon,成長期,哺乳類型,データ,1c0f239280f0139cf8e96e63353f9447d76c8a35355df054952bd4e614d3c92a,128,stats:balanced:no_specialization_signal_in_official_text ; type:TYPE_ELECTRIC:サンダー:profile:+2 ; type:TYPE_ELECTRIC:サンダー:move:+4 ; type:TYPE_FLYING:羽:profile:+2 ; type:TYPE_NORMAL:哺乳類:profile:+4 ; type_choice:TYPE_ELECTRIC:6 ; growth:official_stage_plus_profile_power:medium_fast,58,58,58,58,58,58,348,TYPE_ELECTRIC,,resolved_profile_evidence,197,136,GROWTH_MEDIUM_FAST,medium,profile-derived-v1
1247,digimon,ebiburgamon,エビバーガモン,https://digimon.net/reference/detail.php?directory_name=ebiburgamon,成長期,食物型,データ,bebd6cc236b9f6be5934ecab4629c9041b7a3984225b9679528aee4d83a3bcf1,145,speed:一瞬:+3 ; special_attack:データ:+6 ; type:TYPE_WATER:海:profile:+2 ; type_candidate:TYPE_WATER:2 ; type_placeholder:TYPE_NORMAL:low_evidence ; growth:official_stage_plus_profile_power:medium_fast,58,58,58,72,85,58,389,TYPE_NORMAL,,unresolved_low_type_evidence,183,159,GROWTH_MEDIUM_FAST,low,profile-derived-v1
1248,digimon,impmon,インプモン,https://digimon.net/reference/detail.php?directory_name=impmon,成長期,小悪魔型,ウィルス,0198c37d6ecf18ebfa9fa34de90b0ecc75b75d3228fa1747e7c3e33d1af68c15,248,special_attack:炎:+6 ; special_attack:電気:+6 ; special_attack:氷:+3 ; type:TYPE_FIRE:炎:profile:+4 ; type:TYPE_ELECTRIC:電気:profile:+4 ; type:TYPE_ICE:氷:profile:+2 ; type:TYPE_DARK:暗黒:profile:+2 ; type:TYPE_DARK:悪魔:profile:+2 ; type:TYPE_DARK:悪魔:official_type:+5 ; type_choice:TYPE_DARK:9 ; growth:official_stage_plus_profile_power:medium_fast,58,58,58,58,126,58,416,TYPE_DARK,,resolved_profile_evidence,170,184,GROWTH_MEDIUM_FAST,medium,profile-derived-v1
1249,digimon,alraumon,アルラウモン,https://digimon.net/reference/detail.php?directory_name=alraumon,成長期,植物型,データ,4844d444db2d88c82402bd7cf483a5b12c4d4e6ef913c4344fdfdfae48524eb0,127,special_attack:光:+3 ; type:TYPE_GRASS:植物:profile:+2 ; type:TYPE_GRASS:花:profile:+4 ; type:TYPE_GRASS:植物:official_type:+5 ; type_choice:TYPE_GRASS:11 ; growth:official_stage_plus_profile_power:medium_fast,58,58,58,58,72,58,362,TYPE_GRASS,,resolved_profile_evidence,191,146,GROWTH_MEDIUM_FAST,medium,profile-derived-v1
1250,digimon,armadimon,アルマジモン,https://digimon.net/reference/detail.php?directory_name=armadimon,成長期,哺乳類型,フリー,9f061571c88369e6f3e2dafcc3ce494666ce8e7871ea5d80aeff0c26318c6b23,159,attack:爪:+3 ; attack:突進:+3 ; defense:甲殻:+4 ; defense:硬い:+4 ; type:TYPE_NORMAL:哺乳類:profile:+2 ; type_candidate:TYPE_NORMAL:2 ; type_placeholder:TYPE_NORMAL:low_evidence ; growth:profile:slow,58,85,94,58,58,58,411,TYPE_NORMAL,,unresolved_low_type_evidence,177,168,GROWTH_SLOW,medium,profile-derived-v1
1251,digimon,arkadimon,アルカディモン,https://digimon.net/reference/detail.php?directory_name=arkadimon,成長期,妖獣型,ウィルス,061fa48acd03f682ae075437b2206199f9d2383fd47be48dd11cc7315b457f89,145,attack:破壊:+4 ; special_attack:呪:+4 ; special_attack:データ:+6 ; special_defense:吸収:+8 ; type:TYPE_NORMAL:獣型:official_type:+4 ; type:TYPE_FAIRY:妖獣:official_type:+3 ; type:TYPE_DARK:妖獣:official_type:+2 ; type_candidate:TYPE_NORMAL:4 ; type_placeholder:TYPE_NORMAL:low_evidence ; growth:official_stage_plus_profile_power:medium_fast,58,76,58,58,103,94,447,TYPE_NORMAL,,unresolved_low_type_evidence,169,182,GROWTH_MEDIUM_FAST,medium,profile-derived-v1
1252,digimon,agumonhakase,アグモン博士,https://digimon.net/reference/detail.php?directory_name=agumonhakase,成長期,恐竜型,ワクチン,17d5a75c248e31e5b4bb9aecdf2f509035d8d2a7a174e8458575d79b3d7a1eb5,175,stats:balanced:no_specialization_signal_in_official_text ; type:TYPE_GRASS:葉:profile:+2 ; type:TYPE_DRAGON:竜:official_type:+5 ; type:TYPE_DRAGON:恐竜:official_type:+3 ; type_choice:TYPE_DRAGON:8 ; growth:official_stage_plus_profile_power:medium_fast,58,58,58,58,58,58,348,TYPE_DRAGON,,resolved_profile_evidence,197,136,GROWTH_MEDIUM_FAST,medium,profile-derived-v1
1253,digimon,agumon-black,アグモン（黒）,https://digimon.net/reference/detail.php?directory_name=agumon-black,成長期,爬虫類型,ウィルス,160a32f61caa2616579cb16a546cee1c3db8cb4dbd092490feb5a585a8dba83e,118,special_attack:炎:+3 ; special_attack:火:+2 ; type:TYPE_FIRE:炎:profile:+2 ; type:TYPE_FIRE:火炎:profile:+2 ; type:TYPE_FIRE:フレイム:profile:+2 ; type:TYPE_FIRE:フレイム:move:+4 ; type:TYPE_DRAGON:爬虫類:official_type:+4 ; type:TYPE_NORMAL:爬虫類:official_type:+1 ; type_choice:TYPE_FIRE:10 ; growth:official_stage_plus_profile_power:medium_fast,58,58,58,58,80,58,370,TYPE_FIRE,,resolved_profile_evidence,188,152,GROWTH_MEDIUM_FAST,medium,profile-derived-v1
1254,digimon,agumon-2006,アグモン（２００６アニメ版）,https://digimon.net/reference/detail.php?directory_name=agumon-2006,成長期,恐竜型,ワクチン,b50fe629ae87c5efeb89872668c2fd14fca68a309e29c0d21b8e18aadea054ff,174,power:弱い:-4 ; attack:力:+6 ; attack:爪:+3 ; special_attack:炎:+3 ; special_attack:火:+2 ; type:TYPE_FIRE:炎:profile:+2 ; type:TYPE_FIRE:火炎:profile:+2 ; type:TYPE_FIRE:フレイム:profile:+4 ; type:TYPE_FIRE:フレイム:move:+4 ; type:TYPE_DRAGON:竜:official_type:+5 ; type:TYPE_DRAGON:恐竜:official_type:+3 ; type_choice:TYPE_FIRE:12 ; type_choice:TYPE_DRAGON:8 ; growth:official_stage_plus_profile_power:medium_fast,51,91,51,51,73,51,368,TYPE_FIRE,TYPE_DRAGON,resolved_profile_evidence,186,156,GROWTH_MEDIUM_FAST,high,profile-derived-v1
1255,digimon,agumon,アグモン,https://digimon.net/reference/detail.php?directory_name=agumon,成長期,爬虫類型,ワクチン,dab2ea81471d74bee9cb22fac96586ca747d2aadef2c37256ece6b3584ff5f32,161,power:弱い:-4 ; power:小型:-1 ; attack:力:+6 ; attack:爪:+3 ; special_attack:炎:+3 ; special_attack:火:+2 ; type:TYPE_FIRE:炎:profile:+2 ; type:TYPE_FIRE:火炎:profile:+2 ; type:TYPE_FIRE:フレイム:profile:+2 ; type:TYPE_FIRE:フレイム:move:+4 ; type:TYPE_DRAGON:竜:profile:+2 ; type:TYPE_DRAGON:恐竜:profile:+2 ; type:TYPE_DRAGON:爬虫類:official_type:+4 ; type:TYPE_NORMAL:爬虫類:official_type:+1 ; type_choice:TYPE_FIRE:10 ; type_choice:TYPE_DRAGON:8 ; growth:official_stage_plus_profile_power:medium_fast,49,90,49,49,72,49,358,TYPE_FIRE,TYPE_DRAGON,resolved_profile_evidence,188,153,GROWTH_MEDIUM_FAST,high,profile-derived-v1
1256,digimon,wanyamon,ワニャモン,https://digimon.net/reference/detail.php?directory_name=wanyamon,幼年期Ⅱ,レッサー型,,55e3dcf7901398d5c4577717c4c5d5f30cae3c925f885556130af798f97986cd,109,special_attack:データ:+2 ; type_placeholder:TYPE_NORMAL:no_specialized_affinity_evidence ; growth:official_stage_plus_profile_power:medium_fast,38,38,38,38,47,38,237,TYPE_NORMAL,,unresolved_no_specialized_type_evidence,220,102,GROWTH_MEDIUM_FAST,low,profile-derived-v1
1257,digimon,mochimon,モチモン,https://digimon.net/reference/detail.php?directory_name=mochimon,幼年期Ⅱ,レッサー型,,df82ea77e564b57c3d053383c52b36a2e8bbcefd8d19fded7e6d6555d69a782d,225,stats:balanced:no_specialization_signal_in_official_text ; type:TYPE_GRASS:葉:profile:+2 ; type_candidate:TYPE_GRASS:2 ; type_placeholder:TYPE_NORMAL:low_evidence ; growth:official_stage_plus_profile_power:medium_fast,38,38,38,38,38,38,228,TYPE_NORMAL,,unresolved_low_type_evidence,224,96,GROWTH_MEDIUM_FAST,low,profile-derived-v1
1258,digimon,minomon,ミノモン,https://digimon.net/reference/detail.php?directory_name=minomon,幼年期Ⅱ,幼虫型,,a03814a8b8aa86b6efad0e8fd88edcb5e4b7f7ceca17c051fc127f25606bbd0d,228,defense:硬い:+8 ; type:TYPE_GRASS:蔦:profile:+2 ; type:TYPE_FLYING:空中:profile:+2 ; type_candidate:TYPE_FLYING:2 ; type_placeholder:TYPE_NORMAL:low_evidence ; growth:official_stage_plus_profile_power:medium_fast,38,38,74,38,38,38,264,TYPE_NORMAL,,unresolved_low_type_evidence,210,122,GROWTH_MEDIUM_FAST,low,profile-derived-v1
1259,digimon,missimon,ミサイモン,https://digimon.net/reference/detail.php?directory_name=missimon,幼年期Ⅱ,マシーン型,,40ac1a52e58ede1f11349eacca90f18ab82f9859d67e24fc8f378578597ff91d,189,attack:力:+2 ; attack:破壊:+4 ; speed:スピード:+12 ; speed:瞬間:+3 ; special_attack:火:+2 ; type:TYPE_STEEL:マシーン:profile:+2 ; type:TYPE_STEEL:マシーン:official_type:+5 ; type_choice:TYPE_STEEL:7 ; growth:official_stage_plus_profile_power:medium_fast,38,65,38,106,47,38,332,TYPE_STEEL,,resolved_profile_evidence,190,153,GROWTH_MEDIUM_FAST,medium,profile-derived-v1
1260,digimon,poromon,ポロモン,https://digimon.net/reference/detail.php?directory_name=poromon,幼年期Ⅱ,小鳥型,,fddbf7e5fc2a5235e7e01dad596e7d1df8c334be02e5c028b81da262fbc7bc7c,200,special_attack:念:+4 ; type:TYPE_GROUND:砂:profile:+2 ; type:TYPE_FLYING:翼:profile:+4 ; type:TYPE_FLYING:鳥:profile:+2 ; type:TYPE_FLYING:羽:profile:+6 ; type:TYPE_PSYCHIC:念:profile:+2 ; type:TYPE_FLYING:鳥:official_type:+5 ; type_choice:TYPE_FLYING:17 ; growth:official_stage_plus_profile_power:medium_fast,38,38,38,38,56,38,246,TYPE_FLYING,,resolved_profile_evidence,217,109,GROWTH_MEDIUM_FAST,medium,profile-derived-v1
1261,digimon,pokomon,ポコモン,https://digimon.net/reference/detail.php?directory_name=pokomon,幼年期Ⅱ,レッサー型,,a3fa3b31cbc9ce9467d6c5059365a819e50d336468c3d52666ea8f2ca717298b,216,speed:スピード:+4 ; special_attack:毒:+3 ; type:TYPE_POISON:毒:profile:+2 ; type:TYPE_ROCK:石:profile:+4 ; type:TYPE_ROCK:石:move:+4 ; type_choice:TYPE_ROCK:8 ; growth:official_stage_plus_profile_power:medium_fast,38,38,38,56,52,38,260,TYPE_ROCK,,resolved_profile_evidence,214,112,GROWTH_MEDIUM_FAST,medium,profile-derived-v1
1262,digimon,babydmon,ベビドモン,https://digimon.net/reference/detail.php?directory_name=babydmon,幼年期Ⅱ,幼竜型,,5b93d108703222894312ff75c31623be304eb0bb3da45aab1e5303d860387014,223,special_attack:データ:+2 ; special_attack:熱:+2 ; type:TYPE_DRAGON:竜:profile:+4 ; type:TYPE_DRAGON:竜:official_type:+5 ; type_choice:TYPE_DRAGON:9 ; growth:profile:slow,38,38,38,38,56,38,246,TYPE_DRAGON,,resolved_profile_evidence,217,109,GROWTH_SLOW,medium,profile-derived-v1
1263,digimon,puroromon,プロロモン,https://digimon.net/reference/detail.php?directory_name=puroromon,幼年期Ⅱ,幼虫型,,911f73e961f69b2a2a6788afa4e9c1c4f1c9899f481e96926db319968646bad6,108,attack:力:+2 ; special_attack:毒:+3 ; type:TYPE_POISON:毒:profile:+2 ; type:TYPE_FLYING:羽:profile:+2 ; type:TYPE_BUG:幼虫:profile:+2 ; type_candidate:TYPE_BUG:2 ; type_placeholder:TYPE_NORMAL:low_evidence ; growth:profile:erratic,38,47,38,38,52,38,251,TYPE_NORMAL,,unresolved_low_type_evidence,216,108,GROWTH_ERRATIC,medium,profile-derived-v1
1264,digimon,frimon,フリモン,https://digimon.net/reference/detail.php?directory_name=frimon,幼年期Ⅱ,レッサー型,,f2e77b368bee60ef188bbf654adc74d25e039683fb6c1dab80545bc4136358a2,224,attack:力:+4 ; defense:鎧:+4 ; defense:硬質:+4 ; speed:一瞬:+3 ; type_placeholder:TYPE_NORMAL:no_specialized_affinity_evidence ; growth:official_stage_plus_profile_power:medium_fast,38,56,74,52,38,38,296,TYPE_NORMAL,,unresolved_no_specialized_type_evidence,203,130,GROWTH_MEDIUM_FAST,medium,profile-derived-v1
1265,digimon,petimeramon,プチメラモン,https://digimon.net/reference/detail.php?directory_name=petimeramon,幼年期Ⅱ,火炎型,,4206a47daefafc47db98ea6ea0b2cb9238358e6fd5097082bd348833e2a0e4bc,212,power:小型:-1 ; attack:力:+4 ; special_attack:炎:+6 ; special_attack:火:+4 ; special_attack:氷:+3 ; type:TYPE_FIRE:炎:profile:+2 ; type:TYPE_FIRE:炎:move:+4 ; type:TYPE_FIRE:火炎:profile:+2 ; type:TYPE_FIRE:火炎:move:+4 ; type:TYPE_ICE:氷:profile:+2 ; type:TYPE_ICE:雪:profile:+2 ; type:TYPE_FIRE:火炎:official_type:+6 ; type_choice:TYPE_FIRE:18 ; growth:official_stage_plus_profile_power:medium_fast,36,54,36,36,95,36,293,TYPE_FIRE,,resolved_profile_evidence,200,138,GROWTH_MEDIUM_FAST,high,profile-derived-v1
1266,digimon,pukamon,プカモン,https://digimon.net/reference/detail.php?directory_name=pukamon,幼年期Ⅱ,レッサー型,,601320b915ae97b4db438b78bc2963addca02601086f684910a8c18b77706334,141,speed:素早:+5 ; type:TYPE_WATER:海:profile:+4 ; type:TYPE_WATER:深海:profile:+4 ; type:TYPE_WATER:水棲:profile:+2 ; type:TYPE_DRAGON:竜:profile:+2 ; type:TYPE_DRAGON:恐竜:profile:+2 ; type_choice:TYPE_WATER:10 ; growth:official_stage_plus_profile_power:medium_fast,38,38,38,60,38,38,250,TYPE_WATER,,resolved_profile_evidence,215,112,GROWTH_MEDIUM_FAST,medium,profile-derived-v1
1267,digimon,pyocomon,ピョコモン,https://digimon.net/reference/detail.php?directory_name=pyocomon,幼年期Ⅱ,球根型,,481ab127f56475437c0d33567900b12cccc4517f285957cc5b6a737835081392,136,stats:balanced:no_specialization_signal_in_official_text ; type:TYPE_GRASS:花:profile:+2 ; type:TYPE_NORMAL:生活:profile:+2 ; type_candidate:TYPE_GRASS:2 ; type_placeholder:TYPE_NORMAL:low_evidence ; growth:official_stage_plus_profile_power:medium_fast,38,38,38,38,38,38,228,TYPE_NORMAL,,unresolved_low_type_evidence,224,96,GROWTH_MEDIUM_FAST,low,profile-derived-v1
1268,digimon,pinamon,ピナモン,https://digimon.net/reference/detail.php?directory_name=pinamon,幼年期Ⅱ,ヒナ鳥型,,47a007ca6f10a9db0997aae908902212cc682c6a30813ac38cab15aa4c0890ad,205,speed:走:+6 ; special_attack:電撃:+4 ; type:TYPE_ELECTRIC:電撃:profile:+2 ; type:TYPE_FLYING:鳥:profile:+2 ; type:TYPE_FLYING:鳥:official_type:+5 ; type_choice:TYPE_FLYING:7 ; growth:official_stage_plus_profile_power:medium_fast,38,38,38,65,56,38,273,TYPE_FLYING,,resolved_profile_evidence,210,120,GROWTH_MEDIUM_FAST,medium,profile-derived-v1
1269,digimon,budmon,バドモン,https://digimon.net/reference/detail.php?directory_name=budmon,幼年期Ⅱ,植物型,,32257bfc91d8eedc0d068c66c70ea57432243b6e20e9c332473839eec1032816,105,special_attack:毒:+3 ; special_attack:データ:+2 ; type:TYPE_GRASS:植物:profile:+4 ; type:TYPE_GRASS:葉:profile:+2 ; type:TYPE_POISON:毒:profile:+2 ; type:TYPE_FLYING:空中:profile:+2 ; type:TYPE_GRASS:植物:official_type:+5 ; type_choice:TYPE_GRASS:11 ; growth:official_stage_plus_profile_power:medium_fast,38,38,38,38,60,38,250,TYPE_GRASS,,resolved_profile_evidence,215,112,GROWTH_MEDIUM_FAST,medium,profile-derived-v1
1270,digimon,pagumon,パグモン,https://digimon.net/reference/detail.php?directory_name=pagumon,幼年期Ⅱ,レッサー型,,9ad4bc568b8bdc5567c14d67a20e49e7a0a14a9fd9af0648cb82c33a212570b0,157,power:小型:-1 ; special_attack:毒:+6 ; type:TYPE_POISON:毒:profile:+2 ; type:TYPE_POISON:毒:move:+4 ; type_choice:TYPE_POISON:6 ; growth:official_stage_plus_profile_power:medium_fast,36,36,36,36,63,36,243,TYPE_POISON,,resolved_profile_evidence,216,111,GROWTH_MEDIUM_FAST,medium,profile-derived-v1
1271,digimon,nyaromon,ニャロモン,https://digimon.net/reference/detail.php?directory_name=nyaromon,幼年期Ⅱ,レッサー型,,1bc07c799719e5316a0d6bb24178f960757647e1f2289c8dc55e259319e7be56,162,power:小型:-1 ; attack:叩:+2 ; type_placeholder:TYPE_NORMAL:no_specialized_affinity_evidence ; growth:official_stage_plus_profile_power:medium_fast,36,45,36,36,36,36,225,TYPE_NORMAL,,unresolved_no_specialized_type_evidence,223,98,GROWTH_MEDIUM_FAST,low,profile-derived-v1
1272,digimon,dorimon,ドリモン,https://digimon.net/reference/detail.php?directory_name=dorimon,幼年期Ⅱ,レッサー型,,6e9c3ed03bca733671347cf478d56fb161811079ea3a083c16cc280d33ed4ee4,165,attack:突進:+6 ; speed:スピード:+4 ; speed:走:+2 ; type:TYPE_STEEL:鉄:profile:+4 ; type_candidate:TYPE_STEEL:4 ; type_placeholder:TYPE_NORMAL:low_evidence ; growth:official_stage_plus_profile_power:medium_fast,38,65,38,65,38,38,282,TYPE_NORMAL,,unresolved_low_type_evidence,208,122,GROWTH_MEDIUM_FAST,medium,profile-derived-v1
1273,digimon,tokomon,トコモン,https://digimon.net/reference/detail.php?directory_name=tokomon,幼年期Ⅱ,レッサー型,,89532faf7f4c3f6eb7b1accbd717cab81dc233701b3fb82ea6ceb584cd857d82,152,power:小型:-1 ; attack:牙:+3 ; type_placeholder:TYPE_NORMAL:no_specialized_affinity_evidence ; growth:official_stage_plus_profile_power:medium_fast,36,50,36,36,36,36,230,TYPE_NORMAL,,unresolved_no_specialized_type_evidence,221,102,GROWTH_MEDIUM_FAST,low,profile-derived-v1
1274,digimon,tsumemon,ツメモン,https://digimon.net/reference/detail.php?directory_name=tsumemon,幼年期Ⅱ,種族不明,,820e3f406403e4035294704d4c9069d6bb51dac556a131cf6e3895e2b2fb55c7,139,power:凄まじ:+3 ; attack:爪:+6 ; attack:斬:+3 ; speed:スピード:+4 ; special_attack:データ:+2 ; type_placeholder:TYPE_NORMAL:no_specialized_affinity_evidence ; growth:official_stage_plus_profile_power:medium_fast,43,84,43,61,52,43,326,TYPE_NORMAL,,unresolved_no_specialized_type_evidence,190,150,GROWTH_MEDIUM_FAST,medium,profile-derived-v1
1275,digimon,tunomon,ツノモン,https://digimon.net/reference/detail.php?directory_name=tunomon,幼年期Ⅱ,レッサー型,,1e7c4e98edf2cb54d6b0a05ff4433f48260ad8479ad1354f5ad04cd362d870b4,95,power:小型:-1 ; stats:balanced:no_specialization_signal_in_official_text ; type_placeholder:TYPE_NORMAL:no_specialized_affinity_evidence ; growth:official_stage_plus_profile_power:medium_fast,36,36,36,36,36,36,216,TYPE_NORMAL,,unresolved_no_specialized_type_evidence,226,92,GROWTH_MEDIUM_FAST,low,profile-derived-v1
1276,digimon,chocomon,チョコモン,https://digimon.net/reference/detail.php?directory_name=chocomon,幼年期Ⅱ,レッサー型,,4274b5341c15b12240be928ec6bb583241a0ad75c3add2753edaa764c4540c08,135,stats:balanced:no_specialization_signal_in_official_text ; type_placeholder:TYPE_NORMAL:no_specialized_affinity_evidence ; growth:official_stage_plus_profile_power:medium_fast,38,38,38,38,38,38,228,TYPE_NORMAL,,unresolved_no_specialized_type_evidence,224,96,GROWTH_MEDIUM_FAST,low,profile-derived-v1
1277,digimon,chapmon,チャップモン,https://digimon.net/reference/detail.php?directory_name=chapmon,幼年期Ⅱ,レッサー型,,d9079d80a8725cab0fe6089a048b7083c3fc5cc5c97164ff7c5bf484c66f3081,187,stats:balanced:no_specialization_signal_in_official_text ; type:TYPE_NORMAL:生活:profile:+2 ; type_candidate:TYPE_NORMAL:2 ; type_placeholder:TYPE_NORMAL:low_evidence ; growth:official_stage_plus_profile_power:medium_fast,38,38,38,38,38,38,228,TYPE_NORMAL,,unresolved_low_type_evidence,224,96,GROWTH_MEDIUM_FAST,low,profile-derived-v1
1278,digimon,chibimon,チビモン,https://digimon.net/reference/detail.php?directory_name=chibimon,幼年期Ⅱ,幼竜型,,15c50234c328262ffd421e1e9633c34ac4a5e7e7228b6bea4e0ff9c4206a67fd,164,stats:balanced:no_specialization_signal_in_official_text ; type:TYPE_DRAGON:竜:profile:+2 ; type:TYPE_DRAGON:竜:official_type:+5 ; type_choice:TYPE_DRAGON:7 ; growth:official_stage_plus_profile_power:medium_fast,38,38,38,38,38,38,228,TYPE_DRAGON,,resolved_profile_evidence,224,96,GROWTH_MEDIUM_FAST,low,profile-derived-v1
1279,digimon,tanemon,タネモン,https://digimon.net/reference/detail.php?directory_name=tanemon,幼年期Ⅱ,球根型,,0486837b3813c47bb95370a679656af7e19a7d007ce02c8fdac57dbe33dac431,169,stats:balanced:no_specialization_signal_in_official_text ; type:TYPE_GRASS:植物:profile:+4 ; type:TYPE_GRASS:草:profile:+2 ; type:TYPE_GROUND:地中:profile:+4 ; type_choice:TYPE_GRASS:6 ; growth:official_stage_plus_profile_power:medium_fast,38,38,38,38,38,38,228,TYPE_GRASS,,resolved_profile_evidence,224,96,GROWTH_MEDIUM_FAST,medium,profile-derived-v1
1280,digimon,xiaomon,シャオモン,https://digimon.net/reference/detail.php?directory_name=xiaomon,幼年期Ⅱ,レッサー型,,f03cd91cce32e86df87acfbff87b8c59e9c0029c77e4a2cf689355a3319a51c4,145,stats:balanced:no_specialization_signal_in_official_text ; type_placeholder:TYPE_NORMAL:no_specialized_affinity_evidence ; growth:official_stage_plus_profile_power:medium_fast,38,38,38,38,38,38,228,TYPE_NORMAL,,unresolved_no_specialized_type_evidence,224,96,GROWTH_MEDIUM_FAST,low,profile-derived-v1
1281,digimon,sakuttomon,サクットモン,https://digimon.net/reference/detail.php?directory_name=sakuttomon,幼年期Ⅱ,武器型,,a5eda8fbca6dc9a86013523079511bb3962bb52fdfe6f435ff04fea2ddf0a1bb,99,stats:balanced:no_specialization_signal_in_official_text ; type_placeholder:TYPE_NORMAL:no_specialized_affinity_evidence ; growth:official_stage_plus_profile_power:medium_fast,38,38,38,38,38,38,228,TYPE_NORMAL,,unresolved_no_specialized_type_evidence,224,96,GROWTH_MEDIUM_FAST,low,profile-derived-v1
1282,digimon,koromon,コロモン,https://digimon.net/reference/detail.php?directory_name=koromon,幼年期Ⅱ,レッサー型,,26fb8d373e525f8ff16b584d88c580a27ffb790374f11e4327d4a5b46f5f37fd,75,power:小型:-1 ; stats:balanced:no_specialization_signal_in_official_text ; type_placeholder:TYPE_NORMAL:no_specialized_affinity_evidence ; growth:official_stage_plus_profile_power:medium_fast,36,36,36,36,36,36,216,TYPE_NORMAL,,unresolved_no_specialized_type_evidence,226,92,GROWTH_MEDIUM_FAST,low,profile-derived-v1
1283,digimon,gummymon,グミモン,https://digimon.net/reference/detail.php?directory_name=gummymon,幼年期Ⅱ,レッサー型,,12dd4dbace10a08e7f11fe522d1759ecd06358587c80625954c19795cbaf01c2,158,stats:balanced:no_specialization_signal_in_official_text ; type_placeholder:TYPE_NORMAL:no_specialized_affinity_evidence ; growth:profile:erratic,38,38,38,38,38,38,228,TYPE_NORMAL,,unresolved_no_specialized_type_evidence,224,96,GROWTH_ERRATIC,low,profile-derived-v1
1284,digimon,kyokyomon,キョキョモン,https://digimon.net/reference/detail.php?directory_name=kyokyomon,幼年期Ⅱ,レッサー型,,c69867acba69e62d2b4781d3ece7899f2c92dad5c4deaeee7c8cca68f17afe26,155,speed:素早:+5 ; type:TYPE_FLYING:空中:profile:+4 ; type:TYPE_STEEL:鉄:profile:+2 ; type_candidate:TYPE_FLYING:4 ; type_placeholder:TYPE_NORMAL:low_evidence ; growth:official_stage_plus_profile_power:medium_fast,38,38,38,60,38,38,250,TYPE_NORMAL,,unresolved_low_type_evidence,215,112,GROWTH_MEDIUM_FAST,low,profile-derived-v1
1285,digimon,cupimon,キュピモン,https://digimon.net/reference/detail.php?directory_name=cupimon,幼年期Ⅱ,小天使型,,76099754b5986b378600b1f8d9f738150f32f88d226cc6fd490298b9b383c054,225,special_attack:光:+3 ; special_defense:聖:+2 ; type:TYPE_FAIRY:天使:profile:+4 ; type:TYPE_FAIRY:聖なる:profile:+2 ; type:TYPE_FAIRY:聖:profile:+2 ; type:TYPE_FAIRY:天使:official_type:+5 ; type:TYPE_FLYING:天使:official_type:+2 ; type_choice:TYPE_FAIRY:13 ; growth:official_stage_plus_profile_power:medium_fast,38,38,38,38,52,47,251,TYPE_FAIRY,,resolved_profile_evidence,216,108,GROWTH_MEDIUM_FAST,medium,profile-derived-v1
1286,digimon,kyaromon,キャロモン,https://digimon.net/reference/detail.php?directory_name=kyaromon,幼年期Ⅱ,レッサー型,,2b24c7206a0f09acba85a066da9a8db1416d8a7e31611114581406b1c9211c33,132,attack:力:+6 ; attack:突進:+3 ; attack:叩:+2 ; type_placeholder:TYPE_NORMAL:no_specialized_affinity_evidence ; growth:official_stage_plus_profile_power:medium_fast,38,88,38,38,38,38,278,TYPE_NORMAL,,unresolved_no_specialized_type_evidence,204,131,GROWTH_MEDIUM_FAST,low,profile-derived-v1
1287,digimon,gigimon,ギギモン,https://digimon.net/reference/detail.php?directory_name=gigimon,幼年期Ⅱ,レッサー型,,0bb245b36e2bcb4cd73ccb384474bc4283826409de672c8a4712311b3757c14e,192,power:強力:+3 ; power:小型:-1 ; attack:力:+2 ; attack:牙:+3 ; special_attack:火:+2 ; special_attack:熱:+2 ; type:TYPE_DRAGON:竜:profile:+2 ; type:TYPE_NORMAL:哺乳類:profile:+2 ; type_candidate:TYPE_DRAGON:2 ; type_placeholder:TYPE_NORMAL:low_evidence ; growth:official_stage_plus_profile_power:medium_fast,42,64,42,42,60,42,292,TYPE_NORMAL,,unresolved_low_type_evidence,203,129,GROWTH_MEDIUM_FAST,medium,profile-derived-v1
1288,digimon,capromon,カプリモン,https://digimon.net/reference/detail.php?directory_name=capromon,幼年期Ⅱ,レッサー型,,ccb13d15b21889af2fc58126747525e4b3c6d5bd1925d22ee68f43940b12a1a7,214,power:小型:-1 ; attack:力:+2 ; special_attack:音波:+8 ; type:TYPE_STEEL:金属:profile:+2 ; type_candidate:TYPE_STEEL:2 ; type_placeholder:TYPE_NORMAL:low_evidence ; growth:official_stage_plus_profile_power:medium_fast,36,45,36,36,72,36,261,TYPE_NORMAL,,unresolved_low_type_evidence,211,120,GROWTH_MEDIUM_FAST,medium,profile-derived-v1
1289,digimon,upamon,ウパモン,https://digimon.net/reference/detail.php?directory_name=upamon,幼年期Ⅱ,両生類型,,236b61e7183108fcaee43ebed69b5a7d20310258bc967d139f1e1380246579f8,191,power:超高:+3 ; stats:balanced:no_specialization_signal_in_official_text ; type:TYPE_WATER:水中:profile:+2 ; type:TYPE_NORMAL:生活:profile:+4 ; type_candidate:TYPE_NORMAL:4 ; type_placeholder:TYPE_NORMAL:low_evidence ; growth:official_stage_plus_profile_power:medium_fast,43,43,43,43,43,43,258,TYPE_NORMAL,,unresolved_low_type_evidence,212,114,GROWTH_MEDIUM_FAST,medium,profile-derived-v1
1290,digimon,relemon,レレモン,https://digimon.net/reference/detail.php?directory_name=relemon,幼年期Ⅰ,スライム型,,2ae6e041f9250705a6561c143e2f81dadecf9335825086cfec8e0a9411da5e38,188,power:神:+3 ; attack:力:+4 ; special_attack:魔力:+5 ; special_defense:魔力:+2 ; type_placeholder:TYPE_NORMAL:no_specialized_affinity_evidence ; growth:official_stage_plus_profile_power:medium_fast,33,51,33,33,56,42,248,TYPE_NORMAL,,unresolved_no_specialized_type_evidence,211,117,GROWTH_MEDIUM_FAST,medium,profile-derived-v1
1291,digimon,leafmon,リーフモン,https://digimon.net/reference/detail.php?directory_name=leafmon,幼年期Ⅰ,スライム型,,a0aa79c504240486dfa3620df152479c0b5a5e4b42c5c316ee72bf38dd11af0f,252,hp:生命力:+5 ; hp:生命:+2 ; attack:力:+2 ; special_attack:光:+3 ; type:TYPE_GRASS:植物:profile:+2 ; type:TYPE_GRASS:葉:profile:+6 ; type_choice:TYPE_GRASS:8 ; growth:official_stage_plus_profile_power:medium_fast,60,37,28,28,42,28,223,TYPE_GRASS,,resolved_profile_evidence,220,105,GROWTH_MEDIUM_FAST,medium,profile-derived-v1
1292,digimon,yuramon,ユラモン,https://digimon.net/reference/detail.php?directory_name=yuramon,幼年期Ⅰ,種子型,,9b7f76691d174e6f6f7ebdd1db736ae2c38c519c7788390faa96311a5ed9c202,149,attack:力:+2 ; type:TYPE_GRASS:種子:profile:+2 ; type:TYPE_FLYING:空中:profile:+2 ; type_candidate:TYPE_FLYING:2 ; type_placeholder:TYPE_NORMAL:low_evidence ; growth:official_stage_plus_profile_power:medium_fast,28,37,28,28,28,28,177,TYPE_NORMAL,,unresolved_low_type_evidence,234,82,GROWTH_MEDIUM_FAST,low,profile-derived-v1
1293,digimon,yukimibotamon,ユキミボタモン,https://digimon.net/reference/detail.php?directory_name=yukimibotamon,幼年期Ⅰ,スライム型,,59d79bdf47c4e3faa520fe99657fbb1b721d02bfc26d0f09bf181477595918a7,187,special_attack:冷気:+3 ; special_attack:光:+3 ; type:TYPE_ICE:冷気:profile:+2 ; type:TYPE_ICE:凍:profile:+2 ; type_candidate:TYPE_ICE:4 ; type_placeholder:TYPE_NORMAL:low_evidence ; growth:official_stage_plus_profile_power:medium_fast,28,28,28,28,55,28,195,TYPE_NORMAL,,unresolved_low_type_evidence,227,95,GROWTH_MEDIUM_FAST,medium,profile-derived-v1
1294,digimon,mokumon,モクモン,https://digimon.net/reference/detail.php?directory_name=mokumon,幼年期Ⅰ,スモーク型,,337b232ee793b9bcfcf9b1d87cbc8479f75b2bb39d797bdcbf33a3861cb3c817,179,stats:balanced:no_specialization_signal_in_official_text ; type_placeholder:TYPE_NORMAL:no_specialized_affinity_evidence ; growth:official_stage_plus_profile_power:medium_fast,28,28,28,28,28,28,168,TYPE_NORMAL,,unresolved_no_specialized_type_evidence,237,76,GROWTH_MEDIUM_FAST,low,profile-derived-v1
1295,digimon,poyomon,ポヨモン,https://digimon.net/reference/detail.php?directory_name=poyomon,幼年期Ⅰ,スライム型,,1890438fc6c16bd0db6b902f82a091b0f59ce78f6f5767cbb2ebed0ef3bae1fa,155,power:強力:+3 ; attack:力:+2 ; type:TYPE_WATER:海:profile:+2 ; type_candidate:TYPE_WATER:2 ; type_placeholder:TYPE_NORMAL:low_evidence ; growth:official_stage_plus_profile_power:medium_fast,33,42,33,33,33,33,207,TYPE_NORMAL,,unresolved_low_type_evidence,222,100,GROWTH_MEDIUM_FAST,low,profile-derived-v1
1296,digimon,bommon,ボムモン,https://digimon.net/reference/detail.php?directory_name=bommon,幼年期Ⅰ,スライム型,,3141feef4f7324d72d8918975779ef894627a7262c822029f2224b8990e48959,204,speed:瞬間:+3 ; special_attack:火:+6 ; type:TYPE_GRASS:花:profile:+2 ; type_candidate:TYPE_GRASS:2 ; type_placeholder:TYPE_NORMAL:low_evidence ; growth:official_stage_plus_profile_power:medium_fast,28,28,28,42,55,28,209,TYPE_NORMAL,,unresolved_low_type_evidence,224,99,GROWTH_MEDIUM_FAST,low,profile-derived-v1
1297,digimon,popomon,ポポモン,https://digimon.net/reference/detail.php?directory_name=popomon,幼年期Ⅰ,スライム型,,24d99eb8eee26449a7a6cee86a8ec364b2aeebdd2050949b80cf1ddd4a40cd5c,151,stats:balanced:no_specialization_signal_in_official_text ; type:TYPE_GRASS:植物:profile:+2 ; type:TYPE_GRASS:葉:profile:+2 ; type_candidate:TYPE_GRASS:4 ; type_placeholder:TYPE_NORMAL:low_evidence ; growth:official_stage_plus_profile_power:medium_fast,28,28,28,28,28,28,168,TYPE_NORMAL,,unresolved_low_type_evidence,237,76,GROWTH_MEDIUM_FAST,low,profile-derived-v1
1298,digimon,botamon,ボタモン,https://digimon.net/reference/detail.php?directory_name=botamon,幼年期Ⅰ,スライム型,,450043a12ff70eacbb7f39dfb5924e3c3fba6c272c07ad98ff9a3467b808981e,86,stats:balanced:no_specialization_signal_in_official_text ; type_placeholder:TYPE_NORMAL:no_specialized_affinity_evidence ; growth:official_stage_plus_profile_power:medium_fast,28,28,28,28,28,28,168,TYPE_NORMAL,,unresolved_no_specialized_type_evidence,237,76,GROWTH_MEDIUM_FAST,low,profile-derived-v1
1299,digimon,puwamon,プワモン,https://digimon.net/reference/detail.php?directory_name=puwamon,幼年期Ⅰ,ヒナ鳥型,,b2bafc9e736f31822f085ca9d519ec91dec32d65d799b9ad0e3c5cecc9d759e0,178,attack:力:+2 ; speed:瞬時:+4 ; type:TYPE_FLYING:鳥:profile:+2 ; type:TYPE_FLYING:羽:profile:+4 ; type:TYPE_FLYING:鳥:official_type:+5 ; type_choice:TYPE_FLYING:11 ; growth:official_stage_plus_profile_power:medium_fast,28,37,28,46,28,28,195,TYPE_FLYING,,resolved_profile_evidence,228,91,GROWTH_MEDIUM_FAST,medium,profile-derived-v1
1300,digimon,pururumon,プルルモン,https://digimon.net/reference/detail.php?directory_name=pururumon,幼年期Ⅰ,スライム型,,d48f01883a258a1713aa442ca8464a4fe63ae20d05cd04e4d6196b998cb59975,176,stats:balanced:no_specialization_signal_in_official_text ; type:TYPE_GRASS:草:profile:+2 ; type_candidate:TYPE_GRASS:2 ; type_placeholder:TYPE_NORMAL:low_evidence ; growth:official_stage_plus_profile_power:medium_fast,28,28,28,28,28,28,168,TYPE_NORMAL,,unresolved_low_type_evidence,237,76,GROWTH_MEDIUM_FAST,low,profile-derived-v1
1301,digimon,pupumon,ププモン,https://digimon.net/reference/detail.php?directory_name=pupumon,幼年期Ⅰ,スライム型,,76a61e0a8d44518e835db8c5ef62528eef548075d5330bbff668224ccbd3493f,127,special_attack:毒:+6 ; type:TYPE_POISON:毒:profile:+2 ; type:TYPE_POISON:毒:move:+4 ; type:TYPE_FLYING:羽:profile:+2 ; type_choice:TYPE_POISON:6 ; growth:official_stage_plus_profile_power:medium_fast,28,28,28,28,55,28,195,TYPE_POISON,,resolved_profile_evidence,227,95,GROWTH_MEDIUM_FAST,medium,profile-derived-v1
1302,digimon,fufumon,フフモン,https://digimon.net/reference/detail.php?directory_name=fufumon,幼年期Ⅰ,スライム型,,f495d43e1f9f700bb293f68bd03f9ae9de7b02fa1e9a1c18d403aaaa4ecdac19,140,stats:balanced:no_specialization_signal_in_official_text ; type:TYPE_FLYING:空中:profile:+4 ; type:TYPE_STEEL:鉄:profile:+2 ; type:TYPE_STEEL:鉄:move:+4 ; type_choice:TYPE_STEEL:6 ; growth:official_stage_plus_profile_power:medium_fast,28,28,28,28,28,28,168,TYPE_STEEL,,resolved_profile_evidence,237,76,GROWTH_MEDIUM_FAST,medium,profile-derived-v1
1303,digimon,punimon,プニモン,https://digimon.net/reference/detail.php?directory_name=punimon,幼年期Ⅰ,スライム型,,afc6d7e19f2826cc683576edbb829b3a6b21594e1d270cc11781369fb24846c3,78,stats:balanced:no_specialization_signal_in_official_text ; type_placeholder:TYPE_NORMAL:no_specialized_affinity_evidence ; growth:official_stage_plus_profile_power:medium_fast,28,28,28,28,28,28,168,TYPE_NORMAL,,unresolved_no_specialized_type_evidence,237,76,GROWTH_MEDIUM_FAST,low,profile-derived-v1
1304,digimon,puttimon,プットモン,https://digimon.net/reference/detail.php?directory_name=puttimon,幼年期Ⅰ,小天使型,,b496ad703e579ed282c88a43e498ef0dbab5bfa767a9c1735642e90fcb9163dd,193,power:神:+3 ; special_defense:聖:+2 ; type:TYPE_FLYING:羽:profile:+2 ; type:TYPE_FAIRY:天使:profile:+2 ; type:TYPE_FAIRY:聖なる:profile:+2 ; type:TYPE_FAIRY:聖:profile:+2 ; type:TYPE_FAIRY:天使:official_type:+5 ; type:TYPE_FLYING:天使:official_type:+2 ; type_choice:TYPE_FAIRY:11 ; growth:official_stage_plus_profile_power:medium_fast,33,33,33,33,33,42,207,TYPE_FAIRY,,resolved_profile_evidence,222,100,GROWTH_MEDIUM_FAST,medium,profile-derived-v1
1305,digimon,petitmon,プチモン,https://digimon.net/reference/detail.php?directory_name=petitmon,幼年期Ⅰ,スライム型,,05be40a4d956dfe39d004c8e4fe45319e663b98937f25a1f8001d2d4b5df0ec5,186,attack:力:+2 ; special_attack:熱:+4 ; type:TYPE_FLYING:翼:profile:+4 ; type:TYPE_FLYING:空中:profile:+4 ; type:TYPE_NORMAL:生活:profile:+2 ; type_choice:TYPE_FLYING:8 ; growth:official_stage_plus_profile_power:medium_fast,28,37,28,28,46,28,195,TYPE_FLYING,,resolved_profile_evidence,228,91,GROWTH_MEDIUM_FAST,medium,profile-derived-v1
1306,digimon,pitchmon,ピチモン,https://digimon.net/reference/detail.php?directory_name=pitchmon,幼年期Ⅰ,スライム型,,1b7b2dcf65b5c52be1d39268ff322d7cf9aea5bfee9ccd28b463fccada93d401,239,hp:生命:+2 ; attack:力:+2 ; type:TYPE_WATER:海:profile:+2 ; type_candidate:TYPE_WATER:2 ; type_placeholder:TYPE_NORMAL:low_evidence ; growth:official_stage_plus_profile_power:medium_fast,37,37,28,28,28,28,186,TYPE_NORMAL,,unresolved_low_type_evidence,232,85,GROWTH_MEDIUM_FAST,low,profile-derived-v1
1307,digimon,pafumon,パフモン,https://digimon.net/reference/detail.php?directory_name=pafumon,幼年期Ⅰ,精霊型,,75af0e835d0f75a64b746d1f2ad94d2c0c3bd00703f91ca1754f451101942f93,173,special_defense:霊:+3 ; type:TYPE_FLYING:空中:profile:+2 ; type:TYPE_GHOST:霊:profile:+2 ; type_candidate:TYPE_FLYING:2 ; type_placeholder:TYPE_NORMAL:low_evidence ; growth:official_stage_plus_profile_power:medium_fast,28,28,28,28,28,42,182,TYPE_NORMAL,,unresolved_low_type_evidence,232,86,GROWTH_MEDIUM_FAST,low,profile-derived-v1
1308,digimon,bubbmon,バブモン,https://digimon.net/reference/detail.php?directory_name=bubbmon,幼年期Ⅰ,スライム型,,69e31dacb360897f245146610a3abf656a6f3fad26eb03d406982778ec1a8233,238,power:弱い:-4 ; power:小型:-1 ; hp:生命力:+5 ; hp:生命:+2 ; attack:力:+4 ; defense:防御:+5 ; type_placeholder:TYPE_NORMAL:no_specialized_affinity_evidence ; growth:official_stage_plus_profile_power:medium_fast,50,37,42,19,19,19,186,TYPE_NORMAL,,unresolved_no_specialized_type_evidence,229,91,GROWTH_MEDIUM_FAST,medium,profile-derived-v1
1309,digimon,paomon,パオモン,https://digimon.net/reference/detail.php?directory_name=paomon,幼年期Ⅰ,スライム型,,a3e6ca2af26e46ba57bea91c7f8abf54098dcedab36ef6920ac442aa6841645c,188,stats:balanced:no_specialization_signal_in_official_text ; type:TYPE_WATER:海:profile:+2 ; type_candidate:TYPE_WATER:2 ; type_placeholder:TYPE_NORMAL:low_evidence ; growth:official_stage_plus_profile_power:medium_fast,28,28,28,28,28,28,168,TYPE_NORMAL,,unresolved_low_type_evidence,237,76,GROWTH_MEDIUM_FAST,low,profile-derived-v1
1310,digimon,nyokimon,ニョキモン,https://digimon.net/reference/detail.php?directory_name=nyokimon,幼年期Ⅰ,種子型,,bc9a77a22e5dba6d42941786d61d2ec9bc328a5b1c31d17de678bf1791b87757,192,attack:力:+2 ; type:TYPE_GRASS:植物:profile:+2 ; type:TYPE_GRASS:草:profile:+2 ; type:TYPE_GRASS:種子:profile:+4 ; type:TYPE_DRAGON:竜:profile:+2 ; type_choice:TYPE_GRASS:8 ; growth:official_stage_plus_profile_power:medium_fast,28,37,28,28,28,28,177,TYPE_GRASS,,resolved_profile_evidence,234,82,GROWTH_MEDIUM_FAST,medium,profile-derived-v1
1311,digimon,dodomon,ドドモン,https://digimon.net/reference/detail.php?directory_name=dodomon,幼年期Ⅰ,スライム型,,cd53a354b09e722bccb49c8c9575562eedf8139216cf80ec41d65ae8054bf00e,148,defense:硬い:+4 ; type:TYPE_STEEL:鉄:profile:+2 ; type:TYPE_STEEL:鉄:move:+4 ; type_choice:TYPE_STEEL:6 ; growth:official_stage_plus_profile_power:medium_fast,28,28,46,28,28,28,186,TYPE_STEEL,,resolved_profile_evidence,230,89,GROWTH_MEDIUM_FAST,low,profile-derived-v1
1312,digimon,tsubumon,ツブモン,https://digimon.net/reference/detail.php?directory_name=tsubumon,幼年期Ⅰ,スライム型,,ece2d65099dc0b2ce8c3d040b2fc45809a852adf3093347ad8343f2ca66a1664,176,stats:balanced:no_specialization_signal_in_official_text ; type:TYPE_GRASS:植物:profile:+4 ; type:TYPE_GRASS:種子:profile:+2 ; type:TYPE_GROUND:地面:profile:+2 ; type_choice:TYPE_GRASS:6 ; growth:official_stage_plus_profile_power:medium_fast,28,28,28,28,28,28,168,TYPE_GRASS,,resolved_profile_evidence,237,76,GROWTH_MEDIUM_FAST,medium,profile-derived-v1
1313,digimon,choromon,チョロモン,https://digimon.net/reference/detail.php?directory_name=choromon,幼年期Ⅰ,マシーン型,,a432d4ab9a0c06807416f3502e4d6e64659fa8abdf0e7099d93f58aa65d1deb3,213,power:小型:-1 ; special_attack:電気:+3 ; special_attack:光:+6 ; type:TYPE_ELECTRIC:電気:profile:+2 ; type:TYPE_STEEL:マシーン:profile:+2 ; type:TYPE_STEEL:鉄:profile:+2 ; type:TYPE_STEEL:マシーン:official_type:+5 ; type_choice:TYPE_STEEL:9 ; growth:official_stage_plus_profile_power:medium_fast,26,26,26,26,67,26,197,TYPE_STEEL,,resolved_profile_evidence,224,101,GROWTH_MEDIUM_FAST,medium,profile-derived-v1
1314,digimon,chicomon,チコモン,https://digimon.net/reference/detail.php?directory_name=chicomon,幼年期Ⅰ,スライム型,,c45cf9f75e0d84e3f2faa9baeec3c4fe7ff0292b45215c36101919e3c48d665c,168,attack:力:+4 ; type:TYPE_DRAGON:竜:profile:+6 ; type_choice:TYPE_DRAGON:6 ; growth:official_stage_plus_profile_power:medium_fast,28,46,28,28,28,28,186,TYPE_DRAGON,,resolved_profile_evidence,230,89,GROWTH_MEDIUM_FAST,low,profile-derived-v1
1315,digimon,zerimon,ゼリモン,https://digimon.net/reference/detail.php?directory_name=zerimon,幼年期Ⅰ,スライム型,,92d85e9de5f2f3e9777a213d5faa198a752618298e95fcc0b4db60cd099c45ec,242,defense:硬い:+4 ; type_placeholder:TYPE_NORMAL:no_specialized_affinity_evidence ; growth:official_stage_plus_profile_power:medium_fast,28,28,46,28,28,28,186,TYPE_NORMAL,,unresolved_no_specialized_type_evidence,230,89,GROWTH_MEDIUM_FAST,low,profile-derived-v1
1316,digimon,zurumon,ズルモン,https://digimon.net/reference/detail.php?directory_name=zurumon,幼年期Ⅰ,スライム型,,2e1b3c8f1b983b90accddb8be3b4c611cc639286b0ab7ddd3733675bbb2ac859,151,special_attack:念:+4 ; special_attack:毒:+9 ; type:TYPE_POISON:毒:profile:+4 ; type:TYPE_POISON:毒:move:+4 ; type:TYPE_PSYCHIC:念:profile:+2 ; type_choice:TYPE_POISON:8 ; growth:official_stage_plus_profile_power:medium_fast,28,28,28,28,86,28,226,TYPE_POISON,,resolved_profile_evidence,214,117,GROWTH_MEDIUM_FAST,medium,profile-derived-v1
1317,digimon,jyarimon,ジャリモン,https://digimon.net/reference/detail.php?directory_name=jyarimon,幼年期Ⅰ,スライム型,,459dee8249f15cf06d53471e1b8266b502bf40b0aeb2da8640bde486e5fd5036,207,attack:力:+4 ; attack:牙:+3 ; special_attack:熱:+4 ; type:TYPE_DRAGON:竜:profile:+4 ; type_candidate:TYPE_DRAGON:4 ; type_placeholder:TYPE_NORMAL:low_evidence ; growth:official_stage_plus_profile_power:medium_fast,28,60,28,28,46,28,218,TYPE_NORMAL,,unresolved_low_type_evidence,221,103,GROWTH_MEDIUM_FAST,medium,profile-derived-v1
1318,digimon,sakumon,サクモン,https://digimon.net/reference/detail.php?directory_name=sakumon,幼年期Ⅰ,武器型,,2327c1fda51da4e8bd6b813f7926b59c073081cccf819f87d338de08c9d1433c,117,power:小型:-1 ; special_attack:光:+6 ; type_placeholder:TYPE_NORMAL:no_specialized_affinity_evidence ; growth:official_stage_plus_profile_power:medium_fast,26,26,26,26,53,26,183,TYPE_NORMAL,,unresolved_no_specialized_type_evidence,229,91,GROWTH_MEDIUM_FAST,low,profile-derived-v1
1319,digimon,cocomon,ココモン,https://digimon.net/reference/detail.php?directory_name=cocomon,幼年期Ⅰ,スライム型,,fa76eb3546d9f3eb32c35988e054b286a39586134b894b2c9fae2a6c942033f9,197,stats:balanced:no_specialization_signal_in_official_text ; type_placeholder:TYPE_NORMAL:no_specialized_affinity_evidence ; growth:official_stage_plus_profile_power:medium_fast,28,28,28,28,28,28,168,TYPE_NORMAL,,unresolved_no_specialized_type_evidence,237,76,GROWTH_MEDIUM_FAST,low,profile-derived-v1
1320,digimon,kuramon,クラモン,https://digimon.net/reference/detail.php?directory_name=kuramon,幼年期Ⅰ,種族不明,,d36e8bcd08b5dee7fb10da845c07bd1983f267a5e9b62ccad3cb3e25fd93ea80,226,hp:巨大:+2 ; attack:破壊:+4 ; type_placeholder:TYPE_NORMAL:no_specialized_affinity_evidence ; growth:official_stage_plus_profile_power:medium_fast,37,46,28,28,28,28,195,TYPE_NORMAL,,unresolved_no_specialized_type_evidence,228,91,GROWTH_MEDIUM_FAST,low,profile-derived-v1
1321,appmon,appmon_001,ガッチモン,https://digimon.net/appmon/detail.php?id=1,並,検索,ソーシャル,65049a5125ae8a90ab187b6e3062ca9f9c32dadcced6c50a7d74fb9f36ebb28d,57,stats:balanced:no_specialization_signal_in_official_text ; type:TYPE_WATER:海:profile:+2 ; type:TYPE_NORMAL:生活:profile:+2 ; type_candidate:TYPE_NORMAL:2 ; type_placeholder:TYPE_NORMAL:low_evidence ; growth:official_stage_plus_profile_power:medium_fast,58,58,58,58,58,58,348,TYPE_NORMAL,,unresolved_low_type_evidence,197,136,GROWTH_MEDIUM_FAST,low,profile-derived-v1
1322,appmon,appmon_002,コールモン,https://digimon.net/appmon/detail.php?id=2,並,電話,ソーシャル,5e1cea72e518194f7d1ddfe163119f41fd4bf632744a50655b95f647654cf60c,57,stats:balanced:no_specialization_signal_in_official_text ; type_placeholder:TYPE_NORMAL:no_specialized_affinity_evidence ; growth:official_stage_plus_profile_power:medium_fast,58,58,58,58,58,58,348,TYPE_NORMAL,,unresolved_no_specialized_type_evidence,197,136,GROWTH_MEDIUM_FAST,low,profile-derived-v1
1323,appmon,appmon_003,メールモン,https://digimon.net/appmon/detail.php?id=3,並,メール,ソーシャル,bf49b6c2064122dd5bfad56f57e02b68a63d86f8becec91d61dcb8ee200fb650,61,stats:balanced:no_specialization_signal_in_official_text ; type_placeholder:TYPE_NORMAL:no_specialized_affinity_evidence ; growth:official_stage_plus_profile_power:medium_fast,58,58,58,58,58,58,348,TYPE_NORMAL,,unresolved_no_specialized_type_evidence,197,136,GROWTH_MEDIUM_FAST,low,profile-derived-v1
1324,appmon,appmon_004,ツブモン,https://digimon.net/appmon/detail.php?id=4,並,つぶやき,ソーシャル,9f7d5845f96b62060ecb98971c2603328dc5579b7a4e23daebc33a2e92d86906,56,stats:balanced:no_specialization_signal_in_official_text ; type_placeholder:TYPE_NORMAL:no_specialized_affinity_evidence ; growth:official_stage_plus_profile_power:medium_fast,58,58,58,58,58,58,348,TYPE_NORMAL,,unresolved_no_specialized_type_evidence,197,136,GROWTH_MEDIUM_FAST,low,profile-derived-v1
1325,appmon,appmon_005,ゲンゴーモン,https://digimon.net/appmon/detail.php?id=5,並,翻訳,ソーシャル,81f235a444e456569d8a8d11f34ee1b4f02e7941deb30278d00ad0b4404169b6,53,attack:力:+2 ; type:TYPE_GRASS:葉:profile:+2 ; type_candidate:TYPE_GRASS:2 ; type_placeholder:TYPE_NORMAL:low_evidence ; growth:official_stage_plus_profile_power:medium_fast,58,67,58,58,58,58,357,TYPE_NORMAL,,unresolved_low_type_evidence,193,142,GROWTH_MEDIUM_FAST,low,profile-derived-v1
1326,appmon,appmon_006,アドモン,https://digimon.net/appmon/detail.php?id=6,並,アドレス帳,ソーシャル,a2c92984dc8af89fabd46cfc11ff8c41166595e97d7577fe843c5ae0570759fe,59,stats:balanced:no_specialization_signal_in_official_text ; type_placeholder:TYPE_NORMAL:no_specialized_affinity_evidence ; growth:official_stage_plus_profile_power:medium_fast,58,58,58,58,58,58,348,TYPE_NORMAL,,unresolved_no_specialized_type_evidence,197,136,GROWTH_MEDIUM_FAST,low,profile-derived-v1
1327,appmon,appmon_007,レビューモン,https://digimon.net/appmon/detail.php?id=7,並,口コミ,ソーシャル,b8b17820d310dd98cf4648fc2cc06b2cf29874df562b58918b0b04c5170d5bfe,53,stats:balanced:no_specialization_signal_in_official_text ; type_placeholder:TYPE_NORMAL:no_specialized_affinity_evidence ; growth:official_stage_plus_profile_power:medium_fast,58,58,58,58,58,58,348,TYPE_NORMAL,,unresolved_no_specialized_type_evidence,197,136,GROWTH_MEDIUM_FAST,low,profile-derived-v1
1328,appmon,appmon_008,セットモン,https://digimon.net/appmon/detail.php?id=8,並,設定,ソーシャル,4d65dd724a9cf849716ef93a0289360078406025e613300f339f7671a6fe3f00,60,stats:balanced:no_specialization_signal_in_official_text ; type_placeholder:TYPE_NORMAL:no_specialized_affinity_evidence ; growth:official_stage_plus_profile_power:medium_fast,58,58,58,58,58,58,348,TYPE_NORMAL,,unresolved_no_specialized_type_evidence,197,136,GROWTH_MEDIUM_FAST,low,profile-derived-v1
1329,appmon,appmon_009,メッセモン,https://digimon.net/appmon/detail.php?id=9,並,メッセージ,ソーシャル,3c7e6a7ad551be2c1ea5e1e6eb8e67e8b779f66933a9f750325c689a85226164,51,attack:力:+2 ; type_placeholder:TYPE_NORMAL:no_specialized_affinity_evidence ; growth:official_stage_plus_profile_power:medium_fast,58,67,58,58,58,58,357,TYPE_NORMAL,,unresolved_no_specialized_type_evidence,193,142,GROWTH_MEDIUM_FAST,low,profile-derived-v1
1330,appmon,appmon_010,コソモン,https://digimon.net/appmon/detail.php?id=10,並,裏口コミ,ソーシャル,a08e943275606f4c70abe3c60eb49e1dfd0dbe7e6a79d56ffd648a8c293318e7,59,stats:balanced:no_specialization_signal_in_official_text ; type_placeholder:TYPE_NORMAL:no_specialized_affinity_evidence ; growth:official_stage_plus_profile_power:medium_fast,58,58,58,58,58,58,348,TYPE_NORMAL,,unresolved_no_specialized_type_evidence,197,136,GROWTH_MEDIUM_FAST,low,profile-derived-v1
1331,appmon,appmon_011,ロケットモン,https://digimon.net/appmon/detail.php?id=11,並,ロケット,ナビ,9cf8e14d95452f62bdd6207b4932badd4c87d96779baf8444d65970c05f65020,56,power:凄まじ:+3 ; speed:スピード:+4 ; special_attack:爆発:+3 ; type_placeholder:TYPE_NORMAL:no_specialized_affinity_evidence ; growth:official_stage_plus_profile_power:medium_fast,63,63,63,81,77,63,410,TYPE_NORMAL,,unresolved_no_specialized_type_evidence,175,170,GROWTH_MEDIUM_FAST,low,profile-derived-v1
1332,appmon,appmon_012,ナビモン,https://digimon.net/appmon/detail.php?id=12,並,ナビ,ナビ,c4abca725df7a364f4c4a03b2bd0ecb62a2941c758691fe38c4edd9d233b5e38,60,stats:balanced:no_specialization_signal_in_official_text ; type_placeholder:TYPE_NORMAL:no_specialized_affinity_evidence ; growth:official_stage_plus_profile_power:medium_fast,58,58,58,58,58,58,348,TYPE_NORMAL,,unresolved_no_specialized_type_evidence,197,136,GROWTH_MEDIUM_FAST,low,profile-derived-v1
1333,appmon,appmon_013,ジェットモン,https://digimon.net/appmon/detail.php?id=13,並,フライト,ナビ,d9b186c45c2d903152d052e9c8d77f27a18762f2aeba6d4c4a7be35b281ddc4f,57,attack:力:+2 ; type_placeholder:TYPE_NORMAL:no_specialized_affinity_evidence ; growth:official_stage_plus_profile_power:medium_fast,58,67,58,58,58,58,357,TYPE_NORMAL,,unresolved_no_specialized_type_evidence,193,142,GROWTH_MEDIUM_FAST,low,profile-derived-v1
1334,appmon,appmon_014,レッシャモン,https://digimon.net/appmon/detail.php?id=14,並,乗換,ナビ,0129464c4148bae7eefe35158a3e328e57838dd50f84efd7296d8a85ad8e79f0,58,stats:balanced:no_specialization_signal_in_official_text ; type_placeholder:TYPE_NORMAL:no_specialized_affinity_evidence ; growth:official_stage_plus_profile_power:medium_fast,58,58,58,58,58,58,348,TYPE_NORMAL,,unresolved_no_specialized_type_evidence,197,136,GROWTH_MEDIUM_FAST,low,profile-derived-v1
1335,appmon,appmon_015,ウェザーモン,https://digimon.net/appmon/detail.php?id=15,並,天気,ナビ,bf66371119272f05a71e1042658765fad572522d66aa105c84b6c474e4afc32b,57,stats:balanced:no_specialization_signal_in_official_text ; type_placeholder:TYPE_NORMAL:no_specialized_affinity_evidence ; growth:official_stage_plus_profile_power:medium_fast,58,58,58,58,58,58,348,TYPE_NORMAL,,unresolved_no_specialized_type_evidence,197,136,GROWTH_MEDIUM_FAST,low,profile-derived-v1
1336,appmon,appmon_016,コンパスモン,https://digimon.net/appmon/detail.php?id=16,並,コンパス,ナビ,24139eb621c6160c9457f28beec64ffc13263c27e44bbb42843af8773d93612c,55,stats:balanced:no_specialization_signal_in_official_text ; type_placeholder:TYPE_NORMAL:no_specialized_affinity_evidence ; growth:official_stage_plus_profile_power:medium_fast,58,58,58,58,58,58,348,TYPE_NORMAL,,unresolved_no_specialized_type_evidence,197,136,GROWTH_MEDIUM_FAST,low,profile-derived-v1
1337,appmon,appmon_017,ヤドモン,https://digimon.net/appmon/detail.php?id=17,並,ホテル,ナビ,408411be30026342fa3b2457a4f8923d781bef842369d3c1340f686f5489a955,57,stats:balanced:no_specialization_signal_in_official_text ; type_placeholder:TYPE_NORMAL:no_specialized_affinity_evidence ; growth:official_stage_plus_profile_power:medium_fast,58,58,58,58,58,58,348,TYPE_NORMAL,,unresolved_no_specialized_type_evidence,197,136,GROWTH_MEDIUM_FAST,low,profile-derived-v1
1338,appmon,appmon_018,ニュースモン,https://digimon.net/appmon/detail.php?id=18,並,ニュース,ナビ,ee8578fac1d79475448bfd7439ab4143ef8c9a448c0c29c0a820dff2133db9a6,58,stats:balanced:no_specialization_signal_in_official_text ; type_placeholder:TYPE_NORMAL:no_specialized_affinity_evidence ; growth:official_stage_plus_profile_power:medium_fast,58,58,58,58,58,58,348,TYPE_NORMAL,,unresolved_no_specialized_type_evidence,197,136,GROWTH_MEDIUM_FAST,low,profile-derived-v1
1339,appmon,appmon_019,チュートモン,https://digimon.net/appmon/detail.php?id=19,並,解説,ナビ,eafa4b32326682913d766a2741547a0a85ae78c6e07dbd9a6b4181da4cec19c0,60,stats:balanced:no_specialization_signal_in_official_text ; type_placeholder:TYPE_NORMAL:no_specialized_affinity_evidence ; growth:official_stage_plus_profile_power:medium_fast,58,58,58,58,58,58,348,TYPE_NORMAL,,unresolved_no_specialized_type_evidence,197,136,GROWTH_MEDIUM_FAST,low,profile-derived-v1
1340,appmon,appmon_020,エムシーモン,https://digimon.net/appmon/detail.php?id=20,並,実況,ナビ,202802bec023c05ef471803f969e12c44ff252ccef162289c7a5ce28afbe5b8c,53,attack:パワー:+4 ; special_attack:熱:+2 ; type:TYPE_GHOST:魂:profile:+2 ; type_candidate:TYPE_GHOST:2 ; type_placeholder:TYPE_NORMAL:low_evidence ; growth:official_stage_plus_profile_power:medium_fast,58,76,58,58,67,58,375,TYPE_NORMAL,,unresolved_low_type_evidence,188,151,GROWTH_MEDIUM_FAST,low,profile-derived-v1
1341,appmon,appmon_021,キャメラモン,https://digimon.net/appmon/detail.php?id=21,並,カメラ,ツール,0379c457e64368d291a1f96355b020cd7d606e57bd91df7052c3799d16d86ef4,58,attack:力:+2 ; type_placeholder:TYPE_NORMAL:no_specialized_affinity_evidence ; growth:official_stage_plus_profile_power:medium_fast,58,67,58,58,58,58,357,TYPE_NORMAL,,unresolved_no_specialized_type_evidence,193,142,GROWTH_MEDIUM_FAST,low,profile-derived-v1
1342,appmon,appmon_022,レコモン,https://digimon.net/appmon/detail.php?id=22,並,録音,ツール,35700d839dc7f6f46b3ad28c47907e01357f782390ccb4661fd15f31c7fb62d1,57,attack:力:+2 ; type:TYPE_GRASS:葉:profile:+2 ; type_candidate:TYPE_GRASS:2 ; type_placeholder:TYPE_NORMAL:low_evidence ; growth:official_stage_plus_profile_power:medium_fast,58,67,58,58,58,58,357,TYPE_NORMAL,,unresolved_low_type_evidence,193,142,GROWTH_MEDIUM_FAST,low,profile-derived-v1
1343,appmon,appmon_023,カリキュモン,https://digimon.net/appmon/detail.php?id=23,並,電卓,ツール,da1ff7b2011bf4772d06fefa838dbb0d8a95d34a2ab3f5f57cb8326b421e3788,49,speed:一瞬:+3 ; special_attack:レーザー:+4 ; type_placeholder:TYPE_NORMAL:no_specialized_affinity_evidence ; growth:official_stage_plus_profile_power:medium_fast,58,58,58,72,76,58,380,TYPE_NORMAL,,unresolved_no_specialized_type_evidence,187,152,GROWTH_MEDIUM_FAST,low,profile-derived-v1
1344,appmon,appmon_024,ゴミモン,https://digimon.net/appmon/detail.php?id=24,並,ごみ箱,ツール,6806fe28dc59c099d76cffd6dbe2b94f9005f04c70527f3e0c1604ddd3a48b90,60,special_attack:データ:+4 ; type_placeholder:TYPE_NORMAL:no_specialized_affinity_evidence ; growth:official_stage_plus_profile_power:medium_fast,58,58,58,58,76,58,366,TYPE_NORMAL,,unresolved_no_specialized_type_evidence,190,149,GROWTH_MEDIUM_FAST,low,profile-derived-v1
1345,appmon,appmon_025,ミラーモン,https://digimon.net/appmon/detail.php?id=25,並,ミラー,ツール,c254949a07d1f48f9db9a957f90e339c8bebc9fb8abab9114d21df68efd1d7e0,57,stats:balanced:no_specialization_signal_in_official_text ; type_placeholder:TYPE_NORMAL:no_specialized_affinity_evidence ; growth:official_stage_plus_profile_power:medium_fast,58,58,58,58,58,58,348,TYPE_NORMAL,,unresolved_no_specialized_type_evidence,197,136,GROWTH_MEDIUM_FAST,low,profile-derived-v1
1346,appmon,appmon_026,ライトモン,https://digimon.net/appmon/detail.php?id=26,並,ライト,ツール,4ec58c8fa464a6c8737e718178a0dd7600424e03525f3c66b3b577a51a2149e1,58,hp:体力:+4 ; attack:力:+4 ; special_attack:光:+3 ; type_placeholder:TYPE_NORMAL:no_specialized_affinity_evidence ; growth:official_stage_plus_profile_power:medium_fast,76,76,58,58,72,58,398,TYPE_NORMAL,,unresolved_no_specialized_type_evidence,184,157,GROWTH_MEDIUM_FAST,low,profile-derived-v1
1347,appmon,appmon_027,ウォッチモン,https://digimon.net/appmon/detail.php?id=27,並,時計,ツール,c64bfefcf5b2703328384c98b431405b758228a4502ecc51f0a83f7af3daaa3a,56,stats:balanced:no_specialization_signal_in_official_text ; type_placeholder:TYPE_NORMAL:no_specialized_affinity_evidence ; growth:official_stage_plus_profile_power:medium_fast,58,58,58,58,58,58,348,TYPE_NORMAL,,unresolved_no_specialized_type_evidence,197,136,GROWTH_MEDIUM_FAST,low,profile-derived-v1
1348,appmon,appmon_028,ダイアリモン,https://digimon.net/appmon/detail.php?id=28,並,日記帳,ツール,da17228b221b1ad2f470dd648efc162e8142f5664f8dcacdb06343c3c2f525bf,59,attack:力:+2 ; type:TYPE_NORMAL:生活:profile:+2 ; type_candidate:TYPE_NORMAL:2 ; type_placeholder:TYPE_NORMAL:low_evidence ; growth:official_stage_plus_profile_power:medium_fast,58,67,58,58,58,58,357,TYPE_NORMAL,,unresolved_low_type_evidence,193,142,GROWTH_MEDIUM_FAST,low,profile-derived-v1
1349,appmon,appmon_029,カレンダモン,https://digimon.net/appmon/detail.php?id=29,並,カレンダー,ツール,ad20408a22dd55fd0ca741dde5a76c985b98b716ca71bb5d5ad1212491e7431c,60,stats:balanced:no_specialization_signal_in_official_text ; type_placeholder:TYPE_NORMAL:no_specialized_affinity_evidence ; growth:official_stage_plus_profile_power:medium_fast,58,58,58,58,58,58,348,TYPE_NORMAL,,unresolved_no_specialized_type_evidence,197,136,GROWTH_MEDIUM_FAST,low,profile-derived-v1
1350,appmon,appmon_030,オンパモン,https://digimon.net/appmon/detail.php?id=30,並,超音波,ツール,e0d786b56df01491048d1a737c9d793ac470731c7e9bb3d3c7b257c0371aa173,60,special_attack:音波:+8 ; type:TYPE_WATER:ウェーブ:move:+4 ; type_candidate:TYPE_WATER:4 ; type_placeholder:TYPE_NORMAL:low_evidence ; growth:official_stage_plus_profile_power:medium_fast,58,58,58,58,94,58,384,TYPE_NORMAL,,unresolved_low_type_evidence,183,162,GROWTH_MEDIUM_FAST,low,profile-derived-v1
1351,appmon,appmon_031,ジャミングモン,https://digimon.net/appmon/detail.php?id=31,並,ジャミング,ツール,126c73a0bee255be4da682a730081bb05920a1b849d771a1ae6b85696f7e7bf3,59,attack:力:+2 ; type_placeholder:TYPE_NORMAL:no_specialized_affinity_evidence ; growth:official_stage_plus_profile_power:medium_fast,58,67,58,58,58,58,357,TYPE_NORMAL,,unresolved_no_specialized_type_evidence,193,142,GROWTH_MEDIUM_FAST,low,profile-derived-v1
1352,appmon,appmon_032,プロテクモン,https://digimon.net/appmon/detail.php?id=32,並,セキュリティ,システム,7a866984dbdc92efb9966389a7dcd10e03dadbb2edb3d4e05c41e039d1d93979,52,defense:防御:+5 ; defense:盾:+4 ; special_attack:データ:+2 ; type:TYPE_FIRE:フレイム:move:+4 ; type_candidate:TYPE_FIRE:4 ; type_placeholder:TYPE_NORMAL:low_evidence ; growth:official_stage_plus_profile_power:medium_fast,58,58,98,58,67,58,397,TYPE_NORMAL,,unresolved_low_type_evidence,179,167,GROWTH_MEDIUM_FAST,medium,profile-derived-v1
1353,appmon,appmon_033,ハックモン,https://digimon.net/appmon/detail.php?id=33,並,ハッキング,システム,3ceb965fdba6ec8f617cf205ed473cd7d4c13b12694d6bd43d918e819a0cd2ec,58,attack:力:+2 ; type_placeholder:TYPE_NORMAL:no_specialized_affinity_evidence ; growth:official_stage_plus_profile_power:medium_fast,58,67,58,58,58,58,357,TYPE_NORMAL,,unresolved_no_specialized_type_evidence,193,142,GROWTH_MEDIUM_FAST,low,profile-derived-v1
1354,appmon,appmon_034,バッテリモン,https://digimon.net/appmon/detail.php?id=34,並,バッテリー,システム,5bcf5830798e7e0d976156f069abaadbebf09e8b118222c1fb696c9ca8aa4bcb,59,hp:体力:+4 ; hp:回復:+3 ; attack:力:+4 ; special_attack:エネルギー:+3 ; special_defense:回復:+3 ; type_placeholder:TYPE_NORMAL:no_specialized_affinity_evidence ; growth:official_stage_plus_profile_power:medium_fast,90,76,58,58,72,72,426,TYPE_NORMAL,,unresolved_no_specialized_type_evidence,175,171,GROWTH_MEDIUM_FAST,medium,profile-derived-v1
1355,appmon,appmon_035,ペコモン,https://digimon.net/appmon/detail.php?id=35,並,圧縮,システム,9aa8c2cf5311d0ead4289b4d28a027e0e9a4f6ee0028d1b39c2bcc372a1003cc,58,attack:力:+2 ; attack:叩:+2 ; special_attack:データ:+2 ; type_placeholder:TYPE_NORMAL:no_specialized_affinity_evidence ; growth:official_stage_plus_profile_power:medium_fast,58,76,58,58,67,58,375,TYPE_NORMAL,,unresolved_no_specialized_type_evidence,188,151,GROWTH_MEDIUM_FAST,low,profile-derived-v1
1356,appmon,appmon_036,ポコモン,https://digimon.net/appmon/detail.php?id=36,並,解凍,システム,2c60885d1a6cc28dcd065b0ad72f48022176984e72736ce3f619dbdb3bb539bb,58,attack:力:+2 ; special_attack:データ:+4 ; special_attack:熱:+2 ; type:TYPE_ICE:凍:profile:+2 ; type_candidate:TYPE_ICE:2 ; type_placeholder:TYPE_NORMAL:low_evidence ; growth:official_stage_plus_profile_power:medium_fast,58,67,58,58,85,58,384,TYPE_NORMAL,,unresolved_low_type_evidence,184,157,GROWTH_MEDIUM_FAST,medium,profile-derived-v1
1357,appmon,appmon_037,コピペモン,https://digimon.net/appmon/detail.php?id=37,並,コピペ,システム,7d7ab61eb6687a1fe324d3cd815f1d4db702040569a36f77e17cfd5d395de6f7,59,special_attack:データ:+2 ; type_placeholder:TYPE_NORMAL:no_specialized_affinity_evidence ; growth:official_stage_plus_profile_power:medium_fast,58,58,58,58,67,58,357,TYPE_NORMAL,,unresolved_no_specialized_type_evidence,193,142,GROWTH_MEDIUM_FAST,low,profile-derived-v1
1358,appmon,appmon_038,セーブモン,https://digimon.net/appmon/detail.php?id=38,並,バックアップ,システム,f8632c94edb667953216c6460e13c9748f396ce2493915dd68a4e42b5e2f83a8,60,attack:力:+2 ; special_attack:データ:+2 ; type_placeholder:TYPE_NORMAL:no_specialized_affinity_evidence ; growth:official_stage_plus_profile_power:medium_fast,58,67,58,58,67,58,366,TYPE_NORMAL,,unresolved_no_specialized_type_evidence,191,145,GROWTH_MEDIUM_FAST,low,profile-derived-v1
1359,appmon,appmon_039,カベモン,https://digimon.net/appmon/detail.php?id=39,並,壁紙,システム,8ecce8bd8339b6d72b0bce2639d20f93ff7b8a10b61a873fb2b851c1e2170b92,57,attack:力:+2 ; special_attack:光:+3 ; type_placeholder:TYPE_NORMAL:no_specialized_affinity_evidence ; growth:official_stage_plus_profile_power:medium_fast,58,67,58,58,72,58,371,TYPE_NORMAL,,unresolved_no_specialized_type_evidence,189,148,GROWTH_MEDIUM_FAST,low,profile-derived-v1
1360,appmon,appmon_040,エコモン,https://digimon.net/appmon/detail.php?id=40,並,省エネ,システム,d1334d685d08a24961f60b7d2cf79fb0dbc45456ca9cf0c1aae1efb8db8659ce,54,attack:力:+2 ; special_attack:エネルギー:+6 ; type:TYPE_GRASS:葉:profile:+2 ; type_candidate:TYPE_GRASS:2 ; type_placeholder:TYPE_NORMAL:low_evidence ; growth:official_stage_plus_profile_power:medium_fast,58,67,58,58,85,58,384,TYPE_NORMAL,,unresolved_low_type_evidence,184,157,GROWTH_MEDIUM_FAST,low,profile-derived-v1
1361,appmon,appmon_041,ピーポモン,https://digimon.net/appmon/detail.php?id=41,並,注意報,システム,9a1f20e13cb02d33472939bb9ffc6d5a6c99ff06cebf1e1bdaf317fd2b989851,58,power:小型:-1 ; attack:力:+2 ; special_attack:光:+3 ; type_placeholder:TYPE_NORMAL:no_specialized_affinity_evidence ; growth:official_stage_plus_profile_power:medium_fast,56,65,56,56,70,56,359,TYPE_NORMAL,,unresolved_no_specialized_type_evidence,192,144,GROWTH_MEDIUM_FAST,low,profile-derived-v1
1362,appmon,appmon_042,デンパモン,https://digimon.net/appmon/detail.php?id=42,並,通信,システム,4ccde7a36af39861977bb3c9408351938c0ce0ffba8f4019f40349c71d3ce165,57,stats:balanced:no_specialization_signal_in_official_text ; type_placeholder:TYPE_NORMAL:no_specialized_affinity_evidence ; growth:official_stage_plus_profile_power:medium_fast,58,58,58,58,58,58,348,TYPE_NORMAL,,unresolved_no_specialized_type_evidence,197,136,GROWTH_MEDIUM_FAST,low,profile-derived-v1
1363,appmon,appmon_043,オンモン,https://digimon.net/appmon/detail.php?id=43,並,オンライン,ゲーム,4779f82724d3c95792a7559912ba56787282081ecab2e8fc1db7639da5eac2f9,60,attack:力:+4 ; type_placeholder:TYPE_NORMAL:no_specialized_affinity_evidence ; growth:official_stage_plus_profile_power:medium_fast,58,76,58,58,58,58,366,TYPE_NORMAL,,unresolved_no_specialized_type_evidence,190,149,GROWTH_MEDIUM_FAST,low,profile-derived-v1
1364,appmon,appmon_044,オフモン,https://digimon.net/appmon/detail.php?id=44,並,オフライン,ゲーム,ca041b6c85f87c9083cc32b6d49b1907b2edce83e0531823f1800b4b98ef4f0e,59,attack:力:+4 ; type_placeholder:TYPE_NORMAL:no_specialized_affinity_evidence ; growth:official_stage_plus_profile_power:medium_fast,58,76,58,58,58,58,366,TYPE_NORMAL,,unresolved_no_specialized_type_evidence,190,149,GROWTH_MEDIUM_FAST,low,profile-derived-v1
1365,appmon,appmon_045,ドカモン,https://digimon.net/appmon/detail.php?id=45,並,アクション,ゲーム,fd0da5f83996b608a9bab11acb0c90a261c544dd07718d7046bf2e1132299490,59,hp:頑丈:+3 ; attack:力:+4 ; attack:拳:+3 ; attack:パンチ:+3 ; defense:頑丈:+4 ; type:TYPE_FIGHTING:拳:profile:+2 ; type:TYPE_FIGHTING:パンチ:move:+4 ; type_choice:TYPE_FIGHTING:6 ; growth:official_stage_plus_profile_power:medium_fast,72,103,76,58,58,58,425,TYPE_FIGHTING,,resolved_profile_evidence,173,176,GROWTH_MEDIUM_FAST,medium,profile-derived-v1
1366,appmon,appmon_046,ショットモン,https://digimon.net/appmon/detail.php?id=46,並,シューティング,ゲーム,374aa180a1357165b1a9a3dd9c6ad3a3675eb5765c436c5b5429dc9e9bbe715c,49,stats:balanced:no_specialization_signal_in_official_text ; type_placeholder:TYPE_NORMAL:no_specialized_affinity_evidence ; growth:official_stage_plus_profile_power:medium_fast,58,58,58,58,58,58,348,TYPE_NORMAL,,unresolved_no_specialized_type_evidence,197,136,GROWTH_MEDIUM_FAST,low,profile-derived-v1
1367,appmon,appmon_047,カードモン,https://digimon.net/appmon/detail.php?id=47,並,カード,ゲーム,1bcc7d656dc78c5f363fc24efacb0f1d24a1e9c98089f2cda4736db889bd6093,60,attack:力:+2 ; type_placeholder:TYPE_NORMAL:no_specialized_affinity_evidence ; growth:official_stage_plus_profile_power:medium_fast,58,67,58,58,58,58,357,TYPE_NORMAL,,unresolved_no_specialized_type_evidence,193,142,GROWTH_MEDIUM_FAST,low,profile-derived-v1
1368,appmon,appmon_048,ロープレモン,https://digimon.net/appmon/detail.php?id=48,並,ロープレ,ゲーム,4558199b18b1c131f82798b4a30c38e0188b0d61c02f437f36b34d449a37878a,59,attack:剣:+3 ; special_defense:聖:+2 ; type:TYPE_FAIRY:聖:profile:+2 ; type_candidate:TYPE_FAIRY:2 ; type_placeholder:TYPE_NORMAL:low_evidence ; growth:official_stage_plus_profile_power:medium_fast,58,72,58,58,58,67,371,TYPE_NORMAL,,unresolved_low_type_evidence,189,148,GROWTH_MEDIUM_FAST,low,profile-derived-v1
1369,appmon,appmon_049,パズルモン,https://digimon.net/appmon/detail.php?id=49,並,パズル,ゲーム,15e966c35d901b4ddf46523189ce37e0456120a2597740e7b23d8511bde3ccaa,60,stats:balanced:no_specialization_signal_in_official_text ; type_placeholder:TYPE_NORMAL:no_specialized_affinity_evidence ; growth:official_stage_plus_profile_power:medium_fast,58,58,58,58,58,58,348,TYPE_NORMAL,,unresolved_no_specialized_type_evidence,197,136,GROWTH_MEDIUM_FAST,low,profile-derived-v1
1370,appmon,appmon_050,ダンスモン,https://digimon.net/appmon/detail.php?id=50,並,リズム,ゲーム,40c9df9f3e769f4feb7a0984f4cc64c56de224856c4c4766bd0da58fe6cdff25,60,attack:拳:+3 ; type:TYPE_FIGHTING:拳:profile:+2 ; type_candidate:TYPE_FIGHTING:2 ; type_placeholder:TYPE_NORMAL:low_evidence ; growth:official_stage_plus_profile_power:medium_fast,58,72,58,58,58,58,362,TYPE_NORMAL,,unresolved_low_type_evidence,191,146,GROWTH_MEDIUM_FAST,low,profile-derived-v1
1371,appmon,appmon_051,レースモン,https://digimon.net/appmon/detail.php?id=51,並,レース,ゲーム,fedc3980b08c757ac97450aa09f5eea3356c408d0a393870a2876697de24ff1d,57,attack:力:+2 ; type_placeholder:TYPE_NORMAL:no_specialized_affinity_evidence ; growth:official_stage_plus_profile_power:medium_fast,58,67,58,58,58,58,357,TYPE_NORMAL,,unresolved_no_specialized_type_evidence,193,142,GROWTH_MEDIUM_FAST,low,profile-derived-v1
1372,appmon,appmon_052,ドローモン,https://digimon.net/appmon/detail.php?id=52,並,ペイント,エンタメ,621f40c5616916fee2833deb5abb0eb28dab93ee02bb6e783ef86532ecd0c497,58,stats:balanced:no_specialization_signal_in_official_text ; type_placeholder:TYPE_NORMAL:no_specialized_affinity_evidence ; growth:official_stage_plus_profile_power:medium_fast,58,58,58,58,58,58,348,TYPE_NORMAL,,unresolved_no_specialized_type_evidence,197,136,GROWTH_MEDIUM_FAST,low,profile-derived-v1
1373,appmon,appmon_053,テラーモン,https://digimon.net/appmon/detail.php?id=53,並,占い,エンタメ,546fc3ccc4ea74dc2b5f5391a03f4e2b5074ebe6cd9aa6b08dca4b4f56b4d3db,60,special_attack:データ:+2 ; type_placeholder:TYPE_NORMAL:no_specialized_affinity_evidence ; growth:official_stage_plus_profile_power:medium_fast,58,58,58,58,67,58,357,TYPE_NORMAL,,unresolved_no_specialized_type_evidence,193,142,GROWTH_MEDIUM_FAST,low,profile-derived-v1
1374,appmon,appmon_054,ミュージモン,https://digimon.net/appmon/detail.php?id=54,並,音楽,エンタメ,bfdcc00c087b5093708045ff6a23f0025f3c32dbfdd6951ef585f61fe3ed8f5f,49,stats:balanced:no_specialization_signal_in_official_text ; type_placeholder:TYPE_NORMAL:no_specialized_affinity_evidence ; growth:official_stage_plus_profile_power:medium_fast,58,58,58,58,58,58,348,TYPE_NORMAL,,unresolved_no_specialized_type_evidence,197,136,GROWTH_MEDIUM_FAST,low,profile-derived-v1
1375,appmon,appmon_055,ペロリモン,https://digimon.net/appmon/detail.php?id=55,並,グルメ,エンタメ,1a25058318ddb4e6c89fa64ec61d3862531bf0601298a48d8b35b5c38f1e7a75,53,stats:balanced:no_specialization_signal_in_official_text ; type_placeholder:TYPE_NORMAL:no_specialized_affinity_evidence ; growth:official_stage_plus_profile_power:medium_fast,58,58,58,58,58,58,348,TYPE_NORMAL,,unresolved_no_specialized_type_evidence,197,136,GROWTH_MEDIUM_FAST,low,profile-derived-v1
1376,appmon,appmon_056,ドーガモン,https://digimon.net/appmon/detail.php?id=56,並,動画,エンタメ,36e40fb635df698723b6ec29f0d23420023fc6646dca0da9440ec87586e8d49f,55,stats:balanced:no_specialization_signal_in_official_text ; type:TYPE_DARK:ダーク:move:+4 ; type_candidate:TYPE_DARK:4 ; type_placeholder:TYPE_NORMAL:low_evidence ; growth:official_stage_plus_profile_power:medium_fast,58,58,58,58,58,58,348,TYPE_NORMAL,,unresolved_low_type_evidence,197,136,GROWTH_MEDIUM_FAST,low,profile-derived-v1
1377,appmon,appmon_057,ドレスモン,https://digimon.net/appmon/detail.php?id=57,並,ファッション,エンタメ,ef38f4160e15c175c57ae0b67e6e2286cc640c7c21b137ae11aeb7847d793e11,55,attack:力:+2 ; special_attack:データ:+2 ; type_placeholder:TYPE_NORMAL:no_specialized_affinity_evidence ; growth:official_stage_plus_profile_power:medium_fast,58,67,58,58,67,58,366,TYPE_NORMAL,,unresolved_no_specialized_type_evidence,191,145,GROWTH_MEDIUM_FAST,low,profile-derived-v1
1378,appmon,appmon_058,ブックモン,https://digimon.net/appmon/detail.php?id=58,並,電子書籍,エンタメ,8bda1c6eca0c2255bd5b2dc254cfc6e761b3bc141bc13aa4f9dd6b79d9b102cb,54,stats:balanced:no_specialization_signal_in_official_text ; type_placeholder:TYPE_NORMAL:no_specialized_affinity_evidence ; growth:official_stage_plus_profile_power:medium_fast,58,58,58,58,58,58,348,TYPE_NORMAL,,unresolved_no_specialized_type_evidence,197,136,GROWTH_MEDIUM_FAST,low,profile-derived-v1
1379,appmon,appmon_059,ガシャモン,https://digimon.net/appmon/detail.php?id=59,並,ガシャ,エンタメ,e1ecea6cee0170da671847a35163f296e9279a60616be4e3e24688a345661fec,54,stats:balanced:no_specialization_signal_in_official_text ; type_placeholder:TYPE_NORMAL:no_specialized_affinity_evidence ; growth:official_stage_plus_profile_power:medium_fast,58,58,58,58,58,58,348,TYPE_NORMAL,,unresolved_no_specialized_type_evidence,197,136,GROWTH_MEDIUM_FAST,low,profile-derived-v1
1380,appmon,appmon_060,ラックモン,https://digimon.net/appmon/detail.php?id=60,並,スロット,エンタメ,8a6367aeaf242754613f2d5d8826423706ba12d9a68d9c185920c969a7a5a993,61,stats:balanced:no_specialization_signal_in_official_text ; type_placeholder:TYPE_NORMAL:no_specialized_affinity_evidence ; growth:official_stage_plus_profile_power:medium_fast,58,58,58,58,58,58,348,TYPE_NORMAL,,unresolved_no_specialized_type_evidence,197,136,GROWTH_MEDIUM_FAST,low,profile-derived-v1
1381,appmon,appmon_061,トリックモン,https://digimon.net/appmon/detail.php?id=61,並,手品,エンタメ,55517f32f429b3af4d30ebbb38009fe77d729d6f6f1060311a356440dbcf473a,59,special_attack:データ:+2 ; type_placeholder:TYPE_NORMAL:no_specialized_affinity_evidence ; growth:official_stage_plus_profile_power:medium_fast,58,58,58,58,67,58,357,TYPE_NORMAL,,unresolved_no_specialized_type_evidence,193,142,GROWTH_MEDIUM_FAST,low,profile-derived-v1
1382,appmon,appmon_062,ダイスモン,https://digimon.net/appmon/detail.php?id=62,並,サイコロ,エンタメ,a7f264c7171902ff2419083692b625deadf81144fc22f6c4a63f6331b3052f3b,57,stats:balanced:no_specialization_signal_in_official_text ; type:TYPE_NORMAL:日常:profile:+2 ; type_candidate:TYPE_NORMAL:2 ; type_placeholder:TYPE_NORMAL:low_evidence ; growth:official_stage_plus_profile_power:medium_fast,58,58,58,58,58,58,348,TYPE_NORMAL,,unresolved_low_type_evidence,197,136,GROWTH_MEDIUM_FAST,low,profile-derived-v1
1383,appmon,appmon_063,クックモン,https://digimon.net/appmon/detail.php?id=63,並,お料理,エンタメ,ad9a44e1e0e264fdd38fcf7dd58e5ed7ac403986fed215b580a024bd1e8a1a3c,57,stats:balanced:no_specialization_signal_in_official_text ; type:TYPE_STEEL:鉄:profile:+2 ; type_candidate:TYPE_STEEL:2 ; type_placeholder:TYPE_NORMAL:low_evidence ; growth:official_stage_plus_profile_power:medium_fast,58,58,58,58,58,58,348,TYPE_NORMAL,,unresolved_low_type_evidence,197,136,GROWTH_MEDIUM_FAST,low,profile-derived-v1
1384,appmon,appmon_064,バイラモン,https://digimon.net/appmon/detail.php?id=64,並,ウィルス,ライフ,aebf2e4af0f78b2638ca26388556616cb1a989b887f2c7cb9c8042a9325c44fa,59,special_attack:毒:+3 ; type:TYPE_POISON:毒:profile:+2 ; type_candidate:TYPE_POISON:2 ; type_placeholder:TYPE_NORMAL:low_evidence ; growth:official_stage_plus_profile_power:medium_fast,58,58,58,58,72,58,362,TYPE_NORMAL,,unresolved_low_type_evidence,191,146,GROWTH_MEDIUM_FAST,low,profile-derived-v1
1385,appmon,appmon_065,スリープモン,https://digimon.net/appmon/detail.php?id=65,並,睡眠,ライフ,af0356cbcca4fe291aaf79c6a5022e2ebe795f203054cb01f59aeb5d6a5a09cb,59,attack:力:+2 ; type_placeholder:TYPE_NORMAL:no_specialized_affinity_evidence ; growth:official_stage_plus_profile_power:medium_fast,58,67,58,58,58,58,357,TYPE_NORMAL,,unresolved_no_specialized_type_evidence,193,142,GROWTH_MEDIUM_FAST,low,profile-derived-v1
1386,appmon,appmon_066,マッスルモン,https://digimon.net/appmon/detail.php?id=66,並,筋トレ,ライフ,1b7462eea180e17cb9d9aa54c0c7bf89455e0b4d164773e7e2231859f81af94e,60,attack:力:+4 ; special_attack:データ:+2 ; type_placeholder:TYPE_NORMAL:no_specialized_affinity_evidence ; growth:official_stage_plus_profile_power:medium_fast,58,76,58,58,67,58,375,TYPE_NORMAL,,unresolved_no_specialized_type_evidence,188,151,GROWTH_MEDIUM_FAST,low,profile-derived-v1
1387,appmon,appmon_067,エイドモン,https://digimon.net/appmon/detail.php?id=67,並,救命,ライフ,f149930811e90fa7d051bac92e00e7c995d2740c1e7d5d861093ac3df830f5b8,57,attack:力:+2 ; type:TYPE_FAIRY:天使:profile:+2 ; type_candidate:TYPE_FAIRY:2 ; type_placeholder:TYPE_NORMAL:low_evidence ; growth:official_stage_plus_profile_power:medium_fast,58,67,58,58,58,58,357,TYPE_NORMAL,,unresolved_low_type_evidence,193,142,GROWTH_MEDIUM_FAST,low,profile-derived-v1
1388,appmon,appmon_068,マネーモン,https://digimon.net/appmon/detail.php?id=68,並,電子マネー,ライフ,f5fe29e602f57e3870580c09eb563dc6ed25e2275fc2d1bcb73334a18f6421df,58,attack:力:+2 ; type_placeholder:TYPE_NORMAL:no_specialized_affinity_evidence ; growth:official_stage_plus_profile_power:medium_fast,58,67,58,58,58,58,357,TYPE_NORMAL,,unresolved_no_specialized_type_evidence,193,142,GROWTH_MEDIUM_FAST,low,profile-derived-v1
1389,appmon,appmon_069,スパモン,https://digimon.net/appmon/detail.php?id=69,並,温泉,ライフ,a1e807f5ca48e37626084b8658a444f504baf5540be4e80f2906081ab3d2ba08,58,stats:balanced:no_specialization_signal_in_official_text ; type:TYPE_ROCK:岩:profile:+2 ; type_candidate:TYPE_ROCK:2 ; type_placeholder:TYPE_NORMAL:low_evidence ; growth:official_stage_plus_profile_power:medium_fast,58,58,58,58,58,58,348,TYPE_NORMAL,,unresolved_low_type_evidence,197,136,GROWTH_MEDIUM_FAST,low,profile-derived-v1
1390,appmon,appmon_070,サプリモン,https://digimon.net/appmon/detail.php?id=70,並,サプリ,ライフ,5a4946a38af16de9146fd45ea7b219a5c4f77fc88ee580ad407b0ae09314827e,60,stats:balanced:no_specialization_signal_in_official_text ; type_placeholder:TYPE_NORMAL:no_specialized_affinity_evidence ; growth:official_stage_plus_profile_power:medium_fast,58,58,58,58,58,58,348,TYPE_NORMAL,,unresolved_no_specialized_type_evidence,197,136,GROWTH_MEDIUM_FAST,low,profile-derived-v1
1391,appmon,appmon_071,ドープモン,https://digimon.net/appmon/detail.php?id=71,並,増強,ライフ,2f13d6326b1443e4bea56f73b0263784997d95316e57ffff469e1708d9c98006,40,attack:パワー:+4 ; type_placeholder:TYPE_NORMAL:no_specialized_affinity_evidence ; growth:official_stage_plus_profile_power:medium_fast,58,76,58,58,58,58,366,TYPE_NORMAL,,unresolved_no_specialized_type_evidence,190,149,GROWTH_MEDIUM_FAST,low,profile-derived-v1
1392,appmon,appmon_072,オクショモン,https://digimon.net/appmon/detail.php?id=72,並,オークション,ライフ,e1c3d679d073eeff23a54a88a9d26faf2b5b56a595329e6d7d562cf0c00fcf70,60,stats:balanced:no_specialization_signal_in_official_text ; type_placeholder:TYPE_NORMAL:no_specialized_affinity_evidence ; growth:official_stage_plus_profile_power:medium_fast,58,58,58,58,58,58,348,TYPE_NORMAL,,unresolved_no_specialized_type_evidence,197,136,GROWTH_MEDIUM_FAST,low,profile-derived-v1
1393,appmon,appmon_073,カケイモン,https://digimon.net/appmon/detail.php?id=73,並,家計簿,ライフ,15e3244931135a1baaf97784425191ca427748752d17ca302127385bda58e08f,57,stats:balanced:no_specialization_signal_in_official_text ; type_placeholder:TYPE_NORMAL:no_specialized_affinity_evidence ; growth:official_stage_plus_profile_power:medium_fast,58,58,58,58,58,58,348,TYPE_NORMAL,,unresolved_no_specialized_type_evidence,197,136,GROWTH_MEDIUM_FAST,low,profile-derived-v1
1394,appmon,appmon_074,カイモン,https://digimon.net/appmon/detail.php?id=74,並,ショッピング,ライフ,029bce4d6b797dc07126b0b80c837978c87222527a16f54868c4fa5bc9a0735a,57,stats:balanced:no_specialization_signal_in_official_text ; type_placeholder:TYPE_NORMAL:no_specialized_affinity_evidence ; growth:official_stage_plus_profile_power:medium_fast,58,58,58,58,58,58,348,TYPE_NORMAL,,unresolved_no_specialized_type_evidence,197,136,GROWTH_MEDIUM_FAST,low,profile-derived-v1
1395,appmon,appmon_075,ジショモン,https://digimon.net/appmon/detail.php?id=75,並,辞書,ライフ,69f9860d9a4f30753dd09291c7cc79c0b74bed16771cf903d4a02d492bf9045c,59,stats:balanced:no_specialization_signal_in_official_text ; type_placeholder:TYPE_NORMAL:no_specialized_affinity_evidence ; growth:official_stage_plus_profile_power:medium_fast,58,58,58,58,58,58,348,TYPE_NORMAL,,unresolved_no_specialized_type_evidence,197,136,GROWTH_MEDIUM_FAST,low,profile-derived-v1
1396,appmon,appmon_076,ロギモン,https://digimon.net/appmon/detail.php?id=76,超,ログイン,ソーシャル,4dc8d609c57d728afcf7ca6fb72092dee710d71c6c89b6cb6ab11d0b05335a68,58,special_attack:熱:+2 ; type_placeholder:TYPE_NORMAL:no_specialized_affinity_evidence ; growth:official_stage_plus_profile_power:medium_fast,78,78,78,78,87,78,477,TYPE_NORMAL,,unresolved_no_specialized_type_evidence,166,182,GROWTH_MEDIUM_FAST,low,profile-derived-v1
1397,appmon,appmon_077,ロガモン,https://digimon.net/appmon/detail.php?id=77,超,ログオフ,ソーシャル,67d34888721a69105a076058bedaeb9a21a3b09a74c96ffa76bdf1222a00d2dc,55,attack:力:+4 ; type_placeholder:TYPE_NORMAL:no_specialized_affinity_evidence ; growth:official_stage_plus_profile_power:medium_fast,78,96,78,78,78,78,486,TYPE_NORMAL,,unresolved_no_specialized_type_evidence,163,189,GROWTH_MEDIUM_FAST,low,profile-derived-v1
1398,appmon,appmon_078,ドガッチモン,https://digimon.net/appmon/detail.php?id=78,超,超検索,ソーシャル,09455dc079edb93bd31a3566a769ada85c10743416ac351390a6fc09e3944acb,56,power:超強:+4 ; attack:力:+2 ; type:TYPE_WATER:海:profile:+2 ; type_candidate:TYPE_WATER:2 ; type_placeholder:TYPE_NORMAL:low_evidence ; growth:official_stage_plus_profile_power:medium_fast,85,94,85,85,85,85,519,TYPE_NORMAL,,unresolved_low_type_evidence,150,206,GROWTH_MEDIUM_FAST,low,profile-derived-v1
1399,appmon,appmon_079,ソーシャモン,https://digimon.net/appmon/detail.php?id=79,超,ＳＮＳ,ソーシャル,8ad35e62bb7fee05a8e60a11271d0682745b55f3eaab7c2e9fa7228a2d1abe97,61,stats:balanced:no_specialization_signal_in_official_text ; type_placeholder:TYPE_NORMAL:no_specialized_affinity_evidence ; growth:official_stage_plus_profile_power:medium_fast,78,78,78,78,78,78,468,TYPE_NORMAL,,unresolved_no_specialized_type_evidence,170,176,GROWTH_MEDIUM_FAST,low,profile-derived-v1
1400,appmon,appmon_080,ゴシップモン,https://digimon.net/appmon/detail.php?id=80,超,ゴシップ,ソーシャル,a43f0ca4e2664ca37bade8f42242a2d6e817b7375169d989ec91267fcb04cd5d,57,stats:balanced:no_specialization_signal_in_official_text ; type_placeholder:TYPE_NORMAL:no_specialized_affinity_evidence ; growth:official_stage_plus_profile_power:medium_fast,78,78,78,78,78,78,468,TYPE_NORMAL,,unresolved_no_specialized_type_evidence,170,176,GROWTH_MEDIUM_FAST,low,profile-derived-v1
1401,appmon,appmon_081,スカシモン,https://digimon.net/appmon/detail.php?id=81,超,スカ,ソーシャル,c5aefbd822e2587ecf38eac443c413259af5d1834168baf91019cfa955d5f049,52,attack:力:+4 ; type_placeholder:TYPE_NORMAL:no_specialized_affinity_evidence ; growth:official_stage_plus_profile_power:medium_fast,78,96,78,78,78,78,486,TYPE_NORMAL,,unresolved_no_specialized_type_evidence,163,189,GROWTH_MEDIUM_FAST,low,profile-derived-v1
1402,appmon,appmon_082,トリップモン,https://digimon.net/appmon/detail.php?id=82,超,旅行,ナビ,d728bdef2bc23c529fc1dfecf943ce1afd91767d8f96170fa363b4e939d01242,55,attack:力:+2 ; type_placeholder:TYPE_NORMAL:no_specialized_affinity_evidence ; growth:official_stage_plus_profile_power:medium_fast,78,87,78,78,78,78,477,TYPE_NORMAL,,unresolved_no_specialized_type_evidence,166,182,GROWTH_MEDIUM_FAST,low,profile-derived-v1
1403,appmon,appmon_083,ウェザドラモン,https://digimon.net/appmon/detail.php?id=83,超,天候,ナビ,f9091919df42a18cdb14bfb96e5047c769d437016081047738d3776609da9625,60,attack:力:+2 ; type:TYPE_ELECTRIC:サンダー:move:+4 ; type_candidate:TYPE_ELECTRIC:4 ; type_placeholder:TYPE_NORMAL:low_evidence ; growth:official_stage_plus_profile_power:medium_fast,78,87,78,78,78,78,477,TYPE_NORMAL,,unresolved_low_type_evidence,166,182,GROWTH_MEDIUM_FAST,low,profile-derived-v1
1404,appmon,appmon_084,タイムモン,https://digimon.net/appmon/detail.php?id=84,超,タイムスリップ,ツール,475e298076f21b3d09e880c678b2dbd36adae85e0854d9039a9b076c80252ea9,60,attack:力:+2 ; attack:拳:+3 ; type:TYPE_FIGHTING:拳:profile:+2 ; type_candidate:TYPE_FIGHTING:2 ; type_placeholder:TYPE_NORMAL:low_evidence ; growth:official_stage_plus_profile_power:medium_fast,78,100,78,78,78,78,490,TYPE_NORMAL,,unresolved_low_type_evidence,161,192,GROWTH_MEDIUM_FAST,low,profile-derived-v1
1405,appmon,appmon_085,ロアモン,https://digimon.net/appmon/detail.php?id=85,超,ボイスチェンジ,ツール,ace7d1ada7761cd0453a69bc47aa5b0f857fc5603d13cf2d9e2cb7e69203ebc5,58,attack:力:+2 ; special_attack:データ:+2 ; type_placeholder:TYPE_NORMAL:no_specialized_affinity_evidence ; growth:official_stage_plus_profile_power:medium_fast,78,87,78,78,87,78,486,TYPE_NORMAL,,unresolved_no_specialized_type_evidence,164,185,GROWTH_MEDIUM_FAST,low,profile-derived-v1
1406,appmon,appmon_086,スコープモン,https://digimon.net/appmon/detail.php?id=86,超,監視,ツール,872ad5aa6a1552bf79c1889eb148decbe337e9275a382145a1355484c66b8ffd,57,attack:力:+2 ; type_placeholder:TYPE_NORMAL:no_specialized_affinity_evidence ; growth:official_stage_plus_profile_power:medium_fast,78,87,78,78,78,78,477,TYPE_NORMAL,,unresolved_no_specialized_type_evidence,166,182,GROWTH_MEDIUM_FAST,low,profile-derived-v1
1407,appmon,appmon_087,クラフトモン,https://digimon.net/appmon/detail.php?id=87,超,設計,ツール,6864c54aca62a974dd629e719628c81774913b1a36ac9a4ca63dcdd2eac51b10,59,attack:力:+2 ; type_placeholder:TYPE_NORMAL:no_specialized_affinity_evidence ; growth:official_stage_plus_profile_power:medium_fast,78,87,78,78,78,78,477,TYPE_NORMAL,,unresolved_no_specialized_type_evidence,166,182,GROWTH_MEDIUM_FAST,low,profile-derived-v1
1408,appmon,appmon_088,レイドラモン,https://digimon.net/appmon/detail.php?id=88,超,超ハッキング,システム,32ab60e29d1c388572041a7f649b88782f04a4897d6b04e69ab587c63092fe4b,59,attack:力:+2 ; attack:破壊:+4 ; speed:一瞬:+3 ; special_attack:データ:+2 ; type_placeholder:TYPE_NORMAL:no_specialized_affinity_evidence ; growth:official_stage_plus_profile_power:medium_fast,78,105,78,92,87,78,518,TYPE_NORMAL,,unresolved_no_specialized_type_evidence,155,201,GROWTH_MEDIUM_FAST,medium,profile-derived-v1
1409,appmon,appmon_089,デジップモン,https://digimon.net/appmon/detail.php?id=89,超,圧縮解凍,システム,08d4ba0ef0cae76719b1052f5524d30b16d3aaf47a36537dc7a89c195d41821e,50,attack:力:+2 ; special_attack:データ:+2 ; type:TYPE_ICE:凍:profile:+2 ; type:TYPE_ICE:フリーズ:move:+4 ; type_choice:TYPE_ICE:6 ; growth:official_stage_plus_profile_power:medium_fast,78,87,78,78,87,78,486,TYPE_ICE,,resolved_profile_evidence,164,185,GROWTH_MEDIUM_FAST,medium,profile-derived-v1
1410,appmon,appmon_090,ミエーヌモン,https://digimon.net/appmon/detail.php?id=90,超,ステルス,システム,a0de177cfd9de60d470eb22aa451fabbe6ac16467370301fad90559635893957,59,attack:力:+2 ; type_placeholder:TYPE_NORMAL:no_specialized_affinity_evidence ; growth:official_stage_plus_profile_power:medium_fast,78,87,78,78,78,78,477,TYPE_NORMAL,,unresolved_no_specialized_type_evidence,166,182,GROWTH_MEDIUM_FAST,low,profile-derived-v1
1411,appmon,appmon_091,ワープモン,https://digimon.net/appmon/detail.php?id=91,超,転送,システム,478f74901ffcc26bb4915b0e230249e5a63b7e37a79be469362fe86ecd8f7cb2,53,power:神:+3 ; speed:一瞬:+3 ; type:TYPE_STEEL:機械:profile:+2 ; type_candidate:TYPE_STEEL:2 ; type_placeholder:TYPE_NORMAL:low_evidence ; growth:official_stage_plus_profile_power:medium_fast,83,83,83,97,83,83,512,TYPE_NORMAL,,unresolved_low_type_evidence,152,203,GROWTH_MEDIUM_FAST,low,profile-derived-v1
1412,appmon,appmon_092,サクシモン,https://digimon.net/appmon/detail.php?id=92,超,シミュレーション,ゲーム,9f120f3c7f08b001000aa0a8c17459ef3b0422c8c7ecc3a90700e8afa2000f40,54,special_attack:炎:+3 ; type:TYPE_FIRE:炎:move:+4 ; type:TYPE_DRAGON:龍:move:+4 ; type_candidate:TYPE_DRAGON:4 ; type_placeholder:TYPE_NORMAL:low_evidence ; growth:official_stage_plus_profile_power:medium_fast,78,78,78,78,92,78,482,TYPE_NORMAL,,unresolved_low_type_evidence,164,186,GROWTH_MEDIUM_FAST,low,profile-derived-v1
1413,appmon,appmon_093,ドスコモン,https://digimon.net/appmon/detail.php?id=93,超,格闘,ゲーム,a707d360e4fca1963643165801bebeba463201429fe2dc830353763b0237e250,58,power:神:+3 ; attack:力:+2 ; special_defense:神聖:+3 ; special_defense:聖:+2 ; type:TYPE_FAIRY:神聖:profile:+2 ; type:TYPE_FAIRY:聖:profile:+2 ; type_candidate:TYPE_FAIRY:4 ; type_placeholder:TYPE_NORMAL:low_evidence ; growth:official_stage_plus_profile_power:medium_fast,83,92,83,83,83,106,530,TYPE_NORMAL,,unresolved_low_type_evidence,147,212,GROWTH_MEDIUM_FAST,medium,profile-derived-v1
1414,appmon,appmon_094,ブレモン,https://digimon.net/appmon/detail.php?id=94,超,脳トレ,ゲーム,c959378671ce8e01116cc48b4ad586f7638db5071c1e814628f9b371e2719ce0,56,hp:巨大:+2 ; attack:力:+2 ; type_placeholder:TYPE_NORMAL:no_specialized_affinity_evidence ; growth:official_stage_plus_profile_power:medium_fast,87,87,78,78,78,78,486,TYPE_NORMAL,,unresolved_no_specialized_type_evidence,164,185,GROWTH_MEDIUM_FAST,low,profile-derived-v1
1415,appmon,appmon_095,コーチモン,https://digimon.net/appmon/detail.php?id=95,超,育成,ゲーム,6808100a5373de7dc830a23d67e44bc4b891cf4fc947a63f744d619a0db29a58,60,attack:叩:+2 ; type:TYPE_GHOST:魂:move:+4 ; type_candidate:TYPE_GHOST:4 ; type_placeholder:TYPE_NORMAL:low_evidence ; growth:official_stage_plus_profile_power:medium_fast,78,87,78,78,78,78,477,TYPE_NORMAL,,unresolved_low_type_evidence,166,182,GROWTH_MEDIUM_FAST,low,profile-derived-v1
1416,appmon,appmon_096,ウラテクモン,https://digimon.net/appmon/detail.php?id=96,超,攻略,ゲーム,f4156b3afb7318261578d403be408171cec47915f06bc04541c2e2bcccc5aa5e,60,stats:balanced:no_specialization_signal_in_official_text ; type_placeholder:TYPE_NORMAL:no_specialized_affinity_evidence ; growth:official_stage_plus_profile_power:medium_fast,78,78,78,78,78,78,468,TYPE_NORMAL,,unresolved_no_specialized_type_evidence,170,176,GROWTH_MEDIUM_FAST,low,profile-derived-v1
1417,appmon,appmon_097,エフェクモン,https://digimon.net/appmon/detail.php?id=97,超,エフェクト,エンタメ,217fbd67f8bd82c28c2ea5fc5097ac62dff5ce3abc20c4f6a30ed9a563fdf79b,57,attack:力:+2 ; type:TYPE_DRAGON:ドラゴン:move:+4 ; type_candidate:TYPE_DRAGON:4 ; type_placeholder:TYPE_NORMAL:low_evidence ; growth:official_stage_plus_profile_power:medium_fast,78,87,78,78,78,78,477,TYPE_NORMAL,,unresolved_low_type_evidence,166,182,GROWTH_MEDIUM_FAST,low,profile-derived-v1
1418,appmon,appmon_098,タロットモン,https://digimon.net/appmon/detail.php?id=98,超,超占い,エンタメ,8e223354498041c0c685ebac0c2918fe4c624804c38ff229ff0e1b4d02275615,53,attack:力:+2 ; type_placeholder:TYPE_NORMAL:no_specialized_affinity_evidence ; growth:official_stage_plus_profile_power:medium_fast,78,87,78,78,78,78,477,TYPE_NORMAL,,unresolved_no_specialized_type_evidence,166,182,GROWTH_MEDIUM_FAST,low,profile-derived-v1
1419,appmon,appmon_099,コーデモン,https://digimon.net/appmon/detail.php?id=99,超,コーディネート,エンタメ,967239e6004210a6495f18a63a804aa45f7e7978a6dceb589b8a0ff5112589ef,58,special_attack:データ:+2 ; type_placeholder:TYPE_NORMAL:no_specialized_affinity_evidence ; growth:official_stage_plus_profile_power:medium_fast,78,78,78,78,87,78,477,TYPE_NORMAL,,unresolved_no_specialized_type_evidence,166,182,GROWTH_MEDIUM_FAST,low,profile-derived-v1
1420,appmon,appmon_100,メディアモン,https://digimon.net/appmon/detail.php?id=100,超,メディアプレーヤー,エンタメ,48ec976b78dd19b61997e8c83013b4989d9c284a93b3b94d3ec3e0e7c5f93397,60,attack:力:+2 ; type_placeholder:TYPE_NORMAL:no_specialized_affinity_evidence ; growth:official_stage_plus_profile_power:medium_fast,78,87,78,78,78,78,477,TYPE_NORMAL,,unresolved_no_specialized_type_evidence,166,182,GROWTH_MEDIUM_FAST,low,profile-derived-v1
1421,appmon,appmon_101,ベガスモン,https://digimon.net/appmon/detail.php?id=101,超,ルーレット,エンタメ,20683560b2a938d9e8ee45ce5a119be90893cfb3b3d6ec942ba5e91ed58d65c8,56,stats:balanced:no_specialization_signal_in_official_text ; type_placeholder:TYPE_NORMAL:no_specialized_affinity_evidence ; growth:official_stage_plus_profile_power:medium_fast,78,78,78,78,78,78,468,TYPE_NORMAL,,unresolved_no_specialized_type_evidence,170,176,GROWTH_MEDIUM_FAST,low,profile-derived-v1
1422,appmon,appmon_102,ドリーモン,https://digimon.net/appmon/detail.php?id=102,超,夢,エンタメ,3ea26746d16060da3ccbbc3f62485ff5b67f11dbb48fcfb265025a34991bb4e0,60,power:神:+3 ; attack:力:+2 ; special_defense:精神:+4 ; type:TYPE_PSYCHIC:精神:profile:+2 ; type_candidate:TYPE_PSYCHIC:2 ; type_placeholder:TYPE_NORMAL:low_evidence ; growth:official_stage_plus_profile_power:medium_fast,83,92,83,83,83,101,525,TYPE_NORMAL,,unresolved_low_type_evidence,149,209,GROWTH_MEDIUM_FAST,medium,profile-derived-v1
1423,appmon,appmon_103,メディックモン,https://digimon.net/appmon/detail.php?id=103,超,メディカル,ライフ,03ba754fbcf2562e4d9f139dc18438e1cdeb1e78943281dafc84c5d21457915d,61,attack:力:+2 ; type_placeholder:TYPE_NORMAL:no_specialized_affinity_evidence ; growth:official_stage_plus_profile_power:medium_fast,78,87,78,78,78,78,477,TYPE_NORMAL,,unresolved_no_specialized_type_evidence,166,182,GROWTH_MEDIUM_FAST,low,profile-derived-v1
1424,appmon,appmon_104,ドクモン,https://digimon.net/appmon/detail.php?id=104,超,ドクター,ライフ,3480a4d8e4f53962636e83e1bfc3fcff79ab0c9603b2c5bdba5e7a707d56f829,55,stats:balanced:no_specialization_signal_in_official_text ; type_placeholder:TYPE_NORMAL:no_specialized_affinity_evidence ; growth:official_stage_plus_profile_power:medium_fast,78,78,78,78,78,78,468,TYPE_NORMAL,,unresolved_no_specialized_type_evidence,170,176,GROWTH_MEDIUM_FAST,low,profile-derived-v1
1425,appmon,appmon_105,コンサルモン,https://digimon.net/appmon/detail.php?id=105,超,節約,ライフ,1df153118164c3da9dfa739532fe4731ed1ddd8e10c3882c830eb518f3537a32,53,attack:力:+2 ; type_placeholder:TYPE_NORMAL:no_specialized_affinity_evidence ; growth:official_stage_plus_profile_power:medium_fast,78,87,78,78,78,78,477,TYPE_NORMAL,,unresolved_no_specialized_type_evidence,166,182,GROWTH_MEDIUM_FAST,low,profile-derived-v1
1426,appmon,appmon_106,ライブラモン,https://digimon.net/appmon/detail.php?id=106,超,図書館,ライフ,22a58214a8ef9ec168e3d9cd9568c5ccca98a78f8f39850c41d1e197c69171ff,57,hp:巨大:+2 ; attack:力:+2 ; special_attack:データ:+2 ; type_placeholder:TYPE_NORMAL:no_specialized_affinity_evidence ; growth:official_stage_plus_profile_power:medium_fast,87,87,78,78,87,78,495,TYPE_NORMAL,,unresolved_no_specialized_type_evidence,163,187,GROWTH_MEDIUM_FAST,low,profile-derived-v1
1427,appmon,appmon_107,グローブモン,https://digimon.net/appmon/detail.php?id=107,極,グローバル,ソーシャル,48cd25b998e1b42ea0f6a16a616964d78c2c2896a68883ad6f6f37fab50757bc,57,attack:力:+4 ; speed:スピード:+4 ; type:TYPE_PSYCHIC:予知:profile:+2 ; type_candidate:TYPE_PSYCHIC:2 ; type_placeholder:TYPE_NORMAL:low_evidence ; growth:official_stage_plus_profile_power:medium_slow,100,118,100,118,100,100,636,TYPE_NORMAL,,unresolved_low_type_evidence,130,237,GROWTH_MEDIUM_SLOW,low,profile-derived-v1
1428,appmon,appmon_108,カリスモン,https://digimon.net/appmon/detail.php?id=108,極,マインドコントロール,ソーシャル,224d977950061b04db67ea352a6b22f231f9499445ff8840b7c621d1e5f90496,48,attack:力:+2 ; type_placeholder:TYPE_NORMAL:no_specialized_affinity_evidence ; growth:official_stage_plus_profile_power:medium_slow,100,109,100,100,100,100,609,TYPE_NORMAL,,unresolved_no_specialized_type_evidence,136,226,GROWTH_MEDIUM_SLOW,low,profile-derived-v1
1429,appmon,appmon_109,ダメダモン,https://digimon.net/appmon/detail.php?id=109,極,ダメダメ,ソーシャル,de98da66c7b4d4c4adf5a898a7c1943e0e9a11b17503b826f402545770999a76,58,attack:力:+2 ; type_placeholder:TYPE_NORMAL:no_specialized_affinity_evidence ; growth:official_stage_plus_profile_power:medium_slow,100,109,100,100,100,100,609,TYPE_NORMAL,,unresolved_no_specialized_type_evidence,136,226,GROWTH_MEDIUM_SLOW,low,profile-derived-v1
1430,appmon,appmon_110,サテラモン,https://digimon.net/appmon/detail.php?id=110,極,GPS,ナビ,d4c37c9a32d2f92c4747f6beb1138d67149433204f80454641b3623a315855fc,58,attack:力:+2 ; type_placeholder:TYPE_NORMAL:no_specialized_affinity_evidence ; growth:official_stage_plus_profile_power:medium_slow,100,109,100,100,100,100,609,TYPE_NORMAL,,unresolved_no_specialized_type_evidence,136,226,GROWTH_MEDIUM_SLOW,low,profile-derived-v1
1431,appmon,appmon_111,コメットモン,https://digimon.net/appmon/detail.php?id=111,極,天体,ナビ,731a03aa3bb55071ceb8dcd8e229009a0a6e1be21bb605dac4dedb317945c962,57,attack:力:+4 ; type:TYPE_ROCK:石:profile:+2 ; type_candidate:TYPE_ROCK:2 ; type_placeholder:TYPE_NORMAL:low_evidence ; growth:official_stage_plus_profile_power:medium_slow,100,118,100,100,100,100,618,TYPE_NORMAL,,unresolved_low_type_evidence,133,233,GROWTH_MEDIUM_SLOW,low,profile-derived-v1
1432,appmon,appmon_112,ブートモン,https://digimon.net/appmon/detail.php?id=112,極,超起動,ツール,399c206cf2ef0a6a1f1c75c608dc6c4f50632cb846ce6c33f9443f6611610803,56,attack:パワー:+4 ; attack:力:+2 ; special_attack:エネルギー:+3 ; type_placeholder:TYPE_NORMAL:no_specialized_affinity_evidence ; growth:official_stage_plus_profile_power:medium_slow,100,127,100,100,114,100,641,TYPE_NORMAL,,unresolved_no_specialized_type_evidence,127,243,GROWTH_MEDIUM_SLOW,low,profile-derived-v1
1433,appmon,appmon_113,シャットモン,https://digimon.net/appmon/detail.php?id=113,極,強制終了,ツール,604d8be38e4656ed134407740375a9cc02c4ea7732ae32df8b6ca0827205c821,59,attack:力:+2 ; attack:斬:+6 ; type_placeholder:TYPE_NORMAL:no_specialized_affinity_evidence ; growth:official_stage_plus_profile_power:medium_slow,100,136,100,100,100,100,636,TYPE_NORMAL,,unresolved_no_specialized_type_evidence,126,246,GROWTH_MEDIUM_SLOW,low,profile-derived-v1
1434,appmon,appmon_114,フェイクモン,https://digimon.net/appmon/detail.php?id=114,極,偽装,ツール,80fe337e3bfa83eec059d44aa18574c050cead9750c4111a77b5a070b05bc784,59,stats:balanced:no_specialization_signal_in_official_text ; type_placeholder:TYPE_NORMAL:no_specialized_affinity_evidence ; growth:official_stage_plus_profile_power:medium_slow,100,100,100,100,100,100,600,TYPE_NORMAL,,unresolved_no_specialized_type_evidence,140,220,GROWTH_MEDIUM_SLOW,low,profile-derived-v1
1435,appmon,appmon_115,リバイブモン,https://digimon.net/appmon/detail.php?id=115,極,復元,システム,c79fa2879a02b9e8e7fcf8f3537d8be0cc80eb2f6d250405b2fa8c9a05ccd14a,57,attack:力:+2 ; attack:破壊:+4 ; special_attack:データ:+2 ; type_placeholder:TYPE_NORMAL:no_specialized_affinity_evidence ; growth:official_stage_plus_profile_power:medium_slow,100,127,100,100,109,100,636,TYPE_NORMAL,,unresolved_no_specialized_type_evidence,128,241,GROWTH_MEDIUM_SLOW,low,profile-derived-v1
1436,appmon,appmon_116,ワルダモン,https://digimon.net/appmon/detail.php?id=116,極,策略,システム,261872bb90d56b51c02e0ca6f3034533e6405e991e93cc4c730d837d1484aadf,48,stats:balanced:no_specialization_signal_in_official_text ; type:TYPE_DARK:デーモン:move:+4 ; type_candidate:TYPE_DARK:4 ; type_placeholder:TYPE_NORMAL:low_evidence ; growth:official_stage_plus_profile_power:medium_slow,100,100,100,100,100,100,600,TYPE_NORMAL,,unresolved_low_type_evidence,140,220,GROWTH_MEDIUM_SLOW,low,profile-derived-v1
1437,appmon,appmon_117,オウジャモン,https://digimon.net/appmon/detail.php?id=117,極,戦闘,ゲーム,1040a41fa43aefa6fb47e317369f8c65890b29efa6947c86de964b4a75d6e321,57,stats:balanced:no_specialization_signal_in_official_text ; type:TYPE_FIRE:フレイム:move:+4 ; type:TYPE_FIGHTING:戦士:profile:+2 ; type_candidate:TYPE_FIRE:4 ; type_placeholder:TYPE_NORMAL:low_evidence ; growth:official_stage_plus_profile_power:medium_slow,100,100,100,100,100,100,600,TYPE_NORMAL,,unresolved_low_type_evidence,140,220,GROWTH_MEDIUM_SLOW,low,profile-derived-v1
1438,appmon,appmon_118,エンタモン,https://digimon.net/appmon/detail.php?id=118,極,エンターテイメント,エンタメ,e2403c1aaa49e0671ddabdd5717561b9f3522919ca329761fbed07d31ff79dc2,58,special_attack:魔法:+5 ; type_placeholder:TYPE_NORMAL:no_specialized_affinity_evidence ; growth:official_stage_plus_profile_power:medium_slow,100,100,100,100,122,100,622,TYPE_NORMAL,,unresolved_no_specialized_type_evidence,131,236,GROWTH_MEDIUM_SLOW,low,profile-derived-v1
1439,appmon,appmon_119,バイオモン,https://digimon.net/appmon/detail.php?id=119,極,ライフ,ライフ,8b8f6d5bc93f8092a6497472147ebde1d0180a4cc0324fbb1eba219ec5ed6a54,60,stats:balanced:no_specialization_signal_in_official_text ; type_placeholder:TYPE_NORMAL:no_specialized_affinity_evidence ; growth:official_stage_plus_profile_power:medium_slow,100,100,100,100,100,100,600,TYPE_NORMAL,,unresolved_no_specialized_type_evidence,140,220,GROWTH_MEDIUM_SLOW,low,profile-derived-v1
1440,appmon,appmon_120,ビューティモン,https://digimon.net/appmon/detail.php?id=120,極,美容,ライフ,3de7b074143c51a89802b675bf6fdb8d297456a162e9f2fb349d3668ab378f08,60,stats:balanced:no_specialization_signal_in_official_text ; type_placeholder:TYPE_NORMAL:no_specialized_affinity_evidence ; growth:official_stage_plus_profile_power:medium_slow,100,100,100,100,100,100,600,TYPE_NORMAL,,unresolved_no_specialized_type_evidence,140,220,GROWTH_MEDIUM_SLOW,low,profile-derived-v1
1441,appmon,appmon_121,リブートモン,https://digimon.net/appmon/detail.php?id=121,神,再起動,ゴッド,ca722ac26339fde534974d6c044fd7da5a08ac1a02893a0ec0640c4324ec2638,56,power:神:+3 ; hp:不死:+5 ; attack:力:+2 ; type_placeholder:TYPE_NORMAL:no_specialized_affinity_evidence ; growth:official_stage_plus_profile_power:slow,150,136,127,127,127,127,794,TYPE_NORMAL,,unresolved_no_specialized_type_evidence,87,300,GROWTH_SLOW,low,profile-derived-v1
1442,appmon,appmon_122,ガイアモン,https://digimon.net/appmon/detail.php?id=122,神,創造,ゴッド,429d1fcc17605e27ed81a48ff19a168ed7db213cf7dafd4d0c5c7fba992e446f,57,power:神:+3 ; attack:力:+2 ; type_placeholder:TYPE_NORMAL:no_specialized_affinity_evidence ; growth:official_stage_plus_profile_power:slow,127,136,127,127,127,127,771,TYPE_NORMAL,,unresolved_no_specialized_type_evidence,95,288,GROWTH_SLOW,low,profile-derived-v1
1443,appmon,appmon_123,ハデスモン,https://digimon.net/appmon/detail.php?id=123,神,変化,ゴッド,2802233a064ad2ec1ed91c2866c1390dcec82c5e00e92170c3aa890657b9871d,56,power:王:+2 ; hp:再生:+4 ; attack:力:+2 ; attack:破壊:+4 ; special_attack:データ:+2 ; special_defense:再生:+3 ; type_placeholder:TYPE_NORMAL:no_specialized_affinity_evidence ; growth:official_stage_plus_profile_power:slow,144,153,126,126,135,139,823,TYPE_NORMAL,,unresolved_no_specialized_type_evidence,83,306,GROWTH_SLOW,medium,profile-derived-v1
1444,appmon,appmon_124,ポセイドモン,https://digimon.net/appmon/detail.php?id=124,神,無敵,ゴッド,90de3f817210b29b22912c1daf798250ab6d6c730f1deabefac5798eef9b5782,45,defense:防御:+5 ; defense:鉄壁:+6 ; type:TYPE_WATER:海:profile:+2 ; type:TYPE_WATER:海:move:+4 ; type:TYPE_STEEL:鉄:profile:+2 ; type_choice:TYPE_WATER:6 ; growth:official_stage_plus_profile_power:slow,122,122,172,122,122,122,782,TYPE_WATER,,resolved_profile_evidence,91,299,GROWTH_SLOW,medium,profile-derived-v1
1445,appmon,appmon_125,ウラノスモン,https://digimon.net/appmon/detail.php?id=125,神,覚醒,ゴッド,ad9c23828b5c90dcd2a67a9c628bce688e3394daf8019f642ce1787c9193ac71,51,attack:力:+2 ; special_attack:光:+3 ; type:TYPE_FLYING:天空:profile:+2 ; type_candidate:TYPE_FLYING:2 ; type_placeholder:TYPE_NORMAL:low_evidence ; growth:official_stage_plus_profile_power:slow,122,131,122,122,136,122,755,TYPE_NORMAL,,unresolved_low_type_evidence,103,276,GROWTH_SLOW,low,profile-derived-v1
1446,appmon,appmon_126,デウスモン,https://digimon.net/appmon/detail.php?id=126,神,全能,ゴッド,474fd57c8f0298789581da90543c17975a21bfbb5b9f96df931d9ff87a2f01ef,56,power:神:+3 ; hp:生命:+2 ; attack:力:+2 ; attack:破壊:+4 ; type:TYPE_STEEL:機械:profile:+2 ; type_candidate:TYPE_STEEL:2 ; type_placeholder:TYPE_NORMAL:low_evidence ; growth:official_stage_plus_profile_power:slow,136,154,127,127,127,127,798,TYPE_NORMAL,,unresolved_low_type_evidence,86,303,GROWTH_SLOW,medium,profile-derived-v1
1447,appmon,appmon_127,タップモン(ソーシャル),https://digimon.net/appmon/detail.php?id=127,－,タップ,ソーシャル,01d22a0b4b59192f5313dd8d0693a619c33a6060781e8c038ea543d82f850822,32,stats:balanced:no_specialization_signal_in_official_text ; type_placeholder:TYPE_NORMAL:no_specialized_affinity_evidence ; growth:official_stage_plus_profile_power:medium_fast,74,74,74,74,74,74,444,TYPE_NORMAL,,unresolved_no_specialized_type_evidence,175,168,GROWTH_MEDIUM_FAST,low,profile-derived-v1
1448,appmon,appmon_128,タップモン(ナビ),https://digimon.net/appmon/detail.php?id=128,－,タップ,ナビ,01d22a0b4b59192f5313dd8d0693a619c33a6060781e8c038ea543d82f850822,32,stats:balanced:no_specialization_signal_in_official_text ; type_placeholder:TYPE_NORMAL:no_specialized_affinity_evidence ; growth:official_stage_plus_profile_power:medium_fast,74,74,74,74,74,74,444,TYPE_NORMAL,,unresolved_no_specialized_type_evidence,175,168,GROWTH_MEDIUM_FAST,low,profile-derived-v1
1449,appmon,appmon_129,タップモン(ツール),https://digimon.net/appmon/detail.php?id=129,－,タップ,ツール,01d22a0b4b59192f5313dd8d0693a619c33a6060781e8c038ea543d82f850822,32,stats:balanced:no_specialization_signal_in_official_text ; type_placeholder:TYPE_NORMAL:no_specialized_affinity_evidence ; growth:official_stage_plus_profile_power:medium_fast,74,74,74,74,74,74,444,TYPE_NORMAL,,unresolved_no_specialized_type_evidence,175,168,GROWTH_MEDIUM_FAST,low,profile-derived-v1
1450,appmon,appmon_130,タップモン(システム),https://digimon.net/appmon/detail.php?id=130,－,タップ,システム,01d22a0b4b59192f5313dd8d0693a619c33a6060781e8c038ea543d82f850822,32,stats:balanced:no_specialization_signal_in_official_text ; type_placeholder:TYPE_NORMAL:no_specialized_affinity_evidence ; growth:official_stage_plus_profile_power:medium_fast,74,74,74,74,74,74,444,TYPE_NORMAL,,unresolved_no_specialized_type_evidence,175,168,GROWTH_MEDIUM_FAST,low,profile-derived-v1
1451,appmon,appmon_131,タップモン(ゲーム),https://digimon.net/appmon/detail.php?id=131,－,タップ,ゲーム,01d22a0b4b59192f5313dd8d0693a619c33a6060781e8c038ea543d82f850822,32,stats:balanced:no_specialization_signal_in_official_text ; type_placeholder:TYPE_NORMAL:no_specialized_affinity_evidence ; growth:official_stage_plus_profile_power:medium_fast,74,74,74,74,74,74,444,TYPE_NORMAL,,unresolved_no_specialized_type_evidence,175,168,GROWTH_MEDIUM_FAST,low,profile-derived-v1
1452,appmon,appmon_132,タップモン(エンタメ),https://digimon.net/appmon/detail.php?id=132,－,タップ,エンタメ,01d22a0b4b59192f5313dd8d0693a619c33a6060781e8c038ea543d82f850822,32,stats:balanced:no_specialization_signal_in_official_text ; type_placeholder:TYPE_NORMAL:no_specialized_affinity_evidence ; growth:official_stage_plus_profile_power:medium_fast,74,74,74,74,74,74,444,TYPE_NORMAL,,unresolved_no_specialized_type_evidence,175,168,GROWTH_MEDIUM_FAST,low,profile-derived-v1
1453,appmon,appmon_133,タップモン(ライフ),https://digimon.net/appmon/detail.php?id=133,－,タップ,ライフ,01d22a0b4b59192f5313dd8d0693a619c33a6060781e8c038ea543d82f850822,32,stats:balanced:no_specialization_signal_in_official_text ; type_placeholder:TYPE_NORMAL:no_specialized_affinity_evidence ; growth:official_stage_plus_profile_power:medium_fast,74,74,74,74,74,74,444,TYPE_NORMAL,,unresolved_no_specialized_type_evidence,175,168,GROWTH_MEDIUM_FAST,low,profile-derived-v1
1454,appmon,appmon_134,フリックモン(ソーシャル),https://digimon.net/appmon/detail.php?id=134,－,フリック,ソーシャル,60e3026793493acc1455af25d2954b3de1f9346c7544a53ccc88ed807fb1e49e,38,stats:balanced:no_specialization_signal_in_official_text ; type_placeholder:TYPE_NORMAL:no_specialized_affinity_evidence ; growth:official_stage_plus_profile_power:medium_fast,74,74,74,74,74,74,444,TYPE_NORMAL,,unresolved_no_specialized_type_evidence,175,168,GROWTH_MEDIUM_FAST,low,profile-derived-v1
1455,appmon,appmon_135,フリックモン(ナビ),https://digimon.net/appmon/detail.php?id=135,－,フリック,ナビ,60e3026793493acc1455af25d2954b3de1f9346c7544a53ccc88ed807fb1e49e,38,stats:balanced:no_specialization_signal_in_official_text ; type_placeholder:TYPE_NORMAL:no_specialized_affinity_evidence ; growth:official_stage_plus_profile_power:medium_fast,74,74,74,74,74,74,444,TYPE_NORMAL,,unresolved_no_specialized_type_evidence,175,168,GROWTH_MEDIUM_FAST,low,profile-derived-v1
1456,appmon,appmon_136,フリックモン(ツール),https://digimon.net/appmon/detail.php?id=136,－,フリック,ツール,60e3026793493acc1455af25d2954b3de1f9346c7544a53ccc88ed807fb1e49e,38,stats:balanced:no_specialization_signal_in_official_text ; type_placeholder:TYPE_NORMAL:no_specialized_affinity_evidence ; growth:official_stage_plus_profile_power:medium_fast,74,74,74,74,74,74,444,TYPE_NORMAL,,unresolved_no_specialized_type_evidence,175,168,GROWTH_MEDIUM_FAST,low,profile-derived-v1
1457,appmon,appmon_137,フリックモン(システム),https://digimon.net/appmon/detail.php?id=137,－,フリック,システム,60e3026793493acc1455af25d2954b3de1f9346c7544a53ccc88ed807fb1e49e,38,stats:balanced:no_specialization_signal_in_official_text ; type_placeholder:TYPE_NORMAL:no_specialized_affinity_evidence ; growth:official_stage_plus_profile_power:medium_fast,74,74,74,74,74,74,444,TYPE_NORMAL,,unresolved_no_specialized_type_evidence,175,168,GROWTH_MEDIUM_FAST,low,profile-derived-v1
1458,appmon,appmon_138,フリックモン(ゲーム),https://digimon.net/appmon/detail.php?id=138,－,フリック,ゲーム,60e3026793493acc1455af25d2954b3de1f9346c7544a53ccc88ed807fb1e49e,38,stats:balanced:no_specialization_signal_in_official_text ; type_placeholder:TYPE_NORMAL:no_specialized_affinity_evidence ; growth:official_stage_plus_profile_power:medium_fast,74,74,74,74,74,74,444,TYPE_NORMAL,,unresolved_no_specialized_type_evidence,175,168,GROWTH_MEDIUM_FAST,low,profile-derived-v1
1459,appmon,appmon_139,フリックモン(エンタメ),https://digimon.net/appmon/detail.php?id=139,－,フリック,エンタメ,60e3026793493acc1455af25d2954b3de1f9346c7544a53ccc88ed807fb1e49e,38,stats:balanced:no_specialization_signal_in_official_text ; type_placeholder:TYPE_NORMAL:no_specialized_affinity_evidence ; growth:official_stage_plus_profile_power:medium_fast,74,74,74,74,74,74,444,TYPE_NORMAL,,unresolved_no_specialized_type_evidence,175,168,GROWTH_MEDIUM_FAST,low,profile-derived-v1
1460,appmon,appmon_140,フリックモン(ライフ),https://digimon.net/appmon/detail.php?id=140,－,フリック,ライフ,60e3026793493acc1455af25d2954b3de1f9346c7544a53ccc88ed807fb1e49e,38,stats:balanced:no_specialization_signal_in_official_text ; type_placeholder:TYPE_NORMAL:no_specialized_affinity_evidence ; growth:official_stage_plus_profile_power:medium_fast,74,74,74,74,74,74,444,TYPE_NORMAL,,unresolved_no_specialized_type_evidence,175,168,GROWTH_MEDIUM_FAST,low,profile-derived-v1
1461,appmon,appmon_141,スワイプモン(ソーシャル),https://digimon.net/appmon/detail.php?id=141,－,スワイプ,ソーシャル,0840c1f64ca3e45cbc64760fff0e459f991d244b63ec7c61150c4c6a55d3c9bf,36,speed:高速:+5 ; type_placeholder:TYPE_NORMAL:no_specialized_affinity_evidence ; growth:official_stage_plus_profile_power:medium_fast,74,74,74,96,74,74,466,TYPE_NORMAL,,unresolved_no_specialized_type_evidence,166,184,GROWTH_MEDIUM_FAST,low,profile-derived-v1
1462,appmon,appmon_142,スワイプモン(ナビ),https://digimon.net/appmon/detail.php?id=142,－,スワイプ,ナビ,0840c1f64ca3e45cbc64760fff0e459f991d244b63ec7c61150c4c6a55d3c9bf,36,speed:高速:+5 ; type_placeholder:TYPE_NORMAL:no_specialized_affinity_evidence ; growth:official_stage_plus_profile_power:medium_fast,74,74,74,96,74,74,466,TYPE_NORMAL,,unresolved_no_specialized_type_evidence,166,184,GROWTH_MEDIUM_FAST,low,profile-derived-v1
1463,appmon,appmon_143,スワイプモン(ツール),https://digimon.net/appmon/detail.php?id=143,－,スワイプ,ツール,0840c1f64ca3e45cbc64760fff0e459f991d244b63ec7c61150c4c6a55d3c9bf,36,speed:高速:+5 ; type_placeholder:TYPE_NORMAL:no_specialized_affinity_evidence ; growth:official_stage_plus_profile_power:medium_fast,74,74,74,96,74,74,466,TYPE_NORMAL,,unresolved_no_specialized_type_evidence,166,184,GROWTH_MEDIUM_FAST,low,profile-derived-v1
1464,appmon,appmon_144,スワイプモン(システム),https://digimon.net/appmon/detail.php?id=144,－,スワイプ,システム,0840c1f64ca3e45cbc64760fff0e459f991d244b63ec7c61150c4c6a55d3c9bf,36,speed:高速:+5 ; type_placeholder:TYPE_NORMAL:no_specialized_affinity_evidence ; growth:official_stage_plus_profile_power:medium_fast,74,74,74,96,74,74,466,TYPE_NORMAL,,unresolved_no_specialized_type_evidence,166,184,GROWTH_MEDIUM_FAST,low,profile-derived-v1
1465,appmon,appmon_145,スワイプモン(ゲーム),https://digimon.net/appmon/detail.php?id=145,－,スワイプ,ゲーム,0840c1f64ca3e45cbc64760fff0e459f991d244b63ec7c61150c4c6a55d3c9bf,36,speed:高速:+5 ; type_placeholder:TYPE_NORMAL:no_specialized_affinity_evidence ; growth:official_stage_plus_profile_power:medium_fast,74,74,74,96,74,74,466,TYPE_NORMAL,,unresolved_no_specialized_type_evidence,166,184,GROWTH_MEDIUM_FAST,low,profile-derived-v1
1466,appmon,appmon_146,スワイプモン(エンタメ),https://digimon.net/appmon/detail.php?id=146,－,スワイプ,エンタメ,0840c1f64ca3e45cbc64760fff0e459f991d244b63ec7c61150c4c6a55d3c9bf,36,speed:高速:+5 ; type_placeholder:TYPE_NORMAL:no_specialized_affinity_evidence ; growth:official_stage_plus_profile_power:medium_fast,74,74,74,96,74,74,466,TYPE_NORMAL,,unresolved_no_specialized_type_evidence,166,184,GROWTH_MEDIUM_FAST,low,profile-derived-v1
1467,appmon,appmon_147,スワイプモン(ライフ),https://digimon.net/appmon/detail.php?id=147,－,スワイプ,ライフ,0840c1f64ca3e45cbc64760fff0e459f991d244b63ec7c61150c4c6a55d3c9bf,36,speed:高速:+5 ; type_placeholder:TYPE_NORMAL:no_specialized_affinity_evidence ; growth:official_stage_plus_profile_power:medium_fast,74,74,74,96,74,74,466,TYPE_NORMAL,,unresolved_no_specialized_type_evidence,166,184,GROWTH_MEDIUM_FAST,low,profile-derived-v1
1468,appmon,appmon_148,ダンテモン,https://digimon.net/appmon/detail.php?id=148,不明,開放,不明,df99a65833e91502f03aac8c38532c20744d2586cd6d19f8d0435d1b51ab8152,102,hp:巨大:+2 ; attack:力:+2 ; attack:剣:+6 ; type:TYPE_STEEL:鉄:move:+4 ; type_candidate:TYPE_STEEL:4 ; type_placeholder:TYPE_NORMAL:low_evidence ; growth:official_stage_plus_profile_power:medium_fast,83,110,74,74,74,74,489,TYPE_NORMAL,,unresolved_low_type_evidence,159,196,GROWTH_MEDIUM_FAST,medium,profile-derived-v1
