species_id,source_kind,source_id,name_ja,official_level_or_grade,gameplay_origin,balance_tier,archetype,bst,base_hp,base_attack,base_defense,base_speed,base_sp_attack,base_sp_defense,growth_rate,catch_rate,exp_yield,battle_affinity,runtime_status
1,digimon,nosferamon,ノスフェラモン,究極体,project_generated_gameplay_v0_noncanonical,究極体,balanced,600,100,100,100,100,100,100,slow,30,240,neutral_v0,playtest_parameter_ready
2,digimon,artiomon,アルティオモン,究極体,project_generated_gameplay_v0_noncanonical,究極体,mixed,600,100,110,90,100,110,90,slow,30,240,neutral_v0,playtest_parameter_ready
3,digimon,atratusmon,アトラタスモン,究極体,project_generated_gameplay_v0_noncanonical,究極体,balanced,600,100,100,100,100,100,100,slow,30,240,neutral_v0,playtest_parameter_ready
4,digimon,albatusmon,アルバタスモン,究極体,project_generated_gameplay_v0_noncanonical,究極体,balanced,600,100,100,100,100,100,100,slow,30,240,neutral_v0,playtest_parameter_ready
5,digimon,heliosboamon,ヘリオスボアモン,完全体,project_generated_gameplay_v0_noncanonical,完全体,balanced,520,87,87,87,87,86,86,slow,60,180,neutral_v0,playtest_parameter_ready
6,digimon,habakirimon,ハバキリモン,究極体,project_generated_gameplay_v0_noncanonical,究極体,physical_tank,600,110,105,130,75,75,105,slow,30,240,neutral_v0,playtest_parameter_ready
7,digimon,bearcatmon,ベアキャットモン,完全体,project_generated_gameplay_v0_noncanonical,完全体,special_tank,520,96,65,91,69,91,108,slow,60,180,neutral_v0,playtest_parameter_ready
8,digimon,taowumon,タオウーモン,究極体,project_generated_gameplay_v0_noncanonical,究極体,swift_special,600,90,80,89,128,119,94,slow,30,240,neutral_v0,playtest_parameter_ready
9,digimon,scourgechiropmon,スカージキロプモン,完全体,project_generated_gameplay_v0_noncanonical,完全体,physical_tank,520,96,91,112,65,65,91,slow,60,180,neutral_v0,playtest_parameter_ready
10,digimon,monarchlizamon,モナークリザモン,完全体,project_generated_gameplay_v0_noncanonical,完全体,balanced,520,87,87,87,87,86,86,slow,60,180,neutral_v0,playtest_parameter_ready
11,digimon,apollomon_whispered,アポロモン：ウィスパード,"究極体
(クロスウォーズ)",project_generated_gameplay_v0_noncanonical,究極体,physical,600,100,125,100,95,80,100,slow,30,240,neutral_v0,playtest_parameter_ready
12,digimon,kingwhamon,キングホエーモン,究極体,project_generated_gameplay_v0_noncanonical,究極体,physical_tank,600,110,105,130,75,75,105,slow,30,240,neutral_v0,playtest_parameter_ready
13,digimon,armamon_burstmode,アルマモン：バーストモード,"究極体
(クロスウォーズ)",project_generated_gameplay_v0_noncanonical,究極体,physical_tank,600,110,105,130,75,75,105,slow,30,240,neutral_v0,playtest_parameter_ready
14,digimon,armamon,アルマモン,"究極体
(クロスウォーズ)",project_generated_gameplay_v0_noncanonical,究極体,mixed,600,100,110,90,100,110,90,slow,30,240,neutral_v0,playtest_parameter_ready
15,digimon,shoutmonx5s,シャウトモンX5S,"究極体
(クロスウォーズ)",project_generated_gameplay_v0_noncanonical,究極体,physical_tank,600,110,105,130,75,75,105,slow,30,240,neutral_v0,playtest_parameter_ready
16,digimon,vortexdramon,ヴォルテクスドラモン,究極体,project_generated_gameplay_v0_noncanonical,究極体,swift_physical,600,90,120,85,130,80,95,slow,30,240,neutral_v0,playtest_parameter_ready
17,digimon,shoutmonx4s,シャウトモンX4S,"完全体
(クロスウォーズ)",project_generated_gameplay_v0_noncanonical,完全体,swift_special,520,78,69,78,111,103,81,slow,60,180,neutral_v0,playtest_parameter_ready
18,digimon,shoutmonx3sd,シャウトモンX3SD,"完全体
(クロスウォーズ)",project_generated_gameplay_v0_noncanonical,完全体,physical,520,87,109,87,82,69,86,slow,60,180,neutral_v0,playtest_parameter_ready
19,digimon,shoutmonx3gm,シャウトモンX3GM,"完全体
(クロスウォーズ)",project_generated_gameplay_v0_noncanonical,完全体,special,520,87,70,83,86,108,86,slow,60,180,neutral_v0,playtest_parameter_ready
20,digimon,azhdarmon,アズダルモン,完全体,project_generated_gameplay_v0_noncanonical,完全体,balanced,520,87,87,87,87,86,86,slow,60,180,neutral_v0,playtest_parameter_ready
21,digimon,tengumon,テングモン,究極体,project_generated_gameplay_v0_noncanonical,究極体,physical,600,100,125,100,95,80,100,slow,30,240,neutral_v0,playtest_parameter_ready
22,digimon,amaterasumon,アマテラスモン,究極体,project_generated_gameplay_v0_noncanonical,究極体,physical_tank,600,110,105,130,75,75,105,slow,30,240,neutral_v0,playtest_parameter_ready
23,digimon,enmamon,エンマモン,究極体,project_generated_gameplay_v0_noncanonical,究極体,mixed,600,100,110,90,100,110,90,slow,30,240,neutral_v0,playtest_parameter_ready
24,digimon,seitengokuwmon,セイテンゴクウモン,究極体,project_generated_gameplay_v0_noncanonical,究極体,swift_physical,600,90,120,85,130,80,95,slow,30,240,neutral_v0,playtest_parameter_ready
25,digimon,exmaquinamon,エクスマキナモン,究極体,project_generated_gameplay_v0_noncanonical,究極体,swift_physical,600,90,120,85,130,80,95,slow,30,240,neutral_v0,playtest_parameter_ready
26,digimon,dalphomon,ダルフォモン,究極体,project_generated_gameplay_v0_noncanonical,究極体,special,600,100,80,95,100,125,100,slow,30,240,neutral_v0,playtest_parameter_ready
27,digimon,shishimamon,シシマモン,完全体,project_generated_gameplay_v0_noncanonical,完全体,special,520,87,70,83,86,108,86,slow,60,180,neutral_v0,playtest_parameter_ready
28,digimon,darumamon,ダルマモン,完全体,project_generated_gameplay_v0_noncanonical,完全体,swift_special,520,78,69,78,111,103,81,slow,60,180,neutral_v0,playtest_parameter_ready
29,digimon,rhamphomon,ランフォモン,成熟期,project_generated_gameplay_v0_noncanonical,成熟期,mixed,430,72,79,65,72,78,64,medium_slow,120,120,neutral_v0,playtest_parameter_ready
30,digimon,chronomon_destroy,クロノモン：デストロイモード,究極体,project_generated_gameplay_v0_noncanonical,究極体,balanced,600,100,100,100,100,100,100,slow,30,240,neutral_v0,playtest_parameter_ready
31,digimon,chronomon_holy,クロノモン：ホーリーモード,究極体,project_generated_gameplay_v0_noncanonical,究極体,balanced,600,100,100,100,100,100,100,slow,30,240,neutral_v0,playtest_parameter_ready
32,digimon,butenmon,ブテンモン,完全体,project_generated_gameplay_v0_noncanonical,完全体,swift_special,520,78,69,78,111,103,81,slow,60,180,neutral_v0,playtest_parameter_ready
33,digimon,buraimon,ブライモン,成熟期,project_generated_gameplay_v0_noncanonical,成熟期,physical_tank,430,79,76,94,53,53,75,medium_slow,120,120,neutral_v0,playtest_parameter_ready
34,digimon,hyokomon,ヒョコモン,成長期,project_generated_gameplay_v0_noncanonical,成長期,special,330,56,44,52,55,68,55,medium_fast,180,70,neutral_v0,playtest_parameter_ready
35,digimon,chicchimon,チッチモン,幼年期Ⅱ,project_generated_gameplay_v0_noncanonical,幼年期Ⅱ,physical_tank,240,44,42,52,30,30,42,medium_fast,220,45,neutral_v0,playtest_parameter_ready
36,digimon,zombieplutomon,ゾンビプルートモン,究極体,project_generated_gameplay_v0_noncanonical,究極体,swift_special,600,90,80,89,128,119,94,slow,30,240,neutral_v0,playtest_parameter_ready
37,digimon,manekimon,マネキモン,成熟期,project_generated_gameplay_v0_noncanonical,成熟期,physical,430,72,90,72,68,57,71,medium_slow,120,120,neutral_v0,playtest_parameter_ready
38,digimon,hakubamon,ハクバモン,成熟期,project_generated_gameplay_v0_noncanonical,成熟期,special_tank,430,79,54,76,57,75,89,medium_slow,120,120,neutral_v0,playtest_parameter_ready
39,digimon,wankomon,ワンコモン,成長期,project_generated_gameplay_v0_noncanonical,成長期,swift_special,330,50,44,50,70,65,51,medium_fast,180,70,neutral_v0,playtest_parameter_ready
40,digimon,gasamon,ガサモン,成長期,project_generated_gameplay_v0_noncanonical,成長期,swift_special,330,50,44,50,70,65,51,medium_fast,180,70,neutral_v0,playtest_parameter_ready
41,digimon,takinmon,ターキモン,成長期,project_generated_gameplay_v0_noncanonical,成長期,physical_tank,330,61,58,72,41,41,57,medium_fast,180,70,neutral_v0,playtest_parameter_ready
42,digimon,fujamon,フージャモン,成長期,project_generated_gameplay_v0_noncanonical,成長期,swift_special,330,50,44,50,70,65,51,medium_fast,180,70,neutral_v0,playtest_parameter_ready
43,digimon,kakamon,カカモン,成長期,project_generated_gameplay_v0_noncanonical,成長期,balanced,330,55,55,55,55,55,55,medium_fast,180,70,neutral_v0,playtest_parameter_ready
44,digimon,armalizamon,アルマリザモン,成熟期,project_generated_gameplay_v0_noncanonical,成熟期,physical,430,72,90,72,68,57,71,medium_slow,120,120,neutral_v0,playtest_parameter_ready
45,digimon,onibimon,オニビモン,幼年期Ⅱ,project_generated_gameplay_v0_noncanonical,幼年期Ⅱ,mixed,240,40,44,36,40,44,36,medium_fast,220,45,neutral_v0,playtest_parameter_ready
46,digimon,tomorimon,トモリモン,幼年期Ⅰ,project_generated_gameplay_v0_noncanonical,幼年期Ⅰ,swift_special,180,27,24,27,39,35,28,medium_fast,255,30,neutral_v0,playtest_parameter_ready
47,digimon,mococomon,モココモン,幼年期Ⅱ,project_generated_gameplay_v0_noncanonical,幼年期Ⅱ,balanced,240,40,40,40,40,40,40,medium_fast,220,45,neutral_v0,playtest_parameter_ready
48,digimon,fukamon,フカモン,幼年期Ⅰ,project_generated_gameplay_v0_noncanonical,幼年期Ⅰ,swift_physical,180,28,36,25,39,24,28,medium_fast,255,30,neutral_v0,playtest_parameter_ready
49,digimon,parallelmon,パラレルモン,究極体,project_generated_gameplay_v0_noncanonical,究極体,physical,600,100,125,100,95,80,100,slow,30,240,neutral_v0,playtest_parameter_ready
50,digimon,nightchiropmon,ナイトキロプモン,成熟期,project_generated_gameplay_v0_noncanonical,成熟期,mixed,430,72,79,65,72,78,64,medium_slow,120,120,neutral_v0,playtest_parameter_ready
51,digimon,styracomon,スティラコモン,究極体,project_generated_gameplay_v0_noncanonical,究極体,swift_physical,600,90,120,85,130,80,95,slow,30,240,neutral_v0,playtest_parameter_ready
52,digimon,taotiemon,タオティエモン,究極体,project_generated_gameplay_v0_noncanonical,究極体,special_tank,600,110,75,105,80,105,125,slow,30,240,neutral_v0,playtest_parameter_ready
53,digimon,craniummon_enbarrmon,クレニアムモン+アンヴァルモン,究極体,project_generated_gameplay_v0_noncanonical,究極体,special_tank,600,110,75,105,80,105,125,slow,30,240,neutral_v0,playtest_parameter_ready
54,digimon,enbarrmon,アンヴァルモン,完全体,project_generated_gameplay_v0_noncanonical,完全体,special_tank,520,96,65,91,69,91,108,slow,60,180,neutral_v0,playtest_parameter_ready
55,digimon,metatromon,メタトロモン,究極体,project_generated_gameplay_v0_noncanonical,究極体,balanced,600,100,100,100,100,100,100,slow,30,240,neutral_v0,playtest_parameter_ready
56,digimon,greatgryzmon,グレートグリズモン,完全体,project_generated_gameplay_v0_noncanonical,完全体,physical_tank,520,96,91,112,65,65,91,slow,60,180,neutral_v0,playtest_parameter_ready
57,digimon,titamon_skullbaluchimon,タイタモン+スカルバルキモン,究極体,project_generated_gameplay_v0_noncanonical,究極体,swift_special,600,90,80,89,128,119,94,slow,30,240,neutral_v0,playtest_parameter_ready
58,digimon,cougarmon,クーガモン,成熟期,project_generated_gameplay_v0_noncanonical,成熟期,mixed,430,72,79,65,72,78,64,medium_slow,120,120,neutral_v0,playtest_parameter_ready
59,digimon,masterblimpmon,マスターブリンプモン,完全体,project_generated_gameplay_v0_noncanonical,完全体,special,520,87,70,83,86,108,86,slow,60,180,neutral_v0,playtest_parameter_ready
60,digimon,hyemon,ハイエモン,成長期,project_generated_gameplay_v0_noncanonical,成長期,special,330,56,44,52,55,68,55,medium_fast,180,70,neutral_v0,playtest_parameter_ready
61,digimon,murasamemon,ムラサメモン,完全体,project_generated_gameplay_v0_noncanonical,完全体,swift_physical,520,79,105,73,112,69,82,slow,60,180,neutral_v0,playtest_parameter_ready
62,digimon,wolvermon,ウルヴァモン,成熟期,project_generated_gameplay_v0_noncanonical,成熟期,physical_tank,430,79,76,94,53,53,75,medium_slow,120,120,neutral_v0,playtest_parameter_ready
63,digimon,chiropmon,キロプモン,成長期,project_generated_gameplay_v0_noncanonical,成長期,physical_tank,330,61,58,72,41,41,57,medium_fast,180,70,neutral_v0,playtest_parameter_ready
64,digimon,pristimon,プリスティモン,成長期,project_generated_gameplay_v0_noncanonical,成長期,swift_physical,330,50,67,46,71,44,52,medium_fast,180,70,neutral_v0,playtest_parameter_ready
65,digimon,dullahamon,デュラハモン,究極体,project_generated_gameplay_v0_noncanonical,究極体,mixed,600,100,110,90,100,110,90,slow,30,240,neutral_v0,playtest_parameter_ready
66,digimon,gekkomon,ゲッコーモン,成長期,project_generated_gameplay_v0_noncanonical,成長期,physical_tank,330,61,58,72,41,41,57,medium_fast,180,70,neutral_v0,playtest_parameter_ready
67,digimon,kekkomon,ケッコモン,幼年期Ⅱ,project_generated_gameplay_v0_noncanonical,幼年期Ⅱ,physical,240,40,50,40,38,32,40,medium_fast,220,45,neutral_v0,playtest_parameter_ready
68,digimon,kekomon,ケコモン,幼年期Ⅰ,project_generated_gameplay_v0_noncanonical,幼年期Ⅰ,special_tank,180,34,23,31,24,31,37,medium_fast,255,30,neutral_v0,playtest_parameter_ready
69,digimon,magneticdramon,マグネティックドラモン,究極体,project_generated_gameplay_v0_noncanonical,究極体,physical,600,100,125,100,95,80,100,slow,30,240,neutral_v0,playtest_parameter_ready
70,digimon,maneuvermon,マニューバモン,完全体,project_generated_gameplay_v0_noncanonical,完全体,physical_tank,520,96,91,112,65,65,91,slow,60,180,neutral_v0,playtest_parameter_ready
71,digimon,turbomon,ターボモン,成熟期,project_generated_gameplay_v0_noncanonical,成熟期,swift_special,430,64,57,64,93,85,67,medium_slow,120,120,neutral_v0,playtest_parameter_ready
72,digimon,nyabootmon,ニャブートモン,究極体,project_generated_gameplay_v0_noncanonical,究極体,swift_special,600,90,80,89,128,119,94,slow,30,240,neutral_v0,playtest_parameter_ready
73,digimon,yihumon,イーフーモン,究極体,project_generated_gameplay_v0_noncanonical,究極体,mixed,600,100,110,90,100,110,90,slow,30,240,neutral_v0,playtest_parameter_ready
74,digimon,ariemon,アリエモン,究極体,project_generated_gameplay_v0_noncanonical,究極体,mixed,600,100,110,90,100,110,90,slow,30,240,neutral_v0,playtest_parameter_ready
75,digimon,skullseadramon,スカルシードラモン,完全体,project_generated_gameplay_v0_noncanonical,完全体,mixed,520,87,96,78,86,95,78,slow,60,180,neutral_v0,playtest_parameter_ready
76,digimon,sharkmon,シャークモン,完全体,project_generated_gameplay_v0_noncanonical,完全体,mixed,520,87,96,78,86,95,78,slow,60,180,neutral_v0,playtest_parameter_ready
77,digimon,kaguyamon,カグヤモン,究極体,project_generated_gameplay_v0_noncanonical,究極体,special,600,100,80,95,100,125,100,slow,30,240,neutral_v0,playtest_parameter_ready
78,digimon,karakurumon,カラクルモン,完全体,project_generated_gameplay_v0_noncanonical,完全体,balanced,520,87,87,87,87,86,86,slow,60,180,neutral_v0,playtest_parameter_ready
79,digimon,kokeshimon,コケシモン,成熟期,project_generated_gameplay_v0_noncanonical,成熟期,swift_special,430,64,57,64,93,85,67,medium_slow,120,120,neutral_v0,playtest_parameter_ready
80,digimon,hanimon,ハニモン,成長期,project_generated_gameplay_v0_noncanonical,成長期,special,330,56,44,52,55,68,55,medium_fast,180,70,neutral_v0,playtest_parameter_ready
81,digimon,mockingbirdmon,モッキンバーモン,完全体,project_generated_gameplay_v0_noncanonical,完全体,mixed,520,87,96,78,86,95,78,slow,60,180,neutral_v0,playtest_parameter_ready
82,digimon,mulemon,ミュールモン,成熟期,project_generated_gameplay_v0_noncanonical,成熟期,swift_physical,430,65,87,60,93,57,68,medium_slow,120,120,neutral_v0,playtest_parameter_ready
83,digimon,maquinamon,マキナモン,成長期,project_generated_gameplay_v0_noncanonical,成長期,special,330,56,44,52,55,68,55,medium_fast,180,70,neutral_v0,playtest_parameter_ready
84,digimon,nazhamon_crimson,ナタモン：クリムゾンモード,究極体,project_generated_gameplay_v0_noncanonical,究極体,swift_special,600,90,80,89,128,119,94,slow,30,240,neutral_v0,playtest_parameter_ready
85,digimon,shagaramon,シャガラモン,究極体,project_generated_gameplay_v0_noncanonical,究極体,physical_tank,600,110,105,130,75,75,105,slow,30,240,neutral_v0,playtest_parameter_ready
86,digimon,medusamon,メデューサモン,究極体,project_generated_gameplay_v0_noncanonical,究極体,swift_physical,600,90,120,85,130,80,95,slow,30,240,neutral_v0,playtest_parameter_ready
87,digimon,lamiamon,ラミアモン,完全体,project_generated_gameplay_v0_noncanonical,完全体,balanced,520,87,87,87,87,86,86,slow,60,180,neutral_v0,playtest_parameter_ready
88,digimon,necromon,ネクロモン,究極体,project_generated_gameplay_v0_noncanonical,究極体,swift_physical,600,90,120,85,130,80,95,slow,30,240,neutral_v0,playtest_parameter_ready
89,digimon,jougamon,ジョウガモン,究極体,project_generated_gameplay_v0_noncanonical,究極体,special_tank,600,110,75,105,80,105,125,slow,30,240,neutral_v0,playtest_parameter_ready
90,digimon,pyramidimon,ピラミディモン,究極体,project_generated_gameplay_v0_noncanonical,究極体,physical,600,100,125,100,95,80,100,slow,30,240,neutral_v0,playtest_parameter_ready
91,digimon,proganomon,プロガノモン,完全体,project_generated_gameplay_v0_noncanonical,完全体,swift_special,520,78,69,78,111,103,81,slow,60,180,neutral_v0,playtest_parameter_ready
92,digimon,landramon,ランドラモン,成熟期,project_generated_gameplay_v0_noncanonical,成熟期,swift_special,430,64,57,64,93,85,67,medium_slow,120,120,neutral_v0,playtest_parameter_ready
93,digimon,invisimon,インビジモン,究極体,project_generated_gameplay_v0_noncanonical,究極体,special,600,100,80,95,100,125,100,slow,30,240,neutral_v0,playtest_parameter_ready
94,digimon,oblivimon,オブリビモン,完全体,project_generated_gameplay_v0_noncanonical,完全体,physical_tank,520,96,91,112,65,65,91,slow,60,180,neutral_v0,playtest_parameter_ready
95,digimon,dimetromon,ディメトロモン,成熟期,project_generated_gameplay_v0_noncanonical,成熟期,swift_special,430,64,57,64,93,85,67,medium_slow,120,120,neutral_v0,playtest_parameter_ready
96,digimon,ryugumon,リュウグウモン,究極体,project_generated_gameplay_v0_noncanonical,究極体,swift_special,600,90,80,89,128,119,94,slow,30,240,neutral_v0,playtest_parameter_ready
97,digimon,cerunumon,ケルヌモン,究極体,project_generated_gameplay_v0_noncanonical,究極体,balanced,600,100,100,100,100,100,100,slow,30,240,neutral_v0,playtest_parameter_ready
98,digimon,marinbullmon,マリンブルモン,完全体,project_generated_gameplay_v0_noncanonical,完全体,special,520,87,70,83,86,108,86,slow,60,180,neutral_v0,playtest_parameter_ready
99,digimon,elizamon,エリザモン,成長期,project_generated_gameplay_v0_noncanonical,成長期,mixed,330,56,61,49,55,60,49,medium_fast,180,70,neutral_v0,playtest_parameter_ready
100,digimon,nezhamon,ナタモン,究極体,project_generated_gameplay_v0_noncanonical,究極体,special,600,100,80,95,100,125,100,slow,30,240,neutral_v0,playtest_parameter_ready
101,digimon,dinomon,ダイナモン,究極体,project_generated_gameplay_v0_noncanonical,究極体,swift_special,600,90,80,89,128,119,94,slow,30,240,neutral_v0,playtest_parameter_ready
102,digimon,skadimon,スカーディモン,究極体,project_generated_gameplay_v0_noncanonical,究極体,special_tank,600,110,75,105,80,105,125,slow,30,240,neutral_v0,playtest_parameter_ready
103,digimon,polarbearmon,ポーラーベアモン,完全体,project_generated_gameplay_v0_noncanonical,完全体,special,520,87,70,83,86,108,86,slow,60,180,neutral_v0,playtest_parameter_ready
104,digimon,erlangmon_blast,イーランモン：ブラストモード,究極体,project_generated_gameplay_v0_noncanonical,究極体,balanced,600,100,100,100,100,100,100,slow,30,240,neutral_v0,playtest_parameter_ready
105,digimon,queenbeemon,クイーンビーモン,究極体,project_generated_gameplay_v0_noncanonical,究極体,special,600,100,80,95,100,125,100,slow,30,240,neutral_v0,playtest_parameter_ready
106,digimon,vespamon,ヴェスパモン,完全体,project_generated_gameplay_v0_noncanonical,完全体,swift_physical,520,79,105,73,112,69,82,slow,60,180,neutral_v0,playtest_parameter_ready
107,digimon,forgebeemon,フォージビーモン,成熟期,project_generated_gameplay_v0_noncanonical,成熟期,mixed,430,72,79,65,72,78,64,medium_slow,120,120,neutral_v0,playtest_parameter_ready
108,digimon,heavymetaldramon,ヘヴィーメタルドラモン,究極体,project_generated_gameplay_v0_noncanonical,究極体,physical_tank,600,110,105,130,75,75,105,slow,30,240,neutral_v0,playtest_parameter_ready
109,digimon,loudmon,ラウドモン,完全体,project_generated_gameplay_v0_noncanonical,完全体,swift_special,520,78,69,78,111,103,81,slow,60,180,neutral_v0,playtest_parameter_ready
110,digimon,punkmon,パンクモン,成熟期,project_generated_gameplay_v0_noncanonical,成熟期,balanced,430,72,72,72,72,71,71,medium_slow,120,120,neutral_v0,playtest_parameter_ready
111,digimon,takutoumon_wrath,タクトウモン：ラースモード,究極体,project_generated_gameplay_v0_noncanonical,究極体,balanced,600,100,100,100,100,100,100,slow,30,240,neutral_v0,playtest_parameter_ready
112,digimon,erlangmon,イーランモン,究極体,project_generated_gameplay_v0_noncanonical,究極体,physical,600,100,125,100,95,80,100,slow,30,240,neutral_v0,playtest_parameter_ready
113,digimon,cendrillmon,サンドリモン,究極体,project_generated_gameplay_v0_noncanonical,究極体,physical,600,100,125,100,95,80,100,slow,30,240,neutral_v0,playtest_parameter_ready
114,digimon,chaperomon,シャペロモン,完全体,project_generated_gameplay_v0_noncanonical,完全体,special,520,87,70,83,86,108,86,slow,60,180,neutral_v0,playtest_parameter_ready
115,digimon,zephagamon,ゼファーガモン,究極体,project_generated_gameplay_v0_noncanonical,究極体,balanced,600,100,100,100,100,100,100,slow,30,240,neutral_v0,playtest_parameter_ready
116,digimon,grandgalemon,グランゲイルモン,完全体,project_generated_gameplay_v0_noncanonical,完全体,mixed,520,87,96,78,86,95,78,slow,60,180,neutral_v0,playtest_parameter_ready
117,digimon,fluffymon,フラフィモン,幼年期Ⅱ,project_generated_gameplay_v0_noncanonical,幼年期Ⅱ,balanced,240,40,40,40,40,40,40,medium_fast,220,45,neutral_v0,playtest_parameter_ready
118,digimon,yolkmon,ヨークモン,幼年期Ⅰ,project_generated_gameplay_v0_noncanonical,幼年期Ⅰ,swift_physical,180,28,36,25,39,24,28,medium_fast,255,30,neutral_v0,playtest_parameter_ready
119,digimon,callismon,カリスモン,究極体,project_generated_gameplay_v0_noncanonical,究極体,balanced,600,100,100,100,100,100,100,slow,30,240,neutral_v0,playtest_parameter_ready
120,digimon,tlalocmon,トラロックモン,究極体,project_generated_gameplay_v0_noncanonical,究極体,physical_tank,600,110,105,130,75,75,105,slow,30,240,neutral_v0,playtest_parameter_ready
121,digimon,shoeshoemon,シューシューモン,成熟期,project_generated_gameplay_v0_noncanonical,成熟期,balanced,430,72,72,72,72,71,71,medium_slow,120,120,neutral_v0,playtest_parameter_ready
122,digimon,shoemon,シューモン,成長期,project_generated_gameplay_v0_noncanonical,成長期,physical,330,56,68,55,52,44,55,medium_fast,180,70,neutral_v0,playtest_parameter_ready
123,digimon,galemon,ゲイルモン,成熟期,project_generated_gameplay_v0_noncanonical,成熟期,physical,430,72,90,72,68,57,71,medium_slow,120,120,neutral_v0,playtest_parameter_ready
124,digimon,pteromon,プテロモン,成長期,project_generated_gameplay_v0_noncanonical,成長期,balanced,330,55,55,55,55,55,55,medium_fast,180,70,neutral_v0,playtest_parameter_ready
125,digimon,takutoumon,タクトウモン,究極体,project_generated_gameplay_v0_noncanonical,究極体,mixed,600,100,110,90,100,110,90,slow,30,240,neutral_v0,playtest_parameter_ready
126,digimon,fenriloogamon_takemikazuchi,フェンリルガモン：建御雷神(タケミカヅチ),究極体,project_generated_gameplay_v0_noncanonical,究極体,swift_physical,600,90,120,85,130,80,95,slow,30,240,neutral_v0,playtest_parameter_ready
127,digimon,bigukkomon,ビッグウッコモン,究極体,project_generated_gameplay_v0_noncanonical,究極体,balanced,600,100,100,100,100,100,100,slow,30,240,neutral_v0,playtest_parameter_ready
128,digimon,ukkomon,ウッコモン,成長期,project_generated_gameplay_v0_noncanonical,成長期,special_tank,330,61,42,58,44,57,68,medium_fast,180,70,neutral_v0,playtest_parameter_ready
129,digimon,dijiangmon,ディージャンモン,究極体,project_generated_gameplay_v0_noncanonical,究極体,special,600,100,80,95,100,125,100,slow,30,240,neutral_v0,playtest_parameter_ready
130,digimon,xingtianmon,シンテンモン,完全体,project_generated_gameplay_v0_noncanonical,完全体,balanced,520,87,87,87,87,86,86,slow,60,180,neutral_v0,playtest_parameter_ready
131,digimon,lianpumon,リェンフーモン,成熟期,project_generated_gameplay_v0_noncanonical,成熟期,physical_tank,430,79,76,94,53,53,75,medium_slow,120,120,neutral_v0,playtest_parameter_ready
132,digimon,dominimon,ドミニモン,究極体,project_generated_gameplay_v0_noncanonical,究極体,special,600,100,80,95,100,125,100,slow,30,240,neutral_v0,playtest_parameter_ready
133,digimon,arkhaiangemon,アルケーエンジェモン,完全体,project_generated_gameplay_v0_noncanonical,完全体,mixed,520,87,96,78,86,95,78,slow,60,180,neutral_v0,playtest_parameter_ready
134,digimon,luxmon,ルクスモン,成長期,project_generated_gameplay_v0_noncanonical,成長期,mixed,330,56,61,49,55,60,49,medium_fast,180,70,neutral_v0,playtest_parameter_ready
135,digimon,huanglongmon_ruin,ファンロンモン：ルインモード,究極体,project_generated_gameplay_v0_noncanonical,究極体,balanced,600,100,100,100,100,100,100,slow,30,240,neutral_v0,playtest_parameter_ready
136,digimon,moonmon,ムンモン,幼年期Ⅱ,project_generated_gameplay_v0_noncanonical,幼年期Ⅱ,mixed,240,40,44,36,40,44,36,medium_fast,220,45,neutral_v0,playtest_parameter_ready
137,digimon,sunmon,サンモン,幼年期Ⅱ,project_generated_gameplay_v0_noncanonical,幼年期Ⅱ,special_tank,240,44,30,42,32,42,50,medium_fast,220,45,neutral_v0,playtest_parameter_ready
138,digimon,brigadramon,ブリガードラモン,究極体,project_generated_gameplay_v0_noncanonical,究極体,swift_special,600,90,80,89,128,119,94,slow,30,240,neutral_v0,playtest_parameter_ready
139,digimon,hi-commandramon,ハイコマンドラモン,成熟期,project_generated_gameplay_v0_noncanonical,成熟期,special,430,72,58,69,71,89,71,medium_slow,120,120,neutral_v0,playtest_parameter_ready
140,digimon,fenriloogamon,フェンリルガモン,究極体,project_generated_gameplay_v0_noncanonical,究極体,special_tank,600,110,75,105,80,105,125,slow,30,240,neutral_v0,playtest_parameter_ready
141,digimon,helloogarmon,ヘルガルモン,完全体,project_generated_gameplay_v0_noncanonical,完全体,swift_physical,520,79,105,73,112,69,82,slow,60,180,neutral_v0,playtest_parameter_ready
142,digimon,soloogarmon,ソルガルモン,完全体,project_generated_gameplay_v0_noncanonical,完全体,special_tank,520,96,65,91,69,91,108,slow,60,180,neutral_v0,playtest_parameter_ready
143,digimon,cargodramon,カーゴドラモン,完全体,project_generated_gameplay_v0_noncanonical,完全体,swift_physical,520,79,105,73,112,69,82,slow,60,180,neutral_v0,playtest_parameter_ready
144,digimon,loogarmon,ルガルモン,成熟期,project_generated_gameplay_v0_noncanonical,成熟期,balanced,430,72,72,72,72,71,71,medium_slow,120,120,neutral_v0,playtest_parameter_ready
145,digimon,bowmon,バウモン,幼年期Ⅱ,project_generated_gameplay_v0_noncanonical,幼年期Ⅱ,swift_special,240,36,32,36,52,47,37,medium_fast,220,45,neutral_v0,playtest_parameter_ready
146,digimon,fusamon,フサモン,幼年期Ⅰ,project_generated_gameplay_v0_noncanonical,幼年期Ⅰ,swift_physical,180,28,36,25,39,24,28,medium_fast,255,30,neutral_v0,playtest_parameter_ready
147,digimon,quantumon,クオンタモン,究極体,project_generated_gameplay_v0_noncanonical,究極体,special,600,100,80,95,100,125,100,slow,30,240,neutral_v0,playtest_parameter_ready
148,digimon,loogamon,ルガモン,成長期,project_generated_gameplay_v0_noncanonical,成長期,special_tank,330,61,42,58,44,57,68,medium_fast,180,70,neutral_v0,playtest_parameter_ready
149,digimon,proximamon,プロキシマモン,究極体,project_generated_gameplay_v0_noncanonical,究極体,special,600,100,80,95,100,125,100,slow,30,240,neutral_v0,playtest_parameter_ready
150,digimon,arcturusmon,アルクトゥルスモン,究極体,project_generated_gameplay_v0_noncanonical,究極体,physical,600,100,125,100,95,80,100,slow,30,240,neutral_v0,playtest_parameter_ready
151,digimon,greyknightsmon,グレイナイツモン,"究極体
(クロスウォーズ)",project_generated_gameplay_v0_noncanonical,究極体,physical,600,100,125,100,95,80,100,slow,30,240,neutral_v0,playtest_parameter_ready
152,digimon,zanmetsumon,ザンメツモン,完全体,project_generated_gameplay_v0_noncanonical,完全体,swift_physical,520,79,105,73,112,69,82,slow,60,180,neutral_v0,playtest_parameter_ready
153,digimon,bombermon,ボマーモン,完全体,project_generated_gameplay_v0_noncanonical,完全体,physical_tank,520,96,91,112,65,65,91,slow,60,180,neutral_v0,playtest_parameter_ready
154,digimon,ghilliedhumon,ギリードゥモン,完全体,project_generated_gameplay_v0_noncanonical,完全体,physical,520,87,109,87,82,69,86,slow,60,180,neutral_v0,playtest_parameter_ready
155,digimon,fumamon,フウマモン,完全体,project_generated_gameplay_v0_noncanonical,完全体,physical_tank,520,96,91,112,65,65,91,slow,60,180,neutral_v0,playtest_parameter_ready
156,digimon,cthyllamon,クティーラモン,究極体,project_generated_gameplay_v0_noncanonical,究極体,physical_tank,600,110,105,130,75,75,105,slow,30,240,neutral_v0,playtest_parameter_ready
157,digimon,regulusmon,レグルスモン,完全体,project_generated_gameplay_v0_noncanonical,完全体,physical,520,87,109,87,82,69,86,slow,60,180,neutral_v0,playtest_parameter_ready
158,digimon,ragnamon,ラグナモン,究極体,project_generated_gameplay_v0_noncanonical,究極体,physical,600,100,125,100,95,80,100,slow,30,240,neutral_v0,playtest_parameter_ready
159,digimon,destromon,デストロモン,完全体,project_generated_gameplay_v0_noncanonical,完全体,physical,520,87,109,87,82,69,86,slow,60,180,neutral_v0,playtest_parameter_ready
160,digimon,snatchmon,スナッチモン,成熟期,project_generated_gameplay_v0_noncanonical,成熟期,physical_tank,430,79,76,94,53,53,75,medium_slow,120,120,neutral_v0,playtest_parameter_ready
161,digimon,bemmon,ベムモン,成長期,project_generated_gameplay_v0_noncanonical,成長期,swift_special,330,50,44,50,70,65,51,medium_fast,180,70,neutral_v0,playtest_parameter_ready
162,digimon,baalmon_x,バアルモン（X抗体）,完全体,project_generated_gameplay_v0_noncanonical,完全体,swift_physical,520,79,105,73,112,69,82,slow,60,180,neutral_v0,playtest_parameter_ready
163,digimon,amphimon,アンフィモン,究極体,project_generated_gameplay_v0_noncanonical,究極体,mixed,600,100,110,90,100,110,90,slow,30,240,neutral_v0,playtest_parameter_ready
164,digimon,diarbbitmon,ディルビットモン,究極体,project_generated_gameplay_v0_noncanonical,究極体,mixed,600,100,110,90,100,110,90,slow,30,240,neutral_v0,playtest_parameter_ready
165,digimon,siriusmon,シリウスモン,究極体,project_generated_gameplay_v0_noncanonical,究極体,mixed,600,100,110,90,100,110,90,slow,30,240,neutral_v0,playtest_parameter_ready
166,digimon,shinegreymon_ruin,シャイングレイモン： ルインモード,究極体,project_generated_gameplay_v0_noncanonical,究極体,swift_physical,600,90,120,85,130,80,95,slow,30,240,neutral_v0,playtest_parameter_ready
167,digimon,chamblemon,シャンブルモン,成熟期,project_generated_gameplay_v0_noncanonical,成熟期,special_tank,430,79,54,76,57,75,89,medium_slow,120,120,neutral_v0,playtest_parameter_ready
168,digimon,publimon,パブリモン,成熟期,project_generated_gameplay_v0_noncanonical,成熟期,balanced,430,72,72,72,72,71,71,medium_slow,120,120,neutral_v0,playtest_parameter_ready
169,digimon,oleamon,オウリアモン,完全体,project_generated_gameplay_v0_noncanonical,完全体,mixed,520,87,96,78,86,95,78,slow,60,180,neutral_v0,playtest_parameter_ready
170,digimon,huankunmon,ファンクンモン,完全体,project_generated_gameplay_v0_noncanonical,完全体,special_tank,520,96,65,91,69,91,108,slow,60,180,neutral_v0,playtest_parameter_ready
171,digimon,xiangpengmon,シャンポンモン,究極体,project_generated_gameplay_v0_noncanonical,究極体,swift_physical,600,90,120,85,130,80,95,slow,30,240,neutral_v0,playtest_parameter_ready
172,digimon,xiquemon,シーチューモン,成熟期,project_generated_gameplay_v0_noncanonical,成熟期,balanced,430,72,72,72,72,71,71,medium_slow,120,120,neutral_v0,playtest_parameter_ready
173,digimon,imperialdramonfightermode_vi,インペリアルドラモン：ファイターモード（黒）,究極体,project_generated_gameplay_v0_noncanonical,究極体,balanced,600,100,100,100,100,100,100,slow,30,240,neutral_v0,playtest_parameter_ready
174,digimon,greymon_blue_x,グレイモン（青）（X抗体）,成熟期,project_generated_gameplay_v0_noncanonical,成熟期,physical_tank,430,79,76,94,53,53,75,medium_slow,120,120,neutral_v0,playtest_parameter_ready
175,digimon,oboromon,オボロモン,完全体,project_generated_gameplay_v0_noncanonical,完全体,swift_physical,520,79,105,73,112,69,82,slow,60,180,neutral_v0,playtest_parameter_ready
176,digimon,gyukimon,ギュウキモン,完全体,project_generated_gameplay_v0_noncanonical,完全体,physical_tank,520,96,91,112,65,65,91,slow,60,180,neutral_v0,playtest_parameter_ready
177,digimon,shinmonzaemon,しんもんざえモン,究極体,project_generated_gameplay_v0_noncanonical,究極体,special,600,100,80,95,100,125,100,slow,30,240,neutral_v0,playtest_parameter_ready
178,digimon,hoverespimon,ホバーエスピモン,成熟期,project_generated_gameplay_v0_noncanonical,成熟期,swift_physical,430,65,87,60,93,57,68,medium_slow,120,120,neutral_v0,playtest_parameter_ready
179,digimon,espimon,エスピモン,成長期,project_generated_gameplay_v0_noncanonical,成長期,physical,330,56,68,55,52,44,55,medium_fast,180,70,neutral_v0,playtest_parameter_ready
180,digimon,jupitermmon_wrath,ユピテルモン：ラースモード,究極体,project_generated_gameplay_v0_noncanonical,究極体,mixed,600,100,110,90,100,110,90,slow,30,240,neutral_v0,playtest_parameter_ready
181,digimon,plutomon,プルートモン,究極体,project_generated_gameplay_v0_noncanonical,究極体,special,600,100,80,95,100,125,100,slow,30,240,neutral_v0,playtest_parameter_ready
182,digimon,ceresmon,ケレスモン,究極体,project_generated_gameplay_v0_noncanonical,究極体,special_tank,600,110,75,105,80,105,125,slow,30,240,neutral_v0,playtest_parameter_ready
183,digimon,bacchusmon,バッカスモン,究極体,project_generated_gameplay_v0_noncanonical,究極体,swift_physical,600,90,120,85,130,80,95,slow,30,240,neutral_v0,playtest_parameter_ready
184,digimon,junomon_hysteric,ユノモン：ヒステリックモード,究極体,project_generated_gameplay_v0_noncanonical,究極体,swift_special,600,90,80,89,128,119,94,slow,30,240,neutral_v0,playtest_parameter_ready
185,digimon,junomon,ユノモン,究極体,project_generated_gameplay_v0_noncanonical,究極体,special_tank,600,110,75,105,80,105,125,slow,30,240,neutral_v0,playtest_parameter_ready
186,digimon,thetismon,テティスモン,完全体,project_generated_gameplay_v0_noncanonical,完全体,swift_physical,520,79,105,73,112,69,82,slow,60,180,neutral_v0,playtest_parameter_ready
187,digimon,lamortmon,ラモールモン,完全体,project_generated_gameplay_v0_noncanonical,完全体,mixed,520,87,96,78,86,95,78,slow,60,180,neutral_v0,playtest_parameter_ready
188,digimon,canoweissmon,カノーヴァイスモン,完全体,project_generated_gameplay_v0_noncanonical,完全体,swift_special,520,78,69,78,111,103,81,slow,60,180,neutral_v0,playtest_parameter_ready
189,digimon,sistermon_ciel_Awake,シスタモン シエル（覚醒）,成熟期,project_generated_gameplay_v0_noncanonical,成熟期,swift_special,430,64,57,64,93,85,67,medium_slow,120,120,neutral_v0,playtest_parameter_ready
190,digimon,sistermon_noir_Awake,シスタモン ノワール（覚醒）,成熟期,project_generated_gameplay_v0_noncanonical,成熟期,physical,430,72,90,72,68,57,71,medium_slow,120,120,neutral_v0,playtest_parameter_ready
191,digimon,sistermon_blanc_Awake,シスタモン ブラン（覚醒）,成長期,project_generated_gameplay_v0_noncanonical,成長期,physical,330,56,68,55,52,44,55,medium_fast,180,70,neutral_v0,playtest_parameter_ready
192,digimon,gulusgammamon,グルスガンマモン,成熟期,project_generated_gameplay_v0_noncanonical,成熟期,mixed,430,72,79,65,72,78,64,medium_slow,120,120,neutral_v0,playtest_parameter_ready
193,digimon,teslajellymon,テスラジェリーモン,成熟期,project_generated_gameplay_v0_noncanonical,成熟期,mixed,430,72,79,65,72,78,64,medium_slow,120,120,neutral_v0,playtest_parameter_ready
194,digimon,symbareangoramon,ジンバーアンゴラモン,成熟期,project_generated_gameplay_v0_noncanonical,成熟期,physical,430,72,90,72,68,57,71,medium_slow,120,120,neutral_v0,playtest_parameter_ready
195,digimon,blacktailmon_uver,ブラックテイルモン Uver.,成熟期,project_generated_gameplay_v0_noncanonical,成熟期,swift_special,430,64,57,64,93,85,67,medium_slow,120,120,neutral_v0,playtest_parameter_ready
196,digimon,weddinmon,ウェディンモン,完全体,project_generated_gameplay_v0_noncanonical,完全体,physical_tank,520,96,91,112,65,65,91,slow,60,180,neutral_v0,playtest_parameter_ready
197,digimon,shortmon,ショートモン,成熟期,project_generated_gameplay_v0_noncanonical,成熟期,special_tank,430,79,54,76,57,75,89,medium_slow,120,120,neutral_v0,playtest_parameter_ready
198,digimon,blackrapidmon,ブラックラピッドモン,完全体,project_generated_gameplay_v0_noncanonical,完全体,physical_tank,520,96,91,112,65,65,91,slow,60,180,neutral_v0,playtest_parameter_ready
199,digimon,blackgalgomon,ブラックガルゴモン,成熟期,project_generated_gameplay_v0_noncanonical,成熟期,physical_tank,430,79,76,94,53,53,75,medium_slow,120,120,neutral_v0,playtest_parameter_ready
200,digimon,omegamonzwart_d,オメガモンズワルトDEFEAT,究極体,project_generated_gameplay_v0_noncanonical,究極体,balanced,600,100,100,100,100,100,100,slow,30,240,neutral_v0,playtest_parameter_ready
201,digimon,wezengammamon,ウェズンガンマモン,成熟期,project_generated_gameplay_v0_noncanonical,成熟期,special_tank,430,79,54,76,57,75,89,medium_slow,120,120,neutral_v0,playtest_parameter_ready
202,digimon,kausgammamon,カウスガンマモン,成熟期,project_generated_gameplay_v0_noncanonical,成熟期,mixed,430,72,79,65,72,78,64,medium_slow,120,120,neutral_v0,playtest_parameter_ready
203,digimon,betelgammamon,ベテルガンマモン,成熟期,project_generated_gameplay_v0_noncanonical,成熟期,physical_tank,430,79,76,94,53,53,75,medium_slow,120,120,neutral_v0,playtest_parameter_ready
204,digimon,abbadomoncore,アバドモンコア,究極体,project_generated_gameplay_v0_noncanonical,究極体,special_tank,600,110,75,105,80,105,125,slow,30,240,neutral_v0,playtest_parameter_ready
205,digimon,luminamon_nene,ルミナモン（ネネVer.）,完全体,project_generated_gameplay_v0_noncanonical,完全体,physical,520,87,109,87,82,69,86,slow,60,180,neutral_v0,playtest_parameter_ready
206,digimon,shoutmonx7_superior,シャウトモンX7：スペリオルモード,"究極体
(クロスウォーズ)",project_generated_gameplay_v0_noncanonical,究極体,balanced,600,100,100,100,100,100,100,slow,30,240,neutral_v0,playtest_parameter_ready
207,digimon,jellymon,ジェリーモン,成長期,project_generated_gameplay_v0_noncanonical,成長期,balanced,330,55,55,55,55,55,55,medium_fast,180,70,neutral_v0,playtest_parameter_ready
208,digimon,puyoyomon,プヨヨモン,幼年期Ⅱ,project_generated_gameplay_v0_noncanonical,幼年期Ⅱ,physical_tank,240,44,42,52,30,30,42,medium_fast,220,45,neutral_v0,playtest_parameter_ready
209,digimon,puyomon,プヨモン,幼年期Ⅰ,project_generated_gameplay_v0_noncanonical,幼年期Ⅰ,physical,180,31,37,30,28,24,30,medium_fast,255,30,neutral_v0,playtest_parameter_ready
210,digimon,angoramon,アンゴラモン,成長期,project_generated_gameplay_v0_noncanonical,成長期,swift_special,330,50,44,50,70,65,51,medium_fast,180,70,neutral_v0,playtest_parameter_ready
211,digimon,bosamon,ボサモン,幼年期Ⅱ,project_generated_gameplay_v0_noncanonical,幼年期Ⅱ,physical_tank,240,44,42,52,30,30,42,medium_fast,220,45,neutral_v0,playtest_parameter_ready
212,digimon,pyonmon,ピョンモン,幼年期Ⅰ,project_generated_gameplay_v0_noncanonical,幼年期Ⅰ,special,180,31,24,28,30,37,30,medium_fast,255,30,neutral_v0,playtest_parameter_ready
213,digimon,gammamon,ガンマモン,成長期,project_generated_gameplay_v0_noncanonical,成長期,swift_physical,330,50,67,46,71,44,52,medium_fast,180,70,neutral_v0,playtest_parameter_ready
214,digimon,gurimon,グリモン,幼年期Ⅱ,project_generated_gameplay_v0_noncanonical,幼年期Ⅱ,mixed,240,40,44,36,40,44,36,medium_fast,220,45,neutral_v0,playtest_parameter_ready
215,digimon,curimon,クリモン,幼年期Ⅰ,project_generated_gameplay_v0_noncanonical,幼年期Ⅰ,swift_physical,180,28,36,25,39,24,28,medium_fast,255,30,neutral_v0,playtest_parameter_ready
216,digimon,abbadomon,アバドモン,究極体,project_generated_gameplay_v0_noncanonical,究極体,physical_tank,600,110,105,130,75,75,105,slow,30,240,neutral_v0,playtest_parameter_ready
217,digimon,negamon,ネガーモン,幼年期Ⅱ,project_generated_gameplay_v0_noncanonical,幼年期Ⅱ,mixed,240,40,44,36,40,44,36,medium_fast,220,45,neutral_v0,playtest_parameter_ready
218,digimon,pilevolcamon,パイルボルケーモン,究極体,project_generated_gameplay_v0_noncanonical,究極体,mixed,600,100,110,90,100,110,90,slow,30,240,neutral_v0,playtest_parameter_ready
219,digimon,raidenmon,ライデンモン,究極体,project_generated_gameplay_v0_noncanonical,究極体,physical,600,100,125,100,95,80,100,slow,30,240,neutral_v0,playtest_parameter_ready
220,digimon,raijinmon,ライジンモン,究極体,project_generated_gameplay_v0_noncanonical,究極体,swift_physical,600,90,120,85,130,80,95,slow,30,240,neutral_v0,playtest_parameter_ready
221,digimon,dokunemon,ドクネモン,成長期,project_generated_gameplay_v0_noncanonical,成長期,swift_special,330,50,44,50,70,65,51,medium_fast,180,70,neutral_v0,playtest_parameter_ready
222,digimon,modokibetamon,モドキベタモン,成長期,project_generated_gameplay_v0_noncanonical,成長期,physical_tank,330,61,58,72,41,41,57,medium_fast,180,70,neutral_v0,playtest_parameter_ready
223,digimon,hydramon,ヒュドラモン,究極体,project_generated_gameplay_v0_noncanonical,究極体,swift_special,600,90,80,89,128,119,94,slow,30,240,neutral_v0,playtest_parameter_ready
224,digimon,bloomlordmon,ブルムロードモン,究極体,project_generated_gameplay_v0_noncanonical,究極体,balanced,600,100,100,100,100,100,100,slow,30,240,neutral_v0,playtest_parameter_ready
225,digimon,ajatarmon,アヤタラモン,完全体,project_generated_gameplay_v0_noncanonical,完全体,mixed,520,87,96,78,86,95,78,slow,60,180,neutral_v0,playtest_parameter_ready
226,digimon,gardromon_gold,ガードロモン（金）,成熟期,project_generated_gameplay_v0_noncanonical,成熟期,special_tank,430,79,54,76,57,75,89,medium_slow,120,120,neutral_v0,playtest_parameter_ready
227,digimon,burgamon_lv4,バーガモン,成熟期,project_generated_gameplay_v0_noncanonical,成熟期,special,430,72,58,69,71,89,71,medium_slow,120,120,neutral_v0,playtest_parameter_ready
228,digimon,pidmon,ピッドモン,成熟期,project_generated_gameplay_v0_noncanonical,成熟期,swift_physical,430,65,87,60,93,57,68,medium_slow,120,120,neutral_v0,playtest_parameter_ready
229,digimon,sandyammamon,サンドヤンマモン,成熟期,project_generated_gameplay_v0_noncanonical,成熟期,swift_physical,430,65,87,60,93,57,68,medium_slow,120,120,neutral_v0,playtest_parameter_ready
230,digimon,yammamon,ヤンマモン,成熟期,project_generated_gameplay_v0_noncanonical,成熟期,physical,430,72,90,72,68,57,71,medium_slow,120,120,neutral_v0,playtest_parameter_ready
231,digimon,morishellmon,モリシェルモン,成熟期,project_generated_gameplay_v0_noncanonical,成熟期,swift_physical,430,65,87,60,93,57,68,medium_slow,120,120,neutral_v0,playtest_parameter_ready
232,digimon,bombernanimon,ボンバーナニモン,成熟期,project_generated_gameplay_v0_noncanonical,成熟期,physical,430,72,90,72,68,57,71,medium_slow,120,120,neutral_v0,playtest_parameter_ready
233,digimon,heraklekabuterimon_x,ヘラクルカブテリモン（X抗体）,究極体,project_generated_gameplay_v0_noncanonical,究極体,special,600,100,80,95,100,125,100,slow,30,240,neutral_v0,playtest_parameter_ready
234,digimon,starmon_x,スターモン（X抗体）,成熟期,project_generated_gameplay_v0_noncanonical,成熟期,mixed,430,72,79,65,72,78,64,medium_slow,120,120,neutral_v0,playtest_parameter_ready
235,digimon,growmon_x,グラウモン（X抗体）,成熟期,project_generated_gameplay_v0_noncanonical,成熟期,special_tank,430,79,54,76,57,75,89,medium_slow,120,120,neutral_v0,playtest_parameter_ready
236,digimon,hagurumon_x,ハグルモン（X抗体）,成長期,project_generated_gameplay_v0_noncanonical,成長期,physical,330,56,68,55,52,44,55,medium_fast,180,70,neutral_v0,playtest_parameter_ready
237,digimon,gaioumon_itto,ガイオウモン：厳刀ノ型,究極体,project_generated_gameplay_v0_noncanonical,究極体,special,600,100,80,95,100,125,100,slow,30,240,neutral_v0,playtest_parameter_ready
238,digimon,brachiomon,ブラキモン,完全体,project_generated_gameplay_v0_noncanonical,完全体,swift_special,520,78,69,78,111,103,81,slow,60,180,neutral_v0,playtest_parameter_ready
239,digimon,kyukimon,キュウキモン,完全体,project_generated_gameplay_v0_noncanonical,完全体,physical,520,87,109,87,82,69,86,slow,60,180,neutral_v0,playtest_parameter_ready
240,digimon,vermillimon,ヴァーミリモン,完全体,project_generated_gameplay_v0_noncanonical,完全体,special,520,87,70,83,86,108,86,slow,60,180,neutral_v0,playtest_parameter_ready
241,digimon,assaultmon,アサルトモン,完全体,project_generated_gameplay_v0_noncanonical,完全体,physical,520,87,109,87,82,69,86,slow,60,180,neutral_v0,playtest_parameter_ready
242,digimon,tekkamon,テッカモン,完全体,project_generated_gameplay_v0_noncanonical,完全体,swift_special,520,78,69,78,111,103,81,slow,60,180,neutral_v0,playtest_parameter_ready
243,digimon,vulturemon,バルチャモン,完全体,project_generated_gameplay_v0_noncanonical,完全体,mixed,520,87,96,78,86,95,78,slow,60,180,neutral_v0,playtest_parameter_ready
244,digimon,goromon,ゴロモン,幼年期Ⅱ,project_generated_gameplay_v0_noncanonical,幼年期Ⅱ,swift_physical,240,36,48,34,52,32,38,medium_fast,220,45,neutral_v0,playtest_parameter_ready
245,digimon,sunamon,スナモン,幼年期Ⅰ,project_generated_gameplay_v0_noncanonical,幼年期Ⅰ,mixed,180,30,33,27,30,33,27,medium_fast,255,30,neutral_v0,playtest_parameter_ready
246,digimon,burpmon,ば～ぷモン,不明,project_generated_gameplay_v0_noncanonical,不明,physical,430,72,90,72,68,57,71,medium_slow,120,120,neutral_v0,playtest_parameter_ready
247,digimon,blackkingnumemon,ブラックキングヌメモン,完全体,project_generated_gameplay_v0_noncanonical,完全体,physical_tank,520,96,91,112,65,65,91,slow,60,180,neutral_v0,playtest_parameter_ready
248,digimon,goldnumemon,ゴールドヌメモン,成熟期,project_generated_gameplay_v0_noncanonical,成熟期,mixed,430,72,79,65,72,78,64,medium_slow,120,120,neutral_v0,playtest_parameter_ready
249,digimon,culumon,クルモン,不明,project_generated_gameplay_v0_noncanonical,不明,physical,430,72,90,72,68,57,71,medium_slow,120,120,neutral_v0,playtest_parameter_ready
250,digimon,gladimon,グラディモン,成熟期,project_generated_gameplay_v0_noncanonical,成熟期,mixed,430,72,79,65,72,78,64,medium_slow,120,120,neutral_v0,playtest_parameter_ready
251,digimon,shoutmonx4k,シャウトモンX4K,"完全体
(クロスウォーズ)",project_generated_gameplay_v0_noncanonical,完全体,swift_special,520,78,69,78,111,103,81,slow,60,180,neutral_v0,playtest_parameter_ready
252,digimon,kodokugumon,コドクグモン,成長期,project_generated_gameplay_v0_noncanonical,成長期,physical_tank,330,61,58,72,41,41,57,medium_fast,180,70,neutral_v0,playtest_parameter_ready
253,digimon,yoxtuyoxtumon,ヨッ！ヨッ！モン,成熟期,project_generated_gameplay_v0_noncanonical,成熟期,special_tank,430,79,54,76,57,75,89,medium_slow,120,120,neutral_v0,playtest_parameter_ready
254,digimon,minidekachimon,ミニデカチモン,成長期,project_generated_gameplay_v0_noncanonical,成長期,special_tank,330,61,42,58,44,57,68,medium_fast,180,70,neutral_v0,playtest_parameter_ready
255,digimon,atamadekachimon,アタマデカチモン,成熟期,project_generated_gameplay_v0_noncanonical,成熟期,mixed,430,72,79,65,72,78,64,medium_slow,120,120,neutral_v0,playtest_parameter_ready
256,digimon,trailmon,トレイルモン,成熟期,project_generated_gameplay_v0_noncanonical,成熟期,swift_special,430,64,57,64,93,85,67,medium_slow,120,120,neutral_v0,playtest_parameter_ready
257,digimon,greatkingscumon,スカモン大王,完全体,project_generated_gameplay_v0_noncanonical,完全体,physical_tank,520,96,91,112,65,65,91,slow,60,180,neutral_v0,playtest_parameter_ready
258,digimon,shroudmon,シュラウドモン,究極体,project_generated_gameplay_v0_noncanonical,究極体,swift_physical,600,90,120,85,130,80,95,slow,30,240,neutral_v0,playtest_parameter_ready
259,digimon,frosvelgrmon,フロスベルグモン,究極体,project_generated_gameplay_v0_noncanonical,究極体,swift_special,600,90,80,89,128,119,94,slow,30,240,neutral_v0,playtest_parameter_ready
260,digimon,frozomon,フロゾモン,完全体,project_generated_gameplay_v0_noncanonical,完全体,special,520,87,70,83,86,108,86,slow,60,180,neutral_v0,playtest_parameter_ready
261,digimon,hiyarimon,ヒヤリモン,幼年期Ⅱ,project_generated_gameplay_v0_noncanonical,幼年期Ⅱ,balanced,240,40,40,40,40,40,40,medium_fast,220,45,neutral_v0,playtest_parameter_ready
262,digimon,blackseraphimon,ブラックセラフィモン,究極体,project_generated_gameplay_v0_noncanonical,究極体,mixed,600,100,110,90,100,110,90,slow,30,240,neutral_v0,playtest_parameter_ready
263,digimon,rareraremon,レアレアモン,完全体,project_generated_gameplay_v0_noncanonical,完全体,balanced,520,87,87,87,87,86,86,slow,60,180,neutral_v0,playtest_parameter_ready
264,digimon,climbmon,クライモン,完全体,project_generated_gameplay_v0_noncanonical,完全体,swift_physical,520,79,105,73,112,69,82,slow,60,180,neutral_v0,playtest_parameter_ready
265,digimon,divemon,ダイブモン,完全体,project_generated_gameplay_v0_noncanonical,完全体,special,520,87,70,83,86,108,86,slow,60,180,neutral_v0,playtest_parameter_ready
266,digimon,clearagumon,クリアアグモン,成長期,project_generated_gameplay_v0_noncanonical,成長期,balanced,330,55,55,55,55,55,55,medium_fast,180,70,neutral_v0,playtest_parameter_ready
267,digimon,bancholilimon,バンチョーリリモン,究極体,project_generated_gameplay_v0_noncanonical,究極体,physical_tank,600,110,105,130,75,75,105,slow,30,240,neutral_v0,playtest_parameter_ready
268,digimon,metalgreymon_va_x,メタルグレイモン（ワクチン種）（Ｘ抗体）,完全体,project_generated_gameplay_v0_noncanonical,完全体,mixed,520,87,96,78,86,95,78,slow,60,180,neutral_v0,playtest_parameter_ready
269,digimon,panjyamon_x,パンジャモン（Ｘ抗体）,完全体,project_generated_gameplay_v0_noncanonical,完全体,swift_special,520,78,69,78,111,103,81,slow,60,180,neutral_v0,playtest_parameter_ready
270,digimon,metalmamemon_x,メタルマメモン（Ｘ抗体）,完全体,project_generated_gameplay_v0_noncanonical,完全体,special,520,87,70,83,86,108,86,slow,60,180,neutral_v0,playtest_parameter_ready
271,digimon,thunderballmon_x,サンダーボールモン（Ｘ抗体）,成熟期,project_generated_gameplay_v0_noncanonical,成熟期,special_tank,430,79,54,76,57,75,89,medium_slow,120,120,neutral_v0,playtest_parameter_ready
272,digimon,monochromon_x,モノクロモン（Ｘ抗体）,成熟期,project_generated_gameplay_v0_noncanonical,成熟期,special,430,72,58,69,71,89,71,medium_slow,120,120,neutral_v0,playtest_parameter_ready
273,digimon,dobermon_x,ドーベルモン（Ｘ抗体）,成熟期,project_generated_gameplay_v0_noncanonical,成熟期,physical,430,72,90,72,68,57,71,medium_slow,120,120,neutral_v0,playtest_parameter_ready
274,digimon,gesomon_x,ゲソモン（Ｘ抗体）,成熟期,project_generated_gameplay_v0_noncanonical,成熟期,physical_tank,430,79,76,94,53,53,75,medium_slow,120,120,neutral_v0,playtest_parameter_ready
275,digimon,gottsumon_x,ゴツモン（Ｘ抗体）,成長期,project_generated_gameplay_v0_noncanonical,成長期,physical,330,56,68,55,52,44,55,medium_fast,180,70,neutral_v0,playtest_parameter_ready
276,digimon,ganimon_x,ガニモン（Ｘ抗体）,成長期,project_generated_gameplay_v0_noncanonical,成長期,balanced,330,55,55,55,55,55,55,medium_fast,180,70,neutral_v0,playtest_parameter_ready
277,digimon,guilmon_x,ギルモン（Ｘ抗体）,成長期,project_generated_gameplay_v0_noncanonical,成長期,swift_special,330,50,44,50,70,65,51,medium_fast,180,70,neutral_v0,playtest_parameter_ready
278,digimon,shoutmon_ex6,シャウトモンEX6,"究極体
(クロスウォーズ)",project_generated_gameplay_v0_noncanonical,究極体,physical_tank,600,110,105,130,75,75,105,slow,30,240,neutral_v0,playtest_parameter_ready
279,digimon,torikaraballmon,とりからボールモン,幼年期Ⅱ,project_generated_gameplay_v0_noncanonical,幼年期Ⅱ,balanced,240,40,40,40,40,40,40,medium_fast,220,45,neutral_v0,playtest_parameter_ready
280,digimon,burgamon,バーガモン,成長期,project_generated_gameplay_v0_noncanonical,成長期,swift_physical,330,50,67,46,71,44,52,medium_fast,180,70,neutral_v0,playtest_parameter_ready
281,digimon,potamon,ポテモン,成熟期,project_generated_gameplay_v0_noncanonical,成熟期,special_tank,430,79,54,76,57,75,89,medium_slow,120,120,neutral_v0,playtest_parameter_ready
282,digimon,achillesmon,アキレウスモン,究極体,project_generated_gameplay_v0_noncanonical,究極体,physical,600,100,125,100,95,80,100,slow,30,240,neutral_v0,playtest_parameter_ready
283,digimon,shivamon,シーヴァモン,究極体,project_generated_gameplay_v0_noncanonical,究極体,physical_tank,600,110,105,130,75,75,105,slow,30,240,neutral_v0,playtest_parameter_ready
284,digimon,kazuchimon,カヅチモン,究極体,project_generated_gameplay_v0_noncanonical,究極体,swift_physical,600,90,120,85,130,80,95,slow,30,240,neutral_v0,playtest_parameter_ready
285,digimon,pistmon,ピストモン,完全体,project_generated_gameplay_v0_noncanonical,完全体,balanced,520,87,87,87,87,86,86,slow,60,180,neutral_v0,playtest_parameter_ready
286,digimon,tempomon,テンポモン,完全体,project_generated_gameplay_v0_noncanonical,完全体,physical,520,87,109,87,82,69,86,slow,60,180,neutral_v0,playtest_parameter_ready
287,digimon,shootmon,シュートモン,完全体,project_generated_gameplay_v0_noncanonical,完全体,physical_tank,520,96,91,112,65,65,91,slow,60,180,neutral_v0,playtest_parameter_ready
288,digimon,boutmon,バウトモン,完全体,project_generated_gameplay_v0_noncanonical,完全体,special_tank,520,96,65,91,69,91,108,slow,60,180,neutral_v0,playtest_parameter_ready
289,digimon,mitamamon,ミタマモン,究極体,project_generated_gameplay_v0_noncanonical,究極体,physical_tank,600,110,105,130,75,75,105,slow,30,240,neutral_v0,playtest_parameter_ready
290,digimon,lovelyangemon,ラブリーエンジェモン,究極体,project_generated_gameplay_v0_noncanonical,究極体,swift_special,600,90,80,89,128,119,94,slow,30,240,neutral_v0,playtest_parameter_ready
291,digimon,bibimon,ビビモン,幼年期Ⅱ,project_generated_gameplay_v0_noncanonical,幼年期Ⅱ,swift_special,240,36,32,36,52,47,37,medium_fast,220,45,neutral_v0,playtest_parameter_ready
292,digimon,dokimon,ドキモン,幼年期Ⅰ,project_generated_gameplay_v0_noncanonical,幼年期Ⅰ,mixed,180,30,33,27,30,33,27,medium_fast,255,30,neutral_v0,playtest_parameter_ready
293,digimon,namakemon,ナマケモン,成熟期,project_generated_gameplay_v0_noncanonical,成熟期,physical,430,72,90,72,68,57,71,medium_slow,120,120,neutral_v0,playtest_parameter_ready
294,digimon,runnermon,ランナモン,成熟期,project_generated_gameplay_v0_noncanonical,成熟期,special_tank,430,79,54,76,57,75,89,medium_slow,120,120,neutral_v0,playtest_parameter_ready
295,digimon,exermon,エキサモン,成熟期,project_generated_gameplay_v0_noncanonical,成熟期,special_tank,430,79,54,76,57,75,89,medium_slow,120,120,neutral_v0,playtest_parameter_ready
296,digimon,bulkmon,バルクモン,成熟期,project_generated_gameplay_v0_noncanonical,成熟期,swift_special,430,64,57,64,93,85,67,medium_slow,120,120,neutral_v0,playtest_parameter_ready
297,digimon,komondomon,コモンドモン,成熟期,project_generated_gameplay_v0_noncanonical,成熟期,swift_physical,430,65,87,60,93,57,68,medium_slow,120,120,neutral_v0,playtest_parameter_ready
298,digimon,pulsemon,パルスモン,成長期,project_generated_gameplay_v0_noncanonical,成長期,swift_physical,330,50,67,46,71,44,52,medium_fast,180,70,neutral_v0,playtest_parameter_ready
299,digimon,omegamon_merciful,オメガモン：マーシフルモード,究極体,project_generated_gameplay_v0_noncanonical,究極体,physical,600,100,125,100,95,80,100,slow,30,240,neutral_v0,playtest_parameter_ready
300,digimon,donedevimon,ダンデビモン,究極体,project_generated_gameplay_v0_noncanonical,究極体,special,600,100,80,95,100,125,100,slow,30,240,neutral_v0,playtest_parameter_ready
301,digimon,waregarurumon_sagittarius,ワーガルルモン：サジタリウスモード,完全体,project_generated_gameplay_v0_noncanonical,完全体,special,520,87,70,83,86,108,86,slow,60,180,neutral_v0,playtest_parameter_ready
302,digimon,imperialdramon_dragon_black,インペリアルドラモン：ドラゴンモード(黒),究極体,project_generated_gameplay_v0_noncanonical,究極体,balanced,600,100,100,100,100,100,100,slow,30,240,neutral_v0,playtest_parameter_ready
303,digimon,manticoremon,マンティコアモン,完全体,project_generated_gameplay_v0_noncanonical,完全体,swift_special,520,78,69,78,111,103,81,slow,60,180,neutral_v0,playtest_parameter_ready
304,digimon,mimicmon,ミミックモン,成熟期,project_generated_gameplay_v0_noncanonical,成熟期,mixed,430,72,79,65,72,78,64,medium_slow,120,120,neutral_v0,playtest_parameter_ready
305,digimon,baluchimon,バルキモン,成熟期,project_generated_gameplay_v0_noncanonical,成熟期,swift_special,430,64,57,64,93,85,67,medium_slow,120,120,neutral_v0,playtest_parameter_ready
306,digimon,darkmaildramon,ダークメイルドラモン,成熟期,project_generated_gameplay_v0_noncanonical,成熟期,swift_special,430,64,57,64,93,85,67,medium_slow,120,120,neutral_v0,playtest_parameter_ready
307,digimon,metalgreymon_alter,メタルグレイモン：アルタラウスモード,完全体,project_generated_gameplay_v0_noncanonical,完全体,swift_physical,520,79,105,73,112,69,82,slow,60,180,neutral_v0,playtest_parameter_ready
308,digimon,rebellimon,リベリモン,完全体,project_generated_gameplay_v0_noncanonical,完全体,physical,520,87,109,87,82,69,86,slow,60,180,neutral_v0,playtest_parameter_ready
309,digimon,machmon,マッハモン,成熟期,project_generated_gameplay_v0_noncanonical,成熟期,mixed,430,72,79,65,72,78,64,medium_slow,120,120,neutral_v0,playtest_parameter_ready
310,digimon,junkmon,ジャンクモン,成長期,project_generated_gameplay_v0_noncanonical,成長期,special,330,56,44,52,55,68,55,medium_fast,180,70,neutral_v0,playtest_parameter_ready
311,digimon,heavyleomon,ヘヴィーレオモン,究極体,project_generated_gameplay_v0_noncanonical,究極体,swift_physical,600,90,120,85,130,80,95,slow,30,240,neutral_v0,playtest_parameter_ready
312,digimon,hopmon,ホップモン,幼年期Ⅱ,project_generated_gameplay_v0_noncanonical,幼年期Ⅱ,physical_tank,240,44,42,52,30,30,42,medium_fast,220,45,neutral_v0,playtest_parameter_ready
313,digimon,ketomon,ケトモン,幼年期Ⅰ,project_generated_gameplay_v0_noncanonical,幼年期Ⅰ,mixed,180,30,33,27,30,33,27,medium_fast,255,30,neutral_v0,playtest_parameter_ready
314,digimon,nidhoggmon,ニーズヘッグモン,究極体,project_generated_gameplay_v0_noncanonical,究極体,balanced,600,100,100,100,100,100,100,slow,30,240,neutral_v0,playtest_parameter_ready
315,digimon,entmon,エントモン,完全体,project_generated_gameplay_v0_noncanonical,完全体,mixed,520,87,96,78,86,95,78,slow,60,180,neutral_v0,playtest_parameter_ready
316,digimon,parasaurmon,パラサウモン,成熟期,project_generated_gameplay_v0_noncanonical,成熟期,swift_physical,430,65,87,60,93,57,68,medium_slow,120,120,neutral_v0,playtest_parameter_ready
317,digimon,toropiamon,トロピアモン,完全体,project_generated_gameplay_v0_noncanonical,完全体,swift_special,520,78,69,78,111,103,81,slow,60,180,neutral_v0,playtest_parameter_ready
318,digimon,pomumon,ポームモン,成長期,project_generated_gameplay_v0_noncanonical,成長期,physical,330,56,68,55,52,44,55,medium_fast,180,70,neutral_v0,playtest_parameter_ready
319,digimon,eyesmon_scatter,アイズモン：スキャッターモード,成熟期,project_generated_gameplay_v0_noncanonical,成熟期,swift_physical,430,65,87,60,93,57,68,medium_slow,120,120,neutral_v0,playtest_parameter_ready
320,digimon,eyesmon,アイズモン,成熟期,project_generated_gameplay_v0_noncanonical,成熟期,special,430,72,58,69,71,89,71,medium_slow,120,120,neutral_v0,playtest_parameter_ready
321,digimon,betamon_x,ベタモン（X抗体）,成長期,project_generated_gameplay_v0_noncanonical,成長期,physical_tank,330,61,58,72,41,41,57,medium_fast,180,70,neutral_v0,playtest_parameter_ready
322,digimon,gazimon_x,ガジモン（X抗体）,成長期,project_generated_gameplay_v0_noncanonical,成長期,swift_special,330,50,44,50,70,65,51,medium_fast,180,70,neutral_v0,playtest_parameter_ready
323,digimon,algomon_lv1,アルゴモン,幼年期Ⅰ,project_generated_gameplay_v0_noncanonical,幼年期Ⅰ,mixed,180,30,33,27,30,33,27,medium_fast,255,30,neutral_v0,playtest_parameter_ready
324,digimon,ghostmon,ゴースモン,成長期,project_generated_gameplay_v0_noncanonical,成長期,physical_tank,330,61,58,72,41,41,57,medium_fast,180,70,neutral_v0,playtest_parameter_ready
325,digimon,regalecusmon,レガレクスモン,究極体,project_generated_gameplay_v0_noncanonical,究極体,physical,600,100,125,100,95,80,100,slow,30,240,neutral_v0,playtest_parameter_ready
326,digimon,piranimon,ピラニモン,完全体,project_generated_gameplay_v0_noncanonical,完全体,physical,520,87,109,87,82,69,86,slow,60,180,neutral_v0,playtest_parameter_ready
327,digimon,gusokumon,グソクモン,完全体,project_generated_gameplay_v0_noncanonical,完全体,special_tank,520,96,65,91,69,91,108,slow,60,180,neutral_v0,playtest_parameter_ready
328,digimon,marinchimairamon,マリンキメラモン,完全体,project_generated_gameplay_v0_noncanonical,完全体,mixed,520,87,96,78,86,95,78,slow,60,180,neutral_v0,playtest_parameter_ready
329,digimon,tobiumon,トビウモン,成熟期,project_generated_gameplay_v0_noncanonical,成熟期,physical,430,72,90,72,68,57,71,medium_slow,120,120,neutral_v0,playtest_parameter_ready
330,digimon,sangomon,サンゴモン,成長期,project_generated_gameplay_v0_noncanonical,成長期,swift_special,330,50,44,50,70,65,51,medium_fast,180,70,neutral_v0,playtest_parameter_ready
331,digimon,gogmamon,ゴグマモン,完全体,project_generated_gameplay_v0_noncanonical,完全体,swift_physical,520,79,105,73,112,69,82,slow,60,180,neutral_v0,playtest_parameter_ready
332,digimon,baboongamon,バブンガモン,成熟期,project_generated_gameplay_v0_noncanonical,成熟期,physical,430,72,90,72,68,57,71,medium_slow,120,120,neutral_v0,playtest_parameter_ready
333,digimon,sunarizamon,スナリザモン,成長期,project_generated_gameplay_v0_noncanonical,成長期,swift_physical,330,50,67,46,71,44,52,medium_fast,180,70,neutral_v0,playtest_parameter_ready
334,digimon,jewelbeemon,ジュエルビーモン,完全体,project_generated_gameplay_v0_noncanonical,完全体,swift_physical,520,79,105,73,112,69,82,slow,60,180,neutral_v0,playtest_parameter_ready
335,digimon,hudiemon,フーディエモン,成熟期,project_generated_gameplay_v0_noncanonical,成熟期,physical,430,72,90,72,68,57,71,medium_slow,120,120,neutral_v0,playtest_parameter_ready
336,digimon,arresterdramon_superior,アレスタードラモン：スペリオルモード,"完全体
(クロスウォーズ)",project_generated_gameplay_v0_noncanonical,完全体,physical,520,87,109,87,82,69,86,slow,60,180,neutral_v0,playtest_parameter_ready
337,digimon,garurumon_x,ガルルモン（X抗体）,成熟期,project_generated_gameplay_v0_noncanonical,成熟期,swift_physical,430,65,87,60,93,57,68,medium_slow,120,120,neutral_v0,playtest_parameter_ready
338,digimon,greymon_x,グレイモン（X抗体）,成熟期,project_generated_gameplay_v0_noncanonical,成熟期,special_tank,430,79,54,76,57,75,89,medium_slow,120,120,neutral_v0,playtest_parameter_ready
339,digimon,algomon_lv4,アルゴモン,成熟期,project_generated_gameplay_v0_noncanonical,成熟期,balanced,430,72,72,72,72,71,71,medium_slow,120,120,neutral_v0,playtest_parameter_ready
340,digimon,algomon_lv3,アルゴモン,成長期,project_generated_gameplay_v0_noncanonical,成長期,physical_tank,330,61,58,72,41,41,57,medium_fast,180,70,neutral_v0,playtest_parameter_ready
341,digimon,algomon_lv2,アルゴモン,幼年期Ⅱ,project_generated_gameplay_v0_noncanonical,幼年期Ⅱ,special,240,40,32,38,40,50,40,medium_fast,220,45,neutral_v0,playtest_parameter_ready
342,digimon,spadamon,スパーダモン,成長期,project_generated_gameplay_v0_noncanonical,成長期,mixed,330,56,61,49,55,60,49,medium_fast,180,70,neutral_v0,playtest_parameter_ready
343,digimon,morphomon,モルフォモン,成長期,project_generated_gameplay_v0_noncanonical,成長期,physical_tank,330,61,58,72,41,41,57,medium_fast,180,70,neutral_v0,playtest_parameter_ready
344,digimon,eosmon_lv6,エオスモン,究極体,project_generated_gameplay_v0_noncanonical,究極体,balanced,600,100,100,100,100,100,100,slow,30,240,neutral_v0,playtest_parameter_ready
345,digimon,gabumon_kizuna,ガブモン -友情の絆-,究極体,project_generated_gameplay_v0_noncanonical,究極体,swift_special,600,90,80,89,128,119,94,slow,30,240,neutral_v0,playtest_parameter_ready
346,digimon,agumon_kizuna,アグモン -勇気の絆-,究極体,project_generated_gameplay_v0_noncanonical,究極体,special,600,100,80,95,100,125,100,slow,30,240,neutral_v0,playtest_parameter_ready
347,digimon,eosmon_lv5,エオスモン,完全体,project_generated_gameplay_v0_noncanonical,完全体,physical,520,87,109,87,82,69,86,slow,60,180,neutral_v0,playtest_parameter_ready
348,digimon,eosmon_lv4,エオスモン,成熟期,project_generated_gameplay_v0_noncanonical,成熟期,special_tank,430,79,54,76,57,75,89,medium_slow,120,120,neutral_v0,playtest_parameter_ready
349,digimon,tonosamamamemon,トノサママメモン,究極体,project_generated_gameplay_v0_noncanonical,究極体,swift_special,600,90,80,89,128,119,94,slow,30,240,neutral_v0,playtest_parameter_ready
350,digimon,omegamon_zwart,オメガモン ズワルト,究極体,project_generated_gameplay_v0_noncanonical,究極体,special_tank,600,110,75,105,80,105,125,slow,30,240,neutral_v0,playtest_parameter_ready
351,digimon,terriermon_assistant,テリアモン助手,成長期,project_generated_gameplay_v0_noncanonical,成長期,swift_special,330,50,44,50,70,65,51,medium_fast,180,70,neutral_v0,playtest_parameter_ready
352,digimon,cryspaledramon,クリスペイルドラモン,完全体,project_generated_gameplay_v0_noncanonical,完全体,special,520,87,70,83,86,108,86,slow,60,180,neutral_v0,playtest_parameter_ready
353,digimon,metallicdramon,メタリックドラモン,究極体,project_generated_gameplay_v0_noncanonical,究極体,special_tank,600,110,75,105,80,105,125,slow,30,240,neutral_v0,playtest_parameter_ready
354,digimon,jazarichmon,ジャザリッヒモン,完全体,project_generated_gameplay_v0_noncanonical,完全体,special_tank,520,96,65,91,69,91,108,slow,60,180,neutral_v0,playtest_parameter_ready
355,digimon,jazardmon,ジャザードモン,成熟期,project_generated_gameplay_v0_noncanonical,成熟期,special,430,72,58,69,71,89,71,medium_slow,120,120,neutral_v0,playtest_parameter_ready
356,digimon,jazamon,ジャザモン,成長期,project_generated_gameplay_v0_noncanonical,成長期,swift_special,330,50,44,50,70,65,51,medium_fast,180,70,neutral_v0,playtest_parameter_ready
357,digimon,hexeblaumon,ヘクセブラウモン,究極体,project_generated_gameplay_v0_noncanonical,究極体,swift_special,600,90,80,89,128,119,94,slow,30,240,neutral_v0,playtest_parameter_ready
358,digimon,paledramon,ペイルドラモン,成熟期,project_generated_gameplay_v0_noncanonical,成熟期,swift_physical,430,65,87,60,93,57,68,medium_slow,120,120,neutral_v0,playtest_parameter_ready
359,digimon,noblepumpmon,ノーブルパンプモン,究極体,project_generated_gameplay_v0_noncanonical,究極体,special,600,100,80,95,100,125,100,slow,30,240,neutral_v0,playtest_parameter_ready
360,digimon,ogudomon_x,オグドモン（X抗体）,究極体,project_generated_gameplay_v0_noncanonical,究極体,mixed,600,100,110,90,100,110,90,slow,30,240,neutral_v0,playtest_parameter_ready
361,digimon,jesmongx,ジエスモンGX,究極体,project_generated_gameplay_v0_noncanonical,究極体,physical,600,100,125,100,95,80,100,slow,30,240,neutral_v0,playtest_parameter_ready
362,digimon,keramon_x,ケラモン（X抗体）,成長期,project_generated_gameplay_v0_noncanonical,成長期,swift_special,330,50,44,50,70,65,51,medium_fast,180,70,neutral_v0,playtest_parameter_ready
363,digimon,omegashoutmon_x,オメガシャウトモン（X抗体）,完全体,project_generated_gameplay_v0_noncanonical,完全体,swift_physical,520,79,105,73,112,69,82,slow,60,180,neutral_v0,playtest_parameter_ready
364,digimon,meramon_x,メラモン（X抗体）,成熟期,project_generated_gameplay_v0_noncanonical,成熟期,special_tank,430,79,54,76,57,75,89,medium_slow,120,120,neutral_v0,playtest_parameter_ready
365,digimon,pegasmon_x,ペガスモン（X抗体）,成熟期,project_generated_gameplay_v0_noncanonical,成熟期,swift_physical,430,65,87,60,93,57,68,medium_slow,120,120,neutral_v0,playtest_parameter_ready
366,digimon,rapidmon_x,ラピッドモン（X抗体）,究極体,project_generated_gameplay_v0_noncanonical,究極体,physical,600,100,125,100,95,80,100,slow,30,240,neutral_v0,playtest_parameter_ready
367,digimon,monzaemon_x,もんざえモン（X抗体）,完全体,project_generated_gameplay_v0_noncanonical,完全体,physical_tank,520,96,91,112,65,65,91,slow,60,180,neutral_v0,playtest_parameter_ready
368,digimon,gankoomon_x,ガンクゥモン（X抗体）,究極体,project_generated_gameplay_v0_noncanonical,究極体,swift_special,600,90,80,89,128,119,94,slow,30,240,neutral_v0,playtest_parameter_ready
369,digimon,examon_x,エグザモン（X抗体）,究極体,project_generated_gameplay_v0_noncanonical,究極体,mixed,600,100,110,90,100,110,90,slow,30,240,neutral_v0,playtest_parameter_ready
370,digimon,cyberdramon_x,サイバードラモン（X抗体）,完全体,project_generated_gameplay_v0_noncanonical,完全体,physical,520,87,109,87,82,69,86,slow,60,180,neutral_v0,playtest_parameter_ready
371,digimon,rizegreymon_x,ライズグレイモン（X抗体）,完全体,project_generated_gameplay_v0_noncanonical,完全体,special_tank,520,96,65,91,69,91,108,slow,60,180,neutral_v0,playtest_parameter_ready
372,digimon,hououmon_x,ホウオウモン（X抗体）,究極体,project_generated_gameplay_v0_noncanonical,究極体,swift_physical,600,90,120,85,130,80,95,slow,30,240,neutral_v0,playtest_parameter_ready
373,digimon,justimon_x,ジャスティモン（X抗体）,究極体,project_generated_gameplay_v0_noncanonical,究極体,swift_special,600,90,80,89,128,119,94,slow,30,240,neutral_v0,playtest_parameter_ready
374,digimon,wizarmon_x,ウィザーモン（X抗体）,成熟期,project_generated_gameplay_v0_noncanonical,成熟期,swift_special,430,64,57,64,93,85,67,medium_slow,120,120,neutral_v0,playtest_parameter_ready
375,digimon,siesamon_x,シーサモン（X抗体）,成熟期,project_generated_gameplay_v0_noncanonical,成熟期,special_tank,430,79,54,76,57,75,89,medium_slow,120,120,neutral_v0,playtest_parameter_ready
376,digimon,cherubimon_x,ケルビモン（善）（X抗体）,究極体,project_generated_gameplay_v0_noncanonical,究極体,physical,600,100,125,100,95,80,100,slow,30,240,neutral_v0,playtest_parameter_ready
377,digimon,ofanimon_x,オファニモン（X抗体）,究極体,project_generated_gameplay_v0_noncanonical,究極体,swift_special,600,90,80,89,128,119,94,slow,30,240,neutral_v0,playtest_parameter_ready
378,digimon,angewomon_x,エンジェウーモン（X抗体）,完全体,project_generated_gameplay_v0_noncanonical,完全体,balanced,520,87,87,87,87,86,86,slow,60,180,neutral_v0,playtest_parameter_ready
379,digimon,diablomon_x,ディアボロモン（Ｘ抗体）,究極体,project_generated_gameplay_v0_noncanonical,究極体,swift_special,600,90,80,89,128,119,94,slow,30,240,neutral_v0,playtest_parameter_ready
380,digimon,dynasmon_x,デュナスモン（X抗体）,究極体,project_generated_gameplay_v0_noncanonical,究極体,special_tank,600,110,75,105,80,105,125,slow,30,240,neutral_v0,playtest_parameter_ready
381,digimon,duftmon_x,ドゥフトモン（X抗体）,究極体,project_generated_gameplay_v0_noncanonical,究極体,balanced,600,100,100,100,100,100,100,slow,30,240,neutral_v0,playtest_parameter_ready
382,digimon,holydramon_x,ホーリードラモン（X抗体）,究極体,project_generated_gameplay_v0_noncanonical,究極体,special_tank,600,110,75,105,80,105,125,slow,30,240,neutral_v0,playtest_parameter_ready
383,digimon,plesiomon_x,プレシオモン（X抗体）,究極体,project_generated_gameplay_v0_noncanonical,究極体,swift_physical,600,90,120,85,130,80,95,slow,30,240,neutral_v0,playtest_parameter_ready
384,digimon,goddramon_x,ゴッドドラモン（X抗体）,究極体,project_generated_gameplay_v0_noncanonical,究極体,special_tank,600,110,75,105,80,105,125,slow,30,240,neutral_v0,playtest_parameter_ready
385,digimon,garudamon_x,ガルダモン（X抗体）,完全体,project_generated_gameplay_v0_noncanonical,完全体,physical_tank,520,96,91,112,65,65,91,slow,60,180,neutral_v0,playtest_parameter_ready
386,digimon,tailmon_x,テイルモン（X抗体）,成熟期,project_generated_gameplay_v0_noncanonical,成熟期,physical,430,72,90,72,68,57,71,medium_slow,120,120,neutral_v0,playtest_parameter_ready
387,digimon,togemon_x,トゲモン（X抗体）,成熟期,project_generated_gameplay_v0_noncanonical,成熟期,balanced,430,72,72,72,72,71,71,medium_slow,120,120,neutral_v0,playtest_parameter_ready
388,digimon,tylomon_x,ティロモン（X抗体）,成熟期,project_generated_gameplay_v0_noncanonical,成熟期,physical_tank,430,79,76,94,53,53,75,medium_slow,120,120,neutral_v0,playtest_parameter_ready
389,digimon,lopmon_x,ロップモン（X抗体）,成長期,project_generated_gameplay_v0_noncanonical,成長期,special_tank,330,61,42,58,44,57,68,medium_fast,180,70,neutral_v0,playtest_parameter_ready
390,digimon,shakomon_x,シャコモン（X抗体）,成長期,project_generated_gameplay_v0_noncanonical,成長期,mixed,330,56,61,49,55,60,49,medium_fast,180,70,neutral_v0,playtest_parameter_ready
391,digimon,terriermon_x,テリアモン（X抗体）,成長期,project_generated_gameplay_v0_noncanonical,成長期,swift_special,330,50,44,50,70,65,51,medium_fast,180,70,neutral_v0,playtest_parameter_ready
392,digimon,palmon_x,パルモン（X抗体）,成長期,project_generated_gameplay_v0_noncanonical,成長期,swift_special,330,50,44,50,70,65,51,medium_fast,180,70,neutral_v0,playtest_parameter_ready
393,digimon,pteranomon_x,プテラノモン（X抗体）,成熟期,project_generated_gameplay_v0_noncanonical,成熟期,balanced,430,72,72,72,72,71,71,medium_slow,120,120,neutral_v0,playtest_parameter_ready
394,digimon,mamemon_x,マメモン（X抗体）,完全体,project_generated_gameplay_v0_noncanonical,完全体,mixed,520,87,96,78,86,95,78,slow,60,180,neutral_v0,playtest_parameter_ready
395,digimon,ebemon_x,イーバモン（X抗体）,究極体,project_generated_gameplay_v0_noncanonical,究極体,physical_tank,600,110,105,130,75,75,105,slow,30,240,neutral_v0,playtest_parameter_ready
396,digimon,sleipmon_x,スレイプモン（X抗体）,究極体,project_generated_gameplay_v0_noncanonical,究極体,special,600,100,80,95,100,125,100,slow,30,240,neutral_v0,playtest_parameter_ready
397,digimon,craniummon_x,クレニアムモン（X抗体）,究極体,project_generated_gameplay_v0_noncanonical,究極体,special_tank,600,110,75,105,80,105,125,slow,30,240,neutral_v0,playtest_parameter_ready
398,digimon,ulforcevdramon_x,アルフォースブイドラモン（X抗体）,究極体,project_generated_gameplay_v0_noncanonical,究極体,special,600,100,80,95,100,125,100,slow,30,240,neutral_v0,playtest_parameter_ready
399,digimon,magnamon_x,マグナモン（X抗体）,究極体,project_generated_gameplay_v0_noncanonical,究極体,physical,600,100,125,100,95,80,100,slow,30,240,neutral_v0,playtest_parameter_ready
400,digimon,megaseadramon_x,メガシードラモン（X抗体）,完全体,project_generated_gameplay_v0_noncanonical,完全体,physical,520,87,109,87,82,69,86,slow,60,180,neutral_v0,playtest_parameter_ready
401,digimon,triceramon_x,トリケラモン（X抗体）,完全体,project_generated_gameplay_v0_noncanonical,完全体,mixed,520,87,96,78,86,95,78,slow,60,180,neutral_v0,playtest_parameter_ready
402,digimon,okuwamon_x,オオクワモン（X抗体）,完全体,project_generated_gameplay_v0_noncanonical,完全体,balanced,520,87,87,87,87,86,86,slow,60,180,neutral_v0,playtest_parameter_ready
403,digimon,mantaraymon_x,マンタレイモン（X抗体）,成熟期,project_generated_gameplay_v0_noncanonical,成熟期,balanced,430,72,72,72,72,71,71,medium_slow,120,120,neutral_v0,playtest_parameter_ready
404,digimon,nefertimon_x,ネフェルティモン（X抗体）,成熟期,project_generated_gameplay_v0_noncanonical,成熟期,swift_special,430,64,57,64,93,85,67,medium_slow,120,120,neutral_v0,playtest_parameter_ready
405,digimon,seadramon_x,シードラモン（X抗体）,成熟期,project_generated_gameplay_v0_noncanonical,成熟期,mixed,430,72,79,65,72,78,64,medium_slow,120,120,neutral_v0,playtest_parameter_ready
406,digimon,kuwagamon_x,クワガーモン（X抗体）,成熟期,project_generated_gameplay_v0_noncanonical,成熟期,mixed,430,72,79,65,72,78,64,medium_slow,120,120,neutral_v0,playtest_parameter_ready
407,digimon,allomon_x,アロモン（X抗体）,成熟期,project_generated_gameplay_v0_noncanonical,成熟期,mixed,430,72,79,65,72,78,64,medium_slow,120,120,neutral_v0,playtest_parameter_ready
408,digimon,gomamon_x,ゴマモン（X抗体）,成長期,project_generated_gameplay_v0_noncanonical,成長期,mixed,330,56,61,49,55,60,49,medium_fast,180,70,neutral_v0,playtest_parameter_ready
409,digimon,kokuwamon_x,コクワモン（X抗体）,成長期,project_generated_gameplay_v0_noncanonical,成長期,physical,330,56,68,55,52,44,55,medium_fast,180,70,neutral_v0,playtest_parameter_ready
410,digimon,blackwargreymon_x,ブラックウォーグレイモン（X抗体）,究極体,project_generated_gameplay_v0_noncanonical,究極体,swift_physical,600,90,120,85,130,80,95,slow,30,240,neutral_v0,playtest_parameter_ready
411,digimon,ladydevimon_x,レディーデビモン（Ｘ抗体）,完全体,project_generated_gameplay_v0_noncanonical,完全体,physical_tank,520,96,91,112,65,65,91,slow,60,180,neutral_v0,playtest_parameter_ready
412,digimon,metalgreymon_vi_x,メタルグレイモン（ウィルス種）（Ｘ抗体）,完全体,project_generated_gameplay_v0_noncanonical,完全体,mixed,520,87,96,78,86,95,78,slow,60,180,neutral_v0,playtest_parameter_ready
413,digimon,orgemon_x,オーガモン（Ｘ抗体）,成熟期,project_generated_gameplay_v0_noncanonical,成熟期,balanced,430,72,72,72,72,71,71,medium_slow,120,120,neutral_v0,playtest_parameter_ready
414,digimon,agumon_b_x,アグモン（黒）（Ｘ抗体）,成長期,project_generated_gameplay_v0_noncanonical,成長期,mixed,330,56,61,49,55,60,49,medium_fast,180,70,neutral_v0,playtest_parameter_ready
415,digimon,rasenmon,ラセンモン,究極体,project_generated_gameplay_v0_noncanonical,究極体,swift_physical,600,90,120,85,130,80,95,slow,30,240,neutral_v0,playtest_parameter_ready
416,digimon,rasenmon_f,ラセンモン：激昂モード,究極体,project_generated_gameplay_v0_noncanonical,究極体,special_tank,600,110,75,105,80,105,125,slow,30,240,neutral_v0,playtest_parameter_ready
417,digimon,stiffilmon,スティフィルモン,完全体,project_generated_gameplay_v0_noncanonical,完全体,physical,520,87,109,87,82,69,86,slow,60,180,neutral_v0,playtest_parameter_ready
418,digimon,filmon,フィルモン,成熟期,project_generated_gameplay_v0_noncanonical,成熟期,physical_tank,430,79,76,94,53,53,75,medium_slow,120,120,neutral_v0,playtest_parameter_ready
419,digimon,rosemon_x,ロゼモン（X抗体）,究極体,project_generated_gameplay_v0_noncanonical,究極体,special_tank,600,110,75,105,80,105,125,slow,30,240,neutral_v0,playtest_parameter_ready
420,digimon,princemamemon_x,プリンスマメモン（X抗体）,究極体,project_generated_gameplay_v0_noncanonical,究極体,balanced,600,100,100,100,100,100,100,slow,30,240,neutral_v0,playtest_parameter_ready
421,digimon,skullmammon_x,スカルマンモン（X抗体）,究極体,project_generated_gameplay_v0_noncanonical,究極体,physical_tank,600,110,105,130,75,75,105,slow,30,240,neutral_v0,playtest_parameter_ready
422,digimon,mammon_x,マンモン（X抗体）,完全体,project_generated_gameplay_v0_noncanonical,完全体,swift_special,520,78,69,78,111,103,81,slow,60,180,neutral_v0,playtest_parameter_ready
423,digimon,mephismon_x,メフィスモン（Ｘ抗体）,完全体,project_generated_gameplay_v0_noncanonical,完全体,physical_tank,520,96,91,112,65,65,91,slow,60,180,neutral_v0,playtest_parameter_ready
424,digimon,vamdemon_x,ヴァンデモン（X抗体）,完全体,project_generated_gameplay_v0_noncanonical,完全体,special,520,87,70,83,86,108,86,slow,60,180,neutral_v0,playtest_parameter_ready
425,digimon,plotmon_x,プロットモン（X抗体）,成長期,project_generated_gameplay_v0_noncanonical,成長期,special_tank,330,61,42,58,44,57,68,medium_fast,180,70,neutral_v0,playtest_parameter_ready
426,digimon,otamamon_x,オタマモン（X抗体）,成長期,project_generated_gameplay_v0_noncanonical,成長期,mixed,330,56,61,49,55,60,49,medium_fast,180,70,neutral_v0,playtest_parameter_ready
427,digimon,yarmon,ヤーモン,幼年期Ⅱ,project_generated_gameplay_v0_noncanonical,幼年期Ⅱ,swift_special,240,36,32,36,52,47,37,medium_fast,220,45,neutral_v0,playtest_parameter_ready
428,digimon,keemon,キーモン,幼年期Ⅰ,project_generated_gameplay_v0_noncanonical,幼年期Ⅰ,physical,180,31,37,30,28,24,30,medium_fast,255,30,neutral_v0,playtest_parameter_ready
429,digimon,impmon_x,インプモン（Ｘ抗体）,成長期,project_generated_gameplay_v0_noncanonical,成長期,physical,330,56,68,55,52,44,55,medium_fast,180,70,neutral_v0,playtest_parameter_ready
430,digimon,darktyranomon_x,ダークティラノモン（Ｘ抗体）,成熟期,project_generated_gameplay_v0_noncanonical,成熟期,swift_special,430,64,57,64,93,85,67,medium_slow,120,120,neutral_v0,playtest_parameter_ready
431,digimon,numemon_x,ヌメモン（Ｘ抗体）,成熟期,project_generated_gameplay_v0_noncanonical,成熟期,special_tank,430,79,54,76,57,75,89,medium_slow,120,120,neutral_v0,playtest_parameter_ready
432,digimon,lucemon_x,ルーチェモン（Ｘ抗体）,究極体,project_generated_gameplay_v0_noncanonical,究極体,special_tank,600,110,75,105,80,105,125,slow,30,240,neutral_v0,playtest_parameter_ready
433,digimon,lilithmon_x,リリスモン（Ｘ抗体）,究極体,project_generated_gameplay_v0_noncanonical,究極体,swift_physical,600,90,120,85,130,80,95,slow,30,240,neutral_v0,playtest_parameter_ready
434,digimon,leviamon_x,リヴァイアモン（Ｘ抗体）,究極体,project_generated_gameplay_v0_noncanonical,究極体,swift_special,600,90,80,89,128,119,94,slow,30,240,neutral_v0,playtest_parameter_ready
435,digimon,belphemon_x,ベルフェモン（Ｘ抗体）,究極体,project_generated_gameplay_v0_noncanonical,究極体,physical,600,100,125,100,95,80,100,slow,30,240,neutral_v0,playtest_parameter_ready
436,digimon,barbamon_x,バルバモン（Ｘ抗体）,究極体,project_generated_gameplay_v0_noncanonical,究極体,swift_physical,600,90,120,85,130,80,95,slow,30,240,neutral_v0,playtest_parameter_ready
437,digimon,demon_x,デーモン（Ｘ抗体）,究極体,project_generated_gameplay_v0_noncanonical,究極体,special_tank,600,110,75,105,80,105,125,slow,30,240,neutral_v0,playtest_parameter_ready
438,digimon,darkknightmon_x,ダークナイトモン（Ｘ抗体）,究極体,project_generated_gameplay_v0_noncanonical,究極体,balanced,600,100,100,100,100,100,100,slow,30,240,neutral_v0,playtest_parameter_ready
439,digimon,cherubimondark_x,ケルビモン（悪）（Ｘ抗体）,究極体,project_generated_gameplay_v0_noncanonical,究極体,physical_tank,600,110,105,130,75,75,105,slow,30,240,neutral_v0,playtest_parameter_ready
440,digimon,ofanimonfdm_x,オファニモン：フォールダウンモード（Ｘ抗体）,究極体,project_generated_gameplay_v0_noncanonical,究極体,swift_physical,600,90,120,85,130,80,95,slow,30,240,neutral_v0,playtest_parameter_ready
441,digimon,ultimatechaosmon,アルティメットカオスモン,究極体,project_generated_gameplay_v0_noncanonical,究極体,swift_physical,600,90,120,85,130,80,95,slow,30,240,neutral_v0,playtest_parameter_ready
442,digimon,pusurimon,プスリモン,幼年期Ⅱ,project_generated_gameplay_v0_noncanonical,幼年期Ⅱ,special,240,40,32,38,40,50,40,medium_fast,220,45,neutral_v0,playtest_parameter_ready
443,digimon,pusumon,プスモン,幼年期Ⅰ,project_generated_gameplay_v0_noncanonical,幼年期Ⅰ,physical_tank,180,34,32,39,22,22,31,medium_fast,255,30,neutral_v0,playtest_parameter_ready
444,digimon,surfimon,サーフィモン,究極体,project_generated_gameplay_v0_noncanonical,究極体,physical_tank,600,110,105,130,75,75,105,slow,30,240,neutral_v0,playtest_parameter_ready
445,digimon,bulucomon,ブルコモン,成長期,project_generated_gameplay_v0_noncanonical,成長期,swift_special,330,50,44,50,70,65,51,medium_fast,180,70,neutral_v0,playtest_parameter_ready
446,digimon,herissmon,エリスモン,成長期,project_generated_gameplay_v0_noncanonical,成長期,swift_special,330,50,44,50,70,65,51,medium_fast,180,70,neutral_v0,playtest_parameter_ready
447,digimon,metalgarurumon_black,メタルガルルモン（黒）,究極体,project_generated_gameplay_v0_noncanonical,究極体,physical_tank,600,110,105,130,75,75,105,slow,30,240,neutral_v0,playtest_parameter_ready
448,digimon,weregarurumon_black,ワーガルルモン（黒）,完全体,project_generated_gameplay_v0_noncanonical,完全体,mixed,520,87,96,78,86,95,78,slow,60,180,neutral_v0,playtest_parameter_ready
449,digimon,garurumon_black,ガルルモン（黒）,成熟期,project_generated_gameplay_v0_noncanonical,成熟期,balanced,430,72,72,72,72,71,71,medium_slow,120,120,neutral_v0,playtest_parameter_ready
450,digimon,justimon_blitzarm,ジャスティモン：ブリッツアーム,究極体,project_generated_gameplay_v0_noncanonical,究極体,mixed,600,100,110,90,100,110,90,slow,30,240,neutral_v0,playtest_parameter_ready
451,digimon,ginkakumon_promote,ギンカクモンプロモート,成熟期,project_generated_gameplay_v0_noncanonical,成熟期,physical_tank,430,79,76,94,53,53,75,medium_slow,120,120,neutral_v0,playtest_parameter_ready
452,digimon,icedevimon,アイスデビモン,成熟期,project_generated_gameplay_v0_noncanonical,成熟期,swift_physical,430,65,87,60,93,57,68,medium_slow,120,120,neutral_v0,playtest_parameter_ready
453,digimon,kuzuhamon_miko,クズハモン：巫女モード,究極体,project_generated_gameplay_v0_noncanonical,究極体,swift_physical,600,90,120,85,130,80,95,slow,30,240,neutral_v0,playtest_parameter_ready
454,digimon,megalograwmon_orange,メガログラウモン（橙）,完全体,project_generated_gameplay_v0_noncanonical,完全体,physical_tank,520,96,91,112,65,65,91,slow,60,180,neutral_v0,playtest_parameter_ready
455,digimon,greymon_blue,グレイモン（青）,成熟期,project_generated_gameplay_v0_noncanonical,成熟期,special,430,72,58,69,71,89,71,medium_slow,120,120,neutral_v0,playtest_parameter_ready
456,digimon,shoutmon_king,シャウトモン（キングVer.）,"成熟期
(クロスウォーズ)",project_generated_gameplay_v0_noncanonical,成熟期,swift_physical,430,65,87,60,93,57,68,medium_slow,120,120,neutral_v0,playtest_parameter_ready
457,digimon,wargreymon_x,ウォーグレイモン（X抗体）,究極体,project_generated_gameplay_v0_noncanonical,究極体,swift_special,600,90,80,89,128,119,94,slow,30,240,neutral_v0,playtest_parameter_ready
458,digimon,metalgarurumon_x,メタルガルルモン（X抗体）,究極体,project_generated_gameplay_v0_noncanonical,究極体,special_tank,600,110,75,105,80,105,125,slow,30,240,neutral_v0,playtest_parameter_ready
459,digimon,megidramon_x,メギドラモン（X抗体）,究極体,project_generated_gameplay_v0_noncanonical,究極体,special_tank,600,110,75,105,80,105,125,slow,30,240,neutral_v0,playtest_parameter_ready
460,digimon,weregarurumon_x,ワーガルルモン（X抗体）,完全体,project_generated_gameplay_v0_noncanonical,完全体,swift_special,520,78,69,78,111,103,81,slow,60,180,neutral_v0,playtest_parameter_ready
461,digimon,lilimon_x,リリモン（X抗体）,完全体,project_generated_gameplay_v0_noncanonical,完全体,mixed,520,87,96,78,86,95,78,slow,60,180,neutral_v0,playtest_parameter_ready
462,digimon,sakuyamon_x,サクヤモン（Ｘ抗体）,究極体,project_generated_gameplay_v0_noncanonical,究極体,physical,600,100,125,100,95,80,100,slow,30,240,neutral_v0,playtest_parameter_ready
463,digimon,beelzebumon_x,ベルゼブモン（X抗体）,究極体,project_generated_gameplay_v0_noncanonical,究極体,mixed,600,100,110,90,100,110,90,slow,30,240,neutral_v0,playtest_parameter_ready
464,digimon,megalogrowmon_x,メガログラウモン（X抗体）,完全体,project_generated_gameplay_v0_noncanonical,完全体,mixed,520,87,96,78,86,95,78,slow,60,180,neutral_v0,playtest_parameter_ready
465,digimon,rhinomon_x,ライノモン（Ｘ抗体）,成熟期,project_generated_gameplay_v0_noncanonical,成熟期,physical_tank,430,79,76,94,53,53,75,medium_slow,120,120,neutral_v0,playtest_parameter_ready
466,digimon,renamon_x,レナモン（Ｘ抗体）,成長期,project_generated_gameplay_v0_noncanonical,成長期,swift_physical,330,50,67,46,71,44,52,medium_fast,180,70,neutral_v0,playtest_parameter_ready
467,digimon,tokomon_x,トコモン（Ｘ抗体）,幼年期Ⅱ,project_generated_gameplay_v0_noncanonical,幼年期Ⅱ,special,240,40,32,38,40,50,40,medium_fast,220,45,neutral_v0,playtest_parameter_ready
468,digimon,beelstarmon_x,ベルスターモン（Ｘ抗体）,究極体,project_generated_gameplay_v0_noncanonical,究極体,swift_physical,600,90,120,85,130,80,95,slow,30,240,neutral_v0,playtest_parameter_ready
469,digimon,dukemon_x,デュークモン（X抗体）,究極体,project_generated_gameplay_v0_noncanonical,究極体,special_tank,600,110,75,105,80,105,125,slow,30,240,neutral_v0,playtest_parameter_ready
470,digimon,cerberumon_x,ケルベロモン（X抗体）,完全体,project_generated_gameplay_v0_noncanonical,完全体,physical,520,87,109,87,82,69,86,slow,60,180,neutral_v0,playtest_parameter_ready
471,digimon,tyranomon_x,ティラノモン（X抗体）,成熟期,project_generated_gameplay_v0_noncanonical,成熟期,balanced,430,72,72,72,72,71,71,medium_slow,120,120,neutral_v0,playtest_parameter_ready
472,digimon,dracomon_x,ドラコモン（X抗体）,成長期,project_generated_gameplay_v0_noncanonical,成長期,special_tank,330,61,42,58,44,57,68,medium_fast,180,70,neutral_v0,playtest_parameter_ready
473,digimon,gabumon_x,ガブモン（X抗体）,成長期,project_generated_gameplay_v0_noncanonical,成長期,balanced,330,55,55,55,55,55,55,medium_fast,180,70,neutral_v0,playtest_parameter_ready
474,digimon,minervamon_x,ミネルヴァモン（X抗体）,究極体,project_generated_gameplay_v0_noncanonical,究極体,physical,600,100,125,100,95,80,100,slow,30,240,neutral_v0,playtest_parameter_ready
475,digimon,lordknightmon_x,ロードナイトモン（X抗体）,究極体,project_generated_gameplay_v0_noncanonical,究極体,physical_tank,600,110,105,130,75,75,105,slow,30,240,neutral_v0,playtest_parameter_ready
476,digimon,sistermon_ciel,シスタモン シエル,成熟期,project_generated_gameplay_v0_noncanonical,成熟期,balanced,430,72,72,72,72,71,71,medium_slow,120,120,neutral_v0,playtest_parameter_ready
477,digimon,metaltyranomon_x,メタルティラノモン（X抗体）,完全体,project_generated_gameplay_v0_noncanonical,完全体,physical_tank,520,96,91,112,65,65,91,slow,60,180,neutral_v0,playtest_parameter_ready
478,digimon,leomon_x,レオモン（X抗体）,成熟期,project_generated_gameplay_v0_noncanonical,成熟期,swift_physical,430,65,87,60,93,57,68,medium_slow,120,120,neutral_v0,playtest_parameter_ready
479,digimon,agumon_x,アグモン（X抗体）,成長期,project_generated_gameplay_v0_noncanonical,成長期,special_tank,330,61,42,58,44,57,68,medium_fast,180,70,neutral_v0,playtest_parameter_ready
480,digimon,jesmon_x,ジエスモン（X抗体）,究極体,project_generated_gameplay_v0_noncanonical,究極体,physical,600,100,125,100,95,80,100,slow,30,240,neutral_v0,playtest_parameter_ready
481,digimon,ragnaloardmon,ラグナロードモン,究極体,project_generated_gameplay_v0_noncanonical,究極体,physical_tank,600,110,105,130,75,75,105,slow,30,240,neutral_v0,playtest_parameter_ready
482,digimon,rafflesimon,ラフレシモン,究極体,project_generated_gameplay_v0_noncanonical,究極体,special,600,100,80,95,100,125,100,slow,30,240,neutral_v0,playtest_parameter_ready
483,digimon,ordinemon,オルディネモン,究極体,project_generated_gameplay_v0_noncanonical,究極体,physical,600,100,125,100,95,80,100,slow,30,240,neutral_v0,playtest_parameter_ready
484,digimon,raptorsparrowmon,ラプタースパロウモン,"成熟期
(クロスウォーズ)",project_generated_gameplay_v0_noncanonical,成熟期,swift_special,430,64,57,64,93,85,67,medium_slow,120,120,neutral_v0,playtest_parameter_ready
485,digimon,banchogolemon,バンチョーゴーレモン,究極体,project_generated_gameplay_v0_noncanonical,究極体,special_tank,600,110,75,105,80,105,125,slow,30,240,neutral_v0,playtest_parameter_ready
486,digimon,cerberumon_werewolfmode,ケルベロモン：人狼モード,完全体,project_generated_gameplay_v0_noncanonical,完全体,physical_tank,520,96,91,112,65,65,91,slow,60,180,neutral_v0,playtest_parameter_ready
487,digimon,growmon_orange,グラウモン（橙）,成熟期,project_generated_gameplay_v0_noncanonical,成熟期,swift_special,430,64,57,64,93,85,67,medium_slow,120,120,neutral_v0,playtest_parameter_ready
488,digimon,toyagumon_black,トイアグモン（黒）,成長期,project_generated_gameplay_v0_noncanonical,成長期,physical_tank,330,61,58,72,41,41,57,medium_fast,180,70,neutral_v0,playtest_parameter_ready
489,digimon,shootingstarmon,シューティングスターモン,"成熟期
(クロスウォーズ)",project_generated_gameplay_v0_noncanonical,成熟期,swift_physical,430,65,87,60,93,57,68,medium_slow,120,120,neutral_v0,playtest_parameter_ready
490,digimon,justimon_criticalarm,ジャスティモン：クリティカルアーム,究極体,project_generated_gameplay_v0_noncanonical,究極体,physical_tank,600,110,105,130,75,75,105,slow,30,240,neutral_v0,playtest_parameter_ready
491,digimon,yatagaramon_axcel,ヤタガラモン,完全体,project_generated_gameplay_v0_noncanonical,完全体,balanced,520,87,87,87,87,86,86,slow,60,180,neutral_v0,playtest_parameter_ready
492,digimon,dinohumon,ディノヒューモン,成熟期,project_generated_gameplay_v0_noncanonical,成熟期,physical,430,72,90,72,68,57,71,medium_slow,120,120,neutral_v0,playtest_parameter_ready
493,digimon,rapidmon_gold,ラピッドモン,アーマー体,project_generated_gameplay_v0_noncanonical,アーマー体,physical,450,76,93,75,71,60,75,medium_slow,100,140,neutral_v0,playtest_parameter_ready
494,digimon,yaegerdorurumon,イェーガードルルモン,"完全体
(クロスウォーズ)",project_generated_gameplay_v0_noncanonical,完全体,swift_special,520,78,69,78,111,103,81,slow,60,180,neutral_v0,playtest_parameter_ready
495,digimon,gundramon,ガンドラモン,究極体,project_generated_gameplay_v0_noncanonical,究極体,physical_tank,600,110,105,130,75,75,105,slow,30,240,neutral_v0,playtest_parameter_ready
496,digimon,aegiochusmon_holly,アイギオテュースモン：ホーリー,完全体,project_generated_gameplay_v0_noncanonical,完全体,mixed,520,87,96,78,86,95,78,slow,60,180,neutral_v0,playtest_parameter_ready
497,digimon,gabumon_black,ガブモン（黒）,成長期,project_generated_gameplay_v0_noncanonical,成長期,swift_physical,330,50,67,46,71,44,52,medium_fast,180,70,neutral_v0,playtest_parameter_ready
498,digimon,pipimon,ピピモン,幼年期Ⅰ,project_generated_gameplay_v0_noncanonical,幼年期Ⅰ,balanced,180,30,30,30,30,30,30,medium_fast,255,30,neutral_v0,playtest_parameter_ready
499,digimon,raguelmon,ラグエルモン,究極体,project_generated_gameplay_v0_noncanonical,究極体,balanced,600,100,100,100,100,100,100,slow,30,240,neutral_v0,playtest_parameter_ready
500,digimon,bryweludramon,ブリウエルドラモン,究極体,project_generated_gameplay_v0_noncanonical,究極体,mixed,600,100,110,90,100,110,90,slow,30,240,neutral_v0,playtest_parameter_ready
501,digimon,volcanicdramon,ヴォルケニックドラモン,究極体,project_generated_gameplay_v0_noncanonical,究極体,special,600,100,80,95,100,125,100,slow,30,240,neutral_v0,playtest_parameter_ready
502,digimon,lavogaritamon,ラヴォガリータモン,完全体,project_generated_gameplay_v0_noncanonical,完全体,special,520,87,70,83,86,108,86,slow,60,180,neutral_v0,playtest_parameter_ready
503,digimon,meicrackmon_v,メイクラックモン：ヴィシャスモード,完全体,project_generated_gameplay_v0_noncanonical,完全体,special_tank,520,96,65,91,69,91,108,slow,60,180,neutral_v0,playtest_parameter_ready
504,digimon,mastemon,マスティモン,究極体,project_generated_gameplay_v0_noncanonical,究極体,balanced,600,100,100,100,100,100,100,slow,30,240,neutral_v0,playtest_parameter_ready
505,digimon,voltobautamon,ボルトバウタモン,究極体,project_generated_gameplay_v0_noncanonical,究極体,physical_tank,600,110,105,130,75,75,105,slow,30,240,neutral_v0,playtest_parameter_ready
506,digimon,raijiludomon,ライジルドモン,完全体,project_generated_gameplay_v0_noncanonical,完全体,physical,520,87,109,87,82,69,86,slow,60,180,neutral_v0,playtest_parameter_ready
507,digimon,tialudomon,ティアルドモン,成熟期,project_generated_gameplay_v0_noncanonical,成熟期,swift_special,430,64,57,64,93,85,67,medium_slow,120,120,neutral_v0,playtest_parameter_ready
508,digimon,lavorvomon,ラヴォーボモン,成熟期,project_generated_gameplay_v0_noncanonical,成熟期,swift_physical,430,65,87,60,93,57,68,medium_slow,120,120,neutral_v0,playtest_parameter_ready
509,digimon,bushiagumon,ブシアグモン,成長期,project_generated_gameplay_v0_noncanonical,成長期,swift_special,330,50,44,50,70,65,51,medium_fast,180,70,neutral_v0,playtest_parameter_ready
510,digimon,ludomon,ルドモン,成長期,project_generated_gameplay_v0_noncanonical,成長期,special_tank,330,61,42,58,44,57,68,medium_fast,180,70,neutral_v0,playtest_parameter_ready
511,digimon,kakkinmon,カッキンモン,幼年期Ⅱ,project_generated_gameplay_v0_noncanonical,幼年期Ⅱ,swift_physical,240,36,48,34,52,32,38,medium_fast,220,45,neutral_v0,playtest_parameter_ready
512,digimon,cotsucomon,コツコモン,幼年期Ⅰ,project_generated_gameplay_v0_noncanonical,幼年期Ⅰ,swift_special,180,27,24,27,39,35,28,medium_fast,255,30,neutral_v0,playtest_parameter_ready
513,digimon,andiramon_2,アンティラモン,完全体,project_generated_gameplay_v0_noncanonical,完全体,special_tank,520,96,65,91,69,91,108,slow,60,180,neutral_v0,playtest_parameter_ready
514,digimon,meicoomon,メイクーモン,成熟期,project_generated_gameplay_v0_noncanonical,成熟期,swift_special,430,64,57,64,93,85,67,medium_slow,120,120,neutral_v0,playtest_parameter_ready
515,digimon,whamon_2,ホエーモン（成熟期）,成熟期,project_generated_gameplay_v0_noncanonical,成熟期,swift_physical,430,65,87,60,93,57,68,medium_slow,120,120,neutral_v0,playtest_parameter_ready
516,digimon,gekomon,ゲコモン,成熟期,project_generated_gameplay_v0_noncanonical,成熟期,special,430,72,58,69,71,89,71,medium_slow,120,120,neutral_v0,playtest_parameter_ready
517,digimon,vorvomon,ヴォーボモン,成長期,project_generated_gameplay_v0_noncanonical,成長期,swift_special,330,50,44,50,70,65,51,medium_fast,180,70,neutral_v0,playtest_parameter_ready
518,digimon,atlurballistamon,アトラーバリスタモン,"完全体
(クロスウォーズ)",project_generated_gameplay_v0_noncanonical,完全体,special,520,87,70,83,86,108,86,slow,60,180,neutral_v0,playtest_parameter_ready
519,digimon,omegamon_alter-b,オメガモン Alter-B,究極体,project_generated_gameplay_v0_noncanonical,究極体,physical,600,100,125,100,95,80,100,slow,30,240,neutral_v0,playtest_parameter_ready
520,digimon,blackmachgaogamon,ブラックマッハガオガモン,完全体,project_generated_gameplay_v0_noncanonical,完全体,physical_tank,520,96,91,112,65,65,91,slow,60,180,neutral_v0,playtest_parameter_ready
521,digimon,blackgaogamon,ブラックガオガモン,成熟期,project_generated_gameplay_v0_noncanonical,成熟期,swift_special,430,64,57,64,93,85,67,medium_slow,120,120,neutral_v0,playtest_parameter_ready
522,digimon,falcomon-2006,ファルコモン（２００６アニメ版）,成長期,project_generated_gameplay_v0_noncanonical,成長期,special,330,56,44,52,55,68,55,medium_fast,180,70,neutral_v0,playtest_parameter_ready
523,digimon,kudamon-2006,クダモン（２００６アニメ版）,成長期,project_generated_gameplay_v0_noncanonical,成長期,balanced,330,55,55,55,55,55,55,medium_fast,180,70,neutral_v0,playtest_parameter_ready
524,digimon,neo,ネオ,不明,project_generated_gameplay_v0_noncanonical,不明,swift_special,430,64,57,64,93,85,67,medium_slow,120,120,neutral_v0,playtest_parameter_ready
525,digimon,yakiimon,ヤキイモン,"成熟期
(クロスウォーズ)",project_generated_gameplay_v0_noncanonical,成熟期,swift_physical,430,65,87,60,93,57,68,medium_slow,120,120,neutral_v0,playtest_parameter_ready
526,digimon,monimon,モニモン,"幼年期Ⅱ
(クロスウォーズ)",project_generated_gameplay_v0_noncanonical,幼年期Ⅱ,swift_physical,240,36,48,34,52,32,38,medium_fast,220,45,neutral_v0,playtest_parameter_ready
527,digimon,monitamon,モニタモン,"成長期
(クロスウォーズ)",project_generated_gameplay_v0_noncanonical,成長期,special_tank,330,61,42,58,44,57,68,medium_fast,180,70,neutral_v0,playtest_parameter_ready
528,digimon,mervamon,メルヴァモン,"究極体
(クロスウォーズ)",project_generated_gameplay_v0_noncanonical,究極体,swift_physical,600,90,120,85,130,80,95,slow,30,240,neutral_v0,playtest_parameter_ready
529,digimon,metalgreymon_cyberlauncher,メタルグレイモン＋サイバーランチャー,"完全体
(クロスウォーズ)",project_generated_gameplay_v0_noncanonical,完全体,special_tank,520,96,65,91,69,91,108,slow,60,180,neutral_v0,playtest_parameter_ready
530,digimon,metalgreymon,メタルグレイモン（2010アニメ版）,"完全体
(クロスウォーズ)",project_generated_gameplay_v0_noncanonical,完全体,balanced,520,87,87,87,87,86,86,slow,60,180,neutral_v0,playtest_parameter_ready
531,digimon,mailbirdramon,メイルバードラモン,"成熟期
(クロスウォーズ)",project_generated_gameplay_v0_noncanonical,成熟期,mixed,430,72,79,65,72,78,64,medium_slow,120,120,neutral_v0,playtest_parameter_ready
532,digimon,musoknightmon,ムソーナイトモン,"完全体
(クロスウォーズ)",project_generated_gameplay_v0_noncanonical,完全体,swift_physical,520,79,105,73,112,69,82,slow,60,180,neutral_v0,playtest_parameter_ready
533,digimon,madleomon:armedmode,マッドレオモン：アームドモード,"成熟期
(クロスウォーズ)",project_generated_gameplay_v0_noncanonical,成熟期,balanced,430,72,72,72,72,71,71,medium_slow,120,120,neutral_v0,playtest_parameter_ready
534,digimon,madleomon,マッドレオモン,"成熟期
(クロスウォーズ)",project_generated_gameplay_v0_noncanonical,成熟期,special_tank,430,79,54,76,57,75,89,medium_slow,120,120,neutral_v0,playtest_parameter_ready
535,digimon,bombmon-xwars,ボムモン（2010アニメ版）,"幼年期Ⅰ
(クロスウォーズ)",project_generated_gameplay_v0_noncanonical,幼年期Ⅰ,special_tank,180,34,23,31,24,31,37,medium_fast,255,30,neutral_v0,playtest_parameter_ready
536,digimon,beelzebumon-xwars,ベルゼブモン（2010アニメ版）,"究極体
(クロスウォーズ)",project_generated_gameplay_v0_noncanonical,究極体,special,600,100,80,95,100,125,100,slow,30,240,neutral_v0,playtest_parameter_ready
537,digimon,blastmon,ブラストモン,"究極体
(クロスウォーズ)",project_generated_gameplay_v0_noncanonical,究極体,special,600,100,80,95,100,125,100,slow,30,240,neutral_v0,playtest_parameter_ready
538,digimon,footmon,フットモン,"完全体
(クロスウォーズ)",project_generated_gameplay_v0_noncanonical,完全体,balanced,520,87,87,87,87,86,86,slow,60,180,neutral_v0,playtest_parameter_ready
539,digimon,pillomon,ピロモン,"成長期
(クロスウォーズ)",project_generated_gameplay_v0_noncanonical,成長期,swift_special,330,50,44,50,70,65,51,medium_fast,180,70,neutral_v0,playtest_parameter_ready
540,digimon,pickmon,ピックモン,"幼年期Ⅱ
(クロスウォーズ)",project_generated_gameplay_v0_noncanonical,幼年期Ⅱ,swift_physical,240,36,48,34,52,32,38,medium_fast,220,45,neutral_v0,playtest_parameter_ready
541,digimon,baristamon,バリスタモン,"成熟期
(クロスウォーズ)",project_generated_gameplay_v0_noncanonical,成熟期,special,430,72,58,69,71,89,71,medium_slow,120,120,neutral_v0,playtest_parameter_ready
542,digimon,bacomon,バコモン,"成長期
(クロスウォーズ)",project_generated_gameplay_v0_noncanonical,成長期,physical,330,56,68,55,52,44,55,medium_fast,180,70,neutral_v0,playtest_parameter_ready
543,digimon,bagramon,バグラモン,"究極体
(クロスウォーズ)",project_generated_gameplay_v0_noncanonical,究極体,physical_tank,600,110,105,130,75,75,105,slow,30,240,neutral_v0,playtest_parameter_ready
544,digimon,hi-visionmonitamon,ハイビジョンモニタモン,"成熟期
(クロスウォーズ)",project_generated_gameplay_v0_noncanonical,成熟期,balanced,430,72,72,72,72,71,71,medium_slow,120,120,neutral_v0,playtest_parameter_ready
545,digimon,baalmon,バアルモン,"完全体
(クロスウォーズ)",project_generated_gameplay_v0_noncanonical,完全体,swift_special,520,78,69,78,111,103,81,slow,60,180,neutral_v0,playtest_parameter_ready
546,digimon,neovamdemon,ネオヴァンデモン,"究極体
(クロスウォーズ)",project_generated_gameplay_v0_noncanonical,究極体,swift_physical,600,90,120,85,130,80,95,slow,30,240,neutral_v0,playtest_parameter_ready
547,digimon,dondokomon,ドンドコモン,"成長期
(クロスウォーズ)",project_generated_gameplay_v0_noncanonical,成長期,special,330,56,44,52,55,68,55,medium_fast,180,70,neutral_v0,playtest_parameter_ready
548,digimon,donshoutmon,ドンシャウトモン,"成熟期
(クロスウォーズ)",project_generated_gameplay_v0_noncanonical,成熟期,special_tank,430,79,54,76,57,75,89,medium_slow,120,120,neutral_v0,playtest_parameter_ready
549,digimon,dorulumon,ドルルモン,"成熟期
(クロスウォーズ)",project_generated_gameplay_v0_noncanonical,成熟期,physical_tank,430,79,76,94,53,53,75,medium_slow,120,120,neutral_v0,playtest_parameter_ready
550,digimon,dorbickmon,ドルビックモン,"究極体
(クロスウォーズ)",project_generated_gameplay_v0_noncanonical,究極体,special,600,100,80,95,100,125,100,slow,30,240,neutral_v0,playtest_parameter_ready
551,digimon,troopmon,トループモン,"成熟期
(クロスウォーズ)",project_generated_gameplay_v0_noncanonical,成熟期,balanced,430,72,72,72,72,71,71,medium_slow,120,120,neutral_v0,playtest_parameter_ready
552,digimon,deadlyaxemon,デッドリーアックスモン,"成熟期
(クロスウォーズ)",project_generated_gameplay_v0_noncanonical,成熟期,physical_tank,430,79,76,94,53,53,75,medium_slow,120,120,neutral_v0,playtest_parameter_ready
553,digimon,deckerdramon,デッカードラモン,"成熟期
(クロスウォーズ)",project_generated_gameplay_v0_noncanonical,成熟期,physical_tank,430,79,76,94,53,53,75,medium_slow,120,120,neutral_v0,playtest_parameter_ready
554,digimon,deckergreymon,デッカーグレイモン,"完全体
(クロスウォーズ)",project_generated_gameplay_v0_noncanonical,完全体,swift_physical,520,79,105,73,112,69,82,slow,60,180,neutral_v0,playtest_parameter_ready
555,digimon,tuwarmon,ツワーモン,"成熟期
(クロスウォーズ)",project_generated_gameplay_v0_noncanonical,成熟期,physical,430,72,90,72,68,57,71,medium_slow,120,120,neutral_v0,playtest_parameter_ready
556,digimon,tyutyumon,チューチューモン,"成長期
(クロスウォーズ)",project_generated_gameplay_v0_noncanonical,成長期,balanced,330,55,55,55,55,55,55,medium_fast,180,70,neutral_v0,playtest_parameter_ready
557,digimon,chibickmon,チビックモン,"幼年期Ⅰ
(クロスウォーズ)",project_generated_gameplay_v0_noncanonical,幼年期Ⅰ,swift_physical,180,28,36,25,39,24,28,medium_fast,255,30,neutral_v0,playtest_parameter_ready
558,digimon,chikurimon,チクリモン,"成長期
(クロスウォーズ)",project_generated_gameplay_v0_noncanonical,成長期,physical_tank,330,61,58,72,41,41,57,medium_fast,180,70,neutral_v0,playtest_parameter_ready
559,digimon,damemon,ダメモン,"成熟期
(クロスウォーズ)",project_generated_gameplay_v0_noncanonical,成熟期,swift_physical,430,65,87,60,93,57,68,medium_slow,120,120,neutral_v0,playtest_parameter_ready
560,digimon,tactimon,タクティモン,"究極体
(クロスウォーズ)",project_generated_gameplay_v0_noncanonical,究極体,physical,600,100,125,100,95,80,100,slow,30,240,neutral_v0,playtest_parameter_ready
561,digimon,darknessbagramon,ダークネスバグラモン,"究極体
(クロスウォーズ)",project_generated_gameplay_v0_noncanonical,究極体,special,600,100,80,95,100,125,100,slow,30,240,neutral_v0,playtest_parameter_ready
562,digimon,darkknightmon,ダークナイトモン,"完全体
(クロスウォーズ)",project_generated_gameplay_v0_noncanonical,完全体,mixed,520,87,96,78,86,95,78,slow,60,180,neutral_v0,playtest_parameter_ready
563,digimon,zenimon,ゼニモン,"成長期
(クロスウォーズ)",project_generated_gameplay_v0_noncanonical,成長期,swift_special,330,50,44,50,70,65,51,medium_fast,180,70,neutral_v0,playtest_parameter_ready
564,digimon,splashmon,スプラッシュモン,"完全体
(クロスウォーズ)",project_generated_gameplay_v0_noncanonical,完全体,physical_tank,520,96,91,112,65,65,91,slow,60,180,neutral_v0,playtest_parameter_ready
565,digimon,sparrowmon,スパロウモン,"成長期
(クロスウォーズ)",project_generated_gameplay_v0_noncanonical,成長期,balanced,330,55,55,55,55,55,55,medium_fast,180,70,neutral_v0,playtest_parameter_ready
566,digimon,starmons,スターモンズ,"成長期
(クロスウォーズ)",project_generated_gameplay_v0_noncanonical,成長期,physical,330,56,68,55,52,44,55,medium_fast,180,70,neutral_v0,playtest_parameter_ready
567,digimon,skullknightmonbigaxemode,スカルナイトモン：ビッグアックスモード,"成熟期
(クロスウォーズ)",project_generated_gameplay_v0_noncanonical,成熟期,physical_tank,430,79,76,94,53,53,75,medium_slow,120,120,neutral_v0,playtest_parameter_ready
568,digimon,skullknightmoncavaliermode,スカルナイトモン：騎馬モード,"成熟期
(クロスウォーズ)",project_generated_gameplay_v0_noncanonical,成熟期,special,430,72,58,69,71,89,71,medium_slow,120,120,neutral_v0,playtest_parameter_ready
569,digimon,skullknightmon,スカルナイトモン,"成熟期
(クロスウォーズ)",project_generated_gameplay_v0_noncanonical,成熟期,balanced,430,72,72,72,72,71,71,medium_slow,120,120,neutral_v0,playtest_parameter_ready
570,digimon,jokermon,ジョーカーモン,"完全体
(クロスウォーズ)",project_generated_gameplay_v0_noncanonical,完全体,physical,520,87,109,87,82,69,86,slow,60,180,neutral_v0,playtest_parameter_ready
571,digimon,shonitamon,シャニタモン,"成熟期
(クロスウォーズ)",project_generated_gameplay_v0_noncanonical,成熟期,special,430,72,58,69,71,89,71,medium_slow,120,120,neutral_v0,playtest_parameter_ready
572,digimon,dorulucannon,シャウトモン＋ドルルキャノン,"成長期
(クロスウォーズ)",project_generated_gameplay_v0_noncanonical,成長期,balanced,330,55,55,55,55,55,55,medium_fast,180,70,neutral_v0,playtest_parameter_ready
573,digimon,starsword,シャウトモン＋スターソード,"成長期
(クロスウォーズ)",project_generated_gameplay_v0_noncanonical,成長期,mixed,330,56,61,49,55,60,49,medium_fast,180,70,neutral_v0,playtest_parameter_ready
574,digimon,jetsparrow,シャウトモン＋ジェットスパロウ,"成長期
(クロスウォーズ)",project_generated_gameplay_v0_noncanonical,成長期,mixed,330,56,61,49,55,60,49,medium_fast,180,70,neutral_v0,playtest_parameter_ready
575,digimon,shoutmonx7,シャウトモンX7,"究極体
(クロスウォーズ)",project_generated_gameplay_v0_noncanonical,究極体,special,600,100,80,95,100,125,100,slow,30,240,neutral_v0,playtest_parameter_ready
576,digimon,shoutmonx5b,シャウトモンX5B,"究極体
(クロスウォーズ)",project_generated_gameplay_v0_noncanonical,究極体,special,600,100,80,95,100,125,100,slow,30,240,neutral_v0,playtest_parameter_ready
577,digimon,shoutmonx5,シャウトモンX5,"完全体
(クロスウォーズ)",project_generated_gameplay_v0_noncanonical,完全体,swift_special,520,78,69,78,111,103,81,slow,60,180,neutral_v0,playtest_parameter_ready
578,digimon,shoutmonx4b,シャウトモンX4B,"完全体
(クロスウォーズ)",project_generated_gameplay_v0_noncanonical,完全体,mixed,520,87,96,78,86,95,78,slow,60,180,neutral_v0,playtest_parameter_ready
579,digimon,shoutmonx4,シャウトモンX4,"成熟期
(クロスウォーズ)",project_generated_gameplay_v0_noncanonical,成熟期,mixed,430,72,79,65,72,78,64,medium_slow,120,120,neutral_v0,playtest_parameter_ready
580,digimon,shoutmonx3,シャウトモンX3,"成熟期
(クロスウォーズ)",project_generated_gameplay_v0_noncanonical,成熟期,special_tank,430,79,54,76,57,75,89,medium_slow,120,120,neutral_v0,playtest_parameter_ready
581,digimon,shoutmonx2,シャウトモンX2,"成熟期
(クロスウォーズ)",project_generated_gameplay_v0_noncanonical,成熟期,physical,430,72,90,72,68,57,71,medium_slow,120,120,neutral_v0,playtest_parameter_ready
582,digimon,shoutmondx,シャウトモンDX,"究極体
(クロスウォーズ)",project_generated_gameplay_v0_noncanonical,究極体,mixed,600,100,110,90,100,110,90,slow,30,240,neutral_v0,playtest_parameter_ready
583,digimon,shoutmon,シャウトモン,"成長期
(クロスウォーズ)",project_generated_gameplay_v0_noncanonical,成長期,swift_physical,330,50,67,46,71,44,52,medium_fast,180,70,neutral_v0,playtest_parameter_ready
584,digimon,jetmervamon,ジェットメルヴァモン,"究極体
(クロスウォーズ)",project_generated_gameplay_v0_noncanonical,究極体,balanced,600,100,100,100,100,100,100,slow,30,240,neutral_v0,playtest_parameter_ready
585,digimon,zekegreymon,ジークグレイモン,"究極体
(クロスウォーズ)",project_generated_gameplay_v0_noncanonical,究極体,special_tank,600,110,75,105,80,105,125,slow,30,240,neutral_v0,playtest_parameter_ready
586,digimon,zamielmon,ザミエールモン,"完全体
(クロスウォーズ)",project_generated_gameplay_v0_noncanonical,完全体,special,520,87,70,83,86,108,86,slow,60,180,neutral_v0,playtest_parameter_ready
587,digimon,soundbirdmon,サウンドバードモン,"成長期
(クロスウォーズ)",project_generated_gameplay_v0_noncanonical,成長期,swift_special,330,50,44,50,70,65,51,medium_fast,180,70,neutral_v0,playtest_parameter_ready
588,digimon,cyberdramon-xwars,サイバードラモン,"完全体
(クロスウォーズ)",project_generated_gameplay_v0_noncanonical,完全体,swift_special,520,78,69,78,111,103,81,slow,60,180,neutral_v0,playtest_parameter_ready
589,digimon,kozenimon,コゼニモン,"幼年期Ⅱ
(クロスウォーズ)",project_generated_gameplay_v0_noncanonical,幼年期Ⅱ,special,240,40,32,38,40,50,40,medium_fast,220,45,neutral_v0,playtest_parameter_ready
590,digimon,greymon,グレイモン（2010アニメ版）,"成熟期
(クロスウォーズ)",project_generated_gameplay_v0_noncanonical,成熟期,physical,430,72,90,72,68,57,71,medium_slow,120,120,neutral_v0,playtest_parameter_ready
591,digimon,gravimon,グラビモン,"完全体
(クロスウォーズ)",project_generated_gameplay_v0_noncanonical,完全体,mixed,520,87,96,78,86,95,78,slow,60,180,neutral_v0,playtest_parameter_ready
592,digimon,cutemon,キュートモン,"成長期
(クロスウォーズ)",project_generated_gameplay_v0_noncanonical,成長期,physical,330,56,68,55,52,44,55,medium_fast,180,70,neutral_v0,playtest_parameter_ready
593,digimon,gumdramon,ガムドラモン,"成長期
(クロスウォーズ)",project_generated_gameplay_v0_noncanonical,成長期,balanced,330,55,55,55,55,55,55,medium_fast,180,70,neutral_v0,playtest_parameter_ready
594,digimon,ganemon,ガネモン,"成熟期
(クロスウォーズ)",project_generated_gameplay_v0_noncanonical,成熟期,swift_physical,430,65,87,60,93,57,68,medium_slow,120,120,neutral_v0,playtest_parameter_ready
595,digimon,gaossmon,ガオスモン,"成長期
(クロスウォーズ)",project_generated_gameplay_v0_noncanonical,成長期,physical,330,56,68,55,52,44,55,medium_fast,180,70,neutral_v0,playtest_parameter_ready
596,digimon,olegmon,オレーグモン,"究極体
(クロスウォーズ)",project_generated_gameplay_v0_noncanonical,究極体,physical_tank,600,110,105,130,75,75,105,slow,30,240,neutral_v0,playtest_parameter_ready
597,digimon,omegashoutmon,オメガシャウトモン,"完全体
(クロスウォーズ)",project_generated_gameplay_v0_noncanonical,完全体,swift_special,520,78,69,78,111,103,81,slow,60,180,neutral_v0,playtest_parameter_ready
598,digimon,ekakimon,エカキモン,"成長期
(クロスウォーズ)",project_generated_gameplay_v0_noncanonical,成長期,physical,330,56,68,55,52,44,55,medium_fast,180,70,neutral_v0,playtest_parameter_ready
599,digimon,iguneetmon,イグニートモン,"成長期
(クロスウォーズ)",project_generated_gameplay_v0_noncanonical,成長期,physical,330,56,68,55,52,44,55,medium_fast,180,70,neutral_v0,playtest_parameter_ready
600,digimon,arresterdramon,アレスタードラモン,"成熟期
(クロスウォーズ)",project_generated_gameplay_v0_noncanonical,成熟期,physical_tank,430,79,76,94,53,53,75,medium_slow,120,120,neutral_v0,playtest_parameter_ready
601,digimon,louwemon,レーベモン,ハイブリッド体,project_generated_gameplay_v0_noncanonical,ハイブリッド体,balanced,500,84,84,83,83,83,83,slow,75,170,neutral_v0,playtest_parameter_ready
602,digimon,ranamon,ラーナモン,ハイブリッド体,project_generated_gameplay_v0_noncanonical,ハイブリッド体,balanced,500,84,84,83,83,83,83,slow,75,170,neutral_v0,playtest_parameter_ready
603,digimon,raihimon,ライヒモン,ハイブリッド体,project_generated_gameplay_v0_noncanonical,ハイブリッド体,physical_tank,500,92,88,109,62,62,87,slow,75,170,neutral_v0,playtest_parameter_ready
604,digimon,rhinokabuterimon,ライノカブテリモン,ハイブリッド体,project_generated_gameplay_v0_noncanonical,ハイブリッド体,mixed,500,84,92,75,83,91,75,slow,75,170,neutral_v0,playtest_parameter_ready
605,digimon,mercuremon,メルキューレモン,ハイブリッド体,project_generated_gameplay_v0_noncanonical,ハイブリッド体,swift_physical,500,76,101,70,108,66,79,slow,75,170,neutral_v0,playtest_parameter_ready
606,digimon,magnagarurumon,マグナガルルモン,ハイブリッド体,project_generated_gameplay_v0_noncanonical,ハイブリッド体,special_tank,500,92,63,88,66,87,104,slow,75,170,neutral_v0,playtest_parameter_ready
607,digimon,bolgmon,ボルグモン,ハイブリッド体,project_generated_gameplay_v0_noncanonical,ハイブリッド体,special_tank,500,92,63,88,66,87,104,slow,75,170,neutral_v0,playtest_parameter_ready
608,digimon,velgrmon,ベルグモン,ハイブリッド体,project_generated_gameplay_v0_noncanonical,ハイブリッド体,special_tank,500,92,63,88,66,87,104,slow,75,170,neutral_v0,playtest_parameter_ready
609,digimon,petaldramon,ペタルドラモン,ハイブリッド体,project_generated_gameplay_v0_noncanonical,ハイブリッド体,swift_physical,500,76,101,70,108,66,79,slow,75,170,neutral_v0,playtest_parameter_ready
610,digimon,beowolfmon,ベオウルフモン,ハイブリッド体,project_generated_gameplay_v0_noncanonical,ハイブリッド体,special,500,84,67,79,83,104,83,slow,75,170,neutral_v0,playtest_parameter_ready
611,digimon,flamon,フレイモン,ハイブリッド体,project_generated_gameplay_v0_noncanonical,ハイブリッド体,swift_physical,500,76,101,70,108,66,79,slow,75,170,neutral_v0,playtest_parameter_ready
612,digimon,blitzmon,ブリッツモン,ハイブリッド体,project_generated_gameplay_v0_noncanonical,ハイブリッド体,physical_tank,500,92,88,109,62,62,87,slow,75,170,neutral_v0,playtest_parameter_ready
613,digimon,blizzarmon,ブリザーモン,ハイブリッド体,project_generated_gameplay_v0_noncanonical,ハイブリッド体,special,500,84,67,79,83,104,83,slow,75,170,neutral_v0,playtest_parameter_ready
614,digimon,fairimon,フェアリモン,ハイブリッド体,project_generated_gameplay_v0_noncanonical,ハイブリッド体,swift_physical,500,76,101,70,108,66,79,slow,75,170,neutral_v0,playtest_parameter_ready
615,digimon,chackmon,チャックモン,ハイブリッド体,project_generated_gameplay_v0_noncanonical,ハイブリッド体,swift_special,500,75,67,74,107,99,78,slow,75,170,neutral_v0,playtest_parameter_ready
616,digimon,duskmon,ダスクモン,ハイブリッド体,project_generated_gameplay_v0_noncanonical,ハイブリッド体,swift_physical,500,76,101,70,108,66,79,slow,75,170,neutral_v0,playtest_parameter_ready
617,digimon,daipenmon,ダイペンモン,ハイブリッド体,project_generated_gameplay_v0_noncanonical,ハイブリッド体,swift_physical,500,76,101,70,108,66,79,slow,75,170,neutral_v0,playtest_parameter_ready
618,digimon,sephirothmon,セフィロトモン,ハイブリッド体,project_generated_gameplay_v0_noncanonical,ハイブリッド体,swift_special,500,75,67,74,107,99,78,slow,75,170,neutral_v0,playtest_parameter_ready
619,digimon,storabimon,ストラビモン,ハイブリッド体,project_generated_gameplay_v0_noncanonical,ハイブリッド体,balanced,500,84,84,83,83,83,83,slow,75,170,neutral_v0,playtest_parameter_ready
620,digimon,shutumon,シューツモン,ハイブリッド体,project_generated_gameplay_v0_noncanonical,ハイブリッド体,mixed,500,84,92,75,83,91,75,slow,75,170,neutral_v0,playtest_parameter_ready
621,digimon,jetsilphymon,ジェットシルフィーモン,ハイブリッド体,project_generated_gameplay_v0_noncanonical,ハイブリッド体,swift_special,500,75,67,74,107,99,78,slow,75,170,neutral_v0,playtest_parameter_ready
622,digimon,grottemon,グロットモン,ハイブリッド体,project_generated_gameplay_v0_noncanonical,ハイブリッド体,mixed,500,84,92,75,83,91,75,slow,75,170,neutral_v0,playtest_parameter_ready
623,digimon,gigasmon,ギガスモン,ハイブリッド体,project_generated_gameplay_v0_noncanonical,ハイブリッド体,swift_physical,500,76,101,70,108,66,79,slow,75,170,neutral_v0,playtest_parameter_ready
624,digimon,garummon,ガルムモン,ハイブリッド体,project_generated_gameplay_v0_noncanonical,ハイブリッド体,swift_special,500,75,67,74,107,99,78,slow,75,170,neutral_v0,playtest_parameter_ready
625,digimon,calamaramon,カルマーラモン,ハイブリッド体,project_generated_gameplay_v0_noncanonical,ハイブリッド体,swift_special,500,75,67,74,107,99,78,slow,75,170,neutral_v0,playtest_parameter_ready
626,digimon,kaisergreymon,カイゼルグレイモン,ハイブリッド体,project_generated_gameplay_v0_noncanonical,ハイブリッド体,swift_special,500,75,67,74,107,99,78,slow,75,170,neutral_v0,playtest_parameter_ready
627,digimon,kaiserleomon,カイザーレオモン,ハイブリッド体,project_generated_gameplay_v0_noncanonical,ハイブリッド体,mixed,500,84,92,75,83,91,75,slow,75,170,neutral_v0,playtest_parameter_ready
628,digimon,vritramon,ヴリトラモン,ハイブリッド体,project_generated_gameplay_v0_noncanonical,ハイブリッド体,balanced,500,84,84,83,83,83,83,slow,75,170,neutral_v0,playtest_parameter_ready
629,digimon,wolfmon,ヴォルフモン,ハイブリッド体,project_generated_gameplay_v0_noncanonical,ハイブリッド体,swift_special,500,75,67,74,107,99,78,slow,75,170,neutral_v0,playtest_parameter_ready
630,digimon,arbormon,アルボルモン,ハイブリッド体,project_generated_gameplay_v0_noncanonical,ハイブリッド体,special,500,84,67,79,83,104,83,slow,75,170,neutral_v0,playtest_parameter_ready
631,digimon,aldamon,アルダモン,ハイブリッド体,project_generated_gameplay_v0_noncanonical,ハイブリッド体,special,500,84,67,79,83,104,83,slow,75,170,neutral_v0,playtest_parameter_ready
632,digimon,agnimon,アグニモン,ハイブリッド体,project_generated_gameplay_v0_noncanonical,ハイブリッド体,mixed,500,84,92,75,83,91,75,slow,75,170,neutral_v0,playtest_parameter_ready
633,digimon,rinkmon,リンクモン,アーマー体,project_generated_gameplay_v0_noncanonical,アーマー体,special_tank,450,83,57,79,60,78,93,medium_slow,100,140,neutral_v0,playtest_parameter_ready
634,digimon,lynxmon,ランクスモン,アーマー体,project_generated_gameplay_v0_noncanonical,アーマー体,mixed,450,76,83,67,75,82,67,medium_slow,100,140,neutral_v0,playtest_parameter_ready
635,digimon,rhinomon,ライノモン,アーマー体,project_generated_gameplay_v0_noncanonical,アーマー体,special,450,76,60,71,75,93,75,medium_slow,100,140,neutral_v0,playtest_parameter_ready
636,digimon,lighdramon,ライドラモン,アーマー体,project_generated_gameplay_v0_noncanonical,アーマー体,mixed,450,76,83,67,75,82,67,medium_slow,100,140,neutral_v0,playtest_parameter_ready
637,digimon,yaksamon,ヤシャモン,アーマー体,project_generated_gameplay_v0_noncanonical,アーマー体,physical,450,76,93,75,71,60,75,medium_slow,100,140,neutral_v0,playtest_parameter_ready
638,digimon,mothmon,モスモン,アーマー体,project_generated_gameplay_v0_noncanonical,アーマー体,balanced,450,75,75,75,75,75,75,medium_slow,100,140,neutral_v0,playtest_parameter_ready
639,digimon,maildramon,メイルドラモン,アーマー体,project_generated_gameplay_v0_noncanonical,アーマー体,balanced,450,75,75,75,75,75,75,medium_slow,100,140,neutral_v0,playtest_parameter_ready
640,digimon,moosemon,ムースモン,アーマー体,project_generated_gameplay_v0_noncanonical,アーマー体,mixed,450,76,83,67,75,82,67,medium_slow,100,140,neutral_v0,playtest_parameter_ready
641,digimon,manbomon,マンボモン,アーマー体,project_generated_gameplay_v0_noncanonical,アーマー体,physical_tank,450,83,79,98,56,56,78,medium_slow,100,140,neutral_v0,playtest_parameter_ready
642,digimon,mantaraymon,マンタレイモン,アーマー体,project_generated_gameplay_v0_noncanonical,アーマー体,mixed,450,76,83,67,75,82,67,medium_slow,100,140,neutral_v0,playtest_parameter_ready
643,digimon,magnamon,マグナモン,アーマー体,project_generated_gameplay_v0_noncanonical,アーマー体,special_tank,450,83,57,79,60,78,93,medium_slow,100,140,neutral_v0,playtest_parameter_ready
644,digimon,ponchomon,ポンチョモン,アーマー体,project_generated_gameplay_v0_noncanonical,アーマー体,physical_tank,450,83,79,98,56,56,78,medium_slow,100,140,neutral_v0,playtest_parameter_ready
645,digimon,holsmon,ホルスモン,アーマー体,project_generated_gameplay_v0_noncanonical,アーマー体,balanced,450,75,75,75,75,75,75,medium_slow,100,140,neutral_v0,playtest_parameter_ready
646,digimon,boarmon,ボアモン,アーマー体,project_generated_gameplay_v0_noncanonical,アーマー体,balanced,450,75,75,75,75,75,75,medium_slow,100,140,neutral_v0,playtest_parameter_ready
647,digimon,pegasmon,ペガスモン,アーマー体,project_generated_gameplay_v0_noncanonical,アーマー体,swift_special,450,67,60,67,97,89,70,medium_slow,100,140,neutral_v0,playtest_parameter_ready
648,digimon,frogmon,フロッグモン,アーマー体,project_generated_gameplay_v0_noncanonical,アーマー体,special,450,76,60,71,75,93,75,medium_slow,100,140,neutral_v0,playtest_parameter_ready
649,digimon,prairiemon,プレイリモン,アーマー体,project_generated_gameplay_v0_noncanonical,アーマー体,balanced,450,75,75,75,75,75,75,medium_slow,100,140,neutral_v0,playtest_parameter_ready
650,digimon,fladramon,フレイドラモン,アーマー体,project_generated_gameplay_v0_noncanonical,アーマー体,special_tank,450,83,57,79,60,78,93,medium_slow,100,140,neutral_v0,playtest_parameter_ready
651,digimon,flawizarmon,フレイウィザーモン,アーマー体,project_generated_gameplay_v0_noncanonical,アーマー体,special,450,76,60,71,75,93,75,medium_slow,100,140,neutral_v0,playtest_parameter_ready
652,digimon,bullmon,ブルモン,アーマー体,project_generated_gameplay_v0_noncanonical,アーマー体,mixed,450,76,83,67,75,82,67,medium_slow,100,140,neutral_v0,playtest_parameter_ready
653,digimon,flybeemon,フライビーモン,アーマー体,project_generated_gameplay_v0_noncanonical,アーマー体,physical,450,76,93,75,71,60,75,medium_slow,100,140,neutral_v0,playtest_parameter_ready
654,digimon,pteranomon,プテラノモン,アーマー体,project_generated_gameplay_v0_noncanonical,アーマー体,mixed,450,76,83,67,75,82,67,medium_slow,100,140,neutral_v0,playtest_parameter_ready
655,digimon,pucchiemon-green,プッチーモン（緑）,アーマー体,project_generated_gameplay_v0_noncanonical,アーマー体,physical_tank,450,83,79,98,56,56,78,medium_slow,100,140,neutral_v0,playtest_parameter_ready
656,digimon,pucchiemon,プッチーモン,アーマー体,project_generated_gameplay_v0_noncanonical,アーマー体,swift_physical,450,68,91,63,97,60,71,medium_slow,100,140,neutral_v0,playtest_parameter_ready
657,digimon,pipismon,ピピスモン,アーマー体,project_generated_gameplay_v0_noncanonical,アーマー体,swift_physical,450,68,91,63,97,60,71,medium_slow,100,140,neutral_v0,playtest_parameter_ready
658,digimon,bitmon,ビットモン,アーマー体,project_generated_gameplay_v0_noncanonical,アーマー体,physical,450,76,93,75,71,60,75,medium_slow,100,140,neutral_v0,playtest_parameter_ready
659,digimon,peacockmon,ピーコックモン,アーマー体,project_generated_gameplay_v0_noncanonical,アーマー体,special,450,76,60,71,75,93,75,medium_slow,100,140,neutral_v0,playtest_parameter_ready
660,digimon,baromon,バロモン,アーマー体,project_generated_gameplay_v0_noncanonical,アーマー体,special_tank,450,83,57,79,60,78,93,medium_slow,100,140,neutral_v0,playtest_parameter_ready
661,digimon,honeybeemon,ハニービーモン,アーマー体,project_generated_gameplay_v0_noncanonical,アーマー体,mixed,450,76,83,67,75,82,67,medium_slow,100,140,neutral_v0,playtest_parameter_ready
662,digimon,butterflamon,バタフラモン,アーマー体,project_generated_gameplay_v0_noncanonical,アーマー体,physical,450,76,93,75,71,60,75,medium_slow,100,140,neutral_v0,playtest_parameter_ready
663,digimon,harpymon,ハーピモン,アーマー体,project_generated_gameplay_v0_noncanonical,アーマー体,balanced,450,75,75,75,75,75,75,medium_slow,100,140,neutral_v0,playtest_parameter_ready
664,digimon,nohemon,ノヘモン,アーマー体,project_generated_gameplay_v0_noncanonical,アーマー体,balanced,450,75,75,75,75,75,75,medium_slow,100,140,neutral_v0,playtest_parameter_ready
665,digimon,nefertimon,ネフェルティモン,アーマー体,project_generated_gameplay_v0_noncanonical,アーマー体,swift_physical,450,68,91,63,97,60,71,medium_slow,100,140,neutral_v0,playtest_parameter_ready
666,digimon,togemogumon,トゲモグモン,アーマー体,project_generated_gameplay_v0_noncanonical,アーマー体,swift_physical,450,68,91,63,97,60,71,medium_slow,100,140,neutral_v0,playtest_parameter_ready
667,digimon,tocanmon,トーカンモン,アーマー体,project_generated_gameplay_v0_noncanonical,アーマー体,swift_physical,450,68,91,63,97,60,71,medium_slow,100,140,neutral_v0,playtest_parameter_ready
668,digimon,depthmon,デプスモン,アーマー体,project_generated_gameplay_v0_noncanonical,アーマー体,swift_physical,450,68,91,63,97,60,71,medium_slow,100,140,neutral_v0,playtest_parameter_ready
669,digimon,tylomon,ティロモン,アーマー体,project_generated_gameplay_v0_noncanonical,アーマー体,special,450,76,60,71,75,93,75,medium_slow,100,140,neutral_v0,playtest_parameter_ready
670,digimon,digmon,ディグモン,アーマー体,project_generated_gameplay_v0_noncanonical,アーマー体,balanced,450,75,75,75,75,75,75,medium_slow,100,140,neutral_v0,playtest_parameter_ready
671,digimon,sepikmon,セピックモン,アーマー体,project_generated_gameplay_v0_noncanonical,アーマー体,balanced,450,75,75,75,75,75,75,medium_slow,100,140,neutral_v0,playtest_parameter_ready
672,digimon,sethmon,セトモン,アーマー体,project_generated_gameplay_v0_noncanonical,アーマー体,swift_special,450,67,60,67,97,89,70,medium_slow,100,140,neutral_v0,playtest_parameter_ready
673,digimon,swanmon,スワンモン,アーマー体,project_generated_gameplay_v0_noncanonical,アーマー体,swift_physical,450,68,91,63,97,60,71,medium_slow,100,140,neutral_v0,playtest_parameter_ready
674,digimon,stegomon,ステゴモン,アーマー体,project_generated_gameplay_v0_noncanonical,アーマー体,swift_special,450,67,60,67,97,89,70,medium_slow,100,140,neutral_v0,playtest_parameter_ready
675,digimon,shurimon,シュリモン,アーマー体,project_generated_gameplay_v0_noncanonical,アーマー体,physical_tank,450,83,79,98,56,56,78,medium_slow,100,140,neutral_v0,playtest_parameter_ready
676,digimon,shadramon,シェイドラモン,アーマー体,project_generated_gameplay_v0_noncanonical,アーマー体,physical_tank,450,83,79,98,56,56,78,medium_slow,100,140,neutral_v0,playtest_parameter_ready
677,digimon,seahomon,シーホモン,アーマー体,project_generated_gameplay_v0_noncanonical,アーマー体,special_tank,450,83,57,79,60,78,93,medium_slow,100,140,neutral_v0,playtest_parameter_ready
678,digimon,sheepmon,シープモン,アーマー体,project_generated_gameplay_v0_noncanonical,アーマー体,physical_tank,450,83,79,98,56,56,78,medium_slow,100,140,neutral_v0,playtest_parameter_ready
679,digimon,thunderbirmon,サンダーバーモン,アーマー体,project_generated_gameplay_v0_noncanonical,アーマー体,physical,450,76,93,75,71,60,75,medium_slow,100,140,neutral_v0,playtest_parameter_ready
680,digimon,salamandamon,サラマンダモン,アーマー体,project_generated_gameplay_v0_noncanonical,アーマー体,special,450,76,60,71,75,93,75,medium_slow,100,140,neutral_v0,playtest_parameter_ready
681,digimon,sabmarimon,サブマリモン,アーマー体,project_generated_gameplay_v0_noncanonical,アーマー体,mixed,450,76,83,67,75,82,67,medium_slow,100,140,neutral_v0,playtest_parameter_ready
682,digimon,sagittarimon,サジタリモン,アーマー体,project_generated_gameplay_v0_noncanonical,アーマー体,special_tank,450,83,57,79,60,78,93,medium_slow,100,140,neutral_v0,playtest_parameter_ready
683,digimon,searchmon,サーチモン,アーマー体,project_generated_gameplay_v0_noncanonical,アーマー体,balanced,450,75,75,75,75,75,75,medium_slow,100,140,neutral_v0,playtest_parameter_ready
684,digimon,kongoumon,コンゴウモン,アーマー体,project_generated_gameplay_v0_noncanonical,アーマー体,swift_physical,450,68,91,63,97,60,71,medium_slow,100,140,neutral_v0,playtest_parameter_ready
685,digimon,goldv-dramon,ゴールドブイドラモン,アーマー体,project_generated_gameplay_v0_noncanonical,アーマー体,swift_special,450,67,60,67,97,89,70,medium_slow,100,140,neutral_v0,playtest_parameter_ready
686,digimon,goatmon,ゴートモン,アーマー体,project_generated_gameplay_v0_noncanonical,アーマー体,physical,450,76,93,75,71,60,75,medium_slow,100,140,neutral_v0,playtest_parameter_ready
687,digimon,kenkimon,ケンキモン,アーマー体,project_generated_gameplay_v0_noncanonical,アーマー体,special_tank,450,83,57,79,60,78,93,medium_slow,100,140,neutral_v0,playtest_parameter_ready
688,digimon,quetzalmon,クアトルモン,アーマー体,project_generated_gameplay_v0_noncanonical,アーマー体,special,450,76,60,71,75,93,75,medium_slow,100,140,neutral_v0,playtest_parameter_ready
689,digimon,kangarumon,カンガルモン,アーマー体,project_generated_gameplay_v0_noncanonical,アーマー体,physical,450,76,93,75,71,60,75,medium_slow,100,140,neutral_v0,playtest_parameter_ready
690,digimon,chamelemon,カメレモン,アーマー体,project_generated_gameplay_v0_noncanonical,アーマー体,physical_tank,450,83,79,98,56,56,78,medium_slow,100,140,neutral_v0,playtest_parameter_ready
691,digimon,kabukimon,カブキモン,アーマー体,project_generated_gameplay_v0_noncanonical,アーマー体,swift_physical,450,68,91,63,97,60,71,medium_slow,100,140,neutral_v0,playtest_parameter_ready
692,digimon,gargomon,ガーゴモン,アーマー体,project_generated_gameplay_v0_noncanonical,アーマー体,swift_special,450,67,60,67,97,89,70,medium_slow,100,140,neutral_v0,playtest_parameter_ready
693,digimon,orcamon,オルカモン,アーマー体,project_generated_gameplay_v0_noncanonical,アーマー体,mixed,450,76,83,67,75,82,67,medium_slow,100,140,neutral_v0,playtest_parameter_ready
694,digimon,opossummon,オポッサモン,アーマー体,project_generated_gameplay_v0_noncanonical,アーマー体,balanced,450,75,75,75,75,75,75,medium_slow,100,140,neutral_v0,playtest_parameter_ready
695,digimon,elephamon,エレファモン,アーマー体,project_generated_gameplay_v0_noncanonical,アーマー体,physical_tank,450,83,79,98,56,56,78,medium_slow,100,140,neutral_v0,playtest_parameter_ready
696,digimon,allomon,アロモン,アーマー体,project_generated_gameplay_v0_noncanonical,アーマー体,balanced,450,75,75,75,75,75,75,medium_slow,100,140,neutral_v0,playtest_parameter_ready
697,digimon,archelomon,アーケロモン,アーマー体,project_generated_gameplay_v0_noncanonical,アーマー体,special_tank,450,83,57,79,60,78,93,medium_slow,100,140,neutral_v0,playtest_parameter_ready
698,digimon,owlmon,アウルモン,アーマー体,project_generated_gameplay_v0_noncanonical,アーマー体,special_tank,450,83,57,79,60,78,93,medium_slow,100,140,neutral_v0,playtest_parameter_ready
699,digimon,lordknightmon,ロードナイトモン,究極体,project_generated_gameplay_v0_noncanonical,究極体,special,600,100,80,95,100,125,100,slow,30,240,neutral_v0,playtest_parameter_ready
700,digimon,lotusmon,ロトスモン,究極体,project_generated_gameplay_v0_noncanonical,究極体,physical,600,100,125,100,95,80,100,slow,30,240,neutral_v0,playtest_parameter_ready
701,digimon,rosemonburstmode,ロゼモン：バーストモード,究極体,project_generated_gameplay_v0_noncanonical,究極体,special,600,100,80,95,100,125,100,slow,30,240,neutral_v0,playtest_parameter_ready
702,digimon,rosemon,ロゼモン,究極体,project_generated_gameplay_v0_noncanonical,究極体,physical,600,100,125,100,95,80,100,slow,30,240,neutral_v0,playtest_parameter_ready
703,digimon,ravmonburstmode,レイヴモン：バーストモード,究極体,project_generated_gameplay_v0_noncanonical,究極体,swift_special,600,90,80,89,128,119,94,slow,30,240,neutral_v0,playtest_parameter_ready
704,digimon,ravmon,レイヴモン,究極体,project_generated_gameplay_v0_noncanonical,究極体,mixed,600,100,110,90,100,110,90,slow,30,240,neutral_v0,playtest_parameter_ready
705,digimon,lucemonlarva,ルーチェモン：ラルバ,究極体,project_generated_gameplay_v0_noncanonical,究極体,physical,600,100,125,100,95,80,100,slow,30,240,neutral_v0,playtest_parameter_ready
706,digimon,lucemonsatanmode,ルーチェモン：サタンモード,究極体,project_generated_gameplay_v0_noncanonical,究極体,swift_physical,600,90,120,85,130,80,95,slow,30,240,neutral_v0,playtest_parameter_ready
707,digimon,lilithmon,リリスモン,究極体,project_generated_gameplay_v0_noncanonical,究極体,swift_special,600,90,80,89,128,119,94,slow,30,240,neutral_v0,playtest_parameter_ready
708,digimon,leviamon,リヴァイアモン,究極体,project_generated_gameplay_v0_noncanonical,究極体,swift_physical,600,90,120,85,130,80,95,slow,30,240,neutral_v0,playtest_parameter_ready
709,digimon,lampmon,ランプモン,究極体,project_generated_gameplay_v0_noncanonical,究極体,special_tank,600,110,75,105,80,105,125,slow,30,240,neutral_v0,playtest_parameter_ready
710,digimon,rusttyranomon,ラストティラノモン,究極体,project_generated_gameplay_v0_noncanonical,究極体,physical_tank,600,110,105,130,75,75,105,slow,30,240,neutral_v0,playtest_parameter_ready
711,digimon,rasielmon,ラジエルモン,究極体,project_generated_gameplay_v0_noncanonical,究極体,balanced,600,100,100,100,100,100,100,slow,30,240,neutral_v0,playtest_parameter_ready
712,digimon,jupitermon,ユピテルモン,究極体,project_generated_gameplay_v0_noncanonical,究極体,mixed,600,100,110,90,100,110,90,slow,30,240,neutral_v0,playtest_parameter_ready
713,digimon,mercurymon,メルクリモン,究極体,project_generated_gameplay_v0_noncanonical,究極体,mixed,600,100,110,90,100,110,90,slow,30,240,neutral_v0,playtest_parameter_ready
714,digimon,medievaldukemon,メディーバルデュークモン,究極体,project_generated_gameplay_v0_noncanonical,究極体,balanced,600,100,100,100,100,100,100,slow,30,240,neutral_v0,playtest_parameter_ready
715,digimon,metalpiranimon,メタルピラニモン,究極体,project_generated_gameplay_v0_noncanonical,究極体,swift_special,600,90,80,89,128,119,94,slow,30,240,neutral_v0,playtest_parameter_ready
716,digimon,metalseadramon,メタルシードラモン,究極体,project_generated_gameplay_v0_noncanonical,究極体,physical_tank,600,110,105,130,75,75,105,slow,30,240,neutral_v0,playtest_parameter_ready
717,digimon,metalgarurumon,メタルガルルモン,究極体,project_generated_gameplay_v0_noncanonical,究極体,physical,600,100,125,100,95,80,100,slow,30,240,neutral_v0,playtest_parameter_ready
718,digimon,metaletemon,メタルエテモン,究極体,project_generated_gameplay_v0_noncanonical,究極体,mixed,600,100,110,90,100,110,90,slow,30,240,neutral_v0,playtest_parameter_ready
719,digimon,megidramon,メギドラモン,究極体,project_generated_gameplay_v0_noncanonical,究極体,physical,600,100,125,100,95,80,100,slow,30,240,neutral_v0,playtest_parameter_ready
720,digimon,moonmillenniumon,ムーンミレニアモン,究極体,project_generated_gameplay_v0_noncanonical,究極体,swift_special,600,90,80,89,128,119,94,slow,30,240,neutral_v0,playtest_parameter_ready
721,digimon,murmukusmon,ムルムクスモン,究極体,project_generated_gameplay_v0_noncanonical,究極体,physical_tank,600,110,105,130,75,75,105,slow,30,240,neutral_v0,playtest_parameter_ready
722,digimon,mugendramon,ムゲンドラモン,究極体,project_generated_gameplay_v0_noncanonical,究極体,swift_physical,600,90,120,85,130,80,95,slow,30,240,neutral_v0,playtest_parameter_ready
723,digimon,millenniumon,ミレニアモン,究極体,project_generated_gameplay_v0_noncanonical,究極体,physical_tank,600,110,105,130,75,75,105,slow,30,240,neutral_v0,playtest_parameter_ready
724,digimon,miragegaogamon:burstmode,ミラージュガオガモン：バーストモード,究極体,project_generated_gameplay_v0_noncanonical,究極体,swift_physical,600,90,120,85,130,80,95,slow,30,240,neutral_v0,playtest_parameter_ready
725,digimon,miragegaogamon,ミラージュガオガモン,究極体,project_generated_gameplay_v0_noncanonical,究極体,swift_special,600,90,80,89,128,119,94,slow,30,240,neutral_v0,playtest_parameter_ready
726,digimon,minervamon,ミネルヴァモン,究極体,project_generated_gameplay_v0_noncanonical,究極体,special_tank,600,110,75,105,80,105,125,slow,30,240,neutral_v0,playtest_parameter_ready
727,digimon,marsmon,マルスモン,究極体,project_generated_gameplay_v0_noncanonical,究極体,swift_physical,600,90,120,85,130,80,95,slow,30,240,neutral_v0,playtest_parameter_ready
728,digimon,marinangemon,マリンエンジェモン,究極体,project_generated_gameplay_v0_noncanonical,究極体,balanced,600,100,100,100,100,100,100,slow,30,240,neutral_v0,playtest_parameter_ready
729,digimon,magnakidmon,マグナキッドモン,究極体,project_generated_gameplay_v0_noncanonical,究極体,special,600,100,80,95,100,125,100,slow,30,240,neutral_v0,playtest_parameter_ready
730,digimon,boltmon,ボルトモン,究極体,project_generated_gameplay_v0_noncanonical,究極体,physical,600,100,125,100,95,80,100,slow,30,240,neutral_v0,playtest_parameter_ready
731,digimon,holydramon,ホーリードラモン,究極体,project_generated_gameplay_v0_noncanonical,究極体,physical,600,100,125,100,95,80,100,slow,30,240,neutral_v0,playtest_parameter_ready
732,digimon,hououmon,ホウオウモン,究極体,project_generated_gameplay_v0_noncanonical,究極体,swift_special,600,90,80,89,128,119,94,slow,30,240,neutral_v0,playtest_parameter_ready
733,digimon,belphemonragemode,ベルフェモン：レイジモード,究極体,project_generated_gameplay_v0_noncanonical,究極体,balanced,600,100,100,100,100,100,100,slow,30,240,neutral_v0,playtest_parameter_ready
734,digimon,belphemonsleepmode,ベルフェモン：スリープモード,究極体,project_generated_gameplay_v0_noncanonical,究極体,special_tank,600,110,75,105,80,105,125,slow,30,240,neutral_v0,playtest_parameter_ready
735,digimon,beelzebumonblastmode,ベルゼブモン：ブラストモード,究極体,project_generated_gameplay_v0_noncanonical,究極体,physical,600,100,125,100,95,80,100,slow,30,240,neutral_v0,playtest_parameter_ready
736,digimon,beelzebumon,ベルゼブモン,究極体,project_generated_gameplay_v0_noncanonical,究極体,balanced,600,100,100,100,100,100,100,slow,30,240,neutral_v0,playtest_parameter_ready
737,digimon,beelstarmon,ベルスターモン,究極体,project_generated_gameplay_v0_noncanonical,究極体,swift_special,600,90,80,89,128,119,94,slow,30,240,neutral_v0,playtest_parameter_ready
738,digimon,belialvamdemon,ベリアルヴァンデモン,究極体,project_generated_gameplay_v0_noncanonical,究極体,special_tank,600,110,75,105,80,105,125,slow,30,240,neutral_v0,playtest_parameter_ready
739,digimon,heraklekabuterimon,ヘラクルカブテリモン,究極体,project_generated_gameplay_v0_noncanonical,究極体,physical_tank,600,110,105,130,75,75,105,slow,30,240,neutral_v0,playtest_parameter_ready
740,digimon,plesiomon,プレシオモン,究極体,project_generated_gameplay_v0_noncanonical,究極体,swift_special,600,90,80,89,128,119,94,slow,30,240,neutral_v0,playtest_parameter_ready
741,digimon,breakdramon,ブレイクドラモン,究極体,project_generated_gameplay_v0_noncanonical,究極体,balanced,600,100,100,100,100,100,100,slow,30,240,neutral_v0,playtest_parameter_ready
742,digimon,princemamemon,プリンスマメモン,究極体,project_generated_gameplay_v0_noncanonical,究極体,mixed,600,100,110,90,100,110,90,slow,30,240,neutral_v0,playtest_parameter_ready
743,digimon,blitzgreymon,ブリッツグレイモン,究極体,project_generated_gameplay_v0_noncanonical,究極体,balanced,600,100,100,100,100,100,100,slow,30,240,neutral_v0,playtest_parameter_ready
744,digimon,blacksaintgalgomon,ブラックセントガルゴモン,究極体,project_generated_gameplay_v0_noncanonical,究極体,special,600,100,80,95,100,125,100,slow,30,240,neutral_v0,playtest_parameter_ready
745,digimon,blackwargreymon,ブラックウォーグレイモン,究極体,project_generated_gameplay_v0_noncanonical,究極体,swift_special,600,90,80,89,128,119,94,slow,30,240,neutral_v0,playtest_parameter_ready
746,digimon,platinumnumemon,プラチナヌメモン,究極体,project_generated_gameplay_v0_noncanonical,究極体,physical_tank,600,110,105,130,75,75,105,slow,30,240,neutral_v0,playtest_parameter_ready
747,digimon,pukumon,プクモン,究極体,project_generated_gameplay_v0_noncanonical,究極体,physical_tank,600,110,105,130,75,75,105,slow,30,240,neutral_v0,playtest_parameter_ready
748,digimon,fujinmon,フウジンモン,究極体,project_generated_gameplay_v0_noncanonical,究極体,special,600,100,80,95,100,125,100,slow,30,240,neutral_v0,playtest_parameter_ready
749,digimon,huanglongmon,ファンロンモン,究極体,project_generated_gameplay_v0_noncanonical,究極体,physical_tank,600,110,105,130,75,75,105,slow,30,240,neutral_v0,playtest_parameter_ready
750,digimon,pharaohmon,ファラオモン,究極体,project_generated_gameplay_v0_noncanonical,究極体,mixed,600,100,110,90,100,110,90,slow,30,240,neutral_v0,playtest_parameter_ready
751,digimon,pinochimon,ピノッキモン,究極体,project_generated_gameplay_v0_noncanonical,究極体,special,600,100,80,95,100,125,100,slow,30,240,neutral_v0,playtest_parameter_ready
752,digimon,victorygreymon,ビクトリーグレイモン,究極体,project_generated_gameplay_v0_noncanonical,究極体,mixed,600,100,110,90,100,110,90,slow,30,240,neutral_v0,playtest_parameter_ready
753,digimon,piemon,ピエモン,究極体,project_generated_gameplay_v0_noncanonical,究極体,special,600,100,80,95,100,125,100,slow,30,240,neutral_v0,playtest_parameter_ready
754,digimon,bancholeomon,バンチョーレオモン,究極体,project_generated_gameplay_v0_noncanonical,究極体,swift_physical,600,90,120,85,130,80,95,slow,30,240,neutral_v0,playtest_parameter_ready
755,digimon,banchomamemon,バンチョーマメモン,究極体,project_generated_gameplay_v0_noncanonical,究極体,physical_tank,600,110,105,130,75,75,105,slow,30,240,neutral_v0,playtest_parameter_ready
756,digimon,banchostingmon,バンチョースティングモン,究極体,project_generated_gameplay_v0_noncanonical,究極体,balanced,600,100,100,100,100,100,100,slow,30,240,neutral_v0,playtest_parameter_ready
757,digimon,barbamon,バルバモン,究極体,project_generated_gameplay_v0_noncanonical,究極体,swift_special,600,90,80,89,128,119,94,slow,30,240,neutral_v0,playtest_parameter_ready
758,digimon,parasimon,パラサイモン,究極体,project_generated_gameplay_v0_noncanonical,究極体,special_tank,600,110,75,105,80,105,125,slow,30,240,neutral_v0,playtest_parameter_ready
759,digimon,babamon,ババモン,究極体,project_generated_gameplay_v0_noncanonical,究極体,swift_special,600,90,80,89,128,119,94,slow,30,240,neutral_v0,playtest_parameter_ready
760,digimon,baihumon,バイフーモン,究極体,project_generated_gameplay_v0_noncanonical,究極体,physical,600,100,125,100,95,80,100,slow,30,240,neutral_v0,playtest_parameter_ready
761,digimon,hiandromon,ハイアンドロモン,究極体,project_generated_gameplay_v0_noncanonical,究極体,physical_tank,600,110,105,130,75,75,105,slow,30,240,neutral_v0,playtest_parameter_ready
762,digimon,neptunemon,ネプトゥーンモン,究極体,project_generated_gameplay_v0_noncanonical,究極体,mixed,600,100,110,90,100,110,90,slow,30,240,neutral_v0,playtest_parameter_ready
763,digimon,dorugoramon,ドルゴラモン,究極体,project_generated_gameplay_v0_noncanonical,究極体,physical_tank,600,110,105,130,75,75,105,slow,30,240,neutral_v0,playtest_parameter_ready
764,digimon,duftmonleopardmode,ドゥフトモン：レオパルドモード,究極体,project_generated_gameplay_v0_noncanonical,究極体,swift_physical,600,90,120,85,130,80,95,slow,30,240,neutral_v0,playtest_parameter_ready
765,digimon,duftmon,ドゥフトモン,究極体,project_generated_gameplay_v0_noncanonical,究極体,mixed,600,100,110,90,100,110,90,slow,30,240,neutral_v0,playtest_parameter_ready
766,digimon,durandamon,デュランダモン,究極体,project_generated_gameplay_v0_noncanonical,究極体,physical,600,100,125,100,95,80,100,slow,30,240,neutral_v0,playtest_parameter_ready
767,digimon,dynasmon,デュナスモン,究極体,project_generated_gameplay_v0_noncanonical,究極体,physical,600,100,125,100,95,80,100,slow,30,240,neutral_v0,playtest_parameter_ready
768,digimon,dukemoncrimsonmode,デュークモン：クリムゾンモード,究極体,project_generated_gameplay_v0_noncanonical,究極体,physical,600,100,125,100,95,80,100,slow,30,240,neutral_v0,playtest_parameter_ready
769,digimon,dukemon,デュークモン,究極体,project_generated_gameplay_v0_noncanonical,究極体,physical,600,100,125,100,95,80,100,slow,30,240,neutral_v0,playtest_parameter_ready
770,digimon,devitamamon,デビタマモン,究極体,project_generated_gameplay_v0_noncanonical,究極体,physical,600,100,125,100,95,80,100,slow,30,240,neutral_v0,playtest_parameter_ready
771,digimon,deathmon-black,デスモン（黒）,究極体,project_generated_gameplay_v0_noncanonical,究極体,swift_special,600,90,80,89,128,119,94,slow,30,240,neutral_v0,playtest_parameter_ready
772,digimon,deathmon,デスモン,究極体,project_generated_gameplay_v0_noncanonical,究極体,special,600,100,80,95,100,125,100,slow,30,240,neutral_v0,playtest_parameter_ready
773,digimon,death-x-mon,デクスモン,究極体,project_generated_gameplay_v0_noncanonical,究極体,special,600,100,80,95,100,125,100,slow,30,240,neutral_v0,playtest_parameter_ready
774,digimon,demon,デーモン,究極体,project_generated_gameplay_v0_noncanonical,究極体,physical,600,100,125,100,95,80,100,slow,30,240,neutral_v0,playtest_parameter_ready
775,digimon,death-x-dorugoramon,デクスドルゴラモン,究極体,project_generated_gameplay_v0_noncanonical,究極体,swift_physical,600,90,120,85,130,80,95,slow,30,240,neutral_v0,playtest_parameter_ready
776,digimon,dinorexmon,ディノレクスモン,究極体,project_generated_gameplay_v0_noncanonical,究極体,physical_tank,600,110,105,130,75,75,105,slow,30,240,neutral_v0,playtest_parameter_ready
777,digimon,dinotigermon,ディノタイガモン,究極体,project_generated_gameplay_v0_noncanonical,究極体,physical_tank,600,110,105,130,75,75,105,slow,30,240,neutral_v0,playtest_parameter_ready
778,digimon,diablomon,ディアボロモン,究極体,project_generated_gameplay_v0_noncanonical,究極体,swift_physical,600,90,120,85,130,80,95,slow,30,240,neutral_v0,playtest_parameter_ready
779,digimon,dianamon,ディアナモン,究極体,project_generated_gameplay_v0_noncanonical,究極体,physical_tank,600,110,105,130,75,75,105,slow,30,240,neutral_v0,playtest_parameter_ready
780,digimon,qinglongmon,チンロンモン,究極体,project_generated_gameplay_v0_noncanonical,究極体,physical_tank,600,110,105,130,75,75,105,slow,30,240,neutral_v0,playtest_parameter_ready
781,digimon,darkdramon,ダークドラモン,究極体,project_generated_gameplay_v0_noncanonical,究極体,mixed,600,100,110,90,100,110,90,slow,30,240,neutral_v0,playtest_parameter_ready
782,digimon,tyrantkabuterimon,タイラントカブテリモン,究極体,project_generated_gameplay_v0_noncanonical,究極体,physical,600,100,125,100,95,80,100,slow,30,240,neutral_v0,playtest_parameter_ready
783,digimon,titamon,タイタモン,究極体,project_generated_gameplay_v0_noncanonical,究極体,balanced,600,100,100,100,100,100,100,slow,30,240,neutral_v0,playtest_parameter_ready
784,digimon,tigervespamon,タイガーヴェスパモン,究極体,project_generated_gameplay_v0_noncanonical,究極体,balanced,600,100,100,100,100,100,100,slow,30,240,neutral_v0,playtest_parameter_ready
785,digimon,saintgalgomon,セントガルゴモン,究極体,project_generated_gameplay_v0_noncanonical,究極体,swift_physical,600,90,120,85,130,80,95,slow,30,240,neutral_v0,playtest_parameter_ready
786,digimon,seraphimon,セラフィモン,究極体,project_generated_gameplay_v0_noncanonical,究極体,swift_special,600,90,80,89,128,119,94,slow,30,240,neutral_v0,playtest_parameter_ready
787,digimon,slayerdramon,スレイヤードラモン,究極体,project_generated_gameplay_v0_noncanonical,究極体,physical,600,100,125,100,95,80,100,slow,30,240,neutral_v0,playtest_parameter_ready
788,digimon,sleipmon,スレイプモン,究極体,project_generated_gameplay_v0_noncanonical,究極体,physical_tank,600,110,105,130,75,75,105,slow,30,240,neutral_v0,playtest_parameter_ready
789,digimon,slashangemon,スラッシュエンジェモン,究極体,project_generated_gameplay_v0_noncanonical,究極体,special_tank,600,110,75,105,80,105,125,slow,30,240,neutral_v0,playtest_parameter_ready
790,digimon,spinomon,スピノモン,究極体,project_generated_gameplay_v0_noncanonical,究極体,mixed,600,100,110,90,100,110,90,slow,30,240,neutral_v0,playtest_parameter_ready
791,digimon,susanoomon,スサノオモン,究極体,project_generated_gameplay_v0_noncanonical,究極体,swift_special,600,90,80,89,128,119,94,slow,30,240,neutral_v0,playtest_parameter_ready
792,digimon,skullmammon,スカルマンモン,究極体,project_generated_gameplay_v0_noncanonical,究極体,special,600,100,80,95,100,125,100,slow,30,240,neutral_v0,playtest_parameter_ready
793,digimon,zhuqiaomon,スーツェーモン,究極体,project_generated_gameplay_v0_noncanonical,究極体,physical,600,100,125,100,95,80,100,slow,30,240,neutral_v0,playtest_parameter_ready
794,digimon,suijinmon,スイジンモン,究極体,project_generated_gameplay_v0_noncanonical,究極体,balanced,600,100,100,100,100,100,100,slow,30,240,neutral_v0,playtest_parameter_ready
795,digimon,zeedmillenniumon,ズィードミレニアモン,究極体,project_generated_gameplay_v0_noncanonical,究極体,physical,600,100,125,100,95,80,100,slow,30,240,neutral_v0,playtest_parameter_ready
796,digimon,zdgarurumon,ズィードガルルモン,究極体,project_generated_gameplay_v0_noncanonical,究極体,special_tank,600,110,75,105,80,105,125,slow,30,240,neutral_v0,playtest_parameter_ready
797,digimon,jumbogamemon,ジャンボガメモン,究極体,project_generated_gameplay_v0_noncanonical,究極体,swift_physical,600,90,120,85,130,80,95,slow,30,240,neutral_v0,playtest_parameter_ready
798,digimon,justimon,ジャスティモン：アクセルアーム,究極体,project_generated_gameplay_v0_noncanonical,究極体,swift_physical,600,90,120,85,130,80,95,slow,30,240,neutral_v0,playtest_parameter_ready
799,digimon,shakamon,シャカモン,究極体,project_generated_gameplay_v0_noncanonical,究極体,special,600,100,80,95,100,125,100,slow,30,240,neutral_v0,playtest_parameter_ready
800,digimon,shinegreymonburstmode,シャイングレイモン：バーストモード,究極体,project_generated_gameplay_v0_noncanonical,究極体,physical,600,100,125,100,95,80,100,slow,30,240,neutral_v0,playtest_parameter_ready
801,digimon,shinegreymon,シャイングレイモン,究極体,project_generated_gameplay_v0_noncanonical,究極体,swift_special,600,90,80,89,128,119,94,slow,30,240,neutral_v0,playtest_parameter_ready
802,digimon,jijimon,ジジモン,究極体,project_generated_gameplay_v0_noncanonical,究極体,swift_special,600,90,80,89,128,119,94,slow,30,240,neutral_v0,playtest_parameter_ready
803,digimon,xuanwumon,シェンウーモン,究極体,project_generated_gameplay_v0_noncanonical,究極体,swift_special,600,90,80,89,128,119,94,slow,30,240,neutral_v0,playtest_parameter_ready
804,digimon,jesmon,ジエスモン,究極体,project_generated_gameplay_v0_noncanonical,究極体,special_tank,600,110,75,105,80,105,125,slow,30,240,neutral_v0,playtest_parameter_ready
805,digimon,zanbamon,ザンバモン,究極体,project_generated_gameplay_v0_noncanonical,究極体,balanced,600,100,100,100,100,100,100,slow,30,240,neutral_v0,playtest_parameter_ready
806,digimon,sakuyamon:mikomode,サクヤモン：巫女モード,究極体,project_generated_gameplay_v0_noncanonical,究極体,swift_physical,600,90,120,85,130,80,95,slow,30,240,neutral_v0,playtest_parameter_ready
807,digimon,sakuyamon,サクヤモン,究極体,project_generated_gameplay_v0_noncanonical,究極体,special_tank,600,110,75,105,80,105,125,slow,30,240,neutral_v0,playtest_parameter_ready
808,digimon,saberleomon,サーベルレオモン,究極体,project_generated_gameplay_v0_noncanonical,究極体,physical,600,100,125,100,95,80,100,slow,30,240,neutral_v0,playtest_parameter_ready
809,digimon,goddramon,ゴッドドラモン,究極体,project_generated_gameplay_v0_noncanonical,究極体,physical,600,100,125,100,95,80,100,slow,30,240,neutral_v0,playtest_parameter_ready
810,digimon,gokumon,ゴクモン,究極体,project_generated_gameplay_v0_noncanonical,究極体,special_tank,600,110,75,105,80,105,125,slow,30,240,neutral_v0,playtest_parameter_ready
811,digimon,cherubimon-vice,ケルビモン（悪）,究極体,project_generated_gameplay_v0_noncanonical,究極体,balanced,600,100,100,100,100,100,100,slow,30,240,neutral_v0,playtest_parameter_ready
812,digimon,cherubimon,ケルビモン（善）,究極体,project_generated_gameplay_v0_noncanonical,究極体,special_tank,600,110,75,105,80,105,125,slow,30,240,neutral_v0,playtest_parameter_ready
813,digimon,crossmon,クロスモン,究極体,project_generated_gameplay_v0_noncanonical,究極体,balanced,600,100,100,100,100,100,100,slow,30,240,neutral_v0,playtest_parameter_ready
814,digimon,craniummon,クレニアムモン,究極体,project_generated_gameplay_v0_noncanonical,究極体,physical,600,100,125,100,95,80,100,slow,30,240,neutral_v0,playtest_parameter_ready
815,digimon,gracenovamon,グレイスノヴァモン,究極体,project_generated_gameplay_v0_noncanonical,究極体,special_tank,600,110,75,105,80,105,125,slow,30,240,neutral_v0,playtest_parameter_ready
816,digimon,griffomon,グリフォモン,究極体,project_generated_gameplay_v0_noncanonical,究極体,swift_physical,600,90,120,85,130,80,95,slow,30,240,neutral_v0,playtest_parameter_ready
817,digimon,grandlocomon,グランドロコモン,究極体,project_generated_gameplay_v0_noncanonical,究極体,swift_physical,600,90,120,85,130,80,95,slow,30,240,neutral_v0,playtest_parameter_ready
818,digimon,granddracumon,グランドラクモン,究極体,project_generated_gameplay_v0_noncanonical,究極体,physical_tank,600,110,105,130,75,75,105,slow,30,240,neutral_v0,playtest_parameter_ready
819,digimon,grandiskuwagamon,グランディスクワガーモン,究極体,project_generated_gameplay_v0_noncanonical,究極体,special_tank,600,110,75,105,80,105,125,slow,30,240,neutral_v0,playtest_parameter_ready
820,digimon,grankuwagamon,グランクワガーモン,究極体,project_generated_gameplay_v0_noncanonical,究極体,special,600,100,80,95,100,125,100,slow,30,240,neutral_v0,playtest_parameter_ready
821,digimon,clavisangemon,クラヴィスエンジェモン,究極体,project_generated_gameplay_v0_noncanonical,究極体,physical_tank,600,110,105,130,75,75,105,slow,30,240,neutral_v0,playtest_parameter_ready
822,digimon,kuzuhamon,クズハモン,究極体,project_generated_gameplay_v0_noncanonical,究極体,special_tank,600,110,75,105,80,105,125,slow,30,240,neutral_v0,playtest_parameter_ready
823,digimon,quartzmon,クオーツモン,究極体,project_generated_gameplay_v0_noncanonical,究極体,physical_tank,600,110,105,130,75,75,105,slow,30,240,neutral_v0,playtest_parameter_ready
824,digimon,cresgarurumon,クーレスガルルモン,究極体,project_generated_gameplay_v0_noncanonical,究極体,swift_physical,600,90,120,85,130,80,95,slow,30,240,neutral_v0,playtest_parameter_ready
825,digimon,queenchessmon,クイーンチェスモン,究極体,project_generated_gameplay_v0_noncanonical,究極体,special_tank,600,110,75,105,80,105,125,slow,30,240,neutral_v0,playtest_parameter_ready
826,digimon,kingchessmon,キングチェスモン,究極体,project_generated_gameplay_v0_noncanonical,究極体,mixed,600,100,110,90,100,110,90,slow,30,240,neutral_v0,playtest_parameter_ready
827,digimon,kingetemon,キングエテモン,究極体,project_generated_gameplay_v0_noncanonical,究極体,swift_physical,600,90,120,85,130,80,95,slow,30,240,neutral_v0,playtest_parameter_ready
828,digimon,cannondramon,キャノンドラモン,究極体,project_generated_gameplay_v0_noncanonical,究極体,special_tank,600,110,75,105,80,105,125,slow,30,240,neutral_v0,playtest_parameter_ready
829,digimon,gigaseadramon,ギガシードラモン,究極体,project_generated_gameplay_v0_noncanonical,究極体,balanced,600,100,100,100,100,100,100,slow,30,240,neutral_v0,playtest_parameter_ready
830,digimon,gankoomon,ガンクゥモン,究極体,project_generated_gameplay_v0_noncanonical,究極体,swift_physical,600,90,120,85,130,80,95,slow,30,240,neutral_v0,playtest_parameter_ready
831,digimon,gulfmon,ガルフモン,究極体,project_generated_gameplay_v0_noncanonical,究極体,special,600,100,80,95,100,125,100,slow,30,240,neutral_v0,playtest_parameter_ready
832,digimon,chaosmonvaldurarm,カオスモン：ヴァロドゥルアーム,究極体,project_generated_gameplay_v0_noncanonical,究極体,swift_special,600,90,80,89,128,119,94,slow,30,240,neutral_v0,playtest_parameter_ready
833,digimon,chaosmon,カオスモン,究極体,project_generated_gameplay_v0_noncanonical,究極体,balanced,600,100,100,100,100,100,100,slow,30,240,neutral_v0,playtest_parameter_ready
834,digimon,chaosdramon-x,カオスドラモン（X抗体）,究極体,project_generated_gameplay_v0_noncanonical,究極体,special_tank,600,110,75,105,80,105,125,slow,30,240,neutral_v0,playtest_parameter_ready
835,digimon,chaosdramon,カオスドラモン,究極体,project_generated_gameplay_v0_noncanonical,究極体,swift_physical,600,90,120,85,130,80,95,slow,30,240,neutral_v0,playtest_parameter_ready
836,digimon,chaosdukemon,カオスデュークモン,究極体,project_generated_gameplay_v0_noncanonical,究極体,physical,600,100,125,100,95,80,100,slow,30,240,neutral_v0,playtest_parameter_ready
837,digimon,gaioumon,ガイオウモン,究極体,project_generated_gameplay_v0_noncanonical,究極体,physical,600,100,125,100,95,80,100,slow,30,240,neutral_v0,playtest_parameter_ready
838,digimon,omegamon-alter-s,オメガモン Alter-S,究極体,project_generated_gameplay_v0_noncanonical,究極体,swift_special,600,90,80,89,128,119,94,slow,30,240,neutral_v0,playtest_parameter_ready
839,digimon,omegamon-x,オメガモン（X抗体）,究極体,project_generated_gameplay_v0_noncanonical,究極体,balanced,600,100,100,100,100,100,100,slow,30,240,neutral_v0,playtest_parameter_ready
840,digimon,omegamon,オメガモン,究極体,project_generated_gameplay_v0_noncanonical,究極体,physical_tank,600,110,105,130,75,75,105,slow,30,240,neutral_v0,playtest_parameter_ready
841,digimon,ofanimonfalldownmode,オファニモン：フォールダウンモード,究極体,project_generated_gameplay_v0_noncanonical,究極体,physical,600,100,125,100,95,80,100,slow,30,240,neutral_v0,playtest_parameter_ready
842,digimon,ofanimon,オファニモン,究極体,project_generated_gameplay_v0_noncanonical,究極体,swift_physical,600,90,120,85,130,80,95,slow,30,240,neutral_v0,playtest_parameter_ready
843,digimon,ornismon,オニスモン,究極体,project_generated_gameplay_v0_noncanonical,究極体,mixed,600,100,110,90,100,110,90,slow,30,240,neutral_v0,playtest_parameter_ready
844,digimon,ogudomon,オグドモン,究極体,project_generated_gameplay_v0_noncanonical,究極体,balanced,600,100,100,100,100,100,100,slow,30,240,neutral_v0,playtest_parameter_ready
845,digimon,ouryumon,オウリュウモン,究極体,project_generated_gameplay_v0_noncanonical,究極体,swift_special,600,90,80,89,128,119,94,slow,30,240,neutral_v0,playtest_parameter_ready
846,digimon,ancientwisetmon,エンシェントワイズモン,究極体,project_generated_gameplay_v0_noncanonical,究極体,swift_special,600,90,80,89,128,119,94,slow,30,240,neutral_v0,playtest_parameter_ready
847,digimon,ancientmegatheriumon,エンシェントメガテリウモン,究極体,project_generated_gameplay_v0_noncanonical,究極体,physical_tank,600,110,105,130,75,75,105,slow,30,240,neutral_v0,playtest_parameter_ready
848,digimon,ancientmermaimon,エンシェントマーメイモン,究極体,project_generated_gameplay_v0_noncanonical,究極体,mixed,600,100,110,90,100,110,90,slow,30,240,neutral_v0,playtest_parameter_ready
849,digimon,ancientvolcamon,エンシェントボルケーモン,究極体,project_generated_gameplay_v0_noncanonical,究極体,swift_physical,600,90,120,85,130,80,95,slow,30,240,neutral_v0,playtest_parameter_ready
850,digimon,ancientbeatmon,エンシェントビートモン,究極体,project_generated_gameplay_v0_noncanonical,究極体,swift_special,600,90,80,89,128,119,94,slow,30,240,neutral_v0,playtest_parameter_ready
851,digimon,ancienttroiamon,エンシェントトロイアモン,究極体,project_generated_gameplay_v0_noncanonical,究極体,swift_physical,600,90,120,85,130,80,95,slow,30,240,neutral_v0,playtest_parameter_ready
852,digimon,ancientsphinkmon,エンシェントスフィンクモン,究極体,project_generated_gameplay_v0_noncanonical,究極体,physical,600,100,125,100,95,80,100,slow,30,240,neutral_v0,playtest_parameter_ready
853,digimon,ancientgreymon,エンシェントグレイモン,究極体,project_generated_gameplay_v0_noncanonical,究極体,physical_tank,600,110,105,130,75,75,105,slow,30,240,neutral_v0,playtest_parameter_ready
854,digimon,ancientgarurumon,エンシェントガルルモン,究極体,project_generated_gameplay_v0_noncanonical,究極体,balanced,600,100,100,100,100,100,100,slow,30,240,neutral_v0,playtest_parameter_ready
855,digimon,ancientirismon,エンシェントイリスモン,究極体,project_generated_gameplay_v0_noncanonical,究極体,physical,600,100,125,100,95,80,100,slow,30,240,neutral_v0,playtest_parameter_ready
856,digimon,eldoradimon,エルドラディモン,究極体,project_generated_gameplay_v0_noncanonical,究極体,special,600,100,80,95,100,125,100,slow,30,240,neutral_v0,playtest_parameter_ready
857,digimon,examon,エグザモン,究極体,project_generated_gameplay_v0_noncanonical,究極体,balanced,600,100,100,100,100,100,100,slow,30,240,neutral_v0,playtest_parameter_ready
858,digimon,vulcanusmon,ウルカヌスモン,究極体,project_generated_gameplay_v0_noncanonical,究極体,physical_tank,600,110,105,130,75,75,105,slow,30,240,neutral_v0,playtest_parameter_ready
859,digimon,wargreymon,ウォーグレイモン,究極体,project_generated_gameplay_v0_noncanonical,究極体,swift_physical,600,90,120,85,130,80,95,slow,30,240,neutral_v0,playtest_parameter_ready
860,digimon,venomvamdemon,ヴェノムヴァンデモン,究極体,project_generated_gameplay_v0_noncanonical,究極体,swift_special,600,90,80,89,128,119,94,slow,30,240,neutral_v0,playtest_parameter_ready
861,digimon,venusmon,ウェヌスモン,究極体,project_generated_gameplay_v0_noncanonical,究極体,mixed,600,100,110,90,100,110,90,slow,30,240,neutral_v0,playtest_parameter_ready
862,digimon,valdurmon,ヴァロドゥルモン,究極体,project_generated_gameplay_v0_noncanonical,究極体,special_tank,600,110,75,105,80,105,125,slow,30,240,neutral_v0,playtest_parameter_ready
863,digimon,valkyrimon,ヴァルキリモン,究極体,project_generated_gameplay_v0_noncanonical,究極体,special_tank,600,110,75,105,80,105,125,slow,30,240,neutral_v0,playtest_parameter_ready
864,digimon,vikemon,ヴァイクモン,究極体,project_generated_gameplay_v0_noncanonical,究極体,swift_physical,600,90,120,85,130,80,95,slow,30,240,neutral_v0,playtest_parameter_ready
865,digimon,ebemon,イーバモン,究極体,project_generated_gameplay_v0_noncanonical,究極体,special,600,100,80,95,100,125,100,slow,30,240,neutral_v0,playtest_parameter_ready
866,digimon,ageisdramon,イージスドラモン,究極体,project_generated_gameplay_v0_noncanonical,究極体,swift_special,600,90,80,89,128,119,94,slow,30,240,neutral_v0,playtest_parameter_ready
867,digimon,imperialdramonfightermode,インペリアルドラモン：ファイターモード,究極体,project_generated_gameplay_v0_noncanonical,究極体,balanced,600,100,100,100,100,100,100,slow,30,240,neutral_v0,playtest_parameter_ready
868,digimon,imperialdramonpaladinmode,インペリアルドラモン：パラディンモード,究極体,project_generated_gameplay_v0_noncanonical,究極体,special,600,100,80,95,100,125,100,slow,30,240,neutral_v0,playtest_parameter_ready
869,digimon,imperialdramondragonmode,インペリアルドラモン：ドラゴンモード,究極体,project_generated_gameplay_v0_noncanonical,究極体,special_tank,600,110,75,105,80,105,125,slow,30,240,neutral_v0,playtest_parameter_ready
870,digimon,yggdrasill7d6,イグドラシル＿７Ｄ６,究極体,project_generated_gameplay_v0_noncanonical,究極体,mixed,600,100,110,90,100,110,90,slow,30,240,neutral_v0,playtest_parameter_ready
871,digimon,ulforcevdramon,アルフォースブイドラモン,究極体,project_generated_gameplay_v0_noncanonical,究極体,physical_tank,600,110,105,130,75,75,105,slow,30,240,neutral_v0,playtest_parameter_ready
872,digimon,alphamon:ouryuken,アルファモン：王竜剣,究極体,project_generated_gameplay_v0_noncanonical,究極体,swift_special,600,90,80,89,128,119,94,slow,30,240,neutral_v0,playtest_parameter_ready
873,digimon,alphamon,アルファモン,究極体,project_generated_gameplay_v0_noncanonical,究極体,balanced,600,100,100,100,100,100,100,slow,30,240,neutral_v0,playtest_parameter_ready
874,digimon,ultimatebrakimon,アルティメットブラキモン,究極体,project_generated_gameplay_v0_noncanonical,究極体,special,600,100,80,95,100,125,100,slow,30,240,neutral_v0,playtest_parameter_ready
875,digimon,algomon,アルゴモン,究極体,project_generated_gameplay_v0_noncanonical,究極体,physical,600,100,125,100,95,80,100,slow,30,240,neutral_v0,playtest_parameter_ready
876,digimon,apollomon,アポロモン,究極体,project_generated_gameplay_v0_noncanonical,究極体,physical_tank,600,110,105,130,75,75,105,slow,30,240,neutral_v0,playtest_parameter_ready
877,digimon,apoclymon,アポカリモン,究極体,project_generated_gameplay_v0_noncanonical,究極体,swift_special,600,90,80,89,128,119,94,slow,30,240,neutral_v0,playtest_parameter_ready
878,digimon,anubimon,アヌビモン,究極体,project_generated_gameplay_v0_noncanonical,究極体,physical,600,100,125,100,95,80,100,slow,30,240,neutral_v0,playtest_parameter_ready
879,digimon,armagemon,アーマゲモン,究極体,project_generated_gameplay_v0_noncanonical,究極体,mixed,600,100,110,90,100,110,90,slow,30,240,neutral_v0,playtest_parameter_ready
880,digimon,avengekidmon,アヴェンジキッドモン,究極体,project_generated_gameplay_v0_noncanonical,究極体,balanced,600,100,100,100,100,100,100,slow,30,240,neutral_v0,playtest_parameter_ready
881,digimon,warumonzaemon,ワルもんざえモン,完全体,project_generated_gameplay_v0_noncanonical,完全体,physical,520,87,109,87,82,69,86,slow,60,180,neutral_v0,playtest_parameter_ready
882,digimon,waruseadramon,ワルシードラモン,完全体,project_generated_gameplay_v0_noncanonical,完全体,mixed,520,87,96,78,86,95,78,slow,60,180,neutral_v0,playtest_parameter_ready
883,digimon,wisemon,ワイズモン,完全体,project_generated_gameplay_v0_noncanonical,完全体,balanced,520,87,87,87,87,86,86,slow,60,180,neutral_v0,playtest_parameter_ready
884,digimon,weregarrumon,ワーガルルモン,完全体,project_generated_gameplay_v0_noncanonical,完全体,swift_special,520,78,69,78,111,103,81,slow,60,180,neutral_v0,playtest_parameter_ready
885,digimon,locomon,ロコモン,完全体,project_generated_gameplay_v0_noncanonical,完全体,physical_tank,520,96,91,112,65,65,91,slow,60,180,neutral_v0,playtest_parameter_ready
886,digimon,loaderleomon,ローダーレオモン,完全体,project_generated_gameplay_v0_noncanonical,完全体,mixed,520,87,96,78,86,95,78,slow,60,180,neutral_v0,playtest_parameter_ready
887,digimon,ladydevimon,レディーデビモン,完全体,project_generated_gameplay_v0_noncanonical,完全体,special,520,87,70,83,86,108,86,slow,60,180,neutral_v0,playtest_parameter_ready
888,digimon,luminamon,ルミナモン,完全体,project_generated_gameplay_v0_noncanonical,完全体,balanced,520,87,87,87,87,86,86,slow,60,180,neutral_v0,playtest_parameter_ready
889,digimon,rucemonfalldownmode,ルーチェモン：フォールダウンモード,完全体,project_generated_gameplay_v0_noncanonical,完全体,physical,520,87,109,87,82,69,86,slow,60,180,neutral_v0,playtest_parameter_ready
890,digimon,rookchessmon,ルークチェスモン,完全体,project_generated_gameplay_v0_noncanonical,完全体,physical_tank,520,96,91,112,65,65,91,slow,60,180,neutral_v0,playtest_parameter_ready
891,digimon,lilimon,リリモン,完全体,project_generated_gameplay_v0_noncanonical,完全体,balanced,520,87,87,87,87,86,86,slow,60,180,neutral_v0,playtest_parameter_ready
892,digimon,rapidmon,ラピッドモン,完全体,project_generated_gameplay_v0_noncanonical,完全体,special_tank,520,96,65,91,69,91,108,slow,60,180,neutral_v0,playtest_parameter_ready
893,digimon,lilamon,ライラモン,完全体,project_generated_gameplay_v0_noncanonical,完全体,balanced,520,87,87,87,87,86,86,slow,60,180,neutral_v0,playtest_parameter_ready
894,digimon,rizegreymon,ライズグレイモン,完全体,project_generated_gameplay_v0_noncanonical,完全体,physical,520,87,109,87,82,69,86,slow,60,180,neutral_v0,playtest_parameter_ready
895,digimon,yatagaramon,ヤタガラモン（2006年アニメ版）,完全体,project_generated_gameplay_v0_noncanonical,完全体,swift_special,520,78,69,78,111,103,81,slow,60,180,neutral_v0,playtest_parameter_ready
896,digimon,monzaemon,もんざえモン,完全体,project_generated_gameplay_v0_noncanonical,完全体,special,520,87,70,83,86,108,86,slow,60,180,neutral_v0,playtest_parameter_ready
897,digimon,mephismon,メフィスモン,完全体,project_generated_gameplay_v0_noncanonical,完全体,special,520,87,70,83,86,108,86,slow,60,180,neutral_v0,playtest_parameter_ready
898,digimon,metalmamemon,メタルマメモン,完全体,project_generated_gameplay_v0_noncanonical,完全体,physical_tank,520,96,91,112,65,65,91,slow,60,180,neutral_v0,playtest_parameter_ready
899,digimon,metalfantomon,メタルファントモン,完全体,project_generated_gameplay_v0_noncanonical,完全体,swift_physical,520,79,105,73,112,69,82,slow,60,180,neutral_v0,playtest_parameter_ready
900,digimon,metaltyranomon,メタルティラノモン,完全体,project_generated_gameplay_v0_noncanonical,完全体,special,520,87,70,83,86,108,86,slow,60,180,neutral_v0,playtest_parameter_ready
901,digimon,metalgreymon-v,メタルグレイモン（ワクチン種）,完全体,project_generated_gameplay_v0_noncanonical,完全体,swift_physical,520,79,105,73,112,69,82,slow,60,180,neutral_v0,playtest_parameter_ready
902,digimon,metalgreymon-web,メタルグレイモン（ウィルス種）,完全体,project_generated_gameplay_v0_noncanonical,完全体,mixed,520,87,96,78,86,95,78,slow,60,180,neutral_v0,playtest_parameter_ready
903,digimon,metallifekuwagamon,メタリフェクワガーモン,完全体,project_generated_gameplay_v0_noncanonical,完全体,mixed,520,87,96,78,86,95,78,slow,60,180,neutral_v0,playtest_parameter_ready
904,digimon,megalogrowmon,メガログラウモン,完全体,project_generated_gameplay_v0_noncanonical,完全体,balanced,520,87,87,87,87,86,86,slow,60,180,neutral_v0,playtest_parameter_ready
905,digimon,megadramon,メガドラモン,完全体,project_generated_gameplay_v0_noncanonical,完全体,physical,520,87,109,87,82,69,86,slow,60,180,neutral_v0,playtest_parameter_ready
906,digimon,megaseadramon,メガシードラモン,完全体,project_generated_gameplay_v0_noncanonical,完全体,special_tank,520,96,65,91,69,91,108,slow,60,180,neutral_v0,playtest_parameter_ready
907,digimon,meicrackmon,メイクラックモン,完全体,project_generated_gameplay_v0_noncanonical,完全体,swift_physical,520,79,105,73,112,69,82,slow,60,180,neutral_v0,playtest_parameter_ready
908,digimon,mihiramon,ミヒラモン,完全体,project_generated_gameplay_v0_noncanonical,完全体,balanced,520,87,87,87,87,86,86,slow,60,180,neutral_v0,playtest_parameter_ready
909,digimon,mistymon,ミスティモン,完全体,project_generated_gameplay_v0_noncanonical,完全体,swift_special,520,78,69,78,111,103,81,slow,60,180,neutral_v0,playtest_parameter_ready
910,digimon,mammon,マンモン,完全体,project_generated_gameplay_v0_noncanonical,完全体,swift_physical,520,79,105,73,112,69,82,slow,60,180,neutral_v0,playtest_parameter_ready
911,digimon,marindevimon,マリンデビモン,完全体,project_generated_gameplay_v0_noncanonical,完全体,mixed,520,87,96,78,86,95,78,slow,60,180,neutral_v0,playtest_parameter_ready
912,digimon,mametyramon,マメティラモン,完全体,project_generated_gameplay_v0_noncanonical,完全体,special,520,87,70,83,86,108,86,slow,60,180,neutral_v0,playtest_parameter_ready
913,digimon,mamemon,マメモン,完全体,project_generated_gameplay_v0_noncanonical,完全体,balanced,520,87,87,87,87,86,86,slow,60,180,neutral_v0,playtest_parameter_ready
914,digimon,mummymon,マミーモン,完全体,project_generated_gameplay_v0_noncanonical,完全体,physical,520,87,109,87,82,69,86,slow,60,180,neutral_v0,playtest_parameter_ready
915,digimon,machgaogamon,マッハガオガモン,完全体,project_generated_gameplay_v0_noncanonical,完全体,special,520,87,70,83,86,108,86,slow,60,180,neutral_v0,playtest_parameter_ready
916,digimon,matadrmon,マタドゥルモン,完全体,project_generated_gameplay_v0_noncanonical,完全体,physical,520,87,109,87,82,69,86,slow,60,180,neutral_v0,playtest_parameter_ready
917,digimon,mastertyranomon,マスターティラノモン,完全体,project_generated_gameplay_v0_noncanonical,完全体,physical_tank,520,96,91,112,65,65,91,slow,60,180,neutral_v0,playtest_parameter_ready
918,digimon,majiramon,マジラモン,完全体,project_generated_gameplay_v0_noncanonical,完全体,special,520,87,70,83,86,108,86,slow,60,180,neutral_v0,playtest_parameter_ready
919,digimon,makuramon,マクラモン,完全体,project_generated_gameplay_v0_noncanonical,完全体,physical,520,87,109,87,82,69,86,slow,60,180,neutral_v0,playtest_parameter_ready
920,digimon,mermaimon,マーメイモン,完全体,project_generated_gameplay_v0_noncanonical,完全体,swift_physical,520,79,105,73,112,69,82,slow,60,180,neutral_v0,playtest_parameter_ready
921,digimon,volcamon,ボルケーモン,完全体,project_generated_gameplay_v0_noncanonical,完全体,mixed,520,87,96,78,86,95,78,slow,60,180,neutral_v0,playtest_parameter_ready
922,digimon,holyangemon,ホーリーエンジェモン,完全体,project_generated_gameplay_v0_noncanonical,完全体,swift_physical,520,79,105,73,112,69,82,slow,60,180,neutral_v0,playtest_parameter_ready
923,digimon,whamon,ホエーモン,完全体,project_generated_gameplay_v0_noncanonical,完全体,special_tank,520,96,65,91,69,91,108,slow,60,180,neutral_v0,playtest_parameter_ready
924,digimon,betsumon,ベツモン,完全体,project_generated_gameplay_v0_noncanonical,完全体,physical_tank,520,96,91,112,65,65,91,slow,60,180,neutral_v0,playtest_parameter_ready
925,digimon,vademon2,ベーダモン（X抗体）,完全体,project_generated_gameplay_v0_noncanonical,完全体,swift_special,520,78,69,78,111,103,81,slow,60,180,neutral_v0,playtest_parameter_ready
926,digimon,vademon,ベーダモン,完全体,project_generated_gameplay_v0_noncanonical,完全体,special_tank,520,96,65,91,69,91,108,slow,60,180,neutral_v0,playtest_parameter_ready
927,digimon,blossomon,ブロッサモン,完全体,project_generated_gameplay_v0_noncanonical,完全体,special,520,87,70,83,86,108,86,slow,60,180,neutral_v0,playtest_parameter_ready
928,digimon,flaremon,フレアモン,完全体,project_generated_gameplay_v0_noncanonical,完全体,balanced,520,87,87,87,87,86,86,slow,60,180,neutral_v0,playtest_parameter_ready
929,digimon,bluemeramon,ブルーメラモン,完全体,project_generated_gameplay_v0_noncanonical,完全体,physical,520,87,109,87,82,69,86,slow,60,180,neutral_v0,playtest_parameter_ready
930,digimon,blackmegalogrowmon,ブラックメガログラウモン,完全体,project_generated_gameplay_v0_noncanonical,完全体,physical_tank,520,96,91,112,65,65,91,slow,60,180,neutral_v0,playtest_parameter_ready
931,digimon,phelesmon,フェレスモン,完全体,project_generated_gameplay_v0_noncanonical,完全体,swift_physical,520,79,105,73,112,69,82,slow,60,180,neutral_v0,playtest_parameter_ready
932,digimon,fantomon,ファントモン,完全体,project_generated_gameplay_v0_noncanonical,完全体,swift_special,520,78,69,78,111,103,81,slow,60,180,neutral_v0,playtest_parameter_ready
933,digimon,hippogriffomon,ヒポグリフォモン,完全体,project_generated_gameplay_v0_noncanonical,完全体,mixed,520,87,96,78,86,95,78,slow,60,180,neutral_v0,playtest_parameter_ready
934,digimon,picklemon,ピッコロモン,完全体,project_generated_gameplay_v0_noncanonical,完全体,special,520,87,70,83,86,108,86,slow,60,180,neutral_v0,playtest_parameter_ready
935,digimon,bigmamemon,ビッグマメモン,完全体,project_generated_gameplay_v0_noncanonical,完全体,special_tank,520,96,65,91,69,91,108,slow,60,180,neutral_v0,playtest_parameter_ready
936,digimon,bishopchessmon,ビショップチェスモン,完全体,project_generated_gameplay_v0_noncanonical,完全体,physical_tank,520,96,91,112,65,65,91,slow,60,180,neutral_v0,playtest_parameter_ready
937,digimon,hisyaryumon,ヒシャリュウモン,完全体,project_generated_gameplay_v0_noncanonical,完全体,special,520,87,70,83,86,108,86,slow,60,180,neutral_v0,playtest_parameter_ready
938,digimon,pumpmon,パンプモン,完全体,project_generated_gameplay_v0_noncanonical,完全体,special_tank,520,96,65,91,69,91,108,slow,60,180,neutral_v0,playtest_parameter_ready
939,digimon,pandamon,パンダモン,完全体,project_generated_gameplay_v0_noncanonical,完全体,balanced,520,87,87,87,87,86,86,slow,60,180,neutral_v0,playtest_parameter_ready
940,digimon,panjyamon,パンジャモン,完全体,project_generated_gameplay_v0_noncanonical,完全体,swift_physical,520,79,105,73,112,69,82,slow,60,180,neutral_v0,playtest_parameter_ready
941,digimon,hangyomon,ハンギョモン,完全体,project_generated_gameplay_v0_noncanonical,完全体,balanced,520,87,87,87,87,86,86,slow,60,180,neutral_v0,playtest_parameter_ready
942,digimon,parrotmon,パロットモン,完全体,project_generated_gameplay_v0_noncanonical,完全体,swift_special,520,78,69,78,111,103,81,slow,60,180,neutral_v0,playtest_parameter_ready
943,digimon,valvemon,バルブモン,完全体,project_generated_gameplay_v0_noncanonical,完全体,special,520,87,70,83,86,108,86,slow,60,180,neutral_v0,playtest_parameter_ready
944,digimon,bastemon,バステモン,完全体,project_generated_gameplay_v0_noncanonical,完全体,swift_physical,520,79,105,73,112,69,82,slow,60,180,neutral_v0,playtest_parameter_ready
945,digimon,pajiramon,パジラモン,完全体,project_generated_gameplay_v0_noncanonical,完全体,physical_tank,520,96,91,112,65,65,91,slow,60,180,neutral_v0,playtest_parameter_ready
946,digimon,paildramon,パイルドラモン,完全体,project_generated_gameplay_v0_noncanonical,完全体,physical_tank,520,96,91,112,65,65,91,slow,60,180,neutral_v0,playtest_parameter_ready
947,digimon,neodevimon,ネオデビモン,完全体,project_generated_gameplay_v0_noncanonical,完全体,swift_special,520,78,69,78,111,103,81,slow,60,180,neutral_v0,playtest_parameter_ready
948,digimon,nanomon,ナノモン,完全体,project_generated_gameplay_v0_noncanonical,完全体,special_tank,520,96,65,91,69,91,108,slow,60,180,neutral_v0,playtest_parameter_ready
949,digimon,knightmon,ナイトモン,完全体,project_generated_gameplay_v0_noncanonical,完全体,swift_physical,520,79,105,73,112,69,82,slow,60,180,neutral_v0,playtest_parameter_ready
950,digimon,doruguremon,ドルグレモン,完全体,project_generated_gameplay_v0_noncanonical,完全体,mixed,520,87,96,78,86,95,78,slow,60,180,neutral_v0,playtest_parameter_ready
951,digimon,triceramon,トリケラモン,完全体,project_generated_gameplay_v0_noncanonical,完全体,balanced,520,87,87,87,87,86,86,slow,60,180,neutral_v0,playtest_parameter_ready
952,digimon,tonosamagekomon,トノサマゲコモン,完全体,project_generated_gameplay_v0_noncanonical,完全体,special_tank,520,96,65,91,69,91,108,slow,60,180,neutral_v0,playtest_parameter_ready
953,digimon,doumon,ドウモン,完全体,project_generated_gameplay_v0_noncanonical,完全体,swift_special,520,78,69,78,111,103,81,slow,60,180,neutral_v0,playtest_parameter_ready
954,digimon,delumon,デラモン,完全体,project_generated_gameplay_v0_noncanonical,完全体,balanced,520,87,87,87,87,86,86,slow,60,180,neutral_v0,playtest_parameter_ready
955,digimon,duramon,デュラモン,完全体,project_generated_gameplay_v0_noncanonical,完全体,special_tank,520,96,65,91,69,91,108,slow,60,180,neutral_v0,playtest_parameter_ready
956,digimon,deathmeramon,デスメラモン,完全体,project_generated_gameplay_v0_noncanonical,完全体,mixed,520,87,96,78,86,95,78,slow,60,180,neutral_v0,playtest_parameter_ready
957,digimon,digitamamon,デジタマモン,完全体,project_generated_gameplay_v0_noncanonical,完全体,special_tank,520,96,65,91,69,91,108,slow,60,180,neutral_v0,playtest_parameter_ready
958,digimon,death-x-doruguremon,デクスドルグレモン,完全体,project_generated_gameplay_v0_noncanonical,完全体,physical,520,87,109,87,82,69,86,slow,60,180,neutral_v0,playtest_parameter_ready
959,digimon,dinobeemon,ディノビーモン,完全体,project_generated_gameplay_v0_noncanonical,完全体,balanced,520,87,87,87,87,86,86,slow,60,180,neutral_v0,playtest_parameter_ready
960,digimon,chohakkaimon,チョ・ハッカイモン,完全体,project_generated_gameplay_v0_noncanonical,完全体,physical,520,87,109,87,82,69,86,slow,60,180,neutral_v0,playtest_parameter_ready
961,digimon,caturamon,チャツラモン,完全体,project_generated_gameplay_v0_noncanonical,完全体,special,520,87,70,83,86,108,86,slow,60,180,neutral_v0,playtest_parameter_ready
962,digimon,tyilinmon,チィリンモン,完全体,project_generated_gameplay_v0_noncanonical,完全体,swift_physical,520,79,105,73,112,69,82,slow,60,180,neutral_v0,playtest_parameter_ready
963,digimon,tankdramon,タンクドラモン,完全体,project_generated_gameplay_v0_noncanonical,完全体,swift_physical,520,79,105,73,112,69,82,slow,60,180,neutral_v0,playtest_parameter_ready
964,digimon,dagomon,ダゴモン,完全体,project_generated_gameplay_v0_noncanonical,完全体,mixed,520,87,96,78,86,95,78,slow,60,180,neutral_v0,playtest_parameter_ready
965,digimon,taomon,タオモン,完全体,project_generated_gameplay_v0_noncanonical,完全体,balanced,520,87,87,87,87,86,86,slow,60,180,neutral_v0,playtest_parameter_ready
966,digimon,darksuperstarmon,ダークスーパースターモン,完全体,project_generated_gameplay_v0_noncanonical,完全体,physical_tank,520,96,91,112,65,65,91,slow,60,180,neutral_v0,playtest_parameter_ready
967,digimon,sirenmon,セイレーンモン,完全体,project_generated_gameplay_v0_noncanonical,完全体,mixed,520,87,96,78,86,95,78,slow,60,180,neutral_v0,playtest_parameter_ready
968,digimon,saviorhuckmon,セイバーハックモン,完全体,project_generated_gameplay_v0_noncanonical,完全体,mixed,520,87,96,78,86,95,78,slow,60,180,neutral_v0,playtest_parameter_ready
969,digimon,zudomon,ズドモン,完全体,project_generated_gameplay_v0_noncanonical,完全体,balanced,520,87,87,87,87,86,86,slow,60,180,neutral_v0,playtest_parameter_ready
970,digimon,scorpiomon,スコピオモン,完全体,project_generated_gameplay_v0_noncanonical,完全体,mixed,520,87,96,78,86,95,78,slow,60,180,neutral_v0,playtest_parameter_ready
971,digimon,skullbaluchimon,スカルバルキモン,完全体,project_generated_gameplay_v0_noncanonical,完全体,physical,520,87,109,87,82,69,86,slow,60,180,neutral_v0,playtest_parameter_ready
972,digimon,skullsatamon,スカルサタモン,完全体,project_generated_gameplay_v0_noncanonical,完全体,special,520,87,70,83,86,108,86,slow,60,180,neutral_v0,playtest_parameter_ready
973,digimon,skullgreymon,スカルグレイモン,完全体,project_generated_gameplay_v0_noncanonical,完全体,special,520,87,70,83,86,108,86,slow,60,180,neutral_v0,playtest_parameter_ready
974,digimon,superstarmon,スーパースターモン,完全体,project_generated_gameplay_v0_noncanonical,完全体,physical,520,87,109,87,82,69,86,slow,60,180,neutral_v0,playtest_parameter_ready
975,digimon,sinduramon,シンドゥーラモン,完全体,project_generated_gameplay_v0_noncanonical,完全体,swift_special,520,78,69,78,111,103,81,slow,60,180,neutral_v0,playtest_parameter_ready
976,digimon,silphymon,シルフィーモン,完全体,project_generated_gameplay_v0_noncanonical,完全体,physical,520,87,109,87,82,69,86,slow,60,180,neutral_v0,playtest_parameter_ready
977,digimon,jyureimon,ジュレイモン,完全体,project_generated_gameplay_v0_noncanonical,完全体,balanced,520,87,87,87,87,86,86,slow,60,180,neutral_v0,playtest_parameter_ready
978,digimon,shakkoumon,シャッコウモン,完全体,project_generated_gameplay_v0_noncanonical,完全体,balanced,520,87,87,87,87,86,86,slow,60,180,neutral_v0,playtest_parameter_ready
979,digimon,jyagamon,ジャガモン,完全体,project_generated_gameplay_v0_noncanonical,完全体,swift_special,520,78,69,78,111,103,81,slow,60,180,neutral_v0,playtest_parameter_ready
980,digimon,shawujinmon,シャウジンモン,完全体,project_generated_gameplay_v0_noncanonical,完全体,physical_tank,520,96,91,112,65,65,91,slow,60,180,neutral_v0,playtest_parameter_ready
981,digimon,sandiramon,サンティラモン,完全体,project_generated_gameplay_v0_noncanonical,完全体,balanced,520,87,87,87,87,86,86,slow,60,180,neutral_v0,playtest_parameter_ready
982,digimon,sanzomon,サンゾモン,完全体,project_generated_gameplay_v0_noncanonical,完全体,swift_physical,520,79,105,73,112,69,82,slow,60,180,neutral_v0,playtest_parameter_ready
983,digimon,sagomon,サゴモン,完全体,project_generated_gameplay_v0_noncanonical,完全体,special_tank,520,96,65,91,69,91,108,slow,60,180,neutral_v0,playtest_parameter_ready
984,digimon,cyberdramon,サイバードラモン,完全体,project_generated_gameplay_v0_noncanonical,完全体,special_tank,520,96,65,91,69,91,108,slow,60,180,neutral_v0,playtest_parameter_ready
985,digimon,gokuwmon,ゴクウモン,完全体,project_generated_gameplay_v0_noncanonical,完全体,physical_tank,520,96,91,112,65,65,91,slow,60,180,neutral_v0,playtest_parameter_ready
986,digimon,cerberumon,ケルベロモン,完全体,project_generated_gameplay_v0_noncanonical,完全体,special_tank,520,96,65,91,69,91,108,slow,60,180,neutral_v0,playtest_parameter_ready
987,digimon,kumbhiramon,クンビラモン,完全体,project_generated_gameplay_v0_noncanonical,完全体,swift_physical,520,79,105,73,112,69,82,slow,60,180,neutral_v0,playtest_parameter_ready
988,digimon,crescemon,クレシェモン,完全体,project_generated_gameplay_v0_noncanonical,完全体,mixed,520,87,96,78,86,95,78,slow,60,180,neutral_v0,playtest_parameter_ready
989,digimon,grademon,グレイドモン,完全体,project_generated_gameplay_v0_noncanonical,完全体,physical,520,87,109,87,82,69,86,slow,60,180,neutral_v0,playtest_parameter_ready
990,digimon,grappuleomon,グラップレオモン,完全体,project_generated_gameplay_v0_noncanonical,完全体,mixed,520,87,96,78,86,95,78,slow,60,180,neutral_v0,playtest_parameter_ready
991,digimon,groundramon,グラウンドラモン,完全体,project_generated_gameplay_v0_noncanonical,完全体,special_tank,520,96,65,91,69,91,108,slow,60,180,neutral_v0,playtest_parameter_ready
992,digimon,giromon,ギロモン,完全体,project_generated_gameplay_v0_noncanonical,完全体,physical,520,87,109,87,82,69,86,slow,60,180,neutral_v0,playtest_parameter_ready
993,digimon,captainhookmon,キャプテンフックモン,完全体,project_generated_gameplay_v0_noncanonical,完全体,physical,520,87,109,87,82,69,86,slow,60,180,neutral_v0,playtest_parameter_ready
994,digimon,cannonbeemon,キャノンビーモン,完全体,project_generated_gameplay_v0_noncanonical,完全体,physical,520,87,109,87,82,69,86,slow,60,180,neutral_v0,playtest_parameter_ready
995,digimon,catchmamemon,キャッチマメモン,完全体,project_generated_gameplay_v0_noncanonical,完全体,physical,520,87,109,87,82,69,86,slow,60,180,neutral_v0,playtest_parameter_ready
996,digimon,chimairamon,キメラモン,完全体,project_generated_gameplay_v0_noncanonical,完全体,special,520,87,70,83,86,108,86,slow,60,180,neutral_v0,playtest_parameter_ready
997,digimon,gigadramon,ギガドラモン,完全体,project_generated_gameplay_v0_noncanonical,完全体,swift_physical,520,79,105,73,112,69,82,slow,60,180,neutral_v0,playtest_parameter_ready
998,digimon,garudamon,ガルダモン,完全体,project_generated_gameplay_v0_noncanonical,完全体,special,520,87,70,83,86,108,86,slow,60,180,neutral_v0,playtest_parameter_ready
999,digimon,karatenmon,カラテンモン,完全体,project_generated_gameplay_v0_noncanonical,完全体,swift_special,520,78,69,78,111,103,81,slow,60,180,neutral_v0,playtest_parameter_ready
1000,digimon,gerbemon,ガーベモン,完全体,project_generated_gameplay_v0_noncanonical,完全体,physical,520,87,109,87,82,69,86,slow,60,180,neutral_v0,playtest_parameter_ready
1001,digimon,orochimon,オロチモン,完全体,project_generated_gameplay_v0_noncanonical,完全体,swift_special,520,78,69,78,111,103,81,slow,60,180,neutral_v0,playtest_parameter_ready
1002,digimon,okuwamon,オオクワモン,完全体,project_generated_gameplay_v0_noncanonical,完全体,mixed,520,87,96,78,86,95,78,slow,60,180,neutral_v0,playtest_parameter_ready
1003,digimon,angewomon,エンジェウーモン,完全体,project_generated_gameplay_v0_noncanonical,完全体,mixed,520,87,96,78,86,95,78,slow,60,180,neutral_v0,playtest_parameter_ready
1004,digimon,etemon,エテモン,完全体,project_generated_gameplay_v0_noncanonical,完全体,balanced,520,87,87,87,87,86,86,slow,60,180,neutral_v0,playtest_parameter_ready
1005,digimon,ex-tyranomon,エクスティラノモン,完全体,project_generated_gameplay_v0_noncanonical,完全体,swift_physical,520,79,105,73,112,69,82,slow,60,180,neutral_v0,playtest_parameter_ready
1006,digimon,earov-dramon,エアロブイドラモン,完全体,project_generated_gameplay_v0_noncanonical,完全体,swift_physical,520,79,105,73,112,69,82,slow,60,180,neutral_v0,playtest_parameter_ready
1007,digimon,volcdoramon,ヴォルクドラモン,完全体,project_generated_gameplay_v0_noncanonical,完全体,special_tank,520,96,65,91,69,91,108,slow,60,180,neutral_v0,playtest_parameter_ready
1008,digimon,wingdramon,ウイングドラモン,完全体,project_generated_gameplay_v0_noncanonical,完全体,balanced,520,87,87,87,87,86,86,slow,60,180,neutral_v0,playtest_parameter_ready
1009,digimon,vikaralamon,ヴィカラーラモン,完全体,project_generated_gameplay_v0_noncanonical,完全体,physical_tank,520,96,91,112,65,65,91,slow,60,180,neutral_v0,playtest_parameter_ready
1010,digimon,vamdemon,ヴァンデモン,完全体,project_generated_gameplay_v0_noncanonical,完全体,physical_tank,520,96,91,112,65,65,91,slow,60,180,neutral_v0,playtest_parameter_ready
1011,digimon,vajramon,ヴァジラモン,完全体,project_generated_gameplay_v0_noncanonical,完全体,balanced,520,87,87,87,87,86,86,slow,60,180,neutral_v0,playtest_parameter_ready
1012,digimon,infermon,インフェルモン,完全体,project_generated_gameplay_v0_noncanonical,完全体,balanced,520,87,87,87,87,86,86,slow,60,180,neutral_v0,playtest_parameter_ready
1013,digimon,indaramon,インダラモン,完全体,project_generated_gameplay_v0_noncanonical,完全体,mixed,520,87,96,78,86,95,78,slow,60,180,neutral_v0,playtest_parameter_ready
1014,digimon,insekimon,インセキモン,完全体,project_generated_gameplay_v0_noncanonical,完全体,physical_tank,520,96,91,112,65,65,91,slow,60,180,neutral_v0,playtest_parameter_ready
1015,digimon,andromon,アンドロモン,完全体,project_generated_gameplay_v0_noncanonical,完全体,special_tank,520,96,65,91,69,91,108,slow,60,180,neutral_v0,playtest_parameter_ready
1016,digimon,andiramon,アンティラモン（デーヴァ）,完全体,project_generated_gameplay_v0_noncanonical,完全体,mixed,520,87,96,78,86,95,78,slow,60,180,neutral_v0,playtest_parameter_ready
1017,digimon,algomon-ultimate,アルゴモン,完全体,project_generated_gameplay_v0_noncanonical,完全体,swift_physical,520,79,105,73,112,69,82,slow,60,180,neutral_v0,playtest_parameter_ready
1018,digimon,archnemon,アルケニモン,完全体,project_generated_gameplay_v0_noncanonical,完全体,swift_physical,520,79,105,73,112,69,82,slow,60,180,neutral_v0,playtest_parameter_ready
1019,digimon,anomalocarimon-x,アノマロカリモン（X抗体）,完全体,project_generated_gameplay_v0_noncanonical,完全体,swift_physical,520,79,105,73,112,69,82,slow,60,180,neutral_v0,playtest_parameter_ready
1020,digimon,anomalocarimon,アノマロカリモン,完全体,project_generated_gameplay_v0_noncanonical,完全体,special_tank,520,96,65,91,69,91,108,slow,60,180,neutral_v0,playtest_parameter_ready
1021,digimon,atlurkabuterimon,アトラーカブテリモン（赤）,完全体,project_generated_gameplay_v0_noncanonical,完全体,physical,520,87,109,87,82,69,86,slow,60,180,neutral_v0,playtest_parameter_ready
1022,digimon,atlurkabuterimon-blue,アトラーカブテリモン（青）,完全体,project_generated_gameplay_v0_noncanonical,完全体,balanced,520,87,87,87,87,86,86,slow,60,180,neutral_v0,playtest_parameter_ready
1023,digimon,astamon,アスタモン,完全体,project_generated_gameplay_v0_noncanonical,完全体,physical,520,87,109,87,82,69,86,slow,60,180,neutral_v0,playtest_parameter_ready
1024,digimon,asuramon,アシュラモン,完全体,project_generated_gameplay_v0_noncanonical,完全体,special,520,87,70,83,86,108,86,slow,60,180,neutral_v0,playtest_parameter_ready
1025,digimon,aegiochusmon:blue,アイギオテュースモン：ブルー,完全体,project_generated_gameplay_v0_noncanonical,完全体,special,520,87,70,83,86,108,86,slow,60,180,neutral_v0,playtest_parameter_ready
1026,digimon,aegiochusmon:dark,アイギオテュースモン：ダーク,完全体,project_generated_gameplay_v0_noncanonical,完全体,special_tank,520,96,65,91,69,91,108,slow,60,180,neutral_v0,playtest_parameter_ready
1027,digimon,aegiochusmon:green,アイギオテュースモン：グリーン,完全体,project_generated_gameplay_v0_noncanonical,完全体,physical_tank,520,96,91,112,65,65,91,slow,60,180,neutral_v0,playtest_parameter_ready
1028,digimon,aegiochusmon,アイギオテュースモン,完全体,project_generated_gameplay_v0_noncanonical,完全体,swift_special,520,78,69,78,111,103,81,slow,60,180,neutral_v0,playtest_parameter_ready
1029,digimon,waspmon,ワスプモン,成熟期,project_generated_gameplay_v0_noncanonical,成熟期,physical_tank,430,79,76,94,53,53,75,medium_slow,120,120,neutral_v0,playtest_parameter_ready
1030,digimon,reppamon,レッパモン,成熟期,project_generated_gameplay_v0_noncanonical,成熟期,balanced,430,72,72,72,72,71,71,medium_slow,120,120,neutral_v0,playtest_parameter_ready
1031,digimon,redvegimon,レッドベジーモン,成熟期,project_generated_gameplay_v0_noncanonical,成熟期,special_tank,430,79,54,76,57,75,89,medium_slow,120,120,neutral_v0,playtest_parameter_ready
1032,digimon,lekismon,レキスモン,成熟期,project_generated_gameplay_v0_noncanonical,成熟期,swift_special,430,64,57,64,93,85,67,medium_slow,120,120,neutral_v0,playtest_parameter_ready
1033,digimon,leomon,レオモン,成熟期,project_generated_gameplay_v0_noncanonical,成熟期,swift_special,430,64,57,64,93,85,67,medium_slow,120,120,neutral_v0,playtest_parameter_ready
1034,digimon,raremon,レアモン,成熟期,project_generated_gameplay_v0_noncanonical,成熟期,balanced,430,72,72,72,72,71,71,medium_slow,120,120,neutral_v0,playtest_parameter_ready
1035,digimon,rukamon,ルカモン,成熟期,project_generated_gameplay_v0_noncanonical,成熟期,mixed,430,72,79,65,72,78,64,medium_slow,120,120,neutral_v0,playtest_parameter_ready
1036,digimon,revolmon,リボルモン,成熟期,project_generated_gameplay_v0_noncanonical,成熟期,special,430,72,58,69,71,89,71,medium_slow,120,120,neutral_v0,playtest_parameter_ready
1037,digimon,raptordramon,ラプタードラモン,成熟期,project_generated_gameplay_v0_noncanonical,成熟期,mixed,430,72,79,65,72,78,64,medium_slow,120,120,neutral_v0,playtest_parameter_ready
1038,digimon,liamon,ライアモン,成熟期,project_generated_gameplay_v0_noncanonical,成熟期,special,430,72,58,69,71,89,71,medium_slow,120,120,neutral_v0,playtest_parameter_ready
1039,digimon,youkomon,ヨウコモン,成熟期,project_generated_gameplay_v0_noncanonical,成熟期,mixed,430,72,79,65,72,78,64,medium_slow,120,120,neutral_v0,playtest_parameter_ready
1040,digimon,yunimon,ユニモン,成熟期,project_generated_gameplay_v0_noncanonical,成熟期,physical,430,72,90,72,68,57,71,medium_slow,120,120,neutral_v0,playtest_parameter_ready
1041,digimon,yukidarumon,ユキダルモン,成熟期,project_generated_gameplay_v0_noncanonical,成熟期,balanced,430,72,72,72,72,71,71,medium_slow,120,120,neutral_v0,playtest_parameter_ready
1042,digimon,monochromon,モノクロモン,成熟期,project_generated_gameplay_v0_noncanonical,成熟期,physical_tank,430,79,76,94,53,53,75,medium_slow,120,120,neutral_v0,playtest_parameter_ready
1043,digimon,mojyamon,モジャモン,成熟期,project_generated_gameplay_v0_noncanonical,成熟期,balanced,430,72,72,72,72,71,71,medium_slow,120,120,neutral_v0,playtest_parameter_ready
1044,digimon,meramon,メラモン,成熟期,project_generated_gameplay_v0_noncanonical,成熟期,physical,430,72,90,72,68,57,71,medium_slow,120,120,neutral_v0,playtest_parameter_ready
1045,digimon,mechanorimon,メカノリモン,成熟期,project_generated_gameplay_v0_noncanonical,成熟期,special_tank,430,79,54,76,57,75,89,medium_slow,120,120,neutral_v0,playtest_parameter_ready
1046,digimon,musyamon,ムシャモン,成熟期,project_generated_gameplay_v0_noncanonical,成熟期,swift_physical,430,65,87,60,93,57,68,medium_slow,120,120,neutral_v0,playtest_parameter_ready
1047,digimon,minotaurmon,ミノタルモン,成熟期,project_generated_gameplay_v0_noncanonical,成熟期,swift_physical,430,65,87,60,93,57,68,medium_slow,120,120,neutral_v0,playtest_parameter_ready
1048,digimon,mikemon,ミケモン,成熟期,project_generated_gameplay_v0_noncanonical,成熟期,special,430,72,58,69,71,89,71,medium_slow,120,120,neutral_v0,playtest_parameter_ready
1049,digimon,porcupamon,ポキュパモン,成熟期,project_generated_gameplay_v0_noncanonical,成熟期,special_tank,430,79,54,76,57,75,89,medium_slow,120,120,neutral_v0,playtest_parameter_ready
1050,digimon,peckmon,ペックモン,成熟期,project_generated_gameplay_v0_noncanonical,成熟期,mixed,430,72,79,65,72,78,64,medium_slow,120,120,neutral_v0,playtest_parameter_ready
1051,digimon,vegimon,ベジーモン,成熟期,project_generated_gameplay_v0_noncanonical,成熟期,mixed,430,72,79,65,72,78,64,medium_slow,120,120,neutral_v0,playtest_parameter_ready
1052,digimon,bladekuwagamon,ブレイドクワガーモン,成熟期,project_generated_gameplay_v0_noncanonical,成熟期,special,430,72,58,69,71,89,71,medium_slow,120,120,neutral_v0,playtest_parameter_ready
1053,digimon,flarelizamon,フレアリザモン,成熟期,project_generated_gameplay_v0_noncanonical,成熟期,special,430,72,58,69,71,89,71,medium_slow,120,120,neutral_v0,playtest_parameter_ready
1054,digimon,blimpmon,ブリンプモン,成熟期,project_generated_gameplay_v0_noncanonical,成熟期,balanced,430,72,72,72,72,71,71,medium_slow,120,120,neutral_v0,playtest_parameter_ready
1055,digimon,blacktailmon,ブラックテイルモン,成熟期,project_generated_gameplay_v0_noncanonical,成熟期,swift_physical,430,65,87,60,93,57,68,medium_slow,120,120,neutral_v0,playtest_parameter_ready
1056,digimon,blackgrowmon,ブラックグラウモン,成熟期,project_generated_gameplay_v0_noncanonical,成熟期,balanced,430,72,72,72,72,71,71,medium_slow,120,120,neutral_v0,playtest_parameter_ready
1057,digimon,platinasukamon,プラチナスカモン,成熟期,project_generated_gameplay_v0_noncanonical,成熟期,mixed,430,72,79,65,72,78,64,medium_slow,120,120,neutral_v0,playtest_parameter_ready
1058,digimon,flymon,フライモン,成熟期,project_generated_gameplay_v0_noncanonical,成熟期,swift_physical,430,65,87,60,93,57,68,medium_slow,120,120,neutral_v0,playtest_parameter_ready
1059,digimon,hookmon,フックモン,成熟期,project_generated_gameplay_v0_noncanonical,成熟期,physical,430,72,90,72,68,57,71,medium_slow,120,120,neutral_v0,playtest_parameter_ready
1060,digimon,boogiemon,ブギーモン,成熟期,project_generated_gameplay_v0_noncanonical,成熟期,physical_tank,430,79,76,94,53,53,75,medium_slow,120,120,neutral_v0,playtest_parameter_ready
1061,digimon,fugamon,フーガモン,成熟期,project_generated_gameplay_v0_noncanonical,成熟期,mixed,430,72,79,65,72,78,64,medium_slow,120,120,neutral_v0,playtest_parameter_ready
1062,digimon,v-dramon,ブイドラモン,成熟期,project_generated_gameplay_v0_noncanonical,成熟期,special_tank,430,79,54,76,57,75,89,medium_slow,120,120,neutral_v0,playtest_parameter_ready
1063,digimon,fangmon,ファングモン,成熟期,project_generated_gameplay_v0_noncanonical,成熟期,special_tank,430,79,54,76,57,75,89,medium_slow,120,120,neutral_v0,playtest_parameter_ready
1064,digimon,firamon,ファイラモン,成熟期,project_generated_gameplay_v0_noncanonical,成熟期,balanced,430,72,72,72,72,71,71,medium_slow,120,120,neutral_v0,playtest_parameter_ready
1065,digimon,hyougamon,ヒョーガモン,成熟期,project_generated_gameplay_v0_noncanonical,成熟期,physical_tank,430,79,76,94,53,53,75,medium_slow,120,120,neutral_v0,playtest_parameter_ready
1066,digimon,petermon,ピーターモン,成熟期,project_generated_gameplay_v0_noncanonical,成熟期,special_tank,430,79,54,76,57,75,89,medium_slow,120,120,neutral_v0,playtest_parameter_ready
1067,digimon,hanumon,ハヌモン,成熟期,project_generated_gameplay_v0_noncanonical,成熟期,special_tank,430,79,54,76,57,75,89,medium_slow,120,120,neutral_v0,playtest_parameter_ready
1068,digimon,bakemon,バケモン,成熟期,project_generated_gameplay_v0_noncanonical,成熟期,mixed,430,72,79,65,72,78,64,medium_slow,120,120,neutral_v0,playtest_parameter_ready
1069,digimon,baohuckmon,バオハックモン,成熟期,project_generated_gameplay_v0_noncanonical,成熟期,physical_tank,430,79,76,94,53,53,75,medium_slow,120,120,neutral_v0,playtest_parameter_ready
1070,digimon,birdramon,バードラモン,成熟期,project_generated_gameplay_v0_noncanonical,成熟期,special_tank,430,79,54,76,57,75,89,medium_slow,120,120,neutral_v0,playtest_parameter_ready
1071,digimon,numemon,ヌメモン,成熟期,project_generated_gameplay_v0_noncanonical,成熟期,physical,430,72,90,72,68,57,71,medium_slow,120,120,neutral_v0,playtest_parameter_ready
1072,digimon,nisedrimogemon,ニセドリモゲモン,成熟期,project_generated_gameplay_v0_noncanonical,成熟期,special_tank,430,79,54,76,57,75,89,medium_slow,120,120,neutral_v0,playtest_parameter_ready
1073,digimon,nanimon,ナニモン,成熟期,project_generated_gameplay_v0_noncanonical,成熟期,swift_special,430,64,57,64,93,85,67,medium_slow,120,120,neutral_v0,playtest_parameter_ready
1074,digimon,knightchessmon,ナイトチェスモン（白）,成熟期,project_generated_gameplay_v0_noncanonical,成熟期,physical,430,72,90,72,68,57,71,medium_slow,120,120,neutral_v0,playtest_parameter_ready
1075,digimon,knightchessmon_black,ナイトチェスモン（黒）,成熟期,project_generated_gameplay_v0_noncanonical,成熟期,physical_tank,430,79,76,94,53,53,75,medium_slow,120,120,neutral_v0,playtest_parameter_ready
1076,digimon,dorugamon,ドルガモン,成熟期,project_generated_gameplay_v0_noncanonical,成熟期,swift_special,430,64,57,64,93,85,67,medium_slow,120,120,neutral_v0,playtest_parameter_ready
1077,digimon,drimogemon,ドリモゲモン,成熟期,project_generated_gameplay_v0_noncanonical,成熟期,mixed,430,72,79,65,72,78,64,medium_slow,120,120,neutral_v0,playtest_parameter_ready
1078,digimon,tobucatmon,トブキャットモン,成熟期,project_generated_gameplay_v0_noncanonical,成熟期,balanced,430,72,72,72,72,71,71,medium_slow,120,120,neutral_v0,playtest_parameter_ready
1079,digimon,dogmon,ドッグモン,成熟期,project_generated_gameplay_v0_noncanonical,成熟期,special,430,72,58,69,71,89,71,medium_slow,120,120,neutral_v0,playtest_parameter_ready
1080,digimon,togemon,トゲモン,成熟期,project_generated_gameplay_v0_noncanonical,成熟期,mixed,430,72,79,65,72,78,64,medium_slow,120,120,neutral_v0,playtest_parameter_ready
1081,digimon,dokugumon,ドクグモン,成熟期,project_generated_gameplay_v0_noncanonical,成熟期,swift_physical,430,65,87,60,93,57,68,medium_slow,120,120,neutral_v0,playtest_parameter_ready
1082,digimon,dobermon,ドーベルモン,成熟期,project_generated_gameplay_v0_noncanonical,成熟期,special_tank,430,79,54,76,57,75,89,medium_slow,120,120,neutral_v0,playtest_parameter_ready
1083,digimon,tortamon,トータモン,成熟期,project_generated_gameplay_v0_noncanonical,成熟期,special,430,72,58,69,71,89,71,medium_slow,120,120,neutral_v0,playtest_parameter_ready
1084,digimon,turuiemon,トゥルイエモン,成熟期,project_generated_gameplay_v0_noncanonical,成熟期,balanced,430,72,72,72,72,71,71,medium_slow,120,120,neutral_v0,playtest_parameter_ready
1085,digimon,deltamon,デルタモン,成熟期,project_generated_gameplay_v0_noncanonical,成熟期,special_tank,430,79,54,76,57,75,89,medium_slow,120,120,neutral_v0,playtest_parameter_ready
1086,digimon,devimon,デビモン,成熟期,project_generated_gameplay_v0_noncanonical,成熟期,special,430,72,58,69,71,89,71,medium_slow,120,120,neutral_v0,playtest_parameter_ready
1087,digimon,devidramon,デビドラモン,成熟期,project_generated_gameplay_v0_noncanonical,成熟期,physical_tank,430,79,76,94,53,53,75,medium_slow,120,120,neutral_v0,playtest_parameter_ready
1088,digimon,death-x-dorugamon,デクスドルガモン,成熟期,project_generated_gameplay_v0_noncanonical,成熟期,special,430,72,58,69,71,89,71,medium_slow,120,120,neutral_v0,playtest_parameter_ready
1089,digimon,tailmon,テイルモン,成熟期,project_generated_gameplay_v0_noncanonical,成熟期,special_tank,430,79,54,76,57,75,89,medium_slow,120,120,neutral_v0,playtest_parameter_ready
1090,digimon,tyranomon,ティラノモン,成熟期,project_generated_gameplay_v0_noncanonical,成熟期,mixed,430,72,79,65,72,78,64,medium_slow,120,120,neutral_v0,playtest_parameter_ready
1091,digimon,diatrymon,ディアトリモン,成熟期,project_generated_gameplay_v0_noncanonical,成熟期,physical_tank,430,79,76,94,53,53,75,medium_slow,120,120,neutral_v0,playtest_parameter_ready
1092,digimon,tuchidarumon,ツチダルモン,成熟期,project_generated_gameplay_v0_noncanonical,成熟期,swift_physical,430,65,87,60,93,57,68,medium_slow,120,120,neutral_v0,playtest_parameter_ready
1093,digimon,tankmon,タンクモン,成熟期,project_generated_gameplay_v0_noncanonical,成熟期,balanced,430,72,72,72,72,71,71,medium_slow,120,120,neutral_v0,playtest_parameter_ready
1094,digimon,darcmon,ダルクモン,成熟期,project_generated_gameplay_v0_noncanonical,成熟期,swift_special,430,64,57,64,93,85,67,medium_slow,120,120,neutral_v0,playtest_parameter_ready
1095,digimon,tuskmon,タスクモン,成熟期,project_generated_gameplay_v0_noncanonical,成熟期,swift_physical,430,65,87,60,93,57,68,medium_slow,120,120,neutral_v0,playtest_parameter_ready
1096,digimon,targetmon,ターゲットモン,成熟期,project_generated_gameplay_v0_noncanonical,成熟期,swift_physical,430,65,87,60,93,57,68,medium_slow,120,120,neutral_v0,playtest_parameter_ready
1097,digimon,darklizamon,ダークリザモン,成熟期,project_generated_gameplay_v0_noncanonical,成熟期,special_tank,430,79,54,76,57,75,89,medium_slow,120,120,neutral_v0,playtest_parameter_ready
1098,digimon,darktyranomon,ダークティラノモン,成熟期,project_generated_gameplay_v0_noncanonical,成熟期,swift_physical,430,65,87,60,93,57,68,medium_slow,120,120,neutral_v0,playtest_parameter_ready
1099,digimon,sorcerimon,ソーサリモン,成熟期,project_generated_gameplay_v0_noncanonical,成熟期,swift_physical,430,65,87,60,93,57,68,medium_slow,120,120,neutral_v0,playtest_parameter_ready
1100,digimon,soulmon,ソウルモン,成熟期,project_generated_gameplay_v0_noncanonical,成熟期,physical,430,72,90,72,68,57,71,medium_slow,120,120,neutral_v0,playtest_parameter_ready
1101,digimon,saberdramon,セーバードラモン,成熟期,project_generated_gameplay_v0_noncanonical,成熟期,special_tank,430,79,54,76,57,75,89,medium_slow,120,120,neutral_v0,playtest_parameter_ready
1102,digimon,zubaeagermon,ズバイガーモン,成熟期,project_generated_gameplay_v0_noncanonical,成熟期,balanced,430,72,72,72,72,71,71,medium_slow,120,120,neutral_v0,playtest_parameter_ready
1103,digimon,snimon,スナイモン,成熟期,project_generated_gameplay_v0_noncanonical,成熟期,balanced,430,72,72,72,72,71,71,medium_slow,120,120,neutral_v0,playtest_parameter_ready
1104,digimon,strikedramon,ストライクドラモン,成熟期,project_generated_gameplay_v0_noncanonical,成熟期,physical_tank,430,79,76,94,53,53,75,medium_slow,120,120,neutral_v0,playtest_parameter_ready
1105,digimon,stingmon,スティングモン,成熟期,project_generated_gameplay_v0_noncanonical,成熟期,swift_physical,430,65,87,60,93,57,68,medium_slow,120,120,neutral_v0,playtest_parameter_ready
1106,digimon,starmon,スターモン,成熟期,project_generated_gameplay_v0_noncanonical,成熟期,balanced,430,72,72,72,72,71,71,medium_slow,120,120,neutral_v0,playtest_parameter_ready
1107,digimon,scumon,スカモン,成熟期,project_generated_gameplay_v0_noncanonical,成熟期,mixed,430,72,79,65,72,78,64,medium_slow,120,120,neutral_v0,playtest_parameter_ready
1108,digimon,junglemojamon,ジャングルモジャモン,成熟期,project_generated_gameplay_v0_noncanonical,成熟期,swift_special,430,64,57,64,93,85,67,medium_slow,120,120,neutral_v0,playtest_parameter_ready
1109,digimon,shimaunimon,シマユニモン,成熟期,project_generated_gameplay_v0_noncanonical,成熟期,special,430,72,58,69,71,89,71,medium_slow,120,120,neutral_v0,playtest_parameter_ready
1110,digimon,sistermonnoir,シスタモン ノワール,成熟期,project_generated_gameplay_v0_noncanonical,成熟期,balanced,430,72,72,72,72,71,71,medium_slow,120,120,neutral_v0,playtest_parameter_ready
1111,digimon,geogreymon,ジオグレイモン,成熟期,project_generated_gameplay_v0_noncanonical,成熟期,special_tank,430,79,54,76,57,75,89,medium_slow,120,120,neutral_v0,playtest_parameter_ready
1112,digimon,shellmon,シェルモン,成熟期,project_generated_gameplay_v0_noncanonical,成熟期,special_tank,430,79,54,76,57,75,89,medium_slow,120,120,neutral_v0,playtest_parameter_ready
1113,digimon,shademon,シェイドモン,成熟期,project_generated_gameplay_v0_noncanonical,成熟期,swift_physical,430,65,87,60,93,57,68,medium_slow,120,120,neutral_v0,playtest_parameter_ready
1114,digimon,sealsdramon,シールズドラモン,成熟期,project_generated_gameplay_v0_noncanonical,成熟期,physical,430,72,90,72,68,57,71,medium_slow,120,120,neutral_v0,playtest_parameter_ready
1115,digimon,coelamon,シーラモン,成熟期,project_generated_gameplay_v0_noncanonical,成熟期,special_tank,430,79,54,76,57,75,89,medium_slow,120,120,neutral_v0,playtest_parameter_ready
1116,digimon,seadramon,シードラモン,成熟期,project_generated_gameplay_v0_noncanonical,成熟期,balanced,430,72,72,72,72,71,71,medium_slow,120,120,neutral_v0,playtest_parameter_ready
1117,digimon,siesamon,シーサモン,成熟期,project_generated_gameplay_v0_noncanonical,成熟期,physical,430,72,90,72,68,57,71,medium_slow,120,120,neutral_v0,playtest_parameter_ready
1118,digimon,sunflowmon,サンフラウモン,成熟期,project_generated_gameplay_v0_noncanonical,成熟期,special_tank,430,79,54,76,57,75,89,medium_slow,120,120,neutral_v0,playtest_parameter_ready
1119,digimon,thunderballmon,サンダーボールモン,成熟期,project_generated_gameplay_v0_noncanonical,成熟期,physical,430,72,90,72,68,57,71,medium_slow,120,120,neutral_v0,playtest_parameter_ready
1120,digimon,sangloupmon,サングルゥモン,成熟期,project_generated_gameplay_v0_noncanonical,成熟期,physical_tank,430,79,76,94,53,53,75,medium_slow,120,120,neutral_v0,playtest_parameter_ready
1121,digimon,zassoumon,ザッソーモン,成熟期,project_generated_gameplay_v0_noncanonical,成熟期,physical,430,72,90,72,68,57,71,medium_slow,120,120,neutral_v0,playtest_parameter_ready
1122,digimon,cyclomon,サイクロモン,成熟期,project_generated_gameplay_v0_noncanonical,成熟期,balanced,430,72,72,72,72,71,71,medium_slow,120,120,neutral_v0,playtest_parameter_ready
1123,digimon,gorimon,ゴリモン,成熟期,project_generated_gameplay_v0_noncanonical,成熟期,physical,430,72,90,72,68,57,71,medium_slow,120,120,neutral_v0,playtest_parameter_ready
1124,digimon,gokimon,ゴキモン,成熟期,project_generated_gameplay_v0_noncanonical,成熟期,special,430,72,58,69,71,89,71,medium_slow,120,120,neutral_v0,playtest_parameter_ready
1125,digimon,golemon,ゴーレモン,成熟期,project_generated_gameplay_v0_noncanonical,成熟期,swift_physical,430,65,87,60,93,57,68,medium_slow,120,120,neutral_v0,playtest_parameter_ready
1126,digimon,cockatrimon,コカトリモン,成熟期,project_generated_gameplay_v0_noncanonical,成熟期,balanced,430,72,72,72,72,71,71,medium_slow,120,120,neutral_v0,playtest_parameter_ready
1127,digimon,kougamon,コウガモン,成熟期,project_generated_gameplay_v0_noncanonical,成熟期,mixed,430,72,79,65,72,78,64,medium_slow,120,120,neutral_v0,playtest_parameter_ready
1128,digimon,coredramon_g,コアドラモン（緑）,成熟期,project_generated_gameplay_v0_noncanonical,成熟期,special,430,72,58,69,71,89,71,medium_slow,120,120,neutral_v0,playtest_parameter_ready
1129,digimon,coredramon_b,コアドラモン（青）,成熟期,project_generated_gameplay_v0_noncanonical,成熟期,physical,430,72,90,72,68,57,71,medium_slow,120,120,neutral_v0,playtest_parameter_ready
1130,digimon,centalmon,ケンタルモン,成熟期,project_generated_gameplay_v0_noncanonical,成熟期,physical,430,72,90,72,68,57,71,medium_slow,120,120,neutral_v0,playtest_parameter_ready
1131,digimon,geremon,ゲレモン,成熟期,project_generated_gameplay_v0_noncanonical,成熟期,swift_physical,430,65,87,60,93,57,68,medium_slow,120,120,neutral_v0,playtest_parameter_ready
1132,digimon,gesomon,ゲソモン,成熟期,project_generated_gameplay_v0_noncanonical,成熟期,special,430,72,58,69,71,89,71,medium_slow,120,120,neutral_v0,playtest_parameter_ready
1133,digimon,kuwagamon,クワガーモン,成熟期,project_generated_gameplay_v0_noncanonical,成熟期,balanced,430,72,72,72,72,71,71,medium_slow,120,120,neutral_v0,playtest_parameter_ready
1134,digimon,clockmon,クロックモン,成熟期,project_generated_gameplay_v0_noncanonical,成熟期,special_tank,430,79,54,76,57,75,89,medium_slow,120,120,neutral_v0,playtest_parameter_ready
1135,digimon,greymon-first,グレイモン,成熟期,project_generated_gameplay_v0_noncanonical,成熟期,special,430,72,58,69,71,89,71,medium_slow,120,120,neutral_v0,playtest_parameter_ready
1136,digimon,gururumon,グルルモン,成熟期,project_generated_gameplay_v0_noncanonical,成熟期,balanced,430,72,72,72,72,71,71,medium_slow,120,120,neutral_v0,playtest_parameter_ready
1137,digimon,gryzmon,グリズモン,成熟期,project_generated_gameplay_v0_noncanonical,成熟期,special,430,72,58,69,71,89,71,medium_slow,120,120,neutral_v0,playtest_parameter_ready
1138,digimon,chrysalimon,クリサリモン,成熟期,project_generated_gameplay_v0_noncanonical,成熟期,mixed,430,72,79,65,72,78,64,medium_slow,120,120,neutral_v0,playtest_parameter_ready
1139,digimon,growmon,グラウモン,成熟期,project_generated_gameplay_v0_noncanonical,成熟期,physical,430,72,90,72,68,57,71,medium_slow,120,120,neutral_v0,playtest_parameter_ready
1140,digimon,ginryumon,ギンリュウモン,成熟期,project_generated_gameplay_v0_noncanonical,成熟期,special_tank,430,79,54,76,57,75,89,medium_slow,120,120,neutral_v0,playtest_parameter_ready
1141,digimon,ginkakumon,ギンカクモン,成熟期,project_generated_gameplay_v0_noncanonical,成熟期,special,430,72,58,69,71,89,71,medium_slow,120,120,neutral_v0,playtest_parameter_ready
1142,digimon,kinkakumon,キンカクモン,成熟期,project_generated_gameplay_v0_noncanonical,成熟期,special_tank,430,79,54,76,57,75,89,medium_slow,120,120,neutral_v0,playtest_parameter_ready
1143,digimon,kyubimon,キュウビモン,成熟期,project_generated_gameplay_v0_noncanonical,成熟期,special,430,72,58,69,71,89,71,medium_slow,120,120,neutral_v0,playtest_parameter_ready
1144,digimon,kiwimon,キウイモン,成熟期,project_generated_gameplay_v0_noncanonical,成熟期,swift_special,430,64,57,64,93,85,67,medium_slow,120,120,neutral_v0,playtest_parameter_ready
1145,digimon,gawappamon,ガワッパモン,成熟期,project_generated_gameplay_v0_noncanonical,成熟期,physical_tank,430,79,76,94,53,53,75,medium_slow,120,120,neutral_v0,playtest_parameter_ready
1146,digimon,garurumon,ガルルモン,成熟期,project_generated_gameplay_v0_noncanonical,成熟期,swift_special,430,64,57,64,93,85,67,medium_slow,120,120,neutral_v0,playtest_parameter_ready
1147,digimon,galgomon,ガルゴモン,成熟期,project_generated_gameplay_v0_noncanonical,成熟期,special,430,72,58,69,71,89,71,medium_slow,120,120,neutral_v0,playtest_parameter_ready
1148,digimon,karatukinumemon,カラツキヌメモン,成熟期,project_generated_gameplay_v0_noncanonical,成熟期,swift_physical,430,65,87,60,93,57,68,medium_slow,120,120,neutral_v0,playtest_parameter_ready
1149,digimon,kabuterimon,カブテリモン,成熟期,project_generated_gameplay_v0_noncanonical,成熟期,physical,430,72,90,72,68,57,71,medium_slow,120,120,neutral_v0,playtest_parameter_ready
1150,digimon,guardromon,ガードロモン,成熟期,project_generated_gameplay_v0_noncanonical,成熟期,special_tank,430,79,54,76,57,75,89,medium_slow,120,120,neutral_v0,playtest_parameter_ready
1151,digimon,gaogamon,ガオガモン,成熟期,project_generated_gameplay_v0_noncanonical,成熟期,swift_physical,430,65,87,60,93,57,68,medium_slow,120,120,neutral_v0,playtest_parameter_ready
1152,digimon,omekamon,オメカモン,成熟期,project_generated_gameplay_v0_noncanonical,成熟期,physical,430,72,90,72,68,57,71,medium_slow,120,120,neutral_v0,playtest_parameter_ready
1153,digimon,octmon,オクタモン,成熟期,project_generated_gameplay_v0_noncanonical,成熟期,special,430,72,58,69,71,89,71,medium_slow,120,120,neutral_v0,playtest_parameter_ready
1154,digimon,orgemon,オーガモン,成熟期,project_generated_gameplay_v0_noncanonical,成熟期,mixed,430,72,79,65,72,78,64,medium_slow,120,120,neutral_v0,playtest_parameter_ready
1155,digimon,angemon,エンジェモン,成熟期,project_generated_gameplay_v0_noncanonical,成熟期,physical_tank,430,79,76,94,53,53,75,medium_slow,120,120,neutral_v0,playtest_parameter_ready
1156,digimon,ebidramon,エビドラモン,成熟期,project_generated_gameplay_v0_noncanonical,成熟期,physical,430,72,90,72,68,57,71,medium_slow,120,120,neutral_v0,playtest_parameter_ready
1157,digimon,xv-mon,エクスブイモン,成熟期,project_generated_gameplay_v0_noncanonical,成熟期,mixed,430,72,79,65,72,78,64,medium_slow,120,120,neutral_v0,playtest_parameter_ready
1158,digimon,airdramon,エアドラモン,成熟期,project_generated_gameplay_v0_noncanonical,成熟期,mixed,430,72,79,65,72,78,64,medium_slow,120,120,neutral_v0,playtest_parameter_ready
1159,digimon,woodmon,ウッドモン,成熟期,project_generated_gameplay_v0_noncanonical,成熟期,swift_physical,430,65,87,60,93,57,68,medium_slow,120,120,neutral_v0,playtest_parameter_ready
1160,digimon,wendimon,ウェンディモン,成熟期,project_generated_gameplay_v0_noncanonical,成熟期,mixed,430,72,79,65,72,78,64,medium_slow,120,120,neutral_v0,playtest_parameter_ready
1161,digimon,witchmon,ウィッチモン,成熟期,project_generated_gameplay_v0_noncanonical,成熟期,physical_tank,430,79,76,94,53,53,75,medium_slow,120,120,neutral_v0,playtest_parameter_ready
1162,digimon,wizarmon,ウィザーモン,成熟期,project_generated_gameplay_v0_noncanonical,成熟期,swift_physical,430,65,87,60,93,57,68,medium_slow,120,120,neutral_v0,playtest_parameter_ready
1163,digimon,evilmon,イビルモン,成熟期,project_generated_gameplay_v0_noncanonical,成熟期,special_tank,430,79,54,76,57,75,89,medium_slow,120,120,neutral_v0,playtest_parameter_ready
1164,digimon,ikkakumon,イッカクモン,成熟期,project_generated_gameplay_v0_noncanonical,成熟期,balanced,430,72,72,72,72,71,71,medium_slow,120,120,neutral_v0,playtest_parameter_ready
1165,digimon,igamon,イガモン,成熟期,project_generated_gameplay_v0_noncanonical,成熟期,physical_tank,430,79,76,94,53,53,75,medium_slow,120,120,neutral_v0,playtest_parameter_ready
1166,digimon,ankylomon,アンキロモン,成熟期,project_generated_gameplay_v0_noncanonical,成熟期,special,430,72,58,69,71,89,71,medium_slow,120,120,neutral_v0,playtest_parameter_ready
1167,digimon,aquilamon,アクィラモン,成熟期,project_generated_gameplay_v0_noncanonical,成熟期,physical_tank,430,79,76,94,53,53,75,medium_slow,120,120,neutral_v0,playtest_parameter_ready
1168,digimon,akatorimon,アカトリモン,成熟期,project_generated_gameplay_v0_noncanonical,成熟期,physical_tank,430,79,76,94,53,53,75,medium_slow,120,120,neutral_v0,playtest_parameter_ready
1169,digimon,icemon,アイスモン,成熟期,project_generated_gameplay_v0_noncanonical,成熟期,physical_tank,430,79,76,94,53,53,75,medium_slow,120,120,neutral_v0,playtest_parameter_ready
1170,digimon,aegiomon,アイギオモン,成熟期,project_generated_gameplay_v0_noncanonical,成熟期,physical,430,72,90,72,68,57,71,medium_slow,120,120,neutral_v0,playtest_parameter_ready
1171,digimon,wormmon,ワームモン,成長期,project_generated_gameplay_v0_noncanonical,成長期,physical_tank,330,61,58,72,41,41,57,medium_fast,180,70,neutral_v0,playtest_parameter_ready
1172,digimon,lopmon,ロップモン,成長期,project_generated_gameplay_v0_noncanonical,成長期,physical,330,56,68,55,52,44,55,medium_fast,180,70,neutral_v0,playtest_parameter_ready
1173,digimon,renamon,レナモン,成長期,project_generated_gameplay_v0_noncanonical,成長期,swift_special,330,50,44,50,70,65,51,medium_fast,180,70,neutral_v0,playtest_parameter_ready
1174,digimon,liollmon,レオルモン,成長期,project_generated_gameplay_v0_noncanonical,成長期,balanced,330,55,55,55,55,55,55,medium_fast,180,70,neutral_v0,playtest_parameter_ready
1175,digimon,lunamon,ルナモン,成長期,project_generated_gameplay_v0_noncanonical,成長期,special,330,56,44,52,55,68,55,medium_fast,180,70,neutral_v0,playtest_parameter_ready
1176,digimon,lucemon,ルーチェモン,成長期,project_generated_gameplay_v0_noncanonical,成長期,physical,330,56,68,55,52,44,55,medium_fast,180,70,neutral_v0,playtest_parameter_ready
1177,digimon,ryudamon,リュウダモン,成長期,project_generated_gameplay_v0_noncanonical,成長期,physical_tank,330,61,58,72,41,41,57,medium_fast,180,70,neutral_v0,playtest_parameter_ready
1178,digimon,lalamon,ララモン,成長期,project_generated_gameplay_v0_noncanonical,成長期,balanced,330,55,55,55,55,55,55,medium_fast,180,70,neutral_v0,playtest_parameter_ready
1179,digimon,labramon,ラブラモン,成長期,project_generated_gameplay_v0_noncanonical,成長期,special,330,56,44,52,55,68,55,medium_fast,180,70,neutral_v0,playtest_parameter_ready
1180,digimon,yukiagumon,ユキアグモン,成長期,project_generated_gameplay_v0_noncanonical,成長期,mixed,330,56,61,49,55,60,49,medium_fast,180,70,neutral_v0,playtest_parameter_ready
1181,digimon,monodramon,モノドラモン,成長期,project_generated_gameplay_v0_noncanonical,成長期,swift_special,330,50,44,50,70,65,51,medium_fast,180,70,neutral_v0,playtest_parameter_ready
1182,digimon,muchomon,ムーチョモン,成長期,project_generated_gameplay_v0_noncanonical,成長期,special_tank,330,61,42,58,44,57,68,medium_fast,180,70,neutral_v0,playtest_parameter_ready
1183,digimon,mushmon,マッシュモン,成長期,project_generated_gameplay_v0_noncanonical,成長期,swift_physical,330,50,67,46,71,44,52,medium_fast,180,70,neutral_v0,playtest_parameter_ready
1184,digimon,bokomon,ボコモン,成長期,project_generated_gameplay_v0_noncanonical,成長期,mixed,330,56,61,49,55,60,49,medium_fast,180,70,neutral_v0,playtest_parameter_ready
1185,digimon,paunchessmon-white,ポーンチェスモン（白）,成長期,project_generated_gameplay_v0_noncanonical,成長期,balanced,330,55,55,55,55,55,55,medium_fast,180,70,neutral_v0,playtest_parameter_ready
1186,digimon,paunchessmon,ポーンチェスモン（黒）,成長期,project_generated_gameplay_v0_noncanonical,成長期,balanced,330,55,55,55,55,55,55,medium_fast,180,70,neutral_v0,playtest_parameter_ready
1187,digimon,hawkmon,ホークモン,成長期,project_generated_gameplay_v0_noncanonical,成長期,mixed,330,56,61,49,55,60,49,medium_fast,180,70,neutral_v0,playtest_parameter_ready
1188,digimon,penmon,ペンモン,成長期,project_generated_gameplay_v0_noncanonical,成長期,physical,330,56,68,55,52,44,55,medium_fast,180,70,neutral_v0,playtest_parameter_ready
1189,digimon,betamon,ベタモン,成長期,project_generated_gameplay_v0_noncanonical,成長期,special,330,56,44,52,55,68,55,medium_fast,180,70,neutral_v0,playtest_parameter_ready
1190,digimon,bearmon,ベアモン,成長期,project_generated_gameplay_v0_noncanonical,成長期,special,330,56,44,52,55,68,55,medium_fast,180,70,neutral_v0,playtest_parameter_ready
1191,digimon,plotmon,プロットモン,成長期,project_generated_gameplay_v0_noncanonical,成長期,physical,330,56,68,55,52,44,55,medium_fast,180,70,neutral_v0,playtest_parameter_ready
1192,digimon,floramon,フローラモン,成長期,project_generated_gameplay_v0_noncanonical,成長期,special_tank,330,61,42,58,44,57,68,medium_fast,180,70,neutral_v0,playtest_parameter_ready
1193,digimon,v-mon,ブイモン,成長期,project_generated_gameplay_v0_noncanonical,成長期,swift_physical,330,50,67,46,71,44,52,medium_fast,180,70,neutral_v0,playtest_parameter_ready
1194,digimon,funbeemon,ファンビーモン,成長期,project_generated_gameplay_v0_noncanonical,成長期,physical_tank,330,61,58,72,41,41,57,medium_fast,180,70,neutral_v0,playtest_parameter_ready
1195,digimon,falcomon,ファルコモン,成長期,project_generated_gameplay_v0_noncanonical,成長期,swift_physical,330,50,67,46,71,44,52,medium_fast,180,70,neutral_v0,playtest_parameter_ready
1196,digimon,phascomon,ファスコモン,成長期,project_generated_gameplay_v0_noncanonical,成長期,special,330,56,44,52,55,68,55,medium_fast,180,70,neutral_v0,playtest_parameter_ready
1197,digimon,piyomon,ピヨモン,成長期,project_generated_gameplay_v0_noncanonical,成長期,physical_tank,330,61,58,72,41,41,57,medium_fast,180,70,neutral_v0,playtest_parameter_ready
1198,digimon,picodevimon,ピコデビモン,成長期,project_generated_gameplay_v0_noncanonical,成長期,physical,330,56,68,55,52,44,55,medium_fast,180,70,neutral_v0,playtest_parameter_ready
1199,digimon,palmon,パルモン,成長期,project_generated_gameplay_v0_noncanonical,成長期,swift_physical,330,50,67,46,71,44,52,medium_fast,180,70,neutral_v0,playtest_parameter_ready
1200,digimon,huckmon,ハックモン,成長期,project_generated_gameplay_v0_noncanonical,成長期,mixed,330,56,61,49,55,60,49,medium_fast,180,70,neutral_v0,playtest_parameter_ready
1201,digimon,patamon,パタモン,成長期,project_generated_gameplay_v0_noncanonical,成長期,swift_special,330,50,44,50,70,65,51,medium_fast,180,70,neutral_v0,playtest_parameter_ready
1202,digimon,hagurumon,ハグルモン,成長期,project_generated_gameplay_v0_noncanonical,成長期,special_tank,330,61,42,58,44,57,68,medium_fast,180,70,neutral_v0,playtest_parameter_ready
1203,digimon,bakumon,バクモン,成長期,project_generated_gameplay_v0_noncanonical,成長期,mixed,330,56,61,49,55,60,49,medium_fast,180,70,neutral_v0,playtest_parameter_ready
1204,digimon,neamon,ネーモン,成長期,project_generated_gameplay_v0_noncanonical,成長期,swift_special,330,50,44,50,70,65,51,medium_fast,180,70,neutral_v0,playtest_parameter_ready
1205,digimon,niseagumonhakase,ニセアグモン博士,成長期,project_generated_gameplay_v0_noncanonical,成長期,mixed,330,56,61,49,55,60,49,medium_fast,180,70,neutral_v0,playtest_parameter_ready
1206,digimon,dorumon,ドルモン,成長期,project_generated_gameplay_v0_noncanonical,成長期,swift_special,330,50,44,50,70,65,51,medium_fast,180,70,neutral_v0,playtest_parameter_ready
1207,digimon,dracomon,ドラコモン,成長期,project_generated_gameplay_v0_noncanonical,成長期,physical,330,56,68,55,52,44,55,medium_fast,180,70,neutral_v0,playtest_parameter_ready
1208,digimon,dracumon,ドラクモン,成長期,project_generated_gameplay_v0_noncanonical,成長期,mixed,330,56,61,49,55,60,49,medium_fast,180,70,neutral_v0,playtest_parameter_ready
1209,digimon,toyagumon,トイアグモン,成長期,project_generated_gameplay_v0_noncanonical,成長期,physical,330,56,68,55,52,44,55,medium_fast,180,70,neutral_v0,playtest_parameter_ready
1210,digimon,tentomon,テントモン,成長期,project_generated_gameplay_v0_noncanonical,成長期,special,330,56,44,52,55,68,55,medium_fast,180,70,neutral_v0,playtest_parameter_ready
1211,digimon,terriermon,テリアモン,成長期,project_generated_gameplay_v0_noncanonical,成長期,swift_physical,330,50,67,46,71,44,52,medium_fast,180,70,neutral_v0,playtest_parameter_ready
1212,digimon,tinkermon,ティンカーモン,成長期,project_generated_gameplay_v0_noncanonical,成長期,physical,330,56,68,55,52,44,55,medium_fast,180,70,neutral_v0,playtest_parameter_ready
1213,digimon,tukaimon,ツカイモン,成長期,project_generated_gameplay_v0_noncanonical,成長期,special,330,56,44,52,55,68,55,medium_fast,180,70,neutral_v0,playtest_parameter_ready
1214,digimon,tyumon,チューモン,成長期,project_generated_gameplay_v0_noncanonical,成長期,special_tank,330,61,42,58,44,57,68,medium_fast,180,70,neutral_v0,playtest_parameter_ready
1215,digimon,solarmon,ソーラーモン,成長期,project_generated_gameplay_v0_noncanonical,成長期,swift_physical,330,50,67,46,71,44,52,medium_fast,180,70,neutral_v0,playtest_parameter_ready
1216,digimon,zubamon,ズバモン,成長期,project_generated_gameplay_v0_noncanonical,成長期,balanced,330,55,55,55,55,55,55,medium_fast,180,70,neutral_v0,playtest_parameter_ready
1217,digimon,snowgoburimon,スノーゴブリモン,成長期,project_generated_gameplay_v0_noncanonical,成長期,swift_physical,330,50,67,46,71,44,52,medium_fast,180,70,neutral_v0,playtest_parameter_ready
1218,digimon,swimmon,スイムモン,成長期,project_generated_gameplay_v0_noncanonical,成長期,swift_special,330,50,44,50,70,65,51,medium_fast,180,70,neutral_v0,playtest_parameter_ready
1219,digimon,shakomon,シャコモン,成長期,project_generated_gameplay_v0_noncanonical,成長期,balanced,330,55,55,55,55,55,55,medium_fast,180,70,neutral_v0,playtest_parameter_ready
1220,digimon,shamamon,シャーマモン,成長期,project_generated_gameplay_v0_noncanonical,成長期,balanced,330,55,55,55,55,55,55,medium_fast,180,70,neutral_v0,playtest_parameter_ready
1221,digimon,sistermonblanc,シスタモン ブラン,成長期,project_generated_gameplay_v0_noncanonical,成長期,special_tank,330,61,42,58,44,57,68,medium_fast,180,70,neutral_v0,playtest_parameter_ready
1222,digimon,psychemon,サイケモン,成長期,project_generated_gameplay_v0_noncanonical,成長期,special_tank,330,61,42,58,44,57,68,medium_fast,180,70,neutral_v0,playtest_parameter_ready
1223,digimon,coronamon,コロナモン,成長期,project_generated_gameplay_v0_noncanonical,成長期,swift_special,330,50,44,50,70,65,51,medium_fast,180,70,neutral_v0,playtest_parameter_ready
1224,digimon,commandramon,コマンドラモン,成長期,project_generated_gameplay_v0_noncanonical,成長期,swift_special,330,50,44,50,70,65,51,medium_fast,180,70,neutral_v0,playtest_parameter_ready
1225,digimon,gomamon,ゴマモン,成長期,project_generated_gameplay_v0_noncanonical,成長期,balanced,330,55,55,55,55,55,55,medium_fast,180,70,neutral_v0,playtest_parameter_ready
1226,digimon,goburimon,ゴブリモン,成長期,project_generated_gameplay_v0_noncanonical,成長期,special,330,56,44,52,55,68,55,medium_fast,180,70,neutral_v0,playtest_parameter_ready
1227,digimon,kotemon,コテモン,成長期,project_generated_gameplay_v0_noncanonical,成長期,mixed,330,56,61,49,55,60,49,medium_fast,180,70,neutral_v0,playtest_parameter_ready
1228,digimon,gottsumon,ゴツモン,成長期,project_generated_gameplay_v0_noncanonical,成長期,special_tank,330,61,42,58,44,57,68,medium_fast,180,70,neutral_v0,playtest_parameter_ready
1229,digimon,kokuwamon,コクワモン,成長期,project_generated_gameplay_v0_noncanonical,成長期,special_tank,330,61,42,58,44,57,68,medium_fast,180,70,neutral_v0,playtest_parameter_ready
1230,digimon,kokabuterimon,コカブテリモン,成長期,project_generated_gameplay_v0_noncanonical,成長期,swift_physical,330,50,67,46,71,44,52,medium_fast,180,70,neutral_v0,playtest_parameter_ready
1231,digimon,koemon,コエモン,成長期,project_generated_gameplay_v0_noncanonical,成長期,swift_physical,330,50,67,46,71,44,52,medium_fast,180,70,neutral_v0,playtest_parameter_ready
1232,digimon,keramon,ケラモン,成長期,project_generated_gameplay_v0_noncanonical,成長期,swift_physical,330,50,67,46,71,44,52,medium_fast,180,70,neutral_v0,playtest_parameter_ready
1233,digimon,kunemon,クネモン,成長期,project_generated_gameplay_v0_noncanonical,成長期,swift_physical,330,50,67,46,71,44,52,medium_fast,180,70,neutral_v0,playtest_parameter_ready
1234,digimon,kudamon,クダモン,成長期,project_generated_gameplay_v0_noncanonical,成長期,physical_tank,330,61,58,72,41,41,57,medium_fast,180,70,neutral_v0,playtest_parameter_ready
1235,digimon,guilmon,ギルモン,成長期,project_generated_gameplay_v0_noncanonical,成長期,swift_physical,330,50,67,46,71,44,52,medium_fast,180,70,neutral_v0,playtest_parameter_ready
1236,digimon,candmon,キャンドモン,成長期,project_generated_gameplay_v0_noncanonical,成長期,special_tank,330,61,42,58,44,57,68,medium_fast,180,70,neutral_v0,playtest_parameter_ready
1237,digimon,gizamon,ギザモン,成長期,project_generated_gameplay_v0_noncanonical,成長期,swift_physical,330,50,67,46,71,44,52,medium_fast,180,70,neutral_v0,playtest_parameter_ready
1238,digimon,kamemon,カメモン,成長期,project_generated_gameplay_v0_noncanonical,成長期,special_tank,330,61,42,58,44,57,68,medium_fast,180,70,neutral_v0,playtest_parameter_ready
1239,digimon,gabumon,ガブモン,成長期,project_generated_gameplay_v0_noncanonical,成長期,mixed,330,56,61,49,55,60,49,medium_fast,180,70,neutral_v0,playtest_parameter_ready
1240,digimon,ganimon,ガニモン,成長期,project_generated_gameplay_v0_noncanonical,成長期,mixed,330,56,61,49,55,60,49,medium_fast,180,70,neutral_v0,playtest_parameter_ready
1241,digimon,gazimon,ガジモン,成長期,project_generated_gameplay_v0_noncanonical,成長期,swift_physical,330,50,67,46,71,44,52,medium_fast,180,70,neutral_v0,playtest_parameter_ready
1242,digimon,gaomon,ガオモン,成長期,project_generated_gameplay_v0_noncanonical,成長期,mixed,330,56,61,49,55,60,49,medium_fast,180,70,neutral_v0,playtest_parameter_ready
1243,digimon,otamamon-red,オタマモン（赤）,成長期,project_generated_gameplay_v0_noncanonical,成長期,special_tank,330,61,42,58,44,57,68,medium_fast,180,70,neutral_v0,playtest_parameter_ready
1244,digimon,otamamon,オタマモン,成長期,project_generated_gameplay_v0_noncanonical,成長期,balanced,330,55,55,55,55,55,55,medium_fast,180,70,neutral_v0,playtest_parameter_ready
1245,digimon,elecmon-violet,エレキモン（紫）,成長期,project_generated_gameplay_v0_noncanonical,成長期,physical_tank,330,61,58,72,41,41,57,medium_fast,180,70,neutral_v0,playtest_parameter_ready
1246,digimon,elecmon,エレキモン,成長期,project_generated_gameplay_v0_noncanonical,成長期,swift_physical,330,50,67,46,71,44,52,medium_fast,180,70,neutral_v0,playtest_parameter_ready
1247,digimon,ebiburgamon,エビバーガモン,成長期,project_generated_gameplay_v0_noncanonical,成長期,physical,330,56,68,55,52,44,55,medium_fast,180,70,neutral_v0,playtest_parameter_ready
1248,digimon,impmon,インプモン,成長期,project_generated_gameplay_v0_noncanonical,成長期,special_tank,330,61,42,58,44,57,68,medium_fast,180,70,neutral_v0,playtest_parameter_ready
1249,digimon,alraumon,アルラウモン,成長期,project_generated_gameplay_v0_noncanonical,成長期,physical,330,56,68,55,52,44,55,medium_fast,180,70,neutral_v0,playtest_parameter_ready
1250,digimon,armadimon,アルマジモン,成長期,project_generated_gameplay_v0_noncanonical,成長期,special,330,56,44,52,55,68,55,medium_fast,180,70,neutral_v0,playtest_parameter_ready
1251,digimon,arkadimon,アルカディモン,成長期,project_generated_gameplay_v0_noncanonical,成長期,swift_special,330,50,44,50,70,65,51,medium_fast,180,70,neutral_v0,playtest_parameter_ready
1252,digimon,agumonhakase,アグモン博士,成長期,project_generated_gameplay_v0_noncanonical,成長期,special,330,56,44,52,55,68,55,medium_fast,180,70,neutral_v0,playtest_parameter_ready
1253,digimon,agumon-black,アグモン（黒）,成長期,project_generated_gameplay_v0_noncanonical,成長期,mixed,330,56,61,49,55,60,49,medium_fast,180,70,neutral_v0,playtest_parameter_ready
1254,digimon,agumon-2006,アグモン（２００６アニメ版）,成長期,project_generated_gameplay_v0_noncanonical,成長期,swift_special,330,50,44,50,70,65,51,medium_fast,180,70,neutral_v0,playtest_parameter_ready
1255,digimon,agumon,アグモン,成長期,project_generated_gameplay_v0_noncanonical,成長期,physical,330,56,68,55,52,44,55,medium_fast,180,70,neutral_v0,playtest_parameter_ready
1256,digimon,wanyamon,ワニャモン,幼年期Ⅱ,project_generated_gameplay_v0_noncanonical,幼年期Ⅱ,balanced,240,40,40,40,40,40,40,medium_fast,220,45,neutral_v0,playtest_parameter_ready
1257,digimon,mochimon,モチモン,幼年期Ⅱ,project_generated_gameplay_v0_noncanonical,幼年期Ⅱ,special_tank,240,44,30,42,32,42,50,medium_fast,220,45,neutral_v0,playtest_parameter_ready
1258,digimon,minomon,ミノモン,幼年期Ⅱ,project_generated_gameplay_v0_noncanonical,幼年期Ⅱ,swift_physical,240,36,48,34,52,32,38,medium_fast,220,45,neutral_v0,playtest_parameter_ready
1259,digimon,missimon,ミサイモン,幼年期Ⅱ,project_generated_gameplay_v0_noncanonical,幼年期Ⅱ,physical_tank,240,44,42,52,30,30,42,medium_fast,220,45,neutral_v0,playtest_parameter_ready
1260,digimon,poromon,ポロモン,幼年期Ⅱ,project_generated_gameplay_v0_noncanonical,幼年期Ⅱ,special_tank,240,44,30,42,32,42,50,medium_fast,220,45,neutral_v0,playtest_parameter_ready
1261,digimon,pokomon,ポコモン,幼年期Ⅱ,project_generated_gameplay_v0_noncanonical,幼年期Ⅱ,physical,240,40,50,40,38,32,40,medium_fast,220,45,neutral_v0,playtest_parameter_ready
1262,digimon,babydmon,ベビドモン,幼年期Ⅱ,project_generated_gameplay_v0_noncanonical,幼年期Ⅱ,swift_special,240,36,32,36,52,47,37,medium_fast,220,45,neutral_v0,playtest_parameter_ready
1263,digimon,puroromon,プロロモン,幼年期Ⅱ,project_generated_gameplay_v0_noncanonical,幼年期Ⅱ,physical,240,40,50,40,38,32,40,medium_fast,220,45,neutral_v0,playtest_parameter_ready
1264,digimon,frimon,フリモン,幼年期Ⅱ,project_generated_gameplay_v0_noncanonical,幼年期Ⅱ,physical_tank,240,44,42,52,30,30,42,medium_fast,220,45,neutral_v0,playtest_parameter_ready
1265,digimon,petimeramon,プチメラモン,幼年期Ⅱ,project_generated_gameplay_v0_noncanonical,幼年期Ⅱ,physical,240,40,50,40,38,32,40,medium_fast,220,45,neutral_v0,playtest_parameter_ready
1266,digimon,pukamon,プカモン,幼年期Ⅱ,project_generated_gameplay_v0_noncanonical,幼年期Ⅱ,physical,240,40,50,40,38,32,40,medium_fast,220,45,neutral_v0,playtest_parameter_ready
1267,digimon,pyocomon,ピョコモン,幼年期Ⅱ,project_generated_gameplay_v0_noncanonical,幼年期Ⅱ,special,240,40,32,38,40,50,40,medium_fast,220,45,neutral_v0,playtest_parameter_ready
1268,digimon,pinamon,ピナモン,幼年期Ⅱ,project_generated_gameplay_v0_noncanonical,幼年期Ⅱ,special,240,40,32,38,40,50,40,medium_fast,220,45,neutral_v0,playtest_parameter_ready
1269,digimon,budmon,バドモン,幼年期Ⅱ,project_generated_gameplay_v0_noncanonical,幼年期Ⅱ,physical_tank,240,44,42,52,30,30,42,medium_fast,220,45,neutral_v0,playtest_parameter_ready
1270,digimon,pagumon,パグモン,幼年期Ⅱ,project_generated_gameplay_v0_noncanonical,幼年期Ⅱ,physical_tank,240,44,42,52,30,30,42,medium_fast,220,45,neutral_v0,playtest_parameter_ready
1271,digimon,nyaromon,ニャロモン,幼年期Ⅱ,project_generated_gameplay_v0_noncanonical,幼年期Ⅱ,physical,240,40,50,40,38,32,40,medium_fast,220,45,neutral_v0,playtest_parameter_ready
1272,digimon,dorimon,ドリモン,幼年期Ⅱ,project_generated_gameplay_v0_noncanonical,幼年期Ⅱ,balanced,240,40,40,40,40,40,40,medium_fast,220,45,neutral_v0,playtest_parameter_ready
1273,digimon,tokomon,トコモン,幼年期Ⅱ,project_generated_gameplay_v0_noncanonical,幼年期Ⅱ,physical_tank,240,44,42,52,30,30,42,medium_fast,220,45,neutral_v0,playtest_parameter_ready
1274,digimon,tsumemon,ツメモン,幼年期Ⅱ,project_generated_gameplay_v0_noncanonical,幼年期Ⅱ,special,240,40,32,38,40,50,40,medium_fast,220,45,neutral_v0,playtest_parameter_ready
1275,digimon,tunomon,ツノモン,幼年期Ⅱ,project_generated_gameplay_v0_noncanonical,幼年期Ⅱ,balanced,240,40,40,40,40,40,40,medium_fast,220,45,neutral_v0,playtest_parameter_ready
1276,digimon,chocomon,チョコモン,幼年期Ⅱ,project_generated_gameplay_v0_noncanonical,幼年期Ⅱ,special_tank,240,44,30,42,32,42,50,medium_fast,220,45,neutral_v0,playtest_parameter_ready
1277,digimon,chapmon,チャップモン,幼年期Ⅱ,project_generated_gameplay_v0_noncanonical,幼年期Ⅱ,special,240,40,32,38,40,50,40,medium_fast,220,45,neutral_v0,playtest_parameter_ready
1278,digimon,chibimon,チビモン,幼年期Ⅱ,project_generated_gameplay_v0_noncanonical,幼年期Ⅱ,physical,240,40,50,40,38,32,40,medium_fast,220,45,neutral_v0,playtest_parameter_ready
1279,digimon,tanemon,タネモン,幼年期Ⅱ,project_generated_gameplay_v0_noncanonical,幼年期Ⅱ,special,240,40,32,38,40,50,40,medium_fast,220,45,neutral_v0,playtest_parameter_ready
1280,digimon,xiaomon,シャオモン,幼年期Ⅱ,project_generated_gameplay_v0_noncanonical,幼年期Ⅱ,physical_tank,240,44,42,52,30,30,42,medium_fast,220,45,neutral_v0,playtest_parameter_ready
1281,digimon,sakuttomon,サクットモン,幼年期Ⅱ,project_generated_gameplay_v0_noncanonical,幼年期Ⅱ,swift_physical,240,36,48,34,52,32,38,medium_fast,220,45,neutral_v0,playtest_parameter_ready
1282,digimon,koromon,コロモン,幼年期Ⅱ,project_generated_gameplay_v0_noncanonical,幼年期Ⅱ,mixed,240,40,44,36,40,44,36,medium_fast,220,45,neutral_v0,playtest_parameter_ready
1283,digimon,gummymon,グミモン,幼年期Ⅱ,project_generated_gameplay_v0_noncanonical,幼年期Ⅱ,mixed,240,40,44,36,40,44,36,medium_fast,220,45,neutral_v0,playtest_parameter_ready
1284,digimon,kyokyomon,キョキョモン,幼年期Ⅱ,project_generated_gameplay_v0_noncanonical,幼年期Ⅱ,special_tank,240,44,30,42,32,42,50,medium_fast,220,45,neutral_v0,playtest_parameter_ready
1285,digimon,cupimon,キュピモン,幼年期Ⅱ,project_generated_gameplay_v0_noncanonical,幼年期Ⅱ,physical,240,40,50,40,38,32,40,medium_fast,220,45,neutral_v0,playtest_parameter_ready
1286,digimon,kyaromon,キャロモン,幼年期Ⅱ,project_generated_gameplay_v0_noncanonical,幼年期Ⅱ,swift_special,240,36,32,36,52,47,37,medium_fast,220,45,neutral_v0,playtest_parameter_ready
1287,digimon,gigimon,ギギモン,幼年期Ⅱ,project_generated_gameplay_v0_noncanonical,幼年期Ⅱ,balanced,240,40,40,40,40,40,40,medium_fast,220,45,neutral_v0,playtest_parameter_ready
1288,digimon,capromon,カプリモン,幼年期Ⅱ,project_generated_gameplay_v0_noncanonical,幼年期Ⅱ,physical,240,40,50,40,38,32,40,medium_fast,220,45,neutral_v0,playtest_parameter_ready
1289,digimon,upamon,ウパモン,幼年期Ⅱ,project_generated_gameplay_v0_noncanonical,幼年期Ⅱ,balanced,240,40,40,40,40,40,40,medium_fast,220,45,neutral_v0,playtest_parameter_ready
1290,digimon,relemon,レレモン,幼年期Ⅰ,project_generated_gameplay_v0_noncanonical,幼年期Ⅰ,special_tank,180,34,23,31,24,31,37,medium_fast,255,30,neutral_v0,playtest_parameter_ready
1291,digimon,leafmon,リーフモン,幼年期Ⅰ,project_generated_gameplay_v0_noncanonical,幼年期Ⅰ,swift_special,180,27,24,27,39,35,28,medium_fast,255,30,neutral_v0,playtest_parameter_ready
1292,digimon,yuramon,ユラモン,幼年期Ⅰ,project_generated_gameplay_v0_noncanonical,幼年期Ⅰ,physical_tank,180,34,32,39,22,22,31,medium_fast,255,30,neutral_v0,playtest_parameter_ready
1293,digimon,yukimibotamon,ユキミボタモン,幼年期Ⅰ,project_generated_gameplay_v0_noncanonical,幼年期Ⅰ,balanced,180,30,30,30,30,30,30,medium_fast,255,30,neutral_v0,playtest_parameter_ready
1294,digimon,mokumon,モクモン,幼年期Ⅰ,project_generated_gameplay_v0_noncanonical,幼年期Ⅰ,swift_special,180,27,24,27,39,35,28,medium_fast,255,30,neutral_v0,playtest_parameter_ready
1295,digimon,poyomon,ポヨモン,幼年期Ⅰ,project_generated_gameplay_v0_noncanonical,幼年期Ⅰ,swift_physical,180,28,36,25,39,24,28,medium_fast,255,30,neutral_v0,playtest_parameter_ready
1296,digimon,bommon,ボムモン,幼年期Ⅰ,project_generated_gameplay_v0_noncanonical,幼年期Ⅰ,special,180,31,24,28,30,37,30,medium_fast,255,30,neutral_v0,playtest_parameter_ready
1297,digimon,popomon,ポポモン,幼年期Ⅰ,project_generated_gameplay_v0_noncanonical,幼年期Ⅰ,balanced,180,30,30,30,30,30,30,medium_fast,255,30,neutral_v0,playtest_parameter_ready
1298,digimon,botamon,ボタモン,幼年期Ⅰ,project_generated_gameplay_v0_noncanonical,幼年期Ⅰ,swift_special,180,27,24,27,39,35,28,medium_fast,255,30,neutral_v0,playtest_parameter_ready
1299,digimon,puwamon,プワモン,幼年期Ⅰ,project_generated_gameplay_v0_noncanonical,幼年期Ⅰ,physical_tank,180,34,32,39,22,22,31,medium_fast,255,30,neutral_v0,playtest_parameter_ready
1300,digimon,pururumon,プルルモン,幼年期Ⅰ,project_generated_gameplay_v0_noncanonical,幼年期Ⅰ,physical,180,31,37,30,28,24,30,medium_fast,255,30,neutral_v0,playtest_parameter_ready
1301,digimon,pupumon,ププモン,幼年期Ⅰ,project_generated_gameplay_v0_noncanonical,幼年期Ⅰ,balanced,180,30,30,30,30,30,30,medium_fast,255,30,neutral_v0,playtest_parameter_ready
1302,digimon,fufumon,フフモン,幼年期Ⅰ,project_generated_gameplay_v0_noncanonical,幼年期Ⅰ,swift_special,180,27,24,27,39,35,28,medium_fast,255,30,neutral_v0,playtest_parameter_ready
1303,digimon,punimon,プニモン,幼年期Ⅰ,project_generated_gameplay_v0_noncanonical,幼年期Ⅰ,special_tank,180,34,23,31,24,31,37,medium_fast,255,30,neutral_v0,playtest_parameter_ready
1304,digimon,puttimon,プットモン,幼年期Ⅰ,project_generated_gameplay_v0_noncanonical,幼年期Ⅰ,special,180,31,24,28,30,37,30,medium_fast,255,30,neutral_v0,playtest_parameter_ready
1305,digimon,petitmon,プチモン,幼年期Ⅰ,project_generated_gameplay_v0_noncanonical,幼年期Ⅰ,balanced,180,30,30,30,30,30,30,medium_fast,255,30,neutral_v0,playtest_parameter_ready
1306,digimon,pitchmon,ピチモン,幼年期Ⅰ,project_generated_gameplay_v0_noncanonical,幼年期Ⅰ,special,180,31,24,28,30,37,30,medium_fast,255,30,neutral_v0,playtest_parameter_ready
1307,digimon,pafumon,パフモン,幼年期Ⅰ,project_generated_gameplay_v0_noncanonical,幼年期Ⅰ,special_tank,180,34,23,31,24,31,37,medium_fast,255,30,neutral_v0,playtest_parameter_ready
1308,digimon,bubbmon,バブモン,幼年期Ⅰ,project_generated_gameplay_v0_noncanonical,幼年期Ⅰ,mixed,180,30,33,27,30,33,27,medium_fast,255,30,neutral_v0,playtest_parameter_ready
1309,digimon,paomon,パオモン,幼年期Ⅰ,project_generated_gameplay_v0_noncanonical,幼年期Ⅰ,swift_special,180,27,24,27,39,35,28,medium_fast,255,30,neutral_v0,playtest_parameter_ready
1310,digimon,nyokimon,ニョキモン,幼年期Ⅰ,project_generated_gameplay_v0_noncanonical,幼年期Ⅰ,special,180,31,24,28,30,37,30,medium_fast,255,30,neutral_v0,playtest_parameter_ready
1311,digimon,dodomon,ドドモン,幼年期Ⅰ,project_generated_gameplay_v0_noncanonical,幼年期Ⅰ,balanced,180,30,30,30,30,30,30,medium_fast,255,30,neutral_v0,playtest_parameter_ready
1312,digimon,tsubumon,ツブモン,幼年期Ⅰ,project_generated_gameplay_v0_noncanonical,幼年期Ⅰ,mixed,180,30,33,27,30,33,27,medium_fast,255,30,neutral_v0,playtest_parameter_ready
1313,digimon,choromon,チョロモン,幼年期Ⅰ,project_generated_gameplay_v0_noncanonical,幼年期Ⅰ,physical,180,31,37,30,28,24,30,medium_fast,255,30,neutral_v0,playtest_parameter_ready
1314,digimon,chicomon,チコモン,幼年期Ⅰ,project_generated_gameplay_v0_noncanonical,幼年期Ⅰ,balanced,180,30,30,30,30,30,30,medium_fast,255,30,neutral_v0,playtest_parameter_ready
1315,digimon,zerimon,ゼリモン,幼年期Ⅰ,project_generated_gameplay_v0_noncanonical,幼年期Ⅰ,balanced,180,30,30,30,30,30,30,medium_fast,255,30,neutral_v0,playtest_parameter_ready
1316,digimon,zurumon,ズルモン,幼年期Ⅰ,project_generated_gameplay_v0_noncanonical,幼年期Ⅰ,swift_special,180,27,24,27,39,35,28,medium_fast,255,30,neutral_v0,playtest_parameter_ready
1317,digimon,jyarimon,ジャリモン,幼年期Ⅰ,project_generated_gameplay_v0_noncanonical,幼年期Ⅰ,mixed,180,30,33,27,30,33,27,medium_fast,255,30,neutral_v0,playtest_parameter_ready
1318,digimon,sakumon,サクモン,幼年期Ⅰ,project_generated_gameplay_v0_noncanonical,幼年期Ⅰ,swift_special,180,27,24,27,39,35,28,medium_fast,255,30,neutral_v0,playtest_parameter_ready
1319,digimon,cocomon,ココモン,幼年期Ⅰ,project_generated_gameplay_v0_noncanonical,幼年期Ⅰ,swift_special,180,27,24,27,39,35,28,medium_fast,255,30,neutral_v0,playtest_parameter_ready
1320,digimon,kuramon,クラモン,幼年期Ⅰ,project_generated_gameplay_v0_noncanonical,幼年期Ⅰ,swift_physical,180,28,36,25,39,24,28,medium_fast,255,30,neutral_v0,playtest_parameter_ready
1321,appmon,appmon_001,ガッチモン,並,project_generated_gameplay_v0_noncanonical,並,swift_physical,330,50,67,46,71,44,52,medium_fast,180,70,neutral_v0,playtest_parameter_ready
1322,appmon,appmon_002,コールモン,並,project_generated_gameplay_v0_noncanonical,並,special_tank,330,61,42,58,44,57,68,medium_fast,180,70,neutral_v0,playtest_parameter_ready
1323,appmon,appmon_003,メールモン,並,project_generated_gameplay_v0_noncanonical,並,physical,330,56,68,55,52,44,55,medium_fast,180,70,neutral_v0,playtest_parameter_ready
1324,appmon,appmon_004,ツブモン,並,project_generated_gameplay_v0_noncanonical,並,swift_special,330,50,44,50,70,65,51,medium_fast,180,70,neutral_v0,playtest_parameter_ready
1325,appmon,appmon_005,ゲンゴーモン,並,project_generated_gameplay_v0_noncanonical,並,mixed,330,56,61,49,55,60,49,medium_fast,180,70,neutral_v0,playtest_parameter_ready
1326,appmon,appmon_006,アドモン,並,project_generated_gameplay_v0_noncanonical,並,special,330,56,44,52,55,68,55,medium_fast,180,70,neutral_v0,playtest_parameter_ready
1327,appmon,appmon_007,レビューモン,並,project_generated_gameplay_v0_noncanonical,並,physical_tank,330,61,58,72,41,41,57,medium_fast,180,70,neutral_v0,playtest_parameter_ready
1328,appmon,appmon_008,セットモン,並,project_generated_gameplay_v0_noncanonical,並,balanced,330,55,55,55,55,55,55,medium_fast,180,70,neutral_v0,playtest_parameter_ready
1329,appmon,appmon_009,メッセモン,並,project_generated_gameplay_v0_noncanonical,並,swift_physical,330,50,67,46,71,44,52,medium_fast,180,70,neutral_v0,playtest_parameter_ready
1330,appmon,appmon_010,コソモン,並,project_generated_gameplay_v0_noncanonical,並,physical,330,56,68,55,52,44,55,medium_fast,180,70,neutral_v0,playtest_parameter_ready
1331,appmon,appmon_011,ロケットモン,並,project_generated_gameplay_v0_noncanonical,並,special_tank,330,61,42,58,44,57,68,medium_fast,180,70,neutral_v0,playtest_parameter_ready
1332,appmon,appmon_012,ナビモン,並,project_generated_gameplay_v0_noncanonical,並,swift_physical,330,50,67,46,71,44,52,medium_fast,180,70,neutral_v0,playtest_parameter_ready
1333,appmon,appmon_013,ジェットモン,並,project_generated_gameplay_v0_noncanonical,並,balanced,330,55,55,55,55,55,55,medium_fast,180,70,neutral_v0,playtest_parameter_ready
1334,appmon,appmon_014,レッシャモン,並,project_generated_gameplay_v0_noncanonical,並,physical_tank,330,61,58,72,41,41,57,medium_fast,180,70,neutral_v0,playtest_parameter_ready
1335,appmon,appmon_015,ウェザーモン,並,project_generated_gameplay_v0_noncanonical,並,special,330,56,44,52,55,68,55,medium_fast,180,70,neutral_v0,playtest_parameter_ready
1336,appmon,appmon_016,コンパスモン,並,project_generated_gameplay_v0_noncanonical,並,mixed,330,56,61,49,55,60,49,medium_fast,180,70,neutral_v0,playtest_parameter_ready
1337,appmon,appmon_017,ヤドモン,並,project_generated_gameplay_v0_noncanonical,並,swift_special,330,50,44,50,70,65,51,medium_fast,180,70,neutral_v0,playtest_parameter_ready
1338,appmon,appmon_018,ニュースモン,並,project_generated_gameplay_v0_noncanonical,並,physical,330,56,68,55,52,44,55,medium_fast,180,70,neutral_v0,playtest_parameter_ready
1339,appmon,appmon_019,チュートモン,並,project_generated_gameplay_v0_noncanonical,並,special_tank,330,61,42,58,44,57,68,medium_fast,180,70,neutral_v0,playtest_parameter_ready
1340,appmon,appmon_020,エムシーモン,並,project_generated_gameplay_v0_noncanonical,並,special,330,56,44,52,55,68,55,medium_fast,180,70,neutral_v0,playtest_parameter_ready
1341,appmon,appmon_021,キャメラモン,並,project_generated_gameplay_v0_noncanonical,並,physical_tank,330,61,58,72,41,41,57,medium_fast,180,70,neutral_v0,playtest_parameter_ready
1342,appmon,appmon_022,レコモン,並,project_generated_gameplay_v0_noncanonical,並,swift_special,330,50,44,50,70,65,51,medium_fast,180,70,neutral_v0,playtest_parameter_ready
1343,appmon,appmon_023,カリキュモン,並,project_generated_gameplay_v0_noncanonical,並,mixed,330,56,61,49,55,60,49,medium_fast,180,70,neutral_v0,playtest_parameter_ready
1344,appmon,appmon_024,ゴミモン,並,project_generated_gameplay_v0_noncanonical,並,special_tank,330,61,42,58,44,57,68,medium_fast,180,70,neutral_v0,playtest_parameter_ready
1345,appmon,appmon_025,ミラーモン,並,project_generated_gameplay_v0_noncanonical,並,physical,330,56,68,55,52,44,55,medium_fast,180,70,neutral_v0,playtest_parameter_ready
1346,appmon,appmon_026,ライトモン,並,project_generated_gameplay_v0_noncanonical,並,balanced,330,55,55,55,55,55,55,medium_fast,180,70,neutral_v0,playtest_parameter_ready
1347,appmon,appmon_027,ウォッチモン,並,project_generated_gameplay_v0_noncanonical,並,swift_physical,330,50,67,46,71,44,52,medium_fast,180,70,neutral_v0,playtest_parameter_ready
1348,appmon,appmon_028,ダイアリモン,並,project_generated_gameplay_v0_noncanonical,並,special,330,56,44,52,55,68,55,medium_fast,180,70,neutral_v0,playtest_parameter_ready
1349,appmon,appmon_029,カレンダモン,並,project_generated_gameplay_v0_noncanonical,並,physical_tank,330,61,58,72,41,41,57,medium_fast,180,70,neutral_v0,playtest_parameter_ready
1350,appmon,appmon_030,オンパモン,並,project_generated_gameplay_v0_noncanonical,並,swift_physical,330,50,67,46,71,44,52,medium_fast,180,70,neutral_v0,playtest_parameter_ready
1351,appmon,appmon_031,ジャミングモン,並,project_generated_gameplay_v0_noncanonical,並,balanced,330,55,55,55,55,55,55,medium_fast,180,70,neutral_v0,playtest_parameter_ready
1352,appmon,appmon_032,プロテクモン,並,project_generated_gameplay_v0_noncanonical,並,physical,330,56,68,55,52,44,55,medium_fast,180,70,neutral_v0,playtest_parameter_ready
1353,appmon,appmon_033,ハックモン,並,project_generated_gameplay_v0_noncanonical,並,special_tank,330,61,42,58,44,57,68,medium_fast,180,70,neutral_v0,playtest_parameter_ready
1354,appmon,appmon_034,バッテリモン,並,project_generated_gameplay_v0_noncanonical,並,mixed,330,56,61,49,55,60,49,medium_fast,180,70,neutral_v0,playtest_parameter_ready
1355,appmon,appmon_035,ペコモン,並,project_generated_gameplay_v0_noncanonical,並,swift_special,330,50,44,50,70,65,51,medium_fast,180,70,neutral_v0,playtest_parameter_ready
1356,appmon,appmon_036,ポコモン,並,project_generated_gameplay_v0_noncanonical,並,physical_tank,330,61,58,72,41,41,57,medium_fast,180,70,neutral_v0,playtest_parameter_ready
1357,appmon,appmon_037,コピペモン,並,project_generated_gameplay_v0_noncanonical,並,special,330,56,44,52,55,68,55,medium_fast,180,70,neutral_v0,playtest_parameter_ready
1358,appmon,appmon_038,セーブモン,並,project_generated_gameplay_v0_noncanonical,並,swift_physical,330,50,67,46,71,44,52,medium_fast,180,70,neutral_v0,playtest_parameter_ready
1359,appmon,appmon_039,カベモン,並,project_generated_gameplay_v0_noncanonical,並,balanced,330,55,55,55,55,55,55,medium_fast,180,70,neutral_v0,playtest_parameter_ready
1360,appmon,appmon_040,エコモン,並,project_generated_gameplay_v0_noncanonical,並,swift_special,330,50,44,50,70,65,51,medium_fast,180,70,neutral_v0,playtest_parameter_ready
1361,appmon,appmon_041,ピーポモン,並,project_generated_gameplay_v0_noncanonical,並,mixed,330,56,61,49,55,60,49,medium_fast,180,70,neutral_v0,playtest_parameter_ready
1362,appmon,appmon_042,デンパモン,並,project_generated_gameplay_v0_noncanonical,並,special,330,56,44,52,55,68,55,medium_fast,180,70,neutral_v0,playtest_parameter_ready
1363,appmon,appmon_043,オンモン,並,project_generated_gameplay_v0_noncanonical,並,physical_tank,330,61,58,72,41,41,57,medium_fast,180,70,neutral_v0,playtest_parameter_ready
1364,appmon,appmon_044,オフモン,並,project_generated_gameplay_v0_noncanonical,並,balanced,330,55,55,55,55,55,55,medium_fast,180,70,neutral_v0,playtest_parameter_ready
1365,appmon,appmon_045,ドカモン,並,project_generated_gameplay_v0_noncanonical,並,swift_physical,330,50,67,46,71,44,52,medium_fast,180,70,neutral_v0,playtest_parameter_ready
1366,appmon,appmon_046,ショットモン,並,project_generated_gameplay_v0_noncanonical,並,special_tank,330,61,42,58,44,57,68,medium_fast,180,70,neutral_v0,playtest_parameter_ready
1367,appmon,appmon_047,カードモン,並,project_generated_gameplay_v0_noncanonical,並,physical,330,56,68,55,52,44,55,medium_fast,180,70,neutral_v0,playtest_parameter_ready
1368,appmon,appmon_048,ロープレモン,並,project_generated_gameplay_v0_noncanonical,並,swift_special,330,50,44,50,70,65,51,medium_fast,180,70,neutral_v0,playtest_parameter_ready
1369,appmon,appmon_049,パズルモン,並,project_generated_gameplay_v0_noncanonical,並,mixed,330,56,61,49,55,60,49,medium_fast,180,70,neutral_v0,playtest_parameter_ready
1370,appmon,appmon_050,ダンスモン,並,project_generated_gameplay_v0_noncanonical,並,physical_tank,330,61,58,72,41,41,57,medium_fast,180,70,neutral_v0,playtest_parameter_ready
1371,appmon,appmon_051,レースモン,並,project_generated_gameplay_v0_noncanonical,並,special,330,56,44,52,55,68,55,medium_fast,180,70,neutral_v0,playtest_parameter_ready
1372,appmon,appmon_052,ドローモン,並,project_generated_gameplay_v0_noncanonical,並,mixed,330,56,61,49,55,60,49,medium_fast,180,70,neutral_v0,playtest_parameter_ready
1373,appmon,appmon_053,テラーモン,並,project_generated_gameplay_v0_noncanonical,並,swift_special,330,50,44,50,70,65,51,medium_fast,180,70,neutral_v0,playtest_parameter_ready
1374,appmon,appmon_054,ミュージモン,並,project_generated_gameplay_v0_noncanonical,並,physical,330,56,68,55,52,44,55,medium_fast,180,70,neutral_v0,playtest_parameter_ready
1375,appmon,appmon_055,ペロリモン,並,project_generated_gameplay_v0_noncanonical,並,special_tank,330,61,42,58,44,57,68,medium_fast,180,70,neutral_v0,playtest_parameter_ready
1376,appmon,appmon_056,ドーガモン,並,project_generated_gameplay_v0_noncanonical,並,swift_physical,330,50,67,46,71,44,52,medium_fast,180,70,neutral_v0,playtest_parameter_ready
1377,appmon,appmon_057,ドレスモン,並,project_generated_gameplay_v0_noncanonical,並,balanced,330,55,55,55,55,55,55,medium_fast,180,70,neutral_v0,playtest_parameter_ready
1378,appmon,appmon_058,ブックモン,並,project_generated_gameplay_v0_noncanonical,並,physical_tank,330,61,58,72,41,41,57,medium_fast,180,70,neutral_v0,playtest_parameter_ready
1379,appmon,appmon_059,ガシャモン,並,project_generated_gameplay_v0_noncanonical,並,special,330,56,44,52,55,68,55,medium_fast,180,70,neutral_v0,playtest_parameter_ready
1380,appmon,appmon_060,ラックモン,並,project_generated_gameplay_v0_noncanonical,並,special_tank,330,61,42,58,44,57,68,medium_fast,180,70,neutral_v0,playtest_parameter_ready
1381,appmon,appmon_061,トリックモン,並,project_generated_gameplay_v0_noncanonical,並,physical,330,56,68,55,52,44,55,medium_fast,180,70,neutral_v0,playtest_parameter_ready
1382,appmon,appmon_062,ダイスモン,並,project_generated_gameplay_v0_noncanonical,並,balanced,330,55,55,55,55,55,55,medium_fast,180,70,neutral_v0,playtest_parameter_ready
1383,appmon,appmon_063,クックモン,並,project_generated_gameplay_v0_noncanonical,並,swift_physical,330,50,67,46,71,44,52,medium_fast,180,70,neutral_v0,playtest_parameter_ready
1384,appmon,appmon_064,バイラモン,並,project_generated_gameplay_v0_noncanonical,並,special,330,56,44,52,55,68,55,medium_fast,180,70,neutral_v0,playtest_parameter_ready
1385,appmon,appmon_065,スリープモン,並,project_generated_gameplay_v0_noncanonical,並,physical_tank,330,61,58,72,41,41,57,medium_fast,180,70,neutral_v0,playtest_parameter_ready
1386,appmon,appmon_066,マッスルモン,並,project_generated_gameplay_v0_noncanonical,並,swift_special,330,50,44,50,70,65,51,medium_fast,180,70,neutral_v0,playtest_parameter_ready
1387,appmon,appmon_067,エイドモン,並,project_generated_gameplay_v0_noncanonical,並,mixed,330,56,61,49,55,60,49,medium_fast,180,70,neutral_v0,playtest_parameter_ready
1388,appmon,appmon_068,マネーモン,並,project_generated_gameplay_v0_noncanonical,並,special_tank,330,61,42,58,44,57,68,medium_fast,180,70,neutral_v0,playtest_parameter_ready
1389,appmon,appmon_069,スパモン,並,project_generated_gameplay_v0_noncanonical,並,physical,330,56,68,55,52,44,55,medium_fast,180,70,neutral_v0,playtest_parameter_ready
1390,appmon,appmon_070,サプリモン,並,project_generated_gameplay_v0_noncanonical,並,mixed,330,56,61,49,55,60,49,medium_fast,180,70,neutral_v0,playtest_parameter_ready
1391,appmon,appmon_071,ドープモン,並,project_generated_gameplay_v0_noncanonical,並,swift_special,330,50,44,50,70,65,51,medium_fast,180,70,neutral_v0,playtest_parameter_ready
1392,appmon,appmon_072,オクショモン,並,project_generated_gameplay_v0_noncanonical,並,physical_tank,330,61,58,72,41,41,57,medium_fast,180,70,neutral_v0,playtest_parameter_ready
1393,appmon,appmon_073,カケイモン,並,project_generated_gameplay_v0_noncanonical,並,special,330,56,44,52,55,68,55,medium_fast,180,70,neutral_v0,playtest_parameter_ready
1394,appmon,appmon_074,カイモン,並,project_generated_gameplay_v0_noncanonical,並,swift_physical,330,50,67,46,71,44,52,medium_fast,180,70,neutral_v0,playtest_parameter_ready
1395,appmon,appmon_075,ジショモン,並,project_generated_gameplay_v0_noncanonical,並,balanced,330,55,55,55,55,55,55,medium_fast,180,70,neutral_v0,playtest_parameter_ready
1396,appmon,appmon_076,ロギモン,超,project_generated_gameplay_v0_noncanonical,超,physical,430,72,90,72,68,57,71,medium_slow,120,120,neutral_v0,playtest_parameter_ready
1397,appmon,appmon_077,ロガモン,超,project_generated_gameplay_v0_noncanonical,超,special_tank,430,79,54,76,57,75,89,medium_slow,120,120,neutral_v0,playtest_parameter_ready
1398,appmon,appmon_078,ドガッチモン,超,project_generated_gameplay_v0_noncanonical,超,mixed,430,72,79,65,72,78,64,medium_slow,120,120,neutral_v0,playtest_parameter_ready
1399,appmon,appmon_079,ソーシャモン,超,project_generated_gameplay_v0_noncanonical,超,swift_special,430,64,57,64,93,85,67,medium_slow,120,120,neutral_v0,playtest_parameter_ready
1400,appmon,appmon_080,ゴシップモン,超,project_generated_gameplay_v0_noncanonical,超,balanced,430,72,72,72,72,71,71,medium_slow,120,120,neutral_v0,playtest_parameter_ready
1401,appmon,appmon_081,スカシモン,超,project_generated_gameplay_v0_noncanonical,超,swift_physical,430,65,87,60,93,57,68,medium_slow,120,120,neutral_v0,playtest_parameter_ready
1402,appmon,appmon_082,トリップモン,超,project_generated_gameplay_v0_noncanonical,超,special_tank,430,79,54,76,57,75,89,medium_slow,120,120,neutral_v0,playtest_parameter_ready
1403,appmon,appmon_083,ウェザドラモン,超,project_generated_gameplay_v0_noncanonical,超,physical,430,72,90,72,68,57,71,medium_slow,120,120,neutral_v0,playtest_parameter_ready
1404,appmon,appmon_084,タイムモン,超,project_generated_gameplay_v0_noncanonical,超,swift_special,430,64,57,64,93,85,67,medium_slow,120,120,neutral_v0,playtest_parameter_ready
1405,appmon,appmon_085,ロアモン,超,project_generated_gameplay_v0_noncanonical,超,mixed,430,72,79,65,72,78,64,medium_slow,120,120,neutral_v0,playtest_parameter_ready
1406,appmon,appmon_086,スコープモン,超,project_generated_gameplay_v0_noncanonical,超,special,430,72,58,69,71,89,71,medium_slow,120,120,neutral_v0,playtest_parameter_ready
1407,appmon,appmon_087,クラフトモン,超,project_generated_gameplay_v0_noncanonical,超,physical_tank,430,79,76,94,53,53,75,medium_slow,120,120,neutral_v0,playtest_parameter_ready
1408,appmon,appmon_088,レイドラモン,超,project_generated_gameplay_v0_noncanonical,超,balanced,430,72,72,72,72,71,71,medium_slow,120,120,neutral_v0,playtest_parameter_ready
1409,appmon,appmon_089,デジップモン,超,project_generated_gameplay_v0_noncanonical,超,swift_physical,430,65,87,60,93,57,68,medium_slow,120,120,neutral_v0,playtest_parameter_ready
1410,appmon,appmon_090,ミエーヌモン,超,project_generated_gameplay_v0_noncanonical,超,physical,430,72,90,72,68,57,71,medium_slow,120,120,neutral_v0,playtest_parameter_ready
1411,appmon,appmon_091,ワープモン,超,project_generated_gameplay_v0_noncanonical,超,special_tank,430,79,54,76,57,75,89,medium_slow,120,120,neutral_v0,playtest_parameter_ready
1412,appmon,appmon_092,サクシモン,超,project_generated_gameplay_v0_noncanonical,超,swift_physical,430,65,87,60,93,57,68,medium_slow,120,120,neutral_v0,playtest_parameter_ready
1413,appmon,appmon_093,ドスコモン,超,project_generated_gameplay_v0_noncanonical,超,balanced,430,72,72,72,72,71,71,medium_slow,120,120,neutral_v0,playtest_parameter_ready
1414,appmon,appmon_094,ブレモン,超,project_generated_gameplay_v0_noncanonical,超,physical_tank,430,79,76,94,53,53,75,medium_slow,120,120,neutral_v0,playtest_parameter_ready
1415,appmon,appmon_095,コーチモン,超,project_generated_gameplay_v0_noncanonical,超,special,430,72,58,69,71,89,71,medium_slow,120,120,neutral_v0,playtest_parameter_ready
1416,appmon,appmon_096,ウラテクモン,超,project_generated_gameplay_v0_noncanonical,超,mixed,430,72,79,65,72,78,64,medium_slow,120,120,neutral_v0,playtest_parameter_ready
1417,appmon,appmon_097,エフェクモン,超,project_generated_gameplay_v0_noncanonical,超,swift_special,430,64,57,64,93,85,67,medium_slow,120,120,neutral_v0,playtest_parameter_ready
1418,appmon,appmon_098,タロットモン,超,project_generated_gameplay_v0_noncanonical,超,physical,430,72,90,72,68,57,71,medium_slow,120,120,neutral_v0,playtest_parameter_ready
1419,appmon,appmon_099,コーデモン,超,project_generated_gameplay_v0_noncanonical,超,special_tank,430,79,54,76,57,75,89,medium_slow,120,120,neutral_v0,playtest_parameter_ready
1420,appmon,appmon_100,メディアモン,超,project_generated_gameplay_v0_noncanonical,超,swift_physical,430,65,87,60,93,57,68,medium_slow,120,120,neutral_v0,playtest_parameter_ready
1421,appmon,appmon_101,ベガスモン,超,project_generated_gameplay_v0_noncanonical,超,balanced,430,72,72,72,72,71,71,medium_slow,120,120,neutral_v0,playtest_parameter_ready
1422,appmon,appmon_102,ドリーモン,超,project_generated_gameplay_v0_noncanonical,超,physical,430,72,90,72,68,57,71,medium_slow,120,120,neutral_v0,playtest_parameter_ready
1423,appmon,appmon_103,メディックモン,超,project_generated_gameplay_v0_noncanonical,超,special_tank,430,79,54,76,57,75,89,medium_slow,120,120,neutral_v0,playtest_parameter_ready
1424,appmon,appmon_104,ドクモン,超,project_generated_gameplay_v0_noncanonical,超,mixed,430,72,79,65,72,78,64,medium_slow,120,120,neutral_v0,playtest_parameter_ready
1425,appmon,appmon_105,コンサルモン,超,project_generated_gameplay_v0_noncanonical,超,swift_special,430,64,57,64,93,85,67,medium_slow,120,120,neutral_v0,playtest_parameter_ready
1426,appmon,appmon_106,ライブラモン,超,project_generated_gameplay_v0_noncanonical,超,physical_tank,430,79,76,94,53,53,75,medium_slow,120,120,neutral_v0,playtest_parameter_ready
1427,appmon,appmon_107,グローブモン,極,project_generated_gameplay_v0_noncanonical,極,special,520,87,70,83,86,108,86,slow,60,180,neutral_v0,playtest_parameter_ready
1428,appmon,appmon_108,カリスモン,極,project_generated_gameplay_v0_noncanonical,極,swift_physical,520,79,105,73,112,69,82,slow,60,180,neutral_v0,playtest_parameter_ready
1429,appmon,appmon_109,ダメダモン,極,project_generated_gameplay_v0_noncanonical,極,balanced,520,87,87,87,87,86,86,slow,60,180,neutral_v0,playtest_parameter_ready
1430,appmon,appmon_110,サテラモン,極,project_generated_gameplay_v0_noncanonical,極,special,520,87,70,83,86,108,86,slow,60,180,neutral_v0,playtest_parameter_ready
1431,appmon,appmon_111,コメットモン,極,project_generated_gameplay_v0_noncanonical,極,physical_tank,520,96,91,112,65,65,91,slow,60,180,neutral_v0,playtest_parameter_ready
1432,appmon,appmon_112,ブートモン,極,project_generated_gameplay_v0_noncanonical,極,swift_special,520,78,69,78,111,103,81,slow,60,180,neutral_v0,playtest_parameter_ready
1433,appmon,appmon_113,シャットモン,極,project_generated_gameplay_v0_noncanonical,極,mixed,520,87,96,78,86,95,78,slow,60,180,neutral_v0,playtest_parameter_ready
1434,appmon,appmon_114,フェイクモン,極,project_generated_gameplay_v0_noncanonical,極,special_tank,520,96,65,91,69,91,108,slow,60,180,neutral_v0,playtest_parameter_ready
1435,appmon,appmon_115,リバイブモン,極,project_generated_gameplay_v0_noncanonical,極,physical,520,87,109,87,82,69,86,slow,60,180,neutral_v0,playtest_parameter_ready
1436,appmon,appmon_116,ワルダモン,極,project_generated_gameplay_v0_noncanonical,極,balanced,520,87,87,87,87,86,86,slow,60,180,neutral_v0,playtest_parameter_ready
1437,appmon,appmon_117,オウジャモン,極,project_generated_gameplay_v0_noncanonical,極,swift_physical,520,79,105,73,112,69,82,slow,60,180,neutral_v0,playtest_parameter_ready
1438,appmon,appmon_118,エンタモン,極,project_generated_gameplay_v0_noncanonical,極,special,520,87,70,83,86,108,86,slow,60,180,neutral_v0,playtest_parameter_ready
1439,appmon,appmon_119,バイオモン,極,project_generated_gameplay_v0_noncanonical,極,physical_tank,520,96,91,112,65,65,91,slow,60,180,neutral_v0,playtest_parameter_ready
1440,appmon,appmon_120,ビューティモン,極,project_generated_gameplay_v0_noncanonical,極,physical,520,87,109,87,82,69,86,slow,60,180,neutral_v0,playtest_parameter_ready
1441,appmon,appmon_121,リブートモン,神,project_generated_gameplay_v0_noncanonical,神,special_tank,600,110,75,105,80,105,125,slow,30,240,neutral_v0,playtest_parameter_ready
1442,appmon,appmon_122,ガイアモン,神,project_generated_gameplay_v0_noncanonical,神,swift_physical,600,90,120,85,130,80,95,slow,30,240,neutral_v0,playtest_parameter_ready
1443,appmon,appmon_123,ハデスモン,神,project_generated_gameplay_v0_noncanonical,神,balanced,600,100,100,100,100,100,100,slow,30,240,neutral_v0,playtest_parameter_ready
1444,appmon,appmon_124,ポセイドモン,神,project_generated_gameplay_v0_noncanonical,神,physical_tank,600,110,105,130,75,75,105,slow,30,240,neutral_v0,playtest_parameter_ready
1445,appmon,appmon_125,ウラノスモン,神,project_generated_gameplay_v0_noncanonical,神,special,600,100,80,95,100,125,100,slow,30,240,neutral_v0,playtest_parameter_ready
1446,appmon,appmon_126,デウスモン,神,project_generated_gameplay_v0_noncanonical,神,mixed,600,100,110,90,100,110,90,slow,30,240,neutral_v0,playtest_parameter_ready
1447,appmon,appmon_127,タップモン(ソーシャル),－,project_generated_gameplay_v0_noncanonical,－,swift_special,430,64,57,64,93,85,67,medium_slow,120,120,neutral_v0,playtest_parameter_ready
1448,appmon,appmon_128,タップモン(ナビ),－,project_generated_gameplay_v0_noncanonical,－,physical,430,72,90,72,68,57,71,medium_slow,120,120,neutral_v0,playtest_parameter_ready
1449,appmon,appmon_129,タップモン(ツール),－,project_generated_gameplay_v0_noncanonical,－,special_tank,430,79,54,76,57,75,89,medium_slow,120,120,neutral_v0,playtest_parameter_ready
1450,appmon,appmon_130,タップモン(システム),－,project_generated_gameplay_v0_noncanonical,－,balanced,430,72,72,72,72,71,71,medium_slow,120,120,neutral_v0,playtest_parameter_ready
1451,appmon,appmon_131,タップモン(ゲーム),－,project_generated_gameplay_v0_noncanonical,－,swift_physical,430,65,87,60,93,57,68,medium_slow,120,120,neutral_v0,playtest_parameter_ready
1452,appmon,appmon_132,タップモン(エンタメ),－,project_generated_gameplay_v0_noncanonical,－,special_tank,430,79,54,76,57,75,89,medium_slow,120,120,neutral_v0,playtest_parameter_ready
1453,appmon,appmon_133,タップモン(ライフ),－,project_generated_gameplay_v0_noncanonical,－,physical,430,72,90,72,68,57,71,medium_slow,120,120,neutral_v0,playtest_parameter_ready
1454,appmon,appmon_134,フリックモン(ソーシャル),－,project_generated_gameplay_v0_noncanonical,－,swift_special,430,64,57,64,93,85,67,medium_slow,120,120,neutral_v0,playtest_parameter_ready
1455,appmon,appmon_135,フリックモン(ナビ),－,project_generated_gameplay_v0_noncanonical,－,mixed,430,72,79,65,72,78,64,medium_slow,120,120,neutral_v0,playtest_parameter_ready
1456,appmon,appmon_136,フリックモン(ツール),－,project_generated_gameplay_v0_noncanonical,－,special,430,72,58,69,71,89,71,medium_slow,120,120,neutral_v0,playtest_parameter_ready
1457,appmon,appmon_137,フリックモン(システム),－,project_generated_gameplay_v0_noncanonical,－,physical_tank,430,79,76,94,53,53,75,medium_slow,120,120,neutral_v0,playtest_parameter_ready
1458,appmon,appmon_138,フリックモン(ゲーム),－,project_generated_gameplay_v0_noncanonical,－,balanced,430,72,72,72,72,71,71,medium_slow,120,120,neutral_v0,playtest_parameter_ready
1459,appmon,appmon_139,フリックモン(エンタメ),－,project_generated_gameplay_v0_noncanonical,－,swift_physical,430,65,87,60,93,57,68,medium_slow,120,120,neutral_v0,playtest_parameter_ready
1460,appmon,appmon_140,フリックモン(ライフ),－,project_generated_gameplay_v0_noncanonical,－,mixed,430,72,79,65,72,78,64,medium_slow,120,120,neutral_v0,playtest_parameter_ready
1461,appmon,appmon_141,スワイプモン(ソーシャル),－,project_generated_gameplay_v0_noncanonical,－,swift_special,430,64,57,64,93,85,67,medium_slow,120,120,neutral_v0,playtest_parameter_ready
1462,appmon,appmon_142,スワイプモン(ナビ),－,project_generated_gameplay_v0_noncanonical,－,physical_tank,430,79,76,94,53,53,75,medium_slow,120,120,neutral_v0,playtest_parameter_ready
1463,appmon,appmon_143,スワイプモン(ツール),－,project_generated_gameplay_v0_noncanonical,－,special,430,72,58,69,71,89,71,medium_slow,120,120,neutral_v0,playtest_parameter_ready
1464,appmon,appmon_144,スワイプモン(システム),－,project_generated_gameplay_v0_noncanonical,－,swift_physical,430,65,87,60,93,57,68,medium_slow,120,120,neutral_v0,playtest_parameter_ready
1465,appmon,appmon_145,スワイプモン(ゲーム),－,project_generated_gameplay_v0_noncanonical,－,balanced,430,72,72,72,72,71,71,medium_slow,120,120,neutral_v0,playtest_parameter_ready
1466,appmon,appmon_146,スワイプモン(エンタメ),－,project_generated_gameplay_v0_noncanonical,－,physical,430,72,90,72,68,57,71,medium_slow,120,120,neutral_v0,playtest_parameter_ready
1467,appmon,appmon_147,スワイプモン(ライフ),－,project_generated_gameplay_v0_noncanonical,－,special_tank,430,79,54,76,57,75,89,medium_slow,120,120,neutral_v0,playtest_parameter_ready
1468,appmon,appmon_148,ダンテモン,不明,project_generated_gameplay_v0_noncanonical,不明,mixed,430,72,79,65,72,78,64,medium_slow,120,120,neutral_v0,playtest_parameter_ready
