emerald_species_id,source_kind,source_id,source_numeric_id,name_ja,name_localized,level_or_grade,official_type,official_attribute,source_url
1,digimon,nosferamon,,ノスフェラモン,NOSFERAMON,究極体,アンデッド型,ウィルス,https://digimon.net/reference/detail.php?directory_name=nosferamon
2,digimon,artiomon,,アルティオモン,ARTIOMON,究極体,獣人型,ワクチン,https://digimon.net/reference/detail.php?directory_name=artiomon
3,digimon,atratusmon,,アトラタスモン,ATRATUSMON,究極体,突然変異型,データ,https://digimon.net/reference/detail.php?directory_name=atratusmon
4,digimon,albatusmon,,アルバタスモン,ALBATUSMON,究極体,突然変異型,データ,https://digimon.net/reference/detail.php?directory_name=albatusmon
5,digimon,heliosboamon,,ヘリオスボアモン,HELIOSBOAMON,完全体,爬虫類型,データ,https://digimon.net/reference/detail.php?directory_name=heliosboamon
6,digimon,habakirimon,,ハバキリモン,HABAKIRIMON,究極体,神人型,ウィルス,https://digimon.net/reference/detail.php?directory_name=habakirimon
7,digimon,bearcatmon,,ベアキャットモン,BEARCATMON,完全体,獣人型,ワクチン,https://digimon.net/reference/detail.php?directory_name=bearcatmon
8,digimon,taowumon,,タオウーモン,TAOWUMON,究極体,魔獣型,ウィルス,https://digimon.net/reference/detail.php?directory_name=taowumon
9,digimon,scourgechiropmon,,スカージキロプモン,SCOURGECHIROPMON,完全体,マシーン型,ウィルス,https://digimon.net/reference/detail.php?directory_name=scourgechiropmon
10,digimon,monarchlizamon,,モナークリザモン,MONARCHLIZAMON,完全体,サイボーグ型,データ,https://digimon.net/reference/detail.php?directory_name=monarchlizamon
11,digimon,apollomon_whispered,,アポロモン：ウィスパード,APOLLOMON：WHISPERED,"究極体
(クロスウォーズ)",神人型,ウィルス,https://digimon.net/reference/detail.php?directory_name=apollomon_whispered
12,digimon,kingwhamon,,キングホエーモン,KINGWHAMON,究極体,水棲哺乳類型,ワクチン,https://digimon.net/reference/detail.php?directory_name=kingwhamon
13,digimon,armamon_burstmode,,アルマモン：バーストモード,ARMAMON:BURSTMODE,"究極体
(クロスウォーズ)",武器型,フリー,https://digimon.net/reference/detail.php?directory_name=armamon_burstmode
14,digimon,armamon,,アルマモン,ARMAMON,"究極体
(クロスウォーズ)",武器型,フリー,https://digimon.net/reference/detail.php?directory_name=armamon
15,digimon,shoutmonx5s,,シャウトモンX5S,SHOUTMONX5S,"究極体
(クロスウォーズ)",合成型,データ,https://digimon.net/reference/detail.php?directory_name=shoutmonx5s
16,digimon,vortexdramon,,ヴォルテクスドラモン,VORTEXDRAMON,究極体,鳥竜型,データ,https://digimon.net/reference/detail.php?directory_name=vortexdramon
17,digimon,shoutmonx4s,,シャウトモンX4S,SHOUTMONX4S,"完全体
(クロスウォーズ)",合成型,データ,https://digimon.net/reference/detail.php?directory_name=shoutmonx4s
18,digimon,shoutmonx3sd,,シャウトモンX3SD,SHOUTMONX3SD,"完全体
(クロスウォーズ)",戦士型,データ,https://digimon.net/reference/detail.php?directory_name=shoutmonx3sd
19,digimon,shoutmonx3gm,,シャウトモンX3GM,SHOUTMONX3GM,"完全体
(クロスウォーズ)",翼竜型,データ,https://digimon.net/reference/detail.php?directory_name=shoutmonx3gm
20,digimon,azhdarmon,,アズダルモン,AZHDARMON,完全体,翼竜型,ウィルス,https://digimon.net/reference/detail.php?directory_name=azhdarmon
21,digimon,tengumon,,テングモン,TENGUMON,究極体,鳥人型,ウィルス,https://digimon.net/reference/detail.php?directory_name=tengumon
22,digimon,amaterasumon,,アマテラスモン,AMATERASUMON,究極体,神人型,ワクチン,https://digimon.net/reference/detail.php?directory_name=amaterasumon
23,digimon,enmamon,,エンマモン,ENMAMON,究極体,魔王型,ウィルス,https://digimon.net/reference/detail.php?directory_name=enmamon
24,digimon,seitengokuwmon,,セイテンゴクウモン,SEITENGOKUWMON,究極体,如来型,ウィルス,https://digimon.net/reference/detail.php?directory_name=seitengokuwmon
25,digimon,exmaquinamon,,エクスマキナモン,EXMAQUINAMON,究極体,特異型,データ,https://digimon.net/reference/detail.php?directory_name=exmaquinamon
26,digimon,dalphomon,,ダルフォモン,DALPHOMON,究極体,獣型,ウィルス,https://digimon.net/reference/detail.php?directory_name=dalphomon
27,digimon,shishimamon,,シシマモン,SHISHIMAMON,完全体,聖獣型,ワクチン,https://digimon.net/reference/detail.php?directory_name=shishimamon
28,digimon,darumamon,,ダルマモン,DARUMAMON,完全体,突然変異型,ワクチン,https://digimon.net/reference/detail.php?directory_name=darumamon
29,digimon,rhamphomon,,ランフォモン,RHAMPHOMON,成熟期,翼竜型,ウィルス,https://digimon.net/reference/detail.php?directory_name=rhamphomon
30,digimon,chronomon_destroy,,クロノモン：デストロイモード,CHRONOMON：DESTROYMODE,究極体,神人型,ウィルス,https://digimon.net/reference/detail.php?directory_name=chronomon_destroy
31,digimon,chronomon_holy,,クロノモン：ホーリーモード,CHRONOMON：HOLYMODE,究極体,神人型,ワクチン,https://digimon.net/reference/detail.php?directory_name=chronomon_holy
32,digimon,butenmon,,ブテンモン,BUTENMON,完全体,神人型,ワクチン,https://digimon.net/reference/detail.php?directory_name=butenmon
33,digimon,buraimon,,ブライモン,BURAIMON,成熟期,鳥人型,ワクチン,https://digimon.net/reference/detail.php?directory_name=buraimon
34,digimon,hyokomon,,ヒョコモン,HYOKOMON,成長期,ヒナ鳥型,ワクチン,https://digimon.net/reference/detail.php?directory_name=hyokomon
35,digimon,chicchimon,,チッチモン,CHICCHIMON,幼年期Ⅱ,ヒナ鳥型,,https://digimon.net/reference/detail.php?directory_name=chicchimon
36,digimon,zombieplutomon,,ゾンビプルートモン,ZOMBIEPLUTOMON,究極体,アンデッド型,ウィルス,https://digimon.net/reference/detail.php?directory_name=zombieplutomon
37,digimon,manekimon,,マネキモン,MANEKIMON,成熟期,パペット型,ワクチン,https://digimon.net/reference/detail.php?directory_name=manekimon
38,digimon,hakubamon,,ハクバモン,HAKUBAMON,成熟期,聖獣型,ワクチン,https://digimon.net/reference/detail.php?directory_name=hakubamon
39,digimon,wankomon,,ワンコモン,WANKOMON,成長期,獣型,ワクチン,https://digimon.net/reference/detail.php?directory_name=wankomon
40,digimon,gasamon,,ガサモン,GASAMON,成長期,軟体型,ウィルス,https://digimon.net/reference/detail.php?directory_name=gasamon
41,digimon,takinmon,,ターキモン,TAKINMON,成長期,獣型,ワクチン,https://digimon.net/reference/detail.php?directory_name=takinmon
42,digimon,fujamon,,フージャモン,FUJAMON,成長期,水棲型,ウィルス,https://digimon.net/reference/detail.php?directory_name=fujamon
43,digimon,kakamon,,カカモン,KAKAMON,成長期,獣型,ワクチン,https://digimon.net/reference/detail.php?directory_name=kakamon
44,digimon,armalizamon,,アルマリザモン,ARMALIZAMON,成熟期,爬虫類型,データ,https://digimon.net/reference/detail.php?directory_name=armalizamon
45,digimon,onibimon,,オニビモン,ONIBIMON,幼年期Ⅱ,ゴースト型,,https://digimon.net/reference/detail.php?directory_name=onibimon
46,digimon,tomorimon,,トモリモン,TOMORIMON,幼年期Ⅰ,ゴースト型,,https://digimon.net/reference/detail.php?directory_name=tomorimon
47,digimon,mococomon,,モココモン,MOCOCOMON,幼年期Ⅱ,スモーク型,,https://digimon.net/reference/detail.php?directory_name=mococomon
48,digimon,fukamon,,フカモン,FUKAMON,幼年期Ⅰ,スモーク型,,https://digimon.net/reference/detail.php?directory_name=fukamon
49,digimon,parallelmon,,パラレルモン,PARALLELMON,究極体,突然変異型,ウィルス,https://digimon.net/reference/detail.php?directory_name=parallelmon
50,digimon,nightchiropmon,,ナイトキロプモン,NIGHTCHIROPMON,成熟期,獣人型,ウィルス,https://digimon.net/reference/detail.php?directory_name=nightchiropmon
51,digimon,styracomon,,スティラコモン,STYRACOMON,究極体,竜人型,データ,https://digimon.net/reference/detail.php?directory_name=styracomon
52,digimon,taotiemon,,タオティエモン,TAOTIEMON,究極体,鬼人型,ウィルス,https://digimon.net/reference/detail.php?directory_name=taotiemon
53,digimon,craniummon_enbarrmon,,クレニアムモン+アンヴァルモン,CRANIUMMON + ENBARRMON,究極体,聖騎士型,ワクチン,https://digimon.net/reference/detail.php?directory_name=craniummon_enbarrmon
54,digimon,enbarrmon,,アンヴァルモン,ENBARRMON,完全体,アンデッド型,データ,https://digimon.net/reference/detail.php?directory_name=enbarrmon
55,digimon,metatromon,,メタトロモン,METATROMON,究極体,マシーン型,ワクチン,https://digimon.net/reference/detail.php?directory_name=metatromon
56,digimon,greatgryzmon,,グレートグリズモン,GREATGRYZMON,完全体,獣人型,ワクチン,https://digimon.net/reference/detail.php?directory_name=greatgryzmon
57,digimon,titamon_skullbaluchimon,,タイタモン+スカルバルキモン,TITAMON+SKULLBALUCHIMON,究極体,神人型,ウィルス,https://digimon.net/reference/detail.php?directory_name=titamon_skullbaluchimon
58,digimon,cougarmon,,クーガモン,COUGARMON,成熟期,哺乳類型,ウィルス,https://digimon.net/reference/detail.php?directory_name=cougarmon
59,digimon,masterblimpmon,,マスターブリンプモン,MASTERBLIMPMON,完全体,マシーン型,データ,https://digimon.net/reference/detail.php?directory_name=masterblimpmon
60,digimon,hyemon,,ハイエモン,HYEMON,成長期,獣型,データ,https://digimon.net/reference/detail.php?directory_name=hyemon
61,digimon,murasamemon,,ムラサメモン,MURASAMEMON,完全体,獣人型,ウィルス,https://digimon.net/reference/detail.php?directory_name=murasamemon
62,digimon,wolvermon,,ウルヴァモン,WOLVERMON,成熟期,サイボーグ型,ワクチン,https://digimon.net/reference/detail.php?directory_name=wolvermon
63,digimon,chiropmon,,キロプモン,CHIROPMON,成長期,哺乳類型,ウィルス,https://digimon.net/reference/detail.php?directory_name=chiropmon
64,digimon,pristimon,,プリスティモン,PRISTIMON,成長期,パペット型,ワクチン,https://digimon.net/reference/detail.php?directory_name=pristimon
65,digimon,dullahamon,,デュラハモン,DULLAHAMON,究極体,ゴースト型,データ,https://digimon.net/reference/detail.php?directory_name=dullahamon
66,digimon,gekkomon,,ゲッコーモン,GEKKOMON,成長期,爬虫類型,データ,https://digimon.net/reference/detail.php?directory_name=gekkomon
67,digimon,kekkomon,,ケッコモン,KEKKOMON,幼年期Ⅱ,レッサー型,,https://digimon.net/reference/detail.php?directory_name=kekkomon
68,digimon,kekomon,,ケコモン,KEKOMON,幼年期Ⅰ,スライム型,,https://digimon.net/reference/detail.php?directory_name=kekomon
69,digimon,magneticdramon,,マグネティックドラモン,MAGNETICDRAMON,究極体,岩竜型,ウィルス,https://digimon.net/reference/detail.php?directory_name=magneticdramon
70,digimon,maneuvermon,,マニューバモン,MANEUVERMON,完全体,獣型,ウィルス,https://digimon.net/reference/detail.php?directory_name=maneuvermon
71,digimon,turbomon,,ターボモン,TURBOMON,成熟期,獣型,ウィルス,https://digimon.net/reference/detail.php?directory_name=turbomon
72,digimon,nyabootmon,,ニャブートモン,NYABOOTMON,究極体,パペット型,ウィルス,https://digimon.net/reference/detail.php?directory_name=nyabootmon
73,digimon,yihumon,,イーフーモン,YIHUMON,究極体,獣人型,ワクチン,https://digimon.net/reference/detail.php?directory_name=yihumon
74,digimon,ariemon,,アリエモン,ARIEMON,究極体,水棲型,データ,https://digimon.net/reference/detail.php?directory_name=ariemon
75,digimon,skullseadramon,,スカルシードラモン,SKULLSEADRAMON,完全体,アンデッド型,ウィルス,https://digimon.net/reference/detail.php?directory_name=skullseadramon
76,digimon,sharkmon,,シャークモン,SHARKMON,完全体,サイボーグ型,ウィルス,https://digimon.net/reference/detail.php?directory_name=sharkmon
77,digimon,kaguyamon,,カグヤモン,KAGUYAMON,究極体,パペット型,データ,https://digimon.net/reference/detail.php?directory_name=kaguyamon
78,digimon,karakurumon,,カラクルモン,KARAKURUMON,完全体,パペット型,データ,https://digimon.net/reference/detail.php?directory_name=karakurumon
79,digimon,kokeshimon,,コケシモン,KOKESHIMON,成熟期,パペット型,データ,https://digimon.net/reference/detail.php?directory_name=kokeshimon
80,digimon,hanimon,,ハニモン,HANIMON,成長期,パペット型,データ,https://digimon.net/reference/detail.php?directory_name=hanimon
81,digimon,mockingbirdmon,,モッキンバーモン,MOCKINGBIRDMON,完全体,マシーン型,ワクチン,https://digimon.net/reference/detail.php?directory_name=mockingbirdmon
82,digimon,mulemon,,ミュールモン,MULEMON,成熟期,マシーン型,ワクチン,https://digimon.net/reference/detail.php?directory_name=mulemon
83,digimon,maquinamon,,マキナモン,MAQUINAMON,成長期,合成型,データ,https://digimon.net/reference/detail.php?directory_name=maquinamon
84,digimon,nazhamon_crimson,,ナタモン：クリムゾンモード,NEZHAMON：CRIMSONMODE,究極体,サイボーグ型,データ,https://digimon.net/reference/detail.php?directory_name=nazhamon_crimson
85,digimon,shagaramon,,シャガラモン,SHAGARAMON,究極体,聖竜型,データ,https://digimon.net/reference/detail.php?directory_name=shagaramon
86,digimon,medusamon,,メデューサモン,MEDUSAMON,究極体,竜人型,ウィルス,https://digimon.net/reference/detail.php?directory_name=medusamon
87,digimon,lamiamon,,ラミアモン,LAMIAMON,完全体,竜人型,ウィルス,https://digimon.net/reference/detail.php?directory_name=lamiamon
88,digimon,necromon,,ネクロモン,NECROMON,究極体,ゴースト型,ウィルス,https://digimon.net/reference/detail.php?directory_name=necromon
89,digimon,jougamon,,ジョウガモン,JOUGAMON,究極体,神人型,ワクチン,https://digimon.net/reference/detail.php?directory_name=jougamon
90,digimon,pyramidimon,,ピラミディモン,PYRAMIDIMON,究極体,鉱物型,ウィルス,https://digimon.net/reference/detail.php?directory_name=pyramidimon
91,digimon,proganomon,,プロガノモン,PROGANOMON,完全体,鉱物型,ウィルス,https://digimon.net/reference/detail.php?directory_name=proganomon
92,digimon,landramon,,ランドラモン,LANDRAMON,成熟期,鉱物型,ウィルス,https://digimon.net/reference/detail.php?directory_name=landramon
93,digimon,invisimon,,インビジモン,INVISIMON,究極体,サイボーグ型,ウィルス,https://digimon.net/reference/detail.php?directory_name=invisimon
94,digimon,oblivimon,,オブリビモン,OBLIVIMON,完全体,サイボーグ型,ウィルス,https://digimon.net/reference/detail.php?directory_name=oblivimon
95,digimon,dimetromon,,ディメトロモン,DIMETROMON,成熟期,爬虫類型,ウィルス,https://digimon.net/reference/detail.php?directory_name=dimetromon
96,digimon,ryugumon,,リュウグウモン,RYUGUMON,究極体,軟体型,データ,https://digimon.net/reference/detail.php?directory_name=ryugumon
97,digimon,cerunumon,,ケルヌモン,CERNUMON,究極体,聖獣型,データ,https://digimon.net/reference/detail.php?directory_name=cerunumon
98,digimon,marinbullmon,,マリンブルモン,MARINBULLMON,完全体,軟体型,データ,https://digimon.net/reference/detail.php?directory_name=marinbullmon
99,digimon,elizamon,,エリザモン,ELIZAMON,成長期,爬虫類型,ウィルス,https://digimon.net/reference/detail.php?directory_name=elizamon
100,digimon,nezhamon,,ナタモン,NEZHAMON,究極体,サイボーグ型,データ,https://digimon.net/reference/detail.php?directory_name=nezhamon
101,digimon,dinomon,,ダイナモン,DINOMON,究極体,恐竜型,ワクチン,https://digimon.net/reference/detail.php?directory_name=dinomon
102,digimon,skadimon,,スカーディモン,SKADIMON,究極体,氷雪型,ワクチン,https://digimon.net/reference/detail.php?directory_name=skadimon
103,digimon,polarbearmon,,ポーラーベアモン,POLARBEARMON,完全体,氷雪型,ワクチン,https://digimon.net/reference/detail.php?directory_name=polarbearmon
104,digimon,erlangmon_blast,,イーランモン：ブラストモード,ERLANGMON：BLASTMODE,究極体,神人型,ワクチン,https://digimon.net/reference/detail.php?directory_name=erlangmon_blast
105,digimon,queenbeemon,,クイーンビーモン,QUEENBEEMON,究極体,サイボーグ型,ウィルス,https://digimon.net/reference/detail.php?directory_name=queenbeemon
106,digimon,vespamon,,ヴェスパモン,VESPAMON,完全体,サイボーグ型,ウィルス,https://digimon.net/reference/detail.php?directory_name=vespamon
107,digimon,forgebeemon,,フォージビーモン,FORGEBEEMON,成熟期,サイボーグ型,ウィルス,https://digimon.net/reference/detail.php?directory_name=forgebeemon
108,digimon,heavymetaldramon,,ヘヴィーメタルドラモン,HEAVYMETALDRAMON,究極体,邪竜型,ウィルス,https://digimon.net/reference/detail.php?directory_name=heavymetaldramon
109,digimon,loudmon,,ラウドモン,LOUDMON,完全体,サイボーグ型,ウィルス,https://digimon.net/reference/detail.php?directory_name=loudmon
110,digimon,punkmon,,パンクモン,PUNKMON,成熟期,魔竜型,ウィルス,https://digimon.net/reference/detail.php?directory_name=punkmon
111,digimon,takutoumon_wrath,,タクトウモン：ラースモード,TAKUTOUMON：WRATHMODE,究極体,神人型,ワクチン,https://digimon.net/reference/detail.php?directory_name=takutoumon_wrath
112,digimon,erlangmon,,イーランモン,ERLANGMON,究極体,神人型,ワクチン,https://digimon.net/reference/detail.php?directory_name=erlangmon
113,digimon,cendrillmon,,サンドリモン,CENDRILLMON,究極体,パペット型,ウィルス,https://digimon.net/reference/detail.php?directory_name=cendrillmon
114,digimon,chaperomon,,シャペロモン,CHAPEROMON,完全体,パペット型,ウィルス,https://digimon.net/reference/detail.php?directory_name=chaperomon
115,digimon,zephagamon,,ゼファーガモン,ZEPHAGAMON,究極体,魔法騎士型,データ,https://digimon.net/reference/detail.php?directory_name=zephagamon
116,digimon,grandgalemon,,グランゲイルモン,GRANDGALEMON,完全体,鳥竜型,データ,https://digimon.net/reference/detail.php?directory_name=grandgalemon
117,digimon,fluffymon,,フラフィモン,FLUFFYMON,幼年期Ⅱ,小鳥型,,https://digimon.net/reference/detail.php?directory_name=fluffymon
118,digimon,yolkmon,,ヨークモン,YOLKMON,幼年期Ⅰ,スライム型,,https://digimon.net/reference/detail.php?directory_name=yolkmon
119,digimon,callismon,,カリスモン,CALLISMON,究極体,魔獣型,ウィルス,https://digimon.net/reference/detail.php?directory_name=callismon
120,digimon,tlalocmon,,トラロックモン,TLALOCMON,究極体,鉱物型,データ,https://digimon.net/reference/detail.php?directory_name=tlalocmon
121,digimon,shoeshoemon,,シューシューモン,SHOESHOEMON,成熟期,パペット型,ウィルス,https://digimon.net/reference/detail.php?directory_name=shoeshoemon
122,digimon,shoemon,,シューモン,SHOEMON,成長期,パペット型,ウィルス,https://digimon.net/reference/detail.php?directory_name=shoemon
123,digimon,galemon,,ゲイルモン,GALEMON,成熟期,鳥竜型,データ,https://digimon.net/reference/detail.php?directory_name=galemon
124,digimon,pteromon,,プテロモン,PTEROMON,成長期,鳥竜型,データ,https://digimon.net/reference/detail.php?directory_name=pteromon
125,digimon,takutoumon,,タクトウモン,TAKUTOUMON,究極体,神人型,ワクチン,https://digimon.net/reference/detail.php?directory_name=takutoumon
126,digimon,fenriloogamon_takemikazuchi,,フェンリルガモン：建御雷神(タケミカヅチ),FENRILOOGAMON：TAKEMIKAZUCHI,究極体,魔獣型,ウィルス,https://digimon.net/reference/detail.php?directory_name=fenriloogamon_takemikazuchi
127,digimon,bigukkomon,,ビッグウッコモン,BIGUKKOMON,究極体,古代妖精型,フリー,https://digimon.net/reference/detail.php?directory_name=bigukkomon
128,digimon,ukkomon,,ウッコモン,UKKOMON,成長期,古代妖精型,フリー,https://digimon.net/reference/detail.php?directory_name=ukkomon
129,digimon,dijiangmon,,ディージャンモン,DIJIANGMON,究極体,突然変異型,ウィルス,https://digimon.net/reference/detail.php?directory_name=dijiangmon
130,digimon,xingtianmon,,シンテンモン,XINGTIANMON,完全体,鬼人型,ウィルス,https://digimon.net/reference/detail.php?directory_name=xingtianmon
131,digimon,lianpumon,,リェンフーモン,LIANPUMON,成熟期,突然変異型,データ,https://digimon.net/reference/detail.php?directory_name=lianpumon
132,digimon,dominimon,,ドミニモン,DOMINIMON,究極体,主天使型,ワクチン,https://digimon.net/reference/detail.php?directory_name=dominimon
133,digimon,arkhaiangemon,,アルケーエンジェモン,ARKHAIANGEMON,完全体,権天使型,ワクチン,https://digimon.net/reference/detail.php?directory_name=arkhaiangemon
134,digimon,luxmon,,ルクスモン,LUXMON,成長期,天使型,ワクチン,https://digimon.net/reference/detail.php?directory_name=luxmon
135,digimon,huanglongmon_ruin,,ファンロンモン：ルインモード,HUANGLONGMON: RUIN MODE,究極体,神獣型,NO DATA,https://digimon.net/reference/detail.php?directory_name=huanglongmon_ruin
136,digimon,moonmon,,ムンモン,MOONMON,幼年期Ⅱ,レッサー型,,https://digimon.net/reference/detail.php?directory_name=moonmon
137,digimon,sunmon,,サンモン,SUNMON,幼年期Ⅱ,レッサー型,,https://digimon.net/reference/detail.php?directory_name=sunmon
138,digimon,brigadramon,,ブリガードラモン,BRIGADRAMON,究極体,サイボーグ型,ウィルス,https://digimon.net/reference/detail.php?directory_name=brigadramon
139,digimon,hi-commandramon,,ハイコマンドラモン,HI-COMMANDRAMON,成熟期,サイボーグ型,ウィルス,https://digimon.net/reference/detail.php?directory_name=hi-commandramon
140,digimon,fenriloogamon,,フェンリルガモン,FENRILOOGAMON,究極体,魔獣型,ウィルス,https://digimon.net/reference/detail.php?directory_name=fenriloogamon
141,digimon,helloogarmon,,ヘルガルモン,HELLOOGARMON,完全体,魔獣型,ウィルス,https://digimon.net/reference/detail.php?directory_name=helloogarmon
142,digimon,soloogarmon,,ソルガルモン,SOLOOGARMON,完全体,魔獣型,ウィルス,https://digimon.net/reference/detail.php?directory_name=soloogarmon
143,digimon,cargodramon,,カーゴドラモン,CARGODRAMON,完全体,マシーン型,ウィルス,https://digimon.net/reference/detail.php?directory_name=cargodramon
144,digimon,loogarmon,,ルガルモン,LOOGARMON,成熟期,魔獣型,ウィルス,https://digimon.net/reference/detail.php?directory_name=loogarmon
145,digimon,bowmon,,バウモン,BOWMON,幼年期Ⅱ,レッサー型,,https://digimon.net/reference/detail.php?directory_name=bowmon
146,digimon,fusamon,,フサモン,FUSAMON,幼年期Ⅰ,スライム型,,https://digimon.net/reference/detail.php?directory_name=fusamon
147,digimon,quantumon,,クオンタモン,QUANTUMON,究極体,妖精型,データ,https://digimon.net/reference/detail.php?directory_name=quantumon
148,digimon,loogamon,,ルガモン,LOOGAMON,成長期,魔獣型,ウィルス,https://digimon.net/reference/detail.php?directory_name=loogamon
149,digimon,proximamon,,プロキシマモン,PROXIMAMON,究極体,特異型,ウィルス,https://digimon.net/reference/detail.php?directory_name=proximamon
150,digimon,arcturusmon,,アルクトゥルスモン,ARCTURUSMON,究極体,竜人型,ウィルス,https://digimon.net/reference/detail.php?directory_name=arcturusmon
151,digimon,greyknightsmon,,グレイナイツモン,GREYKNIGHTSMON,"究極体
(クロスウォーズ)",暗黒騎士型,ウィルス,https://digimon.net/reference/detail.php?directory_name=greyknightsmon
152,digimon,zanmetsumon,,ザンメツモン,ZANMETSUMON,完全体,獣竜型,ウィルス,https://digimon.net/reference/detail.php?directory_name=zanmetsumon
153,digimon,bombermon,,ボマーモン,BOMBERMON,完全体,突然変異型,ウィルス,https://digimon.net/reference/detail.php?directory_name=bombermon
154,digimon,ghilliedhumon,,ギリードゥモン,GHILLIEDHUMON,完全体,妖精型,データ,https://digimon.net/reference/detail.php?directory_name=ghilliedhumon
155,digimon,fumamon,,フウマモン,FUMAMON,完全体,サイボーグ型,データ,https://digimon.net/reference/detail.php?directory_name=fumamon
156,digimon,cthyllamon,,クティーラモン,CTHYLLAMON,究極体,妖精型,ウィルス,https://digimon.net/reference/detail.php?directory_name=cthyllamon
157,digimon,regulusmon,,レグルスモン,REGULUSMON,完全体,邪竜型,ウィルス,https://digimon.net/reference/detail.php?directory_name=regulusmon
158,digimon,ragnamon,,ラグナモン,RAGNAMON,究極体,不明,不明,https://digimon.net/reference/detail.php?directory_name=ragnamon
159,digimon,destromon,,デストロモン,DESTROMON,完全体,不明,不明,https://digimon.net/reference/detail.php?directory_name=destromon
160,digimon,snatchmon,,スナッチモン,SNATCHMON,成熟期,不明,不明,https://digimon.net/reference/detail.php?directory_name=snatchmon
161,digimon,bemmon,,ベムモン,VEMMON,成長期,不明,不明,https://digimon.net/reference/detail.php?directory_name=bemmon
162,digimon,baalmon_x,,バアルモン（X抗体）,BAALMON_X,完全体,魔人型,フリー,https://digimon.net/reference/detail.php?directory_name=baalmon_x
163,digimon,amphimon,,アンフィモン,AMPHIMON,究極体,サイボーグ型,データ,https://digimon.net/reference/detail.php?directory_name=amphimon
164,digimon,diarbbitmon,,ディルビットモン,DIARBBITMON,究極体,獣騎士型,ワクチン,https://digimon.net/reference/detail.php?directory_name=diarbbitmon
165,digimon,siriusmon,,シリウスモン,SIRIUSMON,究極体,光竜型,ワクチン,https://digimon.net/reference/detail.php?directory_name=siriusmon
166,digimon,shinegreymon_ruin,,シャイングレイモン： ルインモード,SHINEGREYMON： RUINMODE,究極体,光竜型,ワクチン,https://digimon.net/reference/detail.php?directory_name=shinegreymon_ruin
167,digimon,chamblemon,,シャンブルモン,CHAMBLEMON,成熟期,植物型,ウィルス,https://digimon.net/reference/detail.php?directory_name=chamblemon
168,digimon,publimon,,パブリモン,PUBLIMON,成熟期,突然変異型,データ,https://digimon.net/reference/detail.php?directory_name=publimon
169,digimon,oleamon,,オウリアモン,OLEAMON,完全体,食虫植物型,ウィルス,https://digimon.net/reference/detail.php?directory_name=oleamon
170,digimon,huankunmon,,ファンクンモン,HUANKUNMON,完全体,水棲型,ワクチン,https://digimon.net/reference/detail.php?directory_name=huankunmon
171,digimon,xiangpengmon,,シャンポンモン,XIANGPENGMON,究極体,聖鳥型,ワクチン,https://digimon.net/reference/detail.php?directory_name=xiangpengmon
172,digimon,xiquemon,,シーチューモン,XIQUEMON,成熟期,鳥型,ワクチン,https://digimon.net/reference/detail.php?directory_name=xiquemon
173,digimon,imperialdramonfightermode_vi,,インペリアルドラモン：ファイターモード（黒）,IMPERIALDRAMON： FIGHTERMODE（BLACK）,究極体,古代竜人型,ウィルス,https://digimon.net/reference/detail.php?directory_name=imperialdramonfightermode_vi
174,digimon,greymon_blue_x,,グレイモン（青）（X抗体）,GREYMON_BLUE_X,成熟期,恐竜型,ウィルス,https://digimon.net/reference/detail.php?directory_name=greymon_blue_x
175,digimon,oboromon,,オボロモン,OBOROMON,完全体,アンデッド型,ウィルス,https://digimon.net/reference/detail.php?directory_name=oboromon
176,digimon,gyukimon,,ギュウキモン,GYUKIMON,完全体,魔獣型,ウィルス,https://digimon.net/reference/detail.php?directory_name=gyukimon
177,digimon,shinmonzaemon,,しんもんざえモン,SHINMONZAEMON,究極体,パペット型,ワクチン,https://digimon.net/reference/detail.php?directory_name=shinmonzaemon
178,digimon,hoverespimon,,ホバーエスピモン,HOVERESPIMON,成熟期,サイボーグ型,ウィルス,https://digimon.net/reference/detail.php?directory_name=hoverespimon
179,digimon,espimon,,エスピモン,ESPIMON,成長期,サイボーグ型,ウィルス,https://digimon.net/reference/detail.php?directory_name=espimon
180,digimon,jupitermmon_wrath,,ユピテルモン：ラースモード,JUPITERMON： WRATHMODE,究極体,神人型,ワクチン,https://digimon.net/reference/detail.php?directory_name=jupitermmon_wrath
181,digimon,plutomon,,プルートモン,PLUTOMON,究極体,神人型,ウィルス,https://digimon.net/reference/detail.php?directory_name=plutomon
182,digimon,ceresmon,,ケレスモン,CERESMON,究極体,神人型,データ,https://digimon.net/reference/detail.php?directory_name=ceresmon
183,digimon,bacchusmon,,バッカスモン,BACCHUSMON,究極体,神人型,ウィルス,https://digimon.net/reference/detail.php?directory_name=bacchusmon
184,digimon,junomon_hysteric,,ユノモン：ヒステリックモード,JUNOMON： HYSTERICMODE,究極体,神人型,ウィルス,https://digimon.net/reference/detail.php?directory_name=junomon_hysteric
185,digimon,junomon,,ユノモン,JUNOMON,究極体,神人型,ウィルス,https://digimon.net/reference/detail.php?directory_name=junomon
186,digimon,thetismon,,テティスモン,THETISMON,完全体,水棲獣人型,データ,https://digimon.net/reference/detail.php?directory_name=thetismon
187,digimon,lamortmon,,ラモールモン,LAMORTMON,完全体,獣型,ワクチン,https://digimon.net/reference/detail.php?directory_name=lamortmon
188,digimon,canoweissmon,,カノーヴァイスモン,CANOWEISSMON,完全体,天竜型,ワクチン,https://digimon.net/reference/detail.php?directory_name=canoweissmon
189,digimon,sistermon_ciel_Awake,,シスタモン シエル（覚醒）,SISTERMON_CIEL_AWAKENED,成熟期,パペット型,データ,https://digimon.net/reference/detail.php?directory_name=sistermon_ciel_Awake
190,digimon,sistermon_noir_Awake,,シスタモン ノワール（覚醒）,SISTERMON_NOIR_AWAKENED,成熟期,パペット型,ウィルス,https://digimon.net/reference/detail.php?directory_name=sistermon_noir_Awake
191,digimon,sistermon_blanc_Awake,,シスタモン ブラン（覚醒）,SISTERMON_BLANC_AWAKENED,成長期,パペット型,ワクチン,https://digimon.net/reference/detail.php?directory_name=sistermon_blanc_Awake
192,digimon,gulusgammamon,,グルスガンマモン,GULUSGAMMAMON,成熟期,竜人型,ウィルス,https://digimon.net/reference/detail.php?directory_name=gulusgammamon
193,digimon,teslajellymon,,テスラジェリーモン,TESLAJELLYMON,成熟期,軟体型,データ,https://digimon.net/reference/detail.php?directory_name=teslajellymon
194,digimon,symbareangoramon,,ジンバーアンゴラモン,SYMBAREANGORAMON,成熟期,獣人型,ワクチン,https://digimon.net/reference/detail.php?directory_name=symbareangoramon
195,digimon,blacktailmon_uver,,ブラックテイルモン Uver.,BLACKTAILMON UVER.,成熟期,魔獣型,ウィルス,https://digimon.net/reference/detail.php?directory_name=blacktailmon_uver
196,digimon,weddinmon,,ウェディンモン,WEDDINMON,完全体,妖精型,ワクチン,https://digimon.net/reference/detail.php?directory_name=weddinmon
197,digimon,shortmon,,ショートモン,SHORTMON,成熟期,食物型,データ,https://digimon.net/reference/detail.php?directory_name=shortmon
198,digimon,blackrapidmon,,ブラックラピッドモン,BLACKRAPIDMON,完全体,サイボーグ型,ワクチン,https://digimon.net/reference/detail.php?directory_name=blackrapidmon
199,digimon,blackgalgomon,,ブラックガルゴモン,BLACKGALGOMON,成熟期,獣人型,ワクチン,https://digimon.net/reference/detail.php?directory_name=blackgalgomon
200,digimon,omegamonzwart_d,,オメガモンズワルトDEFEAT,OMEGAMONZWART_D,究極体,聖騎士型,ウィルス,https://digimon.net/reference/detail.php?directory_name=omegamonzwart_d
201,digimon,wezengammamon,,ウェズンガンマモン,WEZENGAMMAMON,成熟期,角竜型,データ,https://digimon.net/reference/detail.php?directory_name=wezengammamon
202,digimon,kausgammamon,,カウスガンマモン,KAUSGAMMAMON,成熟期,竜人型,データ,https://digimon.net/reference/detail.php?directory_name=kausgammamon
203,digimon,betelgammamon,,ベテルガンマモン,BETELGAMMAMON,成熟期,竜人型,ワクチン,https://digimon.net/reference/detail.php?directory_name=betelgammamon
204,digimon,abbadomoncore,,アバドモンコア,ABBADOMONCORE,究極体,種族不明,不明,https://digimon.net/reference/detail.php?directory_name=abbadomoncore
205,digimon,luminamon_nene,,ルミナモン（ネネVer.）,LUMINAMON_NENE,完全体,合成型,ワクチン,https://digimon.net/reference/detail.php?directory_name=luminamon_nene
206,digimon,shoutmonx7_superior,,シャウトモンX7：スペリオルモード,SHOUTMONX7_SUPERIOR,"究極体
(クロスウォーズ)",合成型,データ,https://digimon.net/reference/detail.php?directory_name=shoutmonx7_superior
207,digimon,jellymon,,ジェリーモン,JELLYMON,成長期,軟体型,データ,https://digimon.net/reference/detail.php?directory_name=jellymon
208,digimon,puyoyomon,,プヨヨモン,PUYOYOMON,幼年期Ⅱ,レッサー型,,https://digimon.net/reference/detail.php?directory_name=puyoyomon
209,digimon,puyomon,,プヨモン,PUYOMON,幼年期Ⅰ,スライム型,,https://digimon.net/reference/detail.php?directory_name=puyomon
210,digimon,angoramon,,アンゴラモン,ANGORAMON,成長期,獣型,ワクチン,https://digimon.net/reference/detail.php?directory_name=angoramon
211,digimon,bosamon,,ボサモン,BOSAMON,幼年期Ⅱ,レッサー型,,https://digimon.net/reference/detail.php?directory_name=bosamon
212,digimon,pyonmon,,ピョンモン,PYONMON,幼年期Ⅰ,スライム型,,https://digimon.net/reference/detail.php?directory_name=pyonmon
213,digimon,gammamon,,ガンマモン,GAMMAMON,成長期,角竜型,ウィルス,https://digimon.net/reference/detail.php?directory_name=gammamon
214,digimon,gurimon,,グリモン,GURIMON,幼年期Ⅱ,レッサー型,,https://digimon.net/reference/detail.php?directory_name=gurimon
215,digimon,curimon,,クリモン,CURIMON,幼年期Ⅰ,スライム型,,https://digimon.net/reference/detail.php?directory_name=curimon
216,digimon,abbadomon,,アバドモン,ABBADOMON,究極体,種族不明,不明,https://digimon.net/reference/detail.php?directory_name=abbadomon
217,digimon,negamon,,ネガーモン,NEGAMON,幼年期Ⅱ,不明,,https://digimon.net/reference/detail.php?directory_name=negamon
218,digimon,pilevolcamon,,パイルボルケーモン,PILEVOLCAMON,究極体,サイボーグ型,データ,https://digimon.net/reference/detail.php?directory_name=pilevolcamon
219,digimon,raidenmon,,ライデンモン,RAIDENMON,究極体,マシーン型,ウィルス,https://digimon.net/reference/detail.php?directory_name=raidenmon
220,digimon,raijinmon,,ライジンモン,RAIJINMON,究極体,サイボーグ型,ウィルス,https://digimon.net/reference/detail.php?directory_name=raijinmon
221,digimon,dokunemon,,ドクネモン,DOKUNEMON,成長期,幼虫型,ウィルス,https://digimon.net/reference/detail.php?directory_name=dokunemon
222,digimon,modokibetamon,,モドキベタモン,MODOKIBETAMON,成長期,両生類型,データ,https://digimon.net/reference/detail.php?directory_name=modokibetamon
223,digimon,hydramon,,ヒュドラモン,HYDRAMON,究極体,植物型,ウィルス,https://digimon.net/reference/detail.php?directory_name=hydramon
224,digimon,bloomlordmon,,ブルムロードモン,BLOOMLORDMON,究極体,妖精型,ワクチン,https://digimon.net/reference/detail.php?directory_name=bloomlordmon
225,digimon,ajatarmon,,アヤタラモン,AJATARMON,完全体,植物型,ワクチン,https://digimon.net/reference/detail.php?directory_name=ajatarmon
226,digimon,gardromon_gold,,ガードロモン（金）,GARDROMON_GOLD,成熟期,マシーン型,フリー,https://digimon.net/reference/detail.php?directory_name=gardromon_gold
227,digimon,burgamon_lv4,,バーガモン,BURGAMON_CHAMPION,成熟期,食物型,ワクチン,https://digimon.net/reference/detail.php?directory_name=burgamon_lv4
228,digimon,pidmon,,ピッドモン,PIDMON,成熟期,天使型,ワクチン,https://digimon.net/reference/detail.php?directory_name=pidmon
229,digimon,sandyammamon,,サンドヤンマモン,SANDYAMMAMON,成熟期,昆虫型,データ,https://digimon.net/reference/detail.php?directory_name=sandyammamon
230,digimon,yammamon,,ヤンマモン,YAMMAMON,成熟期,昆虫型,データ,https://digimon.net/reference/detail.php?directory_name=yammamon
231,digimon,morishellmon,,モリシェルモン,MORISHELLMON,成熟期,軟体型,データ,https://digimon.net/reference/detail.php?directory_name=morishellmon
232,digimon,bombernanimon,,ボンバーナニモン,BOMBERNANIMON,成熟期,インベイド型,ウィルス,https://digimon.net/reference/detail.php?directory_name=bombernanimon
233,digimon,heraklekabuterimon_x,,ヘラクルカブテリモン（X抗体）,HERAKLEKABUTERIMON_X,究極体,昆虫型,ワクチン,https://digimon.net/reference/detail.php?directory_name=heraklekabuterimon_x
234,digimon,starmon_x,,スターモン（X抗体）,STARMON_X,成熟期,突然変異型,データ,https://digimon.net/reference/detail.php?directory_name=starmon_x
235,digimon,growmon_x,,グラウモン（X抗体）,GROWMON_X,成熟期,魔竜型,ウィルス,https://digimon.net/reference/detail.php?directory_name=growmon_x
236,digimon,hagurumon_x,,ハグルモン（X抗体）,HAGURUMON_X,成長期,マシーン型,ウィルス,https://digimon.net/reference/detail.php?directory_name=hagurumon_x
237,digimon,gaioumon_itto,,ガイオウモン：厳刀ノ型,GAIOUMON_ITTO,究極体,竜人型,ウィルス,https://digimon.net/reference/detail.php?directory_name=gaioumon_itto
238,digimon,brachiomon,,ブラキモン,BRAKIMON,完全体,首長竜型,データ,https://digimon.net/reference/detail.php?directory_name=brachiomon
239,digimon,kyukimon,,キュウキモン,KYUKIMON,完全体,妖獣型,ウィルス,https://digimon.net/reference/detail.php?directory_name=kyukimon
240,digimon,vermillimon,,ヴァーミリモン,VERMILLIMON,完全体,鎧竜型,データ,https://digimon.net/reference/detail.php?directory_name=vermillimon
241,digimon,assaultmon,,アサルトモン,ASSAULTMON,完全体,サイボーグ型,ウィルス,https://digimon.net/reference/detail.php?directory_name=assaultmon
242,digimon,tekkamon,,テッカモン,TEKKAMON,完全体,マシーン型,ウィルス,https://digimon.net/reference/detail.php?directory_name=tekkamon
243,digimon,vulturemon,,バルチャモン,VULTUREMON,完全体,鳥人型,ウィルス,https://digimon.net/reference/detail.php?directory_name=vulturemon
244,digimon,goromon,,ゴロモン,GOROMON,幼年期Ⅱ,鉱石型,,https://digimon.net/reference/detail.php?directory_name=goromon
245,digimon,sunamon,,スナモン,SUNAMON,幼年期Ⅰ,スライム型,,https://digimon.net/reference/detail.php?directory_name=sunamon
246,digimon,burpmon,,ば～ぷモン,BURPMON,不明,突然変異型,不明,https://digimon.net/reference/detail.php?directory_name=burpmon
247,digimon,blackkingnumemon,,ブラックキングヌメモン,BLACKKINGNUMEMON,完全体,軟体型,ウィルス,https://digimon.net/reference/detail.php?directory_name=blackkingnumemon
248,digimon,goldnumemon,,ゴールドヌメモン,GOLDNUMEMON,成熟期,突然変異型,ウィルス,https://digimon.net/reference/detail.php?directory_name=goldnumemon
249,digimon,culumon,,クルモン,CULUMON,不明,不明,不明,https://digimon.net/reference/detail.php?directory_name=culumon
250,digimon,gladimon,,グラディモン,GLADIMON,成熟期,戦士型,ワクチン,https://digimon.net/reference/detail.php?directory_name=gladimon
251,digimon,shoutmonx4k,,シャウトモンX4K,SHOUTMONX4K,"完全体
(クロスウォーズ)",合成型,データ,https://digimon.net/reference/detail.php?directory_name=shoutmonx4k
252,digimon,kodokugumon,,コドクグモン,KODOKUGUMON,成長期,昆虫型,ウィルス,https://digimon.net/reference/detail.php?directory_name=kodokugumon
253,digimon,yoxtuyoxtumon,,ヨッ！ヨッ！モン,YOXTUYOXTUMON,成熟期,パペット型,ウィルス,https://digimon.net/reference/detail.php?directory_name=yoxtuyoxtumon
254,digimon,minidekachimon,,ミニデカチモン,MINIDEKACHIMON,成長期,小竜型,データ,https://digimon.net/reference/detail.php?directory_name=minidekachimon
255,digimon,atamadekachimon,,アタマデカチモン,ATAMADEKACHIMON,成熟期,恐竜型,データ,https://digimon.net/reference/detail.php?directory_name=atamadekachimon
256,digimon,trailmon,,トレイルモン,TRAILMON,成熟期,マシーン型,データ,https://digimon.net/reference/detail.php?directory_name=trailmon
257,digimon,greatkingscumon,,スカモン大王,GREATKINGSCUMON,完全体,突然変異型,ウィルス,https://digimon.net/reference/detail.php?directory_name=greatkingscumon
258,digimon,shroudmon,,シュラウドモン,SHROUDMON,究極体,魔人型,ウィルス,https://digimon.net/reference/detail.php?directory_name=shroudmon
259,digimon,frosvelgrmon,,フロスベルグモン,FROSVELGRMON,究極体,巨鳥型,ウィルス,https://digimon.net/reference/detail.php?directory_name=frosvelgrmon
260,digimon,frozomon,,フロゾモン,FROZOMON,完全体,マシーン型,ウィルス,https://digimon.net/reference/detail.php?directory_name=frozomon
261,digimon,hiyarimon,,ヒヤリモン,HIYARIMON,幼年期Ⅱ,レッサー型,,https://digimon.net/reference/detail.php?directory_name=hiyarimon
262,digimon,blackseraphimon,,ブラックセラフィモン,BLACKSERAPHIMON,究極体,熾天使型,ウィルス,https://digimon.net/reference/detail.php?directory_name=blackseraphimon
263,digimon,rareraremon,,レアレアモン,RARERAREMON,完全体,アンデッド型,ウィルス,https://digimon.net/reference/detail.php?directory_name=rareraremon
264,digimon,climbmon,,クライモン,CLIMBMON,完全体,昆虫型,ウィルス,https://digimon.net/reference/detail.php?directory_name=climbmon
265,digimon,divemon,,ダイブモン,DIVEMON,完全体,水棲型,データ,https://digimon.net/reference/detail.php?directory_name=divemon
266,digimon,clearagumon,,クリアアグモン,CLEARAGUMON,成長期,パペット型,ワクチン,https://digimon.net/reference/detail.php?directory_name=clearagumon
267,digimon,bancholilimon,,バンチョーリリモン,BANCHOLILIMON,究極体,妖精型,データ,https://digimon.net/reference/detail.php?directory_name=bancholilimon
268,digimon,metalgreymon_va_x,,メタルグレイモン（ワクチン種）（Ｘ抗体）,METALGREYMON_VA_X,完全体,サイボーグ型,ワクチン,https://digimon.net/reference/detail.php?directory_name=metalgreymon_va_x
269,digimon,panjyamon_x,,パンジャモン（Ｘ抗体）,PANJYAMON_X,完全体,獣人型,ワクチン,https://digimon.net/reference/detail.php?directory_name=panjyamon_x
270,digimon,metalmamemon_x,,メタルマメモン（Ｘ抗体）,METALMAMEMON_X,完全体,サイボーグ型,データ,https://digimon.net/reference/detail.php?directory_name=metalmamemon_x
271,digimon,thunderballmon_x,,サンダーボールモン（Ｘ抗体）,THUNDERBALLMON_X,成熟期,突然変異型,データ,https://digimon.net/reference/detail.php?directory_name=thunderballmon_x
272,digimon,monochromon_x,,モノクロモン（Ｘ抗体）,MONOCHROMON_X,成熟期,鎧竜型,データ,https://digimon.net/reference/detail.php?directory_name=monochromon_x
273,digimon,dobermon_x,,ドーベルモン（Ｘ抗体）,DOBERMON_X,成熟期,魔獣型,ウィルス,https://digimon.net/reference/detail.php?directory_name=dobermon_x
274,digimon,gesomon_x,,ゲソモン（Ｘ抗体）,GESOMON_X,成熟期,軟体型,ウィルス,https://digimon.net/reference/detail.php?directory_name=gesomon_x
275,digimon,gottsumon_x,,ゴツモン（Ｘ抗体）,GOTTSUMON_X,成長期,鉱石型,データ,https://digimon.net/reference/detail.php?directory_name=gottsumon_x
276,digimon,ganimon_x,,ガニモン（Ｘ抗体）,GANIMON_X,成長期,甲殻類型,データ,https://digimon.net/reference/detail.php?directory_name=ganimon_x
277,digimon,guilmon_x,,ギルモン（Ｘ抗体）,GUILMON_X,成長期,魔竜型,ウィルス,https://digimon.net/reference/detail.php?directory_name=guilmon_x
278,digimon,shoutmon_ex6,,シャウトモンEX6,SHOUTMON EX6,"究極体
(クロスウォーズ)",合成型,データ,https://digimon.net/reference/detail.php?directory_name=shoutmon_ex6
279,digimon,torikaraballmon,,とりからボールモン,TORIKARABALLMON,幼年期Ⅱ,食物型,,https://digimon.net/reference/detail.php?directory_name=torikaraballmon
280,digimon,burgamon,,バーガモン,BURGAMON_ROOKIE,成長期,食物型,ワクチン,https://digimon.net/reference/detail.php?directory_name=burgamon
281,digimon,potamon,,ポテモン,POTAMON,成熟期,食物型,ワクチン,https://digimon.net/reference/detail.php?directory_name=potamon
282,digimon,achillesmon,,アキレウスモン,ACHILLESMON,究極体,獣人型,ウィルス,https://digimon.net/reference/detail.php?directory_name=achillesmon
283,digimon,shivamon,,シーヴァモン,SHIVAMON,究極体,昆虫型,データ,https://digimon.net/reference/detail.php?directory_name=shivamon
284,digimon,kazuchimon,,カヅチモン,KAZUCHIMON,究極体,神人型,ワクチン,https://digimon.net/reference/detail.php?directory_name=kazuchimon
285,digimon,pistmon,,ピストモン,PISTMON,完全体,植物型,ウィルス,https://digimon.net/reference/detail.php?directory_name=pistmon
286,digimon,tempomon,,テンポモン,TEMPOMON,完全体,鳥人型,データ,https://digimon.net/reference/detail.php?directory_name=tempomon
287,digimon,shootmon,,シュートモン,SHOOTMON,完全体,マシーン型,ワクチン,https://digimon.net/reference/detail.php?directory_name=shootmon
288,digimon,boutmon,,バウトモン,BOUTMON,完全体,獣人型,ワクチン,https://digimon.net/reference/detail.php?directory_name=boutmon
289,digimon,mitamamon,,ミタマモン,MITAMAMON,究極体,神獣型,ワクチン,https://digimon.net/reference/detail.php?directory_name=mitamamon
290,digimon,lovelyangemon,,ラブリーエンジェモン,LOVELYANGEMON,究極体,戦士型,ワクチン,https://digimon.net/reference/detail.php?directory_name=lovelyangemon
291,digimon,bibimon,,ビビモン,BIBIMON,幼年期Ⅱ,レッサー型,,https://digimon.net/reference/detail.php?directory_name=bibimon
292,digimon,dokimon,,ドキモン,DOKIMON,幼年期Ⅰ,スライム型,,https://digimon.net/reference/detail.php?directory_name=dokimon
293,digimon,namakemon,,ナマケモン,NAMAKEMON,成熟期,パペット型,ウィルス,https://digimon.net/reference/detail.php?directory_name=namakemon
294,digimon,runnermon,,ランナモン,RUNNERMON,成熟期,獣型,ウィルス,https://digimon.net/reference/detail.php?directory_name=runnermon
295,digimon,exermon,,エキサモン,EXERMON,成熟期,昆虫型,データ,https://digimon.net/reference/detail.php?directory_name=exermon
296,digimon,bulkmon,,バルクモン,BULKMON,成熟期,竜人型,ワクチン,https://digimon.net/reference/detail.php?directory_name=bulkmon
297,digimon,komondomon,,コモンドモン,KOMONDOMON,成熟期,獣型,データ,https://digimon.net/reference/detail.php?directory_name=komondomon
298,digimon,pulsemon,,パルスモン,PULSEMON,成長期,獣人型,ワクチン,https://digimon.net/reference/detail.php?directory_name=pulsemon
299,digimon,omegamon_merciful,,オメガモン：マーシフルモード,OMEGAMON:MERCIFUL MODE,究極体,聖騎士型,ワクチン,https://digimon.net/reference/detail.php?directory_name=omegamon_merciful
300,digimon,donedevimon,,ダンデビモン,DONEDEVIMON,究極体,堕天使型,ウィルス,https://digimon.net/reference/detail.php?directory_name=donedevimon
301,digimon,waregarurumon_sagittarius,,ワーガルルモン：サジタリウスモード,WAREGARURUMON:SAGITTARIUS MODE,完全体,獣人型,ワクチン,https://digimon.net/reference/detail.php?directory_name=waregarurumon_sagittarius
302,digimon,imperialdramon_dragon_black,,インペリアルドラモン：ドラゴンモード(黒),IMPERIALDRAMON:DRAGON MODE_BLACK,究極体,古代竜型,ウィルス,https://digimon.net/reference/detail.php?directory_name=imperialdramon_dragon_black
303,digimon,manticoremon,,マンティコアモン,MANTICOREMON,完全体,魔獣型,ウィルス,https://digimon.net/reference/detail.php?directory_name=manticoremon
304,digimon,mimicmon,,ミミックモン,MIMICMON,成熟期,突然変異型,ウィルス,https://digimon.net/reference/detail.php?directory_name=mimicmon
305,digimon,baluchimon,,バルキモン,BALUCHIMON,成熟期,聖獣型,データ,https://digimon.net/reference/detail.php?directory_name=baluchimon
306,digimon,darkmaildramon,,ダークメイルドラモン,DARKMAILDRAMON,成熟期,サイボーグ型,ウィルス,https://digimon.net/reference/detail.php?directory_name=darkmaildramon
307,digimon,metalgreymon_alter,,メタルグレイモン：アルタラウスモード,METALGREYMON:Alterous Mode,完全体,サイボーグ型,ワクチン,https://digimon.net/reference/detail.php?directory_name=metalgreymon_alter
308,digimon,rebellimon,,リベリモン,REBELLIMON,完全体,サイボーグ型,ウィルス,https://digimon.net/reference/detail.php?directory_name=rebellimon
309,digimon,machmon,,マッハモン,MACHMON,成熟期,サイボーグ型,ワクチン,https://digimon.net/reference/detail.php?directory_name=machmon
310,digimon,junkmon,,ジャンクモン,JUNKMON,成長期,パペット型,ウィルス,https://digimon.net/reference/detail.php?directory_name=junkmon
311,digimon,heavyleomon,,ヘヴィーレオモン,HEAVYLEOMON,究極体,マシーン型,ワクチン,https://digimon.net/reference/detail.php?directory_name=heavyleomon
312,digimon,hopmon,,ホップモン,HOPMON,幼年期Ⅱ,幼竜型,,https://digimon.net/reference/detail.php?directory_name=hopmon
313,digimon,ketomon,,ケトモン,KETOMON,幼年期Ⅰ,スライム型,,https://digimon.net/reference/detail.php?directory_name=ketomon
314,digimon,nidhoggmon,,ニーズヘッグモン,NIDHOGGMON,究極体,魔竜型,ウィルス,https://digimon.net/reference/detail.php?directory_name=nidhoggmon
315,digimon,entmon,,エントモン,ENTMON,完全体,植物型,ウィルス,https://digimon.net/reference/detail.php?directory_name=entmon
316,digimon,parasaurmon,,パラサウモン,PARASAURMON,成熟期,恐竜型,ウィルス,https://digimon.net/reference/detail.php?directory_name=parasaurmon
317,digimon,toropiamon,,トロピアモン,TOROPIAMON,完全体,植物型,ウィルス,https://digimon.net/reference/detail.php?directory_name=toropiamon
318,digimon,pomumon,,ポームモン,POMUMON,成長期,植物型,データ,https://digimon.net/reference/detail.php?directory_name=pomumon
319,digimon,eyesmon_scatter,,アイズモン：スキャッターモード,EYESMON:SCATTER MODE,成熟期,魔竜型,ウィルス,https://digimon.net/reference/detail.php?directory_name=eyesmon_scatter
320,digimon,eyesmon,,アイズモン,EYESMON,成熟期,魔竜型,ウィルス,https://digimon.net/reference/detail.php?directory_name=eyesmon
321,digimon,betamon_x,,ベタモン（X抗体）,BETAMON_X,成長期,水棲型,ウィルス,https://digimon.net/reference/detail.php?directory_name=betamon_x
322,digimon,gazimon_x,,ガジモン（X抗体）,GAZIMON_X,成長期,哺乳類型,ウィルス,https://digimon.net/reference/detail.php?directory_name=gazimon_x
323,digimon,algomon_lv1,,アルゴモン,ALGOMON,幼年期Ⅰ,突然変異型,,https://digimon.net/reference/detail.php?directory_name=algomon_lv1
324,digimon,ghostmon,,ゴースモン,GHOSTMON,成長期,ゴースト型,データ,https://digimon.net/reference/detail.php?directory_name=ghostmon
325,digimon,regalecusmon,,レガレクスモン,REGALECUSMON,究極体,水棲型,ウィルス,https://digimon.net/reference/detail.php?directory_name=regalecusmon
326,digimon,piranimon,,ピラニモン,PIRANIMON,完全体,水棲型,ウィルス,https://digimon.net/reference/detail.php?directory_name=piranimon
327,digimon,gusokumon,,グソクモン,GUSOKUMON,完全体,甲殻類型,ワクチン,https://digimon.net/reference/detail.php?directory_name=gusokumon
328,digimon,marinchimairamon,,マリンキメラモン,MARINCHIMAIRAMON,完全体,合成型,ワクチン,https://digimon.net/reference/detail.php?directory_name=marinchimairamon
329,digimon,tobiumon,,トビウモン,TOBIUMON,成熟期,水棲型,ワクチン,https://digimon.net/reference/detail.php?directory_name=tobiumon
330,digimon,sangomon,,サンゴモン,SANGOMON,成長期,軟体型,データ,https://digimon.net/reference/detail.php?directory_name=sangomon
331,digimon,gogmamon,,ゴグマモン,GOGMAMON,完全体,鉱石型,ワクチン,https://digimon.net/reference/detail.php?directory_name=gogmamon
332,digimon,baboongamon,,バブンガモン,BABOONGAMON,成熟期,獣型,ワクチン,https://digimon.net/reference/detail.php?directory_name=baboongamon
333,digimon,sunarizamon,,スナリザモン,SUNARIZAMON,成長期,爬虫類型,ウィルス,https://digimon.net/reference/detail.php?directory_name=sunarizamon
334,digimon,jewelbeemon,,ジュエルビーモン,JEWELBEEMON,完全体,昆虫型,ワクチン,https://digimon.net/reference/detail.php?directory_name=jewelbeemon
335,digimon,hudiemon,,フーディエモン,HUDIEMON,成熟期,昆虫型,フリー,https://digimon.net/reference/detail.php?directory_name=hudiemon
336,digimon,arresterdramon_superior,,アレスタードラモン：スペリオルモード,ARRESTERDRAMON_SUPERIOR,"完全体
(クロスウォーズ)",竜型,ワクチン,https://digimon.net/reference/detail.php?directory_name=arresterdramon_superior
337,digimon,garurumon_x,,ガルルモン（X抗体）,GARURUMON_X,成熟期,獣型,ワクチン,https://digimon.net/reference/detail.php?directory_name=garurumon_x
338,digimon,greymon_x,,グレイモン（X抗体）,GREYMON_X,成熟期,恐竜型,ワクチン,https://digimon.net/reference/detail.php?directory_name=greymon_x
339,digimon,algomon_lv4,,アルゴモン,ALGOMON_CHAMPION,成熟期,突然変異型,ウィルス,https://digimon.net/reference/detail.php?directory_name=algomon_lv4
340,digimon,algomon_lv3,,アルゴモン,ALGOMON_ROOKIE,成長期,突然変異型,ウィルス,https://digimon.net/reference/detail.php?directory_name=algomon_lv3
341,digimon,algomon_lv2,,アルゴモン,ALGOMON_IN-TRAININGⅡ,幼年期Ⅱ,突然変異型,,https://digimon.net/reference/detail.php?directory_name=algomon_lv2
342,digimon,spadamon,,スパーダモン,SPADAMON,成長期,武器型,フリー,https://digimon.net/reference/detail.php?directory_name=spadamon
343,digimon,morphomon,,モルフォモン,MORPHOMON,成長期,昆虫型,ワクチン,https://digimon.net/reference/detail.php?directory_name=morphomon
344,digimon,eosmon_lv6,,エオスモン,EOSMON_LV6,究極体,不明,不明,https://digimon.net/reference/detail.php?directory_name=eosmon_lv6
345,digimon,gabumon_kizuna,,ガブモン -友情の絆-,GABUMON_KIZUNA,究極体,不明,不明,https://digimon.net/reference/detail.php?directory_name=gabumon_kizuna
346,digimon,agumon_kizuna,,アグモン -勇気の絆-,AGUMON_KIZUNA,究極体,不明,不明,https://digimon.net/reference/detail.php?directory_name=agumon_kizuna
347,digimon,eosmon_lv5,,エオスモン,EOSMON_LV5,完全体,不明,不明,https://digimon.net/reference/detail.php?directory_name=eosmon_lv5
348,digimon,eosmon_lv4,,エオスモン,EOSMON_LV4,成熟期,不明,不明,https://digimon.net/reference/detail.php?directory_name=eosmon_lv4
349,digimon,tonosamamamemon,,トノサママメモン,TONOSAMAMAMEMON,究極体,突然変異型,データ,https://digimon.net/reference/detail.php?directory_name=tonosamamamemon
350,digimon,omegamon_zwart,,オメガモン ズワルト,OMEGAMON_ZWART,究極体,聖騎士型,ワクチン,https://digimon.net/reference/detail.php?directory_name=omegamon_zwart
351,digimon,terriermon_assistant,,テリアモン助手,TERRIERMON_ASSISTANT,成長期,獣型,ワクチン,https://digimon.net/reference/detail.php?directory_name=terriermon_assistant
352,digimon,cryspaledramon,,クリスペイルドラモン,CRYSPALEDRAMON,完全体,竜人型,データ,https://digimon.net/reference/detail.php?directory_name=cryspaledramon
353,digimon,metallicdramon,,メタリックドラモン,METALLICDRAMON,究極体,天竜型,データ,https://digimon.net/reference/detail.php?directory_name=metallicdramon
354,digimon,jazarichmon,,ジャザリッヒモン,JAZARICHMON,完全体,機竜型,データ,https://digimon.net/reference/detail.php?directory_name=jazarichmon
355,digimon,jazardmon,,ジャザードモン,JAZARDMON,成熟期,機竜型,データ,https://digimon.net/reference/detail.php?directory_name=jazardmon
356,digimon,jazamon,,ジャザモン,JAZAMON,成長期,鳥竜型,データ,https://digimon.net/reference/detail.php?directory_name=jazamon
357,digimon,hexeblaumon,,ヘクセブラウモン,HEXEBLAUMON,究極体,魔法騎士型,データ,https://digimon.net/reference/detail.php?directory_name=hexeblaumon
358,digimon,paledramon,,ペイルドラモン,PALEDRAMON,成熟期,竜型,データ,https://digimon.net/reference/detail.php?directory_name=paledramon
359,digimon,noblepumpmon,,ノーブルパンプモン,NOBLEPUMPMON,究極体,パペット型,データ,https://digimon.net/reference/detail.php?directory_name=noblepumpmon
360,digimon,ogudomon_x,,オグドモン（X抗体）,OGUDOMON_X,究極体,化身型,ウィルス,https://digimon.net/reference/detail.php?directory_name=ogudomon_x
361,digimon,jesmongx,,ジエスモンGX,JESMONGX,究極体,聖騎士型,データ,https://digimon.net/reference/detail.php?directory_name=jesmongx
362,digimon,keramon_x,,ケラモン（X抗体）,KERAMON_X,成長期,種族不明,不明,https://digimon.net/reference/detail.php?directory_name=keramon_x
363,digimon,omegashoutmon_x,,オメガシャウトモン（X抗体）,OMEGASHOUTMON_X,完全体,竜人型,ワクチン,https://digimon.net/reference/detail.php?directory_name=omegashoutmon_x
364,digimon,meramon_x,,メラモン（X抗体）,MERAMON_X,成熟期,火炎型,データ,https://digimon.net/reference/detail.php?directory_name=meramon_x
365,digimon,pegasmon_x,,ペガスモン（X抗体）,PEGASMON_X,成熟期,聖獣型,ワクチン,https://digimon.net/reference/detail.php?directory_name=pegasmon_x
366,digimon,rapidmon_x,,ラピッドモン（X抗体）,RAPIDMON_X,究極体,聖騎士型,ワクチン,https://digimon.net/reference/detail.php?directory_name=rapidmon_x
367,digimon,monzaemon_x,,もんざえモン（X抗体）,MONZAEMON_X,完全体,パペット型,ワクチン,https://digimon.net/reference/detail.php?directory_name=monzaemon_x
368,digimon,gankoomon_x,,ガンクゥモン（X抗体）,GANKOOMON_X,究極体,聖騎士型,データ,https://digimon.net/reference/detail.php?directory_name=gankoomon_x
369,digimon,examon_x,,エグザモン（X抗体）,EXAMON_X,究極体,聖騎士型,データ,https://digimon.net/reference/detail.php?directory_name=examon_x
370,digimon,cyberdramon_x,,サイバードラモン（X抗体）,CYBERDRAMON_X,完全体,サイボーグ型,ワクチン,https://digimon.net/reference/detail.php?directory_name=cyberdramon_x
371,digimon,rizegreymon_x,,ライズグレイモン（X抗体）,RIZEGREYMON_X,完全体,サイボーグ型,ワクチン,https://digimon.net/reference/detail.php?directory_name=rizegreymon_x
372,digimon,hououmon_x,,ホウオウモン（X抗体）,HOUOUMON_X,究極体,聖獣型,ワクチン,https://digimon.net/reference/detail.php?directory_name=hououmon_x
373,digimon,justimon_x,,ジャスティモン（X抗体）,JUSTIMON_X,究極体,サイボーグ型,ワクチン,https://digimon.net/reference/detail.php?directory_name=justimon_x
374,digimon,wizarmon_x,,ウィザーモン（X抗体）,WIZARMON_X,成熟期,魔人型,データ,https://digimon.net/reference/detail.php?directory_name=wizarmon_x
375,digimon,siesamon_x,,シーサモン（X抗体）,SIESAMON_X,成熟期,聖獣型,ワクチン,https://digimon.net/reference/detail.php?directory_name=siesamon_x
376,digimon,cherubimon_x,,ケルビモン（善）（X抗体）,CHERUBIMON_X,究極体,智天使型,ワクチン,https://digimon.net/reference/detail.php?directory_name=cherubimon_x
377,digimon,ofanimon_x,,オファニモン（X抗体）,OFANIMON_X,究極体,座天使型,ワクチン,https://digimon.net/reference/detail.php?directory_name=ofanimon_x
378,digimon,angewomon_x,,エンジェウーモン（X抗体）,ANGEWOMON_X,完全体,大天使型,ワクチン,https://digimon.net/reference/detail.php?directory_name=angewomon_x
379,digimon,diablomon_x,,ディアボロモン（Ｘ抗体）,DIABLOMON_X,究極体,種族不明,不明,https://digimon.net/reference/detail.php?directory_name=diablomon_x
380,digimon,dynasmon_x,,デュナスモン（X抗体）,DYNASMON_X,究極体,聖騎士型,データ,https://digimon.net/reference/detail.php?directory_name=dynasmon_x
381,digimon,duftmon_x,,ドゥフトモン（X抗体）,DUFTMON_X,究極体,聖騎士型,データ,https://digimon.net/reference/detail.php?directory_name=duftmon_x
382,digimon,holydramon_x,,ホーリードラモン（X抗体）,HOLYDRAMON_X,究極体,聖竜型,ワクチン,https://digimon.net/reference/detail.php?directory_name=holydramon_x
383,digimon,plesiomon_x,,プレシオモン（X抗体）,PLESIOMON_X,究極体,首長竜型,データ,https://digimon.net/reference/detail.php?directory_name=plesiomon_x
384,digimon,goddramon_x,,ゴッドドラモン（X抗体）,GODDRAMON_X,究極体,聖竜型,ワクチン,https://digimon.net/reference/detail.php?directory_name=goddramon_x
385,digimon,garudamon_x,,ガルダモン（X抗体）,GARUDAMON_X,完全体,鳥人型,ワクチン,https://digimon.net/reference/detail.php?directory_name=garudamon_x
386,digimon,tailmon_x,,テイルモン（X抗体）,TAILMON_X,成熟期,聖獣型,ワクチン,https://digimon.net/reference/detail.php?directory_name=tailmon_x
387,digimon,togemon_x,,トゲモン（X抗体）,TOGEMON_X,成熟期,植物型,データ,https://digimon.net/reference/detail.php?directory_name=togemon_x
388,digimon,tylomon_x,,ティロモン（X抗体）,TYLOMON_X,成熟期,海竜型,ワクチン,https://digimon.net/reference/detail.php?directory_name=tylomon_x
389,digimon,lopmon_x,,ロップモン（X抗体）,LOPMON_X,成長期,獣型,データ,https://digimon.net/reference/detail.php?directory_name=lopmon_x
390,digimon,shakomon_x,,シャコモン（X抗体）,SHAKOMON_X,成長期,甲殻類型,ウィルス,https://digimon.net/reference/detail.php?directory_name=shakomon_x
391,digimon,terriermon_x,,テリアモン（X抗体）,TERRIERMON_X,成長期,獣型,ワクチン,https://digimon.net/reference/detail.php?directory_name=terriermon_x
392,digimon,palmon_x,,パルモン（X抗体）,PALMON_X,成長期,植物型,データ,https://digimon.net/reference/detail.php?directory_name=palmon_x
393,digimon,pteranomon_x,,プテラノモン（X抗体）,PTERANOMON_X,成熟期,翼竜型,データ,https://digimon.net/reference/detail.php?directory_name=pteranomon_x
394,digimon,mamemon_x,,マメモン（X抗体）,MAMEMON_X,完全体,突然変異型,データ,https://digimon.net/reference/detail.php?directory_name=mamemon_x
395,digimon,ebemon_x,,イーバモン（X抗体）,EBEMON_X,究極体,サイボーグ型,ウィルス,https://digimon.net/reference/detail.php?directory_name=ebemon_x
396,digimon,sleipmon_x,,スレイプモン（X抗体）,SLEIPMON_X,究極体,聖騎士型,ワクチン,https://digimon.net/reference/detail.php?directory_name=sleipmon_x
397,digimon,craniummon_x,,クレニアムモン（X抗体）,CRANIUMMON_X,究極体,聖騎士型,ワクチン,https://digimon.net/reference/detail.php?directory_name=craniummon_x
398,digimon,ulforcevdramon_x,,アルフォースブイドラモン（X抗体）,ULFORCEVDRAMON_X,究極体,聖騎士型,ワクチン,https://digimon.net/reference/detail.php?directory_name=ulforcevdramon_x
399,digimon,magnamon_x,,マグナモン（X抗体）,MAGNAMON_X,究極体,聖騎士型,ワクチン,https://digimon.net/reference/detail.php?directory_name=magnamon_x
400,digimon,megaseadramon_x,,メガシードラモン（X抗体）,MEGASEADRAMON_X,完全体,水棲型,データ,https://digimon.net/reference/detail.php?directory_name=megaseadramon_x
401,digimon,triceramon_x,,トリケラモン（X抗体）,TRICERAMON_X,完全体,角竜型,データ,https://digimon.net/reference/detail.php?directory_name=triceramon_x
402,digimon,okuwamon_x,,オオクワモン（X抗体）,OKUWAMON_X,完全体,昆虫型,ウィルス,https://digimon.net/reference/detail.php?directory_name=okuwamon_x
403,digimon,mantaraymon_x,,マンタレイモン（X抗体）,MANTARAYMON_X,成熟期,水棲型,ワクチン,https://digimon.net/reference/detail.php?directory_name=mantaraymon_x
404,digimon,nefertimon_x,,ネフェルティモン（X抗体）,NEFERTIMON_X,成熟期,聖獣型,ワクチン,https://digimon.net/reference/detail.php?directory_name=nefertimon_x
405,digimon,seadramon_x,,シードラモン（X抗体）,SEADRAMON_X,成熟期,水棲型,データ,https://digimon.net/reference/detail.php?directory_name=seadramon_x
406,digimon,kuwagamon_x,,クワガーモン（X抗体）,KUWAGAMON_X,成熟期,昆虫型,ウィルス,https://digimon.net/reference/detail.php?directory_name=kuwagamon_x
407,digimon,allomon_x,,アロモン（X抗体）,ALLOMON_X,成熟期,恐竜型,データ,https://digimon.net/reference/detail.php?directory_name=allomon_x
408,digimon,gomamon_x,,ゴマモン（X抗体）,GOMAMON_X,成長期,海獣型,ワクチン,https://digimon.net/reference/detail.php?directory_name=gomamon_x
409,digimon,kokuwamon_x,,コクワモン（X抗体）,KOKUWAMON_X,成長期,マシーン型,データ,https://digimon.net/reference/detail.php?directory_name=kokuwamon_x
410,digimon,blackwargreymon_x,,ブラックウォーグレイモン（X抗体）,BLACKWARGREYMON_X,究極体,竜人型,ウィルス,https://digimon.net/reference/detail.php?directory_name=blackwargreymon_x
411,digimon,ladydevimon_x,,レディーデビモン（Ｘ抗体）,LADYDEVIMON_X,完全体,堕天使型,ウィルス,https://digimon.net/reference/detail.php?directory_name=ladydevimon_x
412,digimon,metalgreymon_vi_x,,メタルグレイモン（ウィルス種）（Ｘ抗体）,METALGREYMON_VI_X,完全体,サイボーグ型,ウィルス,https://digimon.net/reference/detail.php?directory_name=metalgreymon_vi_x
413,digimon,orgemon_x,,オーガモン（Ｘ抗体）,ORGEMON_X,成熟期,鬼人型,ウィルス,https://digimon.net/reference/detail.php?directory_name=orgemon_x
414,digimon,agumon_b_x,,アグモン（黒）（Ｘ抗体）,AGUMON_B_X,成長期,爬虫類型,ウィルス,https://digimon.net/reference/detail.php?directory_name=agumon_b_x
415,digimon,rasenmon,,ラセンモン,RASENMON,究極体,獣人型,データ,https://digimon.net/reference/detail.php?directory_name=rasenmon
416,digimon,rasenmon_f,,ラセンモン：激昂モード,RASENMON：FURY MODE,究極体,妖獣型,データ,https://digimon.net/reference/detail.php?directory_name=rasenmon_f
417,digimon,stiffilmon,,スティフィルモン,STIFFILMON,完全体,獣人型,データ,https://digimon.net/reference/detail.php?directory_name=stiffilmon
418,digimon,filmon,,フィルモン,FILMON,成熟期,獣人型,データ,https://digimon.net/reference/detail.php?directory_name=filmon
419,digimon,rosemon_x,,ロゼモン（X抗体）,ROSEMON_X,究極体,妖精型,データ,https://digimon.net/reference/detail.php?directory_name=rosemon_x
420,digimon,princemamemon_x,,プリンスマメモン（X抗体）,PRINCEMAMEMON_X,究極体,突然変異型,データ,https://digimon.net/reference/detail.php?directory_name=princemamemon_x
421,digimon,skullmammon_x,,スカルマンモン（X抗体）,SKULLMAMMON_X,究極体,アンデッド型,ワクチン,https://digimon.net/reference/detail.php?directory_name=skullmammon_x
422,digimon,mammon_x,,マンモン（X抗体）,MAMMON_X,完全体,古代獣型,ワクチン,https://digimon.net/reference/detail.php?directory_name=mammon_x
423,digimon,mephismon_x,,メフィスモン（Ｘ抗体）,MEPHISMON_X,完全体,堕天使型,ウィルス,https://digimon.net/reference/detail.php?directory_name=mephismon_x
424,digimon,vamdemon_x,,ヴァンデモン（X抗体）,VAMDEMON_X,完全体,アンデッド型,ウィルス,https://digimon.net/reference/detail.php?directory_name=vamdemon_x
425,digimon,plotmon_x,,プロットモン（X抗体）,PLOTMON_X,成長期,哺乳類型,ワクチン,https://digimon.net/reference/detail.php?directory_name=plotmon_x
426,digimon,otamamon_x,,オタマモン（X抗体）,OTAMAMON_X,成長期,両生類型,ウィルス,https://digimon.net/reference/detail.php?directory_name=otamamon_x
427,digimon,yarmon,,ヤーモン,YARMON,幼年期Ⅱ,レッサー型,,https://digimon.net/reference/detail.php?directory_name=yarmon
428,digimon,keemon,,キーモン,KEEMON,幼年期Ⅰ,スライム型,,https://digimon.net/reference/detail.php?directory_name=keemon
429,digimon,impmon_x,,インプモン（Ｘ抗体）,IMPMON_X,成長期,小悪魔型,ウィルス,https://digimon.net/reference/detail.php?directory_name=impmon_x
430,digimon,darktyranomon_x,,ダークティラノモン（Ｘ抗体）,DARKTYRANOMON_X,成熟期,恐竜型,ウィルス,https://digimon.net/reference/detail.php?directory_name=darktyranomon_x
431,digimon,numemon_x,,ヌメモン（Ｘ抗体）,NUMEMON_X,成熟期,軟体型,ウィルス,https://digimon.net/reference/detail.php?directory_name=numemon_x
432,digimon,lucemon_x,,ルーチェモン（Ｘ抗体）,LUCEMON_X,究極体,魔王型,ウィルス,https://digimon.net/reference/detail.php?directory_name=lucemon_x
433,digimon,lilithmon_x,,リリスモン（Ｘ抗体）,LILITHMON_X,究極体,魔王型,ウィルス,https://digimon.net/reference/detail.php?directory_name=lilithmon_x
434,digimon,leviamon_x,,リヴァイアモン（Ｘ抗体）,LEVIAMON_X,究極体,魔王型,ウィルス,https://digimon.net/reference/detail.php?directory_name=leviamon_x
435,digimon,belphemon_x,,ベルフェモン（Ｘ抗体）,BELPHEMON_X,究極体,魔王型,ウィルス,https://digimon.net/reference/detail.php?directory_name=belphemon_x
436,digimon,barbamon_x,,バルバモン（Ｘ抗体）,BARBAMON_X,究極体,魔王型,ウィルス,https://digimon.net/reference/detail.php?directory_name=barbamon_x
437,digimon,demon_x,,デーモン（Ｘ抗体）,DEMON_X,究極体,魔王型,ウィルス,https://digimon.net/reference/detail.php?directory_name=demon_x
438,digimon,darkknightmon_x,,ダークナイトモン（Ｘ抗体）,DARKKNIGHTMON_X,究極体,暗黒騎士型,ウィルス,https://digimon.net/reference/detail.php?directory_name=darkknightmon_x
439,digimon,cherubimondark_x,,ケルビモン（悪）（Ｘ抗体）,CHERUBIMONDARK_X,究極体,智天使型,ワクチン,https://digimon.net/reference/detail.php?directory_name=cherubimondark_x
440,digimon,ofanimonfdm_x,,オファニモン：フォールダウンモード（Ｘ抗体）,OFANIMON:FALLDOWNMODE_X,究極体,堕天使型,ワクチン,https://digimon.net/reference/detail.php?directory_name=ofanimonfdm_x
441,digimon,ultimatechaosmon,,アルティメットカオスモン,ULTIMATECHAOSMON,究極体,特異型,不明,https://digimon.net/reference/detail.php?directory_name=ultimatechaosmon
442,digimon,pusurimon,,プスリモン,PUSURIMON,幼年期Ⅱ,レッサー型,,https://digimon.net/reference/detail.php?directory_name=pusurimon
443,digimon,pusumon,,プスモン,PUSUMON,幼年期Ⅰ,スライム型,,https://digimon.net/reference/detail.php?directory_name=pusumon
444,digimon,surfimon,,サーフィモン,SURFIMON,究極体,サイボーグ型,ワクチン,https://digimon.net/reference/detail.php?directory_name=surfimon
445,digimon,bulucomon,,ブルコモン,BULUCOMON,成長期,小竜型,データ,https://digimon.net/reference/detail.php?directory_name=bulucomon
446,digimon,herissmon,,エリスモン,HERISSMON,成長期,哺乳類型,データ,https://digimon.net/reference/detail.php?directory_name=herissmon
447,digimon,metalgarurumon_black,,メタルガルルモン（黒）,METALGARURUMON_BLACK,究極体,サイボーグ型,ウィルス,https://digimon.net/reference/detail.php?directory_name=metalgarurumon_black
448,digimon,weregarurumon_black,,ワーガルルモン（黒）,WEREGARURUMON_BLACK,完全体,獣人型,ウィルス,https://digimon.net/reference/detail.php?directory_name=weregarurumon_black
449,digimon,garurumon_black,,ガルルモン（黒）,GARURUMON_BLACK,成熟期,獣型,ウィルス,https://digimon.net/reference/detail.php?directory_name=garurumon_black
450,digimon,justimon_blitzarm,,ジャスティモン：ブリッツアーム,JUSTIMON_BLITZARM,究極体,サイボーグ型,ワクチン,https://digimon.net/reference/detail.php?directory_name=justimon_blitzarm
451,digimon,ginkakumon_promote,,ギンカクモンプロモート,GINKAKUMON_PROMOTE,成熟期,鬼人型,ウィルス,https://digimon.net/reference/detail.php?directory_name=ginkakumon_promote
452,digimon,icedevimon,,アイスデビモン,ICEDEVIMON,成熟期,堕天使型,ウィルス,https://digimon.net/reference/detail.php?directory_name=icedevimon
453,digimon,kuzuhamon_miko,,クズハモン：巫女モード,KUZUHAMON_MIKO,究極体,神人型,データ,https://digimon.net/reference/detail.php?directory_name=kuzuhamon_miko
454,digimon,megalograwmon_orange,,メガログラウモン（橙）,MEGALOGRAWMON_ORANGE,完全体,サイボーグ型,データ,https://digimon.net/reference/detail.php?directory_name=megalograwmon_orange
455,digimon,greymon_blue,,グレイモン（青）,GREYMON_BLUE,成熟期,恐竜型,ウィルス,https://digimon.net/reference/detail.php?directory_name=greymon_blue
456,digimon,shoutmon_king,,シャウトモン（キングVer.）,SHOUTMON_KING,"成熟期
(クロスウォーズ)",小竜型,データ,https://digimon.net/reference/detail.php?directory_name=shoutmon_king
457,digimon,wargreymon_x,,ウォーグレイモン（X抗体）,WARGREYMON_X,究極体,竜人型,ワクチン,https://digimon.net/reference/detail.php?directory_name=wargreymon_x
458,digimon,metalgarurumon_x,,メタルガルルモン（X抗体）,METALGARURUMON_X,究極体,サイボーグ型,データ,https://digimon.net/reference/detail.php?directory_name=metalgarurumon_x
459,digimon,megidramon_x,,メギドラモン（X抗体）,MEGIDRAMON_X,究極体,邪竜型,ウィルス,https://digimon.net/reference/detail.php?directory_name=megidramon_x
460,digimon,weregarurumon_x,,ワーガルルモン（X抗体）,WEREGARURUMON_X,完全体,獣人型,ワクチン,https://digimon.net/reference/detail.php?directory_name=weregarurumon_x
461,digimon,lilimon_x,,リリモン（X抗体）,LILIMON_X,完全体,妖精型,データ,https://digimon.net/reference/detail.php?directory_name=lilimon_x
462,digimon,sakuyamon_x,,サクヤモン（Ｘ抗体）,SAKUYAMON_X,究極体,神人型,データ,https://digimon.net/reference/detail.php?directory_name=sakuyamon_x
463,digimon,beelzebumon_x,,ベルゼブモン（X抗体）,BEELZEBUMON_X,究極体,魔王型,ウィルス,https://digimon.net/reference/detail.php?directory_name=beelzebumon_x
464,digimon,megalogrowmon_x,,メガログラウモン（X抗体）,MEGALOGROWMON_X,完全体,サイボーグ型,ウィルス,https://digimon.net/reference/detail.php?directory_name=megalogrowmon_x
465,digimon,rhinomon_x,,ライノモン（Ｘ抗体）,RHINOMON_X,成熟期,哺乳類型,ワクチン,https://digimon.net/reference/detail.php?directory_name=rhinomon_x
466,digimon,renamon_x,,レナモン（Ｘ抗体）,RENAMON_X,成長期,獣人型,データ,https://digimon.net/reference/detail.php?directory_name=renamon_x
467,digimon,tokomon_x,,トコモン（Ｘ抗体）,TOKOMON_X,幼年期Ⅱ,レッサー型,,https://digimon.net/reference/detail.php?directory_name=tokomon_x
468,digimon,beelstarmon_x,,ベルスターモン（Ｘ抗体）,BEELSTARMON_X,究極体,魔人型,ウィルス,https://digimon.net/reference/detail.php?directory_name=beelstarmon_x
469,digimon,dukemon_x,,デュークモン（X抗体）,DUKEMON_X,究極体,聖騎士型,ウィルス,https://digimon.net/reference/detail.php?directory_name=dukemon_x
470,digimon,cerberumon_x,,ケルベロモン（X抗体）,CERBERUMON_X,完全体,魔獣型,ワクチン,https://digimon.net/reference/detail.php?directory_name=cerberumon_x
471,digimon,tyranomon_x,,ティラノモン（X抗体）,TYRANOMON_X,成熟期,恐竜型,データ,https://digimon.net/reference/detail.php?directory_name=tyranomon_x
472,digimon,dracomon_x,,ドラコモン（X抗体）,DRACOMON_X,成長期,竜型,データ,https://digimon.net/reference/detail.php?directory_name=dracomon_x
473,digimon,gabumon_x,,ガブモン（X抗体）,GABUMON_X,成長期,獣型,データ,https://digimon.net/reference/detail.php?directory_name=gabumon_x
474,digimon,minervamon_x,,ミネルヴァモン（X抗体）,MINERVAMON_X,究極体,神人型,ウィルス,https://digimon.net/reference/detail.php?directory_name=minervamon_x
475,digimon,lordknightmon_x,,ロードナイトモン（X抗体）,LORDKNIGHTMON_X,究極体,聖騎士型,ウィルス,https://digimon.net/reference/detail.php?directory_name=lordknightmon_x
476,digimon,sistermon_ciel,,シスタモン シエル,SISTERMON_CIEL,成熟期,パペット型,データ,https://digimon.net/reference/detail.php?directory_name=sistermon_ciel
477,digimon,metaltyranomon_x,,メタルティラノモン（X抗体）,METALTYRANOMON_X,完全体,サイボーグ型,ウィルス,https://digimon.net/reference/detail.php?directory_name=metaltyranomon_x
478,digimon,leomon_x,,レオモン（X抗体）,LEOMON_X,成熟期,獣人型,ワクチン,https://digimon.net/reference/detail.php?directory_name=leomon_x
479,digimon,agumon_x,,アグモン（X抗体）,AGUMON_X,成長期,恐竜型,ワクチン,https://digimon.net/reference/detail.php?directory_name=agumon_x
480,digimon,jesmon_x,,ジエスモン（X抗体）,JESMON_X,究極体,聖騎士型,データ,https://digimon.net/reference/detail.php?directory_name=jesmon_x
481,digimon,ragnaloardmon,,ラグナロードモン,RAGNALOARDMON,究極体,特異型,ウィルス,https://digimon.net/reference/detail.php?directory_name=ragnaloardmon
482,digimon,rafflesimon,,ラフレシモン,RAFFLESIMON,究極体,妖精型,データ,https://digimon.net/reference/detail.php?directory_name=rafflesimon
483,digimon,ordinemon,,オルディネモン,ORDINEMON,究極体,堕天使型,ウィルス,https://digimon.net/reference/detail.php?directory_name=ordinemon
484,digimon,raptorsparrowmon,,ラプタースパロウモン,RAPTORSPARROWMON,"成熟期
(クロスウォーズ)",サイボーグ型,データ,https://digimon.net/reference/detail.php?directory_name=raptorsparrowmon
485,digimon,banchogolemon,,バンチョーゴーレモン,BANCHOGOLEMON,究極体,鉱物型,ウィルス,https://digimon.net/reference/detail.php?directory_name=banchogolemon
486,digimon,cerberumon_werewolfmode,,ケルベロモン：人狼モード,CERBERUMON:WEREWOLFMODE,完全体,魔人型,ワクチン,https://digimon.net/reference/detail.php?directory_name=cerberumon_werewolfmode
487,digimon,growmon_orange,,グラウモン（橙）,GROWMON_ORANGE,成熟期,魔竜型,データ,https://digimon.net/reference/detail.php?directory_name=growmon_orange
488,digimon,toyagumon_black,,トイアグモン（黒）,TOYAGUMON_BLACK,成長期,パペット型,ウィルス,https://digimon.net/reference/detail.php?directory_name=toyagumon_black
489,digimon,shootingstarmon,,シューティングスターモン,SHOOTINGSTARMON,"成熟期
(クロスウォーズ)",超メジャー型,データ,https://digimon.net/reference/detail.php?directory_name=shootingstarmon
490,digimon,justimon_criticalarm,,ジャスティモン：クリティカルアーム,JUSTIMON_CRITICALARM,究極体,サイボーグ型,ワクチン,https://digimon.net/reference/detail.php?directory_name=justimon_criticalarm
491,digimon,yatagaramon_axcel,,ヤタガラモン,YATAGARAMON_AXCEL,完全体,妖鳥型,ワクチン,https://digimon.net/reference/detail.php?directory_name=yatagaramon_axcel
492,digimon,dinohumon,,ディノヒューモン,DINOHUMON,成熟期,竜人型,データ,https://digimon.net/reference/detail.php?directory_name=dinohumon
493,digimon,rapidmon_gold,,ラピッドモン,RAPIDMON_GOLD,アーマー体,聖騎士型,ワクチン,https://digimon.net/reference/detail.php?directory_name=rapidmon_gold
494,digimon,yaegerdorurumon,,イェーガードルルモン,YAEGERDORURUMON,"完全体
(クロスウォーズ)",獣人型,ウィルス,https://digimon.net/reference/detail.php?directory_name=yaegerdorurumon
495,digimon,gundramon,,ガンドラモン,GUNDRAMON,究極体,マシーン型,ウィルス,https://digimon.net/reference/detail.php?directory_name=gundramon
496,digimon,aegiochusmon_holly,,アイギオテュースモン：ホーリー,AEGIOCHUSMON_HOLLY,完全体,神人型,ワクチン,https://digimon.net/reference/detail.php?directory_name=aegiochusmon_holly
497,digimon,gabumon_black,,ガブモン（黒）,GABUMON_BLACK,成長期,爬虫類型,ウィルス,https://digimon.net/reference/detail.php?directory_name=gabumon_black
498,digimon,pipimon,,ピピモン,PIPIMON,幼年期Ⅰ,スライム型,,https://digimon.net/reference/detail.php?directory_name=pipimon
499,digimon,raguelmon,,ラグエルモン,RAGUELMON,究極体,不明,不明,https://digimon.net/reference/detail.php?directory_name=raguelmon
500,digimon,bryweludramon,,ブリウエルドラモン,BRYWELUDRAMON,究極体,防具型,データ,https://digimon.net/reference/detail.php?directory_name=bryweludramon
501,digimon,volcanicdramon,,ヴォルケニックドラモン,VOLCANICDRAMON,究極体,地竜型,ウィルス,https://digimon.net/reference/detail.php?directory_name=volcanicdramon
502,digimon,lavogaritamon,,ラヴォガリータモン,LAVOGARITAMON,完全体,岩竜型,ウィルス,https://digimon.net/reference/detail.php?directory_name=lavogaritamon
503,digimon,meicrackmon_v,,メイクラックモン：ヴィシャスモード,MEICRACKMON_VICIOUSMODE,完全体,不明,不明,https://digimon.net/reference/detail.php?directory_name=meicrackmon_v
504,digimon,mastemon,,マスティモン,MASTEMON,究極体,天使型,ワクチン,https://digimon.net/reference/detail.php?directory_name=mastemon
505,digimon,voltobautamon,,ボルトバウタモン,VOLTOBAUTAMON,究極体,魔人型,ウィルス,https://digimon.net/reference/detail.php?directory_name=voltobautamon
506,digimon,raijiludomon,,ライジルドモン,RAIJILUDOMON,完全体,防具型,データ,https://digimon.net/reference/detail.php?directory_name=raijiludomon
507,digimon,tialudomon,,ティアルドモン,TIALUDOMON,成熟期,防具型,データ,https://digimon.net/reference/detail.php?directory_name=tialudomon
508,digimon,lavorvomon,,ラヴォーボモン,LAVORVOMON,成熟期,岩竜型,ウィルス,https://digimon.net/reference/detail.php?directory_name=lavorvomon
509,digimon,bushiagumon,,ブシアグモン,BUSHIAGUMON,成長期,恐竜型,ワクチン,https://digimon.net/reference/detail.php?directory_name=bushiagumon
510,digimon,ludomon,,ルドモン,LUDOMON,成長期,防具型,データ,https://digimon.net/reference/detail.php?directory_name=ludomon
511,digimon,kakkinmon,,カッキンモン,KAKKINMON,幼年期Ⅱ,防具型,,https://digimon.net/reference/detail.php?directory_name=kakkinmon
512,digimon,cotsucomon,,コツコモン,COTSUCOMON,幼年期Ⅰ,防具型,,https://digimon.net/reference/detail.php?directory_name=cotsucomon
513,digimon,andiramon_2,,アンティラモン,ANDIRAMON_2,完全体,聖獣型,ウィルス,https://digimon.net/reference/detail.php?directory_name=andiramon_2
514,digimon,meicoomon,,メイクーモン,MEICOOMON,成熟期,不明,不明,https://digimon.net/reference/detail.php?directory_name=meicoomon
515,digimon,whamon_2,,ホエーモン（成熟期）,WHAMON_2,成熟期,水棲型,ワクチン,https://digimon.net/reference/detail.php?directory_name=whamon_2
516,digimon,gekomon,,ゲコモン,GEKOMON,成熟期,両生類型,ウィルス,https://digimon.net/reference/detail.php?directory_name=gekomon
517,digimon,vorvomon,,ヴォーボモン,VORVOMON,成長期,岩竜型,ウィルス,https://digimon.net/reference/detail.php?directory_name=vorvomon
518,digimon,atlurballistamon,,アトラーバリスタモン,ATLURBALLISTAMON,"完全体
(クロスウォーズ)",マシーン型,ワクチン,https://digimon.net/reference/detail.php?directory_name=atlurballistamon
519,digimon,omegamon_alter-b,,オメガモン Alter-B,OMEGAMON_ALTER-B,究極体,聖騎士型,ウィルス,https://digimon.net/reference/detail.php?directory_name=omegamon_alter-b
520,digimon,blackmachgaogamon,,ブラックマッハガオガモン,BLACKMACHGAOGAMON,完全体,サイボーグ型,データ,https://digimon.net/reference/detail.php?directory_name=blackmachgaogamon
521,digimon,blackgaogamon,,ブラックガオガモン,BLACKGAOGAMON,成熟期,獣型,データ,https://digimon.net/reference/detail.php?directory_name=blackgaogamon
522,digimon,falcomon-2006,,ファルコモン（２００６アニメ版）,FALCOMON-2006,成長期,鳥型,ワクチン,https://digimon.net/reference/detail.php?directory_name=falcomon-2006
523,digimon,kudamon-2006,,クダモン（２００６アニメ版）,KUDAMON-2006,成長期,聖獣型,ワクチン,https://digimon.net/reference/detail.php?directory_name=kudamon-2006
524,digimon,neo,,ネオ,NEO,不明,不明,不明,https://digimon.net/reference/detail.php?directory_name=neo
525,digimon,yakiimon,,ヤキイモン,YAKIIMON,"成熟期
(クロスウォーズ)",植物型,ワクチン,https://digimon.net/reference/detail.php?directory_name=yakiimon
526,digimon,monimon,,モニモン,MONIMON,"幼年期Ⅱ
(クロスウォーズ)",ブラウン型,,https://digimon.net/reference/detail.php?directory_name=monimon
527,digimon,monitamon,,モニタモン,MONITAMON,"成長期
(クロスウォーズ)",ブラウン型,データ,https://digimon.net/reference/detail.php?directory_name=monitamon
528,digimon,mervamon,,メルヴァモン,MERVAMON,"究極体
(クロスウォーズ)",神人型,ウィルス,https://digimon.net/reference/detail.php?directory_name=mervamon
529,digimon,metalgreymon_cyberlauncher,,メタルグレイモン＋サイバーランチャー,METALGREYMON+CYBERLAUNCHER,"完全体
(クロスウォーズ)",強化型,ウィルス,https://digimon.net/reference/detail.php?directory_name=metalgreymon_cyberlauncher
530,digimon,metalgreymon,,メタルグレイモン（2010アニメ版）,METALGREYMON,"完全体
(クロスウォーズ)",サイボーグ型,ウィルス,https://digimon.net/reference/detail.php?directory_name=metalgreymon
531,digimon,mailbirdramon,,メイルバードラモン,MAILBIRDRAMON,"成熟期
(クロスウォーズ)",マシーン型,データ,https://digimon.net/reference/detail.php?directory_name=mailbirdramon
532,digimon,musoknightmon,,ムソーナイトモン,MUSOKNIGHTMON,"完全体
(クロスウォーズ)",強化型,ウィルス,https://digimon.net/reference/detail.php?directory_name=musoknightmon
533,digimon,madleomon:armedmode,,マッドレオモン：アームドモード,MADLEOMON:ARMEDMODE,"成熟期
(クロスウォーズ)",アンデッド型,ウィルス,https://digimon.net/reference/detail.php?directory_name=madleomon:armedmode
534,digimon,madleomon,,マッドレオモン,MADLEOMON,"成熟期
(クロスウォーズ)",アンデッド型,ウィルス,https://digimon.net/reference/detail.php?directory_name=madleomon
535,digimon,bombmon-xwars,,ボムモン（2010アニメ版）,BOMBMON-XWARS,"幼年期Ⅰ
(クロスウォーズ)",スライム型,,https://digimon.net/reference/detail.php?directory_name=bombmon-xwars
536,digimon,beelzebumon-xwars,,ベルゼブモン（2010アニメ版）,BEELZEBUMON-XWARS,"究極体
(クロスウォーズ)",魔王型,ウィルス,https://digimon.net/reference/detail.php?directory_name=beelzebumon-xwars
537,digimon,blastmon,,ブラストモン,BLASTMON,"究極体
(クロスウォーズ)",鉱物型,ワクチン,https://digimon.net/reference/detail.php?directory_name=blastmon
538,digimon,footmon,,フットモン,FOOTMON,"完全体
(クロスウォーズ)",サイボーグ型,ワクチン,https://digimon.net/reference/detail.php?directory_name=footmon
539,digimon,pillomon,,ピロモン,PILLOMON,"成長期
(クロスウォーズ)",哺乳類型,ワクチン,https://digimon.net/reference/detail.php?directory_name=pillomon
540,digimon,pickmon,,ピックモン,PICKMON,"幼年期Ⅱ
(クロスウォーズ)",マイナー型,,https://digimon.net/reference/detail.php?directory_name=pickmon
541,digimon,baristamon,,バリスタモン,BARISTAMON,"成熟期
(クロスウォーズ)",マシーン型,ワクチン,https://digimon.net/reference/detail.php?directory_name=baristamon
542,digimon,bacomon,,バコモン,BACOMON,"成長期
(クロスウォーズ)",突然変異型,データ,https://digimon.net/reference/detail.php?directory_name=bacomon
543,digimon,bagramon,,バグラモン,BAGRAMON,"究極体
(クロスウォーズ)",魔王型,ウィルス,https://digimon.net/reference/detail.php?directory_name=bagramon
544,digimon,hi-visionmonitamon,,ハイビジョンモニタモン,HI-VISIONMONITAMON,"成熟期
(クロスウォーズ)",液晶薄型,データ,https://digimon.net/reference/detail.php?directory_name=hi-visionmonitamon
545,digimon,baalmon,,バアルモン,BAALMON,"完全体
(クロスウォーズ)",魔人型,フリー,https://digimon.net/reference/detail.php?directory_name=baalmon
546,digimon,neovamdemon,,ネオヴァンデモン,NEOVAMDEMON,"究極体
(クロスウォーズ)",アンデッド型,ウィルス,https://digimon.net/reference/detail.php?directory_name=neovamdemon
547,digimon,dondokomon,,ドンドコモン,DONDOKOMON,"成長期
(クロスウォーズ)",楽器型,ワクチン,https://digimon.net/reference/detail.php?directory_name=dondokomon
548,digimon,donshoutmon,,ドンシャウトモン,DONSHOUTMON,"成熟期
(クロスウォーズ)",強化型,データ,https://digimon.net/reference/detail.php?directory_name=donshoutmon
549,digimon,dorulumon,,ドルルモン,DORULUMON,"成熟期
(クロスウォーズ)",獣型,ウィルス,https://digimon.net/reference/detail.php?directory_name=dorulumon
550,digimon,dorbickmon,,ドルビックモン,DORBICKMON,"究極体
(クロスウォーズ)",竜人型,ウィルス,https://digimon.net/reference/detail.php?directory_name=dorbickmon
551,digimon,troopmon,,トループモン,TROOPMON,"成熟期
(クロスウォーズ)",アンデッド型,データ,https://digimon.net/reference/detail.php?directory_name=troopmon
552,digimon,deadlyaxemon,,デッドリーアックスモン,DEADLYAXEMON,"成熟期
(クロスウォーズ)",魔獣型,ウィルス,https://digimon.net/reference/detail.php?directory_name=deadlyaxemon
553,digimon,deckerdramon,,デッカードラモン,DECKERDRAMON,"成熟期
(クロスウォーズ)",サイボーグ型,ウィルス,https://digimon.net/reference/detail.php?directory_name=deckerdramon
554,digimon,deckergreymon,,デッカーグレイモン,DECKERGREYMON,"完全体
(クロスウォーズ)",強化型,ウィルス,https://digimon.net/reference/detail.php?directory_name=deckergreymon
555,digimon,tuwarmon,,ツワーモン,TUWARMON,"成熟期
(クロスウォーズ)",突然変異型,ウィルス,https://digimon.net/reference/detail.php?directory_name=tuwarmon
556,digimon,tyutyumon,,チューチューモン,TYUTYUMON,"成長期
(クロスウォーズ)",獣型,ウィルス,https://digimon.net/reference/detail.php?directory_name=tyutyumon
557,digimon,chibickmon,,チビックモン,CHIBICKMON,"幼年期Ⅰ
(クロスウォーズ)",スライム型,,https://digimon.net/reference/detail.php?directory_name=chibickmon
558,digimon,chikurimon,,チクリモン,CHIKURIMON,"成長期
(クロスウォーズ)",機雷型,ウィルス,https://digimon.net/reference/detail.php?directory_name=chikurimon
559,digimon,damemon,,ダメモン,DAMEMON,"成熟期
(クロスウォーズ)",突然変異型,ウィルス,https://digimon.net/reference/detail.php?directory_name=damemon
560,digimon,tactimon,,タクティモン,TACTIMON,"究極体
(クロスウォーズ)",魔人型,データ,https://digimon.net/reference/detail.php?directory_name=tactimon
561,digimon,darknessbagramon,,ダークネスバグラモン,DARKNESSBAGRAMON,"究極体
(クロスウォーズ)",合成型,ウィルス,https://digimon.net/reference/detail.php?directory_name=darknessbagramon
562,digimon,darkknightmon,,ダークナイトモン,DARKKNIGHTMON,"完全体
(クロスウォーズ)",暗黒騎士型,ウィルス,https://digimon.net/reference/detail.php?directory_name=darkknightmon
563,digimon,zenimon,,ゼニモン,ZENIMON,"成長期
(クロスウォーズ)",突然変異型,ワクチン,https://digimon.net/reference/detail.php?directory_name=zenimon
564,digimon,splashmon,,スプラッシュモン,SPLASHMON,"完全体
(クロスウォーズ)",水棲獣人型,ウィルス,https://digimon.net/reference/detail.php?directory_name=splashmon
565,digimon,sparrowmon,,スパロウモン,SPARROWMON,"成長期
(クロスウォーズ)",鳥型,データ,https://digimon.net/reference/detail.php?directory_name=sparrowmon
566,digimon,starmons,,スターモンズ,STARMONS,"成長期
(クロスウォーズ)",メジャー型,データ,https://digimon.net/reference/detail.php?directory_name=starmons
567,digimon,skullknightmonbigaxemode,,スカルナイトモン：ビッグアックスモード,SKULLKNIGHTMON:BIGAXEMODE,"成熟期
(クロスウォーズ)",強化型,ウィルス,https://digimon.net/reference/detail.php?directory_name=skullknightmonbigaxemode
568,digimon,skullknightmoncavaliermode,,スカルナイトモン：騎馬モード,SKULLKNIGHTMON:CAVALIERMODE,"成熟期
(クロスウォーズ)",強化型,ウィルス,https://digimon.net/reference/detail.php?directory_name=skullknightmoncavaliermode
569,digimon,skullknightmon,,スカルナイトモン,SKULLKNIGHTMON,"成熟期
(クロスウォーズ)",アンデッド型,ウィルス,https://digimon.net/reference/detail.php?directory_name=skullknightmon
570,digimon,jokermon,,ジョーカーモン,JOKERMON,"完全体
(クロスウォーズ)",魔人型,ウィルス,https://digimon.net/reference/detail.php?directory_name=jokermon
571,digimon,shonitamon,,シャニタモン,SHONITAMON,"成熟期
(クロスウォーズ)",強化型,データ,https://digimon.net/reference/detail.php?directory_name=shonitamon
572,digimon,dorulucannon,,シャウトモン＋ドルルキャノン,DORULUCANNON,"成長期
(クロスウォーズ)",強化型,データ,https://digimon.net/reference/detail.php?directory_name=dorulucannon
573,digimon,starsword,,シャウトモン＋スターソード,STARSWORD,"成長期
(クロスウォーズ)",強化型,データ,https://digimon.net/reference/detail.php?directory_name=starsword
574,digimon,jetsparrow,,シャウトモン＋ジェットスパロウ,JETSPARROW,"成長期
(クロスウォーズ)",強化型,データ,https://digimon.net/reference/detail.php?directory_name=jetsparrow
575,digimon,shoutmonx7,,シャウトモンX7,SHOUTMONX7,"究極体
(クロスウォーズ)",合成型,データ,https://digimon.net/reference/detail.php?directory_name=shoutmonx7
576,digimon,shoutmonx5b,,シャウトモンX5B,SHOUTMONX5B,"究極体
(クロスウォーズ)",合成型,データ,https://digimon.net/reference/detail.php?directory_name=shoutmonx5b
577,digimon,shoutmonx5,,シャウトモンX5,SHOUTMONX5,"完全体
(クロスウォーズ)",合成型,データ,https://digimon.net/reference/detail.php?directory_name=shoutmonx5
578,digimon,shoutmonx4b,,シャウトモンX4B,SHOUTMONX4B,"完全体
(クロスウォーズ)",合成型,データ,https://digimon.net/reference/detail.php?directory_name=shoutmonx4b
579,digimon,shoutmonx4,,シャウトモンX4,SHOUTMONX4,"成熟期
(クロスウォーズ)",合成型,データ,https://digimon.net/reference/detail.php?directory_name=shoutmonx4
580,digimon,shoutmonx3,,シャウトモンX3,SHOUTMONX3,"成熟期
(クロスウォーズ)",合成型,データ,https://digimon.net/reference/detail.php?directory_name=shoutmonx3
581,digimon,shoutmonx2,,シャウトモンX2,SHOUTMONX2,"成熟期
(クロスウォーズ)",強化型,データ,https://digimon.net/reference/detail.php?directory_name=shoutmonx2
582,digimon,shoutmondx,,シャウトモンDX,SHOUTMONDX,"究極体
(クロスウォーズ)",合成型,データ,https://digimon.net/reference/detail.php?directory_name=shoutmondx
583,digimon,shoutmon,,シャウトモン,SHOUTMON,"成長期
(クロスウォーズ)",小竜型,データ,https://digimon.net/reference/detail.php?directory_name=shoutmon
584,digimon,jetmervamon,,ジェットメルヴァモン,JETMERVAMON,"究極体
(クロスウォーズ)",強化型,ウィルス,https://digimon.net/reference/detail.php?directory_name=jetmervamon
585,digimon,zekegreymon,,ジークグレイモン,ZEKEGREYMON,"究極体
(クロスウォーズ)",サイボーグ型,ウィルス,https://digimon.net/reference/detail.php?directory_name=zekegreymon
586,digimon,zamielmon,,ザミエールモン,ZAMIELMON,"完全体
(クロスウォーズ)",魔人型,データ,https://digimon.net/reference/detail.php?directory_name=zamielmon
587,digimon,soundbirdmon,,サウンドバードモン,SOUNDBIRDMON,"成長期
(クロスウォーズ)",鳥型,ウィルス,https://digimon.net/reference/detail.php?directory_name=soundbirdmon
588,digimon,cyberdramon-xwars,,サイバードラモン,CYBERDRAMON_2010,"完全体
(クロスウォーズ)",エイリアン型,ワクチン,https://digimon.net/reference/detail.php?directory_name=cyberdramon-xwars
589,digimon,kozenimon,,コゼニモン,KOZENIMON,"幼年期Ⅱ
(クロスウォーズ)",突然変異型,,https://digimon.net/reference/detail.php?directory_name=kozenimon
590,digimon,greymon,,グレイモン（2010アニメ版）,GREYMON_2010 ANIME VERSION,"成熟期
(クロスウォーズ)",恐竜型,ウィルス,https://digimon.net/reference/detail.php?directory_name=greymon
591,digimon,gravimon,,グラビモン,GRAVIMON,"完全体
(クロスウォーズ)",種族不明,ウィルス,https://digimon.net/reference/detail.php?directory_name=gravimon
592,digimon,cutemon,,キュートモン,CUTEMON,"成長期
(クロスウォーズ)",妖精型,ワクチン,https://digimon.net/reference/detail.php?directory_name=cutemon
593,digimon,gumdramon,,ガムドラモン,GUMDRAMON,"成長期
(クロスウォーズ)",小竜型,ワクチン,https://digimon.net/reference/detail.php?directory_name=gumdramon
594,digimon,ganemon,,ガネモン,GANEMON,"成熟期
(クロスウォーズ)",突然変異型,ワクチン,https://digimon.net/reference/detail.php?directory_name=ganemon
595,digimon,gaossmon,,ガオスモン,GAOSSMON,"成長期
(クロスウォーズ)",爬虫類型,ウィルス,https://digimon.net/reference/detail.php?directory_name=gaossmon
596,digimon,olegmon,,オレーグモン,OLEGMON,"究極体
(クロスウォーズ)",海獣型,ワクチン,https://digimon.net/reference/detail.php?directory_name=olegmon
597,digimon,omegashoutmon,,オメガシャウトモン,OMEGASHOUTMON,"完全体
(クロスウォーズ)",竜人型,データ,https://digimon.net/reference/detail.php?directory_name=omegashoutmon
598,digimon,ekakimon,,エカキモン,EKAKIMON,"成長期
(クロスウォーズ)",突然変異型,データ,https://digimon.net/reference/detail.php?directory_name=ekakimon
599,digimon,iguneetmon,,イグニートモン,IGUNEETMON,"成長期
(クロスウォーズ)",爬人型,ウィルス,https://digimon.net/reference/detail.php?directory_name=iguneetmon
600,digimon,arresterdramon,,アレスタードラモン,ARRESTERDRAMON,"成熟期
(クロスウォーズ)",竜型,ワクチン,https://digimon.net/reference/detail.php?directory_name=arresterdramon
601,digimon,louwemon,,レーベモン,LOUWEMON,ハイブリッド体,戦士型,ヴァリアブル,https://digimon.net/reference/detail.php?directory_name=louwemon
602,digimon,ranamon,,ラーナモン,RANAMON,ハイブリッド体,妖精型,ヴァリアブル,https://digimon.net/reference/detail.php?directory_name=ranamon
603,digimon,raihimon,,ライヒモン,RAIHIMON,ハイブリッド体,戦士型,ヴァリアブル,https://digimon.net/reference/detail.php?directory_name=raihimon
604,digimon,rhinokabuterimon,,ライノカブテリモン,RHINOKABUTERIMON,ハイブリッド体,昆虫型,ヴァリアブル,https://digimon.net/reference/detail.php?directory_name=rhinokabuterimon
605,digimon,mercuremon,,メルキューレモン,MERCUREMON,ハイブリッド体,突然変異型,ヴァリアブル,https://digimon.net/reference/detail.php?directory_name=mercuremon
606,digimon,magnagarurumon,,マグナガルルモン,MAGNAGARURUMON,ハイブリッド体,サイボーグ型,ヴァリアブル,https://digimon.net/reference/detail.php?directory_name=magnagarurumon
607,digimon,bolgmon,,ボルグモン,BOLGMON,ハイブリッド体,サイボーグ型,ヴァリアブル,https://digimon.net/reference/detail.php?directory_name=bolgmon
608,digimon,velgrmon,,ベルグモン,VELGRMON,ハイブリッド体,巨鳥型,ヴァリアブル,https://digimon.net/reference/detail.php?directory_name=velgrmon
609,digimon,petaldramon,,ペタルドラモン,PETALDRAMON,ハイブリッド体,植物型,ヴァリアブル,https://digimon.net/reference/detail.php?directory_name=petaldramon
610,digimon,beowolfmon,,ベオウルフモン,BEOWOLFMON,ハイブリッド体,戦士型,ヴァリアブル,https://digimon.net/reference/detail.php?directory_name=beowolfmon
611,digimon,flamon,,フレイモン,FLAMON,ハイブリッド体,魔人型,ヴァリアブル,https://digimon.net/reference/detail.php?directory_name=flamon
612,digimon,blitzmon,,ブリッツモン,BLITZMON,ハイブリッド体,サイボーグ型,ヴァリアブル,https://digimon.net/reference/detail.php?directory_name=blitzmon
613,digimon,blizzarmon,,ブリザーモン,BLIZZARMON,ハイブリッド体,獣型,ヴァリアブル,https://digimon.net/reference/detail.php?directory_name=blizzarmon
614,digimon,fairimon,,フェアリモン,FAIRIMON,ハイブリッド体,妖精型,ヴァリアブル,https://digimon.net/reference/detail.php?directory_name=fairimon
615,digimon,chackmon,,チャックモン,CHACKMON,ハイブリッド体,獣人型,ヴァリアブル,https://digimon.net/reference/detail.php?directory_name=chackmon
616,digimon,duskmon,,ダスクモン,DUSKMON,ハイブリッド体,魔人型,ヴァリアブル,https://digimon.net/reference/detail.php?directory_name=duskmon
617,digimon,daipenmon,,ダイペンモン,DAIPENMON,ハイブリッド体,サイボーグ型,ヴァリアブル,https://digimon.net/reference/detail.php?directory_name=daipenmon
618,digimon,sephirothmon,,セフィロトモン,SEPHIROTHMON,ハイブリッド体,突然変異型,ヴァリアブル,https://digimon.net/reference/detail.php?directory_name=sephirothmon
619,digimon,storabimon,,ストラビモン,STORABIMON,ハイブリッド体,獣人型,ヴァリアブル,https://digimon.net/reference/detail.php?directory_name=storabimon
620,digimon,shutumon,,シューツモン,SHUTUMON,ハイブリッド体,鳥人型,ヴァリアブル,https://digimon.net/reference/detail.php?directory_name=shutumon
621,digimon,jetsilphymon,,ジェットシルフィーモン,JETSILPHYMON,ハイブリッド体,サイボーグ型,ヴァリアブル,https://digimon.net/reference/detail.php?directory_name=jetsilphymon
622,digimon,grottemon,,グロットモン,GROTTEMON,ハイブリッド体,鬼人型,ヴァリアブル,https://digimon.net/reference/detail.php?directory_name=grottemon
623,digimon,gigasmon,,ギガスモン,GIGASMON,ハイブリッド体,鉱物型,ヴァリアブル,https://digimon.net/reference/detail.php?directory_name=gigasmon
624,digimon,garummon,,ガルムモン,GARUMMON,ハイブリッド体,サイボーグ型,ヴァリアブル,https://digimon.net/reference/detail.php?directory_name=garummon
625,digimon,calamaramon,,カルマーラモン,CALAMARAMON,ハイブリッド体,水棲型,ヴァリアブル,https://digimon.net/reference/detail.php?directory_name=calamaramon
626,digimon,kaisergreymon,,カイゼルグレイモン,KAISERGREYMON,ハイブリッド体,竜戦士型,ヴァリアブル,https://digimon.net/reference/detail.php?directory_name=kaisergreymon
627,digimon,kaiserleomon,,カイザーレオモン,KAISERLEOMON,ハイブリッド体,サイボーグ型,ヴァリアブル,https://digimon.net/reference/detail.php?directory_name=kaiserleomon
628,digimon,vritramon,,ヴリトラモン,VRITRAMON,ハイブリッド体,魔竜型,ヴァリアブル,https://digimon.net/reference/detail.php?directory_name=vritramon
629,digimon,wolfmon,,ヴォルフモン,WOLFMON,ハイブリッド体,戦士型,ヴァリアブル,https://digimon.net/reference/detail.php?directory_name=wolfmon
630,digimon,arbormon,,アルボルモン,ARBORMON,ハイブリッド体,サイボーグ型,ヴァリアブル,https://digimon.net/reference/detail.php?directory_name=arbormon
631,digimon,aldamon,,アルダモン,ALDAMON,ハイブリッド体,魔人型,ヴァリアブル,https://digimon.net/reference/detail.php?directory_name=aldamon
632,digimon,agnimon,,アグニモン,AGNIMON,ハイブリッド体,魔人型,ヴァリアブル,https://digimon.net/reference/detail.php?directory_name=agnimon
633,digimon,rinkmon,,リンクモン,RINKMON,アーマー体,サイボーグ型,フリー,https://digimon.net/reference/detail.php?directory_name=rinkmon
634,digimon,lynxmon,,ランクスモン,LYNXMON,アーマー体,獣型,フリー,https://digimon.net/reference/detail.php?directory_name=lynxmon
635,digimon,rhinomon,,ライノモン,RHINOMON,アーマー体,哺乳類型,フリー,https://digimon.net/reference/detail.php?directory_name=rhinomon
636,digimon,lighdramon,,ライドラモン,LIGHDRAMON,アーマー体,獣型,フリー,https://digimon.net/reference/detail.php?directory_name=lighdramon
637,digimon,yaksamon,,ヤシャモン,YAKSAMON,アーマー体,魔人型,フリー,https://digimon.net/reference/detail.php?directory_name=yaksamon
638,digimon,mothmon,,モスモン,MOTHMON,アーマー体,昆虫型,フリー,https://digimon.net/reference/detail.php?directory_name=mothmon
639,digimon,maildramon,,メイルドラモン,MAILDRAMON,アーマー体,サイボーグ型,フリー,https://digimon.net/reference/detail.php?directory_name=maildramon
640,digimon,moosemon,,ムースモン,MOOSEMON,アーマー体,古代獣型,フリー,https://digimon.net/reference/detail.php?directory_name=moosemon
641,digimon,manbomon,,マンボモン,MANBOMON,アーマー体,突然変異型,フリー,https://digimon.net/reference/detail.php?directory_name=manbomon
642,digimon,mantaraymon,,マンタレイモン,MANTARAYMON,アーマー体,水棲型,フリー,https://digimon.net/reference/detail.php?directory_name=mantaraymon
643,digimon,magnamon,,マグナモン,MAGNAMON,アーマー体,聖騎士型,フリー,https://digimon.net/reference/detail.php?directory_name=magnamon
644,digimon,ponchomon,,ポンチョモン,PONCHOMON,アーマー体,ゴースト型,フリー,https://digimon.net/reference/detail.php?directory_name=ponchomon
645,digimon,holsmon,,ホルスモン,HOLSMON,アーマー体,獣型,フリー,https://digimon.net/reference/detail.php?directory_name=holsmon
646,digimon,boarmon,,ボアモン,BOARMON,アーマー体,哺乳類型,フリー,https://digimon.net/reference/detail.php?directory_name=boarmon
647,digimon,pegasmon,,ペガスモン,PEGASMON,アーマー体,聖獣型,フリー,https://digimon.net/reference/detail.php?directory_name=pegasmon
648,digimon,frogmon,,フロッグモン,FROGMON,アーマー体,突然変異型,フリー,https://digimon.net/reference/detail.php?directory_name=frogmon
649,digimon,prairiemon,,プレイリモン,PRAIRIEMON,アーマー体,獣型,フリー,https://digimon.net/reference/detail.php?directory_name=prairiemon
650,digimon,fladramon,,フレイドラモン,FLADRAMON,アーマー体,竜人型,フリー,https://digimon.net/reference/detail.php?directory_name=fladramon
651,digimon,flawizarmon,,フレイウィザーモン,FLAWIZARMON,アーマー体,魔人型,ウィルス,https://digimon.net/reference/detail.php?directory_name=flawizarmon
652,digimon,bullmon,,ブルモン,BULLMON,アーマー体,哺乳類型,フリー,https://digimon.net/reference/detail.php?directory_name=bullmon
653,digimon,flybeemon,,フライビーモン,FLYBEEMON,アーマー体,昆虫型,フリー,https://digimon.net/reference/detail.php?directory_name=flybeemon
654,digimon,pteranomon,,プテラノモン,PTERANOMON,アーマー体,翼竜型,フリー,https://digimon.net/reference/detail.php?directory_name=pteranomon
655,digimon,pucchiemon-green,,プッチーモン（緑）,PUCCHIEMON-GREEN,アーマー体,妖精型,フリー,https://digimon.net/reference/detail.php?directory_name=pucchiemon-green
656,digimon,pucchiemon,,プッチーモン,PUCCHIEMON,アーマー体,妖精型,フリー,https://digimon.net/reference/detail.php?directory_name=pucchiemon
657,digimon,pipismon,,ピピスモン,PIPISMON,アーマー体,突然変異型,フリー,https://digimon.net/reference/detail.php?directory_name=pipismon
658,digimon,bitmon,,ビットモン,BITMON,アーマー体,哺乳類型,フリー,https://digimon.net/reference/detail.php?directory_name=bitmon
659,digimon,peacockmon,,ピーコックモン,PEACOCKMON,アーマー体,マシーン型,フリー,https://digimon.net/reference/detail.php?directory_name=peacockmon
660,digimon,baromon,,バロモン,BAROMON,アーマー体,魔人型,フリー,https://digimon.net/reference/detail.php?directory_name=baromon
661,digimon,honeybeemon,,ハニービーモン,HONEYBEEMON,アーマー体,昆虫型,フリー,https://digimon.net/reference/detail.php?directory_name=honeybeemon
662,digimon,butterflamon,,バタフラモン,BUTTERFLAMON,アーマー体,昆虫型,フリー,https://digimon.net/reference/detail.php?directory_name=butterflamon
663,digimon,harpymon,,ハーピモン,HARPYMON,アーマー体,幻獣型,フリー,https://digimon.net/reference/detail.php?directory_name=harpymon
664,digimon,nohemon,,ノヘモン,NOHEMON,アーマー体,パペット型,フリー,https://digimon.net/reference/detail.php?directory_name=nohemon
665,digimon,nefertimon,,ネフェルティモン,NEFERTIMON,アーマー体,聖獣型,フリー,https://digimon.net/reference/detail.php?directory_name=nefertimon
666,digimon,togemogumon,,トゲモグモン,TOGEMOGUMON,アーマー体,哺乳類型,フリー,https://digimon.net/reference/detail.php?directory_name=togemogumon
667,digimon,tocanmon,,トーカンモン,TOCANMON,アーマー体,鳥型,フリー,https://digimon.net/reference/detail.php?directory_name=tocanmon
668,digimon,depthmon,,デプスモン,DEPTHMON,アーマー体,水棲獣人型,フリー,https://digimon.net/reference/detail.php?directory_name=depthmon
669,digimon,tylomon,,ティロモン,TYLOMON,アーマー体,海竜型,フリー,https://digimon.net/reference/detail.php?directory_name=tylomon
670,digimon,digmon,,ディグモン,DIGMON,アーマー体,昆虫型,フリー,https://digimon.net/reference/detail.php?directory_name=digmon
671,digimon,sepikmon,,セピックモン,SEPIKMON,アーマー体,魔人型,フリー,https://digimon.net/reference/detail.php?directory_name=sepikmon
672,digimon,sethmon,,セトモン,SETHMON,アーマー体,魔獣型,フリー,https://digimon.net/reference/detail.php?directory_name=sethmon
673,digimon,swanmon,,スワンモン,SWANMON,アーマー体,鳥型,フリー,https://digimon.net/reference/detail.php?directory_name=swanmon
674,digimon,stegomon,,ステゴモン,STEGOMON,アーマー体,剣竜型,フリー,https://digimon.net/reference/detail.php?directory_name=stegomon
675,digimon,shurimon,,シュリモン,SHURIMON,アーマー体,突然変異型,フリー,https://digimon.net/reference/detail.php?directory_name=shurimon
676,digimon,shadramon,,シェイドラモン,SHADRAMON,アーマー体,昆虫型,フリー,https://digimon.net/reference/detail.php?directory_name=shadramon
677,digimon,seahomon,,シーホモン,SEAHOMON,アーマー体,水棲型,フリー,https://digimon.net/reference/detail.php?directory_name=seahomon
678,digimon,sheepmon,,シープモン,SHEEPMON,アーマー体,哺乳類型,フリー,https://digimon.net/reference/detail.php?directory_name=sheepmon
679,digimon,thunderbirmon,,サンダーバーモン,THUNDERBIRMON,アーマー体,巨鳥型,データ,https://digimon.net/reference/detail.php?directory_name=thunderbirmon
680,digimon,salamandamon,,サラマンダモン,SALAMANDAMON,アーマー体,両生類型,ウィルス,https://digimon.net/reference/detail.php?directory_name=salamandamon
681,digimon,sabmarimon,,サブマリモン,SABMARIMON,アーマー体,水棲型,フリー,https://digimon.net/reference/detail.php?directory_name=sabmarimon
682,digimon,sagittarimon,,サジタリモン,SAGITTARIMON,アーマー体,幻獣型,フリー,https://digimon.net/reference/detail.php?directory_name=sagittarimon
683,digimon,searchmon,,サーチモン,SEARCHMON,アーマー体,昆虫型,フリー,https://digimon.net/reference/detail.php?directory_name=searchmon
684,digimon,kongoumon,,コンゴウモン,KONGOUMON,アーマー体,昆虫型,フリー,https://digimon.net/reference/detail.php?directory_name=kongoumon
685,digimon,goldv-dramon,,ゴールドブイドラモン,GOLDV-DRAMON,アーマー体,幻竜型,ワクチン,https://digimon.net/reference/detail.php?directory_name=goldv-dramon
686,digimon,goatmon,,ゴートモン,GOATMON,アーマー体,哺乳類型,フリー,https://digimon.net/reference/detail.php?directory_name=goatmon
687,digimon,kenkimon,,ケンキモン,KENKIMON,アーマー体,マシーン型,データ,https://digimon.net/reference/detail.php?directory_name=kenkimon
688,digimon,quetzalmon,,クアトルモン,QUETZALMON,アーマー体,幻獣型,フリー,https://digimon.net/reference/detail.php?directory_name=quetzalmon
689,digimon,kangarumon,,カンガルモン,KANGARUMON,アーマー体,哺乳類型,フリー,https://digimon.net/reference/detail.php?directory_name=kangarumon
690,digimon,chamelemon,,カメレモン,CHAMELEMON,アーマー体,爬虫類型,フリー,https://digimon.net/reference/detail.php?directory_name=chamelemon
691,digimon,kabukimon,,カブキモン,KABUKIMON,アーマー体,突然変異型,フリー,https://digimon.net/reference/detail.php?directory_name=kabukimon
692,digimon,gargomon,,ガーゴモン,GARGOMON,アーマー体,魔獣型,フリー,https://digimon.net/reference/detail.php?directory_name=gargomon
693,digimon,orcamon,,オルカモン,ORCAMON,アーマー体,水棲獣人型,フリー,https://digimon.net/reference/detail.php?directory_name=orcamon
694,digimon,opossummon,,オポッサモン,OPOSSUMMON,アーマー体,獣型,フリー,https://digimon.net/reference/detail.php?directory_name=opossummon
695,digimon,elephamon,,エレファモン,ELEPHAMON,アーマー体,サイボーグ型,フリー,https://digimon.net/reference/detail.php?directory_name=elephamon
696,digimon,allomon,,アロモン,ALLOMON,アーマー体,恐竜型,フリー,https://digimon.net/reference/detail.php?directory_name=allomon
697,digimon,archelomon,,アーケロモン,ARCHELOMON,アーマー体,爬虫類型,フリー,https://digimon.net/reference/detail.php?directory_name=archelomon
698,digimon,owlmon,,アウルモン,OWLMON,アーマー体,鳥型,フリー,https://digimon.net/reference/detail.php?directory_name=owlmon
699,digimon,lordknightmon,,ロードナイトモン,LORDKNIGHTMON,究極体,聖騎士型,ウィルス,https://digimon.net/reference/detail.php?directory_name=lordknightmon
700,digimon,lotusmon,,ロトスモン,LOTUSMON,究極体,妖精型,データ,https://digimon.net/reference/detail.php?directory_name=lotusmon
701,digimon,rosemonburstmode,,ロゼモン：バーストモード,ROSEMON:BURSTMODE,究極体,妖精型,データ,https://digimon.net/reference/detail.php?directory_name=rosemonburstmode
702,digimon,rosemon,,ロゼモン,ROSEMON,究極体,妖精型,データ,https://digimon.net/reference/detail.php?directory_name=rosemon
703,digimon,ravmonburstmode,,レイヴモン：バーストモード,RAVMON:BURSTMODE,究極体,サイボーグ型,ワクチン,https://digimon.net/reference/detail.php?directory_name=ravmonburstmode
704,digimon,ravmon,,レイヴモン,RAVMON,究極体,サイボーグ型,ワクチン,https://digimon.net/reference/detail.php?directory_name=ravmon
705,digimon,lucemonlarva,,ルーチェモン：ラルバ,LUCEMON:LARVA,究極体,魔神型,ウィルス,https://digimon.net/reference/detail.php?directory_name=lucemonlarva
706,digimon,lucemonsatanmode,,ルーチェモン：サタンモード,LUCEMONSATANMODE,究極体,魔神型,ウィルス,https://digimon.net/reference/detail.php?directory_name=lucemonsatanmode
707,digimon,lilithmon,,リリスモン,LILITHMON,究極体,魔王型,ウィルス,https://digimon.net/reference/detail.php?directory_name=lilithmon
708,digimon,leviamon,,リヴァイアモン,LEVIAMON,究極体,魔王型,ウィルス,https://digimon.net/reference/detail.php?directory_name=leviamon
709,digimon,lampmon,,ランプモン,LAMPMON,究極体,魔人型,データ,https://digimon.net/reference/detail.php?directory_name=lampmon
710,digimon,rusttyranomon,,ラストティラノモン,RUSTTYRANOMON,究極体,サイボーグ型,ウィルス,https://digimon.net/reference/detail.php?directory_name=rusttyranomon
711,digimon,rasielmon,,ラジエルモン,RASIELMON,究極体,座天使型,ワクチン,https://digimon.net/reference/detail.php?directory_name=rasielmon
712,digimon,jupitermon,,ユピテルモン,JUPITERMON,究極体,神人型,ワクチン,https://digimon.net/reference/detail.php?directory_name=jupitermon
713,digimon,mercurymon,,メルクリモン,MERCURYMON,究極体,神人型,ウィルス,https://digimon.net/reference/detail.php?directory_name=mercurymon
714,digimon,medievaldukemon,,メディーバルデュークモン,MEDIEVALDUKEMON,究極体,戦士型,データ,https://digimon.net/reference/detail.php?directory_name=medievaldukemon
715,digimon,metalpiranimon,,メタルピラニモン,METALPIRANIMON,究極体,水棲型,ウィルス,https://digimon.net/reference/detail.php?directory_name=metalpiranimon
716,digimon,metalseadramon,,メタルシードラモン,METALSEADRAMON,究極体,サイボーグ型,データ,https://digimon.net/reference/detail.php?directory_name=metalseadramon
717,digimon,metalgarurumon,,メタルガルルモン,METALGARURUMON,究極体,サイボーグ型,データ,https://digimon.net/reference/detail.php?directory_name=metalgarurumon
718,digimon,metaletemon,,メタルエテモン,METALETEMON,究極体,サイボーグ型,ウィルス,https://digimon.net/reference/detail.php?directory_name=metaletemon
719,digimon,megidramon,,メギドラモン,MEGIDRAMON,究極体,邪竜型,ウィルス,https://digimon.net/reference/detail.php?directory_name=megidramon
720,digimon,moonmillenniumon,,ムーンミレニアモン,MOONMILLENNIUMON,究極体,邪神型,ウィルス,https://digimon.net/reference/detail.php?directory_name=moonmillenniumon
721,digimon,murmukusmon,,ムルムクスモン,MURMUKUSMON,究極体,魔王型,ウィルス,https://digimon.net/reference/detail.php?directory_name=murmukusmon
722,digimon,mugendramon,,ムゲンドラモン,MUGENDRAMON,究極体,マシーン型,ウィルス,https://digimon.net/reference/detail.php?directory_name=mugendramon
723,digimon,millenniumon,,ミレニアモン,MILLENNIUMON,究極体,合成型,ウィルス,https://digimon.net/reference/detail.php?directory_name=millenniumon
724,digimon,miragegaogamon:burstmode,,ミラージュガオガモン：バーストモード,MIRAGEGAOGAMON:BURSTMODE,究極体,獣騎士型,データ,https://digimon.net/reference/detail.php?directory_name=miragegaogamon:burstmode
725,digimon,miragegaogamon,,ミラージュガオガモン,MIRAGEGAOGAMON,究極体,獣騎士型,データ,https://digimon.net/reference/detail.php?directory_name=miragegaogamon
726,digimon,minervamon,,ミネルヴァモン,MINERVAMON,究極体,神人型,ウィルス,https://digimon.net/reference/detail.php?directory_name=minervamon
727,digimon,marsmon,,マルスモン,MARSMON,究極体,神人型,ワクチン,https://digimon.net/reference/detail.php?directory_name=marsmon
728,digimon,marinangemon,,マリンエンジェモン,MARINANGEMON,究極体,妖精型,ワクチン,https://digimon.net/reference/detail.php?directory_name=marinangemon
729,digimon,magnakidmon,,マグナキッドモン,MAGNAKIDMON,究極体,竜人型,ウィルス,https://digimon.net/reference/detail.php?directory_name=magnakidmon
730,digimon,boltmon,,ボルトモン,BOLTMON,究極体,サイボーグ型,データ,https://digimon.net/reference/detail.php?directory_name=boltmon
731,digimon,holydramon,,ホーリードラモン,HOLYDRAMON,究極体,聖竜型,ワクチン,https://digimon.net/reference/detail.php?directory_name=holydramon
732,digimon,hououmon,,ホウオウモン,HOUOUMON,究極体,聖獣型,ワクチン,https://digimon.net/reference/detail.php?directory_name=hououmon
733,digimon,belphemonragemode,,ベルフェモン：レイジモード,BELPHEMON:RAGEMODE,究極体,魔王型,ウィルス,https://digimon.net/reference/detail.php?directory_name=belphemonragemode
734,digimon,belphemonsleepmode,,ベルフェモン：スリープモード,BELPHEMON:SLEEPMODE,究極体,魔王型,ウィルス,https://digimon.net/reference/detail.php?directory_name=belphemonsleepmode
735,digimon,beelzebumonblastmode,,ベルゼブモン：ブラストモード,BEELZEBUMON:BLASTMODE,究極体,魔王型,ウィルス,https://digimon.net/reference/detail.php?directory_name=beelzebumonblastmode
736,digimon,beelzebumon,,ベルゼブモン,BEELZEBUMON,究極体,魔王型,ウィルス,https://digimon.net/reference/detail.php?directory_name=beelzebumon
737,digimon,beelstarmon,,ベルスターモン,BEELSTARMON,究極体,魔人型,ウィルス,https://digimon.net/reference/detail.php?directory_name=beelstarmon
738,digimon,belialvamdemon,,ベリアルヴァンデモン,BELIALVAMDEMON,究極体,魔王型,ウィルス,https://digimon.net/reference/detail.php?directory_name=belialvamdemon
739,digimon,heraklekabuterimon,,ヘラクルカブテリモン,HERAKLEKABUTERIMON,究極体,昆虫型,ワクチン,https://digimon.net/reference/detail.php?directory_name=heraklekabuterimon
740,digimon,plesiomon,,プレシオモン,PLESIOMON,究極体,首長竜型,データ,https://digimon.net/reference/detail.php?directory_name=plesiomon
741,digimon,breakdramon,,ブレイクドラモン,BREAKDRAMON,究極体,機竜型,ウィルス,https://digimon.net/reference/detail.php?directory_name=breakdramon
742,digimon,princemamemon,,プリンスマメモン,PRINCEMAMEMON,究極体,突然変異型,データ,https://digimon.net/reference/detail.php?directory_name=princemamemon
743,digimon,blitzgreymon,,ブリッツグレイモン,BLITZGREYMON,究極体,サイボーグ型,ウィルス,https://digimon.net/reference/detail.php?directory_name=blitzgreymon
744,digimon,blacksaintgalgomon,,ブラックセントガルゴモン,BLACKSAINTGALGOMON,究極体,マシーン型,ワクチン,https://digimon.net/reference/detail.php?directory_name=blacksaintgalgomon
745,digimon,blackwargreymon,,ブラックウォーグレイモン,BLACKWARGREYMON,究極体,竜人型,ウィルス,https://digimon.net/reference/detail.php?directory_name=blackwargreymon
746,digimon,platinumnumemon,,プラチナヌメモン,PLATINUMNUMEMON,究極体,突然変異型,ウィルス,https://digimon.net/reference/detail.php?directory_name=platinumnumemon
747,digimon,pukumon,,プクモン,PUKUMON,究極体,突然変異型,ウィルス,https://digimon.net/reference/detail.php?directory_name=pukumon
748,digimon,fujinmon,,フウジンモン,FUJINMON,究極体,マシーン型,ワクチン,https://digimon.net/reference/detail.php?directory_name=fujinmon
749,digimon,huanglongmon,,ファンロンモン,HUANGLONGMON,究極体,神獣型,NO DATA,https://digimon.net/reference/detail.php?directory_name=huanglongmon
750,digimon,pharaohmon,,ファラオモン,PHARAOHMON,究極体,魔人型,ウィルス,https://digimon.net/reference/detail.php?directory_name=pharaohmon
751,digimon,pinochimon,,ピノッキモン,PINOCHIMON,究極体,パペット型,ウィルス,https://digimon.net/reference/detail.php?directory_name=pinochimon
752,digimon,victorygreymon,,ビクトリーグレイモン,VICTORYGREYMON,究極体,竜人型,ワクチン,https://digimon.net/reference/detail.php?directory_name=victorygreymon
753,digimon,piemon,,ピエモン,PIEMON,究極体,魔人型,ウィルス,https://digimon.net/reference/detail.php?directory_name=piemon
754,digimon,bancholeomon,,バンチョーレオモン,BANCHOLEOMON,究極体,獣人型,ワクチン,https://digimon.net/reference/detail.php?directory_name=bancholeomon
755,digimon,banchomamemon,,バンチョーマメモン,BANCHOMAMEMON,究極体,突然変異型,データ,https://digimon.net/reference/detail.php?directory_name=banchomamemon
756,digimon,banchostingmon,,バンチョースティングモン,BANCHOSTINGMON,究極体,昆虫型,フリー,https://digimon.net/reference/detail.php?directory_name=banchostingmon
757,digimon,barbamon,,バルバモン,BARBAMON,究極体,魔王型,ウィルス,https://digimon.net/reference/detail.php?directory_name=barbamon
758,digimon,parasimon,,パラサイモン,PARASIMON,究極体,寄生型,ウィルス,https://digimon.net/reference/detail.php?directory_name=parasimon
759,digimon,babamon,,ババモン,BABAMON,究極体,エンシェント型,ワクチン,https://digimon.net/reference/detail.php?directory_name=babamon
760,digimon,baihumon,,バイフーモン,BAIHUMON,究極体,聖獣型,データ,https://digimon.net/reference/detail.php?directory_name=baihumon
761,digimon,hiandromon,,ハイアンドロモン,HIANDROMON,究極体,サイボーグ型,ワクチン,https://digimon.net/reference/detail.php?directory_name=hiandromon
762,digimon,neptunemon,,ネプトゥーンモン,NEPTUNEMON,究極体,神人型,ワクチン,https://digimon.net/reference/detail.php?directory_name=neptunemon
763,digimon,dorugoramon,,ドルゴラモン,DORUGORAMON,究極体,獣竜型,データ,https://digimon.net/reference/detail.php?directory_name=dorugoramon
764,digimon,duftmonleopardmode,,ドゥフトモン：レオパルドモード,DUFTMON:LEOPARDMODE,究極体,聖騎士型,データ,https://digimon.net/reference/detail.php?directory_name=duftmonleopardmode
765,digimon,duftmon,,ドゥフトモン,DUFTMON,究極体,聖騎士型,データ,https://digimon.net/reference/detail.php?directory_name=duftmon
766,digimon,durandamon,,デュランダモン,DURANDAMON,究極体,聖剣型,ワクチン,https://digimon.net/reference/detail.php?directory_name=durandamon
767,digimon,dynasmon,,デュナスモン,DYNASMON,究極体,聖騎士型,データ,https://digimon.net/reference/detail.php?directory_name=dynasmon
768,digimon,dukemoncrimsonmode,,デュークモン：クリムゾンモード,DUKEMON:CRIMSONMODE,究極体,聖騎士型,ウィルス,https://digimon.net/reference/detail.php?directory_name=dukemoncrimsonmode
769,digimon,dukemon,,デュークモン,DUKEMON,究極体,聖騎士型,ウィルス,https://digimon.net/reference/detail.php?directory_name=dukemon
770,digimon,devitamamon,,デビタマモン,DEVITAMAMON,究極体,突然変異型,データ,https://digimon.net/reference/detail.php?directory_name=devitamamon
771,digimon,deathmon-black,,デスモン（黒）,DEATHMON-BLACK,究極体,魔王型,データ,https://digimon.net/reference/detail.php?directory_name=deathmon-black
772,digimon,deathmon,,デスモン,DEATHMON,究極体,魔王型,データ,https://digimon.net/reference/detail.php?directory_name=deathmon
773,digimon,death-x-mon,,デクスモン,DEATH-X-MON,究極体,解析不能,ウィルス,https://digimon.net/reference/detail.php?directory_name=death-x-mon
774,digimon,demon,,デーモン,DEMON,究極体,魔王型,ウィルス,https://digimon.net/reference/detail.php?directory_name=demon
775,digimon,death-x-dorugoramon,,デクスドルゴラモン,DEATH-X-DORUGORAMON,究極体,アンデッド型,ウィルス,https://digimon.net/reference/detail.php?directory_name=death-x-dorugoramon
776,digimon,dinorexmon,,ディノレクスモン,DINOREXMON,究極体,恐竜型,データ,https://digimon.net/reference/detail.php?directory_name=dinorexmon
777,digimon,dinotigermon,,ディノタイガモン,DINOTIGERMON,究極体,古代獣型,データ,https://digimon.net/reference/detail.php?directory_name=dinotigermon
778,digimon,diablomon,,ディアボロモン,DIABLOMON,究極体,種族不明,不明,https://digimon.net/reference/detail.php?directory_name=diablomon
779,digimon,dianamon,,ディアナモン,DIANAMON,究極体,神人型,データ,https://digimon.net/reference/detail.php?directory_name=dianamon
780,digimon,qinglongmon,,チンロンモン,QINGLONGMON,究極体,聖竜型,データ,https://digimon.net/reference/detail.php?directory_name=qinglongmon
781,digimon,darkdramon,,ダークドラモン,DARKDRAMON,究極体,サイボーグ型,ウィルス,https://digimon.net/reference/detail.php?directory_name=darkdramon
782,digimon,tyrantkabuterimon,,タイラントカブテリモン,TYRANTKABUTERIMON,究極体,昆虫型,ウィルス,https://digimon.net/reference/detail.php?directory_name=tyrantkabuterimon
783,digimon,titamon,,タイタモン,TITAMON,究極体,神人型,ウィルス,https://digimon.net/reference/detail.php?directory_name=titamon
784,digimon,tigervespamon,,タイガーヴェスパモン,TIGERVESPAMON,究極体,サイボーグ型,ウィルス,https://digimon.net/reference/detail.php?directory_name=tigervespamon
785,digimon,saintgalgomon,,セントガルゴモン,SAINTGALGOMON,究極体,マシーン型,ワクチン,https://digimon.net/reference/detail.php?directory_name=saintgalgomon
786,digimon,seraphimon,,セラフィモン,SERAPHIMON,究極体,熾天使型,ワクチン,https://digimon.net/reference/detail.php?directory_name=seraphimon
787,digimon,slayerdramon,,スレイヤードラモン,SLAYERDRAMON,究極体,竜人型,ワクチン,https://digimon.net/reference/detail.php?directory_name=slayerdramon
788,digimon,sleipmon,,スレイプモン,SLEIPMON,究極体,聖騎士型,ワクチン,https://digimon.net/reference/detail.php?directory_name=sleipmon
789,digimon,slashangemon,,スラッシュエンジェモン,SLASHANGEMON,究極体,能天使型,ワクチン,https://digimon.net/reference/detail.php?directory_name=slashangemon
790,digimon,spinomon,,スピノモン,SPINOMON,究極体,恐竜型,ウィルス,https://digimon.net/reference/detail.php?directory_name=spinomon
791,digimon,susanoomon,,スサノオモン,SUSANOOMON,究極体,神人型,ワクチン,https://digimon.net/reference/detail.php?directory_name=susanoomon
792,digimon,skullmammon,,スカルマンモン,SKULLMAMMON,究極体,アンデッド型,ワクチン,https://digimon.net/reference/detail.php?directory_name=skullmammon
793,digimon,zhuqiaomon,,スーツェーモン,ZHUQIAOMON,究極体,聖鳥型,ウィルス,https://digimon.net/reference/detail.php?directory_name=zhuqiaomon
794,digimon,suijinmon,,スイジンモン,SUIJINMON,究極体,マシーン型,データ,https://digimon.net/reference/detail.php?directory_name=suijinmon
795,digimon,zeedmillenniumon,,ズィードミレニアモン,ZEEDMILLENNIUMON,究極体,邪神型,ウィルス,https://digimon.net/reference/detail.php?directory_name=zeedmillenniumon
796,digimon,zdgarurumon,,ズィードガルルモン,ZDGARURUMON,究極体,サイボーグ型,データ,https://digimon.net/reference/detail.php?directory_name=zdgarurumon
797,digimon,jumbogamemon,,ジャンボガメモン,JUMBOGAMEMON,究極体,サイボーグ型,データ,https://digimon.net/reference/detail.php?directory_name=jumbogamemon
798,digimon,justimon,,ジャスティモン：アクセルアーム,JUSTIMON,究極体,サイボーグ型,ワクチン,https://digimon.net/reference/detail.php?directory_name=justimon
799,digimon,shakamon,,シャカモン,SHAKAMON,究極体,如来型,ワクチン,https://digimon.net/reference/detail.php?directory_name=shakamon
800,digimon,shinegreymonburstmode,,シャイングレイモン：バーストモード,SHINEGREYMON:BURSTMODE,究極体,光竜型,ワクチン,https://digimon.net/reference/detail.php?directory_name=shinegreymonburstmode
801,digimon,shinegreymon,,シャイングレイモン,SHINEGREYMON,究極体,光竜型,ワクチン,https://digimon.net/reference/detail.php?directory_name=shinegreymon
802,digimon,jijimon,,ジジモン,JIJIMON,究極体,エンシェント型,ワクチン,https://digimon.net/reference/detail.php?directory_name=jijimon
803,digimon,xuanwumon,,シェンウーモン,XUANWUMON,究極体,聖獣型,ワクチン,https://digimon.net/reference/detail.php?directory_name=xuanwumon
804,digimon,jesmon,,ジエスモン,JESMON,究極体,聖騎士型,データ,https://digimon.net/reference/detail.php?directory_name=jesmon
805,digimon,zanbamon,,ザンバモン,ZANBAMON,究極体,魔人型,ウィルス,https://digimon.net/reference/detail.php?directory_name=zanbamon
806,digimon,sakuyamon:mikomode,,サクヤモン：巫女モード,SAKUYAMON:MIKOMODE,究極体,神人型,データ,https://digimon.net/reference/detail.php?directory_name=sakuyamon:mikomode
807,digimon,sakuyamon,,サクヤモン,SAKUYAMON,究極体,神人型,データ,https://digimon.net/reference/detail.php?directory_name=sakuyamon
808,digimon,saberleomon,,サーベルレオモン,SABERLEOMON,究極体,古代獣型,データ,https://digimon.net/reference/detail.php?directory_name=saberleomon
809,digimon,goddramon,,ゴッドドラモン,GODDRAMON,究極体,聖竜型,ワクチン,https://digimon.net/reference/detail.php?directory_name=goddramon
810,digimon,gokumon,,ゴクモン,GOKUMON,究極体,サイボーグ型,ウィルス,https://digimon.net/reference/detail.php?directory_name=gokumon
811,digimon,cherubimon-vice,,ケルビモン（悪）,CHERUBIMON-VICE,究極体,智天使型,ワクチン,https://digimon.net/reference/detail.php?directory_name=cherubimon-vice
812,digimon,cherubimon,,ケルビモン（善）,CHERUBIMON,究極体,智天使型,ワクチン,https://digimon.net/reference/detail.php?directory_name=cherubimon
813,digimon,crossmon,,クロスモン,CROSSMON,究極体,巨鳥型,ワクチン,https://digimon.net/reference/detail.php?directory_name=crossmon
814,digimon,craniummon,,クレニアムモン,CRANIUMMON,究極体,聖騎士型,ワクチン,https://digimon.net/reference/detail.php?directory_name=craniummon
815,digimon,gracenovamon,,グレイスノヴァモン,GRACENOVAMON,究極体,銀河型,ワクチン,https://digimon.net/reference/detail.php?directory_name=gracenovamon
816,digimon,griffomon,,グリフォモン,GRIFFOMON,究極体,幻獣型,データ,https://digimon.net/reference/detail.php?directory_name=griffomon
817,digimon,grandlocomon,,グランドロコモン,GRANDLOCOMON,究極体,マシーン型,データ,https://digimon.net/reference/detail.php?directory_name=grandlocomon
818,digimon,granddracumon,,グランドラクモン,GRANDDRACUMON,究極体,魔獣型,ウィルス,https://digimon.net/reference/detail.php?directory_name=granddracumon
819,digimon,grandiskuwagamon,,グランディスクワガーモン,GRANDISKUWAGAMON,究極体,昆虫型,ウィルス,https://digimon.net/reference/detail.php?directory_name=grandiskuwagamon
820,digimon,grankuwagamon,,グランクワガーモン,GRANKUWAGAMON,究極体,昆虫型,フリー,https://digimon.net/reference/detail.php?directory_name=grankuwagamon
821,digimon,clavisangemon,,クラヴィスエンジェモン,CLAVISANGEMON,究極体,力天使型,ワクチン,https://digimon.net/reference/detail.php?directory_name=clavisangemon
822,digimon,kuzuhamon,,クズハモン,KUZUHAMON,究極体,神人型,データ,https://digimon.net/reference/detail.php?directory_name=kuzuhamon
823,digimon,quartzmon,,クオーツモン,QUARTZMON,究極体,種族不明,不明,https://digimon.net/reference/detail.php?directory_name=quartzmon
824,digimon,cresgarurumon,,クーレスガルルモン,CRESGARURUMON,究極体,獣騎士型,データ,https://digimon.net/reference/detail.php?directory_name=cresgarurumon
825,digimon,queenchessmon,,クイーンチェスモン,QUEENCHESSMON,究極体,パペット型,ウィルス,https://digimon.net/reference/detail.php?directory_name=queenchessmon
826,digimon,kingchessmon,,キングチェスモン,KINGCHESSMON,究極体,パペット型,ウィルス,https://digimon.net/reference/detail.php?directory_name=kingchessmon
827,digimon,kingetemon,,キングエテモン,KINGETEMON,究極体,パペット型,ウィルス,https://digimon.net/reference/detail.php?directory_name=kingetemon
828,digimon,cannondramon,,キャノンドラモン,CANNONDRAMON,究極体,サイボーグ型,データ,https://digimon.net/reference/detail.php?directory_name=cannondramon
829,digimon,gigaseadramon,,ギガシードラモン,GIGASEADRAMON,究極体,サイボーグ型,データ,https://digimon.net/reference/detail.php?directory_name=gigaseadramon
830,digimon,gankoomon,,ガンクゥモン,GANKOOMON,究極体,聖騎士型,データ,https://digimon.net/reference/detail.php?directory_name=gankoomon
831,digimon,gulfmon,,ガルフモン,GULFMON,究極体,魔獣型,ウィルス,https://digimon.net/reference/detail.php?directory_name=gulfmon
832,digimon,chaosmonvaldurarm,,カオスモン：ヴァロドゥルアーム,CHAOSMONVALDURARM,究極体,特異型,ワクチン,https://digimon.net/reference/detail.php?directory_name=chaosmonvaldurarm
833,digimon,chaosmon,,カオスモン,CHAOSMON,究極体,特異型,ワクチン,https://digimon.net/reference/detail.php?directory_name=chaosmon
834,digimon,chaosdramon-x,,カオスドラモン（X抗体）,CHAOSDRAMON-X,究極体,マシーン型,ウィルス,https://digimon.net/reference/detail.php?directory_name=chaosdramon-x
835,digimon,chaosdramon,,カオスドラモン,CHAOSDRAMON,究極体,マシーン型,ウィルス,https://digimon.net/reference/detail.php?directory_name=chaosdramon
836,digimon,chaosdukemon,,カオスデュークモン,CHAOSDUKEMON,究極体,暗黒騎士型,ウィルス,https://digimon.net/reference/detail.php?directory_name=chaosdukemon
837,digimon,gaioumon,,ガイオウモン,GAIOUMON,究極体,竜人型,ウィルス,https://digimon.net/reference/detail.php?directory_name=gaioumon
838,digimon,omegamon-alter-s,,オメガモン Alter-S,OMEGAMON_ALTER-S,究極体,聖騎士型,ウィルス,https://digimon.net/reference/detail.php?directory_name=omegamon-alter-s
839,digimon,omegamon-x,,オメガモン（X抗体）,OMEGAMON-X,究極体,聖騎士型,ワクチン,https://digimon.net/reference/detail.php?directory_name=omegamon-x
840,digimon,omegamon,,オメガモン,OMEGAMON,究極体,聖騎士型,ワクチン,https://digimon.net/reference/detail.php?directory_name=omegamon
841,digimon,ofanimonfalldownmode,,オファニモン：フォールダウンモード,OFANIMON:FALLDOWNMODE,究極体,堕天使型,ワクチン,https://digimon.net/reference/detail.php?directory_name=ofanimonfalldownmode
842,digimon,ofanimon,,オファニモン,OFANIMON,究極体,座天使型,ワクチン,https://digimon.net/reference/detail.php?directory_name=ofanimon
843,digimon,ornismon,,オニスモン,ORNISMON,究極体,古代鳥型,ウィルス,https://digimon.net/reference/detail.php?directory_name=ornismon
844,digimon,ogudomon,,オグドモン,OGUDOMON,究極体,化身型,ウィルス,https://digimon.net/reference/detail.php?directory_name=ogudomon
845,digimon,ouryumon,,オウリュウモン,OURYUMON,究極体,獣竜型,ワクチン,https://digimon.net/reference/detail.php?directory_name=ouryumon
846,digimon,ancientwisetmon,,エンシェントワイズモン,ANCIENTWISETMON,究極体,古代突然変異型,ウィルス,https://digimon.net/reference/detail.php?directory_name=ancientwisetmon
847,digimon,ancientmegatheriumon,,エンシェントメガテリウモン,ANCIENTMEGATHERIUMON,究極体,古代獣型,データ,https://digimon.net/reference/detail.php?directory_name=ancientmegatheriumon
848,digimon,ancientmermaimon,,エンシェントマーメイモン,ANCIENTMERMAIMON,究極体,古代水棲獣人型,データ,https://digimon.net/reference/detail.php?directory_name=ancientmermaimon
849,digimon,ancientvolcamon,,エンシェントボルケーモン,ANCIENTVOLCAMON,究極体,古代鉱物型,ウィルス,https://digimon.net/reference/detail.php?directory_name=ancientvolcamon
850,digimon,ancientbeatmon,,エンシェントビートモン,ANCIENTBEATMON,究極体,古代昆虫型,ワクチン,https://digimon.net/reference/detail.php?directory_name=ancientbeatmon
851,digimon,ancienttroiamon,,エンシェントトロイアモン,ANCIENTTROIAMON,究極体,古代植物型,データ,https://digimon.net/reference/detail.php?directory_name=ancienttroiamon
852,digimon,ancientsphinkmon,,エンシェントスフィンクモン,ANCIENTSPHINKMON,究極体,古代幻獣型,ウィルス,https://digimon.net/reference/detail.php?directory_name=ancientsphinkmon
853,digimon,ancientgreymon,,エンシェントグレイモン,ANCIENTGREYMON,究極体,古代竜型,ワクチン,https://digimon.net/reference/detail.php?directory_name=ancientgreymon
854,digimon,ancientgarurumon,,エンシェントガルルモン,ANCIENTGARURUMON,究極体,古代獣型,データ,https://digimon.net/reference/detail.php?directory_name=ancientgarurumon
855,digimon,ancientirismon,,エンシェントイリスモン,ANCIENTIRISMON,究極体,古代鳥人型,ワクチン,https://digimon.net/reference/detail.php?directory_name=ancientirismon
856,digimon,eldoradimon,,エルドラディモン,ELDORADIMON,究極体,突然変異型,データ,https://digimon.net/reference/detail.php?directory_name=eldoradimon
857,digimon,examon,,エグザモン,EXAMON,究極体,聖騎士型,データ,https://digimon.net/reference/detail.php?directory_name=examon
858,digimon,vulcanusmon,,ウルカヌスモン,VULCANUSMON,究極体,神人型,データ,https://digimon.net/reference/detail.php?directory_name=vulcanusmon
859,digimon,wargreymon,,ウォーグレイモン,WARGREYMON,究極体,竜人型,ワクチン,https://digimon.net/reference/detail.php?directory_name=wargreymon
860,digimon,venomvamdemon,,ヴェノムヴァンデモン,VENOMVAMDEMON,究極体,魔獣型,ウィルス,https://digimon.net/reference/detail.php?directory_name=venomvamdemon
861,digimon,venusmon,,ウェヌスモン,VENUSMON,究極体,神人型,ワクチン,https://digimon.net/reference/detail.php?directory_name=venusmon
862,digimon,valdurmon,,ヴァロドゥルモン,VALDURMON,究極体,聖鳥型,ワクチン,https://digimon.net/reference/detail.php?directory_name=valdurmon
863,digimon,valkyrimon,,ヴァルキリモン,VALKYRIMON,究極体,戦士型,フリー,https://digimon.net/reference/detail.php?directory_name=valkyrimon
864,digimon,vikemon,,ヴァイクモン,VIKEMON,究極体,獣人型,フリー,https://digimon.net/reference/detail.php?directory_name=vikemon
865,digimon,ebemon,,イーバモン,EBEMON,究極体,サイボーグ型,ウィルス,https://digimon.net/reference/detail.php?directory_name=ebemon
866,digimon,ageisdramon,,イージスドラモン,AGEISDRAMON,究極体,サイボーグ型,ワクチン,https://digimon.net/reference/detail.php?directory_name=ageisdramon
867,digimon,imperialdramonfightermode,,インペリアルドラモン：ファイターモード,IMPERIALDRAMON:FIGHTERMODE,究極体,古代竜人型,フリー,https://digimon.net/reference/detail.php?directory_name=imperialdramonfightermode
868,digimon,imperialdramonpaladinmode,,インペリアルドラモン：パラディンモード,IMPERIALDRAMON:PALADINMODE,究極体,古代聖騎士型,ワクチン,https://digimon.net/reference/detail.php?directory_name=imperialdramonpaladinmode
869,digimon,imperialdramondragonmode,,インペリアルドラモン：ドラゴンモード,IMPERIALDRAMON:DRAGONMODE,究極体,古代竜型,フリー,https://digimon.net/reference/detail.php?directory_name=imperialdramondragonmode
870,digimon,yggdrasill7d6,,イグドラシル＿７Ｄ６,YGGDRASILL7D6,究極体,９０００型,不明,https://digimon.net/reference/detail.php?directory_name=yggdrasill7d6
871,digimon,ulforcevdramon,,アルフォースブイドラモン,ULFORCEVDRAMON,究極体,聖騎士型,ワクチン,https://digimon.net/reference/detail.php?directory_name=ulforcevdramon
872,digimon,alphamon:ouryuken,,アルファモン：王竜剣,ALPHAMON:OURYUKEN,究極体,NO DATA,ワクチン,https://digimon.net/reference/detail.php?directory_name=alphamon:ouryuken
873,digimon,alphamon,,アルファモン,ALPHAMON,究極体,聖騎士型,ワクチン,https://digimon.net/reference/detail.php?directory_name=alphamon
874,digimon,ultimatebrakimon,,アルティメットブラキモン,ULTIMATEBRAKIMON,究極体,サイボーグ型,データ,https://digimon.net/reference/detail.php?directory_name=ultimatebrakimon
875,digimon,algomon,,アルゴモン,ALGOMON_MEGA,究極体,突然変異型,ウィルス,https://digimon.net/reference/detail.php?directory_name=algomon
876,digimon,apollomon,,アポロモン,APOLLOMON,究極体,神人型,ワクチン,https://digimon.net/reference/detail.php?directory_name=apollomon
877,digimon,apoclymon,,アポカリモン,APOCLYMON,究極体,種族不明,不明,https://digimon.net/reference/detail.php?directory_name=apoclymon
878,digimon,anubimon,,アヌビモン,ANUBIMON,究極体,神人型,ワクチン,https://digimon.net/reference/detail.php?directory_name=anubimon
879,digimon,armagemon,,アーマゲモン,ARMAGEMON,究極体,種族不明,不明,https://digimon.net/reference/detail.php?directory_name=armagemon
880,digimon,avengekidmon,,アヴェンジキッドモン,AVENGEKIDMON,究極体,竜人型,ウィルス,https://digimon.net/reference/detail.php?directory_name=avengekidmon
881,digimon,warumonzaemon,,ワルもんざえモン,WARUMONZAEMON,完全体,パペット型,ウィルス,https://digimon.net/reference/detail.php?directory_name=warumonzaemon
882,digimon,waruseadramon,,ワルシードラモン,WARUSEADRAMON,完全体,水棲型,ウィルス,https://digimon.net/reference/detail.php?directory_name=waruseadramon
883,digimon,wisemon,,ワイズモン,WISEMON,完全体,魔人型,ウィルス,https://digimon.net/reference/detail.php?directory_name=wisemon
884,digimon,weregarrumon,,ワーガルルモン,WEREGARURUMON,完全体,獣人型,ワクチン,https://digimon.net/reference/detail.php?directory_name=weregarrumon
885,digimon,locomon,,ロコモン,LOCOMON,完全体,マシーン型,データ,https://digimon.net/reference/detail.php?directory_name=locomon
886,digimon,loaderleomon,,ローダーレオモン,LOADERLIOMON,完全体,マシーン型,ワクチン,https://digimon.net/reference/detail.php?directory_name=loaderleomon
887,digimon,ladydevimon,,レディーデビモン,LADYDEVIMON,完全体,堕天使型,ウィルス,https://digimon.net/reference/detail.php?directory_name=ladydevimon
888,digimon,luminamon,,ルミナモン,LUMINAMON,完全体,妖精型,ワクチン,https://digimon.net/reference/detail.php?directory_name=luminamon
889,digimon,rucemonfalldownmode,,ルーチェモン：フォールダウンモード,RUCEMON:FALLDOWNMODE,完全体,魔王型,ウィルス,https://digimon.net/reference/detail.php?directory_name=rucemonfalldownmode
890,digimon,rookchessmon,,ルークチェスモン,ROOKCHESSMON,完全体,パペット型,ウィルス,https://digimon.net/reference/detail.php?directory_name=rookchessmon
891,digimon,lilimon,,リリモン,LILIMON,完全体,妖精型,データ,https://digimon.net/reference/detail.php?directory_name=lilimon
892,digimon,rapidmon,,ラピッドモン,RAPIDMON,完全体,サイボーグ型,ワクチン,https://digimon.net/reference/detail.php?directory_name=rapidmon
893,digimon,lilamon,,ライラモン,LILAMON,完全体,妖精型,データ,https://digimon.net/reference/detail.php?directory_name=lilamon
894,digimon,rizegreymon,,ライズグレイモン,RIZEGREYMON,完全体,サイボーグ型,ワクチン,https://digimon.net/reference/detail.php?directory_name=rizegreymon
895,digimon,yatagaramon,,ヤタガラモン（2006年アニメ版）,YATAGARAMON,完全体,妖鳥型,ワクチン,https://digimon.net/reference/detail.php?directory_name=yatagaramon
896,digimon,monzaemon,,もんざえモン,MONZAEMON,完全体,パペット型,ワクチン,https://digimon.net/reference/detail.php?directory_name=monzaemon
897,digimon,mephismon,,メフィスモン,MEPHISMON,完全体,堕天使型,ウィルス,https://digimon.net/reference/detail.php?directory_name=mephismon
898,digimon,metalmamemon,,メタルマメモン,METALMAMEMON,完全体,サイボーグ型,データ,https://digimon.net/reference/detail.php?directory_name=metalmamemon
899,digimon,metalfantomon,,メタルファントモン,METALFANTOMON,完全体,サイボーグ型,データ,https://digimon.net/reference/detail.php?directory_name=metalfantomon
900,digimon,metaltyranomon,,メタルティラノモン,METALTYRANOMON,完全体,サイボーグ型,ウィルス,https://digimon.net/reference/detail.php?directory_name=metaltyranomon
901,digimon,metalgreymon-v,,メタルグレイモン（ワクチン種）,METALGREYMON-Va,完全体,サイボーグ型,ワクチン,https://digimon.net/reference/detail.php?directory_name=metalgreymon-v
902,digimon,metalgreymon-web,,メタルグレイモン（ウィルス種）,METALGREYMON-Vi,完全体,サイボーグ型,ウィルス,https://digimon.net/reference/detail.php?directory_name=metalgreymon-web
903,digimon,metallifekuwagamon,,メタリフェクワガーモン,METALLIFEKUWAGAMON,完全体,昆虫型,ウィルス,https://digimon.net/reference/detail.php?directory_name=metallifekuwagamon
904,digimon,megalogrowmon,,メガログラウモン,MEGALOGROWMON,完全体,サイボーグ型,ウィルス,https://digimon.net/reference/detail.php?directory_name=megalogrowmon
905,digimon,megadramon,,メガドラモン,MEGADRAMON,完全体,サイボーグ型,ウィルス,https://digimon.net/reference/detail.php?directory_name=megadramon
906,digimon,megaseadramon,,メガシードラモン,MEGASEADRAMON,完全体,水棲型,データ,https://digimon.net/reference/detail.php?directory_name=megaseadramon
907,digimon,meicrackmon,,メイクラックモン,MEICRACKMON,完全体,獣人型,ワクチン,https://digimon.net/reference/detail.php?directory_name=meicrackmon
908,digimon,mihiramon,,ミヒラモン,MIHIRAMON,完全体,聖獣型,データ,https://digimon.net/reference/detail.php?directory_name=mihiramon
909,digimon,mistymon,,ミスティモン,MISTYMON,完全体,魔法戦士型,ウィルス,https://digimon.net/reference/detail.php?directory_name=mistymon
910,digimon,mammon,,マンモン,MAMMON,完全体,古代獣型,ワクチン,https://digimon.net/reference/detail.php?directory_name=mammon
911,digimon,marindevimon,,マリンデビモン,MARINDEVIMON,完全体,水棲獣人型,ウィルス,https://digimon.net/reference/detail.php?directory_name=marindevimon
912,digimon,mametyramon,,マメティラモン,MAMETYRAMON,完全体,突然変異型,データ,https://digimon.net/reference/detail.php?directory_name=mametyramon
913,digimon,mamemon,,マメモン,MAMEMON,完全体,突然変異型,データ,https://digimon.net/reference/detail.php?directory_name=mamemon
914,digimon,mummymon,,マミーモン,MUMMYMON,完全体,アンデッド型,ウィルス,https://digimon.net/reference/detail.php?directory_name=mummymon
915,digimon,machgaogamon,,マッハガオガモン,MACHGAOGAMON,完全体,サイボーグ型,データ,https://digimon.net/reference/detail.php?directory_name=machgaogamon
916,digimon,matadrmon,,マタドゥルモン,MATADRMON,完全体,アンデッド型,ウィルス,https://digimon.net/reference/detail.php?directory_name=matadrmon
917,digimon,mastertyranomon,,マスターティラノモン,MASTERTYRANOMON,完全体,恐竜型,ワクチン,https://digimon.net/reference/detail.php?directory_name=mastertyranomon
918,digimon,majiramon,,マジラモン,MAJIRAMON,完全体,聖竜型,データ,https://digimon.net/reference/detail.php?directory_name=majiramon
919,digimon,makuramon,,マクラモン,MAKURAMON,完全体,聖獣型,データ,https://digimon.net/reference/detail.php?directory_name=makuramon
920,digimon,mermaimon,,マーメイモン,MERMAIMON,完全体,水棲獣人型,データ,https://digimon.net/reference/detail.php?directory_name=mermaimon
921,digimon,volcamon,,ボルケーモン,VOLCAMON,完全体,サイボーグ型,データ,https://digimon.net/reference/detail.php?directory_name=volcamon
922,digimon,holyangemon,,ホーリーエンジェモン,HOLYANGEMON,完全体,大天使型,ワクチン,https://digimon.net/reference/detail.php?directory_name=holyangemon
923,digimon,whamon,,ホエーモン,WHAMON,完全体,水棲哺乳類型,ワクチン,https://digimon.net/reference/detail.php?directory_name=whamon
924,digimon,betsumon,,ベツモン,BETSUMON,完全体,パペット型,データ,https://digimon.net/reference/detail.php?directory_name=betsumon
925,digimon,vademon2,,ベーダモン（X抗体）,VADEMON2,完全体,宇宙人型,ウィルス,https://digimon.net/reference/detail.php?directory_name=vademon2
926,digimon,vademon,,ベーダモン,VADEMON,完全体,宇宙人型,ウィルス,https://digimon.net/reference/detail.php?directory_name=vademon
927,digimon,blossomon,,ブロッサモン,BLOSSOMON,完全体,植物型,データ,https://digimon.net/reference/detail.php?directory_name=blossomon
928,digimon,flaremon,,フレアモン,FLAREMON,完全体,獣人型,ワクチン,https://digimon.net/reference/detail.php?directory_name=flaremon
929,digimon,bluemeramon,,ブルーメラモン,BLUEMERAMON,完全体,火炎型,ウィルス,https://digimon.net/reference/detail.php?directory_name=bluemeramon
930,digimon,blackmegalogrowmon,,ブラックメガログラウモン,BLACKMEGALOGROWMON,完全体,サイボーグ型,ウィルス,https://digimon.net/reference/detail.php?directory_name=blackmegalogrowmon
931,digimon,phelesmon,,フェレスモン,PHELESMON,完全体,堕天使型,ウィルス,https://digimon.net/reference/detail.php?directory_name=phelesmon
932,digimon,fantomon,,ファントモン,FANTOMON,完全体,ゴースト型,ウィルス,https://digimon.net/reference/detail.php?directory_name=fantomon
933,digimon,hippogriffomon,,ヒポグリフォモン,HIPPOGRIFFOMON,完全体,幻獣型,データ,https://digimon.net/reference/detail.php?directory_name=hippogriffomon
934,digimon,picklemon,,ピッコロモン,PICKLEMON,完全体,妖精型,データ,https://digimon.net/reference/detail.php?directory_name=picklemon
935,digimon,bigmamemon,,ビッグマメモン,BIGMAMEMON,完全体,突然変異型,データ,https://digimon.net/reference/detail.php?directory_name=bigmamemon
936,digimon,bishopchessmon,,ビショップチェスモン,BISHOPCHESSMON,完全体,パペット型,ウィルス,https://digimon.net/reference/detail.php?directory_name=bishopchessmon
937,digimon,hisyaryumon,,ヒシャリュウモン,HISYARYUMON,完全体,獣竜型,ワクチン,https://digimon.net/reference/detail.php?directory_name=hisyaryumon
938,digimon,pumpmon,,パンプモン,PUMPMON,完全体,パペット型,データ,https://digimon.net/reference/detail.php?directory_name=pumpmon
939,digimon,pandamon,,パンダモン,PANDAMON,完全体,パペット型,データ,https://digimon.net/reference/detail.php?directory_name=pandamon
940,digimon,panjyamon,,パンジャモン,PANJYAMON,完全体,獣人型,ワクチン,https://digimon.net/reference/detail.php?directory_name=panjyamon
941,digimon,hangyomon,,ハンギョモン,HANGYOMON,完全体,水棲獣人型,データ,https://digimon.net/reference/detail.php?directory_name=hangyomon
942,digimon,parrotmon,,パロットモン,PARROTMON,完全体,巨鳥型,ワクチン,https://digimon.net/reference/detail.php?directory_name=parrotmon
943,digimon,valvemon,,バルブモン,VALVEMON,完全体,マシーン型,データ,https://digimon.net/reference/detail.php?directory_name=valvemon
944,digimon,bastemon,,バステモン,BASTEMON,完全体,獣人型,ウィルス,https://digimon.net/reference/detail.php?directory_name=bastemon
945,digimon,pajiramon,,パジラモン,PAJIRAMON,完全体,聖獣型,ウィルス,https://digimon.net/reference/detail.php?directory_name=pajiramon
946,digimon,paildramon,,パイルドラモン,PAILDRAMON,完全体,竜人型,フリー,https://digimon.net/reference/detail.php?directory_name=paildramon
947,digimon,neodevimon,,ネオデビモン,NEODEVIMON,完全体,堕天使型,ウィルス,https://digimon.net/reference/detail.php?directory_name=neodevimon
948,digimon,nanomon,,ナノモン,NANOMON,完全体,マシーン型,ウィルス,https://digimon.net/reference/detail.php?directory_name=nanomon
949,digimon,knightmon,,ナイトモン,KNIGHTMON,完全体,戦士型,データ,https://digimon.net/reference/detail.php?directory_name=knightmon
950,digimon,doruguremon,,ドルグレモン,DORUGUREMON,完全体,獣竜型,データ,https://digimon.net/reference/detail.php?directory_name=doruguremon
951,digimon,triceramon,,トリケラモン,TRICERAMON,完全体,角竜型,データ,https://digimon.net/reference/detail.php?directory_name=triceramon
952,digimon,tonosamagekomon,,トノサマゲコモン,TONOSAMAGEKOMON,完全体,両生類型,ウィルス,https://digimon.net/reference/detail.php?directory_name=tonosamagekomon
953,digimon,doumon,,ドウモン,DOUMON,完全体,魔人型,データ,https://digimon.net/reference/detail.php?directory_name=doumon
954,digimon,delumon,,デラモン,DELUMON,完全体,鳥型,データ,https://digimon.net/reference/detail.php?directory_name=delumon
955,digimon,duramon,,デュラモン,DURAMON,完全体,武器型,ワクチン,https://digimon.net/reference/detail.php?directory_name=duramon
956,digimon,deathmeramon,,デスメラモン,DEATHMERAMON,完全体,火炎型,データ,https://digimon.net/reference/detail.php?directory_name=deathmeramon
957,digimon,digitamamon,,デジタマモン,DIGITAMAMON,完全体,パーフェクト型,データ,https://digimon.net/reference/detail.php?directory_name=digitamamon
958,digimon,death-x-doruguremon,,デクスドルグレモン,DEATH-X-DORUGUREMON,完全体,アンデッド型,ウィルス,https://digimon.net/reference/detail.php?directory_name=death-x-doruguremon
959,digimon,dinobeemon,,ディノビーモン,DINOBEEMON,完全体,突然変異型,フリー,https://digimon.net/reference/detail.php?directory_name=dinobeemon
960,digimon,chohakkaimon,,チョ・ハッカイモン,CHOHAKKAIMON,完全体,パペット型,データ,https://digimon.net/reference/detail.php?directory_name=chohakkaimon
961,digimon,caturamon,,チャツラモン,CATURAMON,完全体,聖獣型,データ,https://digimon.net/reference/detail.php?directory_name=caturamon
962,digimon,tyilinmon,,チィリンモン,TYILINMON,完全体,聖獣型,ワクチン,https://digimon.net/reference/detail.php?directory_name=tyilinmon
963,digimon,tankdramon,,タンクドラモン,TANKDRAMON,完全体,マシーン型,ウィルス,https://digimon.net/reference/detail.php?directory_name=tankdramon
964,digimon,dagomon,,ダゴモン,DAGOMON,完全体,水棲獣人型,ウィルス,https://digimon.net/reference/detail.php?directory_name=dagomon
965,digimon,taomon,,タオモン,TAOMON,完全体,魔人型,データ,https://digimon.net/reference/detail.php?directory_name=taomon
966,digimon,darksuperstarmon,,ダークスーパースターモン,DARKSUPERSTARMON,完全体,突然変異型,ウィルス,https://digimon.net/reference/detail.php?directory_name=darksuperstarmon
967,digimon,sirenmon,,セイレーンモン,SIRENMON,完全体,神人型,データ,https://digimon.net/reference/detail.php?directory_name=sirenmon
968,digimon,saviorhuckmon,,セイバーハックモン,SAVIORHUCKMON,完全体,竜人型,データ,https://digimon.net/reference/detail.php?directory_name=saviorhuckmon
969,digimon,zudomon,,ズドモン,ZUDOMON,完全体,海獣型,ワクチン,https://digimon.net/reference/detail.php?directory_name=zudomon
970,digimon,scorpiomon,,スコピオモン,SCORPIOMON,完全体,昆虫型,データ,https://digimon.net/reference/detail.php?directory_name=scorpiomon
971,digimon,skullbaluchimon,,スカルバルキモン,SKULLBALUCHIMON,完全体,アンデッド型,データ,https://digimon.net/reference/detail.php?directory_name=skullbaluchimon
972,digimon,skullsatamon,,スカルサタモン,SKULLSATAMON,完全体,アンデッド型,ウィルス,https://digimon.net/reference/detail.php?directory_name=skullsatamon
973,digimon,skullgreymon,,スカルグレイモン,SKULLGREYMON,完全体,アンデッド型,ウィルス,https://digimon.net/reference/detail.php?directory_name=skullgreymon
974,digimon,superstarmon,,スーパースターモン,SUPERSTARMON,完全体,突然変異型,データ,https://digimon.net/reference/detail.php?directory_name=superstarmon
975,digimon,sinduramon,,シンドゥーラモン,SINDURAMON,完全体,聖鳥型,データ,https://digimon.net/reference/detail.php?directory_name=sinduramon
976,digimon,silphymon,,シルフィーモン,SILPHYMON,完全体,獣人型,フリー,https://digimon.net/reference/detail.php?directory_name=silphymon
977,digimon,jyureimon,,ジュレイモン,JYUREIMON,完全体,植物型,ウィルス,https://digimon.net/reference/detail.php?directory_name=jyureimon
978,digimon,shakkoumon,,シャッコウモン,SHAKKOUMON,完全体,突然変異型,フリー,https://digimon.net/reference/detail.php?directory_name=shakkoumon
979,digimon,jyagamon,,ジャガモン,JYAGAMON,完全体,植物型,ワクチン,https://digimon.net/reference/detail.php?directory_name=jyagamon
980,digimon,shawujinmon,,シャウジンモン,SHAWUJINMON,完全体,魔人型,ウィルス,https://digimon.net/reference/detail.php?directory_name=shawujinmon
981,digimon,sandiramon,,サンティラモン,SANDIRAMON,完全体,聖獣型,ウィルス,https://digimon.net/reference/detail.php?directory_name=sandiramon
982,digimon,sanzomon,,サンゾモン,SANZOMON,完全体,僧侶型,ワクチン,https://digimon.net/reference/detail.php?directory_name=sanzomon
983,digimon,sagomon,,サゴモン,SAGOMON,完全体,魔人型,ウィルス,https://digimon.net/reference/detail.php?directory_name=sagomon
984,digimon,cyberdramon,,サイバードラモン,CYBERDRAMON_ANDROID,完全体,サイボーグ型,ワクチン,https://digimon.net/reference/detail.php?directory_name=cyberdramon
985,digimon,gokuwmon,,ゴクウモン,GOKUWMON,完全体,獣人型,ウィルス,https://digimon.net/reference/detail.php?directory_name=gokuwmon
986,digimon,cerberumon,,ケルベロモン,CERBERUMON,完全体,魔獣型,ワクチン,https://digimon.net/reference/detail.php?directory_name=cerberumon
987,digimon,kumbhiramon,,クンビラモン,KUMBHIRAMON,完全体,聖獣型,ワクチン,https://digimon.net/reference/detail.php?directory_name=kumbhiramon
988,digimon,crescemon,,クレシェモン,CRESCEMON,完全体,魔人型,データ,https://digimon.net/reference/detail.php?directory_name=crescemon
989,digimon,grademon,,グレイドモン,GRADEMON,完全体,戦士型,ワクチン,https://digimon.net/reference/detail.php?directory_name=grademon
990,digimon,grappuleomon,,グラップレオモン,GRAPPULEOMON,完全体,獣人型,ワクチン,https://digimon.net/reference/detail.php?directory_name=grappuleomon
991,digimon,groundramon,,グラウンドラモン,GROUNDRAMON,完全体,地竜型,ウィルス,https://digimon.net/reference/detail.php?directory_name=groundramon
992,digimon,giromon,,ギロモン,GIROMON,完全体,機雷型,ワクチン,https://digimon.net/reference/detail.php?directory_name=giromon
993,digimon,captainhookmon,,キャプテンフックモン,CAPTAINHOOKMON,完全体,海人型,ワクチン,https://digimon.net/reference/detail.php?directory_name=captainhookmon
994,digimon,cannonbeemon,,キャノンビーモン,CANNONBEEMON,完全体,サイボーグ型,ウィルス,https://digimon.net/reference/detail.php?directory_name=cannonbeemon
995,digimon,catchmamemon,,キャッチマメモン,CATCHMAMEMON,完全体,突然変異型,データ,https://digimon.net/reference/detail.php?directory_name=catchmamemon
996,digimon,chimairamon,,キメラモン,CHIMAIRAMON,完全体,合成型,データ,https://digimon.net/reference/detail.php?directory_name=chimairamon
997,digimon,gigadramon,,ギガドラモン,GIGADRAMON,完全体,サイボーグ型,ウィルス,https://digimon.net/reference/detail.php?directory_name=gigadramon
998,digimon,garudamon,,ガルダモン,GARUDAMON,完全体,鳥人型,ワクチン,https://digimon.net/reference/detail.php?directory_name=garudamon
999,digimon,karatenmon,,カラテンモン,KARATENMON,完全体,魔人型,ウィルス,https://digimon.net/reference/detail.php?directory_name=karatenmon
1000,digimon,gerbemon,,ガーベモン,GERBEMON,完全体,突然変異型,ウィルス,https://digimon.net/reference/detail.php?directory_name=gerbemon
1001,digimon,orochimon,,オロチモン,OROCHIMON,完全体,魔竜型,ウィルス,https://digimon.net/reference/detail.php?directory_name=orochimon
1002,digimon,okuwamon,,オオクワモン,OUKUWAMON,完全体,昆虫型,ウィルス,https://digimon.net/reference/detail.php?directory_name=okuwamon
1003,digimon,angewomon,,エンジェウーモン,ANGEWOMON,完全体,大天使型,ワクチン,https://digimon.net/reference/detail.php?directory_name=angewomon
1004,digimon,etemon,,エテモン,ETEMON,完全体,パペット型,ウィルス,https://digimon.net/reference/detail.php?directory_name=etemon
1005,digimon,ex-tyranomon,,エクスティラノモン,EX-TYRANOMON,完全体,パペット型,ワクチン,https://digimon.net/reference/detail.php?directory_name=ex-tyranomon
1006,digimon,earov-dramon,,エアロブイドラモン,EAROV-DRAMON,完全体,聖竜型,ワクチン,https://digimon.net/reference/detail.php?directory_name=earov-dramon
1007,digimon,volcdoramon,,ヴォルクドラモン,VOLCDORAMON,完全体,竜型,データ,https://digimon.net/reference/detail.php?directory_name=volcdoramon
1008,digimon,wingdramon,,ウイングドラモン,WINGDRAMON,完全体,天竜型,ワクチン,https://digimon.net/reference/detail.php?directory_name=wingdramon
1009,digimon,vikaralamon,,ヴィカラーラモン,VIKARALAMON,完全体,聖獣型,ワクチン,https://digimon.net/reference/detail.php?directory_name=vikaralamon
1010,digimon,vamdemon,,ヴァンデモン,VAMDEMON,完全体,アンデッド型,ウィルス,https://digimon.net/reference/detail.php?directory_name=vamdemon
1011,digimon,vajramon,,ヴァジラモン,VAJRAMON,完全体,聖獣型,ワクチン,https://digimon.net/reference/detail.php?directory_name=vajramon
1012,digimon,infermon,,インフェルモン,INFERMON,完全体,種族不明,不明,https://digimon.net/reference/detail.php?directory_name=infermon
1013,digimon,indaramon,,インダラモン,INDARAMON,完全体,聖獣型,ウィルス,https://digimon.net/reference/detail.php?directory_name=indaramon
1014,digimon,insekimon,,インセキモン,INSEKIMON,完全体,鉱石型,データ,https://digimon.net/reference/detail.php?directory_name=insekimon
1015,digimon,andromon,,アンドロモン,ANDROMON,完全体,サイボーグ型,ワクチン,https://digimon.net/reference/detail.php?directory_name=andromon
1016,digimon,andiramon,,アンティラモン（デーヴァ）,ANDIRAMON,完全体,聖獣型,データ,https://digimon.net/reference/detail.php?directory_name=andiramon
1017,digimon,algomon-ultimate,,アルゴモン,ALGOMON_ULTIMATE,完全体,突然変異型,ウィルス,https://digimon.net/reference/detail.php?directory_name=algomon-ultimate
1018,digimon,archnemon,,アルケニモン,ARCHNEMON,完全体,魔獣型,ウィルス,https://digimon.net/reference/detail.php?directory_name=archnemon
1019,digimon,anomalocarimon-x,,アノマロカリモン（X抗体）,ANOMALOCARIMON-X,完全体,古代甲殻類型,データ,https://digimon.net/reference/detail.php?directory_name=anomalocarimon-x
1020,digimon,anomalocarimon,,アノマロカリモン,ANOMALOCARIMON,完全体,古代甲殻類型,データ,https://digimon.net/reference/detail.php?directory_name=anomalocarimon
1021,digimon,atlurkabuterimon,,アトラーカブテリモン（赤）,ATLURKABUTERIMON,完全体,昆虫型,ワクチン,https://digimon.net/reference/detail.php?directory_name=atlurkabuterimon
1022,digimon,atlurkabuterimon-blue,,アトラーカブテリモン（青）,ATLURKABUTERIMON-BLUE,完全体,昆虫型,データ,https://digimon.net/reference/detail.php?directory_name=atlurkabuterimon-blue
1023,digimon,astamon,,アスタモン,ASTAMON,完全体,魔人型,ウィルス,https://digimon.net/reference/detail.php?directory_name=astamon
1024,digimon,asuramon,,アシュラモン,ASURAMON,完全体,魔人型,ワクチン,https://digimon.net/reference/detail.php?directory_name=asuramon
1025,digimon,aegiochusmon:blue,,アイギオテュースモン：ブルー,AEGIOCHUSMON:BLUE,完全体,神人型,ワクチン,https://digimon.net/reference/detail.php?directory_name=aegiochusmon:blue
1026,digimon,aegiochusmon:dark,,アイギオテュースモン：ダーク,AEGIOCHUSMON:DARK,完全体,神人型,ワクチン,https://digimon.net/reference/detail.php?directory_name=aegiochusmon:dark
1027,digimon,aegiochusmon:green,,アイギオテュースモン：グリーン,AEGIOCHUSMON:GREEN,完全体,神人型,ワクチン,https://digimon.net/reference/detail.php?directory_name=aegiochusmon:green
1028,digimon,aegiochusmon,,アイギオテュースモン,AEGIOCHUSMON,完全体,神人型,ワクチン,https://digimon.net/reference/detail.php?directory_name=aegiochusmon
1029,digimon,waspmon,,ワスプモン,WASPMON,成熟期,サイボーグ型,ウィルス,https://digimon.net/reference/detail.php?directory_name=waspmon
1030,digimon,reppamon,,レッパモン,REPPAMON,成熟期,聖獣型,ワクチン,https://digimon.net/reference/detail.php?directory_name=reppamon
1031,digimon,redvegimon,,レッドベジーモン,REDVEGIMON,成熟期,植物型,ウィルス,https://digimon.net/reference/detail.php?directory_name=redvegimon
1032,digimon,lekismon,,レキスモン,LEKISMON,成熟期,獣人型,データ,https://digimon.net/reference/detail.php?directory_name=lekismon
1033,digimon,leomon,,レオモン,LEOMON,成熟期,獣人型,ワクチン,https://digimon.net/reference/detail.php?directory_name=leomon
1034,digimon,raremon,,レアモン,RAREMON,成熟期,アンデッド型,ウィルス,https://digimon.net/reference/detail.php?directory_name=raremon
1035,digimon,rukamon,,ルカモン,RUKAMON,成熟期,水棲哺乳類型,ワクチン,https://digimon.net/reference/detail.php?directory_name=rukamon
1036,digimon,revolmon,,リボルモン,REVOLMON,成熟期,突然変異型,ワクチン,https://digimon.net/reference/detail.php?directory_name=revolmon
1037,digimon,raptordramon,,ラプタードラモン,RAPTORDRAMON,成熟期,サイボーグ型,ワクチン,https://digimon.net/reference/detail.php?directory_name=raptordramon
1038,digimon,liamon,,ライアモン,LIAMON,成熟期,聖獣型,ワクチン,https://digimon.net/reference/detail.php?directory_name=liamon
1039,digimon,youkomon,,ヨウコモン,YOUKOMON,成熟期,妖獣型,データ,https://digimon.net/reference/detail.php?directory_name=youkomon
1040,digimon,yunimon,,ユニモン,YUNIMON,成熟期,幻獣型,ワクチン,https://digimon.net/reference/detail.php?directory_name=yunimon
1041,digimon,yukidarumon,,ユキダルモン,YUKIDARUMON,成熟期,氷雪型,ワクチン,https://digimon.net/reference/detail.php?directory_name=yukidarumon
1042,digimon,monochromon,,モノクロモン,MONOCHROMON,成熟期,鎧竜型,データ,https://digimon.net/reference/detail.php?directory_name=monochromon
1043,digimon,mojyamon,,モジャモン,MOJYAMON,成熟期,珍獣型,ワクチン,https://digimon.net/reference/detail.php?directory_name=mojyamon
1044,digimon,meramon,,メラモン,MERAMON,成熟期,火炎型,データ,https://digimon.net/reference/detail.php?directory_name=meramon
1045,digimon,mechanorimon,,メカノリモン,MECHANORIMON,成熟期,マシーン型,ウィルス,https://digimon.net/reference/detail.php?directory_name=mechanorimon
1046,digimon,musyamon,,ムシャモン,MUSYAMON,成熟期,魔人型,ウィルス,https://digimon.net/reference/detail.php?directory_name=musyamon
1047,digimon,minotaurmon,,ミノタルモン,MINOTAURMON,成熟期,獣人型,ウィルス,https://digimon.net/reference/detail.php?directory_name=minotaurmon
1048,digimon,mikemon,,ミケモン,MIKEMON,成熟期,獣型,データ,https://digimon.net/reference/detail.php?directory_name=mikemon
1049,digimon,porcupamon,,ポキュパモン,PORCUPAMON,成熟期,パペット型,ウィルス,https://digimon.net/reference/detail.php?directory_name=porcupamon
1050,digimon,peckmon,,ペックモン,PECKMON,成熟期,鳥型,ワクチン,https://digimon.net/reference/detail.php?directory_name=peckmon
1051,digimon,vegimon,,ベジーモン,VEGIMON,成熟期,食虫植物型,ウィルス,https://digimon.net/reference/detail.php?directory_name=vegimon
1052,digimon,bladekuwagamon,,ブレイドクワガーモン,BLADEKUWAGAMON,成熟期,マシーン型,ウィルス,https://digimon.net/reference/detail.php?directory_name=bladekuwagamon
1053,digimon,flarelizamon,,フレアリザモン,FLARELIZAMON,成熟期,火炎竜型,データ,https://digimon.net/reference/detail.php?directory_name=flarelizamon
1054,digimon,blimpmon,,ブリンプモン,BLIMPMON,成熟期,マシーン型,データ,https://digimon.net/reference/detail.php?directory_name=blimpmon
1055,digimon,blacktailmon,,ブラックテイルモン,BLACKTAILMON,成熟期,魔獣型,ウィルス,https://digimon.net/reference/detail.php?directory_name=blacktailmon
1056,digimon,blackgrowmon,,ブラックグラウモン,BLACKGROWMON,成熟期,魔竜型,ウィルス,https://digimon.net/reference/detail.php?directory_name=blackgrowmon
1057,digimon,platinasukamon,,プラチナスカモン,PLATINASUKAMON,成熟期,突然変異型,ウィルス,https://digimon.net/reference/detail.php?directory_name=platinasukamon
1058,digimon,flymon,,フライモン,FLYMON,成熟期,昆虫型,ウィルス,https://digimon.net/reference/detail.php?directory_name=flymon
1059,digimon,hookmon,,フックモン,HOOKMON,成熟期,突然変異型,ウィルス,https://digimon.net/reference/detail.php?directory_name=hookmon
1060,digimon,boogiemon,,ブギーモン,BOOGIEMON,成熟期,魔人型,ウィルス,https://digimon.net/reference/detail.php?directory_name=boogiemon
1061,digimon,fugamon,,フーガモン,FUGAMON,成熟期,鬼人型,ウィルス,https://digimon.net/reference/detail.php?directory_name=fugamon
1062,digimon,v-dramon,,ブイドラモン,V-DRAMON,成熟期,幻竜型,ワクチン,https://digimon.net/reference/detail.php?directory_name=v-dramon
1063,digimon,fangmon,,ファングモン,FANGMON,成熟期,魔獣型,データ,https://digimon.net/reference/detail.php?directory_name=fangmon
1064,digimon,firamon,,ファイラモン,FIRAMON,成熟期,獣型,ワクチン,https://digimon.net/reference/detail.php?directory_name=firamon
1065,digimon,hyougamon,,ヒョーガモン,HYOUGAMON,成熟期,氷雪型,ウィルス,https://digimon.net/reference/detail.php?directory_name=hyougamon
1066,digimon,petermon,,ピーターモン,PETERMON,成熟期,妖精型,データ,https://digimon.net/reference/detail.php?directory_name=petermon
1067,digimon,hanumon,,ハヌモン,HANUMON,成熟期,獣人型,ワクチン,https://digimon.net/reference/detail.php?directory_name=hanumon
1068,digimon,bakemon,,バケモン,BAKEMON,成熟期,ゴースト型,ウィルス,https://digimon.net/reference/detail.php?directory_name=bakemon
1069,digimon,baohuckmon,,バオハックモン,BAOHUCKMON,成熟期,恐竜型,データ,https://digimon.net/reference/detail.php?directory_name=baohuckmon
1070,digimon,birdramon,,バードラモン,BIRDRAMON,成熟期,巨鳥型,ワクチン,https://digimon.net/reference/detail.php?directory_name=birdramon
1071,digimon,numemon,,ヌメモン,NUMEMON,成熟期,軟体型,ウィルス,https://digimon.net/reference/detail.php?directory_name=numemon
1072,digimon,nisedrimogemon,,ニセドリモゲモン,NISEDRIMOGEMON,成熟期,獣型,データ,https://digimon.net/reference/detail.php?directory_name=nisedrimogemon
1073,digimon,nanimon,,ナニモン,NANIMON,成熟期,インベイド型,ウィルス,https://digimon.net/reference/detail.php?directory_name=nanimon
1074,digimon,knightchessmon,,ナイトチェスモン（白）,KNIGHTCHESSMON,成熟期,パペット型,ウィルス,https://digimon.net/reference/detail.php?directory_name=knightchessmon
1075,digimon,knightchessmon_black,,ナイトチェスモン（黒）,KNIGHTCHESSMON_BLACK,成熟期,パペット型,ウィルス,https://digimon.net/reference/detail.php?directory_name=knightchessmon_black
1076,digimon,dorugamon,,ドルガモン,DORUGAMON,成熟期,獣竜型,データ,https://digimon.net/reference/detail.php?directory_name=dorugamon
1077,digimon,drimogemon,,ドリモゲモン,DRIMOGEMON,成熟期,獣型,データ,https://digimon.net/reference/detail.php?directory_name=drimogemon
1078,digimon,tobucatmon,,トブキャットモン,TOBUCATMON,成熟期,パペット型,データ,https://digimon.net/reference/detail.php?directory_name=tobucatmon
1079,digimon,dogmon,,ドッグモン,DOGMON,成熟期,パペット型,データ,https://digimon.net/reference/detail.php?directory_name=dogmon
1080,digimon,togemon,,トゲモン,TOGEMON,成熟期,植物型,データ,https://digimon.net/reference/detail.php?directory_name=togemon
1081,digimon,dokugumon,,ドクグモン,DOKUGUMON,成熟期,昆虫型,ウィルス,https://digimon.net/reference/detail.php?directory_name=dokugumon
1082,digimon,dobermon,,ドーベルモン,DOBERMON,成熟期,魔獣型,ワクチン,https://digimon.net/reference/detail.php?directory_name=dobermon
1083,digimon,tortamon,,トータモン,TORTAMON,成熟期,爬虫類型,ワクチン,https://digimon.net/reference/detail.php?directory_name=tortamon
1084,digimon,turuiemon,,トゥルイエモン,TURUIEMON,成熟期,獣人型,データ,https://digimon.net/reference/detail.php?directory_name=turuiemon
1085,digimon,deltamon,,デルタモン,DELTAMON,成熟期,合成型,ウィルス,https://digimon.net/reference/detail.php?directory_name=deltamon
1086,digimon,devimon,,デビモン,DEVIMON,成熟期,堕天使型,ウィルス,https://digimon.net/reference/detail.php?directory_name=devimon
1087,digimon,devidramon,,デビドラモン,DEVIDRAMON,成熟期,邪竜型,ウィルス,https://digimon.net/reference/detail.php?directory_name=devidramon
1088,digimon,death-x-dorugamon,,デクスドルガモン,DEATH-X-DORUGAMON,成熟期,アンデッド型,ウィルス,https://digimon.net/reference/detail.php?directory_name=death-x-dorugamon
1089,digimon,tailmon,,テイルモン,TAILMON,成熟期,聖獣型,ワクチン,https://digimon.net/reference/detail.php?directory_name=tailmon
1090,digimon,tyranomon,,ティラノモン,TYRANOMON,成熟期,恐竜型,データ,https://digimon.net/reference/detail.php?directory_name=tyranomon
1091,digimon,diatrymon,,ディアトリモン,DIATRYMON,成熟期,古代鳥型,ワクチン,https://digimon.net/reference/detail.php?directory_name=diatrymon
1092,digimon,tuchidarumon,,ツチダルモン,TUCHIDARUMON,成熟期,突然変異型,データ,https://digimon.net/reference/detail.php?directory_name=tuchidarumon
1093,digimon,tankmon,,タンクモン,TANKMON,成熟期,サイボーグ型,データ,https://digimon.net/reference/detail.php?directory_name=tankmon
1094,digimon,darcmon,,ダルクモン,DARCMON,成熟期,天使型,ワクチン,https://digimon.net/reference/detail.php?directory_name=darcmon
1095,digimon,tuskmon,,タスクモン,TUSKMON,成熟期,恐竜型,ウィルス,https://digimon.net/reference/detail.php?directory_name=tuskmon
1096,digimon,targetmon,,ターゲットモン,TARGETMON,成熟期,パペット型,ウィルス,https://digimon.net/reference/detail.php?directory_name=targetmon
1097,digimon,darklizamon,,ダークリザモン,DARKLIZAMON,成熟期,邪竜型,ウィルス,https://digimon.net/reference/detail.php?directory_name=darklizamon
1098,digimon,darktyranomon,,ダークティラノモン,DARKTYRANOMON,成熟期,恐竜型,ウィルス,https://digimon.net/reference/detail.php?directory_name=darktyranomon
1099,digimon,sorcerimon,,ソーサリモン,SORCERIMON,成熟期,魔人型,ワクチン,https://digimon.net/reference/detail.php?directory_name=sorcerimon
1100,digimon,soulmon,,ソウルモン,SOULMON,成熟期,ゴースト型,ウィルス,https://digimon.net/reference/detail.php?directory_name=soulmon
1101,digimon,saberdramon,,セーバードラモン,SABERDRAMON,成熟期,巨鳥型,ワクチン,https://digimon.net/reference/detail.php?directory_name=saberdramon
1102,digimon,zubaeagermon,,ズバイガーモン,ZUBAEAGERMON,成熟期,武器型,ワクチン,https://digimon.net/reference/detail.php?directory_name=zubaeagermon
1103,digimon,snimon,,スナイモン,SNIMON,成熟期,昆虫型,ワクチン,https://digimon.net/reference/detail.php?directory_name=snimon
1104,digimon,strikedramon,,ストライクドラモン,STRIKEDRAMON,成熟期,竜人型,ワクチン,https://digimon.net/reference/detail.php?directory_name=strikedramon
1105,digimon,stingmon,,スティングモン,STINGMON,成熟期,昆虫型,フリー,https://digimon.net/reference/detail.php?directory_name=stingmon
1106,digimon,starmon,,スターモン,STARMON,成熟期,突然変異型,データ,https://digimon.net/reference/detail.php?directory_name=starmon
1107,digimon,scumon,,スカモン,SCUMON,成熟期,ミュータント型,ウィルス,https://digimon.net/reference/detail.php?directory_name=scumon
1108,digimon,junglemojamon,,ジャングルモジャモン,JUNGLEMOJAMON,成熟期,珍獣型,データ,https://digimon.net/reference/detail.php?directory_name=junglemojamon
1109,digimon,shimaunimon,,シマユニモン,SHIMAUNIMON,成熟期,幻獣型,ワクチン,https://digimon.net/reference/detail.php?directory_name=shimaunimon
1110,digimon,sistermonnoir,,シスタモン ノワール,SISTERMONNOIR,成熟期,パペット型,ウィルス,https://digimon.net/reference/detail.php?directory_name=sistermonnoir
1111,digimon,geogreymon,,ジオグレイモン,GEOGREYMON,成熟期,恐竜型,ワクチン,https://digimon.net/reference/detail.php?directory_name=geogreymon
1112,digimon,shellmon,,シェルモン,SHELLMON,成熟期,軟体型,データ,https://digimon.net/reference/detail.php?directory_name=shellmon
1113,digimon,shademon,,シェイドモン,SHADEMON,成熟期,種族不明,ウィルス,https://digimon.net/reference/detail.php?directory_name=shademon
1114,digimon,sealsdramon,,シールズドラモン,SEALSDRAMON,成熟期,サイボーグ型,ウィルス,https://digimon.net/reference/detail.php?directory_name=sealsdramon
1115,digimon,coelamon,,シーラモン,COELAMON,成熟期,古代魚型,データ,https://digimon.net/reference/detail.php?directory_name=coelamon
1116,digimon,seadramon,,シードラモン,SEADRAMON,成熟期,水棲型,データ,https://digimon.net/reference/detail.php?directory_name=seadramon
1117,digimon,siesamon,,シーサモン,SIESAMON,成熟期,聖獣型,ワクチン,https://digimon.net/reference/detail.php?directory_name=siesamon
1118,digimon,sunflowmon,,サンフラウモン,SUNFLOWMON,成熟期,植物型,データ,https://digimon.net/reference/detail.php?directory_name=sunflowmon
1119,digimon,thunderballmon,,サンダーボールモン,THUNDERBALLMON,成熟期,突然変異型,データ,https://digimon.net/reference/detail.php?directory_name=thunderballmon
1120,digimon,sangloupmon,,サングルゥモン,SANGLOUPMON,成熟期,魔獣型,ウィルス,https://digimon.net/reference/detail.php?directory_name=sangloupmon
1121,digimon,zassoumon,,ザッソーモン,ZASSOUMON,成熟期,植物型,ウィルス,https://digimon.net/reference/detail.php?directory_name=zassoumon
1122,digimon,cyclomon,,サイクロモン,CYCLOMON,成熟期,竜人型,ウィルス,https://digimon.net/reference/detail.php?directory_name=cyclomon
1123,digimon,gorimon,,ゴリモン,GORIMON,成熟期,獣人型,データ,https://digimon.net/reference/detail.php?directory_name=gorimon
1124,digimon,gokimon,,ゴキモン,GOKIMON,成熟期,昆虫型,ウィルス,https://digimon.net/reference/detail.php?directory_name=gokimon
1125,digimon,golemon,,ゴーレモン,GOLEMON,成熟期,鉱物型,ウィルス,https://digimon.net/reference/detail.php?directory_name=golemon
1126,digimon,cockatrimon,,コカトリモン,COCKATRIMON,成熟期,巨鳥型,データ,https://digimon.net/reference/detail.php?directory_name=cockatrimon
1127,digimon,kougamon,,コウガモン,KOUGAMON,成熟期,突然変異型,データ,https://digimon.net/reference/detail.php?directory_name=kougamon
1128,digimon,coredramon_g,,コアドラモン（緑）,COREDRAMON_G,成熟期,竜型,ウィルス,https://digimon.net/reference/detail.php?directory_name=coredramon_g
1129,digimon,coredramon_b,,コアドラモン（青）,COREDRAMON_B,成熟期,竜型,ワクチン,https://digimon.net/reference/detail.php?directory_name=coredramon_b
1130,digimon,centalmon,,ケンタルモン,CENTALMON,成熟期,獣人型,データ,https://digimon.net/reference/detail.php?directory_name=centalmon
1131,digimon,geremon,,ゲレモン,GEREMON,成熟期,軟体型,ウィルス,https://digimon.net/reference/detail.php?directory_name=geremon
1132,digimon,gesomon,,ゲソモン,GESOMON,成熟期,軟体型,ウィルス,https://digimon.net/reference/detail.php?directory_name=gesomon
1133,digimon,kuwagamon,,クワガーモン,KUWAGAMON,成熟期,昆虫型,ウィルス,https://digimon.net/reference/detail.php?directory_name=kuwagamon
1134,digimon,clockmon,,クロックモン,CLOCKMON,成熟期,マシーン型,データ,https://digimon.net/reference/detail.php?directory_name=clockmon
1135,digimon,greymon-first,,グレイモン,GREYMON,成熟期,恐竜型,ワクチン,https://digimon.net/reference/detail.php?directory_name=greymon-first
1136,digimon,gururumon,,グルルモン,GURURUMON,成熟期,獣型,ワクチン,https://digimon.net/reference/detail.php?directory_name=gururumon
1137,digimon,gryzmon,,グリズモン,GRYZMON,成熟期,獣型,ワクチン,https://digimon.net/reference/detail.php?directory_name=gryzmon
1138,digimon,chrysalimon,,クリサリモン,CHRYSALIMON,成熟期,種族不明,不明,https://digimon.net/reference/detail.php?directory_name=chrysalimon
1139,digimon,growmon,,グラウモン,GROWMON,成熟期,魔竜型,ウィルス,https://digimon.net/reference/detail.php?directory_name=growmon
1140,digimon,ginryumon,,ギンリュウモン,GINRYUMON,成熟期,獣竜型,ワクチン,https://digimon.net/reference/detail.php?directory_name=ginryumon
1141,digimon,ginkakumon,,ギンカクモン,GINKAKUMON,成熟期,鬼人型,ウィルス,https://digimon.net/reference/detail.php?directory_name=ginkakumon
1142,digimon,kinkakumon,,キンカクモン,KINKAKUMON,成熟期,鬼人型,ウィルス,https://digimon.net/reference/detail.php?directory_name=kinkakumon
1143,digimon,kyubimon,,キュウビモン,KYUBIMON,成熟期,妖獣型,データ,https://digimon.net/reference/detail.php?directory_name=kyubimon
1144,digimon,kiwimon,,キウイモン,KIWIMON,成熟期,古代鳥型,データ,https://digimon.net/reference/detail.php?directory_name=kiwimon
1145,digimon,gawappamon,,ガワッパモン,GAWAPPAMON,成熟期,サイボーグ型,データ,https://digimon.net/reference/detail.php?directory_name=gawappamon
1146,digimon,garurumon,,ガルルモン,GARURUMON,成熟期,獣型,ワクチン,https://digimon.net/reference/detail.php?directory_name=garurumon
1147,digimon,galgomon,,ガルゴモン,GALGOMON,成熟期,獣人型,ワクチン,https://digimon.net/reference/detail.php?directory_name=galgomon
1148,digimon,karatukinumemon,,カラツキヌメモン,KARATUKINUMEMON,成熟期,甲殻類型,ウィルス,https://digimon.net/reference/detail.php?directory_name=karatukinumemon
1149,digimon,kabuterimon,,カブテリモン,KABUTERIMON,成熟期,昆虫型,ワクチン,https://digimon.net/reference/detail.php?directory_name=kabuterimon
1150,digimon,guardromon,,ガードロモン,GUARDROMON,成熟期,マシーン型,ウィルス,https://digimon.net/reference/detail.php?directory_name=guardromon
1151,digimon,gaogamon,,ガオガモン,GAOGAMON,成熟期,獣型,データ,https://digimon.net/reference/detail.php?directory_name=gaogamon
1152,digimon,omekamon,,オメカモン,OMEKAMON,成熟期,パペット型,データ,https://digimon.net/reference/detail.php?directory_name=omekamon
1153,digimon,octmon,,オクタモン,OCTMON,成熟期,軟体型,ウィルス,https://digimon.net/reference/detail.php?directory_name=octmon
1154,digimon,orgemon,,オーガモン,ORGEMON,成熟期,鬼人型,ウィルス,https://digimon.net/reference/detail.php?directory_name=orgemon
1155,digimon,angemon,,エンジェモン,ANGEMON,成熟期,天使型,ワクチン,https://digimon.net/reference/detail.php?directory_name=angemon
1156,digimon,ebidramon,,エビドラモン,EBIDRAMON,成熟期,水棲型,データ,https://digimon.net/reference/detail.php?directory_name=ebidramon
1157,digimon,xv-mon,,エクスブイモン,XV-MON,成熟期,幻竜型,フリー,https://digimon.net/reference/detail.php?directory_name=xv-mon
1158,digimon,airdramon,,エアドラモン,AIRDRAMON,成熟期,幻獣型,ワクチン,https://digimon.net/reference/detail.php?directory_name=airdramon
1159,digimon,woodmon,,ウッドモン,WOODMON,成熟期,植物型,ウィルス,https://digimon.net/reference/detail.php?directory_name=woodmon
1160,digimon,wendimon,,ウェンディモン,WENDIMON,成熟期,獣人型,ウィルス,https://digimon.net/reference/detail.php?directory_name=wendimon
1161,digimon,witchmon,,ウィッチモン,WITCHMON,成熟期,魔人型,データ,https://digimon.net/reference/detail.php?directory_name=witchmon
1162,digimon,wizarmon,,ウィザーモン,WIZARMON,成熟期,魔人型,データ,https://digimon.net/reference/detail.php?directory_name=wizarmon
1163,digimon,evilmon,,イビルモン,EVILMON,成熟期,小悪魔型,ウィルス,https://digimon.net/reference/detail.php?directory_name=evilmon
1164,digimon,ikkakumon,,イッカクモン,IKKAKUMON,成熟期,海獣型,ワクチン,https://digimon.net/reference/detail.php?directory_name=ikkakumon
1165,digimon,igamon,,イガモン,IGAMON,成熟期,突然変異,データ,https://digimon.net/reference/detail.php?directory_name=igamon
1166,digimon,ankylomon,,アンキロモン,ANKYLOMON,成熟期,鎧竜型,フリー,https://digimon.net/reference/detail.php?directory_name=ankylomon
1167,digimon,aquilamon,,アクィラモン,AQUILAMON,成熟期,巨鳥型,フリー,https://digimon.net/reference/detail.php?directory_name=aquilamon
1168,digimon,akatorimon,,アカトリモン,AKATORIMON,成熟期,巨鳥型,データ,https://digimon.net/reference/detail.php?directory_name=akatorimon
1169,digimon,icemon,,アイスモン,ICEMON,成熟期,氷雪型,データ,https://digimon.net/reference/detail.php?directory_name=icemon
1170,digimon,aegiomon,,アイギオモン,AEGIOMON,成熟期,神人型,ワクチン,https://digimon.net/reference/detail.php?directory_name=aegiomon
1171,digimon,wormmon,,ワームモン,WORMMON,成長期,幼虫型,フリー,https://digimon.net/reference/detail.php?directory_name=wormmon
1172,digimon,lopmon,,ロップモン,LOPMON,成長期,獣型,データ,https://digimon.net/reference/detail.php?directory_name=lopmon
1173,digimon,renamon,,レナモン,RENAMON,成長期,獣人型,データ,https://digimon.net/reference/detail.php?directory_name=renamon
1174,digimon,liollmon,,レオルモン,LIOLLMON,成長期,聖獣型,ワクチン,https://digimon.net/reference/detail.php?directory_name=liollmon
1175,digimon,lunamon,,ルナモン,LUNAMON,成長期,哺乳類型,データ,https://digimon.net/reference/detail.php?directory_name=lunamon
1176,digimon,lucemon,,ルーチェモン,LUCEMON,成長期,天使型,ワクチン,https://digimon.net/reference/detail.php?directory_name=lucemon
1177,digimon,ryudamon,,リュウダモン,RYUDAMON,成長期,獣型,ワクチン,https://digimon.net/reference/detail.php?directory_name=ryudamon
1178,digimon,lalamon,,ララモン,LALAMON,成長期,植物型,データ,https://digimon.net/reference/detail.php?directory_name=lalamon
1179,digimon,labramon,,ラブラモン,LABRAMON,成長期,獣型,ワクチン,https://digimon.net/reference/detail.php?directory_name=labramon
1180,digimon,yukiagumon,,ユキアグモン,YUKIAGUMON,成長期,恐竜型,ワクチン,https://digimon.net/reference/detail.php?directory_name=yukiagumon
1181,digimon,monodramon,,モノドラモン,MONODRAMON,成長期,小竜型,ワクチン,https://digimon.net/reference/detail.php?directory_name=monodramon
1182,digimon,muchomon,,ムーチョモン,MUCHOMON,成長期,鳥型,データ,https://digimon.net/reference/detail.php?directory_name=muchomon
1183,digimon,mushmon,,マッシュモン,MUSHMON,成長期,植物型,ウィルス,https://digimon.net/reference/detail.php?directory_name=mushmon
1184,digimon,bokomon,,ボコモン,BOKOMON,成長期,突然変異型,ワクチン,https://digimon.net/reference/detail.php?directory_name=bokomon
1185,digimon,paunchessmon-white,,ポーンチェスモン（白）,PAUNCHESSMON-WHITE,成長期,パペット型,ウィルス,https://digimon.net/reference/detail.php?directory_name=paunchessmon-white
1186,digimon,paunchessmon,,ポーンチェスモン（黒）,PAUNCHESSMON,成長期,パペット型,ウィルス,https://digimon.net/reference/detail.php?directory_name=paunchessmon
1187,digimon,hawkmon,,ホークモン,HAWKMON,成長期,鳥型,フリー,https://digimon.net/reference/detail.php?directory_name=hawkmon
1188,digimon,penmon,,ペンモン,PENMON,成長期,鳥型,ワクチン,https://digimon.net/reference/detail.php?directory_name=penmon
1189,digimon,betamon,,ベタモン,BETAMON,成長期,両生類型,ウィルス,https://digimon.net/reference/detail.php?directory_name=betamon
1190,digimon,bearmon,,ベアモン,BEARMON,成長期,獣型,ワクチン,https://digimon.net/reference/detail.php?directory_name=bearmon
1191,digimon,plotmon,,プロットモン,PLOTMON,成長期,哺乳類型,ワクチン,https://digimon.net/reference/detail.php?directory_name=plotmon
1192,digimon,floramon,,フローラモン,FLORAMON,成長期,植物型,データ,https://digimon.net/reference/detail.php?directory_name=floramon
1193,digimon,v-mon,,ブイモン,V-MON,成長期,小竜型,フリー,https://digimon.net/reference/detail.php?directory_name=v-mon
1194,digimon,funbeemon,,ファンビーモン,FUNBEEMON,成長期,昆虫型,ウィルス,https://digimon.net/reference/detail.php?directory_name=funbeemon
1195,digimon,falcomon,,ファルコモン,FALCOMON,成長期,鳥型,ワクチン,https://digimon.net/reference/detail.php?directory_name=falcomon
1196,digimon,phascomon,,ファスコモン,PHASCOMON,成長期,魔獣型,ウィルス,https://digimon.net/reference/detail.php?directory_name=phascomon
1197,digimon,piyomon,,ピヨモン,PIYOMON,成長期,ヒナ鳥型,ワクチン,https://digimon.net/reference/detail.php?directory_name=piyomon
1198,digimon,picodevimon,,ピコデビモン,PICODEVIMON,成長期,小悪魔型,ウィルス,https://digimon.net/reference/detail.php?directory_name=picodevimon
1199,digimon,palmon,,パルモン,PALMON,成長期,植物型,データ,https://digimon.net/reference/detail.php?directory_name=palmon
1200,digimon,huckmon,,ハックモン,HUCKMON,成長期,小竜型,データ,https://digimon.net/reference/detail.php?directory_name=huckmon
1201,digimon,patamon,,パタモン,PATAMON,成長期,哺乳類型,データ,https://digimon.net/reference/detail.php?directory_name=patamon
1202,digimon,hagurumon,,ハグルモン,HAGURUMON,成長期,マシーン型,ウィルス,https://digimon.net/reference/detail.php?directory_name=hagurumon
1203,digimon,bakumon,,バクモン,BAKUMON,成長期,聖獣型,ワクチン,https://digimon.net/reference/detail.php?directory_name=bakumon
1204,digimon,neamon,,ネーモン,NEAMON,成長期,獣型,データ,https://digimon.net/reference/detail.php?directory_name=neamon
1205,digimon,niseagumonhakase,,ニセアグモン博士,NISEAGUMONHAKASE,成長期,恐竜型,ウィルス,https://digimon.net/reference/detail.php?directory_name=niseagumonhakase
1206,digimon,dorumon,,ドルモン,DORUMON,成長期,獣型,データ,https://digimon.net/reference/detail.php?directory_name=dorumon
1207,digimon,dracomon,,ドラコモン,DRACOMON,成長期,竜型,データ,https://digimon.net/reference/detail.php?directory_name=dracomon
1208,digimon,dracumon,,ドラクモン,DRACUMON,成長期,アンデッド型,ウィルス,https://digimon.net/reference/detail.php?directory_name=dracumon
1209,digimon,toyagumon,,トイアグモン,TOYAGUMON,成長期,パペット型,ワクチン,https://digimon.net/reference/detail.php?directory_name=toyagumon
1210,digimon,tentomon,,テントモン,TENTOMON,成長期,昆虫型,ワクチン,https://digimon.net/reference/detail.php?directory_name=tentomon
1211,digimon,terriermon,,テリアモン,TERRIERMON,成長期,獣型,ワクチン,https://digimon.net/reference/detail.php?directory_name=terriermon
1212,digimon,tinkermon,,ティンカーモン,TINKERMON,成長期,妖精型,ウィルス,https://digimon.net/reference/detail.php?directory_name=tinkermon
1213,digimon,tukaimon,,ツカイモン,TUKAIMON,成長期,哺乳類型,ウィルス,https://digimon.net/reference/detail.php?directory_name=tukaimon
1214,digimon,tyumon,,チューモン,TYUMON,成長期,獣型,ウィルス,https://digimon.net/reference/detail.php?directory_name=tyumon
1215,digimon,solarmon,,ソーラーモン,SOLARMON,成長期,マシーン型,ワクチン,https://digimon.net/reference/detail.php?directory_name=solarmon
1216,digimon,zubamon,,ズバモン,ZUBAMON,成長期,武器型,ワクチン,https://digimon.net/reference/detail.php?directory_name=zubamon
1217,digimon,snowgoburimon,,スノーゴブリモン,SNOWGOBURIMON,成長期,鬼人型,ウィルス,https://digimon.net/reference/detail.php?directory_name=snowgoburimon
1218,digimon,swimmon,,スイムモン,SWIMMON,成長期,熱帯魚型,ワクチン,https://digimon.net/reference/detail.php?directory_name=swimmon
1219,digimon,shakomon,,シャコモン,SHAKOMON,成長期,甲殻類型,ウィルス,https://digimon.net/reference/detail.php?directory_name=shakomon
1220,digimon,shamamon,,シャーマモン,SHAMAMON,成長期,鬼人型,ウィルス,https://digimon.net/reference/detail.php?directory_name=shamamon
1221,digimon,sistermonblanc,,シスタモン ブラン,SISTERMONBLANC,成長期,パペット型,ワクチン,https://digimon.net/reference/detail.php?directory_name=sistermonblanc
1222,digimon,psychemon,,サイケモン,PSYCHEMON,成長期,爬虫類型,データ,https://digimon.net/reference/detail.php?directory_name=psychemon
1223,digimon,coronamon,,コロナモン,CORONAMON,成長期,獣型,ワクチン,https://digimon.net/reference/detail.php?directory_name=coronamon
1224,digimon,commandramon,,コマンドラモン,COMMANDRAMON,成長期,サイボーグ型,ウィルス,https://digimon.net/reference/detail.php?directory_name=commandramon
1225,digimon,gomamon,,ゴマモン,GOMAMON,成長期,海獣型,ワクチン,https://digimon.net/reference/detail.php?directory_name=gomamon
1226,digimon,goburimon,,ゴブリモン,GOBURIMON,成長期,鬼人型,ウィルス,https://digimon.net/reference/detail.php?directory_name=goburimon
1227,digimon,kotemon,,コテモン,KOTEMON,成長期,爬虫類型,データ,https://digimon.net/reference/detail.php?directory_name=kotemon
1228,digimon,gottsumon,,ゴツモン,GOTTSUMON,成長期,鉱石型,データ,https://digimon.net/reference/detail.php?directory_name=gottsumon
1229,digimon,kokuwamon,,コクワモン,KOKUWAMON,成長期,マシーン型,データ,https://digimon.net/reference/detail.php?directory_name=kokuwamon
1230,digimon,kokabuterimon,,コカブテリモン,KOKABUTERIMON,成長期,昆虫型,ウィルス,https://digimon.net/reference/detail.php?directory_name=kokabuterimon
1231,digimon,koemon,,コエモン,KOEMON,成長期,獣型,ウィルス,https://digimon.net/reference/detail.php?directory_name=koemon
1232,digimon,keramon,,ケラモン,KERAMON,成長期,種族不明,不明,https://digimon.net/reference/detail.php?directory_name=keramon
1233,digimon,kunemon,,クネモン,KUNEMON,成長期,幼虫型,ウィルス,https://digimon.net/reference/detail.php?directory_name=kunemon
1234,digimon,kudamon,,クダモン,KUDAMON,成長期,聖獣型,ワクチン,https://digimon.net/reference/detail.php?directory_name=kudamon
1235,digimon,guilmon,,ギルモン,GUILMON,成長期,爬虫類型,ウィルス,https://digimon.net/reference/detail.php?directory_name=guilmon
1236,digimon,candmon,,キャンドモン,CANDMON,成長期,火炎型,データ,https://digimon.net/reference/detail.php?directory_name=candmon
1237,digimon,gizamon,,ギザモン,GIZAMON,成長期,水棲哺乳類型,ウィルス,https://digimon.net/reference/detail.php?directory_name=gizamon
1238,digimon,kamemon,,カメモン,KAMEMON,成長期,サイボーグ型,データ,https://digimon.net/reference/detail.php?directory_name=kamemon
1239,digimon,gabumon,,ガブモン,GABUMON,成長期,爬虫類型,データ,https://digimon.net/reference/detail.php?directory_name=gabumon
1240,digimon,ganimon,,ガニモン,GANIMON,成長期,甲殻類型,データ,https://digimon.net/reference/detail.php?directory_name=ganimon
1241,digimon,gazimon,,ガジモン,GAZIMON,成長期,哺乳類型,ウィルス,https://digimon.net/reference/detail.php?directory_name=gazimon
1242,digimon,gaomon,,ガオモン,GAOMON,成長期,獣型,データ,https://digimon.net/reference/detail.php?directory_name=gaomon
1243,digimon,otamamon-red,,オタマモン（赤）,OTAMAMON-RED,成長期,両生類型,データ,https://digimon.net/reference/detail.php?directory_name=otamamon-red
1244,digimon,otamamon,,オタマモン,OTAMAMON,成長期,両生類型,ウィルス,https://digimon.net/reference/detail.php?directory_name=otamamon
1245,digimon,elecmon-violet,,エレキモン（紫）,ELECMON-VIOLET,成長期,哺乳類型,ウィルス,https://digimon.net/reference/detail.php?directory_name=elecmon-violet
1246,digimon,elecmon,,エレキモン,ELECMON,成長期,哺乳類型,データ,https://digimon.net/reference/detail.php?directory_name=elecmon
1247,digimon,ebiburgamon,,エビバーガモン,EBIBURGAMON,成長期,食物型,データ,https://digimon.net/reference/detail.php?directory_name=ebiburgamon
1248,digimon,impmon,,インプモン,IMPMON,成長期,小悪魔型,ウィルス,https://digimon.net/reference/detail.php?directory_name=impmon
1249,digimon,alraumon,,アルラウモン,ALRAUMON,成長期,植物型,データ,https://digimon.net/reference/detail.php?directory_name=alraumon
1250,digimon,armadimon,,アルマジモン,ARMADIMON,成長期,哺乳類型,フリー,https://digimon.net/reference/detail.php?directory_name=armadimon
1251,digimon,arkadimon,,アルカディモン,ARKADIMON,成長期,妖獣型,ウィルス,https://digimon.net/reference/detail.php?directory_name=arkadimon
1252,digimon,agumonhakase,,アグモン博士,AGUMONHAKASE,成長期,恐竜型,ワクチン,https://digimon.net/reference/detail.php?directory_name=agumonhakase
1253,digimon,agumon-black,,アグモン（黒）,AGUMON-BLACK,成長期,爬虫類型,ウィルス,https://digimon.net/reference/detail.php?directory_name=agumon-black
1254,digimon,agumon-2006,,アグモン（２００６アニメ版）,AGUMON-2006,成長期,恐竜型,ワクチン,https://digimon.net/reference/detail.php?directory_name=agumon-2006
1255,digimon,agumon,,アグモン,AGUMON,成長期,爬虫類型,ワクチン,https://digimon.net/reference/detail.php?directory_name=agumon
1256,digimon,wanyamon,,ワニャモン,WANYAMON,幼年期Ⅱ,レッサー型,,https://digimon.net/reference/detail.php?directory_name=wanyamon
1257,digimon,mochimon,,モチモン,MOCHIMON,幼年期Ⅱ,レッサー型,,https://digimon.net/reference/detail.php?directory_name=mochimon
1258,digimon,minomon,,ミノモン,MINOMON,幼年期Ⅱ,幼虫型,,https://digimon.net/reference/detail.php?directory_name=minomon
1259,digimon,missimon,,ミサイモン,MISSIMON,幼年期Ⅱ,マシーン型,,https://digimon.net/reference/detail.php?directory_name=missimon
1260,digimon,poromon,,ポロモン,POROMON,幼年期Ⅱ,小鳥型,,https://digimon.net/reference/detail.php?directory_name=poromon
1261,digimon,pokomon,,ポコモン,POKOMON,幼年期Ⅱ,レッサー型,,https://digimon.net/reference/detail.php?directory_name=pokomon
1262,digimon,babydmon,,ベビドモン,BABYDMON,幼年期Ⅱ,幼竜型,,https://digimon.net/reference/detail.php?directory_name=babydmon
1263,digimon,puroromon,,プロロモン,PUROROMON,幼年期Ⅱ,幼虫型,,https://digimon.net/reference/detail.php?directory_name=puroromon
1264,digimon,frimon,,フリモン,FRIMON,幼年期Ⅱ,レッサー型,,https://digimon.net/reference/detail.php?directory_name=frimon
1265,digimon,petimeramon,,プチメラモン,PETIMERAMON,幼年期Ⅱ,火炎型,,https://digimon.net/reference/detail.php?directory_name=petimeramon
1266,digimon,pukamon,,プカモン,PUKAMON,幼年期Ⅱ,レッサー型,,https://digimon.net/reference/detail.php?directory_name=pukamon
1267,digimon,pyocomon,,ピョコモン,PYOCOMON,幼年期Ⅱ,球根型,,https://digimon.net/reference/detail.php?directory_name=pyocomon
1268,digimon,pinamon,,ピナモン,PINAMON,幼年期Ⅱ,ヒナ鳥型,,https://digimon.net/reference/detail.php?directory_name=pinamon
1269,digimon,budmon,,バドモン,BUDMON,幼年期Ⅱ,植物型,,https://digimon.net/reference/detail.php?directory_name=budmon
1270,digimon,pagumon,,パグモン,PAGUMON,幼年期Ⅱ,レッサー型,,https://digimon.net/reference/detail.php?directory_name=pagumon
1271,digimon,nyaromon,,ニャロモン,NYAROMON,幼年期Ⅱ,レッサー型,,https://digimon.net/reference/detail.php?directory_name=nyaromon
1272,digimon,dorimon,,ドリモン,DORIMON,幼年期Ⅱ,レッサー型,,https://digimon.net/reference/detail.php?directory_name=dorimon
1273,digimon,tokomon,,トコモン,TOKOMON,幼年期Ⅱ,レッサー型,,https://digimon.net/reference/detail.php?directory_name=tokomon
1274,digimon,tsumemon,,ツメモン,TSUMEMON,幼年期Ⅱ,種族不明,,https://digimon.net/reference/detail.php?directory_name=tsumemon
1275,digimon,tunomon,,ツノモン,TUNOMON,幼年期Ⅱ,レッサー型,,https://digimon.net/reference/detail.php?directory_name=tunomon
1276,digimon,chocomon,,チョコモン,CHOCOMON,幼年期Ⅱ,レッサー型,,https://digimon.net/reference/detail.php?directory_name=chocomon
1277,digimon,chapmon,,チャップモン,CHAPMON,幼年期Ⅱ,レッサー型,,https://digimon.net/reference/detail.php?directory_name=chapmon
1278,digimon,chibimon,,チビモン,CHIBIMON,幼年期Ⅱ,幼竜型,,https://digimon.net/reference/detail.php?directory_name=chibimon
1279,digimon,tanemon,,タネモン,TANEMON,幼年期Ⅱ,球根型,,https://digimon.net/reference/detail.php?directory_name=tanemon
1280,digimon,xiaomon,,シャオモン,XIAOMON,幼年期Ⅱ,レッサー型,,https://digimon.net/reference/detail.php?directory_name=xiaomon
1281,digimon,sakuttomon,,サクットモン,SAKUTTOMON,幼年期Ⅱ,武器型,,https://digimon.net/reference/detail.php?directory_name=sakuttomon
1282,digimon,koromon,,コロモン,KOROMON,幼年期Ⅱ,レッサー型,,https://digimon.net/reference/detail.php?directory_name=koromon
1283,digimon,gummymon,,グミモン,GUMMYMON,幼年期Ⅱ,レッサー型,,https://digimon.net/reference/detail.php?directory_name=gummymon
1284,digimon,kyokyomon,,キョキョモン,KYOKYOMON,幼年期Ⅱ,レッサー型,,https://digimon.net/reference/detail.php?directory_name=kyokyomon
1285,digimon,cupimon,,キュピモン,CUPIMON,幼年期Ⅱ,小天使型,,https://digimon.net/reference/detail.php?directory_name=cupimon
1286,digimon,kyaromon,,キャロモン,KYAROMON,幼年期Ⅱ,レッサー型,,https://digimon.net/reference/detail.php?directory_name=kyaromon
1287,digimon,gigimon,,ギギモン,GIGIMON,幼年期Ⅱ,レッサー型,,https://digimon.net/reference/detail.php?directory_name=gigimon
1288,digimon,capromon,,カプリモン,CAPROMON,幼年期Ⅱ,レッサー型,,https://digimon.net/reference/detail.php?directory_name=capromon
1289,digimon,upamon,,ウパモン,UPAMON,幼年期Ⅱ,両生類型,,https://digimon.net/reference/detail.php?directory_name=upamon
1290,digimon,relemon,,レレモン,RELEMON,幼年期Ⅰ,スライム型,,https://digimon.net/reference/detail.php?directory_name=relemon
1291,digimon,leafmon,,リーフモン,LEAFMON,幼年期Ⅰ,スライム型,,https://digimon.net/reference/detail.php?directory_name=leafmon
1292,digimon,yuramon,,ユラモン,YURAMON,幼年期Ⅰ,種子型,,https://digimon.net/reference/detail.php?directory_name=yuramon
1293,digimon,yukimibotamon,,ユキミボタモン,YUKIMIBOTAMON,幼年期Ⅰ,スライム型,,https://digimon.net/reference/detail.php?directory_name=yukimibotamon
1294,digimon,mokumon,,モクモン,MOKUMON,幼年期Ⅰ,スモーク型,,https://digimon.net/reference/detail.php?directory_name=mokumon
1295,digimon,poyomon,,ポヨモン,POYOMON,幼年期Ⅰ,スライム型,,https://digimon.net/reference/detail.php?directory_name=poyomon
1296,digimon,bommon,,ボムモン,BOMMON,幼年期Ⅰ,スライム型,,https://digimon.net/reference/detail.php?directory_name=bommon
1297,digimon,popomon,,ポポモン,POPOMON,幼年期Ⅰ,スライム型,,https://digimon.net/reference/detail.php?directory_name=popomon
1298,digimon,botamon,,ボタモン,BOTAMON,幼年期Ⅰ,スライム型,,https://digimon.net/reference/detail.php?directory_name=botamon
1299,digimon,puwamon,,プワモン,PUWAMON,幼年期Ⅰ,ヒナ鳥型,,https://digimon.net/reference/detail.php?directory_name=puwamon
1300,digimon,pururumon,,プルルモン,PURURUMON,幼年期Ⅰ,スライム型,,https://digimon.net/reference/detail.php?directory_name=pururumon
1301,digimon,pupumon,,ププモン,PUPUMON,幼年期Ⅰ,スライム型,,https://digimon.net/reference/detail.php?directory_name=pupumon
1302,digimon,fufumon,,フフモン,FUFUMON,幼年期Ⅰ,スライム型,,https://digimon.net/reference/detail.php?directory_name=fufumon
1303,digimon,punimon,,プニモン,PUNIMON,幼年期Ⅰ,スライム型,,https://digimon.net/reference/detail.php?directory_name=punimon
1304,digimon,puttimon,,プットモン,PUTTIMON,幼年期Ⅰ,小天使型,,https://digimon.net/reference/detail.php?directory_name=puttimon
1305,digimon,petitmon,,プチモン,PETITMON,幼年期Ⅰ,スライム型,,https://digimon.net/reference/detail.php?directory_name=petitmon
1306,digimon,pitchmon,,ピチモン,PITCHMON,幼年期Ⅰ,スライム型,,https://digimon.net/reference/detail.php?directory_name=pitchmon
1307,digimon,pafumon,,パフモン,PAFUMON,幼年期Ⅰ,精霊型,,https://digimon.net/reference/detail.php?directory_name=pafumon
1308,digimon,bubbmon,,バブモン,BUBBMON,幼年期Ⅰ,スライム型,,https://digimon.net/reference/detail.php?directory_name=bubbmon
1309,digimon,paomon,,パオモン,PAOMON,幼年期Ⅰ,スライム型,,https://digimon.net/reference/detail.php?directory_name=paomon
1310,digimon,nyokimon,,ニョキモン,NYOKIMON,幼年期Ⅰ,種子型,,https://digimon.net/reference/detail.php?directory_name=nyokimon
1311,digimon,dodomon,,ドドモン,DODOMON,幼年期Ⅰ,スライム型,,https://digimon.net/reference/detail.php?directory_name=dodomon
1312,digimon,tsubumon,,ツブモン,TSUBUMON,幼年期Ⅰ,スライム型,,https://digimon.net/reference/detail.php?directory_name=tsubumon
1313,digimon,choromon,,チョロモン,CHOROMON,幼年期Ⅰ,マシーン型,,https://digimon.net/reference/detail.php?directory_name=choromon
1314,digimon,chicomon,,チコモン,CHICOMON,幼年期Ⅰ,スライム型,,https://digimon.net/reference/detail.php?directory_name=chicomon
1315,digimon,zerimon,,ゼリモン,ZERIMON,幼年期Ⅰ,スライム型,,https://digimon.net/reference/detail.php?directory_name=zerimon
1316,digimon,zurumon,,ズルモン,ZURUMON,幼年期Ⅰ,スライム型,,https://digimon.net/reference/detail.php?directory_name=zurumon
1317,digimon,jyarimon,,ジャリモン,JYARIMON,幼年期Ⅰ,スライム型,,https://digimon.net/reference/detail.php?directory_name=jyarimon
1318,digimon,sakumon,,サクモン,SAKUMON,幼年期Ⅰ,武器型,,https://digimon.net/reference/detail.php?directory_name=sakumon
1319,digimon,cocomon,,ココモン,COCOMON,幼年期Ⅰ,スライム型,,https://digimon.net/reference/detail.php?directory_name=cocomon
1320,digimon,kuramon,,クラモン,KURAMON,幼年期Ⅰ,種族不明,,https://digimon.net/reference/detail.php?directory_name=kuramon
1321,appmon,appmon_001,1,ガッチモン,서치몬,並,検索,ソーシャル,https://digimon.net/appmon/detail.php?id=1
1322,appmon,appmon_002,2,コールモン,콜몬,並,電話,ソーシャル,https://digimon.net/appmon/detail.php?id=2
1323,appmon,appmon_003,3,メールモン,메일몬,並,メール,ソーシャル,https://digimon.net/appmon/detail.php?id=3
1324,appmon,appmon_004,4,ツブモン,츠부몬,並,つぶやき,ソーシャル,https://digimon.net/appmon/detail.php?id=4
1325,appmon,appmon_005,5,ゲンゴーモン,언어몬,並,翻訳,ソーシャル,https://digimon.net/appmon/detail.php?id=5
1326,appmon,appmon_006,6,アドモン,어드몬,並,アドレス帳,ソーシャル,https://digimon.net/appmon/detail.php?id=6
1327,appmon,appmon_007,7,レビューモン,리뷰몬,並,口コミ,ソーシャル,https://digimon.net/appmon/detail.php?id=7
1328,appmon,appmon_008,8,セットモン,세팅몬,並,設定,ソーシャル,https://digimon.net/appmon/detail.php?id=8
1329,appmon,appmon_009,9,メッセモン,메시몬,並,メッセージ,ソーシャル,https://digimon.net/appmon/detail.php?id=9
1330,appmon,appmon_010,10,コソモン,속닥몬,並,裏口コミ,ソーシャル,https://digimon.net/appmon/detail.php?id=10
1331,appmon,appmon_011,11,ロケットモン,로켓몬,並,ロケット,ナビ,https://digimon.net/appmon/detail.php?id=11
1332,appmon,appmon_012,12,ナビモン,내비몬,並,ナビ,ナビ,https://digimon.net/appmon/detail.php?id=12
1333,appmon,appmon_013,13,ジェットモン,제트몬,並,フライト,ナビ,https://digimon.net/appmon/detail.php?id=13
1334,appmon,appmon_014,14,レッシャモン,열차몬,並,乗換,ナビ,https://digimon.net/appmon/detail.php?id=14
1335,appmon,appmon_015,15,ウェザーモン,웨더몬,並,天気,ナビ,https://digimon.net/appmon/detail.php?id=15
1336,appmon,appmon_016,16,コンパスモン,컴퍼스몬,並,コンパス,ナビ,https://digimon.net/appmon/detail.php?id=16
1337,appmon,appmon_017,17,ヤドモン,호텔몬,並,ホテル,ナビ,https://digimon.net/appmon/detail.php?id=17
1338,appmon,appmon_018,18,ニュースモン,뉴스몬,並,ニュース,ナビ,https://digimon.net/appmon/detail.php?id=18
1339,appmon,appmon_019,19,チュートモン,튜토몬,並,解説,ナビ,https://digimon.net/appmon/detail.php?id=19
1340,appmon,appmon_020,20,エムシーモン,엠시몬,並,実況,ナビ,https://digimon.net/appmon/detail.php?id=20
1341,appmon,appmon_021,21,キャメラモン,카메라몬,並,カメラ,ツール,https://digimon.net/appmon/detail.php?id=21
1342,appmon,appmon_022,22,レコモン,레코몬,並,録音,ツール,https://digimon.net/appmon/detail.php?id=22
1343,appmon,appmon_023,23,カリキュモン,칼큐몬,並,電卓,ツール,https://digimon.net/appmon/detail.php?id=23
1344,appmon,appmon_024,24,ゴミモン,트래쉬몬,並,ごみ箱,ツール,https://digimon.net/appmon/detail.php?id=24
1345,appmon,appmon_025,25,ミラーモン,미러몬,並,ミラー,ツール,https://digimon.net/appmon/detail.php?id=25
1346,appmon,appmon_026,26,ライトモン,라이트몬,並,ライト,ツール,https://digimon.net/appmon/detail.php?id=26
1347,appmon,appmon_027,27,ウォッチモン,워치몬,並,時計,ツール,https://digimon.net/appmon/detail.php?id=27
1348,appmon,appmon_028,28,ダイアリモン,다이어리몬,並,日記帳,ツール,https://digimon.net/appmon/detail.php?id=28
1349,appmon,appmon_029,29,カレンダモン,캘린더몬,並,カレンダー,ツール,https://digimon.net/appmon/detail.php?id=29
1350,appmon,appmon_030,30,オンパモン,음파몬,並,超音波,ツール,https://digimon.net/appmon/detail.php?id=30
1351,appmon,appmon_031,31,ジャミングモン,재밍몬,並,ジャミング,ツール,https://digimon.net/appmon/detail.php?id=31
1352,appmon,appmon_032,32,プロテクモン,프로텍몬,並,セキュリティ,システム,https://digimon.net/appmon/detail.php?id=32
1353,appmon,appmon_033,33,ハックモン,핵몬,並,ハッキング,システム,https://digimon.net/appmon/detail.php?id=33
1354,appmon,appmon_034,34,バッテリモン,배터리몬,並,バッテリー,システム,https://digimon.net/appmon/detail.php?id=34
1355,appmon,appmon_035,35,ペコモン,페코몬,並,圧縮,システム,https://digimon.net/appmon/detail.php?id=35
1356,appmon,appmon_036,36,ポコモン,포코몬,並,解凍,システム,https://digimon.net/appmon/detail.php?id=36
1357,appmon,appmon_037,37,コピペモン,카피페몬,並,コピペ,システム,https://digimon.net/appmon/detail.php?id=37
1358,appmon,appmon_038,38,セーブモン,세이브몬,並,バックアップ,システム,https://digimon.net/appmon/detail.php?id=38
1359,appmon,appmon_039,39,カベモン,월몬,並,壁紙,システム,https://digimon.net/appmon/detail.php?id=39
1360,appmon,appmon_040,40,エコモン,에코몬,並,省エネ,システム,https://digimon.net/appmon/detail.php?id=40
1361,appmon,appmon_041,41,ピーポモン,삐뽀몬,並,注意報,システム,https://digimon.net/appmon/detail.php?id=41
1362,appmon,appmon_042,42,デンパモン,시그널몬,並,通信,システム,https://digimon.net/appmon/detail.php?id=42
1363,appmon,appmon_043,43,オンモン,온몬,並,オンライン,ゲーム,https://digimon.net/appmon/detail.php?id=43
1364,appmon,appmon_044,44,オフモン,오프몬,並,オフライン,ゲーム,https://digimon.net/appmon/detail.php?id=44
1365,appmon,appmon_045,45,ドカモン,콰광몬,並,アクション,ゲーム,https://digimon.net/appmon/detail.php?id=45
1366,appmon,appmon_046,46,ショットモン,샷몬,並,シューティング,ゲーム,https://digimon.net/appmon/detail.php?id=46
1367,appmon,appmon_047,47,カードモン,카드몬,並,カード,ゲーム,https://digimon.net/appmon/detail.php?id=47
1368,appmon,appmon_048,48,ロープレモン,롤플레잉몬,並,ロープレ,ゲーム,https://digimon.net/appmon/detail.php?id=48
1369,appmon,appmon_049,49,パズルモン,퍼즐몬,並,パズル,ゲーム,https://digimon.net/appmon/detail.php?id=49
1370,appmon,appmon_050,50,ダンスモン,댄스몬,並,リズム,ゲーム,https://digimon.net/appmon/detail.php?id=50
1371,appmon,appmon_051,51,レースモン,레이스몬,並,レース,ゲーム,https://digimon.net/appmon/detail.php?id=51
1372,appmon,appmon_052,52,ドローモン,드로몬,並,ペイント,エンタメ,https://digimon.net/appmon/detail.php?id=52
1373,appmon,appmon_053,53,テラーモン,텔러몬,並,占い,エンタメ,https://digimon.net/appmon/detail.php?id=53
1374,appmon,appmon_054,54,ミュージモン,뮤지몬,並,音楽,エンタメ,https://digimon.net/appmon/detail.php?id=54
1375,appmon,appmon_055,55,ペロリモン,덥석몬,並,グルメ,エンタメ,https://digimon.net/appmon/detail.php?id=55
1376,appmon,appmon_056,56,ドーガモン,비디몬,並,動画,エンタメ,https://digimon.net/appmon/detail.php?id=56
1377,appmon,appmon_057,57,ドレスモン,드레스몬,並,ファッション,エンタメ,https://digimon.net/appmon/detail.php?id=57
1378,appmon,appmon_058,58,ブックモン,북몬,並,電子書籍,エンタメ,https://digimon.net/appmon/detail.php?id=58
1379,appmon,appmon_059,59,ガシャモン,뽑몬,並,ガシャ,エンタメ,https://digimon.net/appmon/detail.php?id=59
1380,appmon,appmon_060,60,ラックモン,럭몬,並,スロット,エンタメ,https://digimon.net/appmon/detail.php?id=60
1381,appmon,appmon_061,61,トリックモン,트릭몬,並,手品,エンタメ,https://digimon.net/appmon/detail.php?id=61
1382,appmon,appmon_062,62,ダイスモン,다이스몬,並,サイコロ,エンタメ,https://digimon.net/appmon/detail.php?id=62
1383,appmon,appmon_063,63,クックモン,쿡몬,並,お料理,エンタメ,https://digimon.net/appmon/detail.php?id=63
1384,appmon,appmon_064,64,バイラモン,바이러몬,並,ウィルス,ライフ,https://digimon.net/appmon/detail.php?id=64
1385,appmon,appmon_065,65,スリープモン,슬립몬,並,睡眠,ライフ,https://digimon.net/appmon/detail.php?id=65
1386,appmon,appmon_066,66,マッスルモン,머슬몬,並,筋トレ,ライフ,https://digimon.net/appmon/detail.php?id=66
1387,appmon,appmon_067,67,エイドモン,에이드몬,並,救命,ライフ,https://digimon.net/appmon/detail.php?id=67
1388,appmon,appmon_068,68,マネーモン,머니몬,並,電子マネー,ライフ,https://digimon.net/appmon/detail.php?id=68
1389,appmon,appmon_069,69,スパモン,스파몬,並,温泉,ライフ,https://digimon.net/appmon/detail.php?id=69
1390,appmon,appmon_070,70,サプリモン,서플리몬,並,サプリ,ライフ,https://digimon.net/appmon/detail.php?id=70
1391,appmon,appmon_071,71,ドープモン,도프몬,並,増強,ライフ,https://digimon.net/appmon/detail.php?id=71
1392,appmon,appmon_072,72,オクショモン,옥셔몬,並,オークション,ライフ,https://digimon.net/appmon/detail.php?id=72
1393,appmon,appmon_073,73,カケイモン,가계몬,並,家計簿,ライフ,https://digimon.net/appmon/detail.php?id=73
1394,appmon,appmon_074,74,カイモン,쇼핑몬,並,ショッピング,ライフ,https://digimon.net/appmon/detail.php?id=74
1395,appmon,appmon_075,75,ジショモン,딕셔몬,並,辞書,ライフ,https://digimon.net/appmon/detail.php?id=75
1396,appmon,appmon_076,76,ロギモン,로긴몬,超,ログイン,ソーシャル,https://digimon.net/appmon/detail.php?id=76
1397,appmon,appmon_077,77,ロガモン,로간몬,超,ログオフ,ソーシャル,https://digimon.net/appmon/detail.php?id=77
1398,appmon,appmon_078,78,ドガッチモン,슈퍼 서치몬,超,超検索,ソーシャル,https://digimon.net/appmon/detail.php?id=78
1399,appmon,appmon_079,79,ソーシャモン,소셔몬,超,ＳＮＳ,ソーシャル,https://digimon.net/appmon/detail.php?id=79
1400,appmon,appmon_080,80,ゴシップモン,가십몬,超,ゴシップ,ソーシャル,https://digimon.net/appmon/detail.php?id=80
1401,appmon,appmon_081,81,スカシモン,스카시몬,超,スカ,ソーシャル,https://digimon.net/appmon/detail.php?id=81
1402,appmon,appmon_082,82,トリップモン,트립몬,超,旅行,ナビ,https://digimon.net/appmon/detail.php?id=82
1403,appmon,appmon_083,83,ウェザドラモン,웨더드라몬,超,天候,ナビ,https://digimon.net/appmon/detail.php?id=83
1404,appmon,appmon_084,84,タイムモン,타임몬,超,タイムスリップ,ツール,https://digimon.net/appmon/detail.php?id=84
1405,appmon,appmon_085,85,ロアモン,로어몬,超,ボイスチェンジ,ツール,https://digimon.net/appmon/detail.php?id=85
1406,appmon,appmon_086,86,スコープモン,스코프몬,超,監視,ツール,https://digimon.net/appmon/detail.php?id=86
1407,appmon,appmon_087,87,クラフトモン,크래프트몬,超,設計,ツール,https://digimon.net/appmon/detail.php?id=87
1408,appmon,appmon_088,88,レイドラモン,레이드라몬,超,超ハッキング,システム,https://digimon.net/appmon/detail.php?id=88
1409,appmon,appmon_089,89,デジップモン,데집몬,超,圧縮解凍,システム,https://digimon.net/appmon/detail.php?id=89
1410,appmon,appmon_090,90,ミエーヌモン,미에누몬,超,ステルス,システム,https://digimon.net/appmon/detail.php?id=90
1411,appmon,appmon_091,91,ワープモン,워프몬,超,転送,システム,https://digimon.net/appmon/detail.php?id=91
1412,appmon,appmon_092,92,サクシモン,책사몬,超,シミュレーション,ゲーム,https://digimon.net/appmon/detail.php?id=92
1413,appmon,appmon_093,93,ドスコモン,도스코몬,超,格闘,ゲーム,https://digimon.net/appmon/detail.php?id=93
1414,appmon,appmon_094,94,ブレモン,브레몬,超,脳トレ,ゲーム,https://digimon.net/appmon/detail.php?id=94
1415,appmon,appmon_095,95,コーチモン,코치몬,超,育成,ゲーム,https://digimon.net/appmon/detail.php?id=95
1416,appmon,appmon_096,96,ウラテクモン,테크마스몬,超,攻略,ゲーム,https://digimon.net/appmon/detail.php?id=96
1417,appmon,appmon_097,97,エフェクモン,이펙몬,超,エフェクト,エンタメ,https://digimon.net/appmon/detail.php?id=97
1418,appmon,appmon_098,98,タロットモン,타로몬,超,超占い,エンタメ,https://digimon.net/appmon/detail.php?id=98
1419,appmon,appmon_099,99,コーデモン,코디몬,超,コーディネート,エンタメ,https://digimon.net/appmon/detail.php?id=99
1420,appmon,appmon_100,100,メディアモン,미디어몬,超,メディアプレーヤー,エンタメ,https://digimon.net/appmon/detail.php?id=100
1421,appmon,appmon_101,101,ベガスモン,베이거스몬,超,ルーレット,エンタメ,https://digimon.net/appmon/detail.php?id=101
1422,appmon,appmon_102,102,ドリーモン,드리몬,超,夢,エンタメ,https://digimon.net/appmon/detail.php?id=102
1423,appmon,appmon_103,103,メディックモン,메딕몬,超,メディカル,ライフ,https://digimon.net/appmon/detail.php?id=103
1424,appmon,appmon_104,104,ドクモン,닥몬,超,ドクター,ライフ,https://digimon.net/appmon/detail.php?id=104
1425,appmon,appmon_105,105,コンサルモン,컨설몬,超,節約,ライフ,https://digimon.net/appmon/detail.php?id=105
1426,appmon,appmon_106,106,ライブラモン,라이브러몬,超,図書館,ライフ,https://digimon.net/appmon/detail.php?id=106
1427,appmon,appmon_107,107,グローブモン,글로브몬,極,グローバル,ソーシャル,https://digimon.net/appmon/detail.php?id=107
1428,appmon,appmon_108,108,カリスモン,카리스몬,極,マインドコントロール,ソーシャル,https://digimon.net/appmon/detail.php?id=108
1429,appmon,appmon_109,109,ダメダモン,안댐몬,極,ダメダメ,ソーシャル,https://digimon.net/appmon/detail.php?id=109
1430,appmon,appmon_110,110,サテラモン,새틀라몬,極,GPS,ナビ,https://digimon.net/appmon/detail.php?id=110
1431,appmon,appmon_111,111,コメットモン,코멧몬,極,天体,ナビ,https://digimon.net/appmon/detail.php?id=111
1432,appmon,appmon_112,112,ブートモン,부팅몬,極,超起動,ツール,https://digimon.net/appmon/detail.php?id=112
1433,appmon,appmon_113,113,シャットモン,셧몬,極,強制終了,ツール,https://digimon.net/appmon/detail.php?id=113
1434,appmon,appmon_114,114,フェイクモン,페이크몬,極,偽装,ツール,https://digimon.net/appmon/detail.php?id=114
1435,appmon,appmon_115,115,リバイブモン,리바이브몬,極,復元,システム,https://digimon.net/appmon/detail.php?id=115
1436,appmon,appmon_116,116,ワルダモン,와루다몬,極,策略,システム,https://digimon.net/appmon/detail.php?id=116
1437,appmon,appmon_117,117,オウジャモン,오우자몬,極,戦闘,ゲーム,https://digimon.net/appmon/detail.php?id=117
1438,appmon,appmon_118,118,エンタモン,엔터몬,極,エンターテイメント,エンタメ,https://digimon.net/appmon/detail.php?id=118
1439,appmon,appmon_119,119,バイオモン,바이오몬,極,ライフ,ライフ,https://digimon.net/appmon/detail.php?id=119
1440,appmon,appmon_120,120,ビューティモン,뷰티몬,極,美容,ライフ,https://digimon.net/appmon/detail.php?id=120
1441,appmon,appmon_121,121,リブートモン,리부트몬,神,再起動,ゴッド,https://digimon.net/appmon/detail.php?id=121
1442,appmon,appmon_122,122,ガイアモン,가이아몬,神,創造,ゴッド,https://digimon.net/appmon/detail.php?id=122
1443,appmon,appmon_123,123,ハデスモン,하데스몬,神,変化,ゴッド,https://digimon.net/appmon/detail.php?id=123
1444,appmon,appmon_124,124,ポセイドモン,포세이도몬,神,無敵,ゴッド,https://digimon.net/appmon/detail.php?id=124
1445,appmon,appmon_125,125,ウラノスモン,우라노스몬,神,覚醒,ゴッド,https://digimon.net/appmon/detail.php?id=125
1446,appmon,appmon_126,126,デウスモン,데우스몬,神,全能,ゴッド,https://digimon.net/appmon/detail.php?id=126
1447,appmon,appmon_127,127,タップモン(ソーシャル),탭몬(소셜),－,タップ,ソーシャル,https://digimon.net/appmon/detail.php?id=127
1448,appmon,appmon_128,128,タップモン(ナビ),탭몬(내비),－,タップ,ナビ,https://digimon.net/appmon/detail.php?id=128
1449,appmon,appmon_129,129,タップモン(ツール),탭몬(툴),－,タップ,ツール,https://digimon.net/appmon/detail.php?id=129
1450,appmon,appmon_130,130,タップモン(システム),탭몬(시스템),－,タップ,システム,https://digimon.net/appmon/detail.php?id=130
1451,appmon,appmon_131,131,タップモン(ゲーム),탭몬(게임),－,タップ,ゲーム,https://digimon.net/appmon/detail.php?id=131
1452,appmon,appmon_132,132,タップモン(エンタメ),탭몬(엔터테인먼트),－,タップ,エンタメ,https://digimon.net/appmon/detail.php?id=132
1453,appmon,appmon_133,133,タップモン(ライフ),탭몬(라이프),－,タップ,ライフ,https://digimon.net/appmon/detail.php?id=133
1454,appmon,appmon_134,134,フリックモン(ソーシャル),플릭몬(소셜),－,フリック,ソーシャル,https://digimon.net/appmon/detail.php?id=134
1455,appmon,appmon_135,135,フリックモン(ナビ),플릭몬(내비),－,フリック,ナビ,https://digimon.net/appmon/detail.php?id=135
1456,appmon,appmon_136,136,フリックモン(ツール),플릭몬(툴),－,フリック,ツール,https://digimon.net/appmon/detail.php?id=136
1457,appmon,appmon_137,137,フリックモン(システム),플릭몬(시스템),－,フリック,システム,https://digimon.net/appmon/detail.php?id=137
1458,appmon,appmon_138,138,フリックモン(ゲーム),플릭몬(게임),－,フリック,ゲーム,https://digimon.net/appmon/detail.php?id=138
1459,appmon,appmon_139,139,フリックモン(エンタメ),플릭몬(엔터테인먼트),－,フリック,エンタメ,https://digimon.net/appmon/detail.php?id=139
1460,appmon,appmon_140,140,フリックモン(ライフ),플릭몬(라이프),－,フリック,ライフ,https://digimon.net/appmon/detail.php?id=140
1461,appmon,appmon_141,141,スワイプモン(ソーシャル),스와이프몬(소셜),－,スワイプ,ソーシャル,https://digimon.net/appmon/detail.php?id=141
1462,appmon,appmon_142,142,スワイプモン(ナビ),스와이프몬(내비),－,スワイプ,ナビ,https://digimon.net/appmon/detail.php?id=142
1463,appmon,appmon_143,143,スワイプモン(ツール),스와이프몬(툴),－,スワイプ,ツール,https://digimon.net/appmon/detail.php?id=143
1464,appmon,appmon_144,144,スワイプモン(システム),스와이프몬(시스템),－,スワイプ,システム,https://digimon.net/appmon/detail.php?id=144
1465,appmon,appmon_145,145,スワイプモン(ゲーム),스와이프몬(게임),－,スワイプ,ゲーム,https://digimon.net/appmon/detail.php?id=145
1466,appmon,appmon_146,146,スワイプモン(エンタメ),스와이프몬(엔터테인먼트),－,スワイプ,エンタメ,https://digimon.net/appmon/detail.php?id=146
1467,appmon,appmon_147,147,スワイプモン(ライフ),스와이프몬(라이프),－,スワイプ,ライフ,https://digimon.net/appmon/detail.php?id=147
1468,appmon,appmon_148,148,ダンテモン,단테몬,不明,開放,不明,https://digimon.net/appmon/detail.php?id=148
