species_id,source_kind,source_id,name_ja,level_or_grade,official_type,official_attribute,base_hp,base_attack,base_defense,base_speed,base_sp_attack,base_sp_defense,battle_type_1,battle_type_2,catch_rate,exp_yield,growth_rate,ability_1,ability_2,ability_hidden,height,weight,evolution_status,graphics_status,cry_status,runtime_status
1,digimon,nosferamon,ノスフェラモン,究極体,アンデッド型,ウィルス,,,,,,,,,,,,,,,,,unresolved_source_required,unresolved_asset_required,unresolved_asset_required,blocked_missing_battle_parameters
2,digimon,artiomon,アルティオモン,究極体,獣人型,ワクチン,,,,,,,,,,,,,,,,,unresolved_source_required,unresolved_asset_required,unresolved_asset_required,blocked_missing_battle_parameters
3,digimon,atratusmon,アトラタスモン,究極体,突然変異型,データ,,,,,,,,,,,,,,,,,unresolved_source_required,unresolved_asset_required,unresolved_asset_required,blocked_missing_battle_parameters
4,digimon,albatusmon,アルバタスモン,究極体,突然変異型,データ,,,,,,,,,,,,,,,,,unresolved_source_required,unresolved_asset_required,unresolved_asset_required,blocked_missing_battle_parameters
5,digimon,heliosboamon,ヘリオスボアモン,完全体,爬虫類型,データ,,,,,,,,,,,,,,,,,unresolved_source_required,unresolved_asset_required,unresolved_asset_required,blocked_missing_battle_parameters
6,digimon,habakirimon,ハバキリモン,究極体,神人型,ウィルス,,,,,,,,,,,,,,,,,unresolved_source_required,unresolved_asset_required,unresolved_asset_required,blocked_missing_battle_parameters
7,digimon,bearcatmon,ベアキャットモン,完全体,獣人型,ワクチン,,,,,,,,,,,,,,,,,unresolved_source_required,unresolved_asset_required,unresolved_asset_required,blocked_missing_battle_parameters
8,digimon,taowumon,タオウーモン,究極体,魔獣型,ウィルス,,,,,,,,,,,,,,,,,unresolved_source_required,unresolved_asset_required,unresolved_asset_required,blocked_missing_battle_parameters
9,digimon,scourgechiropmon,スカージキロプモン,完全体,マシーン型,ウィルス,,,,,,,,,,,,,,,,,unresolved_source_required,unresolved_asset_required,unresolved_asset_required,blocked_missing_battle_parameters
10,digimon,monarchlizamon,モナークリザモン,完全体,サイボーグ型,データ,,,,,,,,,,,,,,,,,unresolved_source_required,unresolved_asset_required,unresolved_asset_required,blocked_missing_battle_parameters
11,digimon,apollomon_whispered,アポロモン：ウィスパード,"究極体
(クロスウォーズ)",神人型,ウィルス,,,,,,,,,,,,,,,,,unresolved_source_required,unresolved_asset_required,unresolved_asset_required,blocked_missing_battle_parameters
12,digimon,kingwhamon,キングホエーモン,究極体,水棲哺乳類型,ワクチン,,,,,,,,,,,,,,,,,unresolved_source_required,unresolved_asset_required,unresolved_asset_required,blocked_missing_battle_parameters
13,digimon,armamon_burstmode,アルマモン：バーストモード,"究極体
(クロスウォーズ)",武器型,フリー,,,,,,,,,,,,,,,,,unresolved_source_required,unresolved_asset_required,unresolved_asset_required,blocked_missing_battle_parameters
14,digimon,armamon,アルマモン,"究極体
(クロスウォーズ)",武器型,フリー,,,,,,,,,,,,,,,,,unresolved_source_required,unresolved_asset_required,unresolved_asset_required,blocked_missing_battle_parameters
15,digimon,shoutmonx5s,シャウトモンX5S,"究極体
(クロスウォーズ)",合成型,データ,,,,,,,,,,,,,,,,,unresolved_source_required,unresolved_asset_required,unresolved_asset_required,blocked_missing_battle_parameters
16,digimon,vortexdramon,ヴォルテクスドラモン,究極体,鳥竜型,データ,,,,,,,,,,,,,,,,,unresolved_source_required,unresolved_asset_required,unresolved_asset_required,blocked_missing_battle_parameters
17,digimon,shoutmonx4s,シャウトモンX4S,"完全体
(クロスウォーズ)",合成型,データ,,,,,,,,,,,,,,,,,unresolved_source_required,unresolved_asset_required,unresolved_asset_required,blocked_missing_battle_parameters
18,digimon,shoutmonx3sd,シャウトモンX3SD,"完全体
(クロスウォーズ)",戦士型,データ,,,,,,,,,,,,,,,,,unresolved_source_required,unresolved_asset_required,unresolved_asset_required,blocked_missing_battle_parameters
19,digimon,shoutmonx3gm,シャウトモンX3GM,"完全体
(クロスウォーズ)",翼竜型,データ,,,,,,,,,,,,,,,,,unresolved_source_required,unresolved_asset_required,unresolved_asset_required,blocked_missing_battle_parameters
20,digimon,azhdarmon,アズダルモン,完全体,翼竜型,ウィルス,,,,,,,,,,,,,,,,,unresolved_source_required,unresolved_asset_required,unresolved_asset_required,blocked_missing_battle_parameters
21,digimon,tengumon,テングモン,究極体,鳥人型,ウィルス,,,,,,,,,,,,,,,,,unresolved_source_required,unresolved_asset_required,unresolved_asset_required,blocked_missing_battle_parameters
22,digimon,amaterasumon,アマテラスモン,究極体,神人型,ワクチン,,,,,,,,,,,,,,,,,unresolved_source_required,unresolved_asset_required,unresolved_asset_required,blocked_missing_battle_parameters
23,digimon,enmamon,エンマモン,究極体,魔王型,ウィルス,,,,,,,,,,,,,,,,,unresolved_source_required,unresolved_asset_required,unresolved_asset_required,blocked_missing_battle_parameters
24,digimon,seitengokuwmon,セイテンゴクウモン,究極体,如来型,ウィルス,,,,,,,,,,,,,,,,,unresolved_source_required,unresolved_asset_required,unresolved_asset_required,blocked_missing_battle_parameters
25,digimon,exmaquinamon,エクスマキナモン,究極体,特異型,データ,,,,,,,,,,,,,,,,,unresolved_source_required,unresolved_asset_required,unresolved_asset_required,blocked_missing_battle_parameters
26,digimon,dalphomon,ダルフォモン,究極体,獣型,ウィルス,,,,,,,,,,,,,,,,,unresolved_source_required,unresolved_asset_required,unresolved_asset_required,blocked_missing_battle_parameters
27,digimon,shishimamon,シシマモン,完全体,聖獣型,ワクチン,,,,,,,,,,,,,,,,,unresolved_source_required,unresolved_asset_required,unresolved_asset_required,blocked_missing_battle_parameters
28,digimon,darumamon,ダルマモン,完全体,突然変異型,ワクチン,,,,,,,,,,,,,,,,,unresolved_source_required,unresolved_asset_required,unresolved_asset_required,blocked_missing_battle_parameters
29,digimon,rhamphomon,ランフォモン,成熟期,翼竜型,ウィルス,,,,,,,,,,,,,,,,,unresolved_source_required,unresolved_asset_required,unresolved_asset_required,blocked_missing_battle_parameters
30,digimon,chronomon_destroy,クロノモン：デストロイモード,究極体,神人型,ウィルス,,,,,,,,,,,,,,,,,unresolved_source_required,unresolved_asset_required,unresolved_asset_required,blocked_missing_battle_parameters
31,digimon,chronomon_holy,クロノモン：ホーリーモード,究極体,神人型,ワクチン,,,,,,,,,,,,,,,,,unresolved_source_required,unresolved_asset_required,unresolved_asset_required,blocked_missing_battle_parameters
32,digimon,butenmon,ブテンモン,完全体,神人型,ワクチン,,,,,,,,,,,,,,,,,unresolved_source_required,unresolved_asset_required,unresolved_asset_required,blocked_missing_battle_parameters
33,digimon,buraimon,ブライモン,成熟期,鳥人型,ワクチン,,,,,,,,,,,,,,,,,unresolved_source_required,unresolved_asset_required,unresolved_asset_required,blocked_missing_battle_parameters
34,digimon,hyokomon,ヒョコモン,成長期,ヒナ鳥型,ワクチン,,,,,,,,,,,,,,,,,unresolved_source_required,unresolved_asset_required,unresolved_asset_required,blocked_missing_battle_parameters
35,digimon,chicchimon,チッチモン,幼年期Ⅱ,ヒナ鳥型,,,,,,,,,,,,,,,,,,unresolved_source_required,unresolved_asset_required,unresolved_asset_required,blocked_missing_battle_parameters
36,digimon,zombieplutomon,ゾンビプルートモン,究極体,アンデッド型,ウィルス,,,,,,,,,,,,,,,,,unresolved_source_required,unresolved_asset_required,unresolved_asset_required,blocked_missing_battle_parameters
37,digimon,manekimon,マネキモン,成熟期,パペット型,ワクチン,,,,,,,,,,,,,,,,,unresolved_source_required,unresolved_asset_required,unresolved_asset_required,blocked_missing_battle_parameters
38,digimon,hakubamon,ハクバモン,成熟期,聖獣型,ワクチン,,,,,,,,,,,,,,,,,unresolved_source_required,unresolved_asset_required,unresolved_asset_required,blocked_missing_battle_parameters
39,digimon,wankomon,ワンコモン,成長期,獣型,ワクチン,,,,,,,,,,,,,,,,,unresolved_source_required,unresolved_asset_required,unresolved_asset_required,blocked_missing_battle_parameters
40,digimon,gasamon,ガサモン,成長期,軟体型,ウィルス,,,,,,,,,,,,,,,,,unresolved_source_required,unresolved_asset_required,unresolved_asset_required,blocked_missing_battle_parameters
41,digimon,takinmon,ターキモン,成長期,獣型,ワクチン,,,,,,,,,,,,,,,,,unresolved_source_required,unresolved_asset_required,unresolved_asset_required,blocked_missing_battle_parameters
42,digimon,fujamon,フージャモン,成長期,水棲型,ウィルス,,,,,,,,,,,,,,,,,unresolved_source_required,unresolved_asset_required,unresolved_asset_required,blocked_missing_battle_parameters
43,digimon,kakamon,カカモン,成長期,獣型,ワクチン,,,,,,,,,,,,,,,,,unresolved_source_required,unresolved_asset_required,unresolved_asset_required,blocked_missing_battle_parameters
44,digimon,armalizamon,アルマリザモン,成熟期,爬虫類型,データ,,,,,,,,,,,,,,,,,unresolved_source_required,unresolved_asset_required,unresolved_asset_required,blocked_missing_battle_parameters
45,digimon,onibimon,オニビモン,幼年期Ⅱ,ゴースト型,,,,,,,,,,,,,,,,,,unresolved_source_required,unresolved_asset_required,unresolved_asset_required,blocked_missing_battle_parameters
46,digimon,tomorimon,トモリモン,幼年期Ⅰ,ゴースト型,,,,,,,,,,,,,,,,,,unresolved_source_required,unresolved_asset_required,unresolved_asset_required,blocked_missing_battle_parameters
47,digimon,mococomon,モココモン,幼年期Ⅱ,スモーク型,,,,,,,,,,,,,,,,,,unresolved_source_required,unresolved_asset_required,unresolved_asset_required,blocked_missing_battle_parameters
48,digimon,fukamon,フカモン,幼年期Ⅰ,スモーク型,,,,,,,,,,,,,,,,,,unresolved_source_required,unresolved_asset_required,unresolved_asset_required,blocked_missing_battle_parameters
49,digimon,parallelmon,パラレルモン,究極体,突然変異型,ウィルス,,,,,,,,,,,,,,,,,unresolved_source_required,unresolved_asset_required,unresolved_asset_required,blocked_missing_battle_parameters
50,digimon,nightchiropmon,ナイトキロプモン,成熟期,獣人型,ウィルス,,,,,,,,,,,,,,,,,unresolved_source_required,unresolved_asset_required,unresolved_asset_required,blocked_missing_battle_parameters
51,digimon,styracomon,スティラコモン,究極体,竜人型,データ,,,,,,,,,,,,,,,,,unresolved_source_required,unresolved_asset_required,unresolved_asset_required,blocked_missing_battle_parameters
52,digimon,taotiemon,タオティエモン,究極体,鬼人型,ウィルス,,,,,,,,,,,,,,,,,unresolved_source_required,unresolved_asset_required,unresolved_asset_required,blocked_missing_battle_parameters
53,digimon,craniummon_enbarrmon,クレニアムモン+アンヴァルモン,究極体,聖騎士型,ワクチン,,,,,,,,,,,,,,,,,unresolved_source_required,unresolved_asset_required,unresolved_asset_required,blocked_missing_battle_parameters
54,digimon,enbarrmon,アンヴァルモン,完全体,アンデッド型,データ,,,,,,,,,,,,,,,,,unresolved_source_required,unresolved_asset_required,unresolved_asset_required,blocked_missing_battle_parameters
55,digimon,metatromon,メタトロモン,究極体,マシーン型,ワクチン,,,,,,,,,,,,,,,,,unresolved_source_required,unresolved_asset_required,unresolved_asset_required,blocked_missing_battle_parameters
56,digimon,greatgryzmon,グレートグリズモン,完全体,獣人型,ワクチン,,,,,,,,,,,,,,,,,unresolved_source_required,unresolved_asset_required,unresolved_asset_required,blocked_missing_battle_parameters
57,digimon,titamon_skullbaluchimon,タイタモン+スカルバルキモン,究極体,神人型,ウィルス,,,,,,,,,,,,,,,,,unresolved_source_required,unresolved_asset_required,unresolved_asset_required,blocked_missing_battle_parameters
58,digimon,cougarmon,クーガモン,成熟期,哺乳類型,ウィルス,,,,,,,,,,,,,,,,,unresolved_source_required,unresolved_asset_required,unresolved_asset_required,blocked_missing_battle_parameters
59,digimon,masterblimpmon,マスターブリンプモン,完全体,マシーン型,データ,,,,,,,,,,,,,,,,,unresolved_source_required,unresolved_asset_required,unresolved_asset_required,blocked_missing_battle_parameters
60,digimon,hyemon,ハイエモン,成長期,獣型,データ,,,,,,,,,,,,,,,,,unresolved_source_required,unresolved_asset_required,unresolved_asset_required,blocked_missing_battle_parameters
61,digimon,murasamemon,ムラサメモン,完全体,獣人型,ウィルス,,,,,,,,,,,,,,,,,unresolved_source_required,unresolved_asset_required,unresolved_asset_required,blocked_missing_battle_parameters
62,digimon,wolvermon,ウルヴァモン,成熟期,サイボーグ型,ワクチン,,,,,,,,,,,,,,,,,unresolved_source_required,unresolved_asset_required,unresolved_asset_required,blocked_missing_battle_parameters
63,digimon,chiropmon,キロプモン,成長期,哺乳類型,ウィルス,,,,,,,,,,,,,,,,,unresolved_source_required,unresolved_asset_required,unresolved_asset_required,blocked_missing_battle_parameters
64,digimon,pristimon,プリスティモン,成長期,パペット型,ワクチン,,,,,,,,,,,,,,,,,unresolved_source_required,unresolved_asset_required,unresolved_asset_required,blocked_missing_battle_parameters
65,digimon,dullahamon,デュラハモン,究極体,ゴースト型,データ,,,,,,,,,,,,,,,,,unresolved_source_required,unresolved_asset_required,unresolved_asset_required,blocked_missing_battle_parameters
66,digimon,gekkomon,ゲッコーモン,成長期,爬虫類型,データ,,,,,,,,,,,,,,,,,unresolved_source_required,unresolved_asset_required,unresolved_asset_required,blocked_missing_battle_parameters
67,digimon,kekkomon,ケッコモン,幼年期Ⅱ,レッサー型,,,,,,,,,,,,,,,,,,unresolved_source_required,unresolved_asset_required,unresolved_asset_required,blocked_missing_battle_parameters
68,digimon,kekomon,ケコモン,幼年期Ⅰ,スライム型,,,,,,,,,,,,,,,,,,unresolved_source_required,unresolved_asset_required,unresolved_asset_required,blocked_missing_battle_parameters
69,digimon,magneticdramon,マグネティックドラモン,究極体,岩竜型,ウィルス,,,,,,,,,,,,,,,,,unresolved_source_required,unresolved_asset_required,unresolved_asset_required,blocked_missing_battle_parameters
70,digimon,maneuvermon,マニューバモン,完全体,獣型,ウィルス,,,,,,,,,,,,,,,,,unresolved_source_required,unresolved_asset_required,unresolved_asset_required,blocked_missing_battle_parameters
71,digimon,turbomon,ターボモン,成熟期,獣型,ウィルス,,,,,,,,,,,,,,,,,unresolved_source_required,unresolved_asset_required,unresolved_asset_required,blocked_missing_battle_parameters
72,digimon,nyabootmon,ニャブートモン,究極体,パペット型,ウィルス,,,,,,,,,,,,,,,,,unresolved_source_required,unresolved_asset_required,unresolved_asset_required,blocked_missing_battle_parameters
73,digimon,yihumon,イーフーモン,究極体,獣人型,ワクチン,,,,,,,,,,,,,,,,,unresolved_source_required,unresolved_asset_required,unresolved_asset_required,blocked_missing_battle_parameters
74,digimon,ariemon,アリエモン,究極体,水棲型,データ,,,,,,,,,,,,,,,,,unresolved_source_required,unresolved_asset_required,unresolved_asset_required,blocked_missing_battle_parameters
75,digimon,skullseadramon,スカルシードラモン,完全体,アンデッド型,ウィルス,,,,,,,,,,,,,,,,,unresolved_source_required,unresolved_asset_required,unresolved_asset_required,blocked_missing_battle_parameters
76,digimon,sharkmon,シャークモン,完全体,サイボーグ型,ウィルス,,,,,,,,,,,,,,,,,unresolved_source_required,unresolved_asset_required,unresolved_asset_required,blocked_missing_battle_parameters
77,digimon,kaguyamon,カグヤモン,究極体,パペット型,データ,,,,,,,,,,,,,,,,,unresolved_source_required,unresolved_asset_required,unresolved_asset_required,blocked_missing_battle_parameters
78,digimon,karakurumon,カラクルモン,完全体,パペット型,データ,,,,,,,,,,,,,,,,,unresolved_source_required,unresolved_asset_required,unresolved_asset_required,blocked_missing_battle_parameters
79,digimon,kokeshimon,コケシモン,成熟期,パペット型,データ,,,,,,,,,,,,,,,,,unresolved_source_required,unresolved_asset_required,unresolved_asset_required,blocked_missing_battle_parameters
80,digimon,hanimon,ハニモン,成長期,パペット型,データ,,,,,,,,,,,,,,,,,unresolved_source_required,unresolved_asset_required,unresolved_asset_required,blocked_missing_battle_parameters
81,digimon,mockingbirdmon,モッキンバーモン,完全体,マシーン型,ワクチン,,,,,,,,,,,,,,,,,unresolved_source_required,unresolved_asset_required,unresolved_asset_required,blocked_missing_battle_parameters
82,digimon,mulemon,ミュールモン,成熟期,マシーン型,ワクチン,,,,,,,,,,,,,,,,,unresolved_source_required,unresolved_asset_required,unresolved_asset_required,blocked_missing_battle_parameters
83,digimon,maquinamon,マキナモン,成長期,合成型,データ,,,,,,,,,,,,,,,,,unresolved_source_required,unresolved_asset_required,unresolved_asset_required,blocked_missing_battle_parameters
84,digimon,nazhamon_crimson,ナタモン：クリムゾンモード,究極体,サイボーグ型,データ,,,,,,,,,,,,,,,,,unresolved_source_required,unresolved_asset_required,unresolved_asset_required,blocked_missing_battle_parameters
85,digimon,shagaramon,シャガラモン,究極体,聖竜型,データ,,,,,,,,,,,,,,,,,unresolved_source_required,unresolved_asset_required,unresolved_asset_required,blocked_missing_battle_parameters
86,digimon,medusamon,メデューサモン,究極体,竜人型,ウィルス,,,,,,,,,,,,,,,,,unresolved_source_required,unresolved_asset_required,unresolved_asset_required,blocked_missing_battle_parameters
87,digimon,lamiamon,ラミアモン,完全体,竜人型,ウィルス,,,,,,,,,,,,,,,,,unresolved_source_required,unresolved_asset_required,unresolved_asset_required,blocked_missing_battle_parameters
88,digimon,necromon,ネクロモン,究極体,ゴースト型,ウィルス,,,,,,,,,,,,,,,,,unresolved_source_required,unresolved_asset_required,unresolved_asset_required,blocked_missing_battle_parameters
89,digimon,jougamon,ジョウガモン,究極体,神人型,ワクチン,,,,,,,,,,,,,,,,,unresolved_source_required,unresolved_asset_required,unresolved_asset_required,blocked_missing_battle_parameters
90,digimon,pyramidimon,ピラミディモン,究極体,鉱物型,ウィルス,,,,,,,,,,,,,,,,,unresolved_source_required,unresolved_asset_required,unresolved_asset_required,blocked_missing_battle_parameters
91,digimon,proganomon,プロガノモン,完全体,鉱物型,ウィルス,,,,,,,,,,,,,,,,,unresolved_source_required,unresolved_asset_required,unresolved_asset_required,blocked_missing_battle_parameters
92,digimon,landramon,ランドラモン,成熟期,鉱物型,ウィルス,,,,,,,,,,,,,,,,,unresolved_source_required,unresolved_asset_required,unresolved_asset_required,blocked_missing_battle_parameters
93,digimon,invisimon,インビジモン,究極体,サイボーグ型,ウィルス,,,,,,,,,,,,,,,,,unresolved_source_required,unresolved_asset_required,unresolved_asset_required,blocked_missing_battle_parameters
94,digimon,oblivimon,オブリビモン,完全体,サイボーグ型,ウィルス,,,,,,,,,,,,,,,,,unresolved_source_required,unresolved_asset_required,unresolved_asset_required,blocked_missing_battle_parameters
95,digimon,dimetromon,ディメトロモン,成熟期,爬虫類型,ウィルス,,,,,,,,,,,,,,,,,unresolved_source_required,unresolved_asset_required,unresolved_asset_required,blocked_missing_battle_parameters
96,digimon,ryugumon,リュウグウモン,究極体,軟体型,データ,,,,,,,,,,,,,,,,,unresolved_source_required,unresolved_asset_required,unresolved_asset_required,blocked_missing_battle_parameters
97,digimon,cerunumon,ケルヌモン,究極体,聖獣型,データ,,,,,,,,,,,,,,,,,unresolved_source_required,unresolved_asset_required,unresolved_asset_required,blocked_missing_battle_parameters
98,digimon,marinbullmon,マリンブルモン,完全体,軟体型,データ,,,,,,,,,,,,,,,,,unresolved_source_required,unresolved_asset_required,unresolved_asset_required,blocked_missing_battle_parameters
99,digimon,elizamon,エリザモン,成長期,爬虫類型,ウィルス,,,,,,,,,,,,,,,,,unresolved_source_required,unresolved_asset_required,unresolved_asset_required,blocked_missing_battle_parameters
100,digimon,nezhamon,ナタモン,究極体,サイボーグ型,データ,,,,,,,,,,,,,,,,,unresolved_source_required,unresolved_asset_required,unresolved_asset_required,blocked_missing_battle_parameters
101,digimon,dinomon,ダイナモン,究極体,恐竜型,ワクチン,,,,,,,,,,,,,,,,,unresolved_source_required,unresolved_asset_required,unresolved_asset_required,blocked_missing_battle_parameters
102,digimon,skadimon,スカーディモン,究極体,氷雪型,ワクチン,,,,,,,,,,,,,,,,,unresolved_source_required,unresolved_asset_required,unresolved_asset_required,blocked_missing_battle_parameters
103,digimon,polarbearmon,ポーラーベアモン,完全体,氷雪型,ワクチン,,,,,,,,,,,,,,,,,unresolved_source_required,unresolved_asset_required,unresolved_asset_required,blocked_missing_battle_parameters
104,digimon,erlangmon_blast,イーランモン：ブラストモード,究極体,神人型,ワクチン,,,,,,,,,,,,,,,,,unresolved_source_required,unresolved_asset_required,unresolved_asset_required,blocked_missing_battle_parameters
105,digimon,queenbeemon,クイーンビーモン,究極体,サイボーグ型,ウィルス,,,,,,,,,,,,,,,,,unresolved_source_required,unresolved_asset_required,unresolved_asset_required,blocked_missing_battle_parameters
106,digimon,vespamon,ヴェスパモン,完全体,サイボーグ型,ウィルス,,,,,,,,,,,,,,,,,unresolved_source_required,unresolved_asset_required,unresolved_asset_required,blocked_missing_battle_parameters
107,digimon,forgebeemon,フォージビーモン,成熟期,サイボーグ型,ウィルス,,,,,,,,,,,,,,,,,unresolved_source_required,unresolved_asset_required,unresolved_asset_required,blocked_missing_battle_parameters
108,digimon,heavymetaldramon,ヘヴィーメタルドラモン,究極体,邪竜型,ウィルス,,,,,,,,,,,,,,,,,unresolved_source_required,unresolved_asset_required,unresolved_asset_required,blocked_missing_battle_parameters
109,digimon,loudmon,ラウドモン,完全体,サイボーグ型,ウィルス,,,,,,,,,,,,,,,,,unresolved_source_required,unresolved_asset_required,unresolved_asset_required,blocked_missing_battle_parameters
110,digimon,punkmon,パンクモン,成熟期,魔竜型,ウィルス,,,,,,,,,,,,,,,,,unresolved_source_required,unresolved_asset_required,unresolved_asset_required,blocked_missing_battle_parameters
111,digimon,takutoumon_wrath,タクトウモン：ラースモード,究極体,神人型,ワクチン,,,,,,,,,,,,,,,,,unresolved_source_required,unresolved_asset_required,unresolved_asset_required,blocked_missing_battle_parameters
112,digimon,erlangmon,イーランモン,究極体,神人型,ワクチン,,,,,,,,,,,,,,,,,unresolved_source_required,unresolved_asset_required,unresolved_asset_required,blocked_missing_battle_parameters
113,digimon,cendrillmon,サンドリモン,究極体,パペット型,ウィルス,,,,,,,,,,,,,,,,,unresolved_source_required,unresolved_asset_required,unresolved_asset_required,blocked_missing_battle_parameters
114,digimon,chaperomon,シャペロモン,完全体,パペット型,ウィルス,,,,,,,,,,,,,,,,,unresolved_source_required,unresolved_asset_required,unresolved_asset_required,blocked_missing_battle_parameters
115,digimon,zephagamon,ゼファーガモン,究極体,魔法騎士型,データ,,,,,,,,,,,,,,,,,unresolved_source_required,unresolved_asset_required,unresolved_asset_required,blocked_missing_battle_parameters
116,digimon,grandgalemon,グランゲイルモン,完全体,鳥竜型,データ,,,,,,,,,,,,,,,,,unresolved_source_required,unresolved_asset_required,unresolved_asset_required,blocked_missing_battle_parameters
117,digimon,fluffymon,フラフィモン,幼年期Ⅱ,小鳥型,,,,,,,,,,,,,,,,,,unresolved_source_required,unresolved_asset_required,unresolved_asset_required,blocked_missing_battle_parameters
118,digimon,yolkmon,ヨークモン,幼年期Ⅰ,スライム型,,,,,,,,,,,,,,,,,,unresolved_source_required,unresolved_asset_required,unresolved_asset_required,blocked_missing_battle_parameters
119,digimon,callismon,カリスモン,究極体,魔獣型,ウィルス,,,,,,,,,,,,,,,,,unresolved_source_required,unresolved_asset_required,unresolved_asset_required,blocked_missing_battle_parameters
120,digimon,tlalocmon,トラロックモン,究極体,鉱物型,データ,,,,,,,,,,,,,,,,,unresolved_source_required,unresolved_asset_required,unresolved_asset_required,blocked_missing_battle_parameters
121,digimon,shoeshoemon,シューシューモン,成熟期,パペット型,ウィルス,,,,,,,,,,,,,,,,,unresolved_source_required,unresolved_asset_required,unresolved_asset_required,blocked_missing_battle_parameters
122,digimon,shoemon,シューモン,成長期,パペット型,ウィルス,,,,,,,,,,,,,,,,,unresolved_source_required,unresolved_asset_required,unresolved_asset_required,blocked_missing_battle_parameters
123,digimon,galemon,ゲイルモン,成熟期,鳥竜型,データ,,,,,,,,,,,,,,,,,unresolved_source_required,unresolved_asset_required,unresolved_asset_required,blocked_missing_battle_parameters
124,digimon,pteromon,プテロモン,成長期,鳥竜型,データ,,,,,,,,,,,,,,,,,unresolved_source_required,unresolved_asset_required,unresolved_asset_required,blocked_missing_battle_parameters
125,digimon,takutoumon,タクトウモン,究極体,神人型,ワクチン,,,,,,,,,,,,,,,,,unresolved_source_required,unresolved_asset_required,unresolved_asset_required,blocked_missing_battle_parameters
126,digimon,fenriloogamon_takemikazuchi,フェンリルガモン：建御雷神(タケミカヅチ),究極体,魔獣型,ウィルス,,,,,,,,,,,,,,,,,unresolved_source_required,unresolved_asset_required,unresolved_asset_required,blocked_missing_battle_parameters
127,digimon,bigukkomon,ビッグウッコモン,究極体,古代妖精型,フリー,,,,,,,,,,,,,,,,,unresolved_source_required,unresolved_asset_required,unresolved_asset_required,blocked_missing_battle_parameters
128,digimon,ukkomon,ウッコモン,成長期,古代妖精型,フリー,,,,,,,,,,,,,,,,,unresolved_source_required,unresolved_asset_required,unresolved_asset_required,blocked_missing_battle_parameters
129,digimon,dijiangmon,ディージャンモン,究極体,突然変異型,ウィルス,,,,,,,,,,,,,,,,,unresolved_source_required,unresolved_asset_required,unresolved_asset_required,blocked_missing_battle_parameters
130,digimon,xingtianmon,シンテンモン,完全体,鬼人型,ウィルス,,,,,,,,,,,,,,,,,unresolved_source_required,unresolved_asset_required,unresolved_asset_required,blocked_missing_battle_parameters
131,digimon,lianpumon,リェンフーモン,成熟期,突然変異型,データ,,,,,,,,,,,,,,,,,unresolved_source_required,unresolved_asset_required,unresolved_asset_required,blocked_missing_battle_parameters
132,digimon,dominimon,ドミニモン,究極体,主天使型,ワクチン,,,,,,,,,,,,,,,,,unresolved_source_required,unresolved_asset_required,unresolved_asset_required,blocked_missing_battle_parameters
133,digimon,arkhaiangemon,アルケーエンジェモン,完全体,権天使型,ワクチン,,,,,,,,,,,,,,,,,unresolved_source_required,unresolved_asset_required,unresolved_asset_required,blocked_missing_battle_parameters
134,digimon,luxmon,ルクスモン,成長期,天使型,ワクチン,,,,,,,,,,,,,,,,,unresolved_source_required,unresolved_asset_required,unresolved_asset_required,blocked_missing_battle_parameters
135,digimon,huanglongmon_ruin,ファンロンモン：ルインモード,究極体,神獣型,NO DATA,,,,,,,,,,,,,,,,,unresolved_source_required,unresolved_asset_required,unresolved_asset_required,blocked_missing_battle_parameters
136,digimon,moonmon,ムンモン,幼年期Ⅱ,レッサー型,,,,,,,,,,,,,,,,,,unresolved_source_required,unresolved_asset_required,unresolved_asset_required,blocked_missing_battle_parameters
137,digimon,sunmon,サンモン,幼年期Ⅱ,レッサー型,,,,,,,,,,,,,,,,,,unresolved_source_required,unresolved_asset_required,unresolved_asset_required,blocked_missing_battle_parameters
138,digimon,brigadramon,ブリガードラモン,究極体,サイボーグ型,ウィルス,,,,,,,,,,,,,,,,,unresolved_source_required,unresolved_asset_required,unresolved_asset_required,blocked_missing_battle_parameters
139,digimon,hi-commandramon,ハイコマンドラモン,成熟期,サイボーグ型,ウィルス,,,,,,,,,,,,,,,,,unresolved_source_required,unresolved_asset_required,unresolved_asset_required,blocked_missing_battle_parameters
140,digimon,fenriloogamon,フェンリルガモン,究極体,魔獣型,ウィルス,,,,,,,,,,,,,,,,,unresolved_source_required,unresolved_asset_required,unresolved_asset_required,blocked_missing_battle_parameters
141,digimon,helloogarmon,ヘルガルモン,完全体,魔獣型,ウィルス,,,,,,,,,,,,,,,,,unresolved_source_required,unresolved_asset_required,unresolved_asset_required,blocked_missing_battle_parameters
142,digimon,soloogarmon,ソルガルモン,完全体,魔獣型,ウィルス,,,,,,,,,,,,,,,,,unresolved_source_required,unresolved_asset_required,unresolved_asset_required,blocked_missing_battle_parameters
143,digimon,cargodramon,カーゴドラモン,完全体,マシーン型,ウィルス,,,,,,,,,,,,,,,,,unresolved_source_required,unresolved_asset_required,unresolved_asset_required,blocked_missing_battle_parameters
144,digimon,loogarmon,ルガルモン,成熟期,魔獣型,ウィルス,,,,,,,,,,,,,,,,,unresolved_source_required,unresolved_asset_required,unresolved_asset_required,blocked_missing_battle_parameters
145,digimon,bowmon,バウモン,幼年期Ⅱ,レッサー型,,,,,,,,,,,,,,,,,,unresolved_source_required,unresolved_asset_required,unresolved_asset_required,blocked_missing_battle_parameters
146,digimon,fusamon,フサモン,幼年期Ⅰ,スライム型,,,,,,,,,,,,,,,,,,unresolved_source_required,unresolved_asset_required,unresolved_asset_required,blocked_missing_battle_parameters
147,digimon,quantumon,クオンタモン,究極体,妖精型,データ,,,,,,,,,,,,,,,,,unresolved_source_required,unresolved_asset_required,unresolved_asset_required,blocked_missing_battle_parameters
148,digimon,loogamon,ルガモン,成長期,魔獣型,ウィルス,,,,,,,,,,,,,,,,,unresolved_source_required,unresolved_asset_required,unresolved_asset_required,blocked_missing_battle_parameters
149,digimon,proximamon,プロキシマモン,究極体,特異型,ウィルス,,,,,,,,,,,,,,,,,unresolved_source_required,unresolved_asset_required,unresolved_asset_required,blocked_missing_battle_parameters
150,digimon,arcturusmon,アルクトゥルスモン,究極体,竜人型,ウィルス,,,,,,,,,,,,,,,,,unresolved_source_required,unresolved_asset_required,unresolved_asset_required,blocked_missing_battle_parameters
151,digimon,greyknightsmon,グレイナイツモン,"究極体
(クロスウォーズ)",暗黒騎士型,ウィルス,,,,,,,,,,,,,,,,,unresolved_source_required,unresolved_asset_required,unresolved_asset_required,blocked_missing_battle_parameters
152,digimon,zanmetsumon,ザンメツモン,完全体,獣竜型,ウィルス,,,,,,,,,,,,,,,,,unresolved_source_required,unresolved_asset_required,unresolved_asset_required,blocked_missing_battle_parameters
153,digimon,bombermon,ボマーモン,完全体,突然変異型,ウィルス,,,,,,,,,,,,,,,,,unresolved_source_required,unresolved_asset_required,unresolved_asset_required,blocked_missing_battle_parameters
154,digimon,ghilliedhumon,ギリードゥモン,完全体,妖精型,データ,,,,,,,,,,,,,,,,,unresolved_source_required,unresolved_asset_required,unresolved_asset_required,blocked_missing_battle_parameters
155,digimon,fumamon,フウマモン,完全体,サイボーグ型,データ,,,,,,,,,,,,,,,,,unresolved_source_required,unresolved_asset_required,unresolved_asset_required,blocked_missing_battle_parameters
156,digimon,cthyllamon,クティーラモン,究極体,妖精型,ウィルス,,,,,,,,,,,,,,,,,unresolved_source_required,unresolved_asset_required,unresolved_asset_required,blocked_missing_battle_parameters
157,digimon,regulusmon,レグルスモン,完全体,邪竜型,ウィルス,,,,,,,,,,,,,,,,,unresolved_source_required,unresolved_asset_required,unresolved_asset_required,blocked_missing_battle_parameters
158,digimon,ragnamon,ラグナモン,究極体,不明,不明,,,,,,,,,,,,,,,,,unresolved_source_required,unresolved_asset_required,unresolved_asset_required,blocked_missing_battle_parameters
159,digimon,destromon,デストロモン,完全体,不明,不明,,,,,,,,,,,,,,,,,unresolved_source_required,unresolved_asset_required,unresolved_asset_required,blocked_missing_battle_parameters
160,digimon,snatchmon,スナッチモン,成熟期,不明,不明,,,,,,,,,,,,,,,,,unresolved_source_required,unresolved_asset_required,unresolved_asset_required,blocked_missing_battle_parameters
161,digimon,bemmon,ベムモン,成長期,不明,不明,,,,,,,,,,,,,,,,,unresolved_source_required,unresolved_asset_required,unresolved_asset_required,blocked_missing_battle_parameters
162,digimon,baalmon_x,バアルモン（X抗体）,完全体,魔人型,フリー,,,,,,,,,,,,,,,,,unresolved_source_required,unresolved_asset_required,unresolved_asset_required,blocked_missing_battle_parameters
163,digimon,amphimon,アンフィモン,究極体,サイボーグ型,データ,,,,,,,,,,,,,,,,,unresolved_source_required,unresolved_asset_required,unresolved_asset_required,blocked_missing_battle_parameters
164,digimon,diarbbitmon,ディルビットモン,究極体,獣騎士型,ワクチン,,,,,,,,,,,,,,,,,unresolved_source_required,unresolved_asset_required,unresolved_asset_required,blocked_missing_battle_parameters
165,digimon,siriusmon,シリウスモン,究極体,光竜型,ワクチン,,,,,,,,,,,,,,,,,unresolved_source_required,unresolved_asset_required,unresolved_asset_required,blocked_missing_battle_parameters
166,digimon,shinegreymon_ruin,シャイングレイモン： ルインモード,究極体,光竜型,ワクチン,,,,,,,,,,,,,,,,,unresolved_source_required,unresolved_asset_required,unresolved_asset_required,blocked_missing_battle_parameters
167,digimon,chamblemon,シャンブルモン,成熟期,植物型,ウィルス,,,,,,,,,,,,,,,,,unresolved_source_required,unresolved_asset_required,unresolved_asset_required,blocked_missing_battle_parameters
168,digimon,publimon,パブリモン,成熟期,突然変異型,データ,,,,,,,,,,,,,,,,,unresolved_source_required,unresolved_asset_required,unresolved_asset_required,blocked_missing_battle_parameters
169,digimon,oleamon,オウリアモン,完全体,食虫植物型,ウィルス,,,,,,,,,,,,,,,,,unresolved_source_required,unresolved_asset_required,unresolved_asset_required,blocked_missing_battle_parameters
170,digimon,huankunmon,ファンクンモン,完全体,水棲型,ワクチン,,,,,,,,,,,,,,,,,unresolved_source_required,unresolved_asset_required,unresolved_asset_required,blocked_missing_battle_parameters
171,digimon,xiangpengmon,シャンポンモン,究極体,聖鳥型,ワクチン,,,,,,,,,,,,,,,,,unresolved_source_required,unresolved_asset_required,unresolved_asset_required,blocked_missing_battle_parameters
172,digimon,xiquemon,シーチューモン,成熟期,鳥型,ワクチン,,,,,,,,,,,,,,,,,unresolved_source_required,unresolved_asset_required,unresolved_asset_required,blocked_missing_battle_parameters
173,digimon,imperialdramonfightermode_vi,インペリアルドラモン：ファイターモード（黒）,究極体,古代竜人型,ウィルス,,,,,,,,,,,,,,,,,unresolved_source_required,unresolved_asset_required,unresolved_asset_required,blocked_missing_battle_parameters
174,digimon,greymon_blue_x,グレイモン（青）（X抗体）,成熟期,恐竜型,ウィルス,,,,,,,,,,,,,,,,,unresolved_source_required,unresolved_asset_required,unresolved_asset_required,blocked_missing_battle_parameters
175,digimon,oboromon,オボロモン,完全体,アンデッド型,ウィルス,,,,,,,,,,,,,,,,,unresolved_source_required,unresolved_asset_required,unresolved_asset_required,blocked_missing_battle_parameters
176,digimon,gyukimon,ギュウキモン,完全体,魔獣型,ウィルス,,,,,,,,,,,,,,,,,unresolved_source_required,unresolved_asset_required,unresolved_asset_required,blocked_missing_battle_parameters
177,digimon,shinmonzaemon,しんもんざえモン,究極体,パペット型,ワクチン,,,,,,,,,,,,,,,,,unresolved_source_required,unresolved_asset_required,unresolved_asset_required,blocked_missing_battle_parameters
178,digimon,hoverespimon,ホバーエスピモン,成熟期,サイボーグ型,ウィルス,,,,,,,,,,,,,,,,,unresolved_source_required,unresolved_asset_required,unresolved_asset_required,blocked_missing_battle_parameters
179,digimon,espimon,エスピモン,成長期,サイボーグ型,ウィルス,,,,,,,,,,,,,,,,,unresolved_source_required,unresolved_asset_required,unresolved_asset_required,blocked_missing_battle_parameters
180,digimon,jupitermmon_wrath,ユピテルモン：ラースモード,究極体,神人型,ワクチン,,,,,,,,,,,,,,,,,unresolved_source_required,unresolved_asset_required,unresolved_asset_required,blocked_missing_battle_parameters
181,digimon,plutomon,プルートモン,究極体,神人型,ウィルス,,,,,,,,,,,,,,,,,unresolved_source_required,unresolved_asset_required,unresolved_asset_required,blocked_missing_battle_parameters
182,digimon,ceresmon,ケレスモン,究極体,神人型,データ,,,,,,,,,,,,,,,,,unresolved_source_required,unresolved_asset_required,unresolved_asset_required,blocked_missing_battle_parameters
183,digimon,bacchusmon,バッカスモン,究極体,神人型,ウィルス,,,,,,,,,,,,,,,,,unresolved_source_required,unresolved_asset_required,unresolved_asset_required,blocked_missing_battle_parameters
184,digimon,junomon_hysteric,ユノモン：ヒステリックモード,究極体,神人型,ウィルス,,,,,,,,,,,,,,,,,unresolved_source_required,unresolved_asset_required,unresolved_asset_required,blocked_missing_battle_parameters
185,digimon,junomon,ユノモン,究極体,神人型,ウィルス,,,,,,,,,,,,,,,,,unresolved_source_required,unresolved_asset_required,unresolved_asset_required,blocked_missing_battle_parameters
186,digimon,thetismon,テティスモン,完全体,水棲獣人型,データ,,,,,,,,,,,,,,,,,unresolved_source_required,unresolved_asset_required,unresolved_asset_required,blocked_missing_battle_parameters
187,digimon,lamortmon,ラモールモン,完全体,獣型,ワクチン,,,,,,,,,,,,,,,,,unresolved_source_required,unresolved_asset_required,unresolved_asset_required,blocked_missing_battle_parameters
188,digimon,canoweissmon,カノーヴァイスモン,完全体,天竜型,ワクチン,,,,,,,,,,,,,,,,,unresolved_source_required,unresolved_asset_required,unresolved_asset_required,blocked_missing_battle_parameters
189,digimon,sistermon_ciel_Awake,シスタモン シエル（覚醒）,成熟期,パペット型,データ,,,,,,,,,,,,,,,,,unresolved_source_required,unresolved_asset_required,unresolved_asset_required,blocked_missing_battle_parameters
190,digimon,sistermon_noir_Awake,シスタモン ノワール（覚醒）,成熟期,パペット型,ウィルス,,,,,,,,,,,,,,,,,unresolved_source_required,unresolved_asset_required,unresolved_asset_required,blocked_missing_battle_parameters
191,digimon,sistermon_blanc_Awake,シスタモン ブラン（覚醒）,成長期,パペット型,ワクチン,,,,,,,,,,,,,,,,,unresolved_source_required,unresolved_asset_required,unresolved_asset_required,blocked_missing_battle_parameters
192,digimon,gulusgammamon,グルスガンマモン,成熟期,竜人型,ウィルス,,,,,,,,,,,,,,,,,unresolved_source_required,unresolved_asset_required,unresolved_asset_required,blocked_missing_battle_parameters
193,digimon,teslajellymon,テスラジェリーモン,成熟期,軟体型,データ,,,,,,,,,,,,,,,,,unresolved_source_required,unresolved_asset_required,unresolved_asset_required,blocked_missing_battle_parameters
194,digimon,symbareangoramon,ジンバーアンゴラモン,成熟期,獣人型,ワクチン,,,,,,,,,,,,,,,,,unresolved_source_required,unresolved_asset_required,unresolved_asset_required,blocked_missing_battle_parameters
195,digimon,blacktailmon_uver,ブラックテイルモン Uver.,成熟期,魔獣型,ウィルス,,,,,,,,,,,,,,,,,unresolved_source_required,unresolved_asset_required,unresolved_asset_required,blocked_missing_battle_parameters
196,digimon,weddinmon,ウェディンモン,完全体,妖精型,ワクチン,,,,,,,,,,,,,,,,,unresolved_source_required,unresolved_asset_required,unresolved_asset_required,blocked_missing_battle_parameters
197,digimon,shortmon,ショートモン,成熟期,食物型,データ,,,,,,,,,,,,,,,,,unresolved_source_required,unresolved_asset_required,unresolved_asset_required,blocked_missing_battle_parameters
198,digimon,blackrapidmon,ブラックラピッドモン,完全体,サイボーグ型,ワクチン,,,,,,,,,,,,,,,,,unresolved_source_required,unresolved_asset_required,unresolved_asset_required,blocked_missing_battle_parameters
199,digimon,blackgalgomon,ブラックガルゴモン,成熟期,獣人型,ワクチン,,,,,,,,,,,,,,,,,unresolved_source_required,unresolved_asset_required,unresolved_asset_required,blocked_missing_battle_parameters
200,digimon,omegamonzwart_d,オメガモンズワルトDEFEAT,究極体,聖騎士型,ウィルス,,,,,,,,,,,,,,,,,unresolved_source_required,unresolved_asset_required,unresolved_asset_required,blocked_missing_battle_parameters
201,digimon,wezengammamon,ウェズンガンマモン,成熟期,角竜型,データ,,,,,,,,,,,,,,,,,unresolved_source_required,unresolved_asset_required,unresolved_asset_required,blocked_missing_battle_parameters
202,digimon,kausgammamon,カウスガンマモン,成熟期,竜人型,データ,,,,,,,,,,,,,,,,,unresolved_source_required,unresolved_asset_required,unresolved_asset_required,blocked_missing_battle_parameters
203,digimon,betelgammamon,ベテルガンマモン,成熟期,竜人型,ワクチン,,,,,,,,,,,,,,,,,unresolved_source_required,unresolved_asset_required,unresolved_asset_required,blocked_missing_battle_parameters
204,digimon,abbadomoncore,アバドモンコア,究極体,種族不明,不明,,,,,,,,,,,,,,,,,unresolved_source_required,unresolved_asset_required,unresolved_asset_required,blocked_missing_battle_parameters
205,digimon,luminamon_nene,ルミナモン（ネネVer.）,完全体,合成型,ワクチン,,,,,,,,,,,,,,,,,unresolved_source_required,unresolved_asset_required,unresolved_asset_required,blocked_missing_battle_parameters
206,digimon,shoutmonx7_superior,シャウトモンX7：スペリオルモード,"究極体
(クロスウォーズ)",合成型,データ,,,,,,,,,,,,,,,,,unresolved_source_required,unresolved_asset_required,unresolved_asset_required,blocked_missing_battle_parameters
207,digimon,jellymon,ジェリーモン,成長期,軟体型,データ,,,,,,,,,,,,,,,,,unresolved_source_required,unresolved_asset_required,unresolved_asset_required,blocked_missing_battle_parameters
208,digimon,puyoyomon,プヨヨモン,幼年期Ⅱ,レッサー型,,,,,,,,,,,,,,,,,,unresolved_source_required,unresolved_asset_required,unresolved_asset_required,blocked_missing_battle_parameters
209,digimon,puyomon,プヨモン,幼年期Ⅰ,スライム型,,,,,,,,,,,,,,,,,,unresolved_source_required,unresolved_asset_required,unresolved_asset_required,blocked_missing_battle_parameters
210,digimon,angoramon,アンゴラモン,成長期,獣型,ワクチン,,,,,,,,,,,,,,,,,unresolved_source_required,unresolved_asset_required,unresolved_asset_required,blocked_missing_battle_parameters
211,digimon,bosamon,ボサモン,幼年期Ⅱ,レッサー型,,,,,,,,,,,,,,,,,,unresolved_source_required,unresolved_asset_required,unresolved_asset_required,blocked_missing_battle_parameters
212,digimon,pyonmon,ピョンモン,幼年期Ⅰ,スライム型,,,,,,,,,,,,,,,,,,unresolved_source_required,unresolved_asset_required,unresolved_asset_required,blocked_missing_battle_parameters
213,digimon,gammamon,ガンマモン,成長期,角竜型,ウィルス,,,,,,,,,,,,,,,,,unresolved_source_required,unresolved_asset_required,unresolved_asset_required,blocked_missing_battle_parameters
214,digimon,gurimon,グリモン,幼年期Ⅱ,レッサー型,,,,,,,,,,,,,,,,,,unresolved_source_required,unresolved_asset_required,unresolved_asset_required,blocked_missing_battle_parameters
215,digimon,curimon,クリモン,幼年期Ⅰ,スライム型,,,,,,,,,,,,,,,,,,unresolved_source_required,unresolved_asset_required,unresolved_asset_required,blocked_missing_battle_parameters
216,digimon,abbadomon,アバドモン,究極体,種族不明,不明,,,,,,,,,,,,,,,,,unresolved_source_required,unresolved_asset_required,unresolved_asset_required,blocked_missing_battle_parameters
217,digimon,negamon,ネガーモン,幼年期Ⅱ,不明,,,,,,,,,,,,,,,,,,unresolved_source_required,unresolved_asset_required,unresolved_asset_required,blocked_missing_battle_parameters
218,digimon,pilevolcamon,パイルボルケーモン,究極体,サイボーグ型,データ,,,,,,,,,,,,,,,,,unresolved_source_required,unresolved_asset_required,unresolved_asset_required,blocked_missing_battle_parameters
219,digimon,raidenmon,ライデンモン,究極体,マシーン型,ウィルス,,,,,,,,,,,,,,,,,unresolved_source_required,unresolved_asset_required,unresolved_asset_required,blocked_missing_battle_parameters
220,digimon,raijinmon,ライジンモン,究極体,サイボーグ型,ウィルス,,,,,,,,,,,,,,,,,unresolved_source_required,unresolved_asset_required,unresolved_asset_required,blocked_missing_battle_parameters
221,digimon,dokunemon,ドクネモン,成長期,幼虫型,ウィルス,,,,,,,,,,,,,,,,,unresolved_source_required,unresolved_asset_required,unresolved_asset_required,blocked_missing_battle_parameters
222,digimon,modokibetamon,モドキベタモン,成長期,両生類型,データ,,,,,,,,,,,,,,,,,unresolved_source_required,unresolved_asset_required,unresolved_asset_required,blocked_missing_battle_parameters
223,digimon,hydramon,ヒュドラモン,究極体,植物型,ウィルス,,,,,,,,,,,,,,,,,unresolved_source_required,unresolved_asset_required,unresolved_asset_required,blocked_missing_battle_parameters
224,digimon,bloomlordmon,ブルムロードモン,究極体,妖精型,ワクチン,,,,,,,,,,,,,,,,,unresolved_source_required,unresolved_asset_required,unresolved_asset_required,blocked_missing_battle_parameters
225,digimon,ajatarmon,アヤタラモン,完全体,植物型,ワクチン,,,,,,,,,,,,,,,,,unresolved_source_required,unresolved_asset_required,unresolved_asset_required,blocked_missing_battle_parameters
226,digimon,gardromon_gold,ガードロモン（金）,成熟期,マシーン型,フリー,,,,,,,,,,,,,,,,,unresolved_source_required,unresolved_asset_required,unresolved_asset_required,blocked_missing_battle_parameters
227,digimon,burgamon_lv4,バーガモン,成熟期,食物型,ワクチン,,,,,,,,,,,,,,,,,unresolved_source_required,unresolved_asset_required,unresolved_asset_required,blocked_missing_battle_parameters
228,digimon,pidmon,ピッドモン,成熟期,天使型,ワクチン,,,,,,,,,,,,,,,,,unresolved_source_required,unresolved_asset_required,unresolved_asset_required,blocked_missing_battle_parameters
229,digimon,sandyammamon,サンドヤンマモン,成熟期,昆虫型,データ,,,,,,,,,,,,,,,,,unresolved_source_required,unresolved_asset_required,unresolved_asset_required,blocked_missing_battle_parameters
230,digimon,yammamon,ヤンマモン,成熟期,昆虫型,データ,,,,,,,,,,,,,,,,,unresolved_source_required,unresolved_asset_required,unresolved_asset_required,blocked_missing_battle_parameters
231,digimon,morishellmon,モリシェルモン,成熟期,軟体型,データ,,,,,,,,,,,,,,,,,unresolved_source_required,unresolved_asset_required,unresolved_asset_required,blocked_missing_battle_parameters
232,digimon,bombernanimon,ボンバーナニモン,成熟期,インベイド型,ウィルス,,,,,,,,,,,,,,,,,unresolved_source_required,unresolved_asset_required,unresolved_asset_required,blocked_missing_battle_parameters
233,digimon,heraklekabuterimon_x,ヘラクルカブテリモン（X抗体）,究極体,昆虫型,ワクチン,,,,,,,,,,,,,,,,,unresolved_source_required,unresolved_asset_required,unresolved_asset_required,blocked_missing_battle_parameters
234,digimon,starmon_x,スターモン（X抗体）,成熟期,突然変異型,データ,,,,,,,,,,,,,,,,,unresolved_source_required,unresolved_asset_required,unresolved_asset_required,blocked_missing_battle_parameters
235,digimon,growmon_x,グラウモン（X抗体）,成熟期,魔竜型,ウィルス,,,,,,,,,,,,,,,,,unresolved_source_required,unresolved_asset_required,unresolved_asset_required,blocked_missing_battle_parameters
236,digimon,hagurumon_x,ハグルモン（X抗体）,成長期,マシーン型,ウィルス,,,,,,,,,,,,,,,,,unresolved_source_required,unresolved_asset_required,unresolved_asset_required,blocked_missing_battle_parameters
237,digimon,gaioumon_itto,ガイオウモン：厳刀ノ型,究極体,竜人型,ウィルス,,,,,,,,,,,,,,,,,unresolved_source_required,unresolved_asset_required,unresolved_asset_required,blocked_missing_battle_parameters
238,digimon,brachiomon,ブラキモン,完全体,首長竜型,データ,,,,,,,,,,,,,,,,,unresolved_source_required,unresolved_asset_required,unresolved_asset_required,blocked_missing_battle_parameters
239,digimon,kyukimon,キュウキモン,完全体,妖獣型,ウィルス,,,,,,,,,,,,,,,,,unresolved_source_required,unresolved_asset_required,unresolved_asset_required,blocked_missing_battle_parameters
240,digimon,vermillimon,ヴァーミリモン,完全体,鎧竜型,データ,,,,,,,,,,,,,,,,,unresolved_source_required,unresolved_asset_required,unresolved_asset_required,blocked_missing_battle_parameters
241,digimon,assaultmon,アサルトモン,完全体,サイボーグ型,ウィルス,,,,,,,,,,,,,,,,,unresolved_source_required,unresolved_asset_required,unresolved_asset_required,blocked_missing_battle_parameters
242,digimon,tekkamon,テッカモン,完全体,マシーン型,ウィルス,,,,,,,,,,,,,,,,,unresolved_source_required,unresolved_asset_required,unresolved_asset_required,blocked_missing_battle_parameters
243,digimon,vulturemon,バルチャモン,完全体,鳥人型,ウィルス,,,,,,,,,,,,,,,,,unresolved_source_required,unresolved_asset_required,unresolved_asset_required,blocked_missing_battle_parameters
244,digimon,goromon,ゴロモン,幼年期Ⅱ,鉱石型,,,,,,,,,,,,,,,,,,unresolved_source_required,unresolved_asset_required,unresolved_asset_required,blocked_missing_battle_parameters
245,digimon,sunamon,スナモン,幼年期Ⅰ,スライム型,,,,,,,,,,,,,,,,,,unresolved_source_required,unresolved_asset_required,unresolved_asset_required,blocked_missing_battle_parameters
246,digimon,burpmon,ば～ぷモン,不明,突然変異型,不明,,,,,,,,,,,,,,,,,unresolved_source_required,unresolved_asset_required,unresolved_asset_required,blocked_missing_battle_parameters
247,digimon,blackkingnumemon,ブラックキングヌメモン,完全体,軟体型,ウィルス,,,,,,,,,,,,,,,,,unresolved_source_required,unresolved_asset_required,unresolved_asset_required,blocked_missing_battle_parameters
248,digimon,goldnumemon,ゴールドヌメモン,成熟期,突然変異型,ウィルス,,,,,,,,,,,,,,,,,unresolved_source_required,unresolved_asset_required,unresolved_asset_required,blocked_missing_battle_parameters
249,digimon,culumon,クルモン,不明,不明,不明,,,,,,,,,,,,,,,,,unresolved_source_required,unresolved_asset_required,unresolved_asset_required,blocked_missing_battle_parameters
250,digimon,gladimon,グラディモン,成熟期,戦士型,ワクチン,,,,,,,,,,,,,,,,,unresolved_source_required,unresolved_asset_required,unresolved_asset_required,blocked_missing_battle_parameters
251,digimon,shoutmonx4k,シャウトモンX4K,"完全体
(クロスウォーズ)",合成型,データ,,,,,,,,,,,,,,,,,unresolved_source_required,unresolved_asset_required,unresolved_asset_required,blocked_missing_battle_parameters
252,digimon,kodokugumon,コドクグモン,成長期,昆虫型,ウィルス,,,,,,,,,,,,,,,,,unresolved_source_required,unresolved_asset_required,unresolved_asset_required,blocked_missing_battle_parameters
253,digimon,yoxtuyoxtumon,ヨッ！ヨッ！モン,成熟期,パペット型,ウィルス,,,,,,,,,,,,,,,,,unresolved_source_required,unresolved_asset_required,unresolved_asset_required,blocked_missing_battle_parameters
254,digimon,minidekachimon,ミニデカチモン,成長期,小竜型,データ,,,,,,,,,,,,,,,,,unresolved_source_required,unresolved_asset_required,unresolved_asset_required,blocked_missing_battle_parameters
255,digimon,atamadekachimon,アタマデカチモン,成熟期,恐竜型,データ,,,,,,,,,,,,,,,,,unresolved_source_required,unresolved_asset_required,unresolved_asset_required,blocked_missing_battle_parameters
256,digimon,trailmon,トレイルモン,成熟期,マシーン型,データ,,,,,,,,,,,,,,,,,unresolved_source_required,unresolved_asset_required,unresolved_asset_required,blocked_missing_battle_parameters
257,digimon,greatkingscumon,スカモン大王,完全体,突然変異型,ウィルス,,,,,,,,,,,,,,,,,unresolved_source_required,unresolved_asset_required,unresolved_asset_required,blocked_missing_battle_parameters
258,digimon,shroudmon,シュラウドモン,究極体,魔人型,ウィルス,,,,,,,,,,,,,,,,,unresolved_source_required,unresolved_asset_required,unresolved_asset_required,blocked_missing_battle_parameters
259,digimon,frosvelgrmon,フロスベルグモン,究極体,巨鳥型,ウィルス,,,,,,,,,,,,,,,,,unresolved_source_required,unresolved_asset_required,unresolved_asset_required,blocked_missing_battle_parameters
260,digimon,frozomon,フロゾモン,完全体,マシーン型,ウィルス,,,,,,,,,,,,,,,,,unresolved_source_required,unresolved_asset_required,unresolved_asset_required,blocked_missing_battle_parameters
261,digimon,hiyarimon,ヒヤリモン,幼年期Ⅱ,レッサー型,,,,,,,,,,,,,,,,,,unresolved_source_required,unresolved_asset_required,unresolved_asset_required,blocked_missing_battle_parameters
262,digimon,blackseraphimon,ブラックセラフィモン,究極体,熾天使型,ウィルス,,,,,,,,,,,,,,,,,unresolved_source_required,unresolved_asset_required,unresolved_asset_required,blocked_missing_battle_parameters
263,digimon,rareraremon,レアレアモン,完全体,アンデッド型,ウィルス,,,,,,,,,,,,,,,,,unresolved_source_required,unresolved_asset_required,unresolved_asset_required,blocked_missing_battle_parameters
264,digimon,climbmon,クライモン,完全体,昆虫型,ウィルス,,,,,,,,,,,,,,,,,unresolved_source_required,unresolved_asset_required,unresolved_asset_required,blocked_missing_battle_parameters
265,digimon,divemon,ダイブモン,完全体,水棲型,データ,,,,,,,,,,,,,,,,,unresolved_source_required,unresolved_asset_required,unresolved_asset_required,blocked_missing_battle_parameters
266,digimon,clearagumon,クリアアグモン,成長期,パペット型,ワクチン,,,,,,,,,,,,,,,,,unresolved_source_required,unresolved_asset_required,unresolved_asset_required,blocked_missing_battle_parameters
267,digimon,bancholilimon,バンチョーリリモン,究極体,妖精型,データ,,,,,,,,,,,,,,,,,unresolved_source_required,unresolved_asset_required,unresolved_asset_required,blocked_missing_battle_parameters
268,digimon,metalgreymon_va_x,メタルグレイモン（ワクチン種）（Ｘ抗体）,完全体,サイボーグ型,ワクチン,,,,,,,,,,,,,,,,,unresolved_source_required,unresolved_asset_required,unresolved_asset_required,blocked_missing_battle_parameters
269,digimon,panjyamon_x,パンジャモン（Ｘ抗体）,完全体,獣人型,ワクチン,,,,,,,,,,,,,,,,,unresolved_source_required,unresolved_asset_required,unresolved_asset_required,blocked_missing_battle_parameters
270,digimon,metalmamemon_x,メタルマメモン（Ｘ抗体）,完全体,サイボーグ型,データ,,,,,,,,,,,,,,,,,unresolved_source_required,unresolved_asset_required,unresolved_asset_required,blocked_missing_battle_parameters
271,digimon,thunderballmon_x,サンダーボールモン（Ｘ抗体）,成熟期,突然変異型,データ,,,,,,,,,,,,,,,,,unresolved_source_required,unresolved_asset_required,unresolved_asset_required,blocked_missing_battle_parameters
272,digimon,monochromon_x,モノクロモン（Ｘ抗体）,成熟期,鎧竜型,データ,,,,,,,,,,,,,,,,,unresolved_source_required,unresolved_asset_required,unresolved_asset_required,blocked_missing_battle_parameters
273,digimon,dobermon_x,ドーベルモン（Ｘ抗体）,成熟期,魔獣型,ウィルス,,,,,,,,,,,,,,,,,unresolved_source_required,unresolved_asset_required,unresolved_asset_required,blocked_missing_battle_parameters
274,digimon,gesomon_x,ゲソモン（Ｘ抗体）,成熟期,軟体型,ウィルス,,,,,,,,,,,,,,,,,unresolved_source_required,unresolved_asset_required,unresolved_asset_required,blocked_missing_battle_parameters
275,digimon,gottsumon_x,ゴツモン（Ｘ抗体）,成長期,鉱石型,データ,,,,,,,,,,,,,,,,,unresolved_source_required,unresolved_asset_required,unresolved_asset_required,blocked_missing_battle_parameters
276,digimon,ganimon_x,ガニモン（Ｘ抗体）,成長期,甲殻類型,データ,,,,,,,,,,,,,,,,,unresolved_source_required,unresolved_asset_required,unresolved_asset_required,blocked_missing_battle_parameters
277,digimon,guilmon_x,ギルモン（Ｘ抗体）,成長期,魔竜型,ウィルス,,,,,,,,,,,,,,,,,unresolved_source_required,unresolved_asset_required,unresolved_asset_required,blocked_missing_battle_parameters
278,digimon,shoutmon_ex6,シャウトモンEX6,"究極体
(クロスウォーズ)",合成型,データ,,,,,,,,,,,,,,,,,unresolved_source_required,unresolved_asset_required,unresolved_asset_required,blocked_missing_battle_parameters
279,digimon,torikaraballmon,とりからボールモン,幼年期Ⅱ,食物型,,,,,,,,,,,,,,,,,,unresolved_source_required,unresolved_asset_required,unresolved_asset_required,blocked_missing_battle_parameters
280,digimon,burgamon,バーガモン,成長期,食物型,ワクチン,,,,,,,,,,,,,,,,,unresolved_source_required,unresolved_asset_required,unresolved_asset_required,blocked_missing_battle_parameters
281,digimon,potamon,ポテモン,成熟期,食物型,ワクチン,,,,,,,,,,,,,,,,,unresolved_source_required,unresolved_asset_required,unresolved_asset_required,blocked_missing_battle_parameters
282,digimon,achillesmon,アキレウスモン,究極体,獣人型,ウィルス,,,,,,,,,,,,,,,,,unresolved_source_required,unresolved_asset_required,unresolved_asset_required,blocked_missing_battle_parameters
283,digimon,shivamon,シーヴァモン,究極体,昆虫型,データ,,,,,,,,,,,,,,,,,unresolved_source_required,unresolved_asset_required,unresolved_asset_required,blocked_missing_battle_parameters
284,digimon,kazuchimon,カヅチモン,究極体,神人型,ワクチン,,,,,,,,,,,,,,,,,unresolved_source_required,unresolved_asset_required,unresolved_asset_required,blocked_missing_battle_parameters
285,digimon,pistmon,ピストモン,完全体,植物型,ウィルス,,,,,,,,,,,,,,,,,unresolved_source_required,unresolved_asset_required,unresolved_asset_required,blocked_missing_battle_parameters
286,digimon,tempomon,テンポモン,完全体,鳥人型,データ,,,,,,,,,,,,,,,,,unresolved_source_required,unresolved_asset_required,unresolved_asset_required,blocked_missing_battle_parameters
287,digimon,shootmon,シュートモン,完全体,マシーン型,ワクチン,,,,,,,,,,,,,,,,,unresolved_source_required,unresolved_asset_required,unresolved_asset_required,blocked_missing_battle_parameters
288,digimon,boutmon,バウトモン,完全体,獣人型,ワクチン,,,,,,,,,,,,,,,,,unresolved_source_required,unresolved_asset_required,unresolved_asset_required,blocked_missing_battle_parameters
289,digimon,mitamamon,ミタマモン,究極体,神獣型,ワクチン,,,,,,,,,,,,,,,,,unresolved_source_required,unresolved_asset_required,unresolved_asset_required,blocked_missing_battle_parameters
290,digimon,lovelyangemon,ラブリーエンジェモン,究極体,戦士型,ワクチン,,,,,,,,,,,,,,,,,unresolved_source_required,unresolved_asset_required,unresolved_asset_required,blocked_missing_battle_parameters
291,digimon,bibimon,ビビモン,幼年期Ⅱ,レッサー型,,,,,,,,,,,,,,,,,,unresolved_source_required,unresolved_asset_required,unresolved_asset_required,blocked_missing_battle_parameters
292,digimon,dokimon,ドキモン,幼年期Ⅰ,スライム型,,,,,,,,,,,,,,,,,,unresolved_source_required,unresolved_asset_required,unresolved_asset_required,blocked_missing_battle_parameters
293,digimon,namakemon,ナマケモン,成熟期,パペット型,ウィルス,,,,,,,,,,,,,,,,,unresolved_source_required,unresolved_asset_required,unresolved_asset_required,blocked_missing_battle_parameters
294,digimon,runnermon,ランナモン,成熟期,獣型,ウィルス,,,,,,,,,,,,,,,,,unresolved_source_required,unresolved_asset_required,unresolved_asset_required,blocked_missing_battle_parameters
295,digimon,exermon,エキサモン,成熟期,昆虫型,データ,,,,,,,,,,,,,,,,,unresolved_source_required,unresolved_asset_required,unresolved_asset_required,blocked_missing_battle_parameters
296,digimon,bulkmon,バルクモン,成熟期,竜人型,ワクチン,,,,,,,,,,,,,,,,,unresolved_source_required,unresolved_asset_required,unresolved_asset_required,blocked_missing_battle_parameters
297,digimon,komondomon,コモンドモン,成熟期,獣型,データ,,,,,,,,,,,,,,,,,unresolved_source_required,unresolved_asset_required,unresolved_asset_required,blocked_missing_battle_parameters
298,digimon,pulsemon,パルスモン,成長期,獣人型,ワクチン,,,,,,,,,,,,,,,,,unresolved_source_required,unresolved_asset_required,unresolved_asset_required,blocked_missing_battle_parameters
299,digimon,omegamon_merciful,オメガモン：マーシフルモード,究極体,聖騎士型,ワクチン,,,,,,,,,,,,,,,,,unresolved_source_required,unresolved_asset_required,unresolved_asset_required,blocked_missing_battle_parameters
300,digimon,donedevimon,ダンデビモン,究極体,堕天使型,ウィルス,,,,,,,,,,,,,,,,,unresolved_source_required,unresolved_asset_required,unresolved_asset_required,blocked_missing_battle_parameters
301,digimon,waregarurumon_sagittarius,ワーガルルモン：サジタリウスモード,完全体,獣人型,ワクチン,,,,,,,,,,,,,,,,,unresolved_source_required,unresolved_asset_required,unresolved_asset_required,blocked_missing_battle_parameters
302,digimon,imperialdramon_dragon_black,インペリアルドラモン：ドラゴンモード(黒),究極体,古代竜型,ウィルス,,,,,,,,,,,,,,,,,unresolved_source_required,unresolved_asset_required,unresolved_asset_required,blocked_missing_battle_parameters
303,digimon,manticoremon,マンティコアモン,完全体,魔獣型,ウィルス,,,,,,,,,,,,,,,,,unresolved_source_required,unresolved_asset_required,unresolved_asset_required,blocked_missing_battle_parameters
304,digimon,mimicmon,ミミックモン,成熟期,突然変異型,ウィルス,,,,,,,,,,,,,,,,,unresolved_source_required,unresolved_asset_required,unresolved_asset_required,blocked_missing_battle_parameters
305,digimon,baluchimon,バルキモン,成熟期,聖獣型,データ,,,,,,,,,,,,,,,,,unresolved_source_required,unresolved_asset_required,unresolved_asset_required,blocked_missing_battle_parameters
306,digimon,darkmaildramon,ダークメイルドラモン,成熟期,サイボーグ型,ウィルス,,,,,,,,,,,,,,,,,unresolved_source_required,unresolved_asset_required,unresolved_asset_required,blocked_missing_battle_parameters
307,digimon,metalgreymon_alter,メタルグレイモン：アルタラウスモード,完全体,サイボーグ型,ワクチン,,,,,,,,,,,,,,,,,unresolved_source_required,unresolved_asset_required,unresolved_asset_required,blocked_missing_battle_parameters
308,digimon,rebellimon,リベリモン,完全体,サイボーグ型,ウィルス,,,,,,,,,,,,,,,,,unresolved_source_required,unresolved_asset_required,unresolved_asset_required,blocked_missing_battle_parameters
309,digimon,machmon,マッハモン,成熟期,サイボーグ型,ワクチン,,,,,,,,,,,,,,,,,unresolved_source_required,unresolved_asset_required,unresolved_asset_required,blocked_missing_battle_parameters
310,digimon,junkmon,ジャンクモン,成長期,パペット型,ウィルス,,,,,,,,,,,,,,,,,unresolved_source_required,unresolved_asset_required,unresolved_asset_required,blocked_missing_battle_parameters
311,digimon,heavyleomon,ヘヴィーレオモン,究極体,マシーン型,ワクチン,,,,,,,,,,,,,,,,,unresolved_source_required,unresolved_asset_required,unresolved_asset_required,blocked_missing_battle_parameters
312,digimon,hopmon,ホップモン,幼年期Ⅱ,幼竜型,,,,,,,,,,,,,,,,,,unresolved_source_required,unresolved_asset_required,unresolved_asset_required,blocked_missing_battle_parameters
313,digimon,ketomon,ケトモン,幼年期Ⅰ,スライム型,,,,,,,,,,,,,,,,,,unresolved_source_required,unresolved_asset_required,unresolved_asset_required,blocked_missing_battle_parameters
314,digimon,nidhoggmon,ニーズヘッグモン,究極体,魔竜型,ウィルス,,,,,,,,,,,,,,,,,unresolved_source_required,unresolved_asset_required,unresolved_asset_required,blocked_missing_battle_parameters
315,digimon,entmon,エントモン,完全体,植物型,ウィルス,,,,,,,,,,,,,,,,,unresolved_source_required,unresolved_asset_required,unresolved_asset_required,blocked_missing_battle_parameters
316,digimon,parasaurmon,パラサウモン,成熟期,恐竜型,ウィルス,,,,,,,,,,,,,,,,,unresolved_source_required,unresolved_asset_required,unresolved_asset_required,blocked_missing_battle_parameters
317,digimon,toropiamon,トロピアモン,完全体,植物型,ウィルス,,,,,,,,,,,,,,,,,unresolved_source_required,unresolved_asset_required,unresolved_asset_required,blocked_missing_battle_parameters
318,digimon,pomumon,ポームモン,成長期,植物型,データ,,,,,,,,,,,,,,,,,unresolved_source_required,unresolved_asset_required,unresolved_asset_required,blocked_missing_battle_parameters
319,digimon,eyesmon_scatter,アイズモン：スキャッターモード,成熟期,魔竜型,ウィルス,,,,,,,,,,,,,,,,,unresolved_source_required,unresolved_asset_required,unresolved_asset_required,blocked_missing_battle_parameters
320,digimon,eyesmon,アイズモン,成熟期,魔竜型,ウィルス,,,,,,,,,,,,,,,,,unresolved_source_required,unresolved_asset_required,unresolved_asset_required,blocked_missing_battle_parameters
321,digimon,betamon_x,ベタモン（X抗体）,成長期,水棲型,ウィルス,,,,,,,,,,,,,,,,,unresolved_source_required,unresolved_asset_required,unresolved_asset_required,blocked_missing_battle_parameters
322,digimon,gazimon_x,ガジモン（X抗体）,成長期,哺乳類型,ウィルス,,,,,,,,,,,,,,,,,unresolved_source_required,unresolved_asset_required,unresolved_asset_required,blocked_missing_battle_parameters
323,digimon,algomon_lv1,アルゴモン,幼年期Ⅰ,突然変異型,,,,,,,,,,,,,,,,,,unresolved_source_required,unresolved_asset_required,unresolved_asset_required,blocked_missing_battle_parameters
324,digimon,ghostmon,ゴースモン,成長期,ゴースト型,データ,,,,,,,,,,,,,,,,,unresolved_source_required,unresolved_asset_required,unresolved_asset_required,blocked_missing_battle_parameters
325,digimon,regalecusmon,レガレクスモン,究極体,水棲型,ウィルス,,,,,,,,,,,,,,,,,unresolved_source_required,unresolved_asset_required,unresolved_asset_required,blocked_missing_battle_parameters
326,digimon,piranimon,ピラニモン,完全体,水棲型,ウィルス,,,,,,,,,,,,,,,,,unresolved_source_required,unresolved_asset_required,unresolved_asset_required,blocked_missing_battle_parameters
327,digimon,gusokumon,グソクモン,完全体,甲殻類型,ワクチン,,,,,,,,,,,,,,,,,unresolved_source_required,unresolved_asset_required,unresolved_asset_required,blocked_missing_battle_parameters
328,digimon,marinchimairamon,マリンキメラモン,完全体,合成型,ワクチン,,,,,,,,,,,,,,,,,unresolved_source_required,unresolved_asset_required,unresolved_asset_required,blocked_missing_battle_parameters
329,digimon,tobiumon,トビウモン,成熟期,水棲型,ワクチン,,,,,,,,,,,,,,,,,unresolved_source_required,unresolved_asset_required,unresolved_asset_required,blocked_missing_battle_parameters
330,digimon,sangomon,サンゴモン,成長期,軟体型,データ,,,,,,,,,,,,,,,,,unresolved_source_required,unresolved_asset_required,unresolved_asset_required,blocked_missing_battle_parameters
331,digimon,gogmamon,ゴグマモン,完全体,鉱石型,ワクチン,,,,,,,,,,,,,,,,,unresolved_source_required,unresolved_asset_required,unresolved_asset_required,blocked_missing_battle_parameters
332,digimon,baboongamon,バブンガモン,成熟期,獣型,ワクチン,,,,,,,,,,,,,,,,,unresolved_source_required,unresolved_asset_required,unresolved_asset_required,blocked_missing_battle_parameters
333,digimon,sunarizamon,スナリザモン,成長期,爬虫類型,ウィルス,,,,,,,,,,,,,,,,,unresolved_source_required,unresolved_asset_required,unresolved_asset_required,blocked_missing_battle_parameters
334,digimon,jewelbeemon,ジュエルビーモン,完全体,昆虫型,ワクチン,,,,,,,,,,,,,,,,,unresolved_source_required,unresolved_asset_required,unresolved_asset_required,blocked_missing_battle_parameters
335,digimon,hudiemon,フーディエモン,成熟期,昆虫型,フリー,,,,,,,,,,,,,,,,,unresolved_source_required,unresolved_asset_required,unresolved_asset_required,blocked_missing_battle_parameters
336,digimon,arresterdramon_superior,アレスタードラモン：スペリオルモード,"完全体
(クロスウォーズ)",竜型,ワクチン,,,,,,,,,,,,,,,,,unresolved_source_required,unresolved_asset_required,unresolved_asset_required,blocked_missing_battle_parameters
337,digimon,garurumon_x,ガルルモン（X抗体）,成熟期,獣型,ワクチン,,,,,,,,,,,,,,,,,unresolved_source_required,unresolved_asset_required,unresolved_asset_required,blocked_missing_battle_parameters
338,digimon,greymon_x,グレイモン（X抗体）,成熟期,恐竜型,ワクチン,,,,,,,,,,,,,,,,,unresolved_source_required,unresolved_asset_required,unresolved_asset_required,blocked_missing_battle_parameters
339,digimon,algomon_lv4,アルゴモン,成熟期,突然変異型,ウィルス,,,,,,,,,,,,,,,,,unresolved_source_required,unresolved_asset_required,unresolved_asset_required,blocked_missing_battle_parameters
340,digimon,algomon_lv3,アルゴモン,成長期,突然変異型,ウィルス,,,,,,,,,,,,,,,,,unresolved_source_required,unresolved_asset_required,unresolved_asset_required,blocked_missing_battle_parameters
341,digimon,algomon_lv2,アルゴモン,幼年期Ⅱ,突然変異型,,,,,,,,,,,,,,,,,,unresolved_source_required,unresolved_asset_required,unresolved_asset_required,blocked_missing_battle_parameters
342,digimon,spadamon,スパーダモン,成長期,武器型,フリー,,,,,,,,,,,,,,,,,unresolved_source_required,unresolved_asset_required,unresolved_asset_required,blocked_missing_battle_parameters
343,digimon,morphomon,モルフォモン,成長期,昆虫型,ワクチン,,,,,,,,,,,,,,,,,unresolved_source_required,unresolved_asset_required,unresolved_asset_required,blocked_missing_battle_parameters
344,digimon,eosmon_lv6,エオスモン,究極体,不明,不明,,,,,,,,,,,,,,,,,unresolved_source_required,unresolved_asset_required,unresolved_asset_required,blocked_missing_battle_parameters
345,digimon,gabumon_kizuna,ガブモン -友情の絆-,究極体,不明,不明,,,,,,,,,,,,,,,,,unresolved_source_required,unresolved_asset_required,unresolved_asset_required,blocked_missing_battle_parameters
346,digimon,agumon_kizuna,アグモン -勇気の絆-,究極体,不明,不明,,,,,,,,,,,,,,,,,unresolved_source_required,unresolved_asset_required,unresolved_asset_required,blocked_missing_battle_parameters
347,digimon,eosmon_lv5,エオスモン,完全体,不明,不明,,,,,,,,,,,,,,,,,unresolved_source_required,unresolved_asset_required,unresolved_asset_required,blocked_missing_battle_parameters
348,digimon,eosmon_lv4,エオスモン,成熟期,不明,不明,,,,,,,,,,,,,,,,,unresolved_source_required,unresolved_asset_required,unresolved_asset_required,blocked_missing_battle_parameters
349,digimon,tonosamamamemon,トノサママメモン,究極体,突然変異型,データ,,,,,,,,,,,,,,,,,unresolved_source_required,unresolved_asset_required,unresolved_asset_required,blocked_missing_battle_parameters
350,digimon,omegamon_zwart,オメガモン ズワルト,究極体,聖騎士型,ワクチン,,,,,,,,,,,,,,,,,unresolved_source_required,unresolved_asset_required,unresolved_asset_required,blocked_missing_battle_parameters
351,digimon,terriermon_assistant,テリアモン助手,成長期,獣型,ワクチン,,,,,,,,,,,,,,,,,unresolved_source_required,unresolved_asset_required,unresolved_asset_required,blocked_missing_battle_parameters
352,digimon,cryspaledramon,クリスペイルドラモン,完全体,竜人型,データ,,,,,,,,,,,,,,,,,unresolved_source_required,unresolved_asset_required,unresolved_asset_required,blocked_missing_battle_parameters
353,digimon,metallicdramon,メタリックドラモン,究極体,天竜型,データ,,,,,,,,,,,,,,,,,unresolved_source_required,unresolved_asset_required,unresolved_asset_required,blocked_missing_battle_parameters
354,digimon,jazarichmon,ジャザリッヒモン,完全体,機竜型,データ,,,,,,,,,,,,,,,,,unresolved_source_required,unresolved_asset_required,unresolved_asset_required,blocked_missing_battle_parameters
355,digimon,jazardmon,ジャザードモン,成熟期,機竜型,データ,,,,,,,,,,,,,,,,,unresolved_source_required,unresolved_asset_required,unresolved_asset_required,blocked_missing_battle_parameters
356,digimon,jazamon,ジャザモン,成長期,鳥竜型,データ,,,,,,,,,,,,,,,,,unresolved_source_required,unresolved_asset_required,unresolved_asset_required,blocked_missing_battle_parameters
357,digimon,hexeblaumon,ヘクセブラウモン,究極体,魔法騎士型,データ,,,,,,,,,,,,,,,,,unresolved_source_required,unresolved_asset_required,unresolved_asset_required,blocked_missing_battle_parameters
358,digimon,paledramon,ペイルドラモン,成熟期,竜型,データ,,,,,,,,,,,,,,,,,unresolved_source_required,unresolved_asset_required,unresolved_asset_required,blocked_missing_battle_parameters
359,digimon,noblepumpmon,ノーブルパンプモン,究極体,パペット型,データ,,,,,,,,,,,,,,,,,unresolved_source_required,unresolved_asset_required,unresolved_asset_required,blocked_missing_battle_parameters
360,digimon,ogudomon_x,オグドモン（X抗体）,究極体,化身型,ウィルス,,,,,,,,,,,,,,,,,unresolved_source_required,unresolved_asset_required,unresolved_asset_required,blocked_missing_battle_parameters
361,digimon,jesmongx,ジエスモンGX,究極体,聖騎士型,データ,,,,,,,,,,,,,,,,,unresolved_source_required,unresolved_asset_required,unresolved_asset_required,blocked_missing_battle_parameters
362,digimon,keramon_x,ケラモン（X抗体）,成長期,種族不明,不明,,,,,,,,,,,,,,,,,unresolved_source_required,unresolved_asset_required,unresolved_asset_required,blocked_missing_battle_parameters
363,digimon,omegashoutmon_x,オメガシャウトモン（X抗体）,完全体,竜人型,ワクチン,,,,,,,,,,,,,,,,,unresolved_source_required,unresolved_asset_required,unresolved_asset_required,blocked_missing_battle_parameters
364,digimon,meramon_x,メラモン（X抗体）,成熟期,火炎型,データ,,,,,,,,,,,,,,,,,unresolved_source_required,unresolved_asset_required,unresolved_asset_required,blocked_missing_battle_parameters
365,digimon,pegasmon_x,ペガスモン（X抗体）,成熟期,聖獣型,ワクチン,,,,,,,,,,,,,,,,,unresolved_source_required,unresolved_asset_required,unresolved_asset_required,blocked_missing_battle_parameters
366,digimon,rapidmon_x,ラピッドモン（X抗体）,究極体,聖騎士型,ワクチン,,,,,,,,,,,,,,,,,unresolved_source_required,unresolved_asset_required,unresolved_asset_required,blocked_missing_battle_parameters
367,digimon,monzaemon_x,もんざえモン（X抗体）,完全体,パペット型,ワクチン,,,,,,,,,,,,,,,,,unresolved_source_required,unresolved_asset_required,unresolved_asset_required,blocked_missing_battle_parameters
368,digimon,gankoomon_x,ガンクゥモン（X抗体）,究極体,聖騎士型,データ,,,,,,,,,,,,,,,,,unresolved_source_required,unresolved_asset_required,unresolved_asset_required,blocked_missing_battle_parameters
369,digimon,examon_x,エグザモン（X抗体）,究極体,聖騎士型,データ,,,,,,,,,,,,,,,,,unresolved_source_required,unresolved_asset_required,unresolved_asset_required,blocked_missing_battle_parameters
370,digimon,cyberdramon_x,サイバードラモン（X抗体）,完全体,サイボーグ型,ワクチン,,,,,,,,,,,,,,,,,unresolved_source_required,unresolved_asset_required,unresolved_asset_required,blocked_missing_battle_parameters
371,digimon,rizegreymon_x,ライズグレイモン（X抗体）,完全体,サイボーグ型,ワクチン,,,,,,,,,,,,,,,,,unresolved_source_required,unresolved_asset_required,unresolved_asset_required,blocked_missing_battle_parameters
372,digimon,hououmon_x,ホウオウモン（X抗体）,究極体,聖獣型,ワクチン,,,,,,,,,,,,,,,,,unresolved_source_required,unresolved_asset_required,unresolved_asset_required,blocked_missing_battle_parameters
373,digimon,justimon_x,ジャスティモン（X抗体）,究極体,サイボーグ型,ワクチン,,,,,,,,,,,,,,,,,unresolved_source_required,unresolved_asset_required,unresolved_asset_required,blocked_missing_battle_parameters
374,digimon,wizarmon_x,ウィザーモン（X抗体）,成熟期,魔人型,データ,,,,,,,,,,,,,,,,,unresolved_source_required,unresolved_asset_required,unresolved_asset_required,blocked_missing_battle_parameters
375,digimon,siesamon_x,シーサモン（X抗体）,成熟期,聖獣型,ワクチン,,,,,,,,,,,,,,,,,unresolved_source_required,unresolved_asset_required,unresolved_asset_required,blocked_missing_battle_parameters
376,digimon,cherubimon_x,ケルビモン（善）（X抗体）,究極体,智天使型,ワクチン,,,,,,,,,,,,,,,,,unresolved_source_required,unresolved_asset_required,unresolved_asset_required,blocked_missing_battle_parameters
377,digimon,ofanimon_x,オファニモン（X抗体）,究極体,座天使型,ワクチン,,,,,,,,,,,,,,,,,unresolved_source_required,unresolved_asset_required,unresolved_asset_required,blocked_missing_battle_parameters
378,digimon,angewomon_x,エンジェウーモン（X抗体）,完全体,大天使型,ワクチン,,,,,,,,,,,,,,,,,unresolved_source_required,unresolved_asset_required,unresolved_asset_required,blocked_missing_battle_parameters
379,digimon,diablomon_x,ディアボロモン（Ｘ抗体）,究極体,種族不明,不明,,,,,,,,,,,,,,,,,unresolved_source_required,unresolved_asset_required,unresolved_asset_required,blocked_missing_battle_parameters
380,digimon,dynasmon_x,デュナスモン（X抗体）,究極体,聖騎士型,データ,,,,,,,,,,,,,,,,,unresolved_source_required,unresolved_asset_required,unresolved_asset_required,blocked_missing_battle_parameters
381,digimon,duftmon_x,ドゥフトモン（X抗体）,究極体,聖騎士型,データ,,,,,,,,,,,,,,,,,unresolved_source_required,unresolved_asset_required,unresolved_asset_required,blocked_missing_battle_parameters
382,digimon,holydramon_x,ホーリードラモン（X抗体）,究極体,聖竜型,ワクチン,,,,,,,,,,,,,,,,,unresolved_source_required,unresolved_asset_required,unresolved_asset_required,blocked_missing_battle_parameters
383,digimon,plesiomon_x,プレシオモン（X抗体）,究極体,首長竜型,データ,,,,,,,,,,,,,,,,,unresolved_source_required,unresolved_asset_required,unresolved_asset_required,blocked_missing_battle_parameters
384,digimon,goddramon_x,ゴッドドラモン（X抗体）,究極体,聖竜型,ワクチン,,,,,,,,,,,,,,,,,unresolved_source_required,unresolved_asset_required,unresolved_asset_required,blocked_missing_battle_parameters
385,digimon,garudamon_x,ガルダモン（X抗体）,完全体,鳥人型,ワクチン,,,,,,,,,,,,,,,,,unresolved_source_required,unresolved_asset_required,unresolved_asset_required,blocked_missing_battle_parameters
386,digimon,tailmon_x,テイルモン（X抗体）,成熟期,聖獣型,ワクチン,,,,,,,,,,,,,,,,,unresolved_source_required,unresolved_asset_required,unresolved_asset_required,blocked_missing_battle_parameters
387,digimon,togemon_x,トゲモン（X抗体）,成熟期,植物型,データ,,,,,,,,,,,,,,,,,unresolved_source_required,unresolved_asset_required,unresolved_asset_required,blocked_missing_battle_parameters
388,digimon,tylomon_x,ティロモン（X抗体）,成熟期,海竜型,ワクチン,,,,,,,,,,,,,,,,,unresolved_source_required,unresolved_asset_required,unresolved_asset_required,blocked_missing_battle_parameters
389,digimon,lopmon_x,ロップモン（X抗体）,成長期,獣型,データ,,,,,,,,,,,,,,,,,unresolved_source_required,unresolved_asset_required,unresolved_asset_required,blocked_missing_battle_parameters
390,digimon,shakomon_x,シャコモン（X抗体）,成長期,甲殻類型,ウィルス,,,,,,,,,,,,,,,,,unresolved_source_required,unresolved_asset_required,unresolved_asset_required,blocked_missing_battle_parameters
391,digimon,terriermon_x,テリアモン（X抗体）,成長期,獣型,ワクチン,,,,,,,,,,,,,,,,,unresolved_source_required,unresolved_asset_required,unresolved_asset_required,blocked_missing_battle_parameters
392,digimon,palmon_x,パルモン（X抗体）,成長期,植物型,データ,,,,,,,,,,,,,,,,,unresolved_source_required,unresolved_asset_required,unresolved_asset_required,blocked_missing_battle_parameters
393,digimon,pteranomon_x,プテラノモン（X抗体）,成熟期,翼竜型,データ,,,,,,,,,,,,,,,,,unresolved_source_required,unresolved_asset_required,unresolved_asset_required,blocked_missing_battle_parameters
394,digimon,mamemon_x,マメモン（X抗体）,完全体,突然変異型,データ,,,,,,,,,,,,,,,,,unresolved_source_required,unresolved_asset_required,unresolved_asset_required,blocked_missing_battle_parameters
395,digimon,ebemon_x,イーバモン（X抗体）,究極体,サイボーグ型,ウィルス,,,,,,,,,,,,,,,,,unresolved_source_required,unresolved_asset_required,unresolved_asset_required,blocked_missing_battle_parameters
396,digimon,sleipmon_x,スレイプモン（X抗体）,究極体,聖騎士型,ワクチン,,,,,,,,,,,,,,,,,unresolved_source_required,unresolved_asset_required,unresolved_asset_required,blocked_missing_battle_parameters
397,digimon,craniummon_x,クレニアムモン（X抗体）,究極体,聖騎士型,ワクチン,,,,,,,,,,,,,,,,,unresolved_source_required,unresolved_asset_required,unresolved_asset_required,blocked_missing_battle_parameters
398,digimon,ulforcevdramon_x,アルフォースブイドラモン（X抗体）,究極体,聖騎士型,ワクチン,,,,,,,,,,,,,,,,,unresolved_source_required,unresolved_asset_required,unresolved_asset_required,blocked_missing_battle_parameters
399,digimon,magnamon_x,マグナモン（X抗体）,究極体,聖騎士型,ワクチン,,,,,,,,,,,,,,,,,unresolved_source_required,unresolved_asset_required,unresolved_asset_required,blocked_missing_battle_parameters
400,digimon,megaseadramon_x,メガシードラモン（X抗体）,完全体,水棲型,データ,,,,,,,,,,,,,,,,,unresolved_source_required,unresolved_asset_required,unresolved_asset_required,blocked_missing_battle_parameters
401,digimon,triceramon_x,トリケラモン（X抗体）,完全体,角竜型,データ,,,,,,,,,,,,,,,,,unresolved_source_required,unresolved_asset_required,unresolved_asset_required,blocked_missing_battle_parameters
402,digimon,okuwamon_x,オオクワモン（X抗体）,完全体,昆虫型,ウィルス,,,,,,,,,,,,,,,,,unresolved_source_required,unresolved_asset_required,unresolved_asset_required,blocked_missing_battle_parameters
403,digimon,mantaraymon_x,マンタレイモン（X抗体）,成熟期,水棲型,ワクチン,,,,,,,,,,,,,,,,,unresolved_source_required,unresolved_asset_required,unresolved_asset_required,blocked_missing_battle_parameters
404,digimon,nefertimon_x,ネフェルティモン（X抗体）,成熟期,聖獣型,ワクチン,,,,,,,,,,,,,,,,,unresolved_source_required,unresolved_asset_required,unresolved_asset_required,blocked_missing_battle_parameters
405,digimon,seadramon_x,シードラモン（X抗体）,成熟期,水棲型,データ,,,,,,,,,,,,,,,,,unresolved_source_required,unresolved_asset_required,unresolved_asset_required,blocked_missing_battle_parameters
406,digimon,kuwagamon_x,クワガーモン（X抗体）,成熟期,昆虫型,ウィルス,,,,,,,,,,,,,,,,,unresolved_source_required,unresolved_asset_required,unresolved_asset_required,blocked_missing_battle_parameters
407,digimon,allomon_x,アロモン（X抗体）,成熟期,恐竜型,データ,,,,,,,,,,,,,,,,,unresolved_source_required,unresolved_asset_required,unresolved_asset_required,blocked_missing_battle_parameters
408,digimon,gomamon_x,ゴマモン（X抗体）,成長期,海獣型,ワクチン,,,,,,,,,,,,,,,,,unresolved_source_required,unresolved_asset_required,unresolved_asset_required,blocked_missing_battle_parameters
409,digimon,kokuwamon_x,コクワモン（X抗体）,成長期,マシーン型,データ,,,,,,,,,,,,,,,,,unresolved_source_required,unresolved_asset_required,unresolved_asset_required,blocked_missing_battle_parameters
410,digimon,blackwargreymon_x,ブラックウォーグレイモン（X抗体）,究極体,竜人型,ウィルス,,,,,,,,,,,,,,,,,unresolved_source_required,unresolved_asset_required,unresolved_asset_required,blocked_missing_battle_parameters
411,digimon,ladydevimon_x,レディーデビモン（Ｘ抗体）,完全体,堕天使型,ウィルス,,,,,,,,,,,,,,,,,unresolved_source_required,unresolved_asset_required,unresolved_asset_required,blocked_missing_battle_parameters
412,digimon,metalgreymon_vi_x,メタルグレイモン（ウィルス種）（Ｘ抗体）,完全体,サイボーグ型,ウィルス,,,,,,,,,,,,,,,,,unresolved_source_required,unresolved_asset_required,unresolved_asset_required,blocked_missing_battle_parameters
413,digimon,orgemon_x,オーガモン（Ｘ抗体）,成熟期,鬼人型,ウィルス,,,,,,,,,,,,,,,,,unresolved_source_required,unresolved_asset_required,unresolved_asset_required,blocked_missing_battle_parameters
414,digimon,agumon_b_x,アグモン（黒）（Ｘ抗体）,成長期,爬虫類型,ウィルス,,,,,,,,,,,,,,,,,unresolved_source_required,unresolved_asset_required,unresolved_asset_required,blocked_missing_battle_parameters
415,digimon,rasenmon,ラセンモン,究極体,獣人型,データ,,,,,,,,,,,,,,,,,unresolved_source_required,unresolved_asset_required,unresolved_asset_required,blocked_missing_battle_parameters
416,digimon,rasenmon_f,ラセンモン：激昂モード,究極体,妖獣型,データ,,,,,,,,,,,,,,,,,unresolved_source_required,unresolved_asset_required,unresolved_asset_required,blocked_missing_battle_parameters
417,digimon,stiffilmon,スティフィルモン,完全体,獣人型,データ,,,,,,,,,,,,,,,,,unresolved_source_required,unresolved_asset_required,unresolved_asset_required,blocked_missing_battle_parameters
418,digimon,filmon,フィルモン,成熟期,獣人型,データ,,,,,,,,,,,,,,,,,unresolved_source_required,unresolved_asset_required,unresolved_asset_required,blocked_missing_battle_parameters
419,digimon,rosemon_x,ロゼモン（X抗体）,究極体,妖精型,データ,,,,,,,,,,,,,,,,,unresolved_source_required,unresolved_asset_required,unresolved_asset_required,blocked_missing_battle_parameters
420,digimon,princemamemon_x,プリンスマメモン（X抗体）,究極体,突然変異型,データ,,,,,,,,,,,,,,,,,unresolved_source_required,unresolved_asset_required,unresolved_asset_required,blocked_missing_battle_parameters
421,digimon,skullmammon_x,スカルマンモン（X抗体）,究極体,アンデッド型,ワクチン,,,,,,,,,,,,,,,,,unresolved_source_required,unresolved_asset_required,unresolved_asset_required,blocked_missing_battle_parameters
422,digimon,mammon_x,マンモン（X抗体）,完全体,古代獣型,ワクチン,,,,,,,,,,,,,,,,,unresolved_source_required,unresolved_asset_required,unresolved_asset_required,blocked_missing_battle_parameters
423,digimon,mephismon_x,メフィスモン（Ｘ抗体）,完全体,堕天使型,ウィルス,,,,,,,,,,,,,,,,,unresolved_source_required,unresolved_asset_required,unresolved_asset_required,blocked_missing_battle_parameters
424,digimon,vamdemon_x,ヴァンデモン（X抗体）,完全体,アンデッド型,ウィルス,,,,,,,,,,,,,,,,,unresolved_source_required,unresolved_asset_required,unresolved_asset_required,blocked_missing_battle_parameters
425,digimon,plotmon_x,プロットモン（X抗体）,成長期,哺乳類型,ワクチン,,,,,,,,,,,,,,,,,unresolved_source_required,unresolved_asset_required,unresolved_asset_required,blocked_missing_battle_parameters
426,digimon,otamamon_x,オタマモン（X抗体）,成長期,両生類型,ウィルス,,,,,,,,,,,,,,,,,unresolved_source_required,unresolved_asset_required,unresolved_asset_required,blocked_missing_battle_parameters
427,digimon,yarmon,ヤーモン,幼年期Ⅱ,レッサー型,,,,,,,,,,,,,,,,,,unresolved_source_required,unresolved_asset_required,unresolved_asset_required,blocked_missing_battle_parameters
428,digimon,keemon,キーモン,幼年期Ⅰ,スライム型,,,,,,,,,,,,,,,,,,unresolved_source_required,unresolved_asset_required,unresolved_asset_required,blocked_missing_battle_parameters
429,digimon,impmon_x,インプモン（Ｘ抗体）,成長期,小悪魔型,ウィルス,,,,,,,,,,,,,,,,,unresolved_source_required,unresolved_asset_required,unresolved_asset_required,blocked_missing_battle_parameters
430,digimon,darktyranomon_x,ダークティラノモン（Ｘ抗体）,成熟期,恐竜型,ウィルス,,,,,,,,,,,,,,,,,unresolved_source_required,unresolved_asset_required,unresolved_asset_required,blocked_missing_battle_parameters
431,digimon,numemon_x,ヌメモン（Ｘ抗体）,成熟期,軟体型,ウィルス,,,,,,,,,,,,,,,,,unresolved_source_required,unresolved_asset_required,unresolved_asset_required,blocked_missing_battle_parameters
432,digimon,lucemon_x,ルーチェモン（Ｘ抗体）,究極体,魔王型,ウィルス,,,,,,,,,,,,,,,,,unresolved_source_required,unresolved_asset_required,unresolved_asset_required,blocked_missing_battle_parameters
433,digimon,lilithmon_x,リリスモン（Ｘ抗体）,究極体,魔王型,ウィルス,,,,,,,,,,,,,,,,,unresolved_source_required,unresolved_asset_required,unresolved_asset_required,blocked_missing_battle_parameters
434,digimon,leviamon_x,リヴァイアモン（Ｘ抗体）,究極体,魔王型,ウィルス,,,,,,,,,,,,,,,,,unresolved_source_required,unresolved_asset_required,unresolved_asset_required,blocked_missing_battle_parameters
435,digimon,belphemon_x,ベルフェモン（Ｘ抗体）,究極体,魔王型,ウィルス,,,,,,,,,,,,,,,,,unresolved_source_required,unresolved_asset_required,unresolved_asset_required,blocked_missing_battle_parameters
436,digimon,barbamon_x,バルバモン（Ｘ抗体）,究極体,魔王型,ウィルス,,,,,,,,,,,,,,,,,unresolved_source_required,unresolved_asset_required,unresolved_asset_required,blocked_missing_battle_parameters
437,digimon,demon_x,デーモン（Ｘ抗体）,究極体,魔王型,ウィルス,,,,,,,,,,,,,,,,,unresolved_source_required,unresolved_asset_required,unresolved_asset_required,blocked_missing_battle_parameters
438,digimon,darkknightmon_x,ダークナイトモン（Ｘ抗体）,究極体,暗黒騎士型,ウィルス,,,,,,,,,,,,,,,,,unresolved_source_required,unresolved_asset_required,unresolved_asset_required,blocked_missing_battle_parameters
439,digimon,cherubimondark_x,ケルビモン（悪）（Ｘ抗体）,究極体,智天使型,ワクチン,,,,,,,,,,,,,,,,,unresolved_source_required,unresolved_asset_required,unresolved_asset_required,blocked_missing_battle_parameters
440,digimon,ofanimonfdm_x,オファニモン：フォールダウンモード（Ｘ抗体）,究極体,堕天使型,ワクチン,,,,,,,,,,,,,,,,,unresolved_source_required,unresolved_asset_required,unresolved_asset_required,blocked_missing_battle_parameters
441,digimon,ultimatechaosmon,アルティメットカオスモン,究極体,特異型,不明,,,,,,,,,,,,,,,,,unresolved_source_required,unresolved_asset_required,unresolved_asset_required,blocked_missing_battle_parameters
442,digimon,pusurimon,プスリモン,幼年期Ⅱ,レッサー型,,,,,,,,,,,,,,,,,,unresolved_source_required,unresolved_asset_required,unresolved_asset_required,blocked_missing_battle_parameters
443,digimon,pusumon,プスモン,幼年期Ⅰ,スライム型,,,,,,,,,,,,,,,,,,unresolved_source_required,unresolved_asset_required,unresolved_asset_required,blocked_missing_battle_parameters
444,digimon,surfimon,サーフィモン,究極体,サイボーグ型,ワクチン,,,,,,,,,,,,,,,,,unresolved_source_required,unresolved_asset_required,unresolved_asset_required,blocked_missing_battle_parameters
445,digimon,bulucomon,ブルコモン,成長期,小竜型,データ,,,,,,,,,,,,,,,,,unresolved_source_required,unresolved_asset_required,unresolved_asset_required,blocked_missing_battle_parameters
446,digimon,herissmon,エリスモン,成長期,哺乳類型,データ,,,,,,,,,,,,,,,,,unresolved_source_required,unresolved_asset_required,unresolved_asset_required,blocked_missing_battle_parameters
447,digimon,metalgarurumon_black,メタルガルルモン（黒）,究極体,サイボーグ型,ウィルス,,,,,,,,,,,,,,,,,unresolved_source_required,unresolved_asset_required,unresolved_asset_required,blocked_missing_battle_parameters
448,digimon,weregarurumon_black,ワーガルルモン（黒）,完全体,獣人型,ウィルス,,,,,,,,,,,,,,,,,unresolved_source_required,unresolved_asset_required,unresolved_asset_required,blocked_missing_battle_parameters
449,digimon,garurumon_black,ガルルモン（黒）,成熟期,獣型,ウィルス,,,,,,,,,,,,,,,,,unresolved_source_required,unresolved_asset_required,unresolved_asset_required,blocked_missing_battle_parameters
450,digimon,justimon_blitzarm,ジャスティモン：ブリッツアーム,究極体,サイボーグ型,ワクチン,,,,,,,,,,,,,,,,,unresolved_source_required,unresolved_asset_required,unresolved_asset_required,blocked_missing_battle_parameters
451,digimon,ginkakumon_promote,ギンカクモンプロモート,成熟期,鬼人型,ウィルス,,,,,,,,,,,,,,,,,unresolved_source_required,unresolved_asset_required,unresolved_asset_required,blocked_missing_battle_parameters
452,digimon,icedevimon,アイスデビモン,成熟期,堕天使型,ウィルス,,,,,,,,,,,,,,,,,unresolved_source_required,unresolved_asset_required,unresolved_asset_required,blocked_missing_battle_parameters
453,digimon,kuzuhamon_miko,クズハモン：巫女モード,究極体,神人型,データ,,,,,,,,,,,,,,,,,unresolved_source_required,unresolved_asset_required,unresolved_asset_required,blocked_missing_battle_parameters
454,digimon,megalograwmon_orange,メガログラウモン（橙）,完全体,サイボーグ型,データ,,,,,,,,,,,,,,,,,unresolved_source_required,unresolved_asset_required,unresolved_asset_required,blocked_missing_battle_parameters
455,digimon,greymon_blue,グレイモン（青）,成熟期,恐竜型,ウィルス,,,,,,,,,,,,,,,,,unresolved_source_required,unresolved_asset_required,unresolved_asset_required,blocked_missing_battle_parameters
456,digimon,shoutmon_king,シャウトモン（キングVer.）,"成熟期
(クロスウォーズ)",小竜型,データ,,,,,,,,,,,,,,,,,unresolved_source_required,unresolved_asset_required,unresolved_asset_required,blocked_missing_battle_parameters
457,digimon,wargreymon_x,ウォーグレイモン（X抗体）,究極体,竜人型,ワクチン,,,,,,,,,,,,,,,,,unresolved_source_required,unresolved_asset_required,unresolved_asset_required,blocked_missing_battle_parameters
458,digimon,metalgarurumon_x,メタルガルルモン（X抗体）,究極体,サイボーグ型,データ,,,,,,,,,,,,,,,,,unresolved_source_required,unresolved_asset_required,unresolved_asset_required,blocked_missing_battle_parameters
459,digimon,megidramon_x,メギドラモン（X抗体）,究極体,邪竜型,ウィルス,,,,,,,,,,,,,,,,,unresolved_source_required,unresolved_asset_required,unresolved_asset_required,blocked_missing_battle_parameters
460,digimon,weregarurumon_x,ワーガルルモン（X抗体）,完全体,獣人型,ワクチン,,,,,,,,,,,,,,,,,unresolved_source_required,unresolved_asset_required,unresolved_asset_required,blocked_missing_battle_parameters
461,digimon,lilimon_x,リリモン（X抗体）,完全体,妖精型,データ,,,,,,,,,,,,,,,,,unresolved_source_required,unresolved_asset_required,unresolved_asset_required,blocked_missing_battle_parameters
462,digimon,sakuyamon_x,サクヤモン（Ｘ抗体）,究極体,神人型,データ,,,,,,,,,,,,,,,,,unresolved_source_required,unresolved_asset_required,unresolved_asset_required,blocked_missing_battle_parameters
463,digimon,beelzebumon_x,ベルゼブモン（X抗体）,究極体,魔王型,ウィルス,,,,,,,,,,,,,,,,,unresolved_source_required,unresolved_asset_required,unresolved_asset_required,blocked_missing_battle_parameters
464,digimon,megalogrowmon_x,メガログラウモン（X抗体）,完全体,サイボーグ型,ウィルス,,,,,,,,,,,,,,,,,unresolved_source_required,unresolved_asset_required,unresolved_asset_required,blocked_missing_battle_parameters
465,digimon,rhinomon_x,ライノモン（Ｘ抗体）,成熟期,哺乳類型,ワクチン,,,,,,,,,,,,,,,,,unresolved_source_required,unresolved_asset_required,unresolved_asset_required,blocked_missing_battle_parameters
466,digimon,renamon_x,レナモン（Ｘ抗体）,成長期,獣人型,データ,,,,,,,,,,,,,,,,,unresolved_source_required,unresolved_asset_required,unresolved_asset_required,blocked_missing_battle_parameters
467,digimon,tokomon_x,トコモン（Ｘ抗体）,幼年期Ⅱ,レッサー型,,,,,,,,,,,,,,,,,,unresolved_source_required,unresolved_asset_required,unresolved_asset_required,blocked_missing_battle_parameters
468,digimon,beelstarmon_x,ベルスターモン（Ｘ抗体）,究極体,魔人型,ウィルス,,,,,,,,,,,,,,,,,unresolved_source_required,unresolved_asset_required,unresolved_asset_required,blocked_missing_battle_parameters
469,digimon,dukemon_x,デュークモン（X抗体）,究極体,聖騎士型,ウィルス,,,,,,,,,,,,,,,,,unresolved_source_required,unresolved_asset_required,unresolved_asset_required,blocked_missing_battle_parameters
470,digimon,cerberumon_x,ケルベロモン（X抗体）,完全体,魔獣型,ワクチン,,,,,,,,,,,,,,,,,unresolved_source_required,unresolved_asset_required,unresolved_asset_required,blocked_missing_battle_parameters
471,digimon,tyranomon_x,ティラノモン（X抗体）,成熟期,恐竜型,データ,,,,,,,,,,,,,,,,,unresolved_source_required,unresolved_asset_required,unresolved_asset_required,blocked_missing_battle_parameters
472,digimon,dracomon_x,ドラコモン（X抗体）,成長期,竜型,データ,,,,,,,,,,,,,,,,,unresolved_source_required,unresolved_asset_required,unresolved_asset_required,blocked_missing_battle_parameters
473,digimon,gabumon_x,ガブモン（X抗体）,成長期,獣型,データ,,,,,,,,,,,,,,,,,unresolved_source_required,unresolved_asset_required,unresolved_asset_required,blocked_missing_battle_parameters
474,digimon,minervamon_x,ミネルヴァモン（X抗体）,究極体,神人型,ウィルス,,,,,,,,,,,,,,,,,unresolved_source_required,unresolved_asset_required,unresolved_asset_required,blocked_missing_battle_parameters
475,digimon,lordknightmon_x,ロードナイトモン（X抗体）,究極体,聖騎士型,ウィルス,,,,,,,,,,,,,,,,,unresolved_source_required,unresolved_asset_required,unresolved_asset_required,blocked_missing_battle_parameters
476,digimon,sistermon_ciel,シスタモン シエル,成熟期,パペット型,データ,,,,,,,,,,,,,,,,,unresolved_source_required,unresolved_asset_required,unresolved_asset_required,blocked_missing_battle_parameters
477,digimon,metaltyranomon_x,メタルティラノモン（X抗体）,完全体,サイボーグ型,ウィルス,,,,,,,,,,,,,,,,,unresolved_source_required,unresolved_asset_required,unresolved_asset_required,blocked_missing_battle_parameters
478,digimon,leomon_x,レオモン（X抗体）,成熟期,獣人型,ワクチン,,,,,,,,,,,,,,,,,unresolved_source_required,unresolved_asset_required,unresolved_asset_required,blocked_missing_battle_parameters
479,digimon,agumon_x,アグモン（X抗体）,成長期,恐竜型,ワクチン,,,,,,,,,,,,,,,,,unresolved_source_required,unresolved_asset_required,unresolved_asset_required,blocked_missing_battle_parameters
480,digimon,jesmon_x,ジエスモン（X抗体）,究極体,聖騎士型,データ,,,,,,,,,,,,,,,,,unresolved_source_required,unresolved_asset_required,unresolved_asset_required,blocked_missing_battle_parameters
481,digimon,ragnaloardmon,ラグナロードモン,究極体,特異型,ウィルス,,,,,,,,,,,,,,,,,unresolved_source_required,unresolved_asset_required,unresolved_asset_required,blocked_missing_battle_parameters
482,digimon,rafflesimon,ラフレシモン,究極体,妖精型,データ,,,,,,,,,,,,,,,,,unresolved_source_required,unresolved_asset_required,unresolved_asset_required,blocked_missing_battle_parameters
483,digimon,ordinemon,オルディネモン,究極体,堕天使型,ウィルス,,,,,,,,,,,,,,,,,unresolved_source_required,unresolved_asset_required,unresolved_asset_required,blocked_missing_battle_parameters
484,digimon,raptorsparrowmon,ラプタースパロウモン,"成熟期
(クロスウォーズ)",サイボーグ型,データ,,,,,,,,,,,,,,,,,unresolved_source_required,unresolved_asset_required,unresolved_asset_required,blocked_missing_battle_parameters
485,digimon,banchogolemon,バンチョーゴーレモン,究極体,鉱物型,ウィルス,,,,,,,,,,,,,,,,,unresolved_source_required,unresolved_asset_required,unresolved_asset_required,blocked_missing_battle_parameters
486,digimon,cerberumon_werewolfmode,ケルベロモン：人狼モード,完全体,魔人型,ワクチン,,,,,,,,,,,,,,,,,unresolved_source_required,unresolved_asset_required,unresolved_asset_required,blocked_missing_battle_parameters
487,digimon,growmon_orange,グラウモン（橙）,成熟期,魔竜型,データ,,,,,,,,,,,,,,,,,unresolved_source_required,unresolved_asset_required,unresolved_asset_required,blocked_missing_battle_parameters
488,digimon,toyagumon_black,トイアグモン（黒）,成長期,パペット型,ウィルス,,,,,,,,,,,,,,,,,unresolved_source_required,unresolved_asset_required,unresolved_asset_required,blocked_missing_battle_parameters
489,digimon,shootingstarmon,シューティングスターモン,"成熟期
(クロスウォーズ)",超メジャー型,データ,,,,,,,,,,,,,,,,,unresolved_source_required,unresolved_asset_required,unresolved_asset_required,blocked_missing_battle_parameters
490,digimon,justimon_criticalarm,ジャスティモン：クリティカルアーム,究極体,サイボーグ型,ワクチン,,,,,,,,,,,,,,,,,unresolved_source_required,unresolved_asset_required,unresolved_asset_required,blocked_missing_battle_parameters
491,digimon,yatagaramon_axcel,ヤタガラモン,完全体,妖鳥型,ワクチン,,,,,,,,,,,,,,,,,unresolved_source_required,unresolved_asset_required,unresolved_asset_required,blocked_missing_battle_parameters
492,digimon,dinohumon,ディノヒューモン,成熟期,竜人型,データ,,,,,,,,,,,,,,,,,unresolved_source_required,unresolved_asset_required,unresolved_asset_required,blocked_missing_battle_parameters
493,digimon,rapidmon_gold,ラピッドモン,アーマー体,聖騎士型,ワクチン,,,,,,,,,,,,,,,,,unresolved_source_required,unresolved_asset_required,unresolved_asset_required,blocked_missing_battle_parameters
494,digimon,yaegerdorurumon,イェーガードルルモン,"完全体
(クロスウォーズ)",獣人型,ウィルス,,,,,,,,,,,,,,,,,unresolved_source_required,unresolved_asset_required,unresolved_asset_required,blocked_missing_battle_parameters
495,digimon,gundramon,ガンドラモン,究極体,マシーン型,ウィルス,,,,,,,,,,,,,,,,,unresolved_source_required,unresolved_asset_required,unresolved_asset_required,blocked_missing_battle_parameters
496,digimon,aegiochusmon_holly,アイギオテュースモン：ホーリー,完全体,神人型,ワクチン,,,,,,,,,,,,,,,,,unresolved_source_required,unresolved_asset_required,unresolved_asset_required,blocked_missing_battle_parameters
497,digimon,gabumon_black,ガブモン（黒）,成長期,爬虫類型,ウィルス,,,,,,,,,,,,,,,,,unresolved_source_required,unresolved_asset_required,unresolved_asset_required,blocked_missing_battle_parameters
498,digimon,pipimon,ピピモン,幼年期Ⅰ,スライム型,,,,,,,,,,,,,,,,,,unresolved_source_required,unresolved_asset_required,unresolved_asset_required,blocked_missing_battle_parameters
499,digimon,raguelmon,ラグエルモン,究極体,不明,不明,,,,,,,,,,,,,,,,,unresolved_source_required,unresolved_asset_required,unresolved_asset_required,blocked_missing_battle_parameters
500,digimon,bryweludramon,ブリウエルドラモン,究極体,防具型,データ,,,,,,,,,,,,,,,,,unresolved_source_required,unresolved_asset_required,unresolved_asset_required,blocked_missing_battle_parameters
501,digimon,volcanicdramon,ヴォルケニックドラモン,究極体,地竜型,ウィルス,,,,,,,,,,,,,,,,,unresolved_source_required,unresolved_asset_required,unresolved_asset_required,blocked_missing_battle_parameters
502,digimon,lavogaritamon,ラヴォガリータモン,完全体,岩竜型,ウィルス,,,,,,,,,,,,,,,,,unresolved_source_required,unresolved_asset_required,unresolved_asset_required,blocked_missing_battle_parameters
503,digimon,meicrackmon_v,メイクラックモン：ヴィシャスモード,完全体,不明,不明,,,,,,,,,,,,,,,,,unresolved_source_required,unresolved_asset_required,unresolved_asset_required,blocked_missing_battle_parameters
504,digimon,mastemon,マスティモン,究極体,天使型,ワクチン,,,,,,,,,,,,,,,,,unresolved_source_required,unresolved_asset_required,unresolved_asset_required,blocked_missing_battle_parameters
505,digimon,voltobautamon,ボルトバウタモン,究極体,魔人型,ウィルス,,,,,,,,,,,,,,,,,unresolved_source_required,unresolved_asset_required,unresolved_asset_required,blocked_missing_battle_parameters
506,digimon,raijiludomon,ライジルドモン,完全体,防具型,データ,,,,,,,,,,,,,,,,,unresolved_source_required,unresolved_asset_required,unresolved_asset_required,blocked_missing_battle_parameters
507,digimon,tialudomon,ティアルドモン,成熟期,防具型,データ,,,,,,,,,,,,,,,,,unresolved_source_required,unresolved_asset_required,unresolved_asset_required,blocked_missing_battle_parameters
508,digimon,lavorvomon,ラヴォーボモン,成熟期,岩竜型,ウィルス,,,,,,,,,,,,,,,,,unresolved_source_required,unresolved_asset_required,unresolved_asset_required,blocked_missing_battle_parameters
509,digimon,bushiagumon,ブシアグモン,成長期,恐竜型,ワクチン,,,,,,,,,,,,,,,,,unresolved_source_required,unresolved_asset_required,unresolved_asset_required,blocked_missing_battle_parameters
510,digimon,ludomon,ルドモン,成長期,防具型,データ,,,,,,,,,,,,,,,,,unresolved_source_required,unresolved_asset_required,unresolved_asset_required,blocked_missing_battle_parameters
511,digimon,kakkinmon,カッキンモン,幼年期Ⅱ,防具型,,,,,,,,,,,,,,,,,,unresolved_source_required,unresolved_asset_required,unresolved_asset_required,blocked_missing_battle_parameters
512,digimon,cotsucomon,コツコモン,幼年期Ⅰ,防具型,,,,,,,,,,,,,,,,,,unresolved_source_required,unresolved_asset_required,unresolved_asset_required,blocked_missing_battle_parameters
513,digimon,andiramon_2,アンティラモン,完全体,聖獣型,ウィルス,,,,,,,,,,,,,,,,,unresolved_source_required,unresolved_asset_required,unresolved_asset_required,blocked_missing_battle_parameters
514,digimon,meicoomon,メイクーモン,成熟期,不明,不明,,,,,,,,,,,,,,,,,unresolved_source_required,unresolved_asset_required,unresolved_asset_required,blocked_missing_battle_parameters
515,digimon,whamon_2,ホエーモン（成熟期）,成熟期,水棲型,ワクチン,,,,,,,,,,,,,,,,,unresolved_source_required,unresolved_asset_required,unresolved_asset_required,blocked_missing_battle_parameters
516,digimon,gekomon,ゲコモン,成熟期,両生類型,ウィルス,,,,,,,,,,,,,,,,,unresolved_source_required,unresolved_asset_required,unresolved_asset_required,blocked_missing_battle_parameters
517,digimon,vorvomon,ヴォーボモン,成長期,岩竜型,ウィルス,,,,,,,,,,,,,,,,,unresolved_source_required,unresolved_asset_required,unresolved_asset_required,blocked_missing_battle_parameters
518,digimon,atlurballistamon,アトラーバリスタモン,"完全体
(クロスウォーズ)",マシーン型,ワクチン,,,,,,,,,,,,,,,,,unresolved_source_required,unresolved_asset_required,unresolved_asset_required,blocked_missing_battle_parameters
519,digimon,omegamon_alter-b,オメガモン Alter-B,究極体,聖騎士型,ウィルス,,,,,,,,,,,,,,,,,unresolved_source_required,unresolved_asset_required,unresolved_asset_required,blocked_missing_battle_parameters
520,digimon,blackmachgaogamon,ブラックマッハガオガモン,完全体,サイボーグ型,データ,,,,,,,,,,,,,,,,,unresolved_source_required,unresolved_asset_required,unresolved_asset_required,blocked_missing_battle_parameters
521,digimon,blackgaogamon,ブラックガオガモン,成熟期,獣型,データ,,,,,,,,,,,,,,,,,unresolved_source_required,unresolved_asset_required,unresolved_asset_required,blocked_missing_battle_parameters
522,digimon,falcomon-2006,ファルコモン（２００６アニメ版）,成長期,鳥型,ワクチン,,,,,,,,,,,,,,,,,unresolved_source_required,unresolved_asset_required,unresolved_asset_required,blocked_missing_battle_parameters
523,digimon,kudamon-2006,クダモン（２００６アニメ版）,成長期,聖獣型,ワクチン,,,,,,,,,,,,,,,,,unresolved_source_required,unresolved_asset_required,unresolved_asset_required,blocked_missing_battle_parameters
524,digimon,neo,ネオ,不明,不明,不明,,,,,,,,,,,,,,,,,unresolved_source_required,unresolved_asset_required,unresolved_asset_required,blocked_missing_battle_parameters
525,digimon,yakiimon,ヤキイモン,"成熟期
(クロスウォーズ)",植物型,ワクチン,,,,,,,,,,,,,,,,,unresolved_source_required,unresolved_asset_required,unresolved_asset_required,blocked_missing_battle_parameters
526,digimon,monimon,モニモン,"幼年期Ⅱ
(クロスウォーズ)",ブラウン型,,,,,,,,,,,,,,,,,,unresolved_source_required,unresolved_asset_required,unresolved_asset_required,blocked_missing_battle_parameters
527,digimon,monitamon,モニタモン,"成長期
(クロスウォーズ)",ブラウン型,データ,,,,,,,,,,,,,,,,,unresolved_source_required,unresolved_asset_required,unresolved_asset_required,blocked_missing_battle_parameters
528,digimon,mervamon,メルヴァモン,"究極体
(クロスウォーズ)",神人型,ウィルス,,,,,,,,,,,,,,,,,unresolved_source_required,unresolved_asset_required,unresolved_asset_required,blocked_missing_battle_parameters
529,digimon,metalgreymon_cyberlauncher,メタルグレイモン＋サイバーランチャー,"完全体
(クロスウォーズ)",強化型,ウィルス,,,,,,,,,,,,,,,,,unresolved_source_required,unresolved_asset_required,unresolved_asset_required,blocked_missing_battle_parameters
530,digimon,metalgreymon,メタルグレイモン（2010アニメ版）,"完全体
(クロスウォーズ)",サイボーグ型,ウィルス,,,,,,,,,,,,,,,,,unresolved_source_required,unresolved_asset_required,unresolved_asset_required,blocked_missing_battle_parameters
531,digimon,mailbirdramon,メイルバードラモン,"成熟期
(クロスウォーズ)",マシーン型,データ,,,,,,,,,,,,,,,,,unresolved_source_required,unresolved_asset_required,unresolved_asset_required,blocked_missing_battle_parameters
532,digimon,musoknightmon,ムソーナイトモン,"完全体
(クロスウォーズ)",強化型,ウィルス,,,,,,,,,,,,,,,,,unresolved_source_required,unresolved_asset_required,unresolved_asset_required,blocked_missing_battle_parameters
533,digimon,madleomon:armedmode,マッドレオモン：アームドモード,"成熟期
(クロスウォーズ)",アンデッド型,ウィルス,,,,,,,,,,,,,,,,,unresolved_source_required,unresolved_asset_required,unresolved_asset_required,blocked_missing_battle_parameters
534,digimon,madleomon,マッドレオモン,"成熟期
(クロスウォーズ)",アンデッド型,ウィルス,,,,,,,,,,,,,,,,,unresolved_source_required,unresolved_asset_required,unresolved_asset_required,blocked_missing_battle_parameters
535,digimon,bombmon-xwars,ボムモン（2010アニメ版）,"幼年期Ⅰ
(クロスウォーズ)",スライム型,,,,,,,,,,,,,,,,,,unresolved_source_required,unresolved_asset_required,unresolved_asset_required,blocked_missing_battle_parameters
536,digimon,beelzebumon-xwars,ベルゼブモン（2010アニメ版）,"究極体
(クロスウォーズ)",魔王型,ウィルス,,,,,,,,,,,,,,,,,unresolved_source_required,unresolved_asset_required,unresolved_asset_required,blocked_missing_battle_parameters
537,digimon,blastmon,ブラストモン,"究極体
(クロスウォーズ)",鉱物型,ワクチン,,,,,,,,,,,,,,,,,unresolved_source_required,unresolved_asset_required,unresolved_asset_required,blocked_missing_battle_parameters
538,digimon,footmon,フットモン,"完全体
(クロスウォーズ)",サイボーグ型,ワクチン,,,,,,,,,,,,,,,,,unresolved_source_required,unresolved_asset_required,unresolved_asset_required,blocked_missing_battle_parameters
539,digimon,pillomon,ピロモン,"成長期
(クロスウォーズ)",哺乳類型,ワクチン,,,,,,,,,,,,,,,,,unresolved_source_required,unresolved_asset_required,unresolved_asset_required,blocked_missing_battle_parameters
540,digimon,pickmon,ピックモン,"幼年期Ⅱ
(クロスウォーズ)",マイナー型,,,,,,,,,,,,,,,,,,unresolved_source_required,unresolved_asset_required,unresolved_asset_required,blocked_missing_battle_parameters
541,digimon,baristamon,バリスタモン,"成熟期
(クロスウォーズ)",マシーン型,ワクチン,,,,,,,,,,,,,,,,,unresolved_source_required,unresolved_asset_required,unresolved_asset_required,blocked_missing_battle_parameters
542,digimon,bacomon,バコモン,"成長期
(クロスウォーズ)",突然変異型,データ,,,,,,,,,,,,,,,,,unresolved_source_required,unresolved_asset_required,unresolved_asset_required,blocked_missing_battle_parameters
543,digimon,bagramon,バグラモン,"究極体
(クロスウォーズ)",魔王型,ウィルス,,,,,,,,,,,,,,,,,unresolved_source_required,unresolved_asset_required,unresolved_asset_required,blocked_missing_battle_parameters
544,digimon,hi-visionmonitamon,ハイビジョンモニタモン,"成熟期
(クロスウォーズ)",液晶薄型,データ,,,,,,,,,,,,,,,,,unresolved_source_required,unresolved_asset_required,unresolved_asset_required,blocked_missing_battle_parameters
545,digimon,baalmon,バアルモン,"完全体
(クロスウォーズ)",魔人型,フリー,,,,,,,,,,,,,,,,,unresolved_source_required,unresolved_asset_required,unresolved_asset_required,blocked_missing_battle_parameters
546,digimon,neovamdemon,ネオヴァンデモン,"究極体
(クロスウォーズ)",アンデッド型,ウィルス,,,,,,,,,,,,,,,,,unresolved_source_required,unresolved_asset_required,unresolved_asset_required,blocked_missing_battle_parameters
547,digimon,dondokomon,ドンドコモン,"成長期
(クロスウォーズ)",楽器型,ワクチン,,,,,,,,,,,,,,,,,unresolved_source_required,unresolved_asset_required,unresolved_asset_required,blocked_missing_battle_parameters
548,digimon,donshoutmon,ドンシャウトモン,"成熟期
(クロスウォーズ)",強化型,データ,,,,,,,,,,,,,,,,,unresolved_source_required,unresolved_asset_required,unresolved_asset_required,blocked_missing_battle_parameters
549,digimon,dorulumon,ドルルモン,"成熟期
(クロスウォーズ)",獣型,ウィルス,,,,,,,,,,,,,,,,,unresolved_source_required,unresolved_asset_required,unresolved_asset_required,blocked_missing_battle_parameters
550,digimon,dorbickmon,ドルビックモン,"究極体
(クロスウォーズ)",竜人型,ウィルス,,,,,,,,,,,,,,,,,unresolved_source_required,unresolved_asset_required,unresolved_asset_required,blocked_missing_battle_parameters
551,digimon,troopmon,トループモン,"成熟期
(クロスウォーズ)",アンデッド型,データ,,,,,,,,,,,,,,,,,unresolved_source_required,unresolved_asset_required,unresolved_asset_required,blocked_missing_battle_parameters
552,digimon,deadlyaxemon,デッドリーアックスモン,"成熟期
(クロスウォーズ)",魔獣型,ウィルス,,,,,,,,,,,,,,,,,unresolved_source_required,unresolved_asset_required,unresolved_asset_required,blocked_missing_battle_parameters
553,digimon,deckerdramon,デッカードラモン,"成熟期
(クロスウォーズ)",サイボーグ型,ウィルス,,,,,,,,,,,,,,,,,unresolved_source_required,unresolved_asset_required,unresolved_asset_required,blocked_missing_battle_parameters
554,digimon,deckergreymon,デッカーグレイモン,"完全体
(クロスウォーズ)",強化型,ウィルス,,,,,,,,,,,,,,,,,unresolved_source_required,unresolved_asset_required,unresolved_asset_required,blocked_missing_battle_parameters
555,digimon,tuwarmon,ツワーモン,"成熟期
(クロスウォーズ)",突然変異型,ウィルス,,,,,,,,,,,,,,,,,unresolved_source_required,unresolved_asset_required,unresolved_asset_required,blocked_missing_battle_parameters
556,digimon,tyutyumon,チューチューモン,"成長期
(クロスウォーズ)",獣型,ウィルス,,,,,,,,,,,,,,,,,unresolved_source_required,unresolved_asset_required,unresolved_asset_required,blocked_missing_battle_parameters
557,digimon,chibickmon,チビックモン,"幼年期Ⅰ
(クロスウォーズ)",スライム型,,,,,,,,,,,,,,,,,,unresolved_source_required,unresolved_asset_required,unresolved_asset_required,blocked_missing_battle_parameters
558,digimon,chikurimon,チクリモン,"成長期
(クロスウォーズ)",機雷型,ウィルス,,,,,,,,,,,,,,,,,unresolved_source_required,unresolved_asset_required,unresolved_asset_required,blocked_missing_battle_parameters
559,digimon,damemon,ダメモン,"成熟期
(クロスウォーズ)",突然変異型,ウィルス,,,,,,,,,,,,,,,,,unresolved_source_required,unresolved_asset_required,unresolved_asset_required,blocked_missing_battle_parameters
560,digimon,tactimon,タクティモン,"究極体
(クロスウォーズ)",魔人型,データ,,,,,,,,,,,,,,,,,unresolved_source_required,unresolved_asset_required,unresolved_asset_required,blocked_missing_battle_parameters
561,digimon,darknessbagramon,ダークネスバグラモン,"究極体
(クロスウォーズ)",合成型,ウィルス,,,,,,,,,,,,,,,,,unresolved_source_required,unresolved_asset_required,unresolved_asset_required,blocked_missing_battle_parameters
562,digimon,darkknightmon,ダークナイトモン,"完全体
(クロスウォーズ)",暗黒騎士型,ウィルス,,,,,,,,,,,,,,,,,unresolved_source_required,unresolved_asset_required,unresolved_asset_required,blocked_missing_battle_parameters
563,digimon,zenimon,ゼニモン,"成長期
(クロスウォーズ)",突然変異型,ワクチン,,,,,,,,,,,,,,,,,unresolved_source_required,unresolved_asset_required,unresolved_asset_required,blocked_missing_battle_parameters
564,digimon,splashmon,スプラッシュモン,"完全体
(クロスウォーズ)",水棲獣人型,ウィルス,,,,,,,,,,,,,,,,,unresolved_source_required,unresolved_asset_required,unresolved_asset_required,blocked_missing_battle_parameters
565,digimon,sparrowmon,スパロウモン,"成長期
(クロスウォーズ)",鳥型,データ,,,,,,,,,,,,,,,,,unresolved_source_required,unresolved_asset_required,unresolved_asset_required,blocked_missing_battle_parameters
566,digimon,starmons,スターモンズ,"成長期
(クロスウォーズ)",メジャー型,データ,,,,,,,,,,,,,,,,,unresolved_source_required,unresolved_asset_required,unresolved_asset_required,blocked_missing_battle_parameters
567,digimon,skullknightmonbigaxemode,スカルナイトモン：ビッグアックスモード,"成熟期
(クロスウォーズ)",強化型,ウィルス,,,,,,,,,,,,,,,,,unresolved_source_required,unresolved_asset_required,unresolved_asset_required,blocked_missing_battle_parameters
568,digimon,skullknightmoncavaliermode,スカルナイトモン：騎馬モード,"成熟期
(クロスウォーズ)",強化型,ウィルス,,,,,,,,,,,,,,,,,unresolved_source_required,unresolved_asset_required,unresolved_asset_required,blocked_missing_battle_parameters
569,digimon,skullknightmon,スカルナイトモン,"成熟期
(クロスウォーズ)",アンデッド型,ウィルス,,,,,,,,,,,,,,,,,unresolved_source_required,unresolved_asset_required,unresolved_asset_required,blocked_missing_battle_parameters
570,digimon,jokermon,ジョーカーモン,"完全体
(クロスウォーズ)",魔人型,ウィルス,,,,,,,,,,,,,,,,,unresolved_source_required,unresolved_asset_required,unresolved_asset_required,blocked_missing_battle_parameters
571,digimon,shonitamon,シャニタモン,"成熟期
(クロスウォーズ)",強化型,データ,,,,,,,,,,,,,,,,,unresolved_source_required,unresolved_asset_required,unresolved_asset_required,blocked_missing_battle_parameters
572,digimon,dorulucannon,シャウトモン＋ドルルキャノン,"成長期
(クロスウォーズ)",強化型,データ,,,,,,,,,,,,,,,,,unresolved_source_required,unresolved_asset_required,unresolved_asset_required,blocked_missing_battle_parameters
573,digimon,starsword,シャウトモン＋スターソード,"成長期
(クロスウォーズ)",強化型,データ,,,,,,,,,,,,,,,,,unresolved_source_required,unresolved_asset_required,unresolved_asset_required,blocked_missing_battle_parameters
574,digimon,jetsparrow,シャウトモン＋ジェットスパロウ,"成長期
(クロスウォーズ)",強化型,データ,,,,,,,,,,,,,,,,,unresolved_source_required,unresolved_asset_required,unresolved_asset_required,blocked_missing_battle_parameters
575,digimon,shoutmonx7,シャウトモンX7,"究極体
(クロスウォーズ)",合成型,データ,,,,,,,,,,,,,,,,,unresolved_source_required,unresolved_asset_required,unresolved_asset_required,blocked_missing_battle_parameters
576,digimon,shoutmonx5b,シャウトモンX5B,"究極体
(クロスウォーズ)",合成型,データ,,,,,,,,,,,,,,,,,unresolved_source_required,unresolved_asset_required,unresolved_asset_required,blocked_missing_battle_parameters
577,digimon,shoutmonx5,シャウトモンX5,"完全体
(クロスウォーズ)",合成型,データ,,,,,,,,,,,,,,,,,unresolved_source_required,unresolved_asset_required,unresolved_asset_required,blocked_missing_battle_parameters
578,digimon,shoutmonx4b,シャウトモンX4B,"完全体
(クロスウォーズ)",合成型,データ,,,,,,,,,,,,,,,,,unresolved_source_required,unresolved_asset_required,unresolved_asset_required,blocked_missing_battle_parameters
579,digimon,shoutmonx4,シャウトモンX4,"成熟期
(クロスウォーズ)",合成型,データ,,,,,,,,,,,,,,,,,unresolved_source_required,unresolved_asset_required,unresolved_asset_required,blocked_missing_battle_parameters
580,digimon,shoutmonx3,シャウトモンX3,"成熟期
(クロスウォーズ)",合成型,データ,,,,,,,,,,,,,,,,,unresolved_source_required,unresolved_asset_required,unresolved_asset_required,blocked_missing_battle_parameters
581,digimon,shoutmonx2,シャウトモンX2,"成熟期
(クロスウォーズ)",強化型,データ,,,,,,,,,,,,,,,,,unresolved_source_required,unresolved_asset_required,unresolved_asset_required,blocked_missing_battle_parameters
582,digimon,shoutmondx,シャウトモンDX,"究極体
(クロスウォーズ)",合成型,データ,,,,,,,,,,,,,,,,,unresolved_source_required,unresolved_asset_required,unresolved_asset_required,blocked_missing_battle_parameters
583,digimon,shoutmon,シャウトモン,"成長期
(クロスウォーズ)",小竜型,データ,,,,,,,,,,,,,,,,,unresolved_source_required,unresolved_asset_required,unresolved_asset_required,blocked_missing_battle_parameters
584,digimon,jetmervamon,ジェットメルヴァモン,"究極体
(クロスウォーズ)",強化型,ウィルス,,,,,,,,,,,,,,,,,unresolved_source_required,unresolved_asset_required,unresolved_asset_required,blocked_missing_battle_parameters
585,digimon,zekegreymon,ジークグレイモン,"究極体
(クロスウォーズ)",サイボーグ型,ウィルス,,,,,,,,,,,,,,,,,unresolved_source_required,unresolved_asset_required,unresolved_asset_required,blocked_missing_battle_parameters
586,digimon,zamielmon,ザミエールモン,"完全体
(クロスウォーズ)",魔人型,データ,,,,,,,,,,,,,,,,,unresolved_source_required,unresolved_asset_required,unresolved_asset_required,blocked_missing_battle_parameters
587,digimon,soundbirdmon,サウンドバードモン,"成長期
(クロスウォーズ)",鳥型,ウィルス,,,,,,,,,,,,,,,,,unresolved_source_required,unresolved_asset_required,unresolved_asset_required,blocked_missing_battle_parameters
588,digimon,cyberdramon-xwars,サイバードラモン,"完全体
(クロスウォーズ)",エイリアン型,ワクチン,,,,,,,,,,,,,,,,,unresolved_source_required,unresolved_asset_required,unresolved_asset_required,blocked_missing_battle_parameters
589,digimon,kozenimon,コゼニモン,"幼年期Ⅱ
(クロスウォーズ)",突然変異型,,,,,,,,,,,,,,,,,,unresolved_source_required,unresolved_asset_required,unresolved_asset_required,blocked_missing_battle_parameters
590,digimon,greymon,グレイモン（2010アニメ版）,"成熟期
(クロスウォーズ)",恐竜型,ウィルス,,,,,,,,,,,,,,,,,unresolved_source_required,unresolved_asset_required,unresolved_asset_required,blocked_missing_battle_parameters
591,digimon,gravimon,グラビモン,"完全体
(クロスウォーズ)",種族不明,ウィルス,,,,,,,,,,,,,,,,,unresolved_source_required,unresolved_asset_required,unresolved_asset_required,blocked_missing_battle_parameters
592,digimon,cutemon,キュートモン,"成長期
(クロスウォーズ)",妖精型,ワクチン,,,,,,,,,,,,,,,,,unresolved_source_required,unresolved_asset_required,unresolved_asset_required,blocked_missing_battle_parameters
593,digimon,gumdramon,ガムドラモン,"成長期
(クロスウォーズ)",小竜型,ワクチン,,,,,,,,,,,,,,,,,unresolved_source_required,unresolved_asset_required,unresolved_asset_required,blocked_missing_battle_parameters
594,digimon,ganemon,ガネモン,"成熟期
(クロスウォーズ)",突然変異型,ワクチン,,,,,,,,,,,,,,,,,unresolved_source_required,unresolved_asset_required,unresolved_asset_required,blocked_missing_battle_parameters
595,digimon,gaossmon,ガオスモン,"成長期
(クロスウォーズ)",爬虫類型,ウィルス,,,,,,,,,,,,,,,,,unresolved_source_required,unresolved_asset_required,unresolved_asset_required,blocked_missing_battle_parameters
596,digimon,olegmon,オレーグモン,"究極体
(クロスウォーズ)",海獣型,ワクチン,,,,,,,,,,,,,,,,,unresolved_source_required,unresolved_asset_required,unresolved_asset_required,blocked_missing_battle_parameters
597,digimon,omegashoutmon,オメガシャウトモン,"完全体
(クロスウォーズ)",竜人型,データ,,,,,,,,,,,,,,,,,unresolved_source_required,unresolved_asset_required,unresolved_asset_required,blocked_missing_battle_parameters
598,digimon,ekakimon,エカキモン,"成長期
(クロスウォーズ)",突然変異型,データ,,,,,,,,,,,,,,,,,unresolved_source_required,unresolved_asset_required,unresolved_asset_required,blocked_missing_battle_parameters
599,digimon,iguneetmon,イグニートモン,"成長期
(クロスウォーズ)",爬人型,ウィルス,,,,,,,,,,,,,,,,,unresolved_source_required,unresolved_asset_required,unresolved_asset_required,blocked_missing_battle_parameters
600,digimon,arresterdramon,アレスタードラモン,"成熟期
(クロスウォーズ)",竜型,ワクチン,,,,,,,,,,,,,,,,,unresolved_source_required,unresolved_asset_required,unresolved_asset_required,blocked_missing_battle_parameters
601,digimon,louwemon,レーベモン,ハイブリッド体,戦士型,ヴァリアブル,,,,,,,,,,,,,,,,,unresolved_source_required,unresolved_asset_required,unresolved_asset_required,blocked_missing_battle_parameters
602,digimon,ranamon,ラーナモン,ハイブリッド体,妖精型,ヴァリアブル,,,,,,,,,,,,,,,,,unresolved_source_required,unresolved_asset_required,unresolved_asset_required,blocked_missing_battle_parameters
603,digimon,raihimon,ライヒモン,ハイブリッド体,戦士型,ヴァリアブル,,,,,,,,,,,,,,,,,unresolved_source_required,unresolved_asset_required,unresolved_asset_required,blocked_missing_battle_parameters
604,digimon,rhinokabuterimon,ライノカブテリモン,ハイブリッド体,昆虫型,ヴァリアブル,,,,,,,,,,,,,,,,,unresolved_source_required,unresolved_asset_required,unresolved_asset_required,blocked_missing_battle_parameters
605,digimon,mercuremon,メルキューレモン,ハイブリッド体,突然変異型,ヴァリアブル,,,,,,,,,,,,,,,,,unresolved_source_required,unresolved_asset_required,unresolved_asset_required,blocked_missing_battle_parameters
606,digimon,magnagarurumon,マグナガルルモン,ハイブリッド体,サイボーグ型,ヴァリアブル,,,,,,,,,,,,,,,,,unresolved_source_required,unresolved_asset_required,unresolved_asset_required,blocked_missing_battle_parameters
607,digimon,bolgmon,ボルグモン,ハイブリッド体,サイボーグ型,ヴァリアブル,,,,,,,,,,,,,,,,,unresolved_source_required,unresolved_asset_required,unresolved_asset_required,blocked_missing_battle_parameters
608,digimon,velgrmon,ベルグモン,ハイブリッド体,巨鳥型,ヴァリアブル,,,,,,,,,,,,,,,,,unresolved_source_required,unresolved_asset_required,unresolved_asset_required,blocked_missing_battle_parameters
609,digimon,petaldramon,ペタルドラモン,ハイブリッド体,植物型,ヴァリアブル,,,,,,,,,,,,,,,,,unresolved_source_required,unresolved_asset_required,unresolved_asset_required,blocked_missing_battle_parameters
610,digimon,beowolfmon,ベオウルフモン,ハイブリッド体,戦士型,ヴァリアブル,,,,,,,,,,,,,,,,,unresolved_source_required,unresolved_asset_required,unresolved_asset_required,blocked_missing_battle_parameters
611,digimon,flamon,フレイモン,ハイブリッド体,魔人型,ヴァリアブル,,,,,,,,,,,,,,,,,unresolved_source_required,unresolved_asset_required,unresolved_asset_required,blocked_missing_battle_parameters
612,digimon,blitzmon,ブリッツモン,ハイブリッド体,サイボーグ型,ヴァリアブル,,,,,,,,,,,,,,,,,unresolved_source_required,unresolved_asset_required,unresolved_asset_required,blocked_missing_battle_parameters
613,digimon,blizzarmon,ブリザーモン,ハイブリッド体,獣型,ヴァリアブル,,,,,,,,,,,,,,,,,unresolved_source_required,unresolved_asset_required,unresolved_asset_required,blocked_missing_battle_parameters
614,digimon,fairimon,フェアリモン,ハイブリッド体,妖精型,ヴァリアブル,,,,,,,,,,,,,,,,,unresolved_source_required,unresolved_asset_required,unresolved_asset_required,blocked_missing_battle_parameters
615,digimon,chackmon,チャックモン,ハイブリッド体,獣人型,ヴァリアブル,,,,,,,,,,,,,,,,,unresolved_source_required,unresolved_asset_required,unresolved_asset_required,blocked_missing_battle_parameters
616,digimon,duskmon,ダスクモン,ハイブリッド体,魔人型,ヴァリアブル,,,,,,,,,,,,,,,,,unresolved_source_required,unresolved_asset_required,unresolved_asset_required,blocked_missing_battle_parameters
617,digimon,daipenmon,ダイペンモン,ハイブリッド体,サイボーグ型,ヴァリアブル,,,,,,,,,,,,,,,,,unresolved_source_required,unresolved_asset_required,unresolved_asset_required,blocked_missing_battle_parameters
618,digimon,sephirothmon,セフィロトモン,ハイブリッド体,突然変異型,ヴァリアブル,,,,,,,,,,,,,,,,,unresolved_source_required,unresolved_asset_required,unresolved_asset_required,blocked_missing_battle_parameters
619,digimon,storabimon,ストラビモン,ハイブリッド体,獣人型,ヴァリアブル,,,,,,,,,,,,,,,,,unresolved_source_required,unresolved_asset_required,unresolved_asset_required,blocked_missing_battle_parameters
620,digimon,shutumon,シューツモン,ハイブリッド体,鳥人型,ヴァリアブル,,,,,,,,,,,,,,,,,unresolved_source_required,unresolved_asset_required,unresolved_asset_required,blocked_missing_battle_parameters
621,digimon,jetsilphymon,ジェットシルフィーモン,ハイブリッド体,サイボーグ型,ヴァリアブル,,,,,,,,,,,,,,,,,unresolved_source_required,unresolved_asset_required,unresolved_asset_required,blocked_missing_battle_parameters
622,digimon,grottemon,グロットモン,ハイブリッド体,鬼人型,ヴァリアブル,,,,,,,,,,,,,,,,,unresolved_source_required,unresolved_asset_required,unresolved_asset_required,blocked_missing_battle_parameters
623,digimon,gigasmon,ギガスモン,ハイブリッド体,鉱物型,ヴァリアブル,,,,,,,,,,,,,,,,,unresolved_source_required,unresolved_asset_required,unresolved_asset_required,blocked_missing_battle_parameters
624,digimon,garummon,ガルムモン,ハイブリッド体,サイボーグ型,ヴァリアブル,,,,,,,,,,,,,,,,,unresolved_source_required,unresolved_asset_required,unresolved_asset_required,blocked_missing_battle_parameters
625,digimon,calamaramon,カルマーラモン,ハイブリッド体,水棲型,ヴァリアブル,,,,,,,,,,,,,,,,,unresolved_source_required,unresolved_asset_required,unresolved_asset_required,blocked_missing_battle_parameters
626,digimon,kaisergreymon,カイゼルグレイモン,ハイブリッド体,竜戦士型,ヴァリアブル,,,,,,,,,,,,,,,,,unresolved_source_required,unresolved_asset_required,unresolved_asset_required,blocked_missing_battle_parameters
627,digimon,kaiserleomon,カイザーレオモン,ハイブリッド体,サイボーグ型,ヴァリアブル,,,,,,,,,,,,,,,,,unresolved_source_required,unresolved_asset_required,unresolved_asset_required,blocked_missing_battle_parameters
628,digimon,vritramon,ヴリトラモン,ハイブリッド体,魔竜型,ヴァリアブル,,,,,,,,,,,,,,,,,unresolved_source_required,unresolved_asset_required,unresolved_asset_required,blocked_missing_battle_parameters
629,digimon,wolfmon,ヴォルフモン,ハイブリッド体,戦士型,ヴァリアブル,,,,,,,,,,,,,,,,,unresolved_source_required,unresolved_asset_required,unresolved_asset_required,blocked_missing_battle_parameters
630,digimon,arbormon,アルボルモン,ハイブリッド体,サイボーグ型,ヴァリアブル,,,,,,,,,,,,,,,,,unresolved_source_required,unresolved_asset_required,unresolved_asset_required,blocked_missing_battle_parameters
631,digimon,aldamon,アルダモン,ハイブリッド体,魔人型,ヴァリアブル,,,,,,,,,,,,,,,,,unresolved_source_required,unresolved_asset_required,unresolved_asset_required,blocked_missing_battle_parameters
632,digimon,agnimon,アグニモン,ハイブリッド体,魔人型,ヴァリアブル,,,,,,,,,,,,,,,,,unresolved_source_required,unresolved_asset_required,unresolved_asset_required,blocked_missing_battle_parameters
633,digimon,rinkmon,リンクモン,アーマー体,サイボーグ型,フリー,,,,,,,,,,,,,,,,,unresolved_source_required,unresolved_asset_required,unresolved_asset_required,blocked_missing_battle_parameters
634,digimon,lynxmon,ランクスモン,アーマー体,獣型,フリー,,,,,,,,,,,,,,,,,unresolved_source_required,unresolved_asset_required,unresolved_asset_required,blocked_missing_battle_parameters
635,digimon,rhinomon,ライノモン,アーマー体,哺乳類型,フリー,,,,,,,,,,,,,,,,,unresolved_source_required,unresolved_asset_required,unresolved_asset_required,blocked_missing_battle_parameters
636,digimon,lighdramon,ライドラモン,アーマー体,獣型,フリー,,,,,,,,,,,,,,,,,unresolved_source_required,unresolved_asset_required,unresolved_asset_required,blocked_missing_battle_parameters
637,digimon,yaksamon,ヤシャモン,アーマー体,魔人型,フリー,,,,,,,,,,,,,,,,,unresolved_source_required,unresolved_asset_required,unresolved_asset_required,blocked_missing_battle_parameters
638,digimon,mothmon,モスモン,アーマー体,昆虫型,フリー,,,,,,,,,,,,,,,,,unresolved_source_required,unresolved_asset_required,unresolved_asset_required,blocked_missing_battle_parameters
639,digimon,maildramon,メイルドラモン,アーマー体,サイボーグ型,フリー,,,,,,,,,,,,,,,,,unresolved_source_required,unresolved_asset_required,unresolved_asset_required,blocked_missing_battle_parameters
640,digimon,moosemon,ムースモン,アーマー体,古代獣型,フリー,,,,,,,,,,,,,,,,,unresolved_source_required,unresolved_asset_required,unresolved_asset_required,blocked_missing_battle_parameters
641,digimon,manbomon,マンボモン,アーマー体,突然変異型,フリー,,,,,,,,,,,,,,,,,unresolved_source_required,unresolved_asset_required,unresolved_asset_required,blocked_missing_battle_parameters
642,digimon,mantaraymon,マンタレイモン,アーマー体,水棲型,フリー,,,,,,,,,,,,,,,,,unresolved_source_required,unresolved_asset_required,unresolved_asset_required,blocked_missing_battle_parameters
643,digimon,magnamon,マグナモン,アーマー体,聖騎士型,フリー,,,,,,,,,,,,,,,,,unresolved_source_required,unresolved_asset_required,unresolved_asset_required,blocked_missing_battle_parameters
644,digimon,ponchomon,ポンチョモン,アーマー体,ゴースト型,フリー,,,,,,,,,,,,,,,,,unresolved_source_required,unresolved_asset_required,unresolved_asset_required,blocked_missing_battle_parameters
645,digimon,holsmon,ホルスモン,アーマー体,獣型,フリー,,,,,,,,,,,,,,,,,unresolved_source_required,unresolved_asset_required,unresolved_asset_required,blocked_missing_battle_parameters
646,digimon,boarmon,ボアモン,アーマー体,哺乳類型,フリー,,,,,,,,,,,,,,,,,unresolved_source_required,unresolved_asset_required,unresolved_asset_required,blocked_missing_battle_parameters
647,digimon,pegasmon,ペガスモン,アーマー体,聖獣型,フリー,,,,,,,,,,,,,,,,,unresolved_source_required,unresolved_asset_required,unresolved_asset_required,blocked_missing_battle_parameters
648,digimon,frogmon,フロッグモン,アーマー体,突然変異型,フリー,,,,,,,,,,,,,,,,,unresolved_source_required,unresolved_asset_required,unresolved_asset_required,blocked_missing_battle_parameters
649,digimon,prairiemon,プレイリモン,アーマー体,獣型,フリー,,,,,,,,,,,,,,,,,unresolved_source_required,unresolved_asset_required,unresolved_asset_required,blocked_missing_battle_parameters
650,digimon,fladramon,フレイドラモン,アーマー体,竜人型,フリー,,,,,,,,,,,,,,,,,unresolved_source_required,unresolved_asset_required,unresolved_asset_required,blocked_missing_battle_parameters
651,digimon,flawizarmon,フレイウィザーモン,アーマー体,魔人型,ウィルス,,,,,,,,,,,,,,,,,unresolved_source_required,unresolved_asset_required,unresolved_asset_required,blocked_missing_battle_parameters
652,digimon,bullmon,ブルモン,アーマー体,哺乳類型,フリー,,,,,,,,,,,,,,,,,unresolved_source_required,unresolved_asset_required,unresolved_asset_required,blocked_missing_battle_parameters
653,digimon,flybeemon,フライビーモン,アーマー体,昆虫型,フリー,,,,,,,,,,,,,,,,,unresolved_source_required,unresolved_asset_required,unresolved_asset_required,blocked_missing_battle_parameters
654,digimon,pteranomon,プテラノモン,アーマー体,翼竜型,フリー,,,,,,,,,,,,,,,,,unresolved_source_required,unresolved_asset_required,unresolved_asset_required,blocked_missing_battle_parameters
655,digimon,pucchiemon-green,プッチーモン（緑）,アーマー体,妖精型,フリー,,,,,,,,,,,,,,,,,unresolved_source_required,unresolved_asset_required,unresolved_asset_required,blocked_missing_battle_parameters
656,digimon,pucchiemon,プッチーモン,アーマー体,妖精型,フリー,,,,,,,,,,,,,,,,,unresolved_source_required,unresolved_asset_required,unresolved_asset_required,blocked_missing_battle_parameters
657,digimon,pipismon,ピピスモン,アーマー体,突然変異型,フリー,,,,,,,,,,,,,,,,,unresolved_source_required,unresolved_asset_required,unresolved_asset_required,blocked_missing_battle_parameters
658,digimon,bitmon,ビットモン,アーマー体,哺乳類型,フリー,,,,,,,,,,,,,,,,,unresolved_source_required,unresolved_asset_required,unresolved_asset_required,blocked_missing_battle_parameters
659,digimon,peacockmon,ピーコックモン,アーマー体,マシーン型,フリー,,,,,,,,,,,,,,,,,unresolved_source_required,unresolved_asset_required,unresolved_asset_required,blocked_missing_battle_parameters
660,digimon,baromon,バロモン,アーマー体,魔人型,フリー,,,,,,,,,,,,,,,,,unresolved_source_required,unresolved_asset_required,unresolved_asset_required,blocked_missing_battle_parameters
661,digimon,honeybeemon,ハニービーモン,アーマー体,昆虫型,フリー,,,,,,,,,,,,,,,,,unresolved_source_required,unresolved_asset_required,unresolved_asset_required,blocked_missing_battle_parameters
662,digimon,butterflamon,バタフラモン,アーマー体,昆虫型,フリー,,,,,,,,,,,,,,,,,unresolved_source_required,unresolved_asset_required,unresolved_asset_required,blocked_missing_battle_parameters
663,digimon,harpymon,ハーピモン,アーマー体,幻獣型,フリー,,,,,,,,,,,,,,,,,unresolved_source_required,unresolved_asset_required,unresolved_asset_required,blocked_missing_battle_parameters
664,digimon,nohemon,ノヘモン,アーマー体,パペット型,フリー,,,,,,,,,,,,,,,,,unresolved_source_required,unresolved_asset_required,unresolved_asset_required,blocked_missing_battle_parameters
665,digimon,nefertimon,ネフェルティモン,アーマー体,聖獣型,フリー,,,,,,,,,,,,,,,,,unresolved_source_required,unresolved_asset_required,unresolved_asset_required,blocked_missing_battle_parameters
666,digimon,togemogumon,トゲモグモン,アーマー体,哺乳類型,フリー,,,,,,,,,,,,,,,,,unresolved_source_required,unresolved_asset_required,unresolved_asset_required,blocked_missing_battle_parameters
667,digimon,tocanmon,トーカンモン,アーマー体,鳥型,フリー,,,,,,,,,,,,,,,,,unresolved_source_required,unresolved_asset_required,unresolved_asset_required,blocked_missing_battle_parameters
668,digimon,depthmon,デプスモン,アーマー体,水棲獣人型,フリー,,,,,,,,,,,,,,,,,unresolved_source_required,unresolved_asset_required,unresolved_asset_required,blocked_missing_battle_parameters
669,digimon,tylomon,ティロモン,アーマー体,海竜型,フリー,,,,,,,,,,,,,,,,,unresolved_source_required,unresolved_asset_required,unresolved_asset_required,blocked_missing_battle_parameters
670,digimon,digmon,ディグモン,アーマー体,昆虫型,フリー,,,,,,,,,,,,,,,,,unresolved_source_required,unresolved_asset_required,unresolved_asset_required,blocked_missing_battle_parameters
671,digimon,sepikmon,セピックモン,アーマー体,魔人型,フリー,,,,,,,,,,,,,,,,,unresolved_source_required,unresolved_asset_required,unresolved_asset_required,blocked_missing_battle_parameters
672,digimon,sethmon,セトモン,アーマー体,魔獣型,フリー,,,,,,,,,,,,,,,,,unresolved_source_required,unresolved_asset_required,unresolved_asset_required,blocked_missing_battle_parameters
673,digimon,swanmon,スワンモン,アーマー体,鳥型,フリー,,,,,,,,,,,,,,,,,unresolved_source_required,unresolved_asset_required,unresolved_asset_required,blocked_missing_battle_parameters
674,digimon,stegomon,ステゴモン,アーマー体,剣竜型,フリー,,,,,,,,,,,,,,,,,unresolved_source_required,unresolved_asset_required,unresolved_asset_required,blocked_missing_battle_parameters
675,digimon,shurimon,シュリモン,アーマー体,突然変異型,フリー,,,,,,,,,,,,,,,,,unresolved_source_required,unresolved_asset_required,unresolved_asset_required,blocked_missing_battle_parameters
676,digimon,shadramon,シェイドラモン,アーマー体,昆虫型,フリー,,,,,,,,,,,,,,,,,unresolved_source_required,unresolved_asset_required,unresolved_asset_required,blocked_missing_battle_parameters
677,digimon,seahomon,シーホモン,アーマー体,水棲型,フリー,,,,,,,,,,,,,,,,,unresolved_source_required,unresolved_asset_required,unresolved_asset_required,blocked_missing_battle_parameters
678,digimon,sheepmon,シープモン,アーマー体,哺乳類型,フリー,,,,,,,,,,,,,,,,,unresolved_source_required,unresolved_asset_required,unresolved_asset_required,blocked_missing_battle_parameters
679,digimon,thunderbirmon,サンダーバーモン,アーマー体,巨鳥型,データ,,,,,,,,,,,,,,,,,unresolved_source_required,unresolved_asset_required,unresolved_asset_required,blocked_missing_battle_parameters
680,digimon,salamandamon,サラマンダモン,アーマー体,両生類型,ウィルス,,,,,,,,,,,,,,,,,unresolved_source_required,unresolved_asset_required,unresolved_asset_required,blocked_missing_battle_parameters
681,digimon,sabmarimon,サブマリモン,アーマー体,水棲型,フリー,,,,,,,,,,,,,,,,,unresolved_source_required,unresolved_asset_required,unresolved_asset_required,blocked_missing_battle_parameters
682,digimon,sagittarimon,サジタリモン,アーマー体,幻獣型,フリー,,,,,,,,,,,,,,,,,unresolved_source_required,unresolved_asset_required,unresolved_asset_required,blocked_missing_battle_parameters
683,digimon,searchmon,サーチモン,アーマー体,昆虫型,フリー,,,,,,,,,,,,,,,,,unresolved_source_required,unresolved_asset_required,unresolved_asset_required,blocked_missing_battle_parameters
684,digimon,kongoumon,コンゴウモン,アーマー体,昆虫型,フリー,,,,,,,,,,,,,,,,,unresolved_source_required,unresolved_asset_required,unresolved_asset_required,blocked_missing_battle_parameters
685,digimon,goldv-dramon,ゴールドブイドラモン,アーマー体,幻竜型,ワクチン,,,,,,,,,,,,,,,,,unresolved_source_required,unresolved_asset_required,unresolved_asset_required,blocked_missing_battle_parameters
686,digimon,goatmon,ゴートモン,アーマー体,哺乳類型,フリー,,,,,,,,,,,,,,,,,unresolved_source_required,unresolved_asset_required,unresolved_asset_required,blocked_missing_battle_parameters
687,digimon,kenkimon,ケンキモン,アーマー体,マシーン型,データ,,,,,,,,,,,,,,,,,unresolved_source_required,unresolved_asset_required,unresolved_asset_required,blocked_missing_battle_parameters
688,digimon,quetzalmon,クアトルモン,アーマー体,幻獣型,フリー,,,,,,,,,,,,,,,,,unresolved_source_required,unresolved_asset_required,unresolved_asset_required,blocked_missing_battle_parameters
689,digimon,kangarumon,カンガルモン,アーマー体,哺乳類型,フリー,,,,,,,,,,,,,,,,,unresolved_source_required,unresolved_asset_required,unresolved_asset_required,blocked_missing_battle_parameters
690,digimon,chamelemon,カメレモン,アーマー体,爬虫類型,フリー,,,,,,,,,,,,,,,,,unresolved_source_required,unresolved_asset_required,unresolved_asset_required,blocked_missing_battle_parameters
691,digimon,kabukimon,カブキモン,アーマー体,突然変異型,フリー,,,,,,,,,,,,,,,,,unresolved_source_required,unresolved_asset_required,unresolved_asset_required,blocked_missing_battle_parameters
692,digimon,gargomon,ガーゴモン,アーマー体,魔獣型,フリー,,,,,,,,,,,,,,,,,unresolved_source_required,unresolved_asset_required,unresolved_asset_required,blocked_missing_battle_parameters
693,digimon,orcamon,オルカモン,アーマー体,水棲獣人型,フリー,,,,,,,,,,,,,,,,,unresolved_source_required,unresolved_asset_required,unresolved_asset_required,blocked_missing_battle_parameters
694,digimon,opossummon,オポッサモン,アーマー体,獣型,フリー,,,,,,,,,,,,,,,,,unresolved_source_required,unresolved_asset_required,unresolved_asset_required,blocked_missing_battle_parameters
695,digimon,elephamon,エレファモン,アーマー体,サイボーグ型,フリー,,,,,,,,,,,,,,,,,unresolved_source_required,unresolved_asset_required,unresolved_asset_required,blocked_missing_battle_parameters
696,digimon,allomon,アロモン,アーマー体,恐竜型,フリー,,,,,,,,,,,,,,,,,unresolved_source_required,unresolved_asset_required,unresolved_asset_required,blocked_missing_battle_parameters
697,digimon,archelomon,アーケロモン,アーマー体,爬虫類型,フリー,,,,,,,,,,,,,,,,,unresolved_source_required,unresolved_asset_required,unresolved_asset_required,blocked_missing_battle_parameters
698,digimon,owlmon,アウルモン,アーマー体,鳥型,フリー,,,,,,,,,,,,,,,,,unresolved_source_required,unresolved_asset_required,unresolved_asset_required,blocked_missing_battle_parameters
699,digimon,lordknightmon,ロードナイトモン,究極体,聖騎士型,ウィルス,,,,,,,,,,,,,,,,,unresolved_source_required,unresolved_asset_required,unresolved_asset_required,blocked_missing_battle_parameters
700,digimon,lotusmon,ロトスモン,究極体,妖精型,データ,,,,,,,,,,,,,,,,,unresolved_source_required,unresolved_asset_required,unresolved_asset_required,blocked_missing_battle_parameters
701,digimon,rosemonburstmode,ロゼモン：バーストモード,究極体,妖精型,データ,,,,,,,,,,,,,,,,,unresolved_source_required,unresolved_asset_required,unresolved_asset_required,blocked_missing_battle_parameters
702,digimon,rosemon,ロゼモン,究極体,妖精型,データ,,,,,,,,,,,,,,,,,unresolved_source_required,unresolved_asset_required,unresolved_asset_required,blocked_missing_battle_parameters
703,digimon,ravmonburstmode,レイヴモン：バーストモード,究極体,サイボーグ型,ワクチン,,,,,,,,,,,,,,,,,unresolved_source_required,unresolved_asset_required,unresolved_asset_required,blocked_missing_battle_parameters
704,digimon,ravmon,レイヴモン,究極体,サイボーグ型,ワクチン,,,,,,,,,,,,,,,,,unresolved_source_required,unresolved_asset_required,unresolved_asset_required,blocked_missing_battle_parameters
705,digimon,lucemonlarva,ルーチェモン：ラルバ,究極体,魔神型,ウィルス,,,,,,,,,,,,,,,,,unresolved_source_required,unresolved_asset_required,unresolved_asset_required,blocked_missing_battle_parameters
706,digimon,lucemonsatanmode,ルーチェモン：サタンモード,究極体,魔神型,ウィルス,,,,,,,,,,,,,,,,,unresolved_source_required,unresolved_asset_required,unresolved_asset_required,blocked_missing_battle_parameters
707,digimon,lilithmon,リリスモン,究極体,魔王型,ウィルス,,,,,,,,,,,,,,,,,unresolved_source_required,unresolved_asset_required,unresolved_asset_required,blocked_missing_battle_parameters
708,digimon,leviamon,リヴァイアモン,究極体,魔王型,ウィルス,,,,,,,,,,,,,,,,,unresolved_source_required,unresolved_asset_required,unresolved_asset_required,blocked_missing_battle_parameters
709,digimon,lampmon,ランプモン,究極体,魔人型,データ,,,,,,,,,,,,,,,,,unresolved_source_required,unresolved_asset_required,unresolved_asset_required,blocked_missing_battle_parameters
710,digimon,rusttyranomon,ラストティラノモン,究極体,サイボーグ型,ウィルス,,,,,,,,,,,,,,,,,unresolved_source_required,unresolved_asset_required,unresolved_asset_required,blocked_missing_battle_parameters
711,digimon,rasielmon,ラジエルモン,究極体,座天使型,ワクチン,,,,,,,,,,,,,,,,,unresolved_source_required,unresolved_asset_required,unresolved_asset_required,blocked_missing_battle_parameters
712,digimon,jupitermon,ユピテルモン,究極体,神人型,ワクチン,,,,,,,,,,,,,,,,,unresolved_source_required,unresolved_asset_required,unresolved_asset_required,blocked_missing_battle_parameters
713,digimon,mercurymon,メルクリモン,究極体,神人型,ウィルス,,,,,,,,,,,,,,,,,unresolved_source_required,unresolved_asset_required,unresolved_asset_required,blocked_missing_battle_parameters
714,digimon,medievaldukemon,メディーバルデュークモン,究極体,戦士型,データ,,,,,,,,,,,,,,,,,unresolved_source_required,unresolved_asset_required,unresolved_asset_required,blocked_missing_battle_parameters
715,digimon,metalpiranimon,メタルピラニモン,究極体,水棲型,ウィルス,,,,,,,,,,,,,,,,,unresolved_source_required,unresolved_asset_required,unresolved_asset_required,blocked_missing_battle_parameters
716,digimon,metalseadramon,メタルシードラモン,究極体,サイボーグ型,データ,,,,,,,,,,,,,,,,,unresolved_source_required,unresolved_asset_required,unresolved_asset_required,blocked_missing_battle_parameters
717,digimon,metalgarurumon,メタルガルルモン,究極体,サイボーグ型,データ,,,,,,,,,,,,,,,,,unresolved_source_required,unresolved_asset_required,unresolved_asset_required,blocked_missing_battle_parameters
718,digimon,metaletemon,メタルエテモン,究極体,サイボーグ型,ウィルス,,,,,,,,,,,,,,,,,unresolved_source_required,unresolved_asset_required,unresolved_asset_required,blocked_missing_battle_parameters
719,digimon,megidramon,メギドラモン,究極体,邪竜型,ウィルス,,,,,,,,,,,,,,,,,unresolved_source_required,unresolved_asset_required,unresolved_asset_required,blocked_missing_battle_parameters
720,digimon,moonmillenniumon,ムーンミレニアモン,究極体,邪神型,ウィルス,,,,,,,,,,,,,,,,,unresolved_source_required,unresolved_asset_required,unresolved_asset_required,blocked_missing_battle_parameters
721,digimon,murmukusmon,ムルムクスモン,究極体,魔王型,ウィルス,,,,,,,,,,,,,,,,,unresolved_source_required,unresolved_asset_required,unresolved_asset_required,blocked_missing_battle_parameters
722,digimon,mugendramon,ムゲンドラモン,究極体,マシーン型,ウィルス,,,,,,,,,,,,,,,,,unresolved_source_required,unresolved_asset_required,unresolved_asset_required,blocked_missing_battle_parameters
723,digimon,millenniumon,ミレニアモン,究極体,合成型,ウィルス,,,,,,,,,,,,,,,,,unresolved_source_required,unresolved_asset_required,unresolved_asset_required,blocked_missing_battle_parameters
724,digimon,miragegaogamon:burstmode,ミラージュガオガモン：バーストモード,究極体,獣騎士型,データ,,,,,,,,,,,,,,,,,unresolved_source_required,unresolved_asset_required,unresolved_asset_required,blocked_missing_battle_parameters
725,digimon,miragegaogamon,ミラージュガオガモン,究極体,獣騎士型,データ,,,,,,,,,,,,,,,,,unresolved_source_required,unresolved_asset_required,unresolved_asset_required,blocked_missing_battle_parameters
726,digimon,minervamon,ミネルヴァモン,究極体,神人型,ウィルス,,,,,,,,,,,,,,,,,unresolved_source_required,unresolved_asset_required,unresolved_asset_required,blocked_missing_battle_parameters
727,digimon,marsmon,マルスモン,究極体,神人型,ワクチン,,,,,,,,,,,,,,,,,unresolved_source_required,unresolved_asset_required,unresolved_asset_required,blocked_missing_battle_parameters
728,digimon,marinangemon,マリンエンジェモン,究極体,妖精型,ワクチン,,,,,,,,,,,,,,,,,unresolved_source_required,unresolved_asset_required,unresolved_asset_required,blocked_missing_battle_parameters
729,digimon,magnakidmon,マグナキッドモン,究極体,竜人型,ウィルス,,,,,,,,,,,,,,,,,unresolved_source_required,unresolved_asset_required,unresolved_asset_required,blocked_missing_battle_parameters
730,digimon,boltmon,ボルトモン,究極体,サイボーグ型,データ,,,,,,,,,,,,,,,,,unresolved_source_required,unresolved_asset_required,unresolved_asset_required,blocked_missing_battle_parameters
731,digimon,holydramon,ホーリードラモン,究極体,聖竜型,ワクチン,,,,,,,,,,,,,,,,,unresolved_source_required,unresolved_asset_required,unresolved_asset_required,blocked_missing_battle_parameters
732,digimon,hououmon,ホウオウモン,究極体,聖獣型,ワクチン,,,,,,,,,,,,,,,,,unresolved_source_required,unresolved_asset_required,unresolved_asset_required,blocked_missing_battle_parameters
733,digimon,belphemonragemode,ベルフェモン：レイジモード,究極体,魔王型,ウィルス,,,,,,,,,,,,,,,,,unresolved_source_required,unresolved_asset_required,unresolved_asset_required,blocked_missing_battle_parameters
734,digimon,belphemonsleepmode,ベルフェモン：スリープモード,究極体,魔王型,ウィルス,,,,,,,,,,,,,,,,,unresolved_source_required,unresolved_asset_required,unresolved_asset_required,blocked_missing_battle_parameters
735,digimon,beelzebumonblastmode,ベルゼブモン：ブラストモード,究極体,魔王型,ウィルス,,,,,,,,,,,,,,,,,unresolved_source_required,unresolved_asset_required,unresolved_asset_required,blocked_missing_battle_parameters
736,digimon,beelzebumon,ベルゼブモン,究極体,魔王型,ウィルス,,,,,,,,,,,,,,,,,unresolved_source_required,unresolved_asset_required,unresolved_asset_required,blocked_missing_battle_parameters
737,digimon,beelstarmon,ベルスターモン,究極体,魔人型,ウィルス,,,,,,,,,,,,,,,,,unresolved_source_required,unresolved_asset_required,unresolved_asset_required,blocked_missing_battle_parameters
738,digimon,belialvamdemon,ベリアルヴァンデモン,究極体,魔王型,ウィルス,,,,,,,,,,,,,,,,,unresolved_source_required,unresolved_asset_required,unresolved_asset_required,blocked_missing_battle_parameters
739,digimon,heraklekabuterimon,ヘラクルカブテリモン,究極体,昆虫型,ワクチン,,,,,,,,,,,,,,,,,unresolved_source_required,unresolved_asset_required,unresolved_asset_required,blocked_missing_battle_parameters
740,digimon,plesiomon,プレシオモン,究極体,首長竜型,データ,,,,,,,,,,,,,,,,,unresolved_source_required,unresolved_asset_required,unresolved_asset_required,blocked_missing_battle_parameters
741,digimon,breakdramon,ブレイクドラモン,究極体,機竜型,ウィルス,,,,,,,,,,,,,,,,,unresolved_source_required,unresolved_asset_required,unresolved_asset_required,blocked_missing_battle_parameters
742,digimon,princemamemon,プリンスマメモン,究極体,突然変異型,データ,,,,,,,,,,,,,,,,,unresolved_source_required,unresolved_asset_required,unresolved_asset_required,blocked_missing_battle_parameters
743,digimon,blitzgreymon,ブリッツグレイモン,究極体,サイボーグ型,ウィルス,,,,,,,,,,,,,,,,,unresolved_source_required,unresolved_asset_required,unresolved_asset_required,blocked_missing_battle_parameters
744,digimon,blacksaintgalgomon,ブラックセントガルゴモン,究極体,マシーン型,ワクチン,,,,,,,,,,,,,,,,,unresolved_source_required,unresolved_asset_required,unresolved_asset_required,blocked_missing_battle_parameters
745,digimon,blackwargreymon,ブラックウォーグレイモン,究極体,竜人型,ウィルス,,,,,,,,,,,,,,,,,unresolved_source_required,unresolved_asset_required,unresolved_asset_required,blocked_missing_battle_parameters
746,digimon,platinumnumemon,プラチナヌメモン,究極体,突然変異型,ウィルス,,,,,,,,,,,,,,,,,unresolved_source_required,unresolved_asset_required,unresolved_asset_required,blocked_missing_battle_parameters
747,digimon,pukumon,プクモン,究極体,突然変異型,ウィルス,,,,,,,,,,,,,,,,,unresolved_source_required,unresolved_asset_required,unresolved_asset_required,blocked_missing_battle_parameters
748,digimon,fujinmon,フウジンモン,究極体,マシーン型,ワクチン,,,,,,,,,,,,,,,,,unresolved_source_required,unresolved_asset_required,unresolved_asset_required,blocked_missing_battle_parameters
749,digimon,huanglongmon,ファンロンモン,究極体,神獣型,NO DATA,,,,,,,,,,,,,,,,,unresolved_source_required,unresolved_asset_required,unresolved_asset_required,blocked_missing_battle_parameters
750,digimon,pharaohmon,ファラオモン,究極体,魔人型,ウィルス,,,,,,,,,,,,,,,,,unresolved_source_required,unresolved_asset_required,unresolved_asset_required,blocked_missing_battle_parameters
751,digimon,pinochimon,ピノッキモン,究極体,パペット型,ウィルス,,,,,,,,,,,,,,,,,unresolved_source_required,unresolved_asset_required,unresolved_asset_required,blocked_missing_battle_parameters
752,digimon,victorygreymon,ビクトリーグレイモン,究極体,竜人型,ワクチン,,,,,,,,,,,,,,,,,unresolved_source_required,unresolved_asset_required,unresolved_asset_required,blocked_missing_battle_parameters
753,digimon,piemon,ピエモン,究極体,魔人型,ウィルス,,,,,,,,,,,,,,,,,unresolved_source_required,unresolved_asset_required,unresolved_asset_required,blocked_missing_battle_parameters
754,digimon,bancholeomon,バンチョーレオモン,究極体,獣人型,ワクチン,,,,,,,,,,,,,,,,,unresolved_source_required,unresolved_asset_required,unresolved_asset_required,blocked_missing_battle_parameters
755,digimon,banchomamemon,バンチョーマメモン,究極体,突然変異型,データ,,,,,,,,,,,,,,,,,unresolved_source_required,unresolved_asset_required,unresolved_asset_required,blocked_missing_battle_parameters
756,digimon,banchostingmon,バンチョースティングモン,究極体,昆虫型,フリー,,,,,,,,,,,,,,,,,unresolved_source_required,unresolved_asset_required,unresolved_asset_required,blocked_missing_battle_parameters
757,digimon,barbamon,バルバモン,究極体,魔王型,ウィルス,,,,,,,,,,,,,,,,,unresolved_source_required,unresolved_asset_required,unresolved_asset_required,blocked_missing_battle_parameters
758,digimon,parasimon,パラサイモン,究極体,寄生型,ウィルス,,,,,,,,,,,,,,,,,unresolved_source_required,unresolved_asset_required,unresolved_asset_required,blocked_missing_battle_parameters
759,digimon,babamon,ババモン,究極体,エンシェント型,ワクチン,,,,,,,,,,,,,,,,,unresolved_source_required,unresolved_asset_required,unresolved_asset_required,blocked_missing_battle_parameters
760,digimon,baihumon,バイフーモン,究極体,聖獣型,データ,,,,,,,,,,,,,,,,,unresolved_source_required,unresolved_asset_required,unresolved_asset_required,blocked_missing_battle_parameters
761,digimon,hiandromon,ハイアンドロモン,究極体,サイボーグ型,ワクチン,,,,,,,,,,,,,,,,,unresolved_source_required,unresolved_asset_required,unresolved_asset_required,blocked_missing_battle_parameters
762,digimon,neptunemon,ネプトゥーンモン,究極体,神人型,ワクチン,,,,,,,,,,,,,,,,,unresolved_source_required,unresolved_asset_required,unresolved_asset_required,blocked_missing_battle_parameters
763,digimon,dorugoramon,ドルゴラモン,究極体,獣竜型,データ,,,,,,,,,,,,,,,,,unresolved_source_required,unresolved_asset_required,unresolved_asset_required,blocked_missing_battle_parameters
764,digimon,duftmonleopardmode,ドゥフトモン：レオパルドモード,究極体,聖騎士型,データ,,,,,,,,,,,,,,,,,unresolved_source_required,unresolved_asset_required,unresolved_asset_required,blocked_missing_battle_parameters
765,digimon,duftmon,ドゥフトモン,究極体,聖騎士型,データ,,,,,,,,,,,,,,,,,unresolved_source_required,unresolved_asset_required,unresolved_asset_required,blocked_missing_battle_parameters
766,digimon,durandamon,デュランダモン,究極体,聖剣型,ワクチン,,,,,,,,,,,,,,,,,unresolved_source_required,unresolved_asset_required,unresolved_asset_required,blocked_missing_battle_parameters
767,digimon,dynasmon,デュナスモン,究極体,聖騎士型,データ,,,,,,,,,,,,,,,,,unresolved_source_required,unresolved_asset_required,unresolved_asset_required,blocked_missing_battle_parameters
768,digimon,dukemoncrimsonmode,デュークモン：クリムゾンモード,究極体,聖騎士型,ウィルス,,,,,,,,,,,,,,,,,unresolved_source_required,unresolved_asset_required,unresolved_asset_required,blocked_missing_battle_parameters
769,digimon,dukemon,デュークモン,究極体,聖騎士型,ウィルス,,,,,,,,,,,,,,,,,unresolved_source_required,unresolved_asset_required,unresolved_asset_required,blocked_missing_battle_parameters
770,digimon,devitamamon,デビタマモン,究極体,突然変異型,データ,,,,,,,,,,,,,,,,,unresolved_source_required,unresolved_asset_required,unresolved_asset_required,blocked_missing_battle_parameters
771,digimon,deathmon-black,デスモン（黒）,究極体,魔王型,データ,,,,,,,,,,,,,,,,,unresolved_source_required,unresolved_asset_required,unresolved_asset_required,blocked_missing_battle_parameters
772,digimon,deathmon,デスモン,究極体,魔王型,データ,,,,,,,,,,,,,,,,,unresolved_source_required,unresolved_asset_required,unresolved_asset_required,blocked_missing_battle_parameters
773,digimon,death-x-mon,デクスモン,究極体,解析不能,ウィルス,,,,,,,,,,,,,,,,,unresolved_source_required,unresolved_asset_required,unresolved_asset_required,blocked_missing_battle_parameters
774,digimon,demon,デーモン,究極体,魔王型,ウィルス,,,,,,,,,,,,,,,,,unresolved_source_required,unresolved_asset_required,unresolved_asset_required,blocked_missing_battle_parameters
775,digimon,death-x-dorugoramon,デクスドルゴラモン,究極体,アンデッド型,ウィルス,,,,,,,,,,,,,,,,,unresolved_source_required,unresolved_asset_required,unresolved_asset_required,blocked_missing_battle_parameters
776,digimon,dinorexmon,ディノレクスモン,究極体,恐竜型,データ,,,,,,,,,,,,,,,,,unresolved_source_required,unresolved_asset_required,unresolved_asset_required,blocked_missing_battle_parameters
777,digimon,dinotigermon,ディノタイガモン,究極体,古代獣型,データ,,,,,,,,,,,,,,,,,unresolved_source_required,unresolved_asset_required,unresolved_asset_required,blocked_missing_battle_parameters
778,digimon,diablomon,ディアボロモン,究極体,種族不明,不明,,,,,,,,,,,,,,,,,unresolved_source_required,unresolved_asset_required,unresolved_asset_required,blocked_missing_battle_parameters
779,digimon,dianamon,ディアナモン,究極体,神人型,データ,,,,,,,,,,,,,,,,,unresolved_source_required,unresolved_asset_required,unresolved_asset_required,blocked_missing_battle_parameters
780,digimon,qinglongmon,チンロンモン,究極体,聖竜型,データ,,,,,,,,,,,,,,,,,unresolved_source_required,unresolved_asset_required,unresolved_asset_required,blocked_missing_battle_parameters
781,digimon,darkdramon,ダークドラモン,究極体,サイボーグ型,ウィルス,,,,,,,,,,,,,,,,,unresolved_source_required,unresolved_asset_required,unresolved_asset_required,blocked_missing_battle_parameters
782,digimon,tyrantkabuterimon,タイラントカブテリモン,究極体,昆虫型,ウィルス,,,,,,,,,,,,,,,,,unresolved_source_required,unresolved_asset_required,unresolved_asset_required,blocked_missing_battle_parameters
783,digimon,titamon,タイタモン,究極体,神人型,ウィルス,,,,,,,,,,,,,,,,,unresolved_source_required,unresolved_asset_required,unresolved_asset_required,blocked_missing_battle_parameters
784,digimon,tigervespamon,タイガーヴェスパモン,究極体,サイボーグ型,ウィルス,,,,,,,,,,,,,,,,,unresolved_source_required,unresolved_asset_required,unresolved_asset_required,blocked_missing_battle_parameters
785,digimon,saintgalgomon,セントガルゴモン,究極体,マシーン型,ワクチン,,,,,,,,,,,,,,,,,unresolved_source_required,unresolved_asset_required,unresolved_asset_required,blocked_missing_battle_parameters
786,digimon,seraphimon,セラフィモン,究極体,熾天使型,ワクチン,,,,,,,,,,,,,,,,,unresolved_source_required,unresolved_asset_required,unresolved_asset_required,blocked_missing_battle_parameters
787,digimon,slayerdramon,スレイヤードラモン,究極体,竜人型,ワクチン,,,,,,,,,,,,,,,,,unresolved_source_required,unresolved_asset_required,unresolved_asset_required,blocked_missing_battle_parameters
788,digimon,sleipmon,スレイプモン,究極体,聖騎士型,ワクチン,,,,,,,,,,,,,,,,,unresolved_source_required,unresolved_asset_required,unresolved_asset_required,blocked_missing_battle_parameters
789,digimon,slashangemon,スラッシュエンジェモン,究極体,能天使型,ワクチン,,,,,,,,,,,,,,,,,unresolved_source_required,unresolved_asset_required,unresolved_asset_required,blocked_missing_battle_parameters
790,digimon,spinomon,スピノモン,究極体,恐竜型,ウィルス,,,,,,,,,,,,,,,,,unresolved_source_required,unresolved_asset_required,unresolved_asset_required,blocked_missing_battle_parameters
791,digimon,susanoomon,スサノオモン,究極体,神人型,ワクチン,,,,,,,,,,,,,,,,,unresolved_source_required,unresolved_asset_required,unresolved_asset_required,blocked_missing_battle_parameters
792,digimon,skullmammon,スカルマンモン,究極体,アンデッド型,ワクチン,,,,,,,,,,,,,,,,,unresolved_source_required,unresolved_asset_required,unresolved_asset_required,blocked_missing_battle_parameters
793,digimon,zhuqiaomon,スーツェーモン,究極体,聖鳥型,ウィルス,,,,,,,,,,,,,,,,,unresolved_source_required,unresolved_asset_required,unresolved_asset_required,blocked_missing_battle_parameters
794,digimon,suijinmon,スイジンモン,究極体,マシーン型,データ,,,,,,,,,,,,,,,,,unresolved_source_required,unresolved_asset_required,unresolved_asset_required,blocked_missing_battle_parameters
795,digimon,zeedmillenniumon,ズィードミレニアモン,究極体,邪神型,ウィルス,,,,,,,,,,,,,,,,,unresolved_source_required,unresolved_asset_required,unresolved_asset_required,blocked_missing_battle_parameters
796,digimon,zdgarurumon,ズィードガルルモン,究極体,サイボーグ型,データ,,,,,,,,,,,,,,,,,unresolved_source_required,unresolved_asset_required,unresolved_asset_required,blocked_missing_battle_parameters
797,digimon,jumbogamemon,ジャンボガメモン,究極体,サイボーグ型,データ,,,,,,,,,,,,,,,,,unresolved_source_required,unresolved_asset_required,unresolved_asset_required,blocked_missing_battle_parameters
798,digimon,justimon,ジャスティモン：アクセルアーム,究極体,サイボーグ型,ワクチン,,,,,,,,,,,,,,,,,unresolved_source_required,unresolved_asset_required,unresolved_asset_required,blocked_missing_battle_parameters
799,digimon,shakamon,シャカモン,究極体,如来型,ワクチン,,,,,,,,,,,,,,,,,unresolved_source_required,unresolved_asset_required,unresolved_asset_required,blocked_missing_battle_parameters
800,digimon,shinegreymonburstmode,シャイングレイモン：バーストモード,究極体,光竜型,ワクチン,,,,,,,,,,,,,,,,,unresolved_source_required,unresolved_asset_required,unresolved_asset_required,blocked_missing_battle_parameters
801,digimon,shinegreymon,シャイングレイモン,究極体,光竜型,ワクチン,,,,,,,,,,,,,,,,,unresolved_source_required,unresolved_asset_required,unresolved_asset_required,blocked_missing_battle_parameters
802,digimon,jijimon,ジジモン,究極体,エンシェント型,ワクチン,,,,,,,,,,,,,,,,,unresolved_source_required,unresolved_asset_required,unresolved_asset_required,blocked_missing_battle_parameters
803,digimon,xuanwumon,シェンウーモン,究極体,聖獣型,ワクチン,,,,,,,,,,,,,,,,,unresolved_source_required,unresolved_asset_required,unresolved_asset_required,blocked_missing_battle_parameters
804,digimon,jesmon,ジエスモン,究極体,聖騎士型,データ,,,,,,,,,,,,,,,,,unresolved_source_required,unresolved_asset_required,unresolved_asset_required,blocked_missing_battle_parameters
805,digimon,zanbamon,ザンバモン,究極体,魔人型,ウィルス,,,,,,,,,,,,,,,,,unresolved_source_required,unresolved_asset_required,unresolved_asset_required,blocked_missing_battle_parameters
806,digimon,sakuyamon:mikomode,サクヤモン：巫女モード,究極体,神人型,データ,,,,,,,,,,,,,,,,,unresolved_source_required,unresolved_asset_required,unresolved_asset_required,blocked_missing_battle_parameters
807,digimon,sakuyamon,サクヤモン,究極体,神人型,データ,,,,,,,,,,,,,,,,,unresolved_source_required,unresolved_asset_required,unresolved_asset_required,blocked_missing_battle_parameters
808,digimon,saberleomon,サーベルレオモン,究極体,古代獣型,データ,,,,,,,,,,,,,,,,,unresolved_source_required,unresolved_asset_required,unresolved_asset_required,blocked_missing_battle_parameters
809,digimon,goddramon,ゴッドドラモン,究極体,聖竜型,ワクチン,,,,,,,,,,,,,,,,,unresolved_source_required,unresolved_asset_required,unresolved_asset_required,blocked_missing_battle_parameters
810,digimon,gokumon,ゴクモン,究極体,サイボーグ型,ウィルス,,,,,,,,,,,,,,,,,unresolved_source_required,unresolved_asset_required,unresolved_asset_required,blocked_missing_battle_parameters
811,digimon,cherubimon-vice,ケルビモン（悪）,究極体,智天使型,ワクチン,,,,,,,,,,,,,,,,,unresolved_source_required,unresolved_asset_required,unresolved_asset_required,blocked_missing_battle_parameters
812,digimon,cherubimon,ケルビモン（善）,究極体,智天使型,ワクチン,,,,,,,,,,,,,,,,,unresolved_source_required,unresolved_asset_required,unresolved_asset_required,blocked_missing_battle_parameters
813,digimon,crossmon,クロスモン,究極体,巨鳥型,ワクチン,,,,,,,,,,,,,,,,,unresolved_source_required,unresolved_asset_required,unresolved_asset_required,blocked_missing_battle_parameters
814,digimon,craniummon,クレニアムモン,究極体,聖騎士型,ワクチン,,,,,,,,,,,,,,,,,unresolved_source_required,unresolved_asset_required,unresolved_asset_required,blocked_missing_battle_parameters
815,digimon,gracenovamon,グレイスノヴァモン,究極体,銀河型,ワクチン,,,,,,,,,,,,,,,,,unresolved_source_required,unresolved_asset_required,unresolved_asset_required,blocked_missing_battle_parameters
816,digimon,griffomon,グリフォモン,究極体,幻獣型,データ,,,,,,,,,,,,,,,,,unresolved_source_required,unresolved_asset_required,unresolved_asset_required,blocked_missing_battle_parameters
817,digimon,grandlocomon,グランドロコモン,究極体,マシーン型,データ,,,,,,,,,,,,,,,,,unresolved_source_required,unresolved_asset_required,unresolved_asset_required,blocked_missing_battle_parameters
818,digimon,granddracumon,グランドラクモン,究極体,魔獣型,ウィルス,,,,,,,,,,,,,,,,,unresolved_source_required,unresolved_asset_required,unresolved_asset_required,blocked_missing_battle_parameters
819,digimon,grandiskuwagamon,グランディスクワガーモン,究極体,昆虫型,ウィルス,,,,,,,,,,,,,,,,,unresolved_source_required,unresolved_asset_required,unresolved_asset_required,blocked_missing_battle_parameters
820,digimon,grankuwagamon,グランクワガーモン,究極体,昆虫型,フリー,,,,,,,,,,,,,,,,,unresolved_source_required,unresolved_asset_required,unresolved_asset_required,blocked_missing_battle_parameters
821,digimon,clavisangemon,クラヴィスエンジェモン,究極体,力天使型,ワクチン,,,,,,,,,,,,,,,,,unresolved_source_required,unresolved_asset_required,unresolved_asset_required,blocked_missing_battle_parameters
822,digimon,kuzuhamon,クズハモン,究極体,神人型,データ,,,,,,,,,,,,,,,,,unresolved_source_required,unresolved_asset_required,unresolved_asset_required,blocked_missing_battle_parameters
823,digimon,quartzmon,クオーツモン,究極体,種族不明,不明,,,,,,,,,,,,,,,,,unresolved_source_required,unresolved_asset_required,unresolved_asset_required,blocked_missing_battle_parameters
824,digimon,cresgarurumon,クーレスガルルモン,究極体,獣騎士型,データ,,,,,,,,,,,,,,,,,unresolved_source_required,unresolved_asset_required,unresolved_asset_required,blocked_missing_battle_parameters
825,digimon,queenchessmon,クイーンチェスモン,究極体,パペット型,ウィルス,,,,,,,,,,,,,,,,,unresolved_source_required,unresolved_asset_required,unresolved_asset_required,blocked_missing_battle_parameters
826,digimon,kingchessmon,キングチェスモン,究極体,パペット型,ウィルス,,,,,,,,,,,,,,,,,unresolved_source_required,unresolved_asset_required,unresolved_asset_required,blocked_missing_battle_parameters
827,digimon,kingetemon,キングエテモン,究極体,パペット型,ウィルス,,,,,,,,,,,,,,,,,unresolved_source_required,unresolved_asset_required,unresolved_asset_required,blocked_missing_battle_parameters
828,digimon,cannondramon,キャノンドラモン,究極体,サイボーグ型,データ,,,,,,,,,,,,,,,,,unresolved_source_required,unresolved_asset_required,unresolved_asset_required,blocked_missing_battle_parameters
829,digimon,gigaseadramon,ギガシードラモン,究極体,サイボーグ型,データ,,,,,,,,,,,,,,,,,unresolved_source_required,unresolved_asset_required,unresolved_asset_required,blocked_missing_battle_parameters
830,digimon,gankoomon,ガンクゥモン,究極体,聖騎士型,データ,,,,,,,,,,,,,,,,,unresolved_source_required,unresolved_asset_required,unresolved_asset_required,blocked_missing_battle_parameters
831,digimon,gulfmon,ガルフモン,究極体,魔獣型,ウィルス,,,,,,,,,,,,,,,,,unresolved_source_required,unresolved_asset_required,unresolved_asset_required,blocked_missing_battle_parameters
832,digimon,chaosmonvaldurarm,カオスモン：ヴァロドゥルアーム,究極体,特異型,ワクチン,,,,,,,,,,,,,,,,,unresolved_source_required,unresolved_asset_required,unresolved_asset_required,blocked_missing_battle_parameters
833,digimon,chaosmon,カオスモン,究極体,特異型,ワクチン,,,,,,,,,,,,,,,,,unresolved_source_required,unresolved_asset_required,unresolved_asset_required,blocked_missing_battle_parameters
834,digimon,chaosdramon-x,カオスドラモン（X抗体）,究極体,マシーン型,ウィルス,,,,,,,,,,,,,,,,,unresolved_source_required,unresolved_asset_required,unresolved_asset_required,blocked_missing_battle_parameters
835,digimon,chaosdramon,カオスドラモン,究極体,マシーン型,ウィルス,,,,,,,,,,,,,,,,,unresolved_source_required,unresolved_asset_required,unresolved_asset_required,blocked_missing_battle_parameters
836,digimon,chaosdukemon,カオスデュークモン,究極体,暗黒騎士型,ウィルス,,,,,,,,,,,,,,,,,unresolved_source_required,unresolved_asset_required,unresolved_asset_required,blocked_missing_battle_parameters
837,digimon,gaioumon,ガイオウモン,究極体,竜人型,ウィルス,,,,,,,,,,,,,,,,,unresolved_source_required,unresolved_asset_required,unresolved_asset_required,blocked_missing_battle_parameters
838,digimon,omegamon-alter-s,オメガモン Alter-S,究極体,聖騎士型,ウィルス,,,,,,,,,,,,,,,,,unresolved_source_required,unresolved_asset_required,unresolved_asset_required,blocked_missing_battle_parameters
839,digimon,omegamon-x,オメガモン（X抗体）,究極体,聖騎士型,ワクチン,,,,,,,,,,,,,,,,,unresolved_source_required,unresolved_asset_required,unresolved_asset_required,blocked_missing_battle_parameters
840,digimon,omegamon,オメガモン,究極体,聖騎士型,ワクチン,,,,,,,,,,,,,,,,,unresolved_source_required,unresolved_asset_required,unresolved_asset_required,blocked_missing_battle_parameters
841,digimon,ofanimonfalldownmode,オファニモン：フォールダウンモード,究極体,堕天使型,ワクチン,,,,,,,,,,,,,,,,,unresolved_source_required,unresolved_asset_required,unresolved_asset_required,blocked_missing_battle_parameters
842,digimon,ofanimon,オファニモン,究極体,座天使型,ワクチン,,,,,,,,,,,,,,,,,unresolved_source_required,unresolved_asset_required,unresolved_asset_required,blocked_missing_battle_parameters
843,digimon,ornismon,オニスモン,究極体,古代鳥型,ウィルス,,,,,,,,,,,,,,,,,unresolved_source_required,unresolved_asset_required,unresolved_asset_required,blocked_missing_battle_parameters
844,digimon,ogudomon,オグドモン,究極体,化身型,ウィルス,,,,,,,,,,,,,,,,,unresolved_source_required,unresolved_asset_required,unresolved_asset_required,blocked_missing_battle_parameters
845,digimon,ouryumon,オウリュウモン,究極体,獣竜型,ワクチン,,,,,,,,,,,,,,,,,unresolved_source_required,unresolved_asset_required,unresolved_asset_required,blocked_missing_battle_parameters
846,digimon,ancientwisetmon,エンシェントワイズモン,究極体,古代突然変異型,ウィルス,,,,,,,,,,,,,,,,,unresolved_source_required,unresolved_asset_required,unresolved_asset_required,blocked_missing_battle_parameters
847,digimon,ancientmegatheriumon,エンシェントメガテリウモン,究極体,古代獣型,データ,,,,,,,,,,,,,,,,,unresolved_source_required,unresolved_asset_required,unresolved_asset_required,blocked_missing_battle_parameters
848,digimon,ancientmermaimon,エンシェントマーメイモン,究極体,古代水棲獣人型,データ,,,,,,,,,,,,,,,,,unresolved_source_required,unresolved_asset_required,unresolved_asset_required,blocked_missing_battle_parameters
849,digimon,ancientvolcamon,エンシェントボルケーモン,究極体,古代鉱物型,ウィルス,,,,,,,,,,,,,,,,,unresolved_source_required,unresolved_asset_required,unresolved_asset_required,blocked_missing_battle_parameters
850,digimon,ancientbeatmon,エンシェントビートモン,究極体,古代昆虫型,ワクチン,,,,,,,,,,,,,,,,,unresolved_source_required,unresolved_asset_required,unresolved_asset_required,blocked_missing_battle_parameters
851,digimon,ancienttroiamon,エンシェントトロイアモン,究極体,古代植物型,データ,,,,,,,,,,,,,,,,,unresolved_source_required,unresolved_asset_required,unresolved_asset_required,blocked_missing_battle_parameters
852,digimon,ancientsphinkmon,エンシェントスフィンクモン,究極体,古代幻獣型,ウィルス,,,,,,,,,,,,,,,,,unresolved_source_required,unresolved_asset_required,unresolved_asset_required,blocked_missing_battle_parameters
853,digimon,ancientgreymon,エンシェントグレイモン,究極体,古代竜型,ワクチン,,,,,,,,,,,,,,,,,unresolved_source_required,unresolved_asset_required,unresolved_asset_required,blocked_missing_battle_parameters
854,digimon,ancientgarurumon,エンシェントガルルモン,究極体,古代獣型,データ,,,,,,,,,,,,,,,,,unresolved_source_required,unresolved_asset_required,unresolved_asset_required,blocked_missing_battle_parameters
855,digimon,ancientirismon,エンシェントイリスモン,究極体,古代鳥人型,ワクチン,,,,,,,,,,,,,,,,,unresolved_source_required,unresolved_asset_required,unresolved_asset_required,blocked_missing_battle_parameters
856,digimon,eldoradimon,エルドラディモン,究極体,突然変異型,データ,,,,,,,,,,,,,,,,,unresolved_source_required,unresolved_asset_required,unresolved_asset_required,blocked_missing_battle_parameters
857,digimon,examon,エグザモン,究極体,聖騎士型,データ,,,,,,,,,,,,,,,,,unresolved_source_required,unresolved_asset_required,unresolved_asset_required,blocked_missing_battle_parameters
858,digimon,vulcanusmon,ウルカヌスモン,究極体,神人型,データ,,,,,,,,,,,,,,,,,unresolved_source_required,unresolved_asset_required,unresolved_asset_required,blocked_missing_battle_parameters
859,digimon,wargreymon,ウォーグレイモン,究極体,竜人型,ワクチン,,,,,,,,,,,,,,,,,unresolved_source_required,unresolved_asset_required,unresolved_asset_required,blocked_missing_battle_parameters
860,digimon,venomvamdemon,ヴェノムヴァンデモン,究極体,魔獣型,ウィルス,,,,,,,,,,,,,,,,,unresolved_source_required,unresolved_asset_required,unresolved_asset_required,blocked_missing_battle_parameters
861,digimon,venusmon,ウェヌスモン,究極体,神人型,ワクチン,,,,,,,,,,,,,,,,,unresolved_source_required,unresolved_asset_required,unresolved_asset_required,blocked_missing_battle_parameters
862,digimon,valdurmon,ヴァロドゥルモン,究極体,聖鳥型,ワクチン,,,,,,,,,,,,,,,,,unresolved_source_required,unresolved_asset_required,unresolved_asset_required,blocked_missing_battle_parameters
863,digimon,valkyrimon,ヴァルキリモン,究極体,戦士型,フリー,,,,,,,,,,,,,,,,,unresolved_source_required,unresolved_asset_required,unresolved_asset_required,blocked_missing_battle_parameters
864,digimon,vikemon,ヴァイクモン,究極体,獣人型,フリー,,,,,,,,,,,,,,,,,unresolved_source_required,unresolved_asset_required,unresolved_asset_required,blocked_missing_battle_parameters
865,digimon,ebemon,イーバモン,究極体,サイボーグ型,ウィルス,,,,,,,,,,,,,,,,,unresolved_source_required,unresolved_asset_required,unresolved_asset_required,blocked_missing_battle_parameters
866,digimon,ageisdramon,イージスドラモン,究極体,サイボーグ型,ワクチン,,,,,,,,,,,,,,,,,unresolved_source_required,unresolved_asset_required,unresolved_asset_required,blocked_missing_battle_parameters
867,digimon,imperialdramonfightermode,インペリアルドラモン：ファイターモード,究極体,古代竜人型,フリー,,,,,,,,,,,,,,,,,unresolved_source_required,unresolved_asset_required,unresolved_asset_required,blocked_missing_battle_parameters
868,digimon,imperialdramonpaladinmode,インペリアルドラモン：パラディンモード,究極体,古代聖騎士型,ワクチン,,,,,,,,,,,,,,,,,unresolved_source_required,unresolved_asset_required,unresolved_asset_required,blocked_missing_battle_parameters
869,digimon,imperialdramondragonmode,インペリアルドラモン：ドラゴンモード,究極体,古代竜型,フリー,,,,,,,,,,,,,,,,,unresolved_source_required,unresolved_asset_required,unresolved_asset_required,blocked_missing_battle_parameters
870,digimon,yggdrasill7d6,イグドラシル＿７Ｄ６,究極体,９０００型,不明,,,,,,,,,,,,,,,,,unresolved_source_required,unresolved_asset_required,unresolved_asset_required,blocked_missing_battle_parameters
871,digimon,ulforcevdramon,アルフォースブイドラモン,究極体,聖騎士型,ワクチン,,,,,,,,,,,,,,,,,unresolved_source_required,unresolved_asset_required,unresolved_asset_required,blocked_missing_battle_parameters
872,digimon,alphamon:ouryuken,アルファモン：王竜剣,究極体,NO DATA,ワクチン,,,,,,,,,,,,,,,,,unresolved_source_required,unresolved_asset_required,unresolved_asset_required,blocked_missing_battle_parameters
873,digimon,alphamon,アルファモン,究極体,聖騎士型,ワクチン,,,,,,,,,,,,,,,,,unresolved_source_required,unresolved_asset_required,unresolved_asset_required,blocked_missing_battle_parameters
874,digimon,ultimatebrakimon,アルティメットブラキモン,究極体,サイボーグ型,データ,,,,,,,,,,,,,,,,,unresolved_source_required,unresolved_asset_required,unresolved_asset_required,blocked_missing_battle_parameters
875,digimon,algomon,アルゴモン,究極体,突然変異型,ウィルス,,,,,,,,,,,,,,,,,unresolved_source_required,unresolved_asset_required,unresolved_asset_required,blocked_missing_battle_parameters
876,digimon,apollomon,アポロモン,究極体,神人型,ワクチン,,,,,,,,,,,,,,,,,unresolved_source_required,unresolved_asset_required,unresolved_asset_required,blocked_missing_battle_parameters
877,digimon,apoclymon,アポカリモン,究極体,種族不明,不明,,,,,,,,,,,,,,,,,unresolved_source_required,unresolved_asset_required,unresolved_asset_required,blocked_missing_battle_parameters
878,digimon,anubimon,アヌビモン,究極体,神人型,ワクチン,,,,,,,,,,,,,,,,,unresolved_source_required,unresolved_asset_required,unresolved_asset_required,blocked_missing_battle_parameters
879,digimon,armagemon,アーマゲモン,究極体,種族不明,不明,,,,,,,,,,,,,,,,,unresolved_source_required,unresolved_asset_required,unresolved_asset_required,blocked_missing_battle_parameters
880,digimon,avengekidmon,アヴェンジキッドモン,究極体,竜人型,ウィルス,,,,,,,,,,,,,,,,,unresolved_source_required,unresolved_asset_required,unresolved_asset_required,blocked_missing_battle_parameters
881,digimon,warumonzaemon,ワルもんざえモン,完全体,パペット型,ウィルス,,,,,,,,,,,,,,,,,unresolved_source_required,unresolved_asset_required,unresolved_asset_required,blocked_missing_battle_parameters
882,digimon,waruseadramon,ワルシードラモン,完全体,水棲型,ウィルス,,,,,,,,,,,,,,,,,unresolved_source_required,unresolved_asset_required,unresolved_asset_required,blocked_missing_battle_parameters
883,digimon,wisemon,ワイズモン,完全体,魔人型,ウィルス,,,,,,,,,,,,,,,,,unresolved_source_required,unresolved_asset_required,unresolved_asset_required,blocked_missing_battle_parameters
884,digimon,weregarrumon,ワーガルルモン,完全体,獣人型,ワクチン,,,,,,,,,,,,,,,,,unresolved_source_required,unresolved_asset_required,unresolved_asset_required,blocked_missing_battle_parameters
885,digimon,locomon,ロコモン,完全体,マシーン型,データ,,,,,,,,,,,,,,,,,unresolved_source_required,unresolved_asset_required,unresolved_asset_required,blocked_missing_battle_parameters
886,digimon,loaderleomon,ローダーレオモン,完全体,マシーン型,ワクチン,,,,,,,,,,,,,,,,,unresolved_source_required,unresolved_asset_required,unresolved_asset_required,blocked_missing_battle_parameters
887,digimon,ladydevimon,レディーデビモン,完全体,堕天使型,ウィルス,,,,,,,,,,,,,,,,,unresolved_source_required,unresolved_asset_required,unresolved_asset_required,blocked_missing_battle_parameters
888,digimon,luminamon,ルミナモン,完全体,妖精型,ワクチン,,,,,,,,,,,,,,,,,unresolved_source_required,unresolved_asset_required,unresolved_asset_required,blocked_missing_battle_parameters
889,digimon,rucemonfalldownmode,ルーチェモン：フォールダウンモード,完全体,魔王型,ウィルス,,,,,,,,,,,,,,,,,unresolved_source_required,unresolved_asset_required,unresolved_asset_required,blocked_missing_battle_parameters
890,digimon,rookchessmon,ルークチェスモン,完全体,パペット型,ウィルス,,,,,,,,,,,,,,,,,unresolved_source_required,unresolved_asset_required,unresolved_asset_required,blocked_missing_battle_parameters
891,digimon,lilimon,リリモン,完全体,妖精型,データ,,,,,,,,,,,,,,,,,unresolved_source_required,unresolved_asset_required,unresolved_asset_required,blocked_missing_battle_parameters
892,digimon,rapidmon,ラピッドモン,完全体,サイボーグ型,ワクチン,,,,,,,,,,,,,,,,,unresolved_source_required,unresolved_asset_required,unresolved_asset_required,blocked_missing_battle_parameters
893,digimon,lilamon,ライラモン,完全体,妖精型,データ,,,,,,,,,,,,,,,,,unresolved_source_required,unresolved_asset_required,unresolved_asset_required,blocked_missing_battle_parameters
894,digimon,rizegreymon,ライズグレイモン,完全体,サイボーグ型,ワクチン,,,,,,,,,,,,,,,,,unresolved_source_required,unresolved_asset_required,unresolved_asset_required,blocked_missing_battle_parameters
895,digimon,yatagaramon,ヤタガラモン（2006年アニメ版）,完全体,妖鳥型,ワクチン,,,,,,,,,,,,,,,,,unresolved_source_required,unresolved_asset_required,unresolved_asset_required,blocked_missing_battle_parameters
896,digimon,monzaemon,もんざえモン,完全体,パペット型,ワクチン,,,,,,,,,,,,,,,,,unresolved_source_required,unresolved_asset_required,unresolved_asset_required,blocked_missing_battle_parameters
897,digimon,mephismon,メフィスモン,完全体,堕天使型,ウィルス,,,,,,,,,,,,,,,,,unresolved_source_required,unresolved_asset_required,unresolved_asset_required,blocked_missing_battle_parameters
898,digimon,metalmamemon,メタルマメモン,完全体,サイボーグ型,データ,,,,,,,,,,,,,,,,,unresolved_source_required,unresolved_asset_required,unresolved_asset_required,blocked_missing_battle_parameters
899,digimon,metalfantomon,メタルファントモン,完全体,サイボーグ型,データ,,,,,,,,,,,,,,,,,unresolved_source_required,unresolved_asset_required,unresolved_asset_required,blocked_missing_battle_parameters
900,digimon,metaltyranomon,メタルティラノモン,完全体,サイボーグ型,ウィルス,,,,,,,,,,,,,,,,,unresolved_source_required,unresolved_asset_required,unresolved_asset_required,blocked_missing_battle_parameters
901,digimon,metalgreymon-v,メタルグレイモン（ワクチン種）,完全体,サイボーグ型,ワクチン,,,,,,,,,,,,,,,,,unresolved_source_required,unresolved_asset_required,unresolved_asset_required,blocked_missing_battle_parameters
902,digimon,metalgreymon-web,メタルグレイモン（ウィルス種）,完全体,サイボーグ型,ウィルス,,,,,,,,,,,,,,,,,unresolved_source_required,unresolved_asset_required,unresolved_asset_required,blocked_missing_battle_parameters
903,digimon,metallifekuwagamon,メタリフェクワガーモン,完全体,昆虫型,ウィルス,,,,,,,,,,,,,,,,,unresolved_source_required,unresolved_asset_required,unresolved_asset_required,blocked_missing_battle_parameters
904,digimon,megalogrowmon,メガログラウモン,完全体,サイボーグ型,ウィルス,,,,,,,,,,,,,,,,,unresolved_source_required,unresolved_asset_required,unresolved_asset_required,blocked_missing_battle_parameters
905,digimon,megadramon,メガドラモン,完全体,サイボーグ型,ウィルス,,,,,,,,,,,,,,,,,unresolved_source_required,unresolved_asset_required,unresolved_asset_required,blocked_missing_battle_parameters
906,digimon,megaseadramon,メガシードラモン,完全体,水棲型,データ,,,,,,,,,,,,,,,,,unresolved_source_required,unresolved_asset_required,unresolved_asset_required,blocked_missing_battle_parameters
907,digimon,meicrackmon,メイクラックモン,完全体,獣人型,ワクチン,,,,,,,,,,,,,,,,,unresolved_source_required,unresolved_asset_required,unresolved_asset_required,blocked_missing_battle_parameters
908,digimon,mihiramon,ミヒラモン,完全体,聖獣型,データ,,,,,,,,,,,,,,,,,unresolved_source_required,unresolved_asset_required,unresolved_asset_required,blocked_missing_battle_parameters
909,digimon,mistymon,ミスティモン,完全体,魔法戦士型,ウィルス,,,,,,,,,,,,,,,,,unresolved_source_required,unresolved_asset_required,unresolved_asset_required,blocked_missing_battle_parameters
910,digimon,mammon,マンモン,完全体,古代獣型,ワクチン,,,,,,,,,,,,,,,,,unresolved_source_required,unresolved_asset_required,unresolved_asset_required,blocked_missing_battle_parameters
911,digimon,marindevimon,マリンデビモン,完全体,水棲獣人型,ウィルス,,,,,,,,,,,,,,,,,unresolved_source_required,unresolved_asset_required,unresolved_asset_required,blocked_missing_battle_parameters
912,digimon,mametyramon,マメティラモン,完全体,突然変異型,データ,,,,,,,,,,,,,,,,,unresolved_source_required,unresolved_asset_required,unresolved_asset_required,blocked_missing_battle_parameters
913,digimon,mamemon,マメモン,完全体,突然変異型,データ,,,,,,,,,,,,,,,,,unresolved_source_required,unresolved_asset_required,unresolved_asset_required,blocked_missing_battle_parameters
914,digimon,mummymon,マミーモン,完全体,アンデッド型,ウィルス,,,,,,,,,,,,,,,,,unresolved_source_required,unresolved_asset_required,unresolved_asset_required,blocked_missing_battle_parameters
915,digimon,machgaogamon,マッハガオガモン,完全体,サイボーグ型,データ,,,,,,,,,,,,,,,,,unresolved_source_required,unresolved_asset_required,unresolved_asset_required,blocked_missing_battle_parameters
916,digimon,matadrmon,マタドゥルモン,完全体,アンデッド型,ウィルス,,,,,,,,,,,,,,,,,unresolved_source_required,unresolved_asset_required,unresolved_asset_required,blocked_missing_battle_parameters
917,digimon,mastertyranomon,マスターティラノモン,完全体,恐竜型,ワクチン,,,,,,,,,,,,,,,,,unresolved_source_required,unresolved_asset_required,unresolved_asset_required,blocked_missing_battle_parameters
918,digimon,majiramon,マジラモン,完全体,聖竜型,データ,,,,,,,,,,,,,,,,,unresolved_source_required,unresolved_asset_required,unresolved_asset_required,blocked_missing_battle_parameters
919,digimon,makuramon,マクラモン,完全体,聖獣型,データ,,,,,,,,,,,,,,,,,unresolved_source_required,unresolved_asset_required,unresolved_asset_required,blocked_missing_battle_parameters
920,digimon,mermaimon,マーメイモン,完全体,水棲獣人型,データ,,,,,,,,,,,,,,,,,unresolved_source_required,unresolved_asset_required,unresolved_asset_required,blocked_missing_battle_parameters
921,digimon,volcamon,ボルケーモン,完全体,サイボーグ型,データ,,,,,,,,,,,,,,,,,unresolved_source_required,unresolved_asset_required,unresolved_asset_required,blocked_missing_battle_parameters
922,digimon,holyangemon,ホーリーエンジェモン,完全体,大天使型,ワクチン,,,,,,,,,,,,,,,,,unresolved_source_required,unresolved_asset_required,unresolved_asset_required,blocked_missing_battle_parameters
923,digimon,whamon,ホエーモン,完全体,水棲哺乳類型,ワクチン,,,,,,,,,,,,,,,,,unresolved_source_required,unresolved_asset_required,unresolved_asset_required,blocked_missing_battle_parameters
924,digimon,betsumon,ベツモン,完全体,パペット型,データ,,,,,,,,,,,,,,,,,unresolved_source_required,unresolved_asset_required,unresolved_asset_required,blocked_missing_battle_parameters
925,digimon,vademon2,ベーダモン（X抗体）,完全体,宇宙人型,ウィルス,,,,,,,,,,,,,,,,,unresolved_source_required,unresolved_asset_required,unresolved_asset_required,blocked_missing_battle_parameters
926,digimon,vademon,ベーダモン,完全体,宇宙人型,ウィルス,,,,,,,,,,,,,,,,,unresolved_source_required,unresolved_asset_required,unresolved_asset_required,blocked_missing_battle_parameters
927,digimon,blossomon,ブロッサモン,完全体,植物型,データ,,,,,,,,,,,,,,,,,unresolved_source_required,unresolved_asset_required,unresolved_asset_required,blocked_missing_battle_parameters
928,digimon,flaremon,フレアモン,完全体,獣人型,ワクチン,,,,,,,,,,,,,,,,,unresolved_source_required,unresolved_asset_required,unresolved_asset_required,blocked_missing_battle_parameters
929,digimon,bluemeramon,ブルーメラモン,完全体,火炎型,ウィルス,,,,,,,,,,,,,,,,,unresolved_source_required,unresolved_asset_required,unresolved_asset_required,blocked_missing_battle_parameters
930,digimon,blackmegalogrowmon,ブラックメガログラウモン,完全体,サイボーグ型,ウィルス,,,,,,,,,,,,,,,,,unresolved_source_required,unresolved_asset_required,unresolved_asset_required,blocked_missing_battle_parameters
931,digimon,phelesmon,フェレスモン,完全体,堕天使型,ウィルス,,,,,,,,,,,,,,,,,unresolved_source_required,unresolved_asset_required,unresolved_asset_required,blocked_missing_battle_parameters
932,digimon,fantomon,ファントモン,完全体,ゴースト型,ウィルス,,,,,,,,,,,,,,,,,unresolved_source_required,unresolved_asset_required,unresolved_asset_required,blocked_missing_battle_parameters
933,digimon,hippogriffomon,ヒポグリフォモン,完全体,幻獣型,データ,,,,,,,,,,,,,,,,,unresolved_source_required,unresolved_asset_required,unresolved_asset_required,blocked_missing_battle_parameters
934,digimon,picklemon,ピッコロモン,完全体,妖精型,データ,,,,,,,,,,,,,,,,,unresolved_source_required,unresolved_asset_required,unresolved_asset_required,blocked_missing_battle_parameters
935,digimon,bigmamemon,ビッグマメモン,完全体,突然変異型,データ,,,,,,,,,,,,,,,,,unresolved_source_required,unresolved_asset_required,unresolved_asset_required,blocked_missing_battle_parameters
936,digimon,bishopchessmon,ビショップチェスモン,完全体,パペット型,ウィルス,,,,,,,,,,,,,,,,,unresolved_source_required,unresolved_asset_required,unresolved_asset_required,blocked_missing_battle_parameters
937,digimon,hisyaryumon,ヒシャリュウモン,完全体,獣竜型,ワクチン,,,,,,,,,,,,,,,,,unresolved_source_required,unresolved_asset_required,unresolved_asset_required,blocked_missing_battle_parameters
938,digimon,pumpmon,パンプモン,完全体,パペット型,データ,,,,,,,,,,,,,,,,,unresolved_source_required,unresolved_asset_required,unresolved_asset_required,blocked_missing_battle_parameters
939,digimon,pandamon,パンダモン,完全体,パペット型,データ,,,,,,,,,,,,,,,,,unresolved_source_required,unresolved_asset_required,unresolved_asset_required,blocked_missing_battle_parameters
940,digimon,panjyamon,パンジャモン,完全体,獣人型,ワクチン,,,,,,,,,,,,,,,,,unresolved_source_required,unresolved_asset_required,unresolved_asset_required,blocked_missing_battle_parameters
941,digimon,hangyomon,ハンギョモン,完全体,水棲獣人型,データ,,,,,,,,,,,,,,,,,unresolved_source_required,unresolved_asset_required,unresolved_asset_required,blocked_missing_battle_parameters
942,digimon,parrotmon,パロットモン,完全体,巨鳥型,ワクチン,,,,,,,,,,,,,,,,,unresolved_source_required,unresolved_asset_required,unresolved_asset_required,blocked_missing_battle_parameters
943,digimon,valvemon,バルブモン,完全体,マシーン型,データ,,,,,,,,,,,,,,,,,unresolved_source_required,unresolved_asset_required,unresolved_asset_required,blocked_missing_battle_parameters
944,digimon,bastemon,バステモン,完全体,獣人型,ウィルス,,,,,,,,,,,,,,,,,unresolved_source_required,unresolved_asset_required,unresolved_asset_required,blocked_missing_battle_parameters
945,digimon,pajiramon,パジラモン,完全体,聖獣型,ウィルス,,,,,,,,,,,,,,,,,unresolved_source_required,unresolved_asset_required,unresolved_asset_required,blocked_missing_battle_parameters
946,digimon,paildramon,パイルドラモン,完全体,竜人型,フリー,,,,,,,,,,,,,,,,,unresolved_source_required,unresolved_asset_required,unresolved_asset_required,blocked_missing_battle_parameters
947,digimon,neodevimon,ネオデビモン,完全体,堕天使型,ウィルス,,,,,,,,,,,,,,,,,unresolved_source_required,unresolved_asset_required,unresolved_asset_required,blocked_missing_battle_parameters
948,digimon,nanomon,ナノモン,完全体,マシーン型,ウィルス,,,,,,,,,,,,,,,,,unresolved_source_required,unresolved_asset_required,unresolved_asset_required,blocked_missing_battle_parameters
949,digimon,knightmon,ナイトモン,完全体,戦士型,データ,,,,,,,,,,,,,,,,,unresolved_source_required,unresolved_asset_required,unresolved_asset_required,blocked_missing_battle_parameters
950,digimon,doruguremon,ドルグレモン,完全体,獣竜型,データ,,,,,,,,,,,,,,,,,unresolved_source_required,unresolved_asset_required,unresolved_asset_required,blocked_missing_battle_parameters
951,digimon,triceramon,トリケラモン,完全体,角竜型,データ,,,,,,,,,,,,,,,,,unresolved_source_required,unresolved_asset_required,unresolved_asset_required,blocked_missing_battle_parameters
952,digimon,tonosamagekomon,トノサマゲコモン,完全体,両生類型,ウィルス,,,,,,,,,,,,,,,,,unresolved_source_required,unresolved_asset_required,unresolved_asset_required,blocked_missing_battle_parameters
953,digimon,doumon,ドウモン,完全体,魔人型,データ,,,,,,,,,,,,,,,,,unresolved_source_required,unresolved_asset_required,unresolved_asset_required,blocked_missing_battle_parameters
954,digimon,delumon,デラモン,完全体,鳥型,データ,,,,,,,,,,,,,,,,,unresolved_source_required,unresolved_asset_required,unresolved_asset_required,blocked_missing_battle_parameters
955,digimon,duramon,デュラモン,完全体,武器型,ワクチン,,,,,,,,,,,,,,,,,unresolved_source_required,unresolved_asset_required,unresolved_asset_required,blocked_missing_battle_parameters
956,digimon,deathmeramon,デスメラモン,完全体,火炎型,データ,,,,,,,,,,,,,,,,,unresolved_source_required,unresolved_asset_required,unresolved_asset_required,blocked_missing_battle_parameters
957,digimon,digitamamon,デジタマモン,完全体,パーフェクト型,データ,,,,,,,,,,,,,,,,,unresolved_source_required,unresolved_asset_required,unresolved_asset_required,blocked_missing_battle_parameters
958,digimon,death-x-doruguremon,デクスドルグレモン,完全体,アンデッド型,ウィルス,,,,,,,,,,,,,,,,,unresolved_source_required,unresolved_asset_required,unresolved_asset_required,blocked_missing_battle_parameters
959,digimon,dinobeemon,ディノビーモン,完全体,突然変異型,フリー,,,,,,,,,,,,,,,,,unresolved_source_required,unresolved_asset_required,unresolved_asset_required,blocked_missing_battle_parameters
960,digimon,chohakkaimon,チョ・ハッカイモン,完全体,パペット型,データ,,,,,,,,,,,,,,,,,unresolved_source_required,unresolved_asset_required,unresolved_asset_required,blocked_missing_battle_parameters
961,digimon,caturamon,チャツラモン,完全体,聖獣型,データ,,,,,,,,,,,,,,,,,unresolved_source_required,unresolved_asset_required,unresolved_asset_required,blocked_missing_battle_parameters
962,digimon,tyilinmon,チィリンモン,完全体,聖獣型,ワクチン,,,,,,,,,,,,,,,,,unresolved_source_required,unresolved_asset_required,unresolved_asset_required,blocked_missing_battle_parameters
963,digimon,tankdramon,タンクドラモン,完全体,マシーン型,ウィルス,,,,,,,,,,,,,,,,,unresolved_source_required,unresolved_asset_required,unresolved_asset_required,blocked_missing_battle_parameters
964,digimon,dagomon,ダゴモン,完全体,水棲獣人型,ウィルス,,,,,,,,,,,,,,,,,unresolved_source_required,unresolved_asset_required,unresolved_asset_required,blocked_missing_battle_parameters
965,digimon,taomon,タオモン,完全体,魔人型,データ,,,,,,,,,,,,,,,,,unresolved_source_required,unresolved_asset_required,unresolved_asset_required,blocked_missing_battle_parameters
966,digimon,darksuperstarmon,ダークスーパースターモン,完全体,突然変異型,ウィルス,,,,,,,,,,,,,,,,,unresolved_source_required,unresolved_asset_required,unresolved_asset_required,blocked_missing_battle_parameters
967,digimon,sirenmon,セイレーンモン,完全体,神人型,データ,,,,,,,,,,,,,,,,,unresolved_source_required,unresolved_asset_required,unresolved_asset_required,blocked_missing_battle_parameters
968,digimon,saviorhuckmon,セイバーハックモン,完全体,竜人型,データ,,,,,,,,,,,,,,,,,unresolved_source_required,unresolved_asset_required,unresolved_asset_required,blocked_missing_battle_parameters
969,digimon,zudomon,ズドモン,完全体,海獣型,ワクチン,,,,,,,,,,,,,,,,,unresolved_source_required,unresolved_asset_required,unresolved_asset_required,blocked_missing_battle_parameters
970,digimon,scorpiomon,スコピオモン,完全体,昆虫型,データ,,,,,,,,,,,,,,,,,unresolved_source_required,unresolved_asset_required,unresolved_asset_required,blocked_missing_battle_parameters
971,digimon,skullbaluchimon,スカルバルキモン,完全体,アンデッド型,データ,,,,,,,,,,,,,,,,,unresolved_source_required,unresolved_asset_required,unresolved_asset_required,blocked_missing_battle_parameters
972,digimon,skullsatamon,スカルサタモン,完全体,アンデッド型,ウィルス,,,,,,,,,,,,,,,,,unresolved_source_required,unresolved_asset_required,unresolved_asset_required,blocked_missing_battle_parameters
973,digimon,skullgreymon,スカルグレイモン,完全体,アンデッド型,ウィルス,,,,,,,,,,,,,,,,,unresolved_source_required,unresolved_asset_required,unresolved_asset_required,blocked_missing_battle_parameters
974,digimon,superstarmon,スーパースターモン,完全体,突然変異型,データ,,,,,,,,,,,,,,,,,unresolved_source_required,unresolved_asset_required,unresolved_asset_required,blocked_missing_battle_parameters
975,digimon,sinduramon,シンドゥーラモン,完全体,聖鳥型,データ,,,,,,,,,,,,,,,,,unresolved_source_required,unresolved_asset_required,unresolved_asset_required,blocked_missing_battle_parameters
976,digimon,silphymon,シルフィーモン,完全体,獣人型,フリー,,,,,,,,,,,,,,,,,unresolved_source_required,unresolved_asset_required,unresolved_asset_required,blocked_missing_battle_parameters
977,digimon,jyureimon,ジュレイモン,完全体,植物型,ウィルス,,,,,,,,,,,,,,,,,unresolved_source_required,unresolved_asset_required,unresolved_asset_required,blocked_missing_battle_parameters
978,digimon,shakkoumon,シャッコウモン,完全体,突然変異型,フリー,,,,,,,,,,,,,,,,,unresolved_source_required,unresolved_asset_required,unresolved_asset_required,blocked_missing_battle_parameters
979,digimon,jyagamon,ジャガモン,完全体,植物型,ワクチン,,,,,,,,,,,,,,,,,unresolved_source_required,unresolved_asset_required,unresolved_asset_required,blocked_missing_battle_parameters
980,digimon,shawujinmon,シャウジンモン,完全体,魔人型,ウィルス,,,,,,,,,,,,,,,,,unresolved_source_required,unresolved_asset_required,unresolved_asset_required,blocked_missing_battle_parameters
981,digimon,sandiramon,サンティラモン,完全体,聖獣型,ウィルス,,,,,,,,,,,,,,,,,unresolved_source_required,unresolved_asset_required,unresolved_asset_required,blocked_missing_battle_parameters
982,digimon,sanzomon,サンゾモン,完全体,僧侶型,ワクチン,,,,,,,,,,,,,,,,,unresolved_source_required,unresolved_asset_required,unresolved_asset_required,blocked_missing_battle_parameters
983,digimon,sagomon,サゴモン,完全体,魔人型,ウィルス,,,,,,,,,,,,,,,,,unresolved_source_required,unresolved_asset_required,unresolved_asset_required,blocked_missing_battle_parameters
984,digimon,cyberdramon,サイバードラモン,完全体,サイボーグ型,ワクチン,,,,,,,,,,,,,,,,,unresolved_source_required,unresolved_asset_required,unresolved_asset_required,blocked_missing_battle_parameters
985,digimon,gokuwmon,ゴクウモン,完全体,獣人型,ウィルス,,,,,,,,,,,,,,,,,unresolved_source_required,unresolved_asset_required,unresolved_asset_required,blocked_missing_battle_parameters
986,digimon,cerberumon,ケルベロモン,完全体,魔獣型,ワクチン,,,,,,,,,,,,,,,,,unresolved_source_required,unresolved_asset_required,unresolved_asset_required,blocked_missing_battle_parameters
987,digimon,kumbhiramon,クンビラモン,完全体,聖獣型,ワクチン,,,,,,,,,,,,,,,,,unresolved_source_required,unresolved_asset_required,unresolved_asset_required,blocked_missing_battle_parameters
988,digimon,crescemon,クレシェモン,完全体,魔人型,データ,,,,,,,,,,,,,,,,,unresolved_source_required,unresolved_asset_required,unresolved_asset_required,blocked_missing_battle_parameters
989,digimon,grademon,グレイドモン,完全体,戦士型,ワクチン,,,,,,,,,,,,,,,,,unresolved_source_required,unresolved_asset_required,unresolved_asset_required,blocked_missing_battle_parameters
990,digimon,grappuleomon,グラップレオモン,完全体,獣人型,ワクチン,,,,,,,,,,,,,,,,,unresolved_source_required,unresolved_asset_required,unresolved_asset_required,blocked_missing_battle_parameters
991,digimon,groundramon,グラウンドラモン,完全体,地竜型,ウィルス,,,,,,,,,,,,,,,,,unresolved_source_required,unresolved_asset_required,unresolved_asset_required,blocked_missing_battle_parameters
992,digimon,giromon,ギロモン,完全体,機雷型,ワクチン,,,,,,,,,,,,,,,,,unresolved_source_required,unresolved_asset_required,unresolved_asset_required,blocked_missing_battle_parameters
993,digimon,captainhookmon,キャプテンフックモン,完全体,海人型,ワクチン,,,,,,,,,,,,,,,,,unresolved_source_required,unresolved_asset_required,unresolved_asset_required,blocked_missing_battle_parameters
994,digimon,cannonbeemon,キャノンビーモン,完全体,サイボーグ型,ウィルス,,,,,,,,,,,,,,,,,unresolved_source_required,unresolved_asset_required,unresolved_asset_required,blocked_missing_battle_parameters
995,digimon,catchmamemon,キャッチマメモン,完全体,突然変異型,データ,,,,,,,,,,,,,,,,,unresolved_source_required,unresolved_asset_required,unresolved_asset_required,blocked_missing_battle_parameters
996,digimon,chimairamon,キメラモン,完全体,合成型,データ,,,,,,,,,,,,,,,,,unresolved_source_required,unresolved_asset_required,unresolved_asset_required,blocked_missing_battle_parameters
997,digimon,gigadramon,ギガドラモン,完全体,サイボーグ型,ウィルス,,,,,,,,,,,,,,,,,unresolved_source_required,unresolved_asset_required,unresolved_asset_required,blocked_missing_battle_parameters
998,digimon,garudamon,ガルダモン,完全体,鳥人型,ワクチン,,,,,,,,,,,,,,,,,unresolved_source_required,unresolved_asset_required,unresolved_asset_required,blocked_missing_battle_parameters
999,digimon,karatenmon,カラテンモン,完全体,魔人型,ウィルス,,,,,,,,,,,,,,,,,unresolved_source_required,unresolved_asset_required,unresolved_asset_required,blocked_missing_battle_parameters
1000,digimon,gerbemon,ガーベモン,完全体,突然変異型,ウィルス,,,,,,,,,,,,,,,,,unresolved_source_required,unresolved_asset_required,unresolved_asset_required,blocked_missing_battle_parameters
1001,digimon,orochimon,オロチモン,完全体,魔竜型,ウィルス,,,,,,,,,,,,,,,,,unresolved_source_required,unresolved_asset_required,unresolved_asset_required,blocked_missing_battle_parameters
1002,digimon,okuwamon,オオクワモン,完全体,昆虫型,ウィルス,,,,,,,,,,,,,,,,,unresolved_source_required,unresolved_asset_required,unresolved_asset_required,blocked_missing_battle_parameters
1003,digimon,angewomon,エンジェウーモン,完全体,大天使型,ワクチン,,,,,,,,,,,,,,,,,unresolved_source_required,unresolved_asset_required,unresolved_asset_required,blocked_missing_battle_parameters
1004,digimon,etemon,エテモン,完全体,パペット型,ウィルス,,,,,,,,,,,,,,,,,unresolved_source_required,unresolved_asset_required,unresolved_asset_required,blocked_missing_battle_parameters
1005,digimon,ex-tyranomon,エクスティラノモン,完全体,パペット型,ワクチン,,,,,,,,,,,,,,,,,unresolved_source_required,unresolved_asset_required,unresolved_asset_required,blocked_missing_battle_parameters
1006,digimon,earov-dramon,エアロブイドラモン,完全体,聖竜型,ワクチン,,,,,,,,,,,,,,,,,unresolved_source_required,unresolved_asset_required,unresolved_asset_required,blocked_missing_battle_parameters
1007,digimon,volcdoramon,ヴォルクドラモン,完全体,竜型,データ,,,,,,,,,,,,,,,,,unresolved_source_required,unresolved_asset_required,unresolved_asset_required,blocked_missing_battle_parameters
1008,digimon,wingdramon,ウイングドラモン,完全体,天竜型,ワクチン,,,,,,,,,,,,,,,,,unresolved_source_required,unresolved_asset_required,unresolved_asset_required,blocked_missing_battle_parameters
1009,digimon,vikaralamon,ヴィカラーラモン,完全体,聖獣型,ワクチン,,,,,,,,,,,,,,,,,unresolved_source_required,unresolved_asset_required,unresolved_asset_required,blocked_missing_battle_parameters
1010,digimon,vamdemon,ヴァンデモン,完全体,アンデッド型,ウィルス,,,,,,,,,,,,,,,,,unresolved_source_required,unresolved_asset_required,unresolved_asset_required,blocked_missing_battle_parameters
1011,digimon,vajramon,ヴァジラモン,完全体,聖獣型,ワクチン,,,,,,,,,,,,,,,,,unresolved_source_required,unresolved_asset_required,unresolved_asset_required,blocked_missing_battle_parameters
1012,digimon,infermon,インフェルモン,完全体,種族不明,不明,,,,,,,,,,,,,,,,,unresolved_source_required,unresolved_asset_required,unresolved_asset_required,blocked_missing_battle_parameters
1013,digimon,indaramon,インダラモン,完全体,聖獣型,ウィルス,,,,,,,,,,,,,,,,,unresolved_source_required,unresolved_asset_required,unresolved_asset_required,blocked_missing_battle_parameters
1014,digimon,insekimon,インセキモン,完全体,鉱石型,データ,,,,,,,,,,,,,,,,,unresolved_source_required,unresolved_asset_required,unresolved_asset_required,blocked_missing_battle_parameters
1015,digimon,andromon,アンドロモン,完全体,サイボーグ型,ワクチン,,,,,,,,,,,,,,,,,unresolved_source_required,unresolved_asset_required,unresolved_asset_required,blocked_missing_battle_parameters
1016,digimon,andiramon,アンティラモン（デーヴァ）,完全体,聖獣型,データ,,,,,,,,,,,,,,,,,unresolved_source_required,unresolved_asset_required,unresolved_asset_required,blocked_missing_battle_parameters
1017,digimon,algomon-ultimate,アルゴモン,完全体,突然変異型,ウィルス,,,,,,,,,,,,,,,,,unresolved_source_required,unresolved_asset_required,unresolved_asset_required,blocked_missing_battle_parameters
1018,digimon,archnemon,アルケニモン,完全体,魔獣型,ウィルス,,,,,,,,,,,,,,,,,unresolved_source_required,unresolved_asset_required,unresolved_asset_required,blocked_missing_battle_parameters
1019,digimon,anomalocarimon-x,アノマロカリモン（X抗体）,完全体,古代甲殻類型,データ,,,,,,,,,,,,,,,,,unresolved_source_required,unresolved_asset_required,unresolved_asset_required,blocked_missing_battle_parameters
1020,digimon,anomalocarimon,アノマロカリモン,完全体,古代甲殻類型,データ,,,,,,,,,,,,,,,,,unresolved_source_required,unresolved_asset_required,unresolved_asset_required,blocked_missing_battle_parameters
1021,digimon,atlurkabuterimon,アトラーカブテリモン（赤）,完全体,昆虫型,ワクチン,,,,,,,,,,,,,,,,,unresolved_source_required,unresolved_asset_required,unresolved_asset_required,blocked_missing_battle_parameters
1022,digimon,atlurkabuterimon-blue,アトラーカブテリモン（青）,完全体,昆虫型,データ,,,,,,,,,,,,,,,,,unresolved_source_required,unresolved_asset_required,unresolved_asset_required,blocked_missing_battle_parameters
1023,digimon,astamon,アスタモン,完全体,魔人型,ウィルス,,,,,,,,,,,,,,,,,unresolved_source_required,unresolved_asset_required,unresolved_asset_required,blocked_missing_battle_parameters
1024,digimon,asuramon,アシュラモン,完全体,魔人型,ワクチン,,,,,,,,,,,,,,,,,unresolved_source_required,unresolved_asset_required,unresolved_asset_required,blocked_missing_battle_parameters
1025,digimon,aegiochusmon:blue,アイギオテュースモン：ブルー,完全体,神人型,ワクチン,,,,,,,,,,,,,,,,,unresolved_source_required,unresolved_asset_required,unresolved_asset_required,blocked_missing_battle_parameters
1026,digimon,aegiochusmon:dark,アイギオテュースモン：ダーク,完全体,神人型,ワクチン,,,,,,,,,,,,,,,,,unresolved_source_required,unresolved_asset_required,unresolved_asset_required,blocked_missing_battle_parameters
1027,digimon,aegiochusmon:green,アイギオテュースモン：グリーン,完全体,神人型,ワクチン,,,,,,,,,,,,,,,,,unresolved_source_required,unresolved_asset_required,unresolved_asset_required,blocked_missing_battle_parameters
1028,digimon,aegiochusmon,アイギオテュースモン,完全体,神人型,ワクチン,,,,,,,,,,,,,,,,,unresolved_source_required,unresolved_asset_required,unresolved_asset_required,blocked_missing_battle_parameters
1029,digimon,waspmon,ワスプモン,成熟期,サイボーグ型,ウィルス,,,,,,,,,,,,,,,,,unresolved_source_required,unresolved_asset_required,unresolved_asset_required,blocked_missing_battle_parameters
1030,digimon,reppamon,レッパモン,成熟期,聖獣型,ワクチン,,,,,,,,,,,,,,,,,unresolved_source_required,unresolved_asset_required,unresolved_asset_required,blocked_missing_battle_parameters
1031,digimon,redvegimon,レッドベジーモン,成熟期,植物型,ウィルス,,,,,,,,,,,,,,,,,unresolved_source_required,unresolved_asset_required,unresolved_asset_required,blocked_missing_battle_parameters
1032,digimon,lekismon,レキスモン,成熟期,獣人型,データ,,,,,,,,,,,,,,,,,unresolved_source_required,unresolved_asset_required,unresolved_asset_required,blocked_missing_battle_parameters
1033,digimon,leomon,レオモン,成熟期,獣人型,ワクチン,,,,,,,,,,,,,,,,,unresolved_source_required,unresolved_asset_required,unresolved_asset_required,blocked_missing_battle_parameters
1034,digimon,raremon,レアモン,成熟期,アンデッド型,ウィルス,,,,,,,,,,,,,,,,,unresolved_source_required,unresolved_asset_required,unresolved_asset_required,blocked_missing_battle_parameters
1035,digimon,rukamon,ルカモン,成熟期,水棲哺乳類型,ワクチン,,,,,,,,,,,,,,,,,unresolved_source_required,unresolved_asset_required,unresolved_asset_required,blocked_missing_battle_parameters
1036,digimon,revolmon,リボルモン,成熟期,突然変異型,ワクチン,,,,,,,,,,,,,,,,,unresolved_source_required,unresolved_asset_required,unresolved_asset_required,blocked_missing_battle_parameters
1037,digimon,raptordramon,ラプタードラモン,成熟期,サイボーグ型,ワクチン,,,,,,,,,,,,,,,,,unresolved_source_required,unresolved_asset_required,unresolved_asset_required,blocked_missing_battle_parameters
1038,digimon,liamon,ライアモン,成熟期,聖獣型,ワクチン,,,,,,,,,,,,,,,,,unresolved_source_required,unresolved_asset_required,unresolved_asset_required,blocked_missing_battle_parameters
1039,digimon,youkomon,ヨウコモン,成熟期,妖獣型,データ,,,,,,,,,,,,,,,,,unresolved_source_required,unresolved_asset_required,unresolved_asset_required,blocked_missing_battle_parameters
1040,digimon,yunimon,ユニモン,成熟期,幻獣型,ワクチン,,,,,,,,,,,,,,,,,unresolved_source_required,unresolved_asset_required,unresolved_asset_required,blocked_missing_battle_parameters
1041,digimon,yukidarumon,ユキダルモン,成熟期,氷雪型,ワクチン,,,,,,,,,,,,,,,,,unresolved_source_required,unresolved_asset_required,unresolved_asset_required,blocked_missing_battle_parameters
1042,digimon,monochromon,モノクロモン,成熟期,鎧竜型,データ,,,,,,,,,,,,,,,,,unresolved_source_required,unresolved_asset_required,unresolved_asset_required,blocked_missing_battle_parameters
1043,digimon,mojyamon,モジャモン,成熟期,珍獣型,ワクチン,,,,,,,,,,,,,,,,,unresolved_source_required,unresolved_asset_required,unresolved_asset_required,blocked_missing_battle_parameters
1044,digimon,meramon,メラモン,成熟期,火炎型,データ,,,,,,,,,,,,,,,,,unresolved_source_required,unresolved_asset_required,unresolved_asset_required,blocked_missing_battle_parameters
1045,digimon,mechanorimon,メカノリモン,成熟期,マシーン型,ウィルス,,,,,,,,,,,,,,,,,unresolved_source_required,unresolved_asset_required,unresolved_asset_required,blocked_missing_battle_parameters
1046,digimon,musyamon,ムシャモン,成熟期,魔人型,ウィルス,,,,,,,,,,,,,,,,,unresolved_source_required,unresolved_asset_required,unresolved_asset_required,blocked_missing_battle_parameters
1047,digimon,minotaurmon,ミノタルモン,成熟期,獣人型,ウィルス,,,,,,,,,,,,,,,,,unresolved_source_required,unresolved_asset_required,unresolved_asset_required,blocked_missing_battle_parameters
1048,digimon,mikemon,ミケモン,成熟期,獣型,データ,,,,,,,,,,,,,,,,,unresolved_source_required,unresolved_asset_required,unresolved_asset_required,blocked_missing_battle_parameters
1049,digimon,porcupamon,ポキュパモン,成熟期,パペット型,ウィルス,,,,,,,,,,,,,,,,,unresolved_source_required,unresolved_asset_required,unresolved_asset_required,blocked_missing_battle_parameters
1050,digimon,peckmon,ペックモン,成熟期,鳥型,ワクチン,,,,,,,,,,,,,,,,,unresolved_source_required,unresolved_asset_required,unresolved_asset_required,blocked_missing_battle_parameters
1051,digimon,vegimon,ベジーモン,成熟期,食虫植物型,ウィルス,,,,,,,,,,,,,,,,,unresolved_source_required,unresolved_asset_required,unresolved_asset_required,blocked_missing_battle_parameters
1052,digimon,bladekuwagamon,ブレイドクワガーモン,成熟期,マシーン型,ウィルス,,,,,,,,,,,,,,,,,unresolved_source_required,unresolved_asset_required,unresolved_asset_required,blocked_missing_battle_parameters
1053,digimon,flarelizamon,フレアリザモン,成熟期,火炎竜型,データ,,,,,,,,,,,,,,,,,unresolved_source_required,unresolved_asset_required,unresolved_asset_required,blocked_missing_battle_parameters
1054,digimon,blimpmon,ブリンプモン,成熟期,マシーン型,データ,,,,,,,,,,,,,,,,,unresolved_source_required,unresolved_asset_required,unresolved_asset_required,blocked_missing_battle_parameters
1055,digimon,blacktailmon,ブラックテイルモン,成熟期,魔獣型,ウィルス,,,,,,,,,,,,,,,,,unresolved_source_required,unresolved_asset_required,unresolved_asset_required,blocked_missing_battle_parameters
1056,digimon,blackgrowmon,ブラックグラウモン,成熟期,魔竜型,ウィルス,,,,,,,,,,,,,,,,,unresolved_source_required,unresolved_asset_required,unresolved_asset_required,blocked_missing_battle_parameters
1057,digimon,platinasukamon,プラチナスカモン,成熟期,突然変異型,ウィルス,,,,,,,,,,,,,,,,,unresolved_source_required,unresolved_asset_required,unresolved_asset_required,blocked_missing_battle_parameters
1058,digimon,flymon,フライモン,成熟期,昆虫型,ウィルス,,,,,,,,,,,,,,,,,unresolved_source_required,unresolved_asset_required,unresolved_asset_required,blocked_missing_battle_parameters
1059,digimon,hookmon,フックモン,成熟期,突然変異型,ウィルス,,,,,,,,,,,,,,,,,unresolved_source_required,unresolved_asset_required,unresolved_asset_required,blocked_missing_battle_parameters
1060,digimon,boogiemon,ブギーモン,成熟期,魔人型,ウィルス,,,,,,,,,,,,,,,,,unresolved_source_required,unresolved_asset_required,unresolved_asset_required,blocked_missing_battle_parameters
1061,digimon,fugamon,フーガモン,成熟期,鬼人型,ウィルス,,,,,,,,,,,,,,,,,unresolved_source_required,unresolved_asset_required,unresolved_asset_required,blocked_missing_battle_parameters
1062,digimon,v-dramon,ブイドラモン,成熟期,幻竜型,ワクチン,,,,,,,,,,,,,,,,,unresolved_source_required,unresolved_asset_required,unresolved_asset_required,blocked_missing_battle_parameters
1063,digimon,fangmon,ファングモン,成熟期,魔獣型,データ,,,,,,,,,,,,,,,,,unresolved_source_required,unresolved_asset_required,unresolved_asset_required,blocked_missing_battle_parameters
1064,digimon,firamon,ファイラモン,成熟期,獣型,ワクチン,,,,,,,,,,,,,,,,,unresolved_source_required,unresolved_asset_required,unresolved_asset_required,blocked_missing_battle_parameters
1065,digimon,hyougamon,ヒョーガモン,成熟期,氷雪型,ウィルス,,,,,,,,,,,,,,,,,unresolved_source_required,unresolved_asset_required,unresolved_asset_required,blocked_missing_battle_parameters
1066,digimon,petermon,ピーターモン,成熟期,妖精型,データ,,,,,,,,,,,,,,,,,unresolved_source_required,unresolved_asset_required,unresolved_asset_required,blocked_missing_battle_parameters
1067,digimon,hanumon,ハヌモン,成熟期,獣人型,ワクチン,,,,,,,,,,,,,,,,,unresolved_source_required,unresolved_asset_required,unresolved_asset_required,blocked_missing_battle_parameters
1068,digimon,bakemon,バケモン,成熟期,ゴースト型,ウィルス,,,,,,,,,,,,,,,,,unresolved_source_required,unresolved_asset_required,unresolved_asset_required,blocked_missing_battle_parameters
1069,digimon,baohuckmon,バオハックモン,成熟期,恐竜型,データ,,,,,,,,,,,,,,,,,unresolved_source_required,unresolved_asset_required,unresolved_asset_required,blocked_missing_battle_parameters
1070,digimon,birdramon,バードラモン,成熟期,巨鳥型,ワクチン,,,,,,,,,,,,,,,,,unresolved_source_required,unresolved_asset_required,unresolved_asset_required,blocked_missing_battle_parameters
1071,digimon,numemon,ヌメモン,成熟期,軟体型,ウィルス,,,,,,,,,,,,,,,,,unresolved_source_required,unresolved_asset_required,unresolved_asset_required,blocked_missing_battle_parameters
1072,digimon,nisedrimogemon,ニセドリモゲモン,成熟期,獣型,データ,,,,,,,,,,,,,,,,,unresolved_source_required,unresolved_asset_required,unresolved_asset_required,blocked_missing_battle_parameters
1073,digimon,nanimon,ナニモン,成熟期,インベイド型,ウィルス,,,,,,,,,,,,,,,,,unresolved_source_required,unresolved_asset_required,unresolved_asset_required,blocked_missing_battle_parameters
1074,digimon,knightchessmon,ナイトチェスモン（白）,成熟期,パペット型,ウィルス,,,,,,,,,,,,,,,,,unresolved_source_required,unresolved_asset_required,unresolved_asset_required,blocked_missing_battle_parameters
1075,digimon,knightchessmon_black,ナイトチェスモン（黒）,成熟期,パペット型,ウィルス,,,,,,,,,,,,,,,,,unresolved_source_required,unresolved_asset_required,unresolved_asset_required,blocked_missing_battle_parameters
1076,digimon,dorugamon,ドルガモン,成熟期,獣竜型,データ,,,,,,,,,,,,,,,,,unresolved_source_required,unresolved_asset_required,unresolved_asset_required,blocked_missing_battle_parameters
1077,digimon,drimogemon,ドリモゲモン,成熟期,獣型,データ,,,,,,,,,,,,,,,,,unresolved_source_required,unresolved_asset_required,unresolved_asset_required,blocked_missing_battle_parameters
1078,digimon,tobucatmon,トブキャットモン,成熟期,パペット型,データ,,,,,,,,,,,,,,,,,unresolved_source_required,unresolved_asset_required,unresolved_asset_required,blocked_missing_battle_parameters
1079,digimon,dogmon,ドッグモン,成熟期,パペット型,データ,,,,,,,,,,,,,,,,,unresolved_source_required,unresolved_asset_required,unresolved_asset_required,blocked_missing_battle_parameters
1080,digimon,togemon,トゲモン,成熟期,植物型,データ,,,,,,,,,,,,,,,,,unresolved_source_required,unresolved_asset_required,unresolved_asset_required,blocked_missing_battle_parameters
1081,digimon,dokugumon,ドクグモン,成熟期,昆虫型,ウィルス,,,,,,,,,,,,,,,,,unresolved_source_required,unresolved_asset_required,unresolved_asset_required,blocked_missing_battle_parameters
1082,digimon,dobermon,ドーベルモン,成熟期,魔獣型,ワクチン,,,,,,,,,,,,,,,,,unresolved_source_required,unresolved_asset_required,unresolved_asset_required,blocked_missing_battle_parameters
1083,digimon,tortamon,トータモン,成熟期,爬虫類型,ワクチン,,,,,,,,,,,,,,,,,unresolved_source_required,unresolved_asset_required,unresolved_asset_required,blocked_missing_battle_parameters
1084,digimon,turuiemon,トゥルイエモン,成熟期,獣人型,データ,,,,,,,,,,,,,,,,,unresolved_source_required,unresolved_asset_required,unresolved_asset_required,blocked_missing_battle_parameters
1085,digimon,deltamon,デルタモン,成熟期,合成型,ウィルス,,,,,,,,,,,,,,,,,unresolved_source_required,unresolved_asset_required,unresolved_asset_required,blocked_missing_battle_parameters
1086,digimon,devimon,デビモン,成熟期,堕天使型,ウィルス,,,,,,,,,,,,,,,,,unresolved_source_required,unresolved_asset_required,unresolved_asset_required,blocked_missing_battle_parameters
1087,digimon,devidramon,デビドラモン,成熟期,邪竜型,ウィルス,,,,,,,,,,,,,,,,,unresolved_source_required,unresolved_asset_required,unresolved_asset_required,blocked_missing_battle_parameters
1088,digimon,death-x-dorugamon,デクスドルガモン,成熟期,アンデッド型,ウィルス,,,,,,,,,,,,,,,,,unresolved_source_required,unresolved_asset_required,unresolved_asset_required,blocked_missing_battle_parameters
1089,digimon,tailmon,テイルモン,成熟期,聖獣型,ワクチン,,,,,,,,,,,,,,,,,unresolved_source_required,unresolved_asset_required,unresolved_asset_required,blocked_missing_battle_parameters
1090,digimon,tyranomon,ティラノモン,成熟期,恐竜型,データ,,,,,,,,,,,,,,,,,unresolved_source_required,unresolved_asset_required,unresolved_asset_required,blocked_missing_battle_parameters
1091,digimon,diatrymon,ディアトリモン,成熟期,古代鳥型,ワクチン,,,,,,,,,,,,,,,,,unresolved_source_required,unresolved_asset_required,unresolved_asset_required,blocked_missing_battle_parameters
1092,digimon,tuchidarumon,ツチダルモン,成熟期,突然変異型,データ,,,,,,,,,,,,,,,,,unresolved_source_required,unresolved_asset_required,unresolved_asset_required,blocked_missing_battle_parameters
1093,digimon,tankmon,タンクモン,成熟期,サイボーグ型,データ,,,,,,,,,,,,,,,,,unresolved_source_required,unresolved_asset_required,unresolved_asset_required,blocked_missing_battle_parameters
1094,digimon,darcmon,ダルクモン,成熟期,天使型,ワクチン,,,,,,,,,,,,,,,,,unresolved_source_required,unresolved_asset_required,unresolved_asset_required,blocked_missing_battle_parameters
1095,digimon,tuskmon,タスクモン,成熟期,恐竜型,ウィルス,,,,,,,,,,,,,,,,,unresolved_source_required,unresolved_asset_required,unresolved_asset_required,blocked_missing_battle_parameters
1096,digimon,targetmon,ターゲットモン,成熟期,パペット型,ウィルス,,,,,,,,,,,,,,,,,unresolved_source_required,unresolved_asset_required,unresolved_asset_required,blocked_missing_battle_parameters
1097,digimon,darklizamon,ダークリザモン,成熟期,邪竜型,ウィルス,,,,,,,,,,,,,,,,,unresolved_source_required,unresolved_asset_required,unresolved_asset_required,blocked_missing_battle_parameters
1098,digimon,darktyranomon,ダークティラノモン,成熟期,恐竜型,ウィルス,,,,,,,,,,,,,,,,,unresolved_source_required,unresolved_asset_required,unresolved_asset_required,blocked_missing_battle_parameters
1099,digimon,sorcerimon,ソーサリモン,成熟期,魔人型,ワクチン,,,,,,,,,,,,,,,,,unresolved_source_required,unresolved_asset_required,unresolved_asset_required,blocked_missing_battle_parameters
1100,digimon,soulmon,ソウルモン,成熟期,ゴースト型,ウィルス,,,,,,,,,,,,,,,,,unresolved_source_required,unresolved_asset_required,unresolved_asset_required,blocked_missing_battle_parameters
1101,digimon,saberdramon,セーバードラモン,成熟期,巨鳥型,ワクチン,,,,,,,,,,,,,,,,,unresolved_source_required,unresolved_asset_required,unresolved_asset_required,blocked_missing_battle_parameters
1102,digimon,zubaeagermon,ズバイガーモン,成熟期,武器型,ワクチン,,,,,,,,,,,,,,,,,unresolved_source_required,unresolved_asset_required,unresolved_asset_required,blocked_missing_battle_parameters
1103,digimon,snimon,スナイモン,成熟期,昆虫型,ワクチン,,,,,,,,,,,,,,,,,unresolved_source_required,unresolved_asset_required,unresolved_asset_required,blocked_missing_battle_parameters
1104,digimon,strikedramon,ストライクドラモン,成熟期,竜人型,ワクチン,,,,,,,,,,,,,,,,,unresolved_source_required,unresolved_asset_required,unresolved_asset_required,blocked_missing_battle_parameters
1105,digimon,stingmon,スティングモン,成熟期,昆虫型,フリー,,,,,,,,,,,,,,,,,unresolved_source_required,unresolved_asset_required,unresolved_asset_required,blocked_missing_battle_parameters
1106,digimon,starmon,スターモン,成熟期,突然変異型,データ,,,,,,,,,,,,,,,,,unresolved_source_required,unresolved_asset_required,unresolved_asset_required,blocked_missing_battle_parameters
1107,digimon,scumon,スカモン,成熟期,ミュータント型,ウィルス,,,,,,,,,,,,,,,,,unresolved_source_required,unresolved_asset_required,unresolved_asset_required,blocked_missing_battle_parameters
1108,digimon,junglemojamon,ジャングルモジャモン,成熟期,珍獣型,データ,,,,,,,,,,,,,,,,,unresolved_source_required,unresolved_asset_required,unresolved_asset_required,blocked_missing_battle_parameters
1109,digimon,shimaunimon,シマユニモン,成熟期,幻獣型,ワクチン,,,,,,,,,,,,,,,,,unresolved_source_required,unresolved_asset_required,unresolved_asset_required,blocked_missing_battle_parameters
1110,digimon,sistermonnoir,シスタモン ノワール,成熟期,パペット型,ウィルス,,,,,,,,,,,,,,,,,unresolved_source_required,unresolved_asset_required,unresolved_asset_required,blocked_missing_battle_parameters
1111,digimon,geogreymon,ジオグレイモン,成熟期,恐竜型,ワクチン,,,,,,,,,,,,,,,,,unresolved_source_required,unresolved_asset_required,unresolved_asset_required,blocked_missing_battle_parameters
1112,digimon,shellmon,シェルモン,成熟期,軟体型,データ,,,,,,,,,,,,,,,,,unresolved_source_required,unresolved_asset_required,unresolved_asset_required,blocked_missing_battle_parameters
1113,digimon,shademon,シェイドモン,成熟期,種族不明,ウィルス,,,,,,,,,,,,,,,,,unresolved_source_required,unresolved_asset_required,unresolved_asset_required,blocked_missing_battle_parameters
1114,digimon,sealsdramon,シールズドラモン,成熟期,サイボーグ型,ウィルス,,,,,,,,,,,,,,,,,unresolved_source_required,unresolved_asset_required,unresolved_asset_required,blocked_missing_battle_parameters
1115,digimon,coelamon,シーラモン,成熟期,古代魚型,データ,,,,,,,,,,,,,,,,,unresolved_source_required,unresolved_asset_required,unresolved_asset_required,blocked_missing_battle_parameters
1116,digimon,seadramon,シードラモン,成熟期,水棲型,データ,,,,,,,,,,,,,,,,,unresolved_source_required,unresolved_asset_required,unresolved_asset_required,blocked_missing_battle_parameters
1117,digimon,siesamon,シーサモン,成熟期,聖獣型,ワクチン,,,,,,,,,,,,,,,,,unresolved_source_required,unresolved_asset_required,unresolved_asset_required,blocked_missing_battle_parameters
1118,digimon,sunflowmon,サンフラウモン,成熟期,植物型,データ,,,,,,,,,,,,,,,,,unresolved_source_required,unresolved_asset_required,unresolved_asset_required,blocked_missing_battle_parameters
1119,digimon,thunderballmon,サンダーボールモン,成熟期,突然変異型,データ,,,,,,,,,,,,,,,,,unresolved_source_required,unresolved_asset_required,unresolved_asset_required,blocked_missing_battle_parameters
1120,digimon,sangloupmon,サングルゥモン,成熟期,魔獣型,ウィルス,,,,,,,,,,,,,,,,,unresolved_source_required,unresolved_asset_required,unresolved_asset_required,blocked_missing_battle_parameters
1121,digimon,zassoumon,ザッソーモン,成熟期,植物型,ウィルス,,,,,,,,,,,,,,,,,unresolved_source_required,unresolved_asset_required,unresolved_asset_required,blocked_missing_battle_parameters
1122,digimon,cyclomon,サイクロモン,成熟期,竜人型,ウィルス,,,,,,,,,,,,,,,,,unresolved_source_required,unresolved_asset_required,unresolved_asset_required,blocked_missing_battle_parameters
1123,digimon,gorimon,ゴリモン,成熟期,獣人型,データ,,,,,,,,,,,,,,,,,unresolved_source_required,unresolved_asset_required,unresolved_asset_required,blocked_missing_battle_parameters
1124,digimon,gokimon,ゴキモン,成熟期,昆虫型,ウィルス,,,,,,,,,,,,,,,,,unresolved_source_required,unresolved_asset_required,unresolved_asset_required,blocked_missing_battle_parameters
1125,digimon,golemon,ゴーレモン,成熟期,鉱物型,ウィルス,,,,,,,,,,,,,,,,,unresolved_source_required,unresolved_asset_required,unresolved_asset_required,blocked_missing_battle_parameters
1126,digimon,cockatrimon,コカトリモン,成熟期,巨鳥型,データ,,,,,,,,,,,,,,,,,unresolved_source_required,unresolved_asset_required,unresolved_asset_required,blocked_missing_battle_parameters
1127,digimon,kougamon,コウガモン,成熟期,突然変異型,データ,,,,,,,,,,,,,,,,,unresolved_source_required,unresolved_asset_required,unresolved_asset_required,blocked_missing_battle_parameters
1128,digimon,coredramon_g,コアドラモン（緑）,成熟期,竜型,ウィルス,,,,,,,,,,,,,,,,,unresolved_source_required,unresolved_asset_required,unresolved_asset_required,blocked_missing_battle_parameters
1129,digimon,coredramon_b,コアドラモン（青）,成熟期,竜型,ワクチン,,,,,,,,,,,,,,,,,unresolved_source_required,unresolved_asset_required,unresolved_asset_required,blocked_missing_battle_parameters
1130,digimon,centalmon,ケンタルモン,成熟期,獣人型,データ,,,,,,,,,,,,,,,,,unresolved_source_required,unresolved_asset_required,unresolved_asset_required,blocked_missing_battle_parameters
1131,digimon,geremon,ゲレモン,成熟期,軟体型,ウィルス,,,,,,,,,,,,,,,,,unresolved_source_required,unresolved_asset_required,unresolved_asset_required,blocked_missing_battle_parameters
1132,digimon,gesomon,ゲソモン,成熟期,軟体型,ウィルス,,,,,,,,,,,,,,,,,unresolved_source_required,unresolved_asset_required,unresolved_asset_required,blocked_missing_battle_parameters
1133,digimon,kuwagamon,クワガーモン,成熟期,昆虫型,ウィルス,,,,,,,,,,,,,,,,,unresolved_source_required,unresolved_asset_required,unresolved_asset_required,blocked_missing_battle_parameters
1134,digimon,clockmon,クロックモン,成熟期,マシーン型,データ,,,,,,,,,,,,,,,,,unresolved_source_required,unresolved_asset_required,unresolved_asset_required,blocked_missing_battle_parameters
1135,digimon,greymon-first,グレイモン,成熟期,恐竜型,ワクチン,,,,,,,,,,,,,,,,,unresolved_source_required,unresolved_asset_required,unresolved_asset_required,blocked_missing_battle_parameters
1136,digimon,gururumon,グルルモン,成熟期,獣型,ワクチン,,,,,,,,,,,,,,,,,unresolved_source_required,unresolved_asset_required,unresolved_asset_required,blocked_missing_battle_parameters
1137,digimon,gryzmon,グリズモン,成熟期,獣型,ワクチン,,,,,,,,,,,,,,,,,unresolved_source_required,unresolved_asset_required,unresolved_asset_required,blocked_missing_battle_parameters
1138,digimon,chrysalimon,クリサリモン,成熟期,種族不明,不明,,,,,,,,,,,,,,,,,unresolved_source_required,unresolved_asset_required,unresolved_asset_required,blocked_missing_battle_parameters
1139,digimon,growmon,グラウモン,成熟期,魔竜型,ウィルス,,,,,,,,,,,,,,,,,unresolved_source_required,unresolved_asset_required,unresolved_asset_required,blocked_missing_battle_parameters
1140,digimon,ginryumon,ギンリュウモン,成熟期,獣竜型,ワクチン,,,,,,,,,,,,,,,,,unresolved_source_required,unresolved_asset_required,unresolved_asset_required,blocked_missing_battle_parameters
1141,digimon,ginkakumon,ギンカクモン,成熟期,鬼人型,ウィルス,,,,,,,,,,,,,,,,,unresolved_source_required,unresolved_asset_required,unresolved_asset_required,blocked_missing_battle_parameters
1142,digimon,kinkakumon,キンカクモン,成熟期,鬼人型,ウィルス,,,,,,,,,,,,,,,,,unresolved_source_required,unresolved_asset_required,unresolved_asset_required,blocked_missing_battle_parameters
1143,digimon,kyubimon,キュウビモン,成熟期,妖獣型,データ,,,,,,,,,,,,,,,,,unresolved_source_required,unresolved_asset_required,unresolved_asset_required,blocked_missing_battle_parameters
1144,digimon,kiwimon,キウイモン,成熟期,古代鳥型,データ,,,,,,,,,,,,,,,,,unresolved_source_required,unresolved_asset_required,unresolved_asset_required,blocked_missing_battle_parameters
1145,digimon,gawappamon,ガワッパモン,成熟期,サイボーグ型,データ,,,,,,,,,,,,,,,,,unresolved_source_required,unresolved_asset_required,unresolved_asset_required,blocked_missing_battle_parameters
1146,digimon,garurumon,ガルルモン,成熟期,獣型,ワクチン,,,,,,,,,,,,,,,,,unresolved_source_required,unresolved_asset_required,unresolved_asset_required,blocked_missing_battle_parameters
1147,digimon,galgomon,ガルゴモン,成熟期,獣人型,ワクチン,,,,,,,,,,,,,,,,,unresolved_source_required,unresolved_asset_required,unresolved_asset_required,blocked_missing_battle_parameters
1148,digimon,karatukinumemon,カラツキヌメモン,成熟期,甲殻類型,ウィルス,,,,,,,,,,,,,,,,,unresolved_source_required,unresolved_asset_required,unresolved_asset_required,blocked_missing_battle_parameters
1149,digimon,kabuterimon,カブテリモン,成熟期,昆虫型,ワクチン,,,,,,,,,,,,,,,,,unresolved_source_required,unresolved_asset_required,unresolved_asset_required,blocked_missing_battle_parameters
1150,digimon,guardromon,ガードロモン,成熟期,マシーン型,ウィルス,,,,,,,,,,,,,,,,,unresolved_source_required,unresolved_asset_required,unresolved_asset_required,blocked_missing_battle_parameters
1151,digimon,gaogamon,ガオガモン,成熟期,獣型,データ,,,,,,,,,,,,,,,,,unresolved_source_required,unresolved_asset_required,unresolved_asset_required,blocked_missing_battle_parameters
1152,digimon,omekamon,オメカモン,成熟期,パペット型,データ,,,,,,,,,,,,,,,,,unresolved_source_required,unresolved_asset_required,unresolved_asset_required,blocked_missing_battle_parameters
1153,digimon,octmon,オクタモン,成熟期,軟体型,ウィルス,,,,,,,,,,,,,,,,,unresolved_source_required,unresolved_asset_required,unresolved_asset_required,blocked_missing_battle_parameters
1154,digimon,orgemon,オーガモン,成熟期,鬼人型,ウィルス,,,,,,,,,,,,,,,,,unresolved_source_required,unresolved_asset_required,unresolved_asset_required,blocked_missing_battle_parameters
1155,digimon,angemon,エンジェモン,成熟期,天使型,ワクチン,,,,,,,,,,,,,,,,,unresolved_source_required,unresolved_asset_required,unresolved_asset_required,blocked_missing_battle_parameters
1156,digimon,ebidramon,エビドラモン,成熟期,水棲型,データ,,,,,,,,,,,,,,,,,unresolved_source_required,unresolved_asset_required,unresolved_asset_required,blocked_missing_battle_parameters
1157,digimon,xv-mon,エクスブイモン,成熟期,幻竜型,フリー,,,,,,,,,,,,,,,,,unresolved_source_required,unresolved_asset_required,unresolved_asset_required,blocked_missing_battle_parameters
1158,digimon,airdramon,エアドラモン,成熟期,幻獣型,ワクチン,,,,,,,,,,,,,,,,,unresolved_source_required,unresolved_asset_required,unresolved_asset_required,blocked_missing_battle_parameters
1159,digimon,woodmon,ウッドモン,成熟期,植物型,ウィルス,,,,,,,,,,,,,,,,,unresolved_source_required,unresolved_asset_required,unresolved_asset_required,blocked_missing_battle_parameters
1160,digimon,wendimon,ウェンディモン,成熟期,獣人型,ウィルス,,,,,,,,,,,,,,,,,unresolved_source_required,unresolved_asset_required,unresolved_asset_required,blocked_missing_battle_parameters
1161,digimon,witchmon,ウィッチモン,成熟期,魔人型,データ,,,,,,,,,,,,,,,,,unresolved_source_required,unresolved_asset_required,unresolved_asset_required,blocked_missing_battle_parameters
1162,digimon,wizarmon,ウィザーモン,成熟期,魔人型,データ,,,,,,,,,,,,,,,,,unresolved_source_required,unresolved_asset_required,unresolved_asset_required,blocked_missing_battle_parameters
1163,digimon,evilmon,イビルモン,成熟期,小悪魔型,ウィルス,,,,,,,,,,,,,,,,,unresolved_source_required,unresolved_asset_required,unresolved_asset_required,blocked_missing_battle_parameters
1164,digimon,ikkakumon,イッカクモン,成熟期,海獣型,ワクチン,,,,,,,,,,,,,,,,,unresolved_source_required,unresolved_asset_required,unresolved_asset_required,blocked_missing_battle_parameters
1165,digimon,igamon,イガモン,成熟期,突然変異,データ,,,,,,,,,,,,,,,,,unresolved_source_required,unresolved_asset_required,unresolved_asset_required,blocked_missing_battle_parameters
1166,digimon,ankylomon,アンキロモン,成熟期,鎧竜型,フリー,,,,,,,,,,,,,,,,,unresolved_source_required,unresolved_asset_required,unresolved_asset_required,blocked_missing_battle_parameters
1167,digimon,aquilamon,アクィラモン,成熟期,巨鳥型,フリー,,,,,,,,,,,,,,,,,unresolved_source_required,unresolved_asset_required,unresolved_asset_required,blocked_missing_battle_parameters
1168,digimon,akatorimon,アカトリモン,成熟期,巨鳥型,データ,,,,,,,,,,,,,,,,,unresolved_source_required,unresolved_asset_required,unresolved_asset_required,blocked_missing_battle_parameters
1169,digimon,icemon,アイスモン,成熟期,氷雪型,データ,,,,,,,,,,,,,,,,,unresolved_source_required,unresolved_asset_required,unresolved_asset_required,blocked_missing_battle_parameters
1170,digimon,aegiomon,アイギオモン,成熟期,神人型,ワクチン,,,,,,,,,,,,,,,,,unresolved_source_required,unresolved_asset_required,unresolved_asset_required,blocked_missing_battle_parameters
1171,digimon,wormmon,ワームモン,成長期,幼虫型,フリー,,,,,,,,,,,,,,,,,unresolved_source_required,unresolved_asset_required,unresolved_asset_required,blocked_missing_battle_parameters
1172,digimon,lopmon,ロップモン,成長期,獣型,データ,,,,,,,,,,,,,,,,,unresolved_source_required,unresolved_asset_required,unresolved_asset_required,blocked_missing_battle_parameters
1173,digimon,renamon,レナモン,成長期,獣人型,データ,,,,,,,,,,,,,,,,,unresolved_source_required,unresolved_asset_required,unresolved_asset_required,blocked_missing_battle_parameters
1174,digimon,liollmon,レオルモン,成長期,聖獣型,ワクチン,,,,,,,,,,,,,,,,,unresolved_source_required,unresolved_asset_required,unresolved_asset_required,blocked_missing_battle_parameters
1175,digimon,lunamon,ルナモン,成長期,哺乳類型,データ,,,,,,,,,,,,,,,,,unresolved_source_required,unresolved_asset_required,unresolved_asset_required,blocked_missing_battle_parameters
1176,digimon,lucemon,ルーチェモン,成長期,天使型,ワクチン,,,,,,,,,,,,,,,,,unresolved_source_required,unresolved_asset_required,unresolved_asset_required,blocked_missing_battle_parameters
1177,digimon,ryudamon,リュウダモン,成長期,獣型,ワクチン,,,,,,,,,,,,,,,,,unresolved_source_required,unresolved_asset_required,unresolved_asset_required,blocked_missing_battle_parameters
1178,digimon,lalamon,ララモン,成長期,植物型,データ,,,,,,,,,,,,,,,,,unresolved_source_required,unresolved_asset_required,unresolved_asset_required,blocked_missing_battle_parameters
1179,digimon,labramon,ラブラモン,成長期,獣型,ワクチン,,,,,,,,,,,,,,,,,unresolved_source_required,unresolved_asset_required,unresolved_asset_required,blocked_missing_battle_parameters
1180,digimon,yukiagumon,ユキアグモン,成長期,恐竜型,ワクチン,,,,,,,,,,,,,,,,,unresolved_source_required,unresolved_asset_required,unresolved_asset_required,blocked_missing_battle_parameters
1181,digimon,monodramon,モノドラモン,成長期,小竜型,ワクチン,,,,,,,,,,,,,,,,,unresolved_source_required,unresolved_asset_required,unresolved_asset_required,blocked_missing_battle_parameters
1182,digimon,muchomon,ムーチョモン,成長期,鳥型,データ,,,,,,,,,,,,,,,,,unresolved_source_required,unresolved_asset_required,unresolved_asset_required,blocked_missing_battle_parameters
1183,digimon,mushmon,マッシュモン,成長期,植物型,ウィルス,,,,,,,,,,,,,,,,,unresolved_source_required,unresolved_asset_required,unresolved_asset_required,blocked_missing_battle_parameters
1184,digimon,bokomon,ボコモン,成長期,突然変異型,ワクチン,,,,,,,,,,,,,,,,,unresolved_source_required,unresolved_asset_required,unresolved_asset_required,blocked_missing_battle_parameters
1185,digimon,paunchessmon-white,ポーンチェスモン（白）,成長期,パペット型,ウィルス,,,,,,,,,,,,,,,,,unresolved_source_required,unresolved_asset_required,unresolved_asset_required,blocked_missing_battle_parameters
1186,digimon,paunchessmon,ポーンチェスモン（黒）,成長期,パペット型,ウィルス,,,,,,,,,,,,,,,,,unresolved_source_required,unresolved_asset_required,unresolved_asset_required,blocked_missing_battle_parameters
1187,digimon,hawkmon,ホークモン,成長期,鳥型,フリー,,,,,,,,,,,,,,,,,unresolved_source_required,unresolved_asset_required,unresolved_asset_required,blocked_missing_battle_parameters
1188,digimon,penmon,ペンモン,成長期,鳥型,ワクチン,,,,,,,,,,,,,,,,,unresolved_source_required,unresolved_asset_required,unresolved_asset_required,blocked_missing_battle_parameters
1189,digimon,betamon,ベタモン,成長期,両生類型,ウィルス,,,,,,,,,,,,,,,,,unresolved_source_required,unresolved_asset_required,unresolved_asset_required,blocked_missing_battle_parameters
1190,digimon,bearmon,ベアモン,成長期,獣型,ワクチン,,,,,,,,,,,,,,,,,unresolved_source_required,unresolved_asset_required,unresolved_asset_required,blocked_missing_battle_parameters
1191,digimon,plotmon,プロットモン,成長期,哺乳類型,ワクチン,,,,,,,,,,,,,,,,,unresolved_source_required,unresolved_asset_required,unresolved_asset_required,blocked_missing_battle_parameters
1192,digimon,floramon,フローラモン,成長期,植物型,データ,,,,,,,,,,,,,,,,,unresolved_source_required,unresolved_asset_required,unresolved_asset_required,blocked_missing_battle_parameters
1193,digimon,v-mon,ブイモン,成長期,小竜型,フリー,,,,,,,,,,,,,,,,,unresolved_source_required,unresolved_asset_required,unresolved_asset_required,blocked_missing_battle_parameters
1194,digimon,funbeemon,ファンビーモン,成長期,昆虫型,ウィルス,,,,,,,,,,,,,,,,,unresolved_source_required,unresolved_asset_required,unresolved_asset_required,blocked_missing_battle_parameters
1195,digimon,falcomon,ファルコモン,成長期,鳥型,ワクチン,,,,,,,,,,,,,,,,,unresolved_source_required,unresolved_asset_required,unresolved_asset_required,blocked_missing_battle_parameters
1196,digimon,phascomon,ファスコモン,成長期,魔獣型,ウィルス,,,,,,,,,,,,,,,,,unresolved_source_required,unresolved_asset_required,unresolved_asset_required,blocked_missing_battle_parameters
1197,digimon,piyomon,ピヨモン,成長期,ヒナ鳥型,ワクチン,,,,,,,,,,,,,,,,,unresolved_source_required,unresolved_asset_required,unresolved_asset_required,blocked_missing_battle_parameters
1198,digimon,picodevimon,ピコデビモン,成長期,小悪魔型,ウィルス,,,,,,,,,,,,,,,,,unresolved_source_required,unresolved_asset_required,unresolved_asset_required,blocked_missing_battle_parameters
1199,digimon,palmon,パルモン,成長期,植物型,データ,,,,,,,,,,,,,,,,,unresolved_source_required,unresolved_asset_required,unresolved_asset_required,blocked_missing_battle_parameters
1200,digimon,huckmon,ハックモン,成長期,小竜型,データ,,,,,,,,,,,,,,,,,unresolved_source_required,unresolved_asset_required,unresolved_asset_required,blocked_missing_battle_parameters
1201,digimon,patamon,パタモン,成長期,哺乳類型,データ,,,,,,,,,,,,,,,,,unresolved_source_required,unresolved_asset_required,unresolved_asset_required,blocked_missing_battle_parameters
1202,digimon,hagurumon,ハグルモン,成長期,マシーン型,ウィルス,,,,,,,,,,,,,,,,,unresolved_source_required,unresolved_asset_required,unresolved_asset_required,blocked_missing_battle_parameters
1203,digimon,bakumon,バクモン,成長期,聖獣型,ワクチン,,,,,,,,,,,,,,,,,unresolved_source_required,unresolved_asset_required,unresolved_asset_required,blocked_missing_battle_parameters
1204,digimon,neamon,ネーモン,成長期,獣型,データ,,,,,,,,,,,,,,,,,unresolved_source_required,unresolved_asset_required,unresolved_asset_required,blocked_missing_battle_parameters
1205,digimon,niseagumonhakase,ニセアグモン博士,成長期,恐竜型,ウィルス,,,,,,,,,,,,,,,,,unresolved_source_required,unresolved_asset_required,unresolved_asset_required,blocked_missing_battle_parameters
1206,digimon,dorumon,ドルモン,成長期,獣型,データ,,,,,,,,,,,,,,,,,unresolved_source_required,unresolved_asset_required,unresolved_asset_required,blocked_missing_battle_parameters
1207,digimon,dracomon,ドラコモン,成長期,竜型,データ,,,,,,,,,,,,,,,,,unresolved_source_required,unresolved_asset_required,unresolved_asset_required,blocked_missing_battle_parameters
1208,digimon,dracumon,ドラクモン,成長期,アンデッド型,ウィルス,,,,,,,,,,,,,,,,,unresolved_source_required,unresolved_asset_required,unresolved_asset_required,blocked_missing_battle_parameters
1209,digimon,toyagumon,トイアグモン,成長期,パペット型,ワクチン,,,,,,,,,,,,,,,,,unresolved_source_required,unresolved_asset_required,unresolved_asset_required,blocked_missing_battle_parameters
1210,digimon,tentomon,テントモン,成長期,昆虫型,ワクチン,,,,,,,,,,,,,,,,,unresolved_source_required,unresolved_asset_required,unresolved_asset_required,blocked_missing_battle_parameters
1211,digimon,terriermon,テリアモン,成長期,獣型,ワクチン,,,,,,,,,,,,,,,,,unresolved_source_required,unresolved_asset_required,unresolved_asset_required,blocked_missing_battle_parameters
1212,digimon,tinkermon,ティンカーモン,成長期,妖精型,ウィルス,,,,,,,,,,,,,,,,,unresolved_source_required,unresolved_asset_required,unresolved_asset_required,blocked_missing_battle_parameters
1213,digimon,tukaimon,ツカイモン,成長期,哺乳類型,ウィルス,,,,,,,,,,,,,,,,,unresolved_source_required,unresolved_asset_required,unresolved_asset_required,blocked_missing_battle_parameters
1214,digimon,tyumon,チューモン,成長期,獣型,ウィルス,,,,,,,,,,,,,,,,,unresolved_source_required,unresolved_asset_required,unresolved_asset_required,blocked_missing_battle_parameters
1215,digimon,solarmon,ソーラーモン,成長期,マシーン型,ワクチン,,,,,,,,,,,,,,,,,unresolved_source_required,unresolved_asset_required,unresolved_asset_required,blocked_missing_battle_parameters
1216,digimon,zubamon,ズバモン,成長期,武器型,ワクチン,,,,,,,,,,,,,,,,,unresolved_source_required,unresolved_asset_required,unresolved_asset_required,blocked_missing_battle_parameters
1217,digimon,snowgoburimon,スノーゴブリモン,成長期,鬼人型,ウィルス,,,,,,,,,,,,,,,,,unresolved_source_required,unresolved_asset_required,unresolved_asset_required,blocked_missing_battle_parameters
1218,digimon,swimmon,スイムモン,成長期,熱帯魚型,ワクチン,,,,,,,,,,,,,,,,,unresolved_source_required,unresolved_asset_required,unresolved_asset_required,blocked_missing_battle_parameters
1219,digimon,shakomon,シャコモン,成長期,甲殻類型,ウィルス,,,,,,,,,,,,,,,,,unresolved_source_required,unresolved_asset_required,unresolved_asset_required,blocked_missing_battle_parameters
1220,digimon,shamamon,シャーマモン,成長期,鬼人型,ウィルス,,,,,,,,,,,,,,,,,unresolved_source_required,unresolved_asset_required,unresolved_asset_required,blocked_missing_battle_parameters
1221,digimon,sistermonblanc,シスタモン ブラン,成長期,パペット型,ワクチン,,,,,,,,,,,,,,,,,unresolved_source_required,unresolved_asset_required,unresolved_asset_required,blocked_missing_battle_parameters
1222,digimon,psychemon,サイケモン,成長期,爬虫類型,データ,,,,,,,,,,,,,,,,,unresolved_source_required,unresolved_asset_required,unresolved_asset_required,blocked_missing_battle_parameters
1223,digimon,coronamon,コロナモン,成長期,獣型,ワクチン,,,,,,,,,,,,,,,,,unresolved_source_required,unresolved_asset_required,unresolved_asset_required,blocked_missing_battle_parameters
1224,digimon,commandramon,コマンドラモン,成長期,サイボーグ型,ウィルス,,,,,,,,,,,,,,,,,unresolved_source_required,unresolved_asset_required,unresolved_asset_required,blocked_missing_battle_parameters
1225,digimon,gomamon,ゴマモン,成長期,海獣型,ワクチン,,,,,,,,,,,,,,,,,unresolved_source_required,unresolved_asset_required,unresolved_asset_required,blocked_missing_battle_parameters
1226,digimon,goburimon,ゴブリモン,成長期,鬼人型,ウィルス,,,,,,,,,,,,,,,,,unresolved_source_required,unresolved_asset_required,unresolved_asset_required,blocked_missing_battle_parameters
1227,digimon,kotemon,コテモン,成長期,爬虫類型,データ,,,,,,,,,,,,,,,,,unresolved_source_required,unresolved_asset_required,unresolved_asset_required,blocked_missing_battle_parameters
1228,digimon,gottsumon,ゴツモン,成長期,鉱石型,データ,,,,,,,,,,,,,,,,,unresolved_source_required,unresolved_asset_required,unresolved_asset_required,blocked_missing_battle_parameters
1229,digimon,kokuwamon,コクワモン,成長期,マシーン型,データ,,,,,,,,,,,,,,,,,unresolved_source_required,unresolved_asset_required,unresolved_asset_required,blocked_missing_battle_parameters
1230,digimon,kokabuterimon,コカブテリモン,成長期,昆虫型,ウィルス,,,,,,,,,,,,,,,,,unresolved_source_required,unresolved_asset_required,unresolved_asset_required,blocked_missing_battle_parameters
1231,digimon,koemon,コエモン,成長期,獣型,ウィルス,,,,,,,,,,,,,,,,,unresolved_source_required,unresolved_asset_required,unresolved_asset_required,blocked_missing_battle_parameters
1232,digimon,keramon,ケラモン,成長期,種族不明,不明,,,,,,,,,,,,,,,,,unresolved_source_required,unresolved_asset_required,unresolved_asset_required,blocked_missing_battle_parameters
1233,digimon,kunemon,クネモン,成長期,幼虫型,ウィルス,,,,,,,,,,,,,,,,,unresolved_source_required,unresolved_asset_required,unresolved_asset_required,blocked_missing_battle_parameters
1234,digimon,kudamon,クダモン,成長期,聖獣型,ワクチン,,,,,,,,,,,,,,,,,unresolved_source_required,unresolved_asset_required,unresolved_asset_required,blocked_missing_battle_parameters
1235,digimon,guilmon,ギルモン,成長期,爬虫類型,ウィルス,,,,,,,,,,,,,,,,,unresolved_source_required,unresolved_asset_required,unresolved_asset_required,blocked_missing_battle_parameters
1236,digimon,candmon,キャンドモン,成長期,火炎型,データ,,,,,,,,,,,,,,,,,unresolved_source_required,unresolved_asset_required,unresolved_asset_required,blocked_missing_battle_parameters
1237,digimon,gizamon,ギザモン,成長期,水棲哺乳類型,ウィルス,,,,,,,,,,,,,,,,,unresolved_source_required,unresolved_asset_required,unresolved_asset_required,blocked_missing_battle_parameters
1238,digimon,kamemon,カメモン,成長期,サイボーグ型,データ,,,,,,,,,,,,,,,,,unresolved_source_required,unresolved_asset_required,unresolved_asset_required,blocked_missing_battle_parameters
1239,digimon,gabumon,ガブモン,成長期,爬虫類型,データ,,,,,,,,,,,,,,,,,unresolved_source_required,unresolved_asset_required,unresolved_asset_required,blocked_missing_battle_parameters
1240,digimon,ganimon,ガニモン,成長期,甲殻類型,データ,,,,,,,,,,,,,,,,,unresolved_source_required,unresolved_asset_required,unresolved_asset_required,blocked_missing_battle_parameters
1241,digimon,gazimon,ガジモン,成長期,哺乳類型,ウィルス,,,,,,,,,,,,,,,,,unresolved_source_required,unresolved_asset_required,unresolved_asset_required,blocked_missing_battle_parameters
1242,digimon,gaomon,ガオモン,成長期,獣型,データ,,,,,,,,,,,,,,,,,unresolved_source_required,unresolved_asset_required,unresolved_asset_required,blocked_missing_battle_parameters
1243,digimon,otamamon-red,オタマモン（赤）,成長期,両生類型,データ,,,,,,,,,,,,,,,,,unresolved_source_required,unresolved_asset_required,unresolved_asset_required,blocked_missing_battle_parameters
1244,digimon,otamamon,オタマモン,成長期,両生類型,ウィルス,,,,,,,,,,,,,,,,,unresolved_source_required,unresolved_asset_required,unresolved_asset_required,blocked_missing_battle_parameters
1245,digimon,elecmon-violet,エレキモン（紫）,成長期,哺乳類型,ウィルス,,,,,,,,,,,,,,,,,unresolved_source_required,unresolved_asset_required,unresolved_asset_required,blocked_missing_battle_parameters
1246,digimon,elecmon,エレキモン,成長期,哺乳類型,データ,,,,,,,,,,,,,,,,,unresolved_source_required,unresolved_asset_required,unresolved_asset_required,blocked_missing_battle_parameters
1247,digimon,ebiburgamon,エビバーガモン,成長期,食物型,データ,,,,,,,,,,,,,,,,,unresolved_source_required,unresolved_asset_required,unresolved_asset_required,blocked_missing_battle_parameters
1248,digimon,impmon,インプモン,成長期,小悪魔型,ウィルス,,,,,,,,,,,,,,,,,unresolved_source_required,unresolved_asset_required,unresolved_asset_required,blocked_missing_battle_parameters
1249,digimon,alraumon,アルラウモン,成長期,植物型,データ,,,,,,,,,,,,,,,,,unresolved_source_required,unresolved_asset_required,unresolved_asset_required,blocked_missing_battle_parameters
1250,digimon,armadimon,アルマジモン,成長期,哺乳類型,フリー,,,,,,,,,,,,,,,,,unresolved_source_required,unresolved_asset_required,unresolved_asset_required,blocked_missing_battle_parameters
1251,digimon,arkadimon,アルカディモン,成長期,妖獣型,ウィルス,,,,,,,,,,,,,,,,,unresolved_source_required,unresolved_asset_required,unresolved_asset_required,blocked_missing_battle_parameters
1252,digimon,agumonhakase,アグモン博士,成長期,恐竜型,ワクチン,,,,,,,,,,,,,,,,,unresolved_source_required,unresolved_asset_required,unresolved_asset_required,blocked_missing_battle_parameters
1253,digimon,agumon-black,アグモン（黒）,成長期,爬虫類型,ウィルス,,,,,,,,,,,,,,,,,unresolved_source_required,unresolved_asset_required,unresolved_asset_required,blocked_missing_battle_parameters
1254,digimon,agumon-2006,アグモン（２００６アニメ版）,成長期,恐竜型,ワクチン,,,,,,,,,,,,,,,,,unresolved_source_required,unresolved_asset_required,unresolved_asset_required,blocked_missing_battle_parameters
1255,digimon,agumon,アグモン,成長期,爬虫類型,ワクチン,,,,,,,,,,,,,,,,,unresolved_source_required,unresolved_asset_required,unresolved_asset_required,blocked_missing_battle_parameters
1256,digimon,wanyamon,ワニャモン,幼年期Ⅱ,レッサー型,,,,,,,,,,,,,,,,,,unresolved_source_required,unresolved_asset_required,unresolved_asset_required,blocked_missing_battle_parameters
1257,digimon,mochimon,モチモン,幼年期Ⅱ,レッサー型,,,,,,,,,,,,,,,,,,unresolved_source_required,unresolved_asset_required,unresolved_asset_required,blocked_missing_battle_parameters
1258,digimon,minomon,ミノモン,幼年期Ⅱ,幼虫型,,,,,,,,,,,,,,,,,,unresolved_source_required,unresolved_asset_required,unresolved_asset_required,blocked_missing_battle_parameters
1259,digimon,missimon,ミサイモン,幼年期Ⅱ,マシーン型,,,,,,,,,,,,,,,,,,unresolved_source_required,unresolved_asset_required,unresolved_asset_required,blocked_missing_battle_parameters
1260,digimon,poromon,ポロモン,幼年期Ⅱ,小鳥型,,,,,,,,,,,,,,,,,,unresolved_source_required,unresolved_asset_required,unresolved_asset_required,blocked_missing_battle_parameters
1261,digimon,pokomon,ポコモン,幼年期Ⅱ,レッサー型,,,,,,,,,,,,,,,,,,unresolved_source_required,unresolved_asset_required,unresolved_asset_required,blocked_missing_battle_parameters
1262,digimon,babydmon,ベビドモン,幼年期Ⅱ,幼竜型,,,,,,,,,,,,,,,,,,unresolved_source_required,unresolved_asset_required,unresolved_asset_required,blocked_missing_battle_parameters
1263,digimon,puroromon,プロロモン,幼年期Ⅱ,幼虫型,,,,,,,,,,,,,,,,,,unresolved_source_required,unresolved_asset_required,unresolved_asset_required,blocked_missing_battle_parameters
1264,digimon,frimon,フリモン,幼年期Ⅱ,レッサー型,,,,,,,,,,,,,,,,,,unresolved_source_required,unresolved_asset_required,unresolved_asset_required,blocked_missing_battle_parameters
1265,digimon,petimeramon,プチメラモン,幼年期Ⅱ,火炎型,,,,,,,,,,,,,,,,,,unresolved_source_required,unresolved_asset_required,unresolved_asset_required,blocked_missing_battle_parameters
1266,digimon,pukamon,プカモン,幼年期Ⅱ,レッサー型,,,,,,,,,,,,,,,,,,unresolved_source_required,unresolved_asset_required,unresolved_asset_required,blocked_missing_battle_parameters
1267,digimon,pyocomon,ピョコモン,幼年期Ⅱ,球根型,,,,,,,,,,,,,,,,,,unresolved_source_required,unresolved_asset_required,unresolved_asset_required,blocked_missing_battle_parameters
1268,digimon,pinamon,ピナモン,幼年期Ⅱ,ヒナ鳥型,,,,,,,,,,,,,,,,,,unresolved_source_required,unresolved_asset_required,unresolved_asset_required,blocked_missing_battle_parameters
1269,digimon,budmon,バドモン,幼年期Ⅱ,植物型,,,,,,,,,,,,,,,,,,unresolved_source_required,unresolved_asset_required,unresolved_asset_required,blocked_missing_battle_parameters
1270,digimon,pagumon,パグモン,幼年期Ⅱ,レッサー型,,,,,,,,,,,,,,,,,,unresolved_source_required,unresolved_asset_required,unresolved_asset_required,blocked_missing_battle_parameters
1271,digimon,nyaromon,ニャロモン,幼年期Ⅱ,レッサー型,,,,,,,,,,,,,,,,,,unresolved_source_required,unresolved_asset_required,unresolved_asset_required,blocked_missing_battle_parameters
1272,digimon,dorimon,ドリモン,幼年期Ⅱ,レッサー型,,,,,,,,,,,,,,,,,,unresolved_source_required,unresolved_asset_required,unresolved_asset_required,blocked_missing_battle_parameters
1273,digimon,tokomon,トコモン,幼年期Ⅱ,レッサー型,,,,,,,,,,,,,,,,,,unresolved_source_required,unresolved_asset_required,unresolved_asset_required,blocked_missing_battle_parameters
1274,digimon,tsumemon,ツメモン,幼年期Ⅱ,種族不明,,,,,,,,,,,,,,,,,,unresolved_source_required,unresolved_asset_required,unresolved_asset_required,blocked_missing_battle_parameters
1275,digimon,tunomon,ツノモン,幼年期Ⅱ,レッサー型,,,,,,,,,,,,,,,,,,unresolved_source_required,unresolved_asset_required,unresolved_asset_required,blocked_missing_battle_parameters
1276,digimon,chocomon,チョコモン,幼年期Ⅱ,レッサー型,,,,,,,,,,,,,,,,,,unresolved_source_required,unresolved_asset_required,unresolved_asset_required,blocked_missing_battle_parameters
1277,digimon,chapmon,チャップモン,幼年期Ⅱ,レッサー型,,,,,,,,,,,,,,,,,,unresolved_source_required,unresolved_asset_required,unresolved_asset_required,blocked_missing_battle_parameters
1278,digimon,chibimon,チビモン,幼年期Ⅱ,幼竜型,,,,,,,,,,,,,,,,,,unresolved_source_required,unresolved_asset_required,unresolved_asset_required,blocked_missing_battle_parameters
1279,digimon,tanemon,タネモン,幼年期Ⅱ,球根型,,,,,,,,,,,,,,,,,,unresolved_source_required,unresolved_asset_required,unresolved_asset_required,blocked_missing_battle_parameters
1280,digimon,xiaomon,シャオモン,幼年期Ⅱ,レッサー型,,,,,,,,,,,,,,,,,,unresolved_source_required,unresolved_asset_required,unresolved_asset_required,blocked_missing_battle_parameters
1281,digimon,sakuttomon,サクットモン,幼年期Ⅱ,武器型,,,,,,,,,,,,,,,,,,unresolved_source_required,unresolved_asset_required,unresolved_asset_required,blocked_missing_battle_parameters
1282,digimon,koromon,コロモン,幼年期Ⅱ,レッサー型,,,,,,,,,,,,,,,,,,unresolved_source_required,unresolved_asset_required,unresolved_asset_required,blocked_missing_battle_parameters
1283,digimon,gummymon,グミモン,幼年期Ⅱ,レッサー型,,,,,,,,,,,,,,,,,,unresolved_source_required,unresolved_asset_required,unresolved_asset_required,blocked_missing_battle_parameters
1284,digimon,kyokyomon,キョキョモン,幼年期Ⅱ,レッサー型,,,,,,,,,,,,,,,,,,unresolved_source_required,unresolved_asset_required,unresolved_asset_required,blocked_missing_battle_parameters
1285,digimon,cupimon,キュピモン,幼年期Ⅱ,小天使型,,,,,,,,,,,,,,,,,,unresolved_source_required,unresolved_asset_required,unresolved_asset_required,blocked_missing_battle_parameters
1286,digimon,kyaromon,キャロモン,幼年期Ⅱ,レッサー型,,,,,,,,,,,,,,,,,,unresolved_source_required,unresolved_asset_required,unresolved_asset_required,blocked_missing_battle_parameters
1287,digimon,gigimon,ギギモン,幼年期Ⅱ,レッサー型,,,,,,,,,,,,,,,,,,unresolved_source_required,unresolved_asset_required,unresolved_asset_required,blocked_missing_battle_parameters
1288,digimon,capromon,カプリモン,幼年期Ⅱ,レッサー型,,,,,,,,,,,,,,,,,,unresolved_source_required,unresolved_asset_required,unresolved_asset_required,blocked_missing_battle_parameters
1289,digimon,upamon,ウパモン,幼年期Ⅱ,両生類型,,,,,,,,,,,,,,,,,,unresolved_source_required,unresolved_asset_required,unresolved_asset_required,blocked_missing_battle_parameters
1290,digimon,relemon,レレモン,幼年期Ⅰ,スライム型,,,,,,,,,,,,,,,,,,unresolved_source_required,unresolved_asset_required,unresolved_asset_required,blocked_missing_battle_parameters
1291,digimon,leafmon,リーフモン,幼年期Ⅰ,スライム型,,,,,,,,,,,,,,,,,,unresolved_source_required,unresolved_asset_required,unresolved_asset_required,blocked_missing_battle_parameters
1292,digimon,yuramon,ユラモン,幼年期Ⅰ,種子型,,,,,,,,,,,,,,,,,,unresolved_source_required,unresolved_asset_required,unresolved_asset_required,blocked_missing_battle_parameters
1293,digimon,yukimibotamon,ユキミボタモン,幼年期Ⅰ,スライム型,,,,,,,,,,,,,,,,,,unresolved_source_required,unresolved_asset_required,unresolved_asset_required,blocked_missing_battle_parameters
1294,digimon,mokumon,モクモン,幼年期Ⅰ,スモーク型,,,,,,,,,,,,,,,,,,unresolved_source_required,unresolved_asset_required,unresolved_asset_required,blocked_missing_battle_parameters
1295,digimon,poyomon,ポヨモン,幼年期Ⅰ,スライム型,,,,,,,,,,,,,,,,,,unresolved_source_required,unresolved_asset_required,unresolved_asset_required,blocked_missing_battle_parameters
1296,digimon,bommon,ボムモン,幼年期Ⅰ,スライム型,,,,,,,,,,,,,,,,,,unresolved_source_required,unresolved_asset_required,unresolved_asset_required,blocked_missing_battle_parameters
1297,digimon,popomon,ポポモン,幼年期Ⅰ,スライム型,,,,,,,,,,,,,,,,,,unresolved_source_required,unresolved_asset_required,unresolved_asset_required,blocked_missing_battle_parameters
1298,digimon,botamon,ボタモン,幼年期Ⅰ,スライム型,,,,,,,,,,,,,,,,,,unresolved_source_required,unresolved_asset_required,unresolved_asset_required,blocked_missing_battle_parameters
1299,digimon,puwamon,プワモン,幼年期Ⅰ,ヒナ鳥型,,,,,,,,,,,,,,,,,,unresolved_source_required,unresolved_asset_required,unresolved_asset_required,blocked_missing_battle_parameters
1300,digimon,pururumon,プルルモン,幼年期Ⅰ,スライム型,,,,,,,,,,,,,,,,,,unresolved_source_required,unresolved_asset_required,unresolved_asset_required,blocked_missing_battle_parameters
1301,digimon,pupumon,ププモン,幼年期Ⅰ,スライム型,,,,,,,,,,,,,,,,,,unresolved_source_required,unresolved_asset_required,unresolved_asset_required,blocked_missing_battle_parameters
1302,digimon,fufumon,フフモン,幼年期Ⅰ,スライム型,,,,,,,,,,,,,,,,,,unresolved_source_required,unresolved_asset_required,unresolved_asset_required,blocked_missing_battle_parameters
1303,digimon,punimon,プニモン,幼年期Ⅰ,スライム型,,,,,,,,,,,,,,,,,,unresolved_source_required,unresolved_asset_required,unresolved_asset_required,blocked_missing_battle_parameters
1304,digimon,puttimon,プットモン,幼年期Ⅰ,小天使型,,,,,,,,,,,,,,,,,,unresolved_source_required,unresolved_asset_required,unresolved_asset_required,blocked_missing_battle_parameters
1305,digimon,petitmon,プチモン,幼年期Ⅰ,スライム型,,,,,,,,,,,,,,,,,,unresolved_source_required,unresolved_asset_required,unresolved_asset_required,blocked_missing_battle_parameters
1306,digimon,pitchmon,ピチモン,幼年期Ⅰ,スライム型,,,,,,,,,,,,,,,,,,unresolved_source_required,unresolved_asset_required,unresolved_asset_required,blocked_missing_battle_parameters
1307,digimon,pafumon,パフモン,幼年期Ⅰ,精霊型,,,,,,,,,,,,,,,,,,unresolved_source_required,unresolved_asset_required,unresolved_asset_required,blocked_missing_battle_parameters
1308,digimon,bubbmon,バブモン,幼年期Ⅰ,スライム型,,,,,,,,,,,,,,,,,,unresolved_source_required,unresolved_asset_required,unresolved_asset_required,blocked_missing_battle_parameters
1309,digimon,paomon,パオモン,幼年期Ⅰ,スライム型,,,,,,,,,,,,,,,,,,unresolved_source_required,unresolved_asset_required,unresolved_asset_required,blocked_missing_battle_parameters
1310,digimon,nyokimon,ニョキモン,幼年期Ⅰ,種子型,,,,,,,,,,,,,,,,,,unresolved_source_required,unresolved_asset_required,unresolved_asset_required,blocked_missing_battle_parameters
1311,digimon,dodomon,ドドモン,幼年期Ⅰ,スライム型,,,,,,,,,,,,,,,,,,unresolved_source_required,unresolved_asset_required,unresolved_asset_required,blocked_missing_battle_parameters
1312,digimon,tsubumon,ツブモン,幼年期Ⅰ,スライム型,,,,,,,,,,,,,,,,,,unresolved_source_required,unresolved_asset_required,unresolved_asset_required,blocked_missing_battle_parameters
1313,digimon,choromon,チョロモン,幼年期Ⅰ,マシーン型,,,,,,,,,,,,,,,,,,unresolved_source_required,unresolved_asset_required,unresolved_asset_required,blocked_missing_battle_parameters
1314,digimon,chicomon,チコモン,幼年期Ⅰ,スライム型,,,,,,,,,,,,,,,,,,unresolved_source_required,unresolved_asset_required,unresolved_asset_required,blocked_missing_battle_parameters
1315,digimon,zerimon,ゼリモン,幼年期Ⅰ,スライム型,,,,,,,,,,,,,,,,,,unresolved_source_required,unresolved_asset_required,unresolved_asset_required,blocked_missing_battle_parameters
1316,digimon,zurumon,ズルモン,幼年期Ⅰ,スライム型,,,,,,,,,,,,,,,,,,unresolved_source_required,unresolved_asset_required,unresolved_asset_required,blocked_missing_battle_parameters
1317,digimon,jyarimon,ジャリモン,幼年期Ⅰ,スライム型,,,,,,,,,,,,,,,,,,unresolved_source_required,unresolved_asset_required,unresolved_asset_required,blocked_missing_battle_parameters
1318,digimon,sakumon,サクモン,幼年期Ⅰ,武器型,,,,,,,,,,,,,,,,,,unresolved_source_required,unresolved_asset_required,unresolved_asset_required,blocked_missing_battle_parameters
1319,digimon,cocomon,ココモン,幼年期Ⅰ,スライム型,,,,,,,,,,,,,,,,,,unresolved_source_required,unresolved_asset_required,unresolved_asset_required,blocked_missing_battle_parameters
1320,digimon,kuramon,クラモン,幼年期Ⅰ,種族不明,,,,,,,,,,,,,,,,,,unresolved_source_required,unresolved_asset_required,unresolved_asset_required,blocked_missing_battle_parameters
1321,appmon,appmon_001,ガッチモン,並,検索,ソーシャル,,,,,,,,,,,,,,,,,unresolved_source_required,unresolved_asset_required,unresolved_asset_required,blocked_missing_battle_parameters
1322,appmon,appmon_002,コールモン,並,電話,ソーシャル,,,,,,,,,,,,,,,,,unresolved_source_required,unresolved_asset_required,unresolved_asset_required,blocked_missing_battle_parameters
1323,appmon,appmon_003,メールモン,並,メール,ソーシャル,,,,,,,,,,,,,,,,,unresolved_source_required,unresolved_asset_required,unresolved_asset_required,blocked_missing_battle_parameters
1324,appmon,appmon_004,ツブモン,並,つぶやき,ソーシャル,,,,,,,,,,,,,,,,,unresolved_source_required,unresolved_asset_required,unresolved_asset_required,blocked_missing_battle_parameters
1325,appmon,appmon_005,ゲンゴーモン,並,翻訳,ソーシャル,,,,,,,,,,,,,,,,,unresolved_source_required,unresolved_asset_required,unresolved_asset_required,blocked_missing_battle_parameters
1326,appmon,appmon_006,アドモン,並,アドレス帳,ソーシャル,,,,,,,,,,,,,,,,,unresolved_source_required,unresolved_asset_required,unresolved_asset_required,blocked_missing_battle_parameters
1327,appmon,appmon_007,レビューモン,並,口コミ,ソーシャル,,,,,,,,,,,,,,,,,unresolved_source_required,unresolved_asset_required,unresolved_asset_required,blocked_missing_battle_parameters
1328,appmon,appmon_008,セットモン,並,設定,ソーシャル,,,,,,,,,,,,,,,,,unresolved_source_required,unresolved_asset_required,unresolved_asset_required,blocked_missing_battle_parameters
1329,appmon,appmon_009,メッセモン,並,メッセージ,ソーシャル,,,,,,,,,,,,,,,,,unresolved_source_required,unresolved_asset_required,unresolved_asset_required,blocked_missing_battle_parameters
1330,appmon,appmon_010,コソモン,並,裏口コミ,ソーシャル,,,,,,,,,,,,,,,,,unresolved_source_required,unresolved_asset_required,unresolved_asset_required,blocked_missing_battle_parameters
1331,appmon,appmon_011,ロケットモン,並,ロケット,ナビ,,,,,,,,,,,,,,,,,unresolved_source_required,unresolved_asset_required,unresolved_asset_required,blocked_missing_battle_parameters
1332,appmon,appmon_012,ナビモン,並,ナビ,ナビ,,,,,,,,,,,,,,,,,unresolved_source_required,unresolved_asset_required,unresolved_asset_required,blocked_missing_battle_parameters
1333,appmon,appmon_013,ジェットモン,並,フライト,ナビ,,,,,,,,,,,,,,,,,unresolved_source_required,unresolved_asset_required,unresolved_asset_required,blocked_missing_battle_parameters
1334,appmon,appmon_014,レッシャモン,並,乗換,ナビ,,,,,,,,,,,,,,,,,unresolved_source_required,unresolved_asset_required,unresolved_asset_required,blocked_missing_battle_parameters
1335,appmon,appmon_015,ウェザーモン,並,天気,ナビ,,,,,,,,,,,,,,,,,unresolved_source_required,unresolved_asset_required,unresolved_asset_required,blocked_missing_battle_parameters
1336,appmon,appmon_016,コンパスモン,並,コンパス,ナビ,,,,,,,,,,,,,,,,,unresolved_source_required,unresolved_asset_required,unresolved_asset_required,blocked_missing_battle_parameters
1337,appmon,appmon_017,ヤドモン,並,ホテル,ナビ,,,,,,,,,,,,,,,,,unresolved_source_required,unresolved_asset_required,unresolved_asset_required,blocked_missing_battle_parameters
1338,appmon,appmon_018,ニュースモン,並,ニュース,ナビ,,,,,,,,,,,,,,,,,unresolved_source_required,unresolved_asset_required,unresolved_asset_required,blocked_missing_battle_parameters
1339,appmon,appmon_019,チュートモン,並,解説,ナビ,,,,,,,,,,,,,,,,,unresolved_source_required,unresolved_asset_required,unresolved_asset_required,blocked_missing_battle_parameters
1340,appmon,appmon_020,エムシーモン,並,実況,ナビ,,,,,,,,,,,,,,,,,unresolved_source_required,unresolved_asset_required,unresolved_asset_required,blocked_missing_battle_parameters
1341,appmon,appmon_021,キャメラモン,並,カメラ,ツール,,,,,,,,,,,,,,,,,unresolved_source_required,unresolved_asset_required,unresolved_asset_required,blocked_missing_battle_parameters
1342,appmon,appmon_022,レコモン,並,録音,ツール,,,,,,,,,,,,,,,,,unresolved_source_required,unresolved_asset_required,unresolved_asset_required,blocked_missing_battle_parameters
1343,appmon,appmon_023,カリキュモン,並,電卓,ツール,,,,,,,,,,,,,,,,,unresolved_source_required,unresolved_asset_required,unresolved_asset_required,blocked_missing_battle_parameters
1344,appmon,appmon_024,ゴミモン,並,ごみ箱,ツール,,,,,,,,,,,,,,,,,unresolved_source_required,unresolved_asset_required,unresolved_asset_required,blocked_missing_battle_parameters
1345,appmon,appmon_025,ミラーモン,並,ミラー,ツール,,,,,,,,,,,,,,,,,unresolved_source_required,unresolved_asset_required,unresolved_asset_required,blocked_missing_battle_parameters
1346,appmon,appmon_026,ライトモン,並,ライト,ツール,,,,,,,,,,,,,,,,,unresolved_source_required,unresolved_asset_required,unresolved_asset_required,blocked_missing_battle_parameters
1347,appmon,appmon_027,ウォッチモン,並,時計,ツール,,,,,,,,,,,,,,,,,unresolved_source_required,unresolved_asset_required,unresolved_asset_required,blocked_missing_battle_parameters
1348,appmon,appmon_028,ダイアリモン,並,日記帳,ツール,,,,,,,,,,,,,,,,,unresolved_source_required,unresolved_asset_required,unresolved_asset_required,blocked_missing_battle_parameters
1349,appmon,appmon_029,カレンダモン,並,カレンダー,ツール,,,,,,,,,,,,,,,,,unresolved_source_required,unresolved_asset_required,unresolved_asset_required,blocked_missing_battle_parameters
1350,appmon,appmon_030,オンパモン,並,超音波,ツール,,,,,,,,,,,,,,,,,unresolved_source_required,unresolved_asset_required,unresolved_asset_required,blocked_missing_battle_parameters
1351,appmon,appmon_031,ジャミングモン,並,ジャミング,ツール,,,,,,,,,,,,,,,,,unresolved_source_required,unresolved_asset_required,unresolved_asset_required,blocked_missing_battle_parameters
1352,appmon,appmon_032,プロテクモン,並,セキュリティ,システム,,,,,,,,,,,,,,,,,unresolved_source_required,unresolved_asset_required,unresolved_asset_required,blocked_missing_battle_parameters
1353,appmon,appmon_033,ハックモン,並,ハッキング,システム,,,,,,,,,,,,,,,,,unresolved_source_required,unresolved_asset_required,unresolved_asset_required,blocked_missing_battle_parameters
1354,appmon,appmon_034,バッテリモン,並,バッテリー,システム,,,,,,,,,,,,,,,,,unresolved_source_required,unresolved_asset_required,unresolved_asset_required,blocked_missing_battle_parameters
1355,appmon,appmon_035,ペコモン,並,圧縮,システム,,,,,,,,,,,,,,,,,unresolved_source_required,unresolved_asset_required,unresolved_asset_required,blocked_missing_battle_parameters
1356,appmon,appmon_036,ポコモン,並,解凍,システム,,,,,,,,,,,,,,,,,unresolved_source_required,unresolved_asset_required,unresolved_asset_required,blocked_missing_battle_parameters
1357,appmon,appmon_037,コピペモン,並,コピペ,システム,,,,,,,,,,,,,,,,,unresolved_source_required,unresolved_asset_required,unresolved_asset_required,blocked_missing_battle_parameters
1358,appmon,appmon_038,セーブモン,並,バックアップ,システム,,,,,,,,,,,,,,,,,unresolved_source_required,unresolved_asset_required,unresolved_asset_required,blocked_missing_battle_parameters
1359,appmon,appmon_039,カベモン,並,壁紙,システム,,,,,,,,,,,,,,,,,unresolved_source_required,unresolved_asset_required,unresolved_asset_required,blocked_missing_battle_parameters
1360,appmon,appmon_040,エコモン,並,省エネ,システム,,,,,,,,,,,,,,,,,unresolved_source_required,unresolved_asset_required,unresolved_asset_required,blocked_missing_battle_parameters
1361,appmon,appmon_041,ピーポモン,並,注意報,システム,,,,,,,,,,,,,,,,,unresolved_source_required,unresolved_asset_required,unresolved_asset_required,blocked_missing_battle_parameters
1362,appmon,appmon_042,デンパモン,並,通信,システム,,,,,,,,,,,,,,,,,unresolved_source_required,unresolved_asset_required,unresolved_asset_required,blocked_missing_battle_parameters
1363,appmon,appmon_043,オンモン,並,オンライン,ゲーム,,,,,,,,,,,,,,,,,unresolved_source_required,unresolved_asset_required,unresolved_asset_required,blocked_missing_battle_parameters
1364,appmon,appmon_044,オフモン,並,オフライン,ゲーム,,,,,,,,,,,,,,,,,unresolved_source_required,unresolved_asset_required,unresolved_asset_required,blocked_missing_battle_parameters
1365,appmon,appmon_045,ドカモン,並,アクション,ゲーム,,,,,,,,,,,,,,,,,unresolved_source_required,unresolved_asset_required,unresolved_asset_required,blocked_missing_battle_parameters
1366,appmon,appmon_046,ショットモン,並,シューティング,ゲーム,,,,,,,,,,,,,,,,,unresolved_source_required,unresolved_asset_required,unresolved_asset_required,blocked_missing_battle_parameters
1367,appmon,appmon_047,カードモン,並,カード,ゲーム,,,,,,,,,,,,,,,,,unresolved_source_required,unresolved_asset_required,unresolved_asset_required,blocked_missing_battle_parameters
1368,appmon,appmon_048,ロープレモン,並,ロープレ,ゲーム,,,,,,,,,,,,,,,,,unresolved_source_required,unresolved_asset_required,unresolved_asset_required,blocked_missing_battle_parameters
1369,appmon,appmon_049,パズルモン,並,パズル,ゲーム,,,,,,,,,,,,,,,,,unresolved_source_required,unresolved_asset_required,unresolved_asset_required,blocked_missing_battle_parameters
1370,appmon,appmon_050,ダンスモン,並,リズム,ゲーム,,,,,,,,,,,,,,,,,unresolved_source_required,unresolved_asset_required,unresolved_asset_required,blocked_missing_battle_parameters
1371,appmon,appmon_051,レースモン,並,レース,ゲーム,,,,,,,,,,,,,,,,,unresolved_source_required,unresolved_asset_required,unresolved_asset_required,blocked_missing_battle_parameters
1372,appmon,appmon_052,ドローモン,並,ペイント,エンタメ,,,,,,,,,,,,,,,,,unresolved_source_required,unresolved_asset_required,unresolved_asset_required,blocked_missing_battle_parameters
1373,appmon,appmon_053,テラーモン,並,占い,エンタメ,,,,,,,,,,,,,,,,,unresolved_source_required,unresolved_asset_required,unresolved_asset_required,blocked_missing_battle_parameters
1374,appmon,appmon_054,ミュージモン,並,音楽,エンタメ,,,,,,,,,,,,,,,,,unresolved_source_required,unresolved_asset_required,unresolved_asset_required,blocked_missing_battle_parameters
1375,appmon,appmon_055,ペロリモン,並,グルメ,エンタメ,,,,,,,,,,,,,,,,,unresolved_source_required,unresolved_asset_required,unresolved_asset_required,blocked_missing_battle_parameters
1376,appmon,appmon_056,ドーガモン,並,動画,エンタメ,,,,,,,,,,,,,,,,,unresolved_source_required,unresolved_asset_required,unresolved_asset_required,blocked_missing_battle_parameters
1377,appmon,appmon_057,ドレスモン,並,ファッション,エンタメ,,,,,,,,,,,,,,,,,unresolved_source_required,unresolved_asset_required,unresolved_asset_required,blocked_missing_battle_parameters
1378,appmon,appmon_058,ブックモン,並,電子書籍,エンタメ,,,,,,,,,,,,,,,,,unresolved_source_required,unresolved_asset_required,unresolved_asset_required,blocked_missing_battle_parameters
1379,appmon,appmon_059,ガシャモン,並,ガシャ,エンタメ,,,,,,,,,,,,,,,,,unresolved_source_required,unresolved_asset_required,unresolved_asset_required,blocked_missing_battle_parameters
1380,appmon,appmon_060,ラックモン,並,スロット,エンタメ,,,,,,,,,,,,,,,,,unresolved_source_required,unresolved_asset_required,unresolved_asset_required,blocked_missing_battle_parameters
1381,appmon,appmon_061,トリックモン,並,手品,エンタメ,,,,,,,,,,,,,,,,,unresolved_source_required,unresolved_asset_required,unresolved_asset_required,blocked_missing_battle_parameters
1382,appmon,appmon_062,ダイスモン,並,サイコロ,エンタメ,,,,,,,,,,,,,,,,,unresolved_source_required,unresolved_asset_required,unresolved_asset_required,blocked_missing_battle_parameters
1383,appmon,appmon_063,クックモン,並,お料理,エンタメ,,,,,,,,,,,,,,,,,unresolved_source_required,unresolved_asset_required,unresolved_asset_required,blocked_missing_battle_parameters
1384,appmon,appmon_064,バイラモン,並,ウィルス,ライフ,,,,,,,,,,,,,,,,,unresolved_source_required,unresolved_asset_required,unresolved_asset_required,blocked_missing_battle_parameters
1385,appmon,appmon_065,スリープモン,並,睡眠,ライフ,,,,,,,,,,,,,,,,,unresolved_source_required,unresolved_asset_required,unresolved_asset_required,blocked_missing_battle_parameters
1386,appmon,appmon_066,マッスルモン,並,筋トレ,ライフ,,,,,,,,,,,,,,,,,unresolved_source_required,unresolved_asset_required,unresolved_asset_required,blocked_missing_battle_parameters
1387,appmon,appmon_067,エイドモン,並,救命,ライフ,,,,,,,,,,,,,,,,,unresolved_source_required,unresolved_asset_required,unresolved_asset_required,blocked_missing_battle_parameters
1388,appmon,appmon_068,マネーモン,並,電子マネー,ライフ,,,,,,,,,,,,,,,,,unresolved_source_required,unresolved_asset_required,unresolved_asset_required,blocked_missing_battle_parameters
1389,appmon,appmon_069,スパモン,並,温泉,ライフ,,,,,,,,,,,,,,,,,unresolved_source_required,unresolved_asset_required,unresolved_asset_required,blocked_missing_battle_parameters
1390,appmon,appmon_070,サプリモン,並,サプリ,ライフ,,,,,,,,,,,,,,,,,unresolved_source_required,unresolved_asset_required,unresolved_asset_required,blocked_missing_battle_parameters
1391,appmon,appmon_071,ドープモン,並,増強,ライフ,,,,,,,,,,,,,,,,,unresolved_source_required,unresolved_asset_required,unresolved_asset_required,blocked_missing_battle_parameters
1392,appmon,appmon_072,オクショモン,並,オークション,ライフ,,,,,,,,,,,,,,,,,unresolved_source_required,unresolved_asset_required,unresolved_asset_required,blocked_missing_battle_parameters
1393,appmon,appmon_073,カケイモン,並,家計簿,ライフ,,,,,,,,,,,,,,,,,unresolved_source_required,unresolved_asset_required,unresolved_asset_required,blocked_missing_battle_parameters
1394,appmon,appmon_074,カイモン,並,ショッピング,ライフ,,,,,,,,,,,,,,,,,unresolved_source_required,unresolved_asset_required,unresolved_asset_required,blocked_missing_battle_parameters
1395,appmon,appmon_075,ジショモン,並,辞書,ライフ,,,,,,,,,,,,,,,,,unresolved_source_required,unresolved_asset_required,unresolved_asset_required,blocked_missing_battle_parameters
1396,appmon,appmon_076,ロギモン,超,ログイン,ソーシャル,,,,,,,,,,,,,,,,,unresolved_source_required,unresolved_asset_required,unresolved_asset_required,blocked_missing_battle_parameters
1397,appmon,appmon_077,ロガモン,超,ログオフ,ソーシャル,,,,,,,,,,,,,,,,,unresolved_source_required,unresolved_asset_required,unresolved_asset_required,blocked_missing_battle_parameters
1398,appmon,appmon_078,ドガッチモン,超,超検索,ソーシャル,,,,,,,,,,,,,,,,,unresolved_source_required,unresolved_asset_required,unresolved_asset_required,blocked_missing_battle_parameters
1399,appmon,appmon_079,ソーシャモン,超,ＳＮＳ,ソーシャル,,,,,,,,,,,,,,,,,unresolved_source_required,unresolved_asset_required,unresolved_asset_required,blocked_missing_battle_parameters
1400,appmon,appmon_080,ゴシップモン,超,ゴシップ,ソーシャル,,,,,,,,,,,,,,,,,unresolved_source_required,unresolved_asset_required,unresolved_asset_required,blocked_missing_battle_parameters
1401,appmon,appmon_081,スカシモン,超,スカ,ソーシャル,,,,,,,,,,,,,,,,,unresolved_source_required,unresolved_asset_required,unresolved_asset_required,blocked_missing_battle_parameters
1402,appmon,appmon_082,トリップモン,超,旅行,ナビ,,,,,,,,,,,,,,,,,unresolved_source_required,unresolved_asset_required,unresolved_asset_required,blocked_missing_battle_parameters
1403,appmon,appmon_083,ウェザドラモン,超,天候,ナビ,,,,,,,,,,,,,,,,,unresolved_source_required,unresolved_asset_required,unresolved_asset_required,blocked_missing_battle_parameters
1404,appmon,appmon_084,タイムモン,超,タイムスリップ,ツール,,,,,,,,,,,,,,,,,unresolved_source_required,unresolved_asset_required,unresolved_asset_required,blocked_missing_battle_parameters
1405,appmon,appmon_085,ロアモン,超,ボイスチェンジ,ツール,,,,,,,,,,,,,,,,,unresolved_source_required,unresolved_asset_required,unresolved_asset_required,blocked_missing_battle_parameters
1406,appmon,appmon_086,スコープモン,超,監視,ツール,,,,,,,,,,,,,,,,,unresolved_source_required,unresolved_asset_required,unresolved_asset_required,blocked_missing_battle_parameters
1407,appmon,appmon_087,クラフトモン,超,設計,ツール,,,,,,,,,,,,,,,,,unresolved_source_required,unresolved_asset_required,unresolved_asset_required,blocked_missing_battle_parameters
1408,appmon,appmon_088,レイドラモン,超,超ハッキング,システム,,,,,,,,,,,,,,,,,unresolved_source_required,unresolved_asset_required,unresolved_asset_required,blocked_missing_battle_parameters
1409,appmon,appmon_089,デジップモン,超,圧縮解凍,システム,,,,,,,,,,,,,,,,,unresolved_source_required,unresolved_asset_required,unresolved_asset_required,blocked_missing_battle_parameters
1410,appmon,appmon_090,ミエーヌモン,超,ステルス,システム,,,,,,,,,,,,,,,,,unresolved_source_required,unresolved_asset_required,unresolved_asset_required,blocked_missing_battle_parameters
1411,appmon,appmon_091,ワープモン,超,転送,システム,,,,,,,,,,,,,,,,,unresolved_source_required,unresolved_asset_required,unresolved_asset_required,blocked_missing_battle_parameters
1412,appmon,appmon_092,サクシモン,超,シミュレーション,ゲーム,,,,,,,,,,,,,,,,,unresolved_source_required,unresolved_asset_required,unresolved_asset_required,blocked_missing_battle_parameters
1413,appmon,appmon_093,ドスコモン,超,格闘,ゲーム,,,,,,,,,,,,,,,,,unresolved_source_required,unresolved_asset_required,unresolved_asset_required,blocked_missing_battle_parameters
1414,appmon,appmon_094,ブレモン,超,脳トレ,ゲーム,,,,,,,,,,,,,,,,,unresolved_source_required,unresolved_asset_required,unresolved_asset_required,blocked_missing_battle_parameters
1415,appmon,appmon_095,コーチモン,超,育成,ゲーム,,,,,,,,,,,,,,,,,unresolved_source_required,unresolved_asset_required,unresolved_asset_required,blocked_missing_battle_parameters
1416,appmon,appmon_096,ウラテクモン,超,攻略,ゲーム,,,,,,,,,,,,,,,,,unresolved_source_required,unresolved_asset_required,unresolved_asset_required,blocked_missing_battle_parameters
1417,appmon,appmon_097,エフェクモン,超,エフェクト,エンタメ,,,,,,,,,,,,,,,,,unresolved_source_required,unresolved_asset_required,unresolved_asset_required,blocked_missing_battle_parameters
1418,appmon,appmon_098,タロットモン,超,超占い,エンタメ,,,,,,,,,,,,,,,,,unresolved_source_required,unresolved_asset_required,unresolved_asset_required,blocked_missing_battle_parameters
1419,appmon,appmon_099,コーデモン,超,コーディネート,エンタメ,,,,,,,,,,,,,,,,,unresolved_source_required,unresolved_asset_required,unresolved_asset_required,blocked_missing_battle_parameters
1420,appmon,appmon_100,メディアモン,超,メディアプレーヤー,エンタメ,,,,,,,,,,,,,,,,,unresolved_source_required,unresolved_asset_required,unresolved_asset_required,blocked_missing_battle_parameters
1421,appmon,appmon_101,ベガスモン,超,ルーレット,エンタメ,,,,,,,,,,,,,,,,,unresolved_source_required,unresolved_asset_required,unresolved_asset_required,blocked_missing_battle_parameters
1422,appmon,appmon_102,ドリーモン,超,夢,エンタメ,,,,,,,,,,,,,,,,,unresolved_source_required,unresolved_asset_required,unresolved_asset_required,blocked_missing_battle_parameters
1423,appmon,appmon_103,メディックモン,超,メディカル,ライフ,,,,,,,,,,,,,,,,,unresolved_source_required,unresolved_asset_required,unresolved_asset_required,blocked_missing_battle_parameters
1424,appmon,appmon_104,ドクモン,超,ドクター,ライフ,,,,,,,,,,,,,,,,,unresolved_source_required,unresolved_asset_required,unresolved_asset_required,blocked_missing_battle_parameters
1425,appmon,appmon_105,コンサルモン,超,節約,ライフ,,,,,,,,,,,,,,,,,unresolved_source_required,unresolved_asset_required,unresolved_asset_required,blocked_missing_battle_parameters
1426,appmon,appmon_106,ライブラモン,超,図書館,ライフ,,,,,,,,,,,,,,,,,unresolved_source_required,unresolved_asset_required,unresolved_asset_required,blocked_missing_battle_parameters
1427,appmon,appmon_107,グローブモン,極,グローバル,ソーシャル,,,,,,,,,,,,,,,,,unresolved_source_required,unresolved_asset_required,unresolved_asset_required,blocked_missing_battle_parameters
1428,appmon,appmon_108,カリスモン,極,マインドコントロール,ソーシャル,,,,,,,,,,,,,,,,,unresolved_source_required,unresolved_asset_required,unresolved_asset_required,blocked_missing_battle_parameters
1429,appmon,appmon_109,ダメダモン,極,ダメダメ,ソーシャル,,,,,,,,,,,,,,,,,unresolved_source_required,unresolved_asset_required,unresolved_asset_required,blocked_missing_battle_parameters
1430,appmon,appmon_110,サテラモン,極,GPS,ナビ,,,,,,,,,,,,,,,,,unresolved_source_required,unresolved_asset_required,unresolved_asset_required,blocked_missing_battle_parameters
1431,appmon,appmon_111,コメットモン,極,天体,ナビ,,,,,,,,,,,,,,,,,unresolved_source_required,unresolved_asset_required,unresolved_asset_required,blocked_missing_battle_parameters
1432,appmon,appmon_112,ブートモン,極,超起動,ツール,,,,,,,,,,,,,,,,,unresolved_source_required,unresolved_asset_required,unresolved_asset_required,blocked_missing_battle_parameters
1433,appmon,appmon_113,シャットモン,極,強制終了,ツール,,,,,,,,,,,,,,,,,unresolved_source_required,unresolved_asset_required,unresolved_asset_required,blocked_missing_battle_parameters
1434,appmon,appmon_114,フェイクモン,極,偽装,ツール,,,,,,,,,,,,,,,,,unresolved_source_required,unresolved_asset_required,unresolved_asset_required,blocked_missing_battle_parameters
1435,appmon,appmon_115,リバイブモン,極,復元,システム,,,,,,,,,,,,,,,,,unresolved_source_required,unresolved_asset_required,unresolved_asset_required,blocked_missing_battle_parameters
1436,appmon,appmon_116,ワルダモン,極,策略,システム,,,,,,,,,,,,,,,,,unresolved_source_required,unresolved_asset_required,unresolved_asset_required,blocked_missing_battle_parameters
1437,appmon,appmon_117,オウジャモン,極,戦闘,ゲーム,,,,,,,,,,,,,,,,,unresolved_source_required,unresolved_asset_required,unresolved_asset_required,blocked_missing_battle_parameters
1438,appmon,appmon_118,エンタモン,極,エンターテイメント,エンタメ,,,,,,,,,,,,,,,,,unresolved_source_required,unresolved_asset_required,unresolved_asset_required,blocked_missing_battle_parameters
1439,appmon,appmon_119,バイオモン,極,ライフ,ライフ,,,,,,,,,,,,,,,,,unresolved_source_required,unresolved_asset_required,unresolved_asset_required,blocked_missing_battle_parameters
1440,appmon,appmon_120,ビューティモン,極,美容,ライフ,,,,,,,,,,,,,,,,,unresolved_source_required,unresolved_asset_required,unresolved_asset_required,blocked_missing_battle_parameters
1441,appmon,appmon_121,リブートモン,神,再起動,ゴッド,,,,,,,,,,,,,,,,,unresolved_source_required,unresolved_asset_required,unresolved_asset_required,blocked_missing_battle_parameters
1442,appmon,appmon_122,ガイアモン,神,創造,ゴッド,,,,,,,,,,,,,,,,,unresolved_source_required,unresolved_asset_required,unresolved_asset_required,blocked_missing_battle_parameters
1443,appmon,appmon_123,ハデスモン,神,変化,ゴッド,,,,,,,,,,,,,,,,,unresolved_source_required,unresolved_asset_required,unresolved_asset_required,blocked_missing_battle_parameters
1444,appmon,appmon_124,ポセイドモン,神,無敵,ゴッド,,,,,,,,,,,,,,,,,unresolved_source_required,unresolved_asset_required,unresolved_asset_required,blocked_missing_battle_parameters
1445,appmon,appmon_125,ウラノスモン,神,覚醒,ゴッド,,,,,,,,,,,,,,,,,unresolved_source_required,unresolved_asset_required,unresolved_asset_required,blocked_missing_battle_parameters
1446,appmon,appmon_126,デウスモン,神,全能,ゴッド,,,,,,,,,,,,,,,,,unresolved_source_required,unresolved_asset_required,unresolved_asset_required,blocked_missing_battle_parameters
1447,appmon,appmon_127,タップモン(ソーシャル),－,タップ,ソーシャル,,,,,,,,,,,,,,,,,unresolved_source_required,unresolved_asset_required,unresolved_asset_required,blocked_missing_battle_parameters
1448,appmon,appmon_128,タップモン(ナビ),－,タップ,ナビ,,,,,,,,,,,,,,,,,unresolved_source_required,unresolved_asset_required,unresolved_asset_required,blocked_missing_battle_parameters
1449,appmon,appmon_129,タップモン(ツール),－,タップ,ツール,,,,,,,,,,,,,,,,,unresolved_source_required,unresolved_asset_required,unresolved_asset_required,blocked_missing_battle_parameters
1450,appmon,appmon_130,タップモン(システム),－,タップ,システム,,,,,,,,,,,,,,,,,unresolved_source_required,unresolved_asset_required,unresolved_asset_required,blocked_missing_battle_parameters
1451,appmon,appmon_131,タップモン(ゲーム),－,タップ,ゲーム,,,,,,,,,,,,,,,,,unresolved_source_required,unresolved_asset_required,unresolved_asset_required,blocked_missing_battle_parameters
1452,appmon,appmon_132,タップモン(エンタメ),－,タップ,エンタメ,,,,,,,,,,,,,,,,,unresolved_source_required,unresolved_asset_required,unresolved_asset_required,blocked_missing_battle_parameters
1453,appmon,appmon_133,タップモン(ライフ),－,タップ,ライフ,,,,,,,,,,,,,,,,,unresolved_source_required,unresolved_asset_required,unresolved_asset_required,blocked_missing_battle_parameters
1454,appmon,appmon_134,フリックモン(ソーシャル),－,フリック,ソーシャル,,,,,,,,,,,,,,,,,unresolved_source_required,unresolved_asset_required,unresolved_asset_required,blocked_missing_battle_parameters
1455,appmon,appmon_135,フリックモン(ナビ),－,フリック,ナビ,,,,,,,,,,,,,,,,,unresolved_source_required,unresolved_asset_required,unresolved_asset_required,blocked_missing_battle_parameters
1456,appmon,appmon_136,フリックモン(ツール),－,フリック,ツール,,,,,,,,,,,,,,,,,unresolved_source_required,unresolved_asset_required,unresolved_asset_required,blocked_missing_battle_parameters
1457,appmon,appmon_137,フリックモン(システム),－,フリック,システム,,,,,,,,,,,,,,,,,unresolved_source_required,unresolved_asset_required,unresolved_asset_required,blocked_missing_battle_parameters
1458,appmon,appmon_138,フリックモン(ゲーム),－,フリック,ゲーム,,,,,,,,,,,,,,,,,unresolved_source_required,unresolved_asset_required,unresolved_asset_required,blocked_missing_battle_parameters
1459,appmon,appmon_139,フリックモン(エンタメ),－,フリック,エンタメ,,,,,,,,,,,,,,,,,unresolved_source_required,unresolved_asset_required,unresolved_asset_required,blocked_missing_battle_parameters
1460,appmon,appmon_140,フリックモン(ライフ),－,フリック,ライフ,,,,,,,,,,,,,,,,,unresolved_source_required,unresolved_asset_required,unresolved_asset_required,blocked_missing_battle_parameters
1461,appmon,appmon_141,スワイプモン(ソーシャル),－,スワイプ,ソーシャル,,,,,,,,,,,,,,,,,unresolved_source_required,unresolved_asset_required,unresolved_asset_required,blocked_missing_battle_parameters
1462,appmon,appmon_142,スワイプモン(ナビ),－,スワイプ,ナビ,,,,,,,,,,,,,,,,,unresolved_source_required,unresolved_asset_required,unresolved_asset_required,blocked_missing_battle_parameters
1463,appmon,appmon_143,スワイプモン(ツール),－,スワイプ,ツール,,,,,,,,,,,,,,,,,unresolved_source_required,unresolved_asset_required,unresolved_asset_required,blocked_missing_battle_parameters
1464,appmon,appmon_144,スワイプモン(システム),－,スワイプ,システム,,,,,,,,,,,,,,,,,unresolved_source_required,unresolved_asset_required,unresolved_asset_required,blocked_missing_battle_parameters
1465,appmon,appmon_145,スワイプモン(ゲーム),－,スワイプ,ゲーム,,,,,,,,,,,,,,,,,unresolved_source_required,unresolved_asset_required,unresolved_asset_required,blocked_missing_battle_parameters
1466,appmon,appmon_146,スワイプモン(エンタメ),－,スワイプ,エンタメ,,,,,,,,,,,,,,,,,unresolved_source_required,unresolved_asset_required,unresolved_asset_required,blocked_missing_battle_parameters
1467,appmon,appmon_147,スワイプモン(ライフ),－,スワイプ,ライフ,,,,,,,,,,,,,,,,,unresolved_source_required,unresolved_asset_required,unresolved_asset_required,blocked_missing_battle_parameters
1468,appmon,appmon_148,ダンテモン,不明,開放,不明,,,,,,,,,,,,,,,,,unresolved_source_required,unresolved_asset_required,unresolved_asset_required,blocked_missing_battle_parameters
