dm_technique_id,emerald_runtime_move_id,name_ja,first_source_kind,mapping_status
1,935,ランページバレット,digimon,exact_official_string
2,936,アネスシージアゲイズ,digimon,exact_official_string
3,937,ドゥームバスター,digimon,exact_official_string
4,938,ディキャピテイトクロウ,digimon,exact_official_string
5,939,ソウルパラヴライザー,digimon,exact_official_string
6,940,レストリクトアイ,digimon,exact_official_string
7,941,羽々斬（はばきり）,digimon,exact_official_string
8,942,麁正（あらまさ）,digimon,exact_official_string
9,943,ペネトレイトブロウ,digimon,exact_official_string
10,944,マーダライズラッシュ,digimon,exact_official_string
11,945,ベアダウンスピニングキック,digimon,exact_official_string
12,946,氷骸礫(ひょうがいれき),digimon,exact_official_string
13,947,轟蹄崩(ごうていほう),digimon,exact_official_string
14,948,凍烈檮牙(とうれつとうが),digimon,exact_official_string
15,949,トライアンギュレーションスキャン,digimon,exact_official_string
16,950,デスペアブラスト,digimon,exact_official_string
17,951,エリミネイトレイン,digimon,exact_official_string
18,952,サイレントスクリーム,digimon,exact_official_string
19,953,アナイアレイトエッジ,digimon,exact_official_string
20,954,モナークオーディナンス,digimon,exact_official_string
21,955,ファイナルジャッジメント,digimon,exact_official_string
22,956,アロー・オブ・ウィスパード,digimon,exact_official_string
23,957,サン・オブ・ソローズ,digimon,exact_official_string
24,958,ウォジェット,digimon,exact_official_string
25,959,ライドライト,digimon,exact_official_string
26,960,ソード・オブ・メテオ,digimon,exact_official_string
27,961,インフィニティソードレイン,digimon,exact_official_string
28,962,マルクトクリスタル,digimon,exact_official_string
29,963,レインボーハンド,digimon,exact_official_string
30,964,ソードマスカレード,digimon,exact_official_string
31,965,スペースチャクラム,digimon,exact_official_string
32,966,ヘリオスラッシャー,digimon,exact_official_string
33,967,コズモビクトリー,digimon,exact_official_string
34,968,フローズンガスト,digimon,exact_official_string
35,969,ブレイジングガスト,digimon,exact_official_string
36,970,レーヴァテイン,digimon,exact_official_string
37,971,ブレイズファイアー,digimon,exact_official_string
38,972,クロスレッド＆ブルー,digimon,exact_official_string
39,973,ビクトリーブレイブ,digimon,exact_official_string
40,974,アシッドタイフーン,digimon,exact_official_string
41,975,ビリオンスタブ,digimon,exact_official_string
42,976,ワイルドバーニング,digimon,exact_official_string
43,977,ブリリアンスダガー,digimon,exact_official_string
44,978,ブレス・オブ・ペルーン,digimon,exact_official_string
45,979,トマホークストライク,digimon,exact_official_string
46,980,トライカーヴレイン,digimon,exact_official_string
47,981,トリニティライトニング,digimon,exact_official_string
48,982,魔縁斬蹴撃（まえんざんしゅうげき）,digimon,exact_official_string
49,983,尊天大烈風（そんてんだいれっぷう）,digimon,exact_official_string
50,984,厳之御魂（いづのみたま）,digimon,exact_official_string
51,985,六合照徹閃（りくごうしょうてつせん）,digimon,exact_official_string
52,986,浄玻璃鏡(じょうはりのかがみ),digimon,exact_official_string
53,987,閻羅王降誕（えんらおうごうたん）,digimon,exact_official_string
54,988,火眼金睛（かがんきんせい）,digimon,exact_official_string
55,989,八戒炎天撃（はっかいえんてんげき）,digimon,exact_official_string
56,990,悟浄水天葬（ごじょうすいてんそう）,digimon,exact_official_string
57,991,超大聖雷天砲（ちょうたいせいらいてんほう）,digimon,exact_official_string
58,992,エスカトン,digimon,exact_official_string
59,993,プロフェットオブエリヤ,digimon,exact_official_string
60,994,ジェイルマオン,digimon,exact_official_string
61,995,ブルータルヘイロウ,digimon,exact_official_string
62,996,光爪神楽（こうそうかぐら）,digimon,exact_official_string
63,997,魔祓灼光（まふつのしゃっこう）,digimon,exact_official_string
64,998,猛進火達磨（もうしんひだるま）,digimon,exact_official_string
65,999,断災達磨落とし（だんさいだるまおとし）,digimon,exact_official_string
66,1000,クリスタルキャノン,digimon,exact_official_string
67,1001,ハンマーストライク,digimon,exact_official_string
68,1002,ノーホープフォール,digimon,exact_official_string
69,1003,クリスタルレイン,digimon,exact_official_string
70,1004,フィンガーボム,digimon,exact_official_string
71,1005,ホーリーフレア,digimon,exact_official_string
72,1006,クロノデヴォリューション,digimon,exact_official_string
73,1007,クロノスクロップ,digimon,exact_official_string
74,1008,日輪の舞,digimon,exact_official_string
75,1009,暁光一閃,digimon,exact_official_string
76,1010,ツバメ二枚返し,digimon,exact_official_string
77,1011,秘剣・飛鳥落とし,digimon,exact_official_string
78,1012,唐竹割り,digimon,exact_official_string
79,1013,秘剣ピヨピヨ斬り,digimon,exact_official_string
80,1014,ピヨピヨ,digimon,exact_official_string
81,1015,ハザードホールド,digimon,exact_official_string
82,1016,ヘルズスライス,digimon,exact_official_string
83,1017,マリオネットアボミネーション,digimon,exact_official_string
84,1018,小判振舞い,digimon,exact_official_string
85,1019,招敵来来拳（しょうてきらいらいけん）,digimon,exact_official_string
86,1020,劈龍爪（へきりゅうそう）,digimon,exact_official_string
87,1021,焔明珠（えんめいしゅ）,digimon,exact_official_string
88,1022,豪狛毬（ごうはくきゅう）,digimon,exact_official_string
89,1023,石土之体（いしづちのてい）,digimon,exact_official_string
90,1024,編笠スピン斬り,digimon,exact_official_string
91,1025,粘溶液（ねんようえき）,digimon,exact_official_string
92,1026,猛冲角（もうちゅうかく）,digimon,exact_official_string
93,1027,岩衝弾（がんしょうだん）,digimon,exact_official_string
94,1028,泿水弾（ぎんすいだん）,digimon,exact_official_string
95,1029,蛟牙（こうが）,digimon,exact_official_string
96,1030,猿攻回転弾（えんこうかいてんだん）,digimon,exact_official_string
97,1031,金絲吼（きんしこう）,digimon,exact_official_string
98,1032,ニュートロンレイザー,digimon,exact_official_string
99,1033,ニュートロンデフューザー,digimon,exact_official_string
100,1034,ニュートロンブレイド,digimon,exact_official_string
101,1035,デスロールプレス,digimon,exact_official_string
102,1036,燐火（りんか）,digimon,exact_official_string
103,1037,ヒノタマ,digimon,exact_official_string
104,1038,黏雲（ねんうん）,digimon,exact_official_string
105,1039,呼雲（こうん）,digimon,exact_official_string
106,1040,アブソーベント・バン,digimon,exact_official_string
107,1041,エンドレストランス,digimon,exact_official_string
108,1042,プロビデンススキャン,digimon,exact_official_string
109,1043,シャドウアーツ,digimon,exact_official_string
110,1044,ジャイアントラング,digimon,exact_official_string
111,1045,メズマバースト,digimon,exact_official_string
112,1046,クリムゾンクレスト,digimon,exact_official_string
113,1047,ドレッドノートスタンピード,digimon,exact_official_string
114,1048,九淵貪角(きゅうえんどんかく),digimon,exact_official_string
115,1049,穢吐餓(えとが),digimon,exact_official_string
116,1050,饕飢爆（とうきばく）,digimon,exact_official_string
117,1051,ルースレスチャージ,digimon,exact_official_string
118,1052,ディスレンジホーン,digimon,exact_official_string
119,1053,ヴェインアンサー,digimon,exact_official_string
120,1054,アイアンヘイロウ,digimon,exact_official_string
121,1055,アイズオブエノク,digimon,exact_official_string
122,1056,メタトロニオス,digimon,exact_official_string
123,1057,闘魂爪（とうこんそう）,digimon,exact_official_string
124,1058,爆霧（ばくぎり）,digimon,exact_official_string
125,1059,GGS（ジージーエス）,digimon,exact_official_string
126,1060,千塵鬼神斬（せんじんきしんざん）,digimon,exact_official_string
127,1061,ルースレスファング,digimon,exact_official_string
128,1062,ルースレスクロー,digimon,exact_official_string
129,1063,ラースロア,digimon,exact_official_string
130,1064,ツェッペリンサーカス,digimon,exact_official_string
131,1065,デアデビルブレイク,digimon,exact_official_string
132,1066,カーズバイト,digimon,exact_official_string
133,1067,リリースハウリング,digimon,exact_official_string
134,1068,豪ノ斬・叢時雨（ごうのざん・むらしぐれ）,digimon,exact_official_string
135,1069,柔ノ斬・月時雨（じゅうのざん・つきしぐれ）,digimon,exact_official_string
136,1070,終ノ斬・哭雨（ついのざん・こくう）,digimon,exact_official_string
137,1071,ラピッドバースト,digimon,exact_official_string
138,1072,スキャッターロケット,digimon,exact_official_string
139,1073,バージャースラッシュ,digimon,exact_official_string
140,1074,トムボーイブレイズ,digimon,exact_official_string
141,1075,パラライズエコー,digimon,exact_official_string
142,1076,アナライズエコー,digimon,exact_official_string
143,1077,キュリアスアイズ,digimon,exact_official_string
144,1078,コンデンスドエコー,digimon,exact_official_string
145,1079,プリショット,digimon,exact_official_string
146,1080,スタブクロー,digimon,exact_official_string
147,1081,テイルスラップ,digimon,exact_official_string
148,1082,ベルシラックエッジ,digimon,exact_official_string
149,1083,スリーピーホロウ,digimon,exact_official_string
150,1084,スマッシュビート,digimon,exact_official_string
151,1085,ブレイクスロー,digimon,exact_official_string
152,1086,スイングタックル,digimon,exact_official_string
153,1087,ビートリック,digimon,exact_official_string
154,1088,粘着性の泡,digimon,exact_official_string
155,1089,ストーンレールガン,digimon,exact_official_string
156,1090,エレクトリックコンプレッション,digimon,exact_official_string
157,1091,マグネティックテンペスト,digimon,exact_official_string
158,1092,ブルータルエアロバティック,digimon,exact_official_string
159,1093,フォルゴーレ,digimon,exact_official_string
160,1094,ブルータルホイール,digimon,exact_official_string
161,1095,クラッシュギアスピン,digimon,exact_official_string
162,1096,グラビトンネコキック,digimon,exact_official_string
163,1097,カラバスペシャル,digimon,exact_official_string
164,1098,秘剣キャット・ザ・ナインライブス,digimon,exact_official_string
165,1099,斬空(ざんくう),digimon,exact_official_string
166,1100,刃羽颪(じんばおろし),digimon,exact_official_string
167,1101,窮牙嵐断襲(きゅうがらんだんしゅう),digimon,exact_official_string
168,1102,絡縛藻紐（らくばくそうちゅう）,digimon,exact_official_string
169,1103,波濤深槍（はとうしんそう）,digimon,exact_official_string
170,1104,浄流海癒（じょうりゅうかいゆ）,digimon,exact_official_string
171,1105,サンダージャベリン,digimon,exact_official_string
172,1106,デッドロール,digimon,exact_official_string
173,1107,一斉砲撃,digimon,exact_official_string
174,1108,プルトダモン,digimon,exact_official_string
175,1109,ファングチャージ,digimon,exact_official_string
176,1110,武獲物語（たけとりものがたり）,digimon,exact_official_string
177,1111,月夜之迎（つきよのむかえ）,digimon,exact_official_string
178,1112,骸繰艶舞・鉢かづき,digimon,exact_official_string
179,1113,初瀬のおもてなし,digimon,exact_official_string
180,1114,ダンマクエンジュ,digimon,exact_official_string
181,1115,キデコノイスクミ,digimon,exact_official_string
182,1116,ハニワフラッシュ,digimon,exact_official_string
183,1117,コフンタックル,digimon,exact_official_string
184,1118,アイアンインヘイラー,digimon,exact_official_string
185,1119,トライエアボッツ,digimon,exact_official_string
186,1120,アイアンギャロップ,digimon,exact_official_string
187,1121,ロデオミサイル,digimon,exact_official_string
188,1122,ツインバブル,digimon,exact_official_string
189,1123,斬砍双刃撃,digimon,exact_official_string
190,1124,封神六蓮華,digimon,exact_official_string
191,1125,浪濤扇（ろうとうせん）,digimon,exact_official_string
192,1126,鹹海炸滄陣（かんかいさくそうじん）,digimon,exact_official_string
193,1127,蒼纏龍神牙（そうてんりゅうじんが）,digimon,exact_official_string
194,1128,バイティングブート,digimon,exact_official_string
195,1129,アイズオブゴルゴーン,digimon,exact_official_string
196,1130,レイジングサーペンタイン,digimon,exact_official_string
197,1131,ヴェノブレラ,digimon,exact_official_string
198,1132,スプラッシュトキシン,digimon,exact_official_string
199,1133,ソウルストライカー,digimon,exact_official_string
200,1134,アパリションレギオン,digimon,exact_official_string
201,1135,墜月衝（ついげつしょう）,digimon,exact_official_string
202,1136,蛾眉截波（がびせっぱ）,digimon,exact_official_string
203,1137,太陰皓光（たいいんこうこう）,digimon,exact_official_string
204,1138,ゾフルカーブース,digimon,exact_official_string
205,1139,アペシュイカーブ,digimon,exact_official_string
206,1140,ラアナハムシーン,digimon,exact_official_string
207,1141,トリコンビットデモリッシャー,digimon,exact_official_string
208,1142,ドリルエミッション,digimon,exact_official_string
209,1143,グラウンドスパイク,digimon,exact_official_string
210,1144,デザートアビス,digimon,exact_official_string
211,1145,インビジブルカッター,digimon,exact_official_string
212,1146,スーパーロケットフィスト,digimon,exact_official_string
213,1147,アルティメットブレーザー,digimon,exact_official_string
214,1148,ウェイストアブダクション,digimon,exact_official_string
215,1149,アナイデントファイド・エアリアル・フェノメノン,digimon,exact_official_string
216,1150,ルミナスヒート,digimon,exact_official_string
217,1151,セイリングスピン,digimon,exact_official_string
218,1152,儀来四海招（にらいしかいしょう）,digimon,exact_official_string
219,1153,海神之祓（わだつみのはらえ）,digimon,exact_official_string
220,1154,ケルティックバインド,digimon,exact_official_string
221,1155,スキャッターゴームグラス,digimon,exact_official_string
222,1156,ハイドロデモリッシャー,digimon,exact_official_string
223,1157,トキシックスプレッド,digimon,exact_official_string
224,1158,フリルドカッター,digimon,exact_official_string
225,1159,ヘリコプテイル,digimon,exact_official_string
226,1160,乾坤圏,digimon,exact_official_string
227,1161,爆迅炎戟破,digimon,exact_official_string
228,1162,バーニングエンド,digimon,exact_official_string
229,1163,ダイナブレス,digimon,exact_official_string
230,1164,スノースワッター,digimon,exact_official_string
231,1165,スノーマンズダンス,digimon,exact_official_string
232,1166,レイジングアバランチ,digimon,exact_official_string
233,1167,コークスクリューキック,digimon,exact_official_string
234,1168,ウィンターガナリー,digimon,exact_official_string
235,1169,万象逸貫,digimon,exact_official_string
236,1170,天眼顕聖,digimon,exact_official_string
237,1171,アクセルスティンガー,digimon,exact_official_string
238,1172,ホーネットイレイザー,digimon,exact_official_string
239,1173,マッハスティンガー,digimon,exact_official_string
240,1174,ビーファランクス,digimon,exact_official_string
241,1175,トルクスティンガー,digimon,exact_official_string
242,1176,バンブルウェルダー,digimon,exact_official_string
243,1177,ブラックサバス,digimon,exact_official_string
244,1178,ブルーマーダーフレイム,digimon,exact_official_string
245,1179,メタリカエッジ,digimon,exact_official_string
246,1180,ディープパープルブラスター,digimon,exact_official_string
247,1181,ブリッツクリーグバップ,digimon,exact_official_string
248,1182,アナーキストフレイム,digimon,exact_official_string
249,1183,龍閃乱撃,digimon,exact_official_string
250,1184,毘沙門八極殲陣,digimon,exact_official_string
251,1185,鷹尖円舞,digimon,exact_official_string
252,1186,招来・哮天犬,digimon,exact_official_string
253,1187,マリッジストライク,digimon,exact_official_string
254,1188,ノーブルファミリアーツ,digimon,exact_official_string
255,1189,プリズムデイトブレイク,digimon,exact_official_string
256,1190,アップルフォーユー,digimon,exact_official_string
257,1191,クリムゾンリッパー,digimon,exact_official_string
258,1192,マーシーバスケット,digimon,exact_official_string
259,1193,ゲイルブレイバー,digimon,exact_official_string
260,1194,アネモイエンブレイス,digimon,exact_official_string
261,1195,ディバインテンペスト,digimon,exact_official_string
262,1196,ドラゴニックストーム,digimon,exact_official_string
263,1197,ウィングトルネード,digimon,exact_official_string
264,1198,バーディーヘッド,digimon,exact_official_string
265,1199,泡,digimon,exact_official_string
266,1200,ディープフォレスト,digimon,exact_official_string
267,1201,ロデオバレット,digimon,exact_official_string
268,1202,ネトティリズトリ,digimon,exact_official_string
269,1203,ナウイキアウィトル,digimon,exact_official_string
270,1204,ローリングストンパー,digimon,exact_official_string
271,1205,ドングリボム,digimon,exact_official_string
272,1206,ワンダーストンプ,digimon,exact_official_string
273,1207,プチニードル,digimon,exact_official_string
274,1208,ハリケーンスライサー,digimon,exact_official_string
275,1209,トルネードスロワー,digimon,exact_official_string
276,1210,ウィンドスライサー,digimon,exact_official_string
277,1211,ランブルクロー,digimon,exact_official_string
278,1212,天星斬,digimon,exact_official_string
279,1213,鉄天摧砕,digimon,exact_official_string
280,1214,終極戦刃建御雷神（シュウキョクセンジンタケミカヅチ）,digimon,exact_official_string
281,1215,絶極舞刀建御雷神（ゼツゴクブトウタケミカヅチ）,digimon,exact_official_string
282,1216,ヴァイオレントパニッシャー,digimon,exact_official_string
283,1217,ワールプールスピン,digimon,exact_official_string
284,1218,ライアードリーム,digimon,exact_official_string
285,1219,凶旋壊（きょうせんかい）,digimon,exact_official_string
286,1220,咒煉衝刻（じゅれんしょうこく）,digimon,exact_official_string
287,1221,渾沌亜空虚（こんとんあくうきょ）,digimon,exact_official_string
288,1222,斧乗炎怒（ふじょうえんど）,digimon,exact_official_string
289,1223,盾射轟哀（じゅんせきごうあい）,digimon,exact_official_string
290,1224,雷鬧（らいどう),digimon,exact_official_string
291,1225,鉄壁相（てっぺきのそう）,digimon,exact_official_string
292,1226,献身相（けんしんのそう）,digimon,exact_official_string
293,1227,九種九面撃（きゅうしゅきゅうめんげき）,digimon,exact_official_string
294,1228,ファイナルエクスキャリバー,digimon,exact_official_string
295,1229,ゼロヘブンズ,digimon,exact_official_string
296,1230,ディヴォーションフィールド,digimon,exact_official_string
297,1231,セイントレギオン,digimon,exact_official_string
298,1232,ヘブンズフレイム,digimon,exact_official_string
299,1233,ブレイブオーラ,digimon,exact_official_string
300,1234,ピコナックル,digimon,exact_official_string
301,1235,クラウドバリア,digimon,exact_official_string
302,1236,無極,digimon,exact_official_string
303,1237,晦冥葬,digimon,exact_official_string
304,1238,ムーンライトバブル,digimon,exact_official_string
305,1239,サンライトバブル,digimon,exact_official_string
306,1240,ジェノサイドレイン,digimon,exact_official_string
307,1241,エクサデストロイヤー,digimon,exact_official_string
308,1242,DCDグレネード,digimon,exact_official_string
309,1243,デストロイチャージ,digimon,exact_official_string
310,1244,ラグナロクハウリング,digimon,exact_official_string
311,1245,ヨトゥンヘイムゲイル,digimon,exact_official_string
312,1246,フローズヴィトニル,digimon,exact_official_string
313,1247,ハウリングバースト,digimon,exact_official_string
314,1248,インフェルノクロー,digimon,exact_official_string
315,1249,ハティエンブレイス,digimon,exact_official_string
316,1250,プロミネンスレーザー,digimon,exact_official_string
317,1251,イラプションハウリング,digimon,exact_official_string
318,1252,スコルレイジ,digimon,exact_official_string
319,1253,サプレッションストライク,digimon,exact_official_string
320,1254,スローターブレード,digimon,exact_official_string
321,1255,ハウリングバーナー,digimon,exact_official_string
322,1256,フレイムブロウ,digimon,exact_official_string
323,1257,パピースパーク,digimon,exact_official_string
324,1258,パピーノイズ,digimon,exact_official_string
325,1259,アンリミテッドジャーニー,digimon,exact_official_string
326,1260,ヘイジータイム,digimon,exact_official_string
327,1261,ハウリングファイア,digimon,exact_official_string
328,1262,スパイラルバイト,digimon,exact_official_string
329,1263,エクスティンクションクラウド,digimon,exact_official_string
330,1264,ライトオブリクリエイション,digimon,exact_official_string
331,1265,ブラックデス,digimon,exact_official_string
332,1266,ブラックコンフェッション,digimon,exact_official_string
333,1267,ギガーススパイラル,digimon,exact_official_string
334,1268,ヘルインシネレート,digimon,exact_official_string
335,1269,デスデストロイヤー,digimon,exact_official_string
336,1270,伍連断霊斬（ごれんだんれいざん）,digimon,exact_official_string
337,1271,伍重螺旋断（ごじゅうらせんだち）,digimon,exact_official_string
338,1272,獄門縛（ごくもんしばり）,digimon,exact_official_string
339,1273,コンボブラスト,digimon,exact_official_string
340,1274,リミットエクスプロージョン,digimon,exact_official_string
341,1275,トゥルーアイズ,digimon,exact_official_string
342,1276,コアシュート,digimon,exact_official_string
343,1277,燕（つばくろ）,digimon,exact_official_string
344,1278,舎利弗（しゃりほつ）,digimon,exact_official_string
345,1279,黄泉戻（よみもどし）,digimon,exact_official_string
346,1280,バッカルラッシュ,digimon,exact_official_string
347,1281,オーシャンヘル,digimon,exact_official_string
348,1282,アクアグラインダー,digimon,exact_official_string
349,1283,カリプバイト,digimon,exact_official_string
350,1284,ゲニアス,digimon,exact_official_string
351,1285,デッドエンドスパイク,digimon,exact_official_string
352,1286,グラントレース,digimon,exact_official_string
353,1287,ラグナロク・キャノン,digimon,exact_official_string
354,1288,ギムレットガン,digimon,exact_official_string
355,1289,スペイザー,digimon,exact_official_string
356,1290,シャトルシザーズ,digimon,exact_official_string
357,1291,サテライトバスター,digimon,exact_official_string
358,1292,フュージョナイズ,digimon,exact_official_string
359,1293,3連装砲,digimon,exact_official_string
360,1294,ジャガーノートブラスト,digimon,exact_official_string
361,1295,ロングレンジバスターキャノン,digimon,exact_official_string
362,1296,ルインレーザー,digimon,exact_official_string
363,1297,トゥースピア,digimon,exact_official_string
364,1298,メッサークロー,digimon,exact_official_string
365,1299,トゥーリブラスト,digimon,exact_official_string
366,1300,ザイカミウチ,digimon,exact_official_string
367,1301,アブソマーク,digimon,exact_official_string
368,1302,クリスタルフリーザー,digimon,exact_official_string
369,1303,アクアザンバー,digimon,exact_official_string
370,1304,ライバーンブレイク,digimon,exact_official_string
371,1305,アンブレディフェンダー,digimon,exact_official_string
372,1306,トラスゲイン,digimon,exact_official_string
373,1307,ボルジャーグ,digimon,exact_official_string
374,1308,バックストラッシュ,digimon,exact_official_string
375,1309,フォトンブラスター,digimon,exact_official_string
376,1310,コスモブレード,digimon,exact_official_string
377,1311,ブレイクエーサー,digimon,exact_official_string
378,1312,プラネイトナックル,digimon,exact_official_string
379,1313,コロナブレイズソード,digimon,exact_official_string
380,1314,ファイナルシャイニングバースト,digimon,exact_official_string
381,1315,トリッドヴァイス,digimon,exact_official_string
382,1316,スイーポア,digimon,exact_official_string
383,1317,シャンピオン・ボム,digimon,exact_official_string
384,1318,デュアルプレッサー,digimon,exact_official_string
385,1319,ジュークラック,digimon,exact_official_string
386,1320,ジャミール,digimon,exact_official_string
387,1321,リーフレッド,digimon,exact_official_string
388,1322,孤籠泡（ころうほう）,digimon,exact_official_string
389,1323,冰乱結突（ひょうらんけっとつ）,digimon,exact_official_string
390,1324,潮流旋禍（ちょうりゅうせんか）,digimon,exact_official_string
391,1325,雷煌鞭（らいこうべん）,digimon,exact_official_string
392,1326,神碎牙（しんさいが）,digimon,exact_official_string
393,1327,天星壊海（てんせいかいかい）,digimon,exact_official_string
394,1328,瀑閃（ばくせん）,digimon,exact_official_string
395,1329,魚流炮（ぎょりゅうほう）,digimon,exact_official_string
396,1330,冰凍爪（ひょうとうそう）,digimon,exact_official_string
397,1331,ポジトロンレーザー,digimon,exact_official_string
398,1332,ギガデス,digimon,exact_official_string
399,1333,ポジトロンレーザーランス,digimon,exact_official_string
400,1334,メガバースト,digimon,exact_official_string
401,1335,ブレイダーテイル,digimon,exact_official_string
402,1336,千万ノ太刀（ちよろずのたち）,digimon,exact_official_string
403,1337,羅焼門（らしょうもん）,digimon,exact_official_string
404,1338,幽玄（ゆうげん）,digimon,exact_official_string
405,1339,八束染縛（やつかせんばく）,digimon,exact_official_string
406,1340,魔塵瓢箪（まじんびょうたん）,digimon,exact_official_string
407,1341,千砲土蜘蛛（せんほうつちぐも）,digimon,exact_official_string
408,1342,ナイトメアレイン,digimon,exact_official_string
409,1343,ファンシーファンタジスタ,digimon,exact_official_string
410,1344,スイートラブリーアタック,digimon,exact_official_string
411,1345,スタンパーミサイル,digimon,exact_official_string
412,1346,ブレストキャノン,digimon,exact_official_string
413,1347,ドロンガー,digimon,exact_official_string
414,1348,ダイバニッシュ,digimon,exact_official_string
415,1349,モットボム,digimon,exact_official_string
416,1350,ケラウノスディバイド,digimon,exact_official_string
417,1351,ライトニングビー,digimon,exact_official_string
418,1352,ディオスサンダー,digimon,exact_official_string
419,1353,ハガードクラスター,digimon,exact_official_string
420,1354,ヘルズゲート,digimon,exact_official_string
421,1355,ケイオスライツ,digimon,exact_official_string
422,1356,アイランドフリーフォール,digimon,exact_official_string
423,1357,バーニングブラッドシェル,digimon,exact_official_string
424,1358,フルーツフレシェット,digimon,exact_official_string
425,1359,クック・オブ・ザ・ヘル,digimon,exact_official_string
426,1360,パーティー・オブ・ザ・ヘブン,digimon,exact_official_string
427,1361,リバース・オブ・ザ・デッド,digimon,exact_official_string
428,1362,ウェルカムロスト,digimon,exact_official_string
429,1363,リングラッジ,digimon,exact_official_string
430,1364,ライアーバニッシュメント,digimon,exact_official_string
431,1365,ニードルハイブ,digimon,exact_official_string
432,1366,グレイスランス,digimon,exact_official_string
433,1367,ラブバスケット,digimon,exact_official_string
434,1368,ビリースマッシャー,digimon,exact_official_string
435,1369,ハンマーサンダー,digimon,exact_official_string
436,1370,アドゥワールド,digimon,exact_official_string
437,1371,ドクテアーゼ,digimon,exact_official_string
438,1372,禍災爪（かさいそう）,digimon,exact_official_string
439,1373,叩破伐倒（こうはばっとう）,digimon,exact_official_string
440,1374,風牙烈巻迅（ふうがれっかんじん）,digimon,exact_official_string
441,1375,豪怨毀永斬（ごうおんきえいざん）,digimon,exact_official_string
442,1376,ガリアフィッシャー,digimon,exact_official_string
443,1377,ドラゴニア,digimon,exact_official_string
444,1378,メテオルクス,digimon,exact_official_string
445,1379,グランノヴァ,digimon,exact_official_string
446,1380,白詰一文字切り（覚醒）,digimon,exact_official_string
447,1381,白殺（覚醒）　（びゃくさい）,digimon,exact_official_string
448,1382,突蜂（覚醒）　（とっほう）,digimon,exact_official_string
449,1383,ミッキーバレット（覚醒）,digimon,exact_official_string
450,1384,ブレスファイア（覚醒）,digimon,exact_official_string
451,1385,グランドシスタークルス（覚醒）,digimon,exact_official_string
452,1386,ディバインピース(覚醒),digimon,exact_official_string
453,1387,プロテクトウェーブ(覚醒),digimon,exact_official_string
454,1388,グランドシスタークルス(覚醒),digimon,exact_official_string
455,1389,ダークパレス,digimon,exact_official_string
456,1390,デスデモーナ,digimon,exact_official_string
457,1391,デッドエンドスキュアー,digimon,exact_official_string
458,1392,フィサリスト,digimon,exact_official_string
459,1393,パニッシューネ,digimon,exact_official_string
460,1394,ボルスプライト,digimon,exact_official_string
461,1395,ジャイブ,digimon,exact_official_string
462,1396,レントライザー,digimon,exact_official_string
463,1397,ブレイキンストリーム,digimon,exact_official_string
464,1398,ネコパンチ,digimon,exact_official_string
465,1399,バコーニャ,digimon,exact_official_string
466,1400,ホイップデコレーション,digimon,exact_official_string
467,1401,ケーキカッティング,digimon,exact_official_string
468,1402,ハピネスフォール,digimon,exact_official_string
469,1403,テイストーン,digimon,exact_official_string
470,1404,スウィートベリー,digimon,exact_official_string
471,1405,ラピッドファイア,digimon,exact_official_string
472,1406,ゴールデントライアングル,digimon,exact_official_string
473,1407,ガトリングアーム,digimon,exact_official_string
474,1408,ダムダムアッパー,digimon,exact_official_string
475,1409,ガルルキャノン,digimon,exact_official_string
476,1410,グレイソード,digimon,exact_official_string
477,1411,セドナ,digimon,exact_official_string
478,1412,アルビオン,digimon,exact_official_string
479,1413,ウルダインパルス,digimon,exact_official_string
480,1414,ランベルタキック,digimon,exact_official_string
481,1415,ソルブロー,digimon,exact_official_string
482,1416,ソルショット,digimon,exact_official_string
483,1417,エクリプスノーン,digimon,exact_official_string
484,1418,ビンジェラード,digimon,exact_official_string
485,1419,デスチャージ,digimon,exact_official_string
486,1420,ゲーズイレイザー,digimon,exact_official_string
487,1421,ファイナルクロスブレード,digimon,exact_official_string
488,1422,クロスバーニングロッカー,digimon,exact_official_string
489,1423,ダブルフレアバスター,digimon,exact_official_string
490,1424,セブンビクトライズ,digimon,exact_official_string
491,1425,ビビサンダー,digimon,exact_official_string
492,1426,ボルトナックル,digimon,exact_official_string
493,1427,スパイラルキック,digimon,exact_official_string
494,1428,ゾーンパチパチ,digimon,exact_official_string
495,1429,パチパチガス,digimon,exact_official_string
496,1430,ダブルラリアット,digimon,exact_official_string
497,1431,プチトルネード,digimon,exact_official_string
498,1432,ピョンダンプ,digimon,exact_official_string
499,1433,ミッコミ,digimon,exact_official_string
500,1434,イヤンタ,digimon,exact_official_string
501,1435,ホーンアタック,digimon,exact_official_string
502,1436,ブレイクロー,digimon,exact_official_string
503,1437,チクチクアタック,digimon,exact_official_string
504,1438,ガーライトネス,digimon,exact_official_string
505,1439,ホワイトライナー,digimon,exact_official_string
506,1440,ダウナーアイ,digimon,exact_official_string
507,1441,ボルケニックドライバー,digimon,exact_official_string
508,1442,ダイヤモンドフィスト,digimon,exact_official_string
509,1443,キルリアン・ブラント,digimon,exact_official_string
510,1444,ライジング・サン,digimon,exact_official_string
511,1445,エレクーゲル,digimon,exact_official_string
512,1446,ブリッツアーム,digimon,exact_official_string
513,1447,ワームベノム,digimon,exact_official_string
514,1448,ポイズンライド,digimon,exact_official_string
515,1449,アクアタワー,digimon,exact_official_string
516,1450,ブレードフィン,digimon,exact_official_string
517,1451,バイオトキシン,digimon,exact_official_string
518,1452,インテンスランテール,digimon,exact_official_string
519,1453,ディビジョンブレイク,digimon,exact_official_string
520,1454,マルチプルシード,digimon,exact_official_string
521,1455,スプラウトラッシュ,digimon,exact_official_string
522,1456,グラン・デル・ソル,digimon,exact_official_string
523,1457,アサルトハチェット,digimon,exact_official_string
524,1458,タイドアップアイビー,digimon,exact_official_string
525,1459,ショットガンモス,digimon,exact_official_string
526,1460,ディストラクショングレネード,digimon,exact_official_string
527,1461,スパイシーオニオン,digimon,exact_official_string
528,1462,デリシャスパティ,digimon,exact_official_string
529,1463,ファイアフェザー,digimon,exact_official_string
530,1464,ピッドスピード,digimon,exact_official_string
531,1465,デザートウィンド,digimon,exact_official_string
532,1466,サンダーレイ,digimon,exact_official_string
533,1467,インセクスオーム,digimon,exact_official_string
534,1468,パイルシェル,digimon,exact_official_string
535,1469,マインドフォッグ,digimon,exact_official_string
536,1470,フリースローボム,digimon,exact_official_string
537,1471,爆・オヤジパンチ,digimon,exact_official_string
538,1472,ギガブラスター,digimon,exact_official_string
539,1473,ホーンバスター改,digimon,exact_official_string
540,1474,メテオスコール,digimon,exact_official_string
541,1475,メテオチャンピオン,digimon,exact_official_string
542,1476,プラズマブレイド,digimon,exact_official_string
543,1477,エキゾーストフレイム,digimon,exact_official_string
544,1478,ライデンブレイド,digimon,exact_official_string
545,1479,ダークネスギア,digimon,exact_official_string
546,1480,旋風縛（せんぷうばく）,digimon,exact_official_string
547,1481,菊燐一閃・號雷斬（きくりんいっせん・ごうらいざん）,digimon,exact_official_string
548,1482,刀華静謐（とうかせいひつ）,digimon,exact_official_string
549,1483,ブラキオバブル,digimon,exact_official_string
550,1484,ブレイドツイスター,digimon,exact_official_string
551,1485,三連星,digimon,exact_official_string
552,1486,ヴォルケーノストライクS,digimon,exact_official_string
553,1487,ハードタックル,digimon,exact_official_string
554,1488,ジャスティスマサカー,digimon,exact_official_string
555,1489,サプライズアタック,digimon,exact_official_string
556,1490,斬電剣,digimon,exact_official_string
557,1491,スカルスタンド,digimon,exact_official_string
558,1492,リーパーストライク,digimon,exact_official_string
559,1493,デザートデスサイズ,digimon,exact_official_string
560,1494,ウィザーウィング,digimon,exact_official_string
561,1495,ロックブレス,digimon,exact_official_string
562,1496,砂かけ,digimon,exact_official_string
563,1497,ダークピューピル,digimon,exact_official_string
564,1498,ポイズンミュークス,digimon,exact_official_string
565,1499,ゴルドリアンラッシュ,digimon,exact_official_string
566,1500,ゴールドエクスクレメント,digimon,exact_official_string
567,1501,ホイールラッシュ,digimon,exact_official_string
568,1502,ソードダンサー,digimon,exact_official_string
569,1503,バーニングスタークラッシャー,digimon,exact_official_string
570,1504,スリービクトライズ,digimon,exact_official_string
571,1505,スリーインパクト,digimon,exact_official_string
572,1506,ビクトライズブーメラン,digimon,exact_official_string
573,1507,ポイズンネイル,digimon,exact_official_string
574,1508,ラッパーコースター,digimon,exact_official_string
575,1509,ワンハンド・スイング,digimon,exact_official_string
576,1510,トルペド・クロッシング,digimon,exact_official_string
577,1511,コッチョン,digimon,exact_official_string
578,1512,ミニデカフレイム,digimon,exact_official_string
579,1513,鼓・爆砕,digimon,exact_official_string
580,1514,頭つぶし,digimon,exact_official_string
581,1515,クールランニング,digimon,exact_official_string
582,1516,急ブレーキスパーク,digimon,exact_official_string
583,1517,ウンチ投げ,digimon,exact_official_string
584,1518,キングスタンプ,digimon,exact_official_string
585,1519,鬼瞬轟拳（きしゅんごうけん）,digimon,exact_official_string
586,1520,獄炎破回蹴（ごくえんはかいしゅう）,digimon,exact_official_string
587,1521,喰雷炎砕破（がらいえんさいは）,digimon,exact_official_string
588,1522,イノセンスブリザード,digimon,exact_official_string
589,1523,フリージングレイ,digimon,exact_official_string
590,1524,ルインリバーヴ,digimon,exact_official_string
591,1525,リムーバルブロウ,digimon,exact_official_string
592,1526,デフロストブレード,digimon,exact_official_string
593,1527,グラシエイトミサイル,digimon,exact_official_string
594,1528,ダイアモンドダスト,digimon,exact_official_string
595,1529,セブンヘルズ,digimon,exact_official_string
596,1530,テスタメント,digimon,exact_official_string
597,1531,ダイジェス,digimon,exact_official_string
598,1532,ディケイズン,digimon,exact_official_string
599,1533,擬遁アイソレーション（ぎとんあいそれーしょん）,digimon,exact_official_string
600,1534,クラックハーケン,digimon,exact_official_string
601,1535,ダイナミックサイファー,digimon,exact_official_string
602,1536,フィレットブレード,digimon,exact_official_string
603,1537,リップルエッジ,digimon,exact_official_string
604,1538,リキッドヴェール,digimon,exact_official_string
605,1539,プレシャスフレア,digimon,exact_official_string
606,1540,ドリームミサイル,digimon,exact_official_string
607,1541,アブソリュートテリトリー,digimon,exact_official_string
608,1542,ナイトメアアッセンブル,digimon,exact_official_string
609,1543,トゥインペタル,digimon,exact_official_string
610,1544,トライデントアームＶＥＲ９.９,digimon,exact_official_string
611,1545,ギガデストロイヤー,digimon,exact_official_string
612,1546,氷獣拳,digimon,exact_official_string
613,1547,雪花火,digimon,exact_official_string
614,1548,エネルギーボム,digimon,exact_official_string
615,1549,エネルギーレーザーボム,digimon,exact_official_string
616,1550,アノードパンチ,digimon,exact_official_string
617,1551,カソードキック,digimon,exact_official_string
618,1552,サンダーボマー,digimon,exact_official_string
619,1553,ヴォルケーノストライク,digimon,exact_official_string
620,1554,トマホークスラッシュ,digimon,exact_official_string
621,1555,グラオ・レルム,digimon,exact_official_string
622,1556,シュヴァルツ・シュトラール,digimon,exact_official_string
623,1557,デッドリーシェード,digimon,exact_official_string
624,1558,マッドバイキング,digimon,exact_official_string
625,1559,アングリーロック,digimon,exact_official_string
626,1560,レイジロック,digimon,exact_official_string
627,1561,シザーズエクスキューション,digimon,exact_official_string
628,1562,ヘビークランチ,digimon,exact_official_string
629,1563,ロックブレイカー,digimon,exact_official_string
630,1564,ファイアーボール,digimon,exact_official_string
631,1565,ファイアーミット,digimon,exact_official_string
632,1566,ソル・キャリバー,digimon,exact_official_string
633,1567,デモリッションホーン,digimon,exact_official_string
634,1568,リュウセイロックダマシー,digimon,exact_official_string
635,1569,植物性の泡,digimon,exact_official_string
636,1570,グリーンピクルス,digimon,exact_official_string
637,1571,シュバシュバポテト,digimon,exact_official_string
638,1572,バッシュドポテト,digimon,exact_official_string
639,1573,アネモダルメノス,digimon,exact_official_string
640,1574,アステロイディス,digimon,exact_official_string
641,1575,ロンヒ・アディスタクト,digimon,exact_official_string
642,1576,クータスタ・キラナ,digimon,exact_official_string
643,1577,カマラ・カルマ,digimon,exact_official_string
644,1578,サマディ・シャンティ,digimon,exact_official_string
645,1579,二刀勢雷（にとうせいらい）,digimon,exact_official_string
646,1580,士道一徹（しどういってつ）,digimon,exact_official_string
647,1581,神電召雷光（しんでんしょうらいこう）,digimon,exact_official_string
648,1582,ブランブルショット,digimon,exact_official_string
649,1583,クリムゾンスポアーズ,digimon,exact_official_string
650,1584,キリングケイデンス,digimon,exact_official_string
651,1585,リズミック・アーツ,digimon,exact_official_string
652,1586,ハウリングブラスト,digimon,exact_official_string
653,1587,アップビートツイスター,digimon,exact_official_string
654,1588,キャノンボールシューター,digimon,exact_official_string
655,1589,ワイルドピッチ,digimon,exact_official_string
656,1590,ラウンドジェイル,digimon,exact_official_string
657,1591,雷撃踵（らいげきしょう）,digimon,exact_official_string
658,1592,武電破弾（ぶでんはだん）,digimon,exact_official_string
659,1593,迅雷廻天戟（じんらいかいてんげき）,digimon,exact_official_string
660,1594,轟炎輪（ごうえんりん）,digimon,exact_official_string
661,1595,灰迅雷瞳（かいじんらいどう）,digimon,exact_official_string
662,1596,響香水月（きょうかすいげつ）,digimon,exact_official_string
663,1597,マーブルインパクト,digimon,exact_official_string
664,1598,ドリームハリケーン,digimon,exact_official_string
665,1599,ラブリーシャワー,digimon,exact_official_string
666,1600,ミニマルフラッシュ,digimon,exact_official_string
667,1601,静電気,digimon,exact_official_string
668,1602,パラライズリック,digimon,exact_official_string
669,1603,ライトニングラッシュ,digimon,exact_official_string
670,1604,ハートビートインパルス,digimon,exact_official_string
671,1605,インセクマインド,digimon,exact_official_string
672,1606,デフィブレイショック,digimon,exact_official_string
673,1607,エレクトリカルフィスト,digimon,exact_official_string
674,1608,サンダードレッド,digimon,exact_official_string
675,1609,ワイワイパー,digimon,exact_official_string
676,1610,マッシグラン,digimon,exact_official_string
677,1611,エレキラッシュ,digimon,exact_official_string
678,1612,プチインパルス,digimon,exact_official_string
679,1613,雅琉々砲（がるるほう）,digimon,exact_official_string
680,1614,虞玲刀（ぐれいとう）,digimon,exact_official_string
681,1615,デストロイクロウ,digimon,exact_official_string
682,1616,アルティメットフレア,digimon,exact_official_string
683,1617,マイアスピウ,digimon,exact_official_string
684,1618,カウスラッガー,digimon,exact_official_string
685,1619,アルナスショット,digimon,exact_official_string
686,1620,カイザーネイル,digimon,exact_official_string
687,1621,メガデス,digimon,exact_official_string
688,1622,トリニティゴスペル,digimon,exact_official_string
689,1623,アシッドインジェクション,digimon,exact_official_string
690,1624,デッドショット,digimon,exact_official_string
691,1625,ヒンダーマイアズマ,digimon,exact_official_string
692,1626,サイキックチェーン,digimon,exact_official_string
693,1627,クラウドビジョン,digimon,exact_official_string
694,1628,ダークウィング,digimon,exact_official_string
695,1629,ポジトロンブラスター,digimon,exact_official_string
696,1630,アルタブレード,digimon,exact_official_string
697,1631,トライデントアーム,digimon,exact_official_string
698,1632,ジガストーム,digimon,exact_official_string
699,1633,ヴァンキッシュミサイル,digimon,exact_official_string
700,1634,マキシマムデモリッシャー,digimon,exact_official_string
701,1635,フルスロットルエッジ,digimon,exact_official_string
702,1636,マッドネスファイア,digimon,exact_official_string
703,1637,パラボリックジャンク,digimon,exact_official_string
704,1638,スクラップティース,digimon,exact_official_string
705,1639,バレッジスイーパー,digimon,exact_official_string
706,1640,レスティングバーナー,digimon,exact_official_string
707,1641,ソニックエクスカベーター,digimon,exact_official_string
708,1642,ホップヒップ,digimon,exact_official_string
709,1643,ポッピンティア,digimon,exact_official_string
710,1644,アナイアレンション,digimon,exact_official_string
711,1645,ルウダメント,digimon,exact_official_string
712,1646,ドライアドスティンガー,digimon,exact_official_string
713,1647,ブラステッドディザスター,digimon,exact_official_string
714,1648,パルシースイート,digimon,exact_official_string
715,1649,ウェイビーオクタヴィスト,digimon,exact_official_string
716,1650,ペタリーカーネイジ,digimon,exact_official_string
717,1651,トロピカルヴェノム,digimon,exact_official_string
718,1652,ラピッドシード,digimon,exact_official_string
719,1653,フルーツラッシュ,digimon,exact_official_string
720,1654,邪念眼,digimon,exact_official_string
721,1655,影縛り,digimon,exact_official_string
722,1656,愚幻,digimon,exact_official_string
723,1657,電撃ビリリン185V,digimon,exact_official_string
724,1658,電撃ビリリン,digimon,exact_official_string
725,1659,パラライズブレス,digimon,exact_official_string
726,1660,ブービーピット,digimon,exact_official_string
727,1661,酸の泡,digimon,exact_official_string
728,1662,リトルプラズマ,digimon,exact_official_string
729,1663,ジャックレイド,digimon,exact_official_string
730,1664,ブリューナストライク,digimon,exact_official_string
731,1665,リアクターディスチャージ,digimon,exact_official_string
732,1666,クルーアルインバイト,digimon,exact_official_string
733,1667,カラミティバイス,digimon,exact_official_string
734,1668,ブラントクロー,digimon,exact_official_string
735,1669,コロニートーピード,digimon,exact_official_string
736,1670,ポセイドンボルテックス,digimon,exact_official_string
737,1671,アクア・バイパー,digimon,exact_official_string
738,1672,サッカーフィッシュダーツ,digimon,exact_official_string
739,1673,フライングフィニッシュ,digimon,exact_official_string
740,1674,レフュージミスト,digimon,exact_official_string
741,1675,コーラルプレッシャー,digimon,exact_official_string
742,1676,ジャイアントグレイター,digimon,exact_official_string
743,1677,カース・リフレクション,digimon,exact_official_string
744,1678,マウントストーン,digimon,exact_official_string
745,1679,グライドロックス,digimon,exact_official_string
746,1680,グリットネイル,digimon,exact_official_string
747,1681,サンドブラスト,digimon,exact_official_string
748,1682,スパイクバスター,digimon,exact_official_string
749,1683,フライングキック,digimon,exact_official_string
750,1684,インフィニティドリーム,digimon,exact_official_string
751,1685,ブレイズスパイカー,digimon,exact_official_string
752,1686,マッハフリッカー,digimon,exact_official_string
753,1687,フロッグショット,digimon,exact_official_string
754,1688,スピンカリバー,digimon,exact_official_string
755,1689,スパイラルシュレッダー,digimon,exact_official_string
756,1690,プリズムギャレット,digimon,exact_official_string
757,1691,フォックスファイアー,digimon,exact_official_string
758,1692,メガフレイム,digimon,exact_official_string
759,1693,ボルトライン,digimon,exact_official_string
760,1694,インプリズメント,digimon,exact_official_string
761,1695,ブルートナックル,digimon,exact_official_string
762,1696,シュガーパウンド,digimon,exact_official_string
763,1697,ブルーブレイブ,digimon,exact_official_string
764,1698,オーロラブレイザー,digimon,exact_official_string
765,1699,リンリンテラピー,digimon,exact_official_string
766,1700,オーロラストリーム,digimon,exact_official_string
767,1701,カッティングエッジ,digimon,exact_official_string
768,1702,クルーティレイン,digimon,exact_official_string
769,1703,フルメタルマシンガン,digimon,exact_official_string
770,1704,クールエッジ,digimon,exact_official_string
771,1705,ムーンテンス,digimon,exact_official_string
772,1706,レドルスター,digimon,exact_official_string
773,1707,レッドリーマー,digimon,exact_official_string
774,1708,ストラッシュサラマンダー,digimon,exact_official_string
775,1709,ガイアブレイブ,digimon,exact_official_string
776,1710,ビートプレス,digimon,exact_official_string
777,1711,ヘクサンダー,digimon,exact_official_string
778,1712,ミラーガード,digimon,exact_official_string
779,1713,ミラーダスト,digimon,exact_official_string
780,1714,ボールトリプ,digimon,exact_official_string
781,1715,天晴れ桜,digimon,exact_official_string
782,1716,扇子返し,digimon,exact_official_string
783,1717,ダイバッチグー,digimon,exact_official_string
784,1718,プチツイスター,digimon,exact_official_string
785,1719,フローズンクロー,digimon,exact_official_string
786,1720,カロスディメンション,digimon,exact_official_string
787,1721,レーザーカノン,digimon,exact_official_string
788,1722,レーザーサーベル,digimon,exact_official_string
789,1723,メッサースパイラル,digimon,exact_official_string
790,1724,N・S・B・M,digimon,exact_official_string
791,1725,レーザーアイ,digimon,exact_official_string
792,1726,ソニックバルカン,digimon,exact_official_string
793,1727,ココンピック,digimon,exact_official_string
794,1728,サモンフロスト,digimon,exact_official_string
795,1729,ヘクトエッジブリザード,digimon,exact_official_string
796,1730,アブソリュートブラスト,digimon,exact_official_string
797,1731,アイスエイジ,digimon,exact_official_string
798,1732,メテオヘイル,digimon,exact_official_string
799,1733,トリックオアトリート・ウォレス,digimon,exact_official_string
800,1734,アトランティックダム,digimon,exact_official_string
801,1735,ワッサムリングジャック,digimon,exact_official_string
802,1736,デスティニー・デス・デストラクション（Death3）,digimon,exact_official_string
803,1737,聖拳滅破,digimon,exact_official_string
804,1738,ナイツ・イントルーダー,digimon,exact_official_string
805,1739,クレイジーギグル,digimon,exact_official_string
806,1740,フレアロックダマシー,digimon,exact_official_string
807,1741,ヘヴィヒートバルカン,digimon,exact_official_string
808,1742,ジアルマグナム,digimon,exact_official_string
809,1743,オメガ・ザ・フュージョン,digimon,exact_official_string
810,1744,エクスラディケート,digimon,exact_official_string
811,1745,メテオライザー,digimon,exact_official_string
812,1746,ゴールデンスクエア,digimon,exact_official_string
813,1747,シークレッドウォール,digimon,exact_official_string
814,1748,ラピッドブラスター,digimon,exact_official_string
815,1749,レーザーガトリングアーム,digimon,exact_official_string
816,1750,ビリオンバレット,digimon,exact_official_string
817,1751,ラブリースプラッシュ,digimon,exact_official_string
818,1752,究極戦技天仰拳,digimon,exact_official_string
819,1753,鉄ゲタ張り手,digimon,exact_official_string
820,1754,ペンドラゴンスパークル,digimon,exact_official_string
821,1755,雷剣ブレイラガハ,digimon,exact_official_string
822,1756,エクストリームテイラー,digimon,exact_official_string
823,1757,イレイズクロー,digimon,exact_official_string
824,1758,サンライズバスター,digimon,exact_official_string
825,1759,ザンスラスト,digimon,exact_official_string
826,1760,スターライトエクスプロージョン,digimon,exact_official_string
827,1761,ジャスティスXキック,digimon,exact_official_string
828,1762,ジャスティスXパンチ,digimon,exact_official_string
829,1763,ジャスティスXブレード,digimon,exact_official_string
830,1764,ボルトブレイク,digimon,exact_official_string
831,1765,サンダークラウド,digimon,exact_official_string
832,1766,胡劉球（こりゅうきゅう）,digimon,exact_official_string
833,1767,石敢当（せっかんとう）,digimon,exact_official_string
834,1768,ティーダ・イヤ,digimon,exact_official_string
835,1769,ビリリンハギュー,digimon,exact_official_string
836,1770,ライトニングスピア,digimon,exact_official_string
837,1771,ヘブンズ・ジャッジメント,digimon,exact_official_string
838,1772,ホーリーマテリアル,digimon,exact_official_string
839,1773,エデンスランス,digimon,exact_official_string
840,1774,グランドホーリーアロー,digimon,exact_official_string
841,1775,ヘブンズチャーム,digimon,exact_official_string
842,1776,スプーキーザッパー,digimon,exact_official_string
843,1777,フェイタルゲイズ,digimon,exact_official_string
844,1778,リワインドアビス13（サーティーン）,digimon,exact_official_string
845,1779,ドラゴンズロア,digimon,exact_official_string
846,1780,ブレス・オブ・ワイバーン,digimon,exact_official_string
847,1781,ドラゴンズガスト,digimon,exact_official_string
848,1782,アウススターベン,digimon,exact_official_string
849,1783,ブラオンネーベル,digimon,exact_official_string
850,1784,アイネ・ビリオン,digimon,exact_official_string
851,1785,ホーリーフレイム,digimon,exact_official_string
852,1786,ホーリーブレイズ,digimon,exact_official_string
853,1787,ソローブルー,digimon,exact_official_string
854,1788,ファンタジーミスト,digimon,exact_official_string
855,1789,ゴッドフレイム,digimon,exact_official_string
856,1790,ゴッドフィスト,digimon,exact_official_string
857,1791,シャドーウィング,digimon,exact_official_string
858,1792,ホーリーチャイム,digimon,exact_official_string
859,1793,チクチクバンバン,digimon,exact_official_string
860,1794,チクチクバムバム,digimon,exact_official_string
861,1795,トーピードアタック,digimon,exact_official_string
862,1796,シックルストリーム,digimon,exact_official_string
863,1797,ブレイジングアイス,digimon,exact_official_string
864,1798,ファロストタイフーン,digimon,exact_official_string
865,1799,ブラックパール,digimon,exact_official_string
866,1800,ブレイジングファイア,digimon,exact_official_string
867,1801,ポイズンアイビー,digimon,exact_official_string
868,1802,ＲＧＢハーブ,digimon,exact_official_string
869,1803,ビークピアス,digimon,exact_official_string
870,1804,ネイルコーム,digimon,exact_official_string
871,1805,スマイリーボム,digimon,exact_official_string
872,1806,ボムシング,digimon,exact_official_string
873,1807,ブレインラプチュアー,digimon,exact_official_string
874,1808,プラネットデストロイヤー,digimon,exact_official_string
875,1809,プラネットデストロイヤージャスティス,digimon,exact_official_string
876,1810,スルトブランダー,digimon,exact_official_string
877,1811,ニヴルヘイムアレスト,digimon,exact_official_string
878,1812,グランドグリーズル,digimon,exact_official_string
879,1813,ヒャズニング・ワルツ,digimon,exact_official_string
880,1814,シャイニングＶフォース,digimon,exact_official_string
881,1815,プラズマシュート,digimon,exact_official_string
882,1816,シャイニングゴールドソーラーストーム,digimon,exact_official_string
883,1817,キングジャベリン,digimon,exact_official_string
884,1818,トライホーンアタック,digimon,exact_official_string
885,1819,ゴールデントライホーンアタック,digimon,exact_official_string
886,1820,シザーアームズΩ３^３,digimon,exact_official_string
887,1821,パラライズテイル,digimon,exact_official_string
888,1822,パラライズ・ボム,digimon,exact_official_string
889,1823,カースオブクィーン,digimon,exact_official_string
890,1824,ロゼッタストーン,digimon,exact_official_string
891,1825,カルトゥーシュ,digimon,exact_official_string
892,1826,アイスアロー,digimon,exact_official_string
893,1827,アイススピアー,digimon,exact_official_string
894,1828,シザーアームズ,digimon,exact_official_string
895,1829,クランチアーム,digimon,exact_official_string
896,1830,ディノバースト,digimon,exact_official_string
897,1831,ディノフラッシュ,digimon,exact_official_string
898,1832,マーチングフィッシィーズ,digimon,exact_official_string
899,1833,シザーアームズミニ,digimon,exact_official_string
900,1834,暗黒のガイアフォース,digimon,exact_official_string
901,1835,ハデスフォース,digimon,exact_official_string
902,1836,アフターバースト,digimon,exact_official_string
903,1837,グレイエム,digimon,exact_official_string
904,1838,エンデブレッヘン,digimon,exact_official_string
905,1839,エネルギアブリッツ,digimon,exact_official_string
906,1840,パンデミックデストロイヤー,digimon,exact_official_string
907,1841,覇王拳,digimon,exact_official_string
908,1842,WEEK END,digimon,exact_official_string
909,1843,BBバーナー,digimon,exact_official_string
910,1844,ジャイロスマッシュ,digimon,exact_official_string
911,1845,クオリアライズブラスト,digimon,exact_official_string
912,1846,スパイラルヴァニッシュ,digimon,exact_official_string
913,1847,デスペレイトボルテックス,digimon,exact_official_string
914,1848,プレデターズバイト,digimon,exact_official_string
915,1849,スパイラル・ヘル,digimon,exact_official_string
916,1850,ギガクリムゾンダイブ,digimon,exact_official_string
917,1851,ヴァーミリオンボルテックス,digimon,exact_official_string
918,1852,ライトニングスティンガー,digimon,exact_official_string
919,1853,クリムゾンスラッシュ,digimon,exact_official_string
920,1854,ソーンウィップ,digimon,exact_official_string
921,1855,ローゼンブラッド,digimon,exact_official_string
922,1856,スマイリーウォーヘッド,digimon,exact_official_string
923,1857,デルモウォーキング,digimon,exact_official_string
924,1858,スパイラルボーン,digimon,exact_official_string
925,1859,ジャイアントクラッシュボーン,digimon,exact_official_string
926,1860,タスクストライクス,digimon,exact_official_string
927,1861,ツンドラブレス,digimon,exact_official_string
928,1862,ジオメトリックフリーザー,digimon,exact_official_string
929,1863,ヘルマニア,digimon,exact_official_string
930,1864,メリーメリーデストラクション,digimon,exact_official_string
931,1865,ヴァンパイアセオリー,digimon,exact_official_string
932,1866,ブラッディドレイン,digimon,exact_official_string
933,1867,パピーハウリング,digimon,exact_official_string
934,1868,パピーポー,digimon,exact_official_string
935,1869,ララバイバブル,digimon,exact_official_string
936,1870,スマイリーヘッドバット,digimon,exact_official_string
937,1871,ペイントスプラッシュ,digimon,exact_official_string
938,1872,プシュー,digimon,exact_official_string
939,1873,ナイト・オブ・ファイアー,digimon,exact_official_string
940,1874,サモンチェイサー,digimon,exact_official_string
941,1875,ファイアーブラスト,digimon,exact_official_string
942,1876,フレイムスナッチ,digimon,exact_official_string
943,1877,ウンチラッシュ,digimon,exact_official_string
944,1878,パラダイスロスト,digimon,exact_official_string
945,1879,パーガトリアルフレイム,digimon,exact_official_string
946,1880,セブンス・ディバイン・クルス,digimon,exact_official_string
947,1881,ナザルネイル,digimon,exact_official_string
948,1882,ファントムペイン,digimon,exact_official_string
949,1883,セブンス・ファシネイト,digimon,exact_official_string
950,1884,カウダ・モルティフェラ,digimon,exact_official_string
951,1885,ロストルム・トリアデンス,digimon,exact_official_string
952,1886,セブンス・ライトニング,digimon,exact_official_string
953,1887,ランプランツス,digimon,exact_official_string
954,1888,ギフトオブダークネス,digimon,exact_official_string
955,1889,セブンス・ペネトレート,digimon,exact_official_string
956,1890,デスルアー,digimon,exact_official_string
957,1891,パンデモニウムロスト,digimon,exact_official_string
958,1892,セブンス・ジュエライズ,digimon,exact_official_string
959,1893,フレイムインフェルノ,digimon,exact_official_string
960,1894,セブンス・グラビトン,digimon,exact_official_string
961,1895,インフェルノバースト,digimon,exact_official_string
962,1896,クルーエルトルネード,digimon,exact_official_string
963,1897,デッドリーブレイクロスト,digimon,exact_official_string
964,1898,アンデッドソルジャー,digimon,exact_official_string
965,1899,ダークネスプリズン,digimon,exact_official_string
966,1900,デモンズクリスタル,digimon,exact_official_string
967,1901,フレイムヘルサイズ,digimon,exact_official_string
968,1902,ビヘッドスラッシャー,digimon,exact_official_string
969,1903,ブロウクンデストロイ,digimon,exact_official_string
970,1904,ウルティマバースト,digimon,exact_official_string
971,1905,チクチクローリング,digimon,exact_official_string
972,1906,おしゃぶり,digimon,exact_official_string
973,1907,バリアブレード,digimon,exact_official_string
974,1908,ライトニングカッター,digimon,exact_official_string
975,1909,ベビーヘイル,digimon,exact_official_string
976,1910,アイスマッシュ,digimon,exact_official_string
977,1911,ライトニングファー,digimon,exact_official_string
978,1912,ケンザンダイブ,digimon,exact_official_string
979,1913,コキュートスブレス,digimon,exact_official_string
980,1914,ガルルトマホーク,digimon,exact_official_string
981,1915,グレイスクロスフリーザー,digimon,exact_official_string
982,1916,トリニティーアーム,digimon,exact_official_string
983,1917,ジャスティスキック,digimon,exact_official_string
984,1918,火電鬼爆波（ひでんきばくは）,digimon,exact_official_string
985,1919,フロストクロー,digimon,exact_official_string
986,1920,裏飯綱（うらいづな）,digimon,exact_official_string
987,1921,胎蔵界曼荼羅（たいぞうかいまんだら）,digimon,exact_official_string
988,1922,ダブルエッジ,digimon,exact_official_string
989,1923,アトミックブラスター,digimon,exact_official_string
990,1924,ロックダマシー,digimon,exact_official_string
991,1925,ソウルクラッシャー,digimon,exact_official_string
992,1926,ラウディロッカー,digimon,exact_official_string
993,1927,ガイアフォースＺＥＲＯ,digimon,exact_official_string
994,1928,メタルストーム,digimon,exact_official_string
995,1929,ヘル・ハウリング,digimon,exact_official_string
996,1930,メギドフレイム,digimon,exact_official_string
997,1931,スリーピーバッド,digimon,exact_official_string
998,1932,フラウカノン,digimon,exact_official_string
999,1933,金剛界曼荼羅（こんごうかいまんだら）,digimon,exact_official_string
1000,1934,此ノ花戦姫万象（このはなせんきばんしょう）,digimon,exact_official_string
1001,1935,宇迦之御魂（うかのみたま）,digimon,exact_official_string
1002,1936,グラトニーフレア,digimon,exact_official_string
1003,1937,ダークネスクロウ,digimon,exact_official_string
1004,1938,ダブルインパクト,digimon,exact_official_string
1005,1939,セブンス・フルクラスター,digimon,exact_official_string
1006,1940,ダブルエッジΣ（シグマ）,digimon,exact_official_string
1007,1941,アトミックメガロブラスター,digimon,exact_official_string
1008,1942,アイン・ソフ・オウル,digimon,exact_official_string
1009,1943,アトミックブレイド,digimon,exact_official_string
1010,1944,スピリットバースト,digimon,exact_official_string
1011,1945,太極旋（たいきょくせん）,digimon,exact_official_string
1012,1946,狐蝶幻（こちょうげん）,digimon,exact_official_string
1013,1947,トコトコダイブ,digimon,exact_official_string
1014,1948,噛み付き,digimon,exact_official_string
1015,1949,ダブルクロウ,digimon,exact_official_string
1016,1950,フライバレット・セグンド,digimon,exact_official_string
1017,1951,ディスタンシア・セロ,digimon,exact_official_string
1018,1952,ジークセイバー,digimon,exact_official_string
1019,1953,ファイナル・エリシオン,digimon,exact_official_string
1020,1954,インフェルノゲート,digimon,exact_official_string
1021,1955,ヘルファイアー,digimon,exact_official_string
1022,1956,クリムゾンブレス,digimon,exact_official_string
1023,1957,クラッシュローリング,digimon,exact_official_string
1024,1958,ベビーブレイズ,digimon,exact_official_string
1025,1959,スマッシュホーン,digimon,exact_official_string
1026,1960,ジ・シュルネン,digimon,exact_official_string
1027,1961,プチファイアー,digimon,exact_official_string
1028,1962,ホーンテッドピルス,digimon,exact_official_string
1029,1963,クレイジーゴーラウンド,digimon,exact_official_string
1030,1964,サンクタス・トルメンタム,digimon,exact_official_string
1031,1965,ロードオブフラタニティ,digimon,exact_official_string
1032,1966,ノブレス・オブ・ルージュ,digimon,exact_official_string
1033,1967,究極戦突剣（きゅうきょくせんとつけん）グランローゼリオ,digimon,exact_official_string
1034,1968,白詰一文字切り,digimon,exact_official_string
1035,1969,白殺（びゃくさい）,digimon,exact_official_string
1036,1970,突蜂（とっほう）,digimon,exact_official_string
1037,1971,ギガデストロイヤーⅡ,digimon,exact_official_string
1038,1972,ヌークリアレーザーⅡ,digimon,exact_official_string
1039,1973,獣王拳,digimon,exact_official_string
1040,1974,ベビーフレイム,digimon,exact_official_string
1041,1975,ベビーバーナー,digimon,exact_official_string
1042,1976,鉄拳断罪,digimon,exact_official_string
1043,1977,シュベルトフリューゲル,digimon,exact_official_string
1044,1978,究極戦刃聖覇剣（きゅうきょくせんじんせいばけん）,digimon,exact_official_string
1045,1979,ディレクトスマッシャー,digimon,exact_official_string
1046,1980,イグニッションプロミネンス,digimon,exact_official_string
1047,1981,デュエルエッジフロージョン,digimon,exact_official_string
1048,1982,バレエガン,digimon,exact_official_string
1049,1983,ウィスレン,digimon,exact_official_string
1050,1984,エンド・オブ・ザ・ワールド,digimon,exact_official_string
1051,1985,マグナヴィジビリティ,digimon,exact_official_string
1052,1986,サモン・アポカリプス,digimon,exact_official_string
1053,1987,ラプターグラップル,digimon,exact_official_string
1054,1988,クラッシュチャージ,digimon,exact_official_string
1055,1989,天波返し（てんばがえし）,digimon,exact_official_string
1056,1990,漢癪ダスト（かんしゃくダスト）,digimon,exact_official_string
1057,1991,世堀クロードリル（よぼりクロードリル）,digimon,exact_official_string
1058,1992,インフェルノディバイド,digimon,exact_official_string
1059,1993,サーベラスイレイズ,digimon,exact_official_string
1060,1994,トイフレイム,digimon,exact_official_string
1061,1995,アストロボンバー,digimon,exact_official_string
1062,1996,ダイナマイトソウル,digimon,exact_official_string
1063,1997,甕布都神（ミカフツノカミ）,digimon,exact_official_string
1064,1998,羽黒（ハグロ）,digimon,exact_official_string
1065,1999,リザードダンス,digimon,exact_official_string
1066,2000,ヴァイスシュピラーレ,digimon,exact_official_string
1067,2001,シュバルツナーゲル,digimon,exact_official_string
1068,2002,デルブリッツ,digimon,exact_official_string
1069,2003,プラッツェンクロイツ,digimon,exact_official_string
1070,2004,ゲヴァルトシュベルマー,digimon,exact_official_string
1071,2005,ライトニングシャワー,digimon,exact_official_string
1072,2006,サンダースラッシュ,digimon,exact_official_string
1073,2007,サークレットディフェンス,digimon,exact_official_string
1074,2008,フォルムタラニス,digimon,exact_official_string
1075,2009,パーホルス,digimon,exact_official_string
1076,2010,グレンストーム,digimon,exact_official_string
1077,2011,ブラストスマッシュ,digimon,exact_official_string
1078,2012,ヴォルケニック・フレア,digimon,exact_official_string
1079,2013,グライドブレイズ,digimon,exact_official_string
1080,2014,メルダイナー,digimon,exact_official_string
1081,2015,ワイルドブラスト,digimon,exact_official_string
1082,2016,フェルトメイド,digimon,exact_official_string
1083,2017,ホーリーディザイア,digimon,exact_official_string
1084,2018,ダークディスパイア,digimon,exact_official_string
1085,2019,カオスディグレイド,digimon,exact_official_string
1086,2020,パラズィヴァルツァー,digimon,exact_official_string
1087,2021,クオーツィオーネ,digimon,exact_official_string
1088,2022,ライトニングバスター,digimon,exact_official_string
1089,2023,ロケットメッサー,digimon,exact_official_string
1090,2024,フリスビッカー,digimon,exact_official_string
1091,2025,アサルトクロー,digimon,exact_official_string
1092,2026,グレイトフレイム,digimon,exact_official_string
1093,2027,アースタンプ,digimon,exact_official_string
1094,2028,超低速一文字斬り,digimon,exact_official_string
1095,2029,超高速一文字斬り,digimon,exact_official_string
1096,2030,ウォルレーキ,digimon,exact_official_string
1097,2031,カンカン,digimon,exact_official_string
1098,2032,コッツン,digimon,exact_official_string
1099,2033,メディテーションキュア,digimon,exact_official_string
1100,2034,マントラチャント,digimon,exact_official_string
1101,2035,シャットクロー,digimon,exact_official_string
1102,2036,トリコベゾアール,digimon,exact_official_string
1103,2037,エクススクラッチ,digimon,exact_official_string
1104,2038,ジェットアロー,digimon,exact_official_string
1105,2039,クラッシュシンフォニー,digimon,exact_official_string
1106,2040,プチフレイム,digimon,exact_official_string
1107,2041,プラズマクラック,digimon,exact_official_string
1108,2042,ロケットバンカー,digimon,exact_official_string
1109,2043,ガルルソード,digimon,exact_official_string
1110,2044,グレイキャノン,digimon,exact_official_string
1111,2045,ガオガトルネード,digimon,exact_official_string
1112,2046,ウィニングナックル,digimon,exact_official_string
1113,2047,ハウリングキャノン,digimon,exact_official_string
1114,2048,ダッシュダブルクロー,digimon,exact_official_string
1115,2049,ガオガハウンド,digimon,exact_official_string
1116,2050,スパイラルブロー,digimon,exact_official_string
1117,2051,スクラッチスマッシュ,digimon,exact_official_string
1118,2052,手裏裏剣（しゅりりんけん）,digimon,exact_official_string
1119,2053,打竹落し（うちたけおとし）,digimon,exact_official_string
1120,2054,弾丸旋風（だんがんせんぷう）,digimon,exact_official_string
1121,2055,絶光衝（ぜっこうしょう）,digimon,exact_official_string
1122,2056,ホーリーショット,digimon,exact_official_string
1123,2057,ジャッジメント,digimon,exact_official_string
1124,2058,ゼロ・ジェネシス,digimon,exact_official_string
1125,2059,ベニアズマ・ストレート,digimon,exact_official_string
1126,2060,ベニアズマ・アッパーカット,digimon,exact_official_string
1127,2061,乱破（らっぱ）,digimon,exact_official_string
1128,2062,水破（すっぱ）,digimon,exact_official_string
1129,2063,突破（とっぱ）,digimon,exact_official_string
1130,2064,火弾,digimon,exact_official_string
1131,2065,水竜,digimon,exact_official_string
1132,2066,風車,digimon,exact_official_string
1133,2067,電閃,digimon,exact_official_string
1134,2068,索敵,digimon,exact_official_string
1135,2069,ナイトストーカー,digimon,exact_official_string
1136,2070,ラブポイズン,digimon,exact_official_string
1137,2071,ファイナルストライクロール,digimon,exact_official_string
1138,2072,マッドネスメリーゴーランドＤＸ,digimon,exact_official_string
1139,2073,サイバーギガンティックランチャー,digimon,exact_official_string
1140,2074,コロナル・マス・エジェクション,digimon,exact_official_string
1141,2075,プラズマキャノン,digimon,exact_official_string
1142,2076,ナイトホーク,digimon,exact_official_string
1143,2077,トライデントテール,digimon,exact_official_string
1144,2078,強羅打雷銃（ゴウラダライガン）,digimon,exact_official_string
1145,2079,超力鳴動破（チョウリキメイドウハ）,digimon,exact_official_string
1146,2080,魔重力呪縛陣（まじゅうりょくじゅばくじん）,digimon,exact_official_string
1147,2081,The Lion Sleeps Tonight,digimon,exact_official_string
1148,2082,Lion Heart,digimon,exact_official_string
1149,2083,獣王堕拳,digimon,exact_official_string
1150,2084,腐毒爪,digimon,exact_official_string
1151,2085,ボンバーヘッド,digimon,exact_official_string
1152,2086,ファイヤーワークスレボリューション,digimon,exact_official_string
1153,2087,デス・ザ・キャノン,digimon,exact_official_string
1154,2088,ダイアモンドマシンガン,digimon,exact_official_string
1155,2089,ダイアモンドヘッジホッグ,digimon,exact_official_string
1156,2090,プリズムフラッシュ,digimon,exact_official_string
1157,2091,クリスタルブレス,digimon,exact_official_string
1158,2092,ライトニングシュート,digimon,exact_official_string
1159,2093,ライトニングオーバーヘッド,digimon,exact_official_string
1160,2094,悪夢の泡,digimon,exact_official_string
1161,2095,チンチクリン,digimon,exact_official_string
1162,2096,シュガープラム,digimon,exact_official_string
1163,2097,ホーンブレイカー,digimon,exact_official_string
1164,2098,へヴィスピーカー,digimon,exact_official_string
1165,2099,ガムロール,digimon,exact_official_string
1166,2100,トランスデリバリー,digimon,exact_official_string
1167,2101,アストラルスナッチャー,digimon,exact_official_string
1168,2102,スカーレットブラッドワイン,digimon,exact_official_string
1169,2103,インビジブルスネークアイズ,digimon,exact_official_string
1170,2104,電影烈破（でんえいれっぱ）,digimon,exact_official_string
1171,2105,光電殺法之陣（こうでんさっぽうのじん）,digimon,exact_official_string
1172,2106,癒天光(いてんこう）,digimon,exact_official_string
1173,2107,業火弾（ごうかだん）,digimon,exact_official_string
1174,2108,爆水竜（ばくすいりゅう）,digimon,exact_official_string
1175,2109,暴風車（ぼうふうしゃ）,digimon,exact_official_string
1176,2110,雷電閃（らいでんじん）,digimon,exact_official_string
1177,2111,瞬索敵（しゅんさくてき）,digimon,exact_official_string
1178,2112,カミウチ,digimon,exact_official_string
1179,2113,ギルティッシュ,digimon,exact_official_string
1180,2114,リークインフォメーション,digimon,exact_official_string
1181,2115,ナイトメアレイド,digimon,exact_official_string
1182,2116,ブラッディストリームグレイド,digimon,exact_official_string
1183,2117,ギャディアックレイド,digimon,exact_official_string
1184,2118,ドンドコ音頭,digimon,exact_official_string
1185,2119,乱れ打ちラッシュ,digimon,exact_official_string
1186,2120,極め太鼓,digimon,exact_official_string
1187,2121,漢魂乱れ太鼓,digimon,exact_official_string
1188,2122,ラウディドラマー,digimon,exact_official_string
1189,2123,ドリルバスター,digimon,exact_official_string
1190,2124,ドルルトルネード,digimon,exact_official_string
1191,2125,ドリルブレーダー,digimon,exact_official_string
1192,2126,タイラントコルブラント,digimon,exact_official_string
1193,2127,バーニング・ザ・ドラゴン,digimon,exact_official_string
1194,2128,ドラゴンブレストニックファイア,digimon,exact_official_string
1195,2129,ハラショーアタック,digimon,exact_official_string
1196,2130,デスマーチ,digimon,exact_official_string
1197,2131,エアスライサー,digimon,exact_official_string
1198,2132,アクアレジア,digimon,exact_official_string
1199,2133,アクアレイジ,digimon,exact_official_string
1200,2134,デッカードランチャー,digimon,exact_official_string
1201,2135,スモーキーファング,digimon,exact_official_string
1202,2136,ヘビーテイルフック,digimon,exact_official_string
1203,2137,プラズマデッカードランチャー,digimon,exact_official_string
1204,2138,メイルバードランチャー,digimon,exact_official_string
1205,2139,テラデストロイヤー,digimon,exact_official_string
1206,2140,ファイナルスパーク,digimon,exact_official_string
1207,2141,マンティスダンス,digimon,exact_official_string
1208,2142,スモーキンブギ,digimon,exact_official_string
1209,2143,チューチュー・ツイッター,digimon,exact_official_string
1210,2144,チンチクリンリン,digimon,exact_official_string
1211,2145,プチシュガープラム,digimon,exact_official_string
1212,2146,ファイナルチクリモン,digimon,exact_official_string
1213,2147,コンペートーハンマー,digimon,exact_official_string
1214,2148,ブンブン拳,digimon,exact_official_string
1215,2149,ガンバルカン,digimon,exact_official_string
1216,2150,ブー・スト・アタック,digimon,exact_official_string
1217,2151,壱の太刀,digimon,exact_official_string
1218,2152,弐の太刀,digimon,exact_official_string
1219,2153,参の太刀,digimon,exact_official_string
1220,2154,タネガシマ,digimon,exact_official_string
1221,2155,鬼神突,digimon,exact_official_string
1222,2156,星割り,digimon,exact_official_string
1223,2157,ゴッドオブデススナッチャー,digimon,exact_official_string
1224,2158,バルフィアイズ,digimon,exact_official_string
1225,2159,エターナルダークメア,digimon,exact_official_string
1226,2160,ツインスピア,digimon,exact_official_string
1227,2161,ショルダーブレード,digimon,exact_official_string
1228,2162,こめっとランチャー,digimon,exact_official_string
1229,2163,ゼニナゲ,digimon,exact_official_string
1230,2164,ポイゾナスフォース,digimon,exact_official_string
1231,2165,ハイドロプレッシャー,digimon,exact_official_string
1232,2166,ビードラウン,digimon,exact_official_string
1233,2167,タイガータイフーン（真の姿時）,digimon,exact_official_string
1234,2168,クラッシュブーム,digimon,exact_official_string
1235,2169,ウィングエッジ,digimon,exact_official_string
1236,2170,ランダムレーザー,digimon,exact_official_string
1237,2171,ウィッシュアポンアスター,digimon,exact_official_string
1238,2172,アックスライダー,digimon,exact_official_string
1239,2173,ストームアックス,digimon,exact_official_string
1240,2174,キバブレイバー,digimon,exact_official_string
1241,2175,スピアニードル,digimon,exact_official_string
1242,2176,ブレストアイ・ウィンク,digimon,exact_official_string
1243,2177,ルナティックスラッシュ,digimon,exact_official_string
1244,2178,ガイアマジッカー,digimon,exact_official_string
1245,2179,霞隠,digimon,exact_official_string
1246,2180,葉隠,digimon,exact_official_string
1247,2181,ドルルキャノン,digimon,exact_official_string
1248,2182,スターブレイド,digimon,exact_official_string
1249,2183,エアシューター,digimon,exact_official_string
1250,2184,プラズマブラスター,digimon,exact_official_string
1251,2185,バーストダッシュストリーム,digimon,exact_official_string
1252,2186,メテオバスターアタック,digimon,exact_official_string
1253,2187,メテオインパクト,digimon,exact_official_string
1254,2188,カオスフレア,digimon,exact_official_string
1255,2189,スターズブレイドセレストライク,digimon,exact_official_string
1256,2190,ハイアドモスフェリックプレッシャー,digimon,exact_official_string
1257,2191,バーニングスタースラッシャー,digimon,exact_official_string
1258,2192,マックアロー,digimon,exact_official_string
1259,2193,ホーンブレイカーDX,digimon,exact_official_string
1260,2194,バディブラスター,digimon,exact_official_string
1261,2195,アームバンカー,digimon,exact_official_string
1262,2196,オプティックレーザー,digimon,exact_official_string
1263,2197,ミヤバルカン,digimon,exact_official_string
1264,2198,トライデントジャスファング,digimon,exact_official_string
1265,2199,ハイパーロックマグナム,digimon,exact_official_string
1266,2200,エレキバスタークロス,digimon,exact_official_string
1267,2201,ビクトライズ・バンキング,digimon,exact_official_string
1268,2202,ブレイブビートロックダブルクロス,digimon,exact_official_string
1269,2203,ハートブレイクショット,digimon,exact_official_string
1270,2204,セクシーダイナマイツ,digimon,exact_official_string
1271,2205,ウロボロスゲート,digimon,exact_official_string
1272,2206,スパイシーハードラヴ,digimon,exact_official_string
1273,2207,トライデントファング,digimon,exact_official_string
1274,2208,デストロイスマッシャー,digimon,exact_official_string
1275,2209,ジークフレイム,digimon,exact_official_string
1276,2210,プラズマレールガン,digimon,exact_official_string
1277,2211,ファイナルストライクス,digimon,exact_official_string
1278,2212,スナイプヘッドショット,digimon,exact_official_string
1279,2213,ボウカッター,digimon,exact_official_string
1280,2214,フットショット,digimon,exact_official_string
1281,2215,アローランス,digimon,exact_official_string
1282,2216,タービュランスアロー,digimon,exact_official_string
1283,2217,ザ・ワールドショット,digimon,exact_official_string
1284,2218,ギガスクリーム,digimon,exact_official_string
1285,2219,サウンドフィニッシュ,digimon,exact_official_string
1286,2220,イレイザークロー,digimon,exact_official_string
1287,2221,グラットンファング,digimon,exact_official_string
1288,2222,サイバーブレーダー,digimon,exact_official_string
1289,2223,デスディバイダー,digimon,exact_official_string
1290,2224,イッチ・ダン・ケツ,digimon,exact_official_string
1291,2225,￥UE-N,digimon,exact_official_string
1292,2226,ブラスターテイル,digimon,exact_official_string
1293,2227,ホーンストライク,digimon,exact_official_string
1294,2228,オクタグラビティ,digimon,exact_official_string
1295,2229,ハイグラビティープレッシャー,digimon,exact_official_string
1296,2230,グラビティー・バン,digimon,exact_official_string
1297,2231,キズナオール,digimon,exact_official_string
1298,2232,スグナオール,digimon,exact_official_string
1299,2233,ヨクナオール,digimon,exact_official_string
1300,2234,スーパーソニックウェーブ,digimon,exact_official_string
1301,2235,ウルトラソニックウェーブ,digimon,exact_official_string
1302,2236,ランガムブレイク,digimon,exact_official_string
1303,2237,ジャックドハンマー,digimon,exact_official_string
1304,2238,ファイアーボルテクス,digimon,exact_official_string
1305,2239,ゴールドボーリング,digimon,exact_official_string
1306,2240,ゴールドプレス,digimon,exact_official_string
1307,2241,キロフレイム,digimon,exact_official_string
1308,2242,ヘッドストライク,digimon,exact_official_string
1309,2243,デュアルトマホークブーメラン,digimon,exact_official_string
1310,2244,バイキングヴュッフェ,digimon,exact_official_string
1311,2245,エイジオブディスカバリー,digimon,exact_official_string
1312,2246,ドリームカムズトゥルー,digimon,exact_official_string
1313,2247,ヘヴィメタルバルカン,digimon,exact_official_string
1314,2248,ハードロックダマシー,digimon,exact_official_string
1315,2249,ビートスラッシュ,digimon,exact_official_string
1316,2250,ミニミニエカキモン,digimon,exact_official_string
1317,2251,カラフルチェンジ,digimon,exact_official_string
1318,2252,ガラパゴスフィールド,digimon,exact_official_string
1319,2253,ティモニナイザー,digimon,exact_official_string
1320,2254,ファイナルトラベラー,digimon,exact_official_string
1321,2255,スピンカリパー,digimon,exact_official_string
1322,2256,エーヴィッヒ・シュラーフ,digimon,exact_official_string
1323,2257,エントリヒ・メテオール,digimon,exact_official_string
1324,2258,レインストリーム,digimon,exact_official_string
1325,2259,ジェラシーレイン,digimon,exact_official_string
1326,2260,シュバルツ・レールザッツ（黒定理）,digimon,exact_official_string
1327,2261,ロート・クロイツ（赤十字架）,digimon,exact_official_string
1328,2262,コンデンサストーム,digimon,exact_official_string
1329,2263,サンダーレーザー,digimon,exact_official_string
1330,2264,ジェネラスミラー,digimon,exact_official_string
1331,2265,オフセットリフレクター,digimon,exact_official_string
1332,2266,マシンガンデストロイ,digimon,exact_official_string
1333,2267,スターライトベロシティ,digimon,exact_official_string
1334,2268,アルティメットサンダー,digimon,exact_official_string
1335,2269,フィールドデストロイヤー,digimon,exact_official_string
1336,2270,ゾーンデリーター,digimon,exact_official_string
1337,2271,マスターオブダークネス,digimon,exact_official_string
1338,2272,リーフサイクロン,digimon,exact_official_string
1339,2273,サウザンドスパイク,digimon,exact_official_string
1340,2274,リヒトアングリフ,digimon,exact_official_string
1341,2275,ツヴァイハンダー,digimon,exact_official_string
1342,2276,ベビーサラマンダー,digimon,exact_official_string
1343,2277,トールハンマー,digimon,exact_official_string
1344,2278,ミョルニルサンダー,digimon,exact_official_string
1345,2279,アヴァランチステップ,digimon,exact_official_string
1346,2280,グレッチャートルペイド（氷河魚雷）,digimon,exact_official_string
1347,2281,トルナード・ガンバ,digimon,exact_official_string
1348,2282,ロゼオ・テンポラーレ,digimon,exact_official_string
1349,2283,ツララララ～,digimon,exact_official_string
1350,2284,スノーボンバー,digimon,exact_official_string
1351,2285,ガイストアーベント,digimon,exact_official_string
1352,2286,エアオーベルング,digimon,exact_official_string
1353,2287,ブルーハワイデス,digimon,exact_official_string
1354,2288,イチゴデス,digimon,exact_official_string
1355,2289,ランブルブレンドナンバー（１～１０）,digimon,exact_official_string
1356,2290,リヒト・ナーゲル,digimon,exact_official_string
1357,2291,ギルガメッシュスライサー,digimon,exact_official_string
1358,2292,ウィンドオブペイン,digimon,exact_official_string
1359,2293,ジェットビンター,digimon,exact_official_string
1360,2294,ウルトラタービュレンス,digimon,exact_official_string
1361,2295,スネークアイブレイク,digimon,exact_official_string
1362,2296,ジャック・イン・ザ・ボックス,digimon,exact_official_string
1363,2297,アースクェイク,digimon,exact_official_string
1364,2298,ハリケーンボンバー,digimon,exact_official_string
1365,2299,スピードスター,digimon,exact_official_string
1366,2300,ソーラレーザー,digimon,exact_official_string
1367,2301,ネーロコルソ,digimon,exact_official_string
1368,2302,タイタニックチャージ,digimon,exact_official_string
1369,2303,炎龍撃（えんりゅうげき）,digimon,exact_official_string
1370,2304,九頭龍陣（くずりゅうじん）,digimon,exact_official_string
1371,2305,シュヴァルツ・ドンナー,digimon,exact_official_string
1372,2306,シュヴァルツ・ケーニッヒ,digimon,exact_official_string
1373,2307,コロナブラスター,digimon,exact_official_string
1374,2308,フレイムストーム,digimon,exact_official_string
1375,2309,リヒト・ズィーガー,digimon,exact_official_string
1376,2310,ツヴァイ・ズィーガー,digimon,exact_official_string
1377,2311,マシンガン・ダンス（機銃の踊り）,digimon,exact_official_string
1378,2312,ブロッケイドシード（封じ込めの種）,digimon,exact_official_string
1379,2313,ブラフマシル,digimon,exact_official_string
1380,2314,ブラフマストラ,digimon,exact_official_string
1381,2315,バーニングサラマンダー,digimon,exact_official_string
1382,2316,サラマンダーブレイク,digimon,exact_official_string
1383,2317,スピニングカッター,digimon,exact_official_string
1384,2318,サーマルメイン,digimon,exact_official_string
1385,2319,アトミックバースト,digimon,exact_official_string
1386,2320,ライトニングブレード,digimon,exact_official_string
1387,2321,ブルーサンダー,digimon,exact_official_string
1388,2322,一刀両断（イットウリョウダン）,digimon,exact_official_string
1389,2323,クグツの術,digimon,exact_official_string
1390,2324,モルフォンガトリング,digimon,exact_official_string
1391,2325,アイアンプレス,digimon,exact_official_string
1392,2326,ホーンブレード,digimon,exact_official_string
1393,2327,バルーンマイン,digimon,exact_official_string
1394,2328,グローバル・グローブ,digimon,exact_official_string
1395,2329,ブラッドダンス・マラカスバージョン,digimon,exact_official_string
1396,2330,テキーラナックル,digimon,exact_official_string
1397,2331,マッハインパルス,digimon,exact_official_string
1398,2332,テンペストウィング,digimon,exact_official_string
1399,2333,ウジャトゲイズ,digimon,exact_official_string
1400,2334,ノーズブラスター,digimon,exact_official_string
1401,2335,ロデオギャロップ,digimon,exact_official_string
1402,2336,シルバーブレイズ,digimon,exact_official_string
1403,2337,シューティングスター,digimon,exact_official_string
1404,2338,リーフホイールカッター,digimon,exact_official_string
1405,2339,ソニックイヤー,digimon,exact_official_string
1406,2340,ナックルファイア,digimon,exact_official_string
1407,2341,ファイアロケット,digimon,exact_official_string
1408,2342,マジックイグニッション,digimon,exact_official_string
1409,2343,ファイヤークラウド,digimon,exact_official_string
1410,2344,マタドールダッシュ,digimon,exact_official_string
1411,2345,フライスパーク,digimon,exact_official_string
1412,2346,ニードルスティンガー,digimon,exact_official_string
1413,2347,ハートナービーム,digimon,exact_official_string
1414,2348,クレイジーソニック,digimon,exact_official_string
1415,2349,イヤーランサー,digimon,exact_official_string
1416,2350,レインボーシャワー,digimon,exact_official_string
1417,2351,メテオダンス,digimon,exact_official_string
1418,2352,ポイズンパウダー,digimon,exact_official_string
1419,2353,パラライズスティング,digimon,exact_official_string
1420,2354,スウィートフェロモン,digimon,exact_official_string
1421,2355,ウィンドシーカー,digimon,exact_official_string
1422,2356,デリションクロウ,digimon,exact_official_string
1423,2357,ヘイルマシンガン,digimon,exact_official_string
1424,2358,ペンチカッター,digimon,exact_official_string
1425,2359,バブルボム,digimon,exact_official_string
1426,2360,オーシャンストライク,digimon,exact_official_string
1427,2361,ビッグクラック,digimon,exact_official_string
1428,2362,ゴールドラッシュ,digimon,exact_official_string
1429,2363,スピリットブーメラン,digimon,exact_official_string
1430,2364,ヒートストーム,digimon,exact_official_string
1431,2365,タスクドライバー,digimon,exact_official_string
1432,2366,ダウントーネ－ド,digimon,exact_official_string
1433,2367,シェルニードルレイン,digimon,exact_official_string
1434,2368,紅葉おろし,digimon,exact_official_string
1435,2369,草薙,digimon,exact_official_string
1436,2370,フレアバスター,digimon,exact_official_string
1437,2371,プリズムレインボー,digimon,exact_official_string
1438,2372,ウールグレネード,digimon,exact_official_string
1439,2373,スパークウィング,digimon,exact_official_string
1440,2374,サンダーストーム,digimon,exact_official_string
1441,2375,ヒートブレス,digimon,exact_official_string
1442,2376,バックドラフト,digimon,exact_official_string
1443,2377,オキシジェンホーミング,digimon,exact_official_string
1444,2378,サブマリンアタック,digimon,exact_official_string
1445,2379,ジャッジメントアロー,digimon,exact_official_string
1446,2380,ジャミングヘルツ,digimon,exact_official_string
1447,2381,鉄砲（テッポウ）,digimon,exact_official_string
1448,2382,ブイブレスアロー,digimon,exact_official_string
1449,2383,ミスティックベル,digimon,exact_official_string
1450,2384,クレイジークレーン,digimon,exact_official_string
1451,2385,フリーズウェーブ,digimon,exact_official_string
1452,2386,ジャンピングブロー,digimon,exact_official_string
1453,2387,タングウィップ,digimon,exact_official_string
1454,2388,桜吹雪,digimon,exact_official_string
1455,2389,連獅子,digimon,exact_official_string
1456,2390,ホワイトスタチュー,digimon,exact_official_string
1457,2391,バサロクラッシュ,digimon,exact_official_string
1458,2392,マッドバルーンボム,digimon,exact_official_string
1459,2393,ニトロタービンウェーブ,digimon,exact_official_string
1460,2394,オーシャンストローム,digimon,exact_official_string
1461,2395,ミッドナイトクラッチ,digimon,exact_official_string
1462,2396,スパイラルマスカレード,digimon,exact_official_string
1463,2397,アージェントフィアー,digimon,exact_official_string
1464,2398,サーペントキュア,digimon,exact_official_string
1465,2399,サーペントルイン,digimon,exact_official_string
1466,2400,セブンズファンタジア,digimon,exact_official_string
1467,2401,シャリテ,digimon,exact_official_string
1468,2402,アギシャンレーヴル,digimon,exact_official_string
1469,2403,ティファレト,digimon,exact_official_string
1470,2404,ローゼスレイピア,digimon,exact_official_string
1471,2405,フォービドゥンテンプテイション,digimon,exact_official_string
1472,2406,無双天翔翼之陣（むそうてんしょうよくのじん）,digimon,exact_official_string
1473,2407,怒涛闇供喪之舞（どとうやみくものまい）,digimon,exact_official_string
1474,2408,雷光一閃之突（らいこういっせんのつき）,digimon,exact_official_string
1475,2409,スパイラルレイヴンクロウ,digimon,exact_official_string
1476,2410,ブラストウィング,digimon,exact_official_string
1477,2411,烏王丸（ちょうおうまる）,digimon,exact_official_string
1478,2412,ディバインアトーンメント,digimon,exact_official_string
1479,2413,ロストルム,digimon,exact_official_string
1480,2414,カウダ,digimon,exact_official_string
1481,2415,ファントムターバン,digimon,exact_official_string
1482,2416,テラーズクラスター,digimon,exact_official_string
1483,2417,ラストブレス,digimon,exact_official_string
1484,2418,ノウレッジストリーム,digimon,exact_official_string
1485,2419,セファーラジエール,digimon,exact_official_string
1486,2420,マボルト,digimon,exact_official_string
1487,2421,パニッシュジャッジ,digimon,exact_official_string
1488,2422,ワイドプラズメント,digimon,exact_official_string
1489,2423,サウザンドフィスト,digimon,exact_official_string
1490,2424,スピリチャルエンチャント,digimon,exact_official_string
1491,2425,レイジ・オブ・ワイバーン,digimon,exact_official_string
1492,2426,ファイナル・クレスト,digimon,exact_official_string
1493,2427,３Dレイザー,digimon,exact_official_string
1494,2428,マックスパワーバイス,digimon,exact_official_string
1495,2429,アルティメットストリーム,digimon,exact_official_string
1496,2430,バナナスリップ,digimon,exact_official_string
1497,2431,デス・クリスタル,digimon,exact_official_string
1498,2432,ゲヘナ・フレイム,digimon,exact_official_string
1499,2433,∞（ムゲン）キャノン,digimon,exact_official_string
1500,2434,タイムアンリミテッド,digimon,exact_official_string
1501,2435,フルムーンメテオインパクト,digimon,exact_official_string
1502,2436,ファイナルミラージュバースト,digimon,exact_official_string
1503,2437,ルナハーケンスラッシャー,digimon,exact_official_string
1504,2438,ダブルクレセントミラージュ,digimon,exact_official_string
1505,2439,フルムーンブラスター,digimon,exact_official_string
1506,2440,ゲイルクロー,digimon,exact_official_string
1507,2441,ストライクロール,digimon,exact_official_string
1508,2442,マッドネスメリーゴーランド,digimon,exact_official_string
1509,2443,コロナサンクションズ,digimon,exact_official_string
1510,2444,オーシャンラブ,digimon,exact_official_string
1511,2445,バインドレッドトリッガー,digimon,exact_official_string
1512,2446,ハッピーバレットシャワリング,digimon,exact_official_string
1513,2447,ケイオストライアングラー,digimon,exact_official_string
1514,2448,トマホークシュタイナー,digimon,exact_official_string
1515,2449,エターナルナイトメア,digimon,exact_official_string
1516,2450,デススリンガー,digimon,exact_official_string
1517,2451,フライバレット,digimon,exact_official_string
1518,2452,ハリケーンビスショット,digimon,exact_official_string
1519,2453,パンデモニウムフレイム,digimon,exact_official_string
1520,2454,デストロイドラッシュ,digimon,exact_official_string
1521,2455,インフィニティボーリング,digimon,exact_official_string
1522,2456,グラビティプレス,digimon,exact_official_string
1523,2457,プラズマステーク,digimon,exact_official_string
1524,2458,サンダーバーニア,digimon,exact_official_string
1525,2459,エレックガード,digimon,exact_official_string
1526,2460,ジャイアントミサイル,digimon,exact_official_string
1527,2461,バーストショット,digimon,exact_official_string
1528,2462,エクスクレメント,digimon,exact_official_string
1529,2463,プラチナエクスクレメント,digimon,exact_official_string
1530,2464,プラチナバープ,digimon,exact_official_string
1531,2465,ニードルスコール,digimon,exact_official_string
1532,2466,マルトサイクロン,digimon,exact_official_string
1533,2467,クリティカルアーム,digimon,exact_official_string
1534,2468,太極（たいきょく）,digimon,exact_official_string
1535,2469,黄廻（おうかい）,digimon,exact_official_string
1536,2470,ネクロミスト,digimon,exact_official_string
1537,2471,ブリットハンマー,digimon,exact_official_string
1538,2472,ドラモンブレイカー,digimon,exact_official_string
1539,2473,トライデントガイア,digimon,exact_official_string
1540,2474,ビクトリーチャージ,digimon,exact_official_string
1541,2475,トランプ・ソード,digimon,exact_official_string
1542,2476,獅子羅王漸（ししらおうざん）,digimon,exact_official_string
1543,2477,フラッシュバンチョーパンチ,digimon,exact_official_string
1544,2478,護王流伝羅守（ごーるでんらっしゅ）,digimon,exact_official_string
1545,2479,千本爆砕（せんぼんどっかーん）,digimon,exact_official_string
1546,2480,特攻漢弾（ぶっこみおとこだま）,digimon,exact_official_string
1547,2481,ブラッディーフィニッシュ,digimon,exact_official_string
1548,2482,爆雷天,digimon,exact_official_string
1549,2483,レッドバット,digimon,exact_official_string
1550,2484,エレクトリックバインド,digimon,exact_official_string
1551,2485,エンブレスヘイズ,digimon,exact_official_string
1552,2486,金剛（こんごう）,digimon,exact_official_string
1553,2487,アトミック・レイ,digimon,exact_official_string
1554,2488,ボルテックスペネトレート,digimon,exact_official_string
1555,2489,ウェーブオブデプス,digimon,exact_official_string
1556,2490,ブレイブメタル,digimon,exact_official_string
1557,2491,ドルディーン,digimon,exact_official_string
1558,2492,ヴォルケンクラッツァー,digimon,exact_official_string
1559,2493,ブロッカーデ,digimon,exact_official_string
1560,2494,エルンストウェル,digimon,exact_official_string
1561,2495,ツヴァングレンツェ,digimon,exact_official_string
1562,2496,トロンメッサー,digimon,exact_official_string
1563,2497,インビンシブルソード（無敵剣）,digimon,exact_official_string
1564,2498,クォ・ヴァディス,digimon,exact_official_string
1565,2499,ロイヤルセーバー,digimon,exact_official_string
1566,2500,ブラックデスクラウド,digimon,exact_official_string
1567,2501,デスアロー,digimon,exact_official_string
1568,2502,エクスプロージョンアイ,digimon,exact_official_string
1569,2503,メタルインパルス,digimon,exact_official_string
1570,2504,スプラッターハンティング,digimon,exact_official_string
1571,2505,オーガフレイム,digimon,exact_official_string
1572,2506,グラウンドファング,digimon,exact_official_string
1573,2507,ハイランドファング,digimon,exact_official_string
1574,2508,カタストロフィーカノン,digimon,exact_official_string
1575,2509,クレセントハーケン,digimon,exact_official_string
1576,2510,アロー・オブ・アルテミス,digimon,exact_official_string
1577,2511,グッドナイト・ムーン,digimon,exact_official_string
1578,2512,蒼雷（そうらい）,digimon,exact_official_string
1579,2513,ダークロアー,digimon,exact_official_string
1580,2514,ギガスティックランス,digimon,exact_official_string
1581,2515,シャインオブビー,digimon,exact_official_string
1582,2516,ビーサイクロン,digimon,exact_official_string
1583,2517,魂魄芯撃（こんぱくしんげき）,digimon,exact_official_string
1584,2518,幻刃無痕（げんじんむこん）,digimon,exact_official_string
1585,2519,呼応冥軍（こおうめいぐん）,digimon,exact_official_string
1586,2520,マッハスティンガーＶ（ビクトリー）,digimon,exact_official_string
1587,2521,セブンヘブンズ,digimon,exact_official_string
1588,2522,天竜斬破（てんりゅうざんは）,digimon,exact_official_string
1589,2523,昇竜斬波（しょうりゅうざんぱ）,digimon,exact_official_string
1590,2524,咬竜斬刃（こうりゅうざんば）,digimon,exact_official_string
1591,2525,ビフロスト,digimon,exact_official_string
1592,2526,オーディンズブレス,digimon,exact_official_string
1593,2527,ホーリーエスパーダ,digimon,exact_official_string
1594,2528,ヘブンズリッパー,digimon,exact_official_string
1595,2529,ソニックスラッシュレイン,digimon,exact_official_string
1596,2530,ブループロミネンス,digimon,exact_official_string
1597,2531,天羽々斬（あまのはばきり）,digimon,exact_official_string
1598,2532,八雷神（やくさのいかづち）,digimon,exact_official_string
1599,2533,紅焔（こうえん）,digimon,exact_official_string
1600,2534,ムゲンキャノン,digimon,exact_official_string
1601,2535,アクセルアーム,digimon,exact_official_string
1602,2536,タイムデストロイヤー,digimon,exact_official_string
1603,2537,ズィード砲,digimon,exact_official_string
1604,2538,フルメタルブレイズ,digimon,exact_official_string
1605,2539,ブローバックブレス,digimon,exact_official_string
1606,2540,メガトンハイドロレーザー,digimon,exact_official_string
1607,2541,ジャンボクレーター,digimon,exact_official_string
1608,2542,ジャンボジェッター,digimon,exact_official_string
1609,2543,悟遍路掌（さとりへんろしょう）,digimon,exact_official_string
1610,2544,霊光蜘蛛之糸（れいこうくものいと）,digimon,exact_official_string
1611,2545,怠条真言（たいじょうしんごん）,digimon,exact_official_string
1612,2546,グロリアスバースト,digimon,exact_official_string
1613,2547,シャイニングブラスト,digimon,exact_official_string
1614,2548,ジオグレイソード,digimon,exact_official_string
1615,2549,ハング・オン・デス,digimon,exact_official_string
1616,2550,霧幻（むげん）,digimon,exact_official_string
1617,2551,轍剣成敗（てっけんせいばい）,digimon,exact_official_string
1618,2552,シュベルトガイスト,digimon,exact_official_string
1619,2553,アウスジェネリクス,digimon,exact_official_string
1620,2554,打首獄門,digimon,exact_official_string
1621,2555,十文字斬り,digimon,exact_official_string
1622,2556,飯綱（いづな）,digimon,exact_official_string
1623,2557,ネイルクラッシャー,digimon,exact_official_string
1624,2558,髑髏乱舞（どくろらんぶ),digimon,exact_official_string
1625,2559,カイザーフェニックス,digimon,exact_official_string
1626,2560,ミスティックブレイク,digimon,exact_official_string
1627,2561,エンド・ワルツ,digimon,exact_official_string
1628,2562,ゴッドブレス,digimon,exact_official_string
1629,2563,エクリプスフィンガー,digimon,exact_official_string
1630,2564,カリュドーンアルクス,digimon,exact_official_string
1631,2565,スーパーソニックボイス,digimon,exact_official_string
1632,2566,デストロイドクラッシュ,digimon,exact_official_string
1633,2567,クリスタルレボリューション,digimon,exact_official_string
1634,2568,アイオブザゴーゴン,digimon,exact_official_string
1635,2569,グランキラー,digimon,exact_official_string
1636,2570,グランディスシザー,digimon,exact_official_string
1637,2571,ディメンションシザー,digimon,exact_official_string
1638,2572,ザ・キー,digimon,exact_official_string
1639,2573,ギュプト粒子砲,digimon,exact_official_string
1640,2574,ルーインブラスト(破滅の爆薬),digimon,exact_official_string
1641,2575,黄獣偃月刀（きじゅうえんげつとう）,digimon,exact_official_string
1642,2576,獣狼大回転（じゅうろうだいかいてん),digimon,exact_official_string
1643,2577,激・氷月牙（げき ひょうげつが）,digimon,exact_official_string
1644,2578,ハートブレイカー,digimon,exact_official_string
1645,2579,クィーンスタンプ,digimon,exact_official_string
1646,2580,クィーンスティック,digimon,exact_official_string
1647,2581,チェックメイト,digimon,exact_official_string
1648,2582,キングスティック,digimon,exact_official_string
1649,2583,キングダッシュ,digimon,exact_official_string
1650,2584,サルしばい,digimon,exact_official_string
1651,2585,ダイナ・キャノン,digimon,exact_official_string
1652,2586,グレネードストーム,digimon,exact_official_string
1653,2587,ギガシーデストロイヤー,digimon,exact_official_string
1654,2588,スカイウェーブ,digimon,exact_official_string
1655,2589,鉄拳制裁,digimon,exact_official_string
1656,2590,地神！神鳴！神馳！親父！（じしん！かみなり！かじ！おやじ！）,digimon,exact_official_string
1657,2591,ちゃぶ台返し,digimon,exact_official_string
1658,2592,ブラックレクイエム,digimon,exact_official_string
1659,2593,デッドスクリーム,digimon,exact_official_string
1660,2594,覇王両断剣,digimon,exact_official_string
1661,2595,オーロラブラスター,digimon,exact_official_string
1662,2596,ダークプロミネンス,digimon,exact_official_string
1663,2597,ハイパームゲンキャノン,digimon,exact_official_string
1664,2598,カオスクラッシャー,digimon,exact_official_string
1665,2599,スーパージェノサイドアタック,digimon,exact_official_string
1666,2600,デモンズディザスター,digimon,exact_official_string
1667,2601,ジュデッカプリズン,digimon,exact_official_string
1668,2602,燐火斬（りんかざん）,digimon,exact_official_string
1669,2603,ガイアリアクター,digimon,exact_official_string
1670,2604,燐火撃（りんかげき）,digimon,exact_official_string
1671,2605,オールデリート,digimon,exact_official_string
1672,2606,エデンズジャベリン,digimon,exact_official_string
1673,2607,セフィロートクリスタル,digimon,exact_official_string
1674,2608,コズミックレイ,digimon,exact_official_string
1675,2609,オーラーティオ・グランディオロクア,digimon,exact_official_string
1676,2610,カテドラール,digimon,exact_official_string
1677,2611,グラドゥス,digimon,exact_official_string
1678,2612,永世竜王刃（えいせいりゅうおうじん）,digimon,exact_official_string
1679,2613,黄鎧（おうがい）,digimon,exact_official_string
1680,2614,ラプラスの魔,digimon,exact_official_string
1681,2615,エルダーサイン,digimon,exact_official_string
1682,2616,フリージングブリザード,digimon,exact_official_string
1683,2617,グレートスノープロー,digimon,exact_official_string
1684,2618,グレイト・メイルストローム,digimon,exact_official_string
1685,2619,クリスタルビロー,digimon,exact_official_string
1686,2620,アトミックボンバー,digimon,exact_official_string
1687,2621,スーパーノヴァ,digimon,exact_official_string
1688,2622,カラミティサンダー,digimon,exact_official_string
1689,2623,テラブラスター,digimon,exact_official_string
1690,2624,エペイオスギミック,digimon,exact_official_string
1691,2625,サプライズキャノン,digimon,exact_official_string
1692,2626,ダークブラスト,digimon,exact_official_string
1693,2627,ネクロエクリプス,digimon,exact_official_string
1694,2628,ガイアトルネード,digimon,exact_official_string
1695,2629,オメガバースト,digimon,exact_official_string
1696,2630,シャープネスクレイモア,digimon,exact_official_string
1697,2631,アブソリュート・ゼロ,digimon,exact_official_string
1698,2632,ストームゲイザー,digimon,exact_official_string
1699,2633,レインボーシンフォニー,digimon,exact_official_string
1700,2634,ゴールデンロード,digimon,exact_official_string
1701,2635,メテオアースクエイク,digimon,exact_official_string
1702,2636,ジャイアントニッパー,digimon,exact_official_string
1703,2637,アヴァロンズゲート,digimon,exact_official_string
1704,2638,ペンドラゴンズグローリー,digimon,exact_official_string
1705,2639,ドラゴニックインパクト,digimon,exact_official_string
1706,2640,ピンポイントウェポンワークス,digimon,exact_official_string
1707,2641,アプロプリエートワークス,digimon,exact_official_string
1708,2642,ボンバーアート,digimon,exact_official_string
1709,2643,ガイアフォース,digimon,exact_official_string
1710,2644,ブレイブトルネード,digimon,exact_official_string
1711,2645,ヴェノムインフューズ,digimon,exact_official_string
1712,2646,ヒーリングセラピー,digimon,exact_official_string
1713,2647,ＬＯＶＥＹＯＵ,digimon,exact_official_string
1714,2648,ピースファンタジア,digimon,exact_official_string
1715,2649,パージシャイン,digimon,exact_official_string
1716,2650,オーロラアンジュレーション,digimon,exact_official_string
1717,2651,フェンリルソード,digimon,exact_official_string
1718,2652,アウルヴァンディルの矢,digimon,exact_official_string
1719,2653,アークティックブリザード,digimon,exact_official_string
1720,2654,ミョルニル,digimon,exact_official_string
1721,2655,パワーウォーター,digimon,exact_official_string
1722,2656,ブレイズパワー,digimon,exact_official_string
1723,2657,テラハイドロブレス,digimon,exact_official_string
1724,2658,シャインブレイカー,digimon,exact_official_string
1725,2659,オメガブレード,digimon,exact_official_string
1726,2660,クリスタルの破片,digimon,exact_official_string
1727,2661,巨大なクリスタル,digimon,exact_official_string
1728,2662,自己修復,digimon,exact_official_string
1729,2663,究極戦刃王竜剣,digimon,exact_official_string
1730,2664,聖剣グレイダルファー,digimon,exact_official_string
1731,2665,デジタライズ・オブ・ソウル,digimon,exact_official_string
1732,2666,アルティメットブラスト,digimon,exact_official_string
1733,2667,アルティメットクエイク,digimon,exact_official_string
1734,2668,テラバイトディザスター,digimon,exact_official_string
1735,2669,ディストーションライン,digimon,exact_official_string
1736,2670,ブルートフォース,digimon,exact_official_string
1737,2671,ソルブラスター,digimon,exact_official_string
1738,2672,フォイボス・ブロウ,digimon,exact_official_string
1739,2673,アロー・オブ・アポロ,digimon,exact_official_string
1740,2674,暗黒(ダークネスゾーン),digimon,exact_official_string
1741,2675,ピラミッドパワー,digimon,exact_official_string
1742,2676,アメミット,digimon,exact_official_string
1743,2677,ブラックレイン,digimon,exact_official_string
1744,2678,ミザリーバレットレイン,digimon,exact_official_string
1745,2679,デストラクショントリッガー,digimon,exact_official_string
1746,2680,ハートブレイクアタック,digimon,exact_official_string
1747,2681,ダークストローム,digimon,exact_official_string
1748,2682,イビルアイシクル,digimon,exact_official_string
1749,2683,ストレンジミスト,digimon,exact_official_string
1750,2684,パンドーラ・ダイアログ,digimon,exact_official_string
1751,2685,エターナル・ニルヴァーナ,digimon,exact_official_string
1752,2686,スチームボム,digimon,exact_official_string
1753,2687,ホイールグラインダー,digimon,exact_official_string
1754,2688,ボーリンストーム,digimon,exact_official_string
1755,2689,ローダーモーニングスター,digimon,exact_official_string
1756,2690,ダークネスウェーブ,digimon,exact_official_string
1757,2691,プワゾン,digimon,exact_official_string
1758,2692,ライトニングフィール,digimon,exact_official_string
1759,2693,ルミナフラッシュ,digimon,exact_official_string
1760,2694,デッド・オア・アライブ,digimon,exact_official_string
1761,2695,ストロングフォールド,digimon,exact_official_string
1762,2696,ルークガトリング,digimon,exact_official_string
1763,2697,キャッスルウォール,digimon,exact_official_string
1764,2698,ライラシャワー,digimon,exact_official_string
1765,2699,ビューティースラップ,digimon,exact_official_string
1766,2700,アン・ドゥ・ポラン,digimon,exact_official_string
1767,2701,トライデントリボルバー,digimon,exact_official_string
1768,2702,ライジングデストロイヤー,digimon,exact_official_string
1769,2703,ソリッドストライク,digimon,exact_official_string
1770,2704,ラブリーアタック,digimon,exact_official_string
1771,2705,デスクラウド,digimon,exact_official_string
1772,2706,ソウルプレデター,digimon,exact_official_string
1773,2707,グレイブスクリーム,digimon,exact_official_string
1774,2708,ヌークリアレーザー,digimon,exact_official_string
1775,2709,ホーミングレーザー,digimon,exact_official_string
1776,2710,エミットブレイド,digimon,exact_official_string
1777,2711,ジェノサイドアタック,digimon,exact_official_string
1778,2712,アルティメットスライサー,digimon,exact_official_string
1779,2713,モデストリィスタン,digimon,exact_official_string
1780,2714,ヴィモーハナ,digimon,exact_official_string
1781,2715,コアダート,digimon,exact_official_string
1782,2716,ブラストファイア,digimon,exact_official_string
1783,2717,ギルティブラック,digimon,exact_official_string
1784,2718,マメバイト１０００,digimon,exact_official_string
1785,2719,メットラリアット,digimon,exact_official_string
1786,2720,スネークバンデージ,digimon,exact_official_string
1787,2721,ネクロフォビア,digimon,exact_official_string
1788,2722,サウザンドアロー,digimon,exact_official_string
1789,2723,武舞独繰,digimon,exact_official_string
1790,2724,蝶絶喇叭蹴（ちょうぜつらっぱしゅう）,digimon,exact_official_string
1791,2725,マスターファイアー,digimon,exact_official_string
1792,2726,ヴェーダカ,digimon,exact_official_string
1793,2727,ラウラヴァ,digimon,exact_official_string
1794,2728,チャームプランダー,digimon,exact_official_string
1795,2729,ノーザンクロスボンバー,digimon,exact_official_string
1796,2730,ビックバン・ボイス,digimon,exact_official_string
1797,2731,ビックバン・タックル,digimon,exact_official_string
1798,2732,ヘブンズゲート,digimon,exact_official_string
1799,2733,タイダルウェーブ,digimon,exact_official_string
1800,2734,つっこみパンチ,digimon,exact_official_string
1801,2735,コールドギャグ,digimon,exact_official_string
1802,2736,悪魔のなげキッス,digimon,exact_official_string
1803,2737,スパイラルフラワー,digimon,exact_official_string
1804,2738,紅蓮獣王波（ぐれんじゅうおうは）,digimon,exact_official_string
1805,2739,紅・獅子之舞（くれない・ししのまい）,digimon,exact_official_string
1806,2740,清々之咆哮（せいせいのほうこう）,digimon,exact_official_string
1807,2741,アイスファントム,digimon,exact_official_string
1808,2742,コールドフレイム,digimon,exact_official_string
1809,2743,ブラックスタチュー,digimon,exact_official_string
1810,2744,デーモンズシャウト,digimon,exact_official_string
1811,2745,ソウルチョッパー,digimon,exact_official_string
1812,2746,ヒートウェーブ,digimon,exact_official_string
1813,2747,ビットボム,digimon,exact_official_string
1814,2748,ビッグスマイリーボマー,digimon,exact_official_string
1815,2749,ビショップレーザー,digimon,exact_official_string
1816,2750,ビショップクロス,digimon,exact_official_string
1817,2751,マジカルスティック,digimon,exact_official_string
1818,2752,成龍刃（せいりゅうじん）,digimon,exact_official_string
1819,2753,縦横車（じゅうおうぐるま）,digimon,exact_official_string
1820,2754,トリックオアトリート,digimon,exact_official_string
1821,2755,アニマルネイル,digimon,exact_official_string
1822,2756,ストライクフィッシング,digimon,exact_official_string
1823,2757,ソニックデストロイヤー,digimon,exact_official_string
1824,2758,マッドポンプ,digimon,exact_official_string
1825,2759,オクタゴンアタック,digimon,exact_official_string
1826,2760,ヘルタースケルター,digimon,exact_official_string
1827,2761,ヴァンパイアダンス,digimon,exact_official_string
1828,2762,ヴァフニジュヴァーラ,digimon,exact_official_string
1829,2763,エスグリーマ,digimon,exact_official_string
1830,2764,デスペラードブラスター,digimon,exact_official_string
1831,2765,ギルティクロウ,digimon,exact_official_string
1832,2766,プラグボム,digimon,exact_official_string
1833,2767,ベルセルクソード,digimon,exact_official_string
1834,2768,メタルメテオ,digimon,exact_official_string
1835,2769,ブラッディータワー,digimon,exact_official_string
1836,2770,コブシトーン,digimon,exact_official_string
1837,2771,呪禁札（じゅごんさつ）,digimon,exact_official_string
1838,2772,鬼門遁甲（きもんとんこう）,digimon,exact_official_string
1839,2773,ロイヤルナッツ,digimon,exact_official_string
1840,2774,グラスラッシュ,digimon,exact_official_string
1841,2775,ブリンデッド,digimon,exact_official_string
1842,2776,へヴィーメタルファイアー,digimon,exact_official_string
1843,2777,ヒートチェーン,digimon,exact_official_string
1844,2778,エニグマ,digimon,exact_official_string
1845,2779,ナイトメアシンドローム,digimon,exact_official_string
1846,2780,ブラッディーケイブ,digimon,exact_official_string
1847,2781,ヘルマスカレード,digimon,exact_official_string
1848,2782,強振砲舞乱（きょうしんホームラン）,digimon,exact_official_string
1849,2783,打々々魅飲血（だだだみんち）,digimon,exact_official_string
1850,2784,豚ノ丸焼（ぶたのまるやき）,digimon,exact_official_string
1851,2785,シュヴァボージャナ,digimon,exact_official_string
1852,2786,疾風天翔剣（しっぷうてんしょうけん）,digimon,exact_official_string
1853,2787,迅速の心得（じんそくのこころえ）,digimon,exact_official_string
1854,2788,改心の波動,digimon,exact_official_string
1855,2789,ストライバ－キャノン,digimon,exact_official_string
1856,2790,ブラストガトリング,digimon,exact_official_string
1857,2791,フォービドゥントライデント,digimon,exact_official_string
1858,2792,梵筆閃（ぼんひつせん）,digimon,exact_official_string
1859,2793,ダークイクスプロージョン,digimon,exact_official_string
1860,2794,シュバルツネーベル,digimon,exact_official_string
1861,2795,ダークホール,digimon,exact_official_string
1862,2796,第一曲≪ポリフォニー≫,digimon,exact_official_string
1863,2797,第二曲≪アリア≫,digimon,exact_official_string
1864,2798,第三曲≪カノン≫,digimon,exact_official_string
1865,2799,レッジストレイド,digimon,exact_official_string
1866,2800,メテオフレイム,digimon,exact_official_string
1867,2801,トライデントセイバー,digimon,exact_official_string
1868,2802,ハンマースパーク,digimon,exact_official_string
1869,2803,ブラックアウト,digimon,exact_official_string
1870,2804,ポイズンピアス,digimon,exact_official_string
1871,2805,グレイブボーン,digimon,exact_official_string
1872,2806,デッドリーフィアー,digimon,exact_official_string
1873,2807,ネイルボーン,digimon,exact_official_string
1874,2808,オブリビオンバード,digimon,exact_official_string
1875,2809,ハレースコール,digimon,exact_official_string
1876,2810,プーヤヴァーハ,digimon,exact_official_string
1877,2811,トップガン,digimon,exact_official_string
1878,2812,デュアルソニック,digimon,exact_official_string
1879,2813,チェリーボム,digimon,exact_official_string
1880,2814,ニギミタマ,digimon,exact_official_string
1881,2815,アラミタマ,digimon,exact_official_string
1882,2816,スマッシュポテト,digimon,exact_official_string
1883,2817,降妖杖・渦紋の陣（かもんのじん）,digimon,exact_official_string
1884,2818,降妖杖・滝の陣（たきのじん）,digimon,exact_official_string
1885,2819,月牙斬（げつがざん）,digimon,exact_official_string
1886,2820,クリシュナ,digimon,exact_official_string
1887,2821,杜子春経（とししゅんきょう）,digimon,exact_official_string
1888,2822,胡蝶夢経（こちょうむきょう）,digimon,exact_official_string
1889,2823,無限弾幕心経（むげんだんまくしんきょう）,digimon,exact_official_string
1890,2824,渦紋の陣（かもんのじん）,digimon,exact_official_string
1891,2825,滝の陣（たきのじん）,digimon,exact_official_string
1892,2826,秘技・夢現影（ひぎ・むげんえい）,digimon,exact_official_string
1893,2827,疾風迅雷撃（しっぷうじんらいげき）,digimon,exact_official_string
1894,2828,超帯電雷光砲（ちょうたいでんらいこうほう）,digimon,exact_official_string
1895,2829,觔斗雲（きんとうん）,digimon,exact_official_string
1896,2830,クリミシャ,digimon,exact_official_string
1897,2831,ルナティックダンス,digimon,exact_official_string
1898,2832,アイスアーチェリー,digimon,exact_official_string
1899,2833,ダークアーチェリー,digimon,exact_official_string
1900,2834,クロスブレード,digimon,exact_official_string
1901,2835,グレイドスラッシュ,digimon,exact_official_string
1902,2836,獅子獣波斬,digimon,exact_official_string
1903,2837,旋風タービン蹴り,digimon,exact_official_string
1904,2838,スクラップレスクロー,digimon,exact_official_string
1905,2839,メガトンハマークラッシュ,digimon,exact_official_string
1906,2840,ギガクラック,digimon,exact_official_string
1907,2841,デッドリーボム,digimon,exact_official_string
1908,2842,レイジギガアンカー,digimon,exact_official_string
1909,2843,パイレーツパニッシャー,digimon,exact_official_string
1910,2844,レッグリボルバー,digimon,exact_official_string
1911,2845,ニトロスティンガー,digimon,exact_official_string
1912,2846,スカイロケット∞（ムゲン）,digimon,exact_official_string
1913,2847,マジックアーム,digimon,exact_official_string
1914,2848,ミラクルボム,digimon,exact_official_string
1915,2849,ヒート・バイパー,digimon,exact_official_string
1916,2850,ジェノサイドギア,digimon,exact_official_string
1917,2851,ギルティクロー,digimon,exact_official_string
1918,2852,悟り（さとり）,digimon,exact_official_string
1919,2853,衝撃羽（しょうげきは）,digimon,exact_official_string
1920,2854,ウンチバズーカ,digimon,exact_official_string
1921,2855,酒ブレス,digimon,exact_official_string
1922,2856,アメノムラクモ,digimon,exact_official_string
1923,2857,シザーアームズΩ,digimon,exact_official_string
1924,2858,ホーリーアロー,digimon,exact_official_string
1925,2859,ラブ・セレナーデ,digimon,exact_official_string
1926,2860,ダークスピリッツ,digimon,exact_official_string
1927,2861,プリティーアタック,digimon,exact_official_string
1928,2862,ブラックマター,digimon,exact_official_string
1929,2863,Ｖウィングブレード,digimon,exact_official_string
1930,2864,ドラゴンインパルス,digimon,exact_official_string
1931,2865,ヴォルカニックフォーン,digimon,exact_official_string
1932,2866,サークルオブデス,digimon,exact_official_string
1933,2867,ブレイズソニックブレス,digimon,exact_official_string
1934,2868,エクスプロードソニックランス,digimon,exact_official_string
1935,2869,ウイングブラスト,digimon,exact_official_string
1936,2870,スーカラ,digimon,exact_official_string
1937,2871,ナイトレイド,digimon,exact_official_string
1938,2872,ローダ,digimon,exact_official_string
1939,2873,ヘルズグレネード,digimon,exact_official_string
1940,2874,コクーンアタック,digimon,exact_official_string
1941,2875,アドームクハ,digimon,exact_official_string
1942,2876,コズモフラッシュ,digimon,exact_official_string
1943,2877,ガトリングミサイル,digimon,exact_official_string
1944,2878,スパイラルソード,digimon,exact_official_string
1945,2879,アシパトラヴァナ,digimon,exact_official_string
1946,2880,エリミネイションライン,digimon,exact_official_string
1947,2881,ワームフェイズ,digimon,exact_official_string
1948,2882,スパイダースレッド,digimon,exact_official_string
1949,2883,プレデーションスパイダー,digimon,exact_official_string
1950,2884,スティンガーサプライズ,digimon,exact_official_string
1951,2885,ホーンバスター,digimon,exact_official_string
1952,2886,ヘルファイア,digimon,exact_official_string
1953,2887,マーヴェリック,digimon,exact_official_string
1954,2888,阿修羅神拳（あしゅらしんけん）,digimon,exact_official_string
1955,2889,ペネトレイザー,digimon,exact_official_string
1956,2890,ウイングカッター,digimon,exact_official_string
1957,2891,パワードイグニッション,digimon,exact_official_string
1958,2892,トライアングラー,digimon,exact_official_string
1959,2893,プラズマッドネス,digimon,exact_official_string
1960,2894,デスディナー,digimon,exact_official_string
1961,2895,ブランブルバイト,digimon,exact_official_string
1962,2896,プラントゾーンクレイドル,digimon,exact_official_string
1963,2897,チャージングストライク,digimon,exact_official_string
1964,2898,ボルトブレイクノックダウン,digimon,exact_official_string
1965,2899,ライトニングパイル,digimon,exact_official_string
1966,2900,ターボスティンガー,digimon,exact_official_string
1967,2901,ベアバスター,digimon,exact_official_string
1968,2902,駆駆裂空斬（くるくるれっくうざん）,digimon,exact_official_string
1969,2903,獣牙乱撃（じゅうがらんげき）,digimon,exact_official_string
1970,2904,真空カマイタチ,digimon,exact_official_string
1971,2905,ハザードブレス,digimon,exact_official_string
1972,2906,ムーンナイトボム,digimon,exact_official_string
1973,2907,ティアーアロー,digimon,exact_official_string
1974,2908,ムーンナイトキック,digimon,exact_official_string
1975,2909,ヘドロ,digimon,exact_official_string
1976,2910,シェイキングパルス,digimon,exact_official_string
1977,2911,ジャスティスブリット,digimon,exact_official_string
1978,2912,アンブッシュクランチ,digimon,exact_official_string
1979,2913,サンダーオブキング,digimon,exact_official_string
1980,2914,クリティカルストライク,digimon,exact_official_string
1981,2915,焔玉（ほむらだま）,digimon,exact_official_string
1982,2916,邪炎龍（じゃえんりゅう),digimon,exact_official_string
1983,2917,絶対零度パンチ,digimon,exact_official_string
1984,2918,アイスクルロッド,digimon,exact_official_string
1985,2919,骨骨ブーメラン,digimon,exact_official_string
1986,2920,バーニングフィスト,digimon,exact_official_string
1987,2921,ジャイロブレイク,digimon,exact_official_string
1988,2922,トゥインクルビーム,digimon,exact_official_string
1989,2923,切り捨て御免,digimon,exact_official_string
1990,2924,ダークサイドクェイク,digimon,exact_official_string
1991,2925,肉球パンチ,digimon,exact_official_string
1992,2926,ネコクロー,digimon,exact_official_string
1993,2927,マッドネスブローチ,digimon,exact_official_string
1994,2928,スラップアンドリップ,digimon,exact_official_string
1995,2929,スパイラルクロー,digimon,exact_official_string
1996,2930,苦無羽（くないばね）,digimon,exact_official_string
1997,2931,サウザンドビーク,digimon,exact_official_string
1998,2932,スパークブレイド,digimon,exact_official_string
1999,2933,エアーナイフ,digimon,exact_official_string
2000,2934,フレイムヒット,digimon,exact_official_string
2001,2935,フレイムタワー,digimon,exact_official_string
2002,2936,ヘリウムボム,digimon,exact_official_string
2003,2937,ツェッペリンエクスプロージョン,digimon,exact_official_string
2004,2938,レアメタルウンチ,digimon,exact_official_string
2005,2939,デッドリースティング,digimon,exact_official_string
2006,2940,キャプテンキャノン,digimon,exact_official_string
2007,2941,デスクラッシュ,digimon,exact_official_string
2008,2942,イビルハリケーン,digimon,exact_official_string
2009,2943,スナイプスティール,digimon,exact_official_string
2010,2944,ブラストコフィン,digimon,exact_official_string
2011,2945,フレイムダイブ,digimon,exact_official_string
2012,2946,ファイラクロー,digimon,exact_official_string
2013,2947,ファイラボム,digimon,exact_official_string
2014,2948,スノーパンチ,digimon,exact_official_string
2015,2949,スナイプスティング,digimon,exact_official_string
2016,2950,トゥインクルシュート,digimon,exact_official_string
2017,2951,ミッドナイトファンタジア,digimon,exact_official_string
2018,2952,怒髪天（どはつてん）,digimon,exact_official_string
2019,2953,ヘルズハンド,digimon,exact_official_string
2020,2954,デスチャーム,digimon,exact_official_string
2021,2955,フィフクロス,digimon,exact_official_string
2022,2956,ティーンブレイド,digimon,exact_official_string
2023,2957,バーンフレイム,digimon,exact_official_string
2024,2958,ドラグレスパイカー,digimon,exact_official_string
2025,2959,メテオウィング,digimon,exact_official_string
2026,2960,ニセドリルスピン,digimon,exact_official_string
2027,2961,ウンチ,digimon,exact_official_string
2028,2962,ウンチダンク,digimon,exact_official_string
2029,2963,ビッグダーツ,digimon,exact_official_string
2030,2964,ギャロップホール,digimon,exact_official_string
2031,2965,ナイトランサー,digimon,exact_official_string
2032,2966,キャノンボール,digimon,exact_official_string
2033,2967,パワーメタル,digimon,exact_official_string
2034,2968,ドリルスピン,digimon,exact_official_string
2035,2969,クラッシャーボーン,digimon,exact_official_string
2036,2970,トブトブフェニックス,digimon,exact_official_string
2037,2971,グルグルファイト,digimon,exact_official_string
2038,2972,ジステン・ハウリング,digimon,exact_official_string
2039,2973,ウルトラかみつく,digimon,exact_official_string
2040,2974,スティンガー・ポレーション,digimon,exact_official_string
2041,2975,シェルファランクス,digimon,exact_official_string
2042,2976,巌兎烈斗（ガントレット）,digimon,exact_official_string
2043,2977,トリプレックスフォース,digimon,exact_official_string
2044,2978,スカルファング,digimon,exact_official_string
2045,2979,デスクロウ,digimon,exact_official_string
2046,2980,クリムゾンネイル,digimon,exact_official_string
2047,2981,メタルキャスト,digimon,exact_official_string
2048,2982,キャッツ・アイ,digimon,exact_official_string
2049,2983,ファイアーブレス,digimon,exact_official_string
2050,2984,メガダッシュインパクト,digimon,exact_official_string
2051,2985,デストラクションロアー,digimon,exact_official_string
2052,2986,グレートウェイト,digimon,exact_official_string
2053,2987,ハイパーキャノン,digimon,exact_official_string
2054,2988,ラ・ピュセル,digimon,exact_official_string
2055,2989,バテーム・デ・アムール,digimon,exact_official_string
2056,2990,パンツァーナックル,digimon,exact_official_string
2057,2991,電撃ハグハグスニーカー,digimon,exact_official_string
2058,2992,トンガリヘッド,digimon,exact_official_string
2059,2993,アンニャセレナーデ,digimon,exact_official_string
2060,2994,ドレッドファイア,digimon,exact_official_string
2061,2995,クリスタルクラウド,digimon,exact_official_string
2062,2996,ネクロマジック,digimon,exact_official_string
2063,2997,ブラックセーバー,digimon,exact_official_string
2064,2998,Road T(w)o Decade,digimon,exact_official_string
2065,2999,ヴァンシオン,digimon,exact_official_string
2066,3000,シャドウ・シックル,digimon,exact_official_string
2067,3001,ストライクファング,digimon,exact_official_string
2068,3002,スパイキングフィニッシュ,digimon,exact_official_string
2069,3003,ジャングルパンチ,digimon,exact_official_string
2070,3004,ラスターショット,digimon,exact_official_string
2071,3005,ミッキーバレット,digimon,exact_official_string
2072,3006,ブレスファイア,digimon,exact_official_string
2073,3007,グランドシスタークルス,digimon,exact_official_string
2074,3008,ホーンインパルス,digimon,exact_official_string
2075,3009,フリーデスフォール,digimon,exact_official_string
2076,3010,キルミー,digimon,exact_official_string
2077,3011,デスビハインド,digimon,exact_official_string
2078,3012,スカウターモノアイ,digimon,exact_official_string
2079,3013,ヴァリアブルダーツ,digimon,exact_official_string
2080,3014,サンシャインビーム,digimon,exact_official_string
2081,3015,スマイリービンタ,digimon,exact_official_string
2082,3016,カクタステイル,digimon,exact_official_string
2083,3017,サンダーボール,digimon,exact_official_string
2084,3018,スティッカーブレイド,digimon,exact_official_string
2085,3019,ブラックマインド,digimon,exact_official_string
2086,3020,スクイーズバイン,digimon,exact_official_string
2087,3021,ハイパーヒート,digimon,exact_official_string
2088,3022,パワーアタック,digimon,exact_official_string
2089,3023,ドリームダスト,digimon,exact_official_string
2090,3024,カース・クリムゾン,digimon,exact_official_string
2091,3025,ゴーレムパンチ,digimon,exact_official_string
2092,3026,ペトラファイアー,digimon,exact_official_string
2093,3027,コウガ流影分身,digimon,exact_official_string
2094,3028,グリーンフレアブレス,digimon,exact_official_string
2095,3029,ストライクボマー,digimon,exact_official_string
2096,3030,ジ・シュルネン-Ⅱ,digimon,exact_official_string
2097,3031,ブルーフレアブレス,digimon,exact_official_string
2098,3032,ハンティングキャノン,digimon,exact_official_string
2099,3033,ハイパースメル,digimon,exact_official_string
2100,3034,デビルバッシング,digimon,exact_official_string
2101,3035,クロノブレーカー,digimon,exact_official_string
2102,3036,カオスファイアー,digimon,exact_official_string
2103,3037,当身返し,digimon,exact_official_string
2104,3038,データクラッシャー,digimon,exact_official_string
2105,3039,棒陣破（ぼうじんは）,digimon,exact_official_string
2106,3040,徹甲刃（てっこうじん）,digimon,exact_official_string
2107,3041,鬼炎弾（きえんだん）,digimon,exact_official_string
2108,3042,逆撃炎弾（ぎゃくげきえんだん）,digimon,exact_official_string
2109,3043,銀角突貫（ぎんかくとっかん）,digimon,exact_official_string
2110,3044,金銀雷鳴撃（きんぎんらいめいげき）,digimon,exact_official_string
2111,3045,鬼爆葬（きばくそう）,digimon,exact_official_string
2112,3046,怒気怒鬼怒灸（ドキドキドキューン）,digimon,exact_official_string
2113,3047,雷光鬼蹴（らいこうきしゅう）,digimon,exact_official_string
2114,3048,鬼火玉（おにびだま）,digimon,exact_official_string
2115,3049,狐炎龍（こえんりゅう）,digimon,exact_official_string
2116,3050,リトルペッカ－,digimon,exact_official_string
2117,3051,ＤＪシューター,digimon,exact_official_string
2118,3052,ガワッパンチ,digimon,exact_official_string
2119,3053,ガワッパラッパー,digimon,exact_official_string
2120,3054,シェルズアタック,digimon,exact_official_string
2121,3055,メガブラスター,digimon,exact_official_string
2122,3056,ラクガキロケット,digimon,exact_official_string
2123,3057,オメカキック,digimon,exact_official_string
2124,3058,海鳴墨銃（かいめいぼくじゅう）,digimon,exact_official_string
2125,3059,ヘブンズナックル,digimon,exact_official_string
2126,3060,ツインネプチューン,digimon,exact_official_string
2127,3061,ストロングクランチ,digimon,exact_official_string
2128,3062,エクスレイザー,digimon,exact_official_string
2129,3063,スピニングニードル,digimon,exact_official_string
2130,3064,ブランチドレイン,digimon,exact_official_string
2131,3065,デストロイドボイス,digimon,exact_official_string
2132,3066,クラブアーム,digimon,exact_official_string
2133,3067,バルルーナゲイル,digimon,exact_official_string
2134,3068,アクエリープレッシャー,digimon,exact_official_string
2135,3069,ナイトメアショック,digimon,exact_official_string
2136,3070,ハープーンバルカン,digimon,exact_official_string
2137,3071,イガ流手裏剣投げ,digimon,exact_official_string
2138,3072,メガトンプレス,digimon,exact_official_string
2139,3073,テイルハンマー,digimon,exact_official_string
2140,3074,グライドホーン,digimon,exact_official_string
2141,3075,ブラストレーザー,digimon,exact_official_string
2142,3076,スカーレッドアイ,digimon,exact_official_string
2143,3077,アイスボールボム,digimon,exact_official_string
2144,3078,アトラクトエコー,digimon,exact_official_string
2145,3079,アイアントラスト,digimon,exact_official_string
2146,3080,スタンビートブロウ,digimon,exact_official_string
2147,3081,ネバネバネット,digimon,exact_official_string
2148,3082,シルクスレッド,digimon,exact_official_string
2149,3083,ダブルタイフーン,digimon,exact_official_string
2150,3084,狐変虚（こへんきょ）,digimon,exact_official_string
2151,3085,狐葉楔（こようせつ）,digimon,exact_official_string
2152,3086,レオクロー,digimon,exact_official_string
2153,3087,クリティカルバイト,digimon,exact_official_string
2154,3088,ルナクロー,digimon,exact_official_string
2155,3089,ティアーシュート,digimon,exact_official_string
2156,3090,ロップイヤーリップル,digimon,exact_official_string
2157,3091,グランドクロス,digimon,exact_official_string
2158,3092,兜返し,digimon,exact_official_string
2159,3093,居合刃（いあいじん）,digimon,exact_official_string
2160,3094,ナッツシュート,digimon,exact_official_string
2161,3095,ララスクリュー,digimon,exact_official_string
2162,3096,シング・ア・ソング,digimon,exact_official_string
2163,3097,キュアーリキュール,digimon,exact_official_string
2164,3098,レトリバーク,digimon,exact_official_string
2165,3099,リトルブリザード,digimon,exact_official_string
2166,3100,クラックバイト,digimon,exact_official_string
2167,3101,トロピカルビーク,digimon,exact_official_string
2168,3102,ポイズン・ス・マッシュ,digimon,exact_official_string
2169,3103,逃げ足猛ダッシュ,digimon,exact_official_string
2170,3104,ポーンスピアー,digimon,exact_official_string
2171,3105,ポーンバックラー,digimon,exact_official_string
2172,3106,ピラミッドフォーメーション,digimon,exact_official_string
2173,3107,ビークペッカー,digimon,exact_official_string
2174,3108,フェザースラッシュ,digimon,exact_official_string
2175,3109,無限ビンタ,digimon,exact_official_string
2176,3110,小熊正拳突き,digimon,exact_official_string
2177,3111,アレルギーシャワー,digimon,exact_official_string
2178,3112,ブンブンパンチ,digimon,exact_official_string
2179,3113,ブイモンヘッド,digimon,exact_official_string
2180,3114,ギアスティンガー,digimon,exact_official_string
2181,3115,８８コール（ハチハチコール）,digimon,exact_official_string
2182,3116,ファルコラッシュ,digimon,exact_official_string
2183,3117,エビルスノア,digimon,exact_official_string
2184,3118,ユーカリクロー,digimon,exact_official_string
2185,3119,マジカルファイアー,digimon,exact_official_string
2186,3120,ピコダーツ,digimon,exact_official_string
2187,3121,フィフスラッシュ,digimon,exact_official_string
2188,3122,ティーンラム,digimon,exact_official_string
2189,3123,エアショット,digimon,exact_official_string
2190,3124,ハネビンタ,digimon,exact_official_string
2191,3125,逃げ足ダッシュ,digimon,exact_official_string
2192,3126,たぬきねいり,digimon,exact_official_string
2193,3127,ニセハカセボウ,digimon,exact_official_string
2194,3128,ニセハカセボー,digimon,exact_official_string
2195,3129,ダッシュメタル,digimon,exact_official_string
2196,3130,メタルキャノン,digimon,exact_official_string
2197,3131,ベビーブレス,digimon,exact_official_string
2198,3132,テイルスマッシュ,digimon,exact_official_string
2199,3133,アイオブナイトメア,digimon,exact_official_string
2200,3134,アンデッドファング,digimon,exact_official_string
2201,3135,プチサンダー,digimon,exact_official_string
2202,3136,スピードナイトメア,digimon,exact_official_string
2203,3137,ナイトメアパンデミック,digimon,exact_official_string
2204,3138,フェアリーパウダー,digimon,exact_official_string
2205,3139,ピーターモンシンドローム,digimon,exact_official_string
2206,3140,バッドメッセージ,digimon,exact_official_string
2207,3141,チーズ爆弾（ボム）,digimon,exact_official_string
2208,3142,シャイニーリング,digimon,exact_official_string
2209,3143,トゥエンティダイブ,digimon,exact_official_string
2210,3144,スノーゴブボルト,digimon,exact_official_string
2211,3145,スラッシュフィン,digimon,exact_official_string
2212,3146,ブラインピストル,digimon,exact_official_string
2213,3147,ウォータースクリュー,digimon,exact_official_string
2214,3148,シャーマハンマー,digimon,exact_official_string
2215,3149,ディバインピース,digimon,exact_official_string
2216,3150,プロテクトウェーブ,digimon,exact_official_string
2217,3151,カワフルスパーク,digimon,exact_official_string
2218,3152,ハデハデホーン,digimon,exact_official_string
2219,3153,原色の舞い,digimon,exact_official_string
2220,3154,コロナックル,digimon,exact_official_string
2221,3155,コロナフレイム,digimon,exact_official_string
2222,3156,プチプロミネンス,digimon,exact_official_string
2223,3157,Ｍ１６アサシン,digimon,exact_official_string
2224,3158,ＤＣＤボム,digimon,exact_official_string
2225,3159,ゴブリストライク,digimon,exact_official_string
2226,3160,サンダーコテ,digimon,exact_official_string
2227,3161,ファイヤーメン,digimon,exact_official_string
2228,3162,スクープスマッシュ,digimon,exact_official_string
2229,3163,ビートルラリアット,digimon,exact_official_string
2230,3164,ミスチバスフープ,digimon,exact_official_string
2231,3165,ベビースリング,digimon,exact_official_string
2232,3166,エレクトリックスレッド,digimon,exact_official_string
2233,3167,ボンファイア,digimon,exact_official_string
2234,3168,スパイラルエッジ,digimon,exact_official_string
2235,3169,ポインタ・アロー,digimon,exact_official_string
2236,3170,メットタックル,digimon,exact_official_string
2237,3171,コーラガード,digimon,exact_official_string
2238,3172,ローリングアッパー,digimon,exact_official_string
2239,3173,ダブルバックハンド,digimon,exact_official_string
2240,3174,ガオラッシュ,digimon,exact_official_string
2241,3175,ボイルドバブル,digimon,exact_official_string
2242,3176,ジャミングサンダー,digimon,exact_official_string
2243,3177,スパークリングサンダー,digimon,exact_official_string
2244,3178,フレッシュシュリンプ,digimon,exact_official_string
2245,3179,ホットカツレツ,digimon,exact_official_string
2246,3180,サモン,digimon,exact_official_string
2247,3181,ネメシスアイビー,digimon,exact_official_string
2248,3182,スクラッチビート,digimon,exact_official_string
2249,3183,ローリングストーン,digimon,exact_official_string
2250,3184,ソウルアブソープション,digimon,exact_official_string
2251,3185,イレイズシックル,digimon,exact_official_string
2252,3186,ハカセボウ,digimon,exact_official_string
2253,3187,ハカセボー,digimon,exact_official_string
2254,3188,スマイルファング,digimon,exact_official_string
2255,3189,伸縮性のある泡,digimon,exact_official_string
2256,3190,パインコーン,digimon,exact_official_string
2257,3191,ミサイルクラッシュ,digimon,exact_official_string
2258,3192,ポロロブリーズ,digimon,exact_official_string
2259,3193,殺生石,digimon,exact_official_string
2260,3194,ホットガス,digimon,exact_official_string
2261,3195,チックリット,digimon,exact_official_string
2262,3196,シッポビンタ,digimon,exact_official_string
2263,3197,小さな火炎弾,digimon,exact_official_string
2264,3198,空気の泡,digimon,exact_official_string
2265,3199,シャボンフラワー,digimon,exact_official_string
2266,3200,ピリピリスパーク,digimon,exact_official_string
2267,3201,ドクトゲトゲ,digimon,exact_official_string
2268,3202,毒の泡,digimon,exact_official_string
2269,3203,フォックステイル,digimon,exact_official_string
2270,3204,メタルドロップ,digimon,exact_official_string
2271,3205,ネイルスクラッチ,digimon,exact_official_string
2272,3206,ダブルボブル,digimon,exact_official_string
2273,3207,フォームシャワー,digimon,exact_official_string
2274,3208,ホップアタック,digimon,exact_official_string
2275,3209,ツゥーモ,digimon,exact_official_string
2276,3210,サクサク,digimon,exact_official_string
2277,3211,メタルストロー,digimon,exact_official_string
2278,3212,エンジェルリング,digimon,exact_official_string
2279,3213,しっぽスイング,digimon,exact_official_string
2280,3214,ホットバイト,digimon,exact_official_string
2281,3215,ハウリングヘルツ,digimon,exact_official_string
2282,3216,ショックシャウト,digimon,exact_official_string
2283,3217,変身,digimon,exact_official_string
2284,3218,スモーク,digimon,exact_official_string
2285,3219,バチバチバッチン,digimon,exact_official_string
2286,3220,ヘアミスト,digimon,exact_official_string
2287,3221,フワーフェザー,digimon,exact_official_string
2288,3222,小さな鉄のトゲ,digimon,exact_official_string
2289,3223,エンジェルダスト,digimon,exact_official_string
2290,3224,熱い吐息,digimon,exact_official_string
2291,3225,シャボンの泡,digimon,exact_official_string
2292,3226,パフバルーン,digimon,exact_official_string
2293,3227,シードクラッカー,digimon,exact_official_string
2294,3228,小さな鉄粒,digimon,exact_official_string
2295,3229,ジャミングパウダー,digimon,exact_official_string
2296,3230,熱気を帯びた泡,digimon,exact_official_string
2297,3231,サックリ,digimon,exact_official_string
2298,3232,グレアーアイ,digimon,exact_official_string
2299,3233,ディープサーチ,appmon,exact_official_string
2300,3234,ガッチクロー,appmon,exact_official_string
2301,3235,コネクトライン,appmon,exact_official_string
2302,3236,ノイジーコーリング,appmon,exact_official_string
2303,3237,メールダーツ,appmon,exact_official_string
2304,3238,トラブルポスト,appmon,exact_official_string
2305,3239,ツイボム,appmon,exact_official_string
2306,3240,イイネラッシュ,appmon,exact_official_string
2307,3241,バベルシャベル,appmon,exact_official_string
2308,3242,バベルダマル,appmon,exact_official_string
2309,3243,アドリサーチ,appmon,exact_official_string
2310,3244,アドデリート,appmon,exact_official_string
2311,3245,ポストレビュー,appmon,exact_official_string
2312,3246,最悪の評価,appmon,exact_official_string
2313,3247,クイックセットアップ,appmon,exact_official_string
2314,3248,ピーキーセッティング,appmon,exact_official_string
2315,3249,メッセストリームアタック,appmon,exact_official_string
2316,3250,コトダマレイン,appmon,exact_official_string
2317,3251,イドバタペーパー,appmon,exact_official_string
2318,3252,コッソリワーク,appmon,exact_official_string
2319,3253,ロケットバースト,appmon,exact_official_string
2320,3254,オーバードブースト,appmon,exact_official_string
2321,3255,ナビゲーションアロー,appmon,exact_official_string
2322,3256,ショックアタックマーカー,appmon,exact_official_string
2323,3257,ホーミングインパクト,appmon,exact_official_string
2324,3258,ラプターウィング,appmon,exact_official_string
2325,3259,スイッチングレール,appmon,exact_official_string
2326,3260,トレイルスラム,appmon,exact_official_string
2327,3261,プチプチウェザー,appmon,exact_official_string
2328,3262,グズグズウェザー,appmon,exact_official_string
2329,3263,ぐるぐるパニック,appmon,exact_official_string
2330,3264,スピンディフレクション,appmon,exact_official_string
2331,3265,グランドオープン！,appmon,exact_official_string
2332,3266,スケアリーサービス,appmon,exact_official_string
2333,3267,ゴーガイニュース,appmon,exact_official_string
2334,3268,ショーゲキニュース,appmon,exact_official_string
2335,3269,フィンガーポインター,appmon,exact_official_string
2336,3270,チュートリアライズ,appmon,exact_official_string
2337,3271,ソウルシャウト,appmon,exact_official_string
2338,3272,ジッキョークライシス,appmon,exact_official_string
2339,3273,キリングシャッター,appmon,exact_official_string
2340,3274,スパイフォーカス,appmon,exact_official_string
2341,3275,アブソープインタビュー,appmon,exact_official_string
2342,3276,スラックマイク,appmon,exact_official_string
2343,3277,カウントレーザー,appmon,exact_official_string
2344,3278,ディバイドアーム,appmon,exact_official_string
2345,3279,ダストハント,appmon,exact_official_string
2346,3280,トラッシュボム,appmon,exact_official_string
2347,3281,キャプチャーミラー,appmon,exact_official_string
2348,3282,ミラーズリベンジ,appmon,exact_official_string
2349,3283,ブラインドフラッシュ,appmon,exact_official_string
2350,3284,シャイニングボディ,appmon,exact_official_string
2351,3285,アラームホールド,appmon,exact_official_string
2352,3286,ミニッツスピアー,appmon,exact_official_string
2353,3287,オペレートログ,appmon,exact_official_string
2354,3288,ロストダイアリー,appmon,exact_official_string
2355,3289,スティールプラン,appmon,exact_official_string
2356,3290,ミスティックホリデー,appmon,exact_official_string
2357,3291,ウェーブアタック,appmon,exact_official_string
2358,3292,イージーソナー,appmon,exact_official_string
2359,3293,ジャムジャムペイン,appmon,exact_official_string
2360,3294,スプリーシグナル,appmon,exact_official_string
2361,3295,フレイムウォール,appmon,exact_official_string
2362,3296,オールマイティガード,appmon,exact_official_string
2363,3297,ヴァンキッシュクロー,appmon,exact_official_string
2364,3298,ストレンジハック,appmon,exact_official_string
2365,3299,エレクトリックチャージ,appmon,exact_official_string
2366,3300,クラップスパーク,appmon,exact_official_string
2367,3301,ペコペコハンマー,appmon,exact_official_string
2368,3302,ペコスマッシュ,appmon,exact_official_string
2369,3303,ポコポコブロウ,appmon,exact_official_string
2370,3304,ポコメルタ,appmon,exact_official_string
2371,3305,コピー＆ペースト,appmon,exact_official_string
2372,3306,チープイミテーション,appmon,exact_official_string
2373,3307,セービングバブル,appmon,exact_official_string
2374,3308,スプリットメモリー,appmon,exact_official_string
2375,3309,リアルプロジェクション,appmon,exact_official_string
2376,3310,リカバリーウォール,appmon,exact_official_string
2377,3311,エコロジーグラウンド,appmon,exact_official_string
2378,3312,バッテリドレイン,appmon,exact_official_string
2379,3313,スパイドロイド,appmon,exact_official_string
2380,3314,パニックセントリー,appmon,exact_official_string
2381,3315,シークサークル,appmon,exact_official_string
2382,3316,クリーンシグナル,appmon,exact_official_string
2383,3317,スイッチスパーク,appmon,exact_official_string
2384,3318,ツナゲルリンク,appmon,exact_official_string
2385,3319,スイッチレイジー,appmon,exact_official_string
2386,3320,タチキルリンク,appmon,exact_official_string
2387,3321,ドカドカラッシュ,appmon,exact_official_string
2388,3322,ドッカンパンチ,appmon,exact_official_string
2389,3323,プレッシャーリボルヴ,appmon,exact_official_string
2390,3324,ドローフェイズ,appmon,exact_official_string
2391,3325,ブランクカード,appmon,exact_official_string
2392,3326,ホーリーソード,appmon,exact_official_string
2393,3327,ブレイブシールド,appmon,exact_official_string
2394,3328,ポッピンスリー,appmon,exact_official_string
2395,3329,エレメントミックス,appmon,exact_official_string
2396,3330,アップロックビート,appmon,exact_official_string
2397,3331,クレイジーステップ,appmon,exact_official_string
2398,3332,アクセルドライブ,appmon,exact_official_string
2399,3333,レイジーラビット,appmon,exact_official_string
2400,3334,インクシャワー,appmon,exact_official_string
2401,3335,ペイントメルト,appmon,exact_official_string
2402,3336,フォーチュンテラー,appmon,exact_official_string
2403,3337,スフィアインパクト,appmon,exact_official_string
2404,3338,ミュージックアワー！,appmon,exact_official_string
2405,3339,ハッピープレイリスト,appmon,exact_official_string
2406,3340,テイスティングバイト,appmon,exact_official_string
2407,3341,ペロリンログ,appmon,exact_official_string
2408,3342,チャンネルプレイ,appmon,exact_official_string
2409,3343,ダークモニター,appmon,exact_official_string
2410,3344,ソーイングニードル,appmon,exact_official_string
2411,3345,シャミングステッチ,appmon,exact_official_string
2412,3346,ページサモン,appmon,exact_official_string
2413,3347,センテンスウィップ,appmon,exact_official_string
2414,3348,ガシャガシャポン,appmon,exact_official_string
2415,3349,ドッキリカプセル,appmon,exact_official_string
2416,3350,ラッキースロット,appmon,exact_official_string
2417,3351,トリプルセブン,appmon,exact_official_string
2418,3352,トリッキーハッター,appmon,exact_official_string
2419,3353,グランドイリュージョン,appmon,exact_official_string
2420,3354,シックスシェイク,appmon,exact_official_string
2421,3355,ミラクルロール,appmon,exact_official_string
2422,3356,アストロクッキング,appmon,exact_official_string
2423,3357,ソウルフルコース,appmon,exact_official_string
2424,3358,パープルガスト,appmon,exact_official_string
2425,3359,テンタクルバインド,appmon,exact_official_string
2426,3360,ス～パ～スリ～パ～,appmon,exact_official_string
2427,3361,レイジングアイ,appmon,exact_official_string
2428,3362,マッスルポージング,appmon,exact_official_string
2429,3363,ムキムキスエット,appmon,exact_official_string
2430,3364,ヒーリングバンデージ,appmon,exact_official_string
2431,3365,レスキューキッス,appmon,exact_official_string
2432,3366,ルーレットバンク,appmon,exact_official_string
2433,3367,マニーショック,appmon,exact_official_string
2434,3368,ハイドロジェット,appmon,exact_official_string
2435,3369,癒しの湯,appmon,exact_official_string
2436,3370,バイタルサプリ,appmon,exact_official_string
2437,3371,ミナギルエナジー,appmon,exact_official_string
2438,3372,バイタルリミット              オーバーパワー,appmon,exact_official_string
2439,3373,スペシャルビッド,appmon,exact_official_string
2440,3374,ニューサツスイング,appmon,exact_official_string
2441,3375,セツヤクハート,appmon,exact_official_string
2442,3376,ケチケチハート,appmon,exact_official_string
2443,3377,バーゲンプライス,appmon,exact_official_string
2444,3378,バクガイタイム,appmon,exact_official_string
2445,3379,ビブリオスキャン,appmon,exact_official_string
2446,3380,ヒデングリフ,appmon,exact_official_string
2447,3381,クライストルネード,appmon,exact_official_string
2448,3382,ロギプラズマ,appmon,exact_official_string
2449,3383,スクラッチバン,appmon,exact_official_string
2450,3384,ロガブラスト,appmon,exact_official_string
2451,3385,ディープダイブ,appmon,exact_official_string
2452,3386,ドガッチバスター,appmon,exact_official_string
2453,3387,ソニックスラッシュ,appmon,exact_official_string
2454,3388,メッセシュトロム,appmon,exact_official_string
2455,3389,ヘビーギフト,appmon,exact_official_string
2456,3390,ブレイズスラング,appmon,exact_official_string
2457,3391,ネガティブラスター,appmon,exact_official_string
2458,3392,失敗しちゃった,appmon,exact_official_string
2459,3393,スカナックル,appmon,exact_official_string
2460,3394,トリップゲート,appmon,exact_official_string
2461,3395,ワンダラーファング,appmon,exact_official_string
2462,3396,ディヴァインブレス,appmon,exact_official_string
2463,3397,パニックサンダー,appmon,exact_official_string
2464,3398,クロノスライド,appmon,exact_official_string
2465,3399,クロックフィスト,appmon,exact_official_string
2466,3400,クロックシールド,appmon,exact_official_string
2467,3401,ライアースロート,appmon,exact_official_string
2468,3402,ツインスクリーム,appmon,exact_official_string
2469,3403,デスウォッチ,appmon,exact_official_string
2470,3404,デッドリースナイプ,appmon,exact_official_string
2471,3405,トッカンメイカー,appmon,exact_official_string
2472,3406,ゾーンアーキテクト,appmon,exact_official_string
2473,3407,クラッキングクレイス,appmon,exact_official_string
2474,3408,バラージジャック,appmon,exact_official_string
2475,3409,アブソーブジップ,appmon,exact_official_string
2476,3410,アンフリーズフィスト,appmon,exact_official_string
2477,3411,ステルスケープ,appmon,exact_official_string
2478,3412,カメレオンリック,appmon,exact_official_string
2479,3413,ワープループ,appmon,exact_official_string
2480,3414,スケアリーゲート,appmon,exact_official_string
2481,3415,臥龍扇,appmon,exact_official_string
2482,3416,炎舞の陣,appmon,exact_official_string
2483,3417,ドヒョウフィールド,appmon,exact_official_string
2484,3418,ジェット張手,appmon,exact_official_string
2485,3419,コマンド＝ハイパー,appmon,exact_official_string
2486,3420,クレイジーブレイン,appmon,exact_official_string
2487,3421,怒ツ鬼金剛棍,appmon,exact_official_string
2488,3422,愛の入魂金棒,appmon,exact_official_string
2489,3423,上下上下右右左左XY,appmon,exact_official_string
2490,3424,カミワザコンボ,appmon,exact_official_string
2491,3425,カラーズマザー,appmon,exact_official_string
2492,3426,ペイントドラゴン,appmon,exact_official_string
2493,3427,ラメントフェイト,appmon,exact_official_string
2494,3428,アルカナシールド,appmon,exact_official_string
2495,3429,メタモルコーデ,appmon,exact_official_string
2496,3430,フィッティングアロー,appmon,exact_official_string
2497,3431,バーチャルバース,appmon,exact_official_string
2498,3432,クイーンウィール,appmon,exact_official_string
2499,3433,ビッグゲーム,appmon,exact_official_string
2500,3434,ノンレムパペット,appmon,exact_official_string
2501,3435,ドリームシアター,appmon,exact_official_string
2502,3436,ワンオペレーション,appmon,exact_official_string
2503,3437,ワンダーメディシン,appmon,exact_official_string
2504,3438,スパイラルトリガー,appmon,exact_official_string
2505,3439,マッドネスシリンジ,appmon,exact_official_string
2506,3440,スリフトアンサー,appmon,exact_official_string
2507,3441,オクトパラース,appmon,exact_official_string
2508,3442,バーバルジェイル,appmon,exact_official_string
2509,3443,デビルズコデックス,appmon,exact_official_string
2510,3444,アルティメットサーチ,appmon,exact_official_string
2511,3445,グランツゲイザー,appmon,exact_official_string
2512,3446,シュベルトカッター,appmon,exact_official_string
2513,3447,ゼーレゲヴァルト,appmon,exact_official_string
2514,3448,アルフ＝アイン,appmon,exact_official_string
2515,3449,もうダメだ～,appmon,exact_official_string
2516,3450,ダメダメージ,appmon,exact_official_string
2517,3451,コズミックレイダー,appmon,exact_official_string
2518,3452,レインボーアサルト,appmon,exact_official_string
2519,3453,メテオレイン,appmon,exact_official_string
2520,3454,ギガントエルガー,appmon,exact_official_string
2521,3455,パワーブート,appmon,exact_official_string
2522,3456,ナックルソル,appmon,exact_official_string
2523,3457,シザーズブラック,appmon,exact_official_string
2524,3458,ルーナインパルス,appmon,exact_official_string
2525,3459,イミテーションノイズ,appmon,exact_official_string
2526,3460,クラウンマスク,appmon,exact_official_string
2527,3461,ヴンダーゲネシス,appmon,exact_official_string
2528,3462,セイバーシュトラール,appmon,exact_official_string
2529,3463,デーモンアルム,appmon,exact_official_string
2530,3464,ザータンムント,appmon,exact_official_string
2531,3465,ゴールデンファング,appmon,exact_official_string
2532,3466,フレイムストレート,appmon,exact_official_string
2533,3467,ハッピーファントム,appmon,exact_official_string
2534,3468,ポルテメロス,appmon,exact_official_string
2535,3469,ドクトルメス,appmon,exact_official_string
2536,3470,ナーデルブレイズ,appmon,exact_official_string
2537,3471,ローザフェニクス,appmon,exact_official_string
2538,3472,ヴィーナスロッド,appmon,exact_official_string
2539,3473,ウィングパクト,appmon,exact_official_string
2540,3474,レフィシオール,appmon,exact_official_string
2541,3475,ホライゾンタルフレア,appmon,exact_official_string
2542,3476,エクリプスイレイザー,appmon,exact_official_string
2543,3477,イマジンマール,appmon,exact_official_string
2544,3478,アルティメットアダマス,appmon,exact_official_string
2545,3479,ヘル・カキア,appmon,exact_official_string
2546,3480,メランエクスプロード,appmon,exact_official_string
2547,3481,トライデント・フォール,appmon,exact_official_string
2548,3482,海帝掌打,appmon,exact_official_string
2549,3483,ハロー・ハロー,appmon,exact_official_string
2550,3484,アストラルイラプション,appmon,exact_official_string
2551,3485,コード：オリジン,appmon,exact_official_string
2552,3486,イニシャル・ゼロ,appmon,exact_official_string
2553,3487,スピンシュート,appmon,exact_official_string
2554,3488,みみだまし,appmon,exact_official_string
2555,3489,ボディスピアー,appmon,exact_official_string
2556,3490,断鉄剣（だんてつけん）,appmon,exact_official_string
2557,3491,戸締用心(とじまりようじん),appmon,exact_official_string
