dm_technique_id,name_ja,first_source_kind,mapping_status
1,ランページバレット,digimon,exact_official_string
2,アネスシージアゲイズ,digimon,exact_official_string
3,ドゥームバスター,digimon,exact_official_string
4,ディキャピテイトクロウ,digimon,exact_official_string
5,ソウルパラヴライザー,digimon,exact_official_string
6,レストリクトアイ,digimon,exact_official_string
7,羽々斬（はばきり）,digimon,exact_official_string
8,麁正（あらまさ）,digimon,exact_official_string
9,ペネトレイトブロウ,digimon,exact_official_string
10,マーダライズラッシュ,digimon,exact_official_string
11,ベアダウンスピニングキック,digimon,exact_official_string
12,氷骸礫(ひょうがいれき),digimon,exact_official_string
13,轟蹄崩(ごうていほう),digimon,exact_official_string
14,凍烈檮牙(とうれつとうが),digimon,exact_official_string
15,トライアンギュレーションスキャン,digimon,exact_official_string
16,デスペアブラスト,digimon,exact_official_string
17,エリミネイトレイン,digimon,exact_official_string
18,サイレントスクリーム,digimon,exact_official_string
19,アナイアレイトエッジ,digimon,exact_official_string
20,モナークオーディナンス,digimon,exact_official_string
21,ファイナルジャッジメント,digimon,exact_official_string
22,アロー・オブ・ウィスパード,digimon,exact_official_string
23,サン・オブ・ソローズ,digimon,exact_official_string
24,ウォジェット,digimon,exact_official_string
25,ライドライト,digimon,exact_official_string
26,ソード・オブ・メテオ,digimon,exact_official_string
27,インフィニティソードレイン,digimon,exact_official_string
28,マルクトクリスタル,digimon,exact_official_string
29,レインボーハンド,digimon,exact_official_string
30,ソードマスカレード,digimon,exact_official_string
31,スペースチャクラム,digimon,exact_official_string
32,ヘリオスラッシャー,digimon,exact_official_string
33,コズモビクトリー,digimon,exact_official_string
34,フローズンガスト,digimon,exact_official_string
35,ブレイジングガスト,digimon,exact_official_string
36,レーヴァテイン,digimon,exact_official_string
37,ブレイズファイアー,digimon,exact_official_string
38,クロスレッド＆ブルー,digimon,exact_official_string
39,ビクトリーブレイブ,digimon,exact_official_string
40,アシッドタイフーン,digimon,exact_official_string
41,ビリオンスタブ,digimon,exact_official_string
42,ワイルドバーニング,digimon,exact_official_string
43,ブリリアンスダガー,digimon,exact_official_string
44,ブレス・オブ・ペルーン,digimon,exact_official_string
45,トマホークストライク,digimon,exact_official_string
46,トライカーヴレイン,digimon,exact_official_string
47,トリニティライトニング,digimon,exact_official_string
48,魔縁斬蹴撃（まえんざんしゅうげき）,digimon,exact_official_string
49,尊天大烈風（そんてんだいれっぷう）,digimon,exact_official_string
50,厳之御魂（いづのみたま）,digimon,exact_official_string
51,六合照徹閃（りくごうしょうてつせん）,digimon,exact_official_string
52,浄玻璃鏡(じょうはりのかがみ),digimon,exact_official_string
53,閻羅王降誕（えんらおうごうたん）,digimon,exact_official_string
54,火眼金睛（かがんきんせい）,digimon,exact_official_string
55,八戒炎天撃（はっかいえんてんげき）,digimon,exact_official_string
56,悟浄水天葬（ごじょうすいてんそう）,digimon,exact_official_string
57,超大聖雷天砲（ちょうたいせいらいてんほう）,digimon,exact_official_string
58,エスカトン,digimon,exact_official_string
59,プロフェットオブエリヤ,digimon,exact_official_string
60,ジェイルマオン,digimon,exact_official_string
61,ブルータルヘイロウ,digimon,exact_official_string
62,光爪神楽（こうそうかぐら）,digimon,exact_official_string
63,魔祓灼光（まふつのしゃっこう）,digimon,exact_official_string
64,猛進火達磨（もうしんひだるま）,digimon,exact_official_string
65,断災達磨落とし（だんさいだるまおとし）,digimon,exact_official_string
66,クリスタルキャノン,digimon,exact_official_string
67,ハンマーストライク,digimon,exact_official_string
68,ノーホープフォール,digimon,exact_official_string
69,クリスタルレイン,digimon,exact_official_string
70,フィンガーボム,digimon,exact_official_string
71,ホーリーフレア,digimon,exact_official_string
72,クロノデヴォリューション,digimon,exact_official_string
73,クロノスクロップ,digimon,exact_official_string
74,日輪の舞,digimon,exact_official_string
75,暁光一閃,digimon,exact_official_string
76,ツバメ二枚返し,digimon,exact_official_string
77,秘剣・飛鳥落とし,digimon,exact_official_string
78,唐竹割り,digimon,exact_official_string
79,秘剣ピヨピヨ斬り,digimon,exact_official_string
80,ピヨピヨ,digimon,exact_official_string
81,ハザードホールド,digimon,exact_official_string
82,ヘルズスライス,digimon,exact_official_string
83,マリオネットアボミネーション,digimon,exact_official_string
84,小判振舞い,digimon,exact_official_string
85,招敵来来拳（しょうてきらいらいけん）,digimon,exact_official_string
86,劈龍爪（へきりゅうそう）,digimon,exact_official_string
87,焔明珠（えんめいしゅ）,digimon,exact_official_string
88,豪狛毬（ごうはくきゅう）,digimon,exact_official_string
89,石土之体（いしづちのてい）,digimon,exact_official_string
90,編笠スピン斬り,digimon,exact_official_string
91,粘溶液（ねんようえき）,digimon,exact_official_string
92,猛冲角（もうちゅうかく）,digimon,exact_official_string
93,岩衝弾（がんしょうだん）,digimon,exact_official_string
94,泿水弾（ぎんすいだん）,digimon,exact_official_string
95,蛟牙（こうが）,digimon,exact_official_string
96,猿攻回転弾（えんこうかいてんだん）,digimon,exact_official_string
97,金絲吼（きんしこう）,digimon,exact_official_string
98,ニュートロンレイザー,digimon,exact_official_string
99,ニュートロンデフューザー,digimon,exact_official_string
100,ニュートロンブレイド,digimon,exact_official_string
101,デスロールプレス,digimon,exact_official_string
102,燐火（りんか）,digimon,exact_official_string
103,ヒノタマ,digimon,exact_official_string
104,黏雲（ねんうん）,digimon,exact_official_string
105,呼雲（こうん）,digimon,exact_official_string
106,アブソーベント・バン,digimon,exact_official_string
107,エンドレストランス,digimon,exact_official_string
108,プロビデンススキャン,digimon,exact_official_string
109,シャドウアーツ,digimon,exact_official_string
110,ジャイアントラング,digimon,exact_official_string
111,メズマバースト,digimon,exact_official_string
112,クリムゾンクレスト,digimon,exact_official_string
113,ドレッドノートスタンピード,digimon,exact_official_string
114,九淵貪角(きゅうえんどんかく),digimon,exact_official_string
115,穢吐餓(えとが),digimon,exact_official_string
116,饕飢爆（とうきばく）,digimon,exact_official_string
117,ルースレスチャージ,digimon,exact_official_string
118,ディスレンジホーン,digimon,exact_official_string
119,ヴェインアンサー,digimon,exact_official_string
120,アイアンヘイロウ,digimon,exact_official_string
121,アイズオブエノク,digimon,exact_official_string
122,メタトロニオス,digimon,exact_official_string
123,闘魂爪（とうこんそう）,digimon,exact_official_string
124,爆霧（ばくぎり）,digimon,exact_official_string
125,GGS（ジージーエス）,digimon,exact_official_string
126,千塵鬼神斬（せんじんきしんざん）,digimon,exact_official_string
127,ルースレスファング,digimon,exact_official_string
128,ルースレスクロー,digimon,exact_official_string
129,ラースロア,digimon,exact_official_string
130,ツェッペリンサーカス,digimon,exact_official_string
131,デアデビルブレイク,digimon,exact_official_string
132,カーズバイト,digimon,exact_official_string
133,リリースハウリング,digimon,exact_official_string
134,豪ノ斬・叢時雨（ごうのざん・むらしぐれ）,digimon,exact_official_string
135,柔ノ斬・月時雨（じゅうのざん・つきしぐれ）,digimon,exact_official_string
136,終ノ斬・哭雨（ついのざん・こくう）,digimon,exact_official_string
137,ラピッドバースト,digimon,exact_official_string
138,スキャッターロケット,digimon,exact_official_string
139,バージャースラッシュ,digimon,exact_official_string
140,トムボーイブレイズ,digimon,exact_official_string
141,パラライズエコー,digimon,exact_official_string
142,アナライズエコー,digimon,exact_official_string
143,キュリアスアイズ,digimon,exact_official_string
144,コンデンスドエコー,digimon,exact_official_string
145,プリショット,digimon,exact_official_string
146,スタブクロー,digimon,exact_official_string
147,テイルスラップ,digimon,exact_official_string
148,ベルシラックエッジ,digimon,exact_official_string
149,スリーピーホロウ,digimon,exact_official_string
150,スマッシュビート,digimon,exact_official_string
151,ブレイクスロー,digimon,exact_official_string
152,スイングタックル,digimon,exact_official_string
153,ビートリック,digimon,exact_official_string
154,粘着性の泡,digimon,exact_official_string
155,ストーンレールガン,digimon,exact_official_string
156,エレクトリックコンプレッション,digimon,exact_official_string
157,マグネティックテンペスト,digimon,exact_official_string
158,ブルータルエアロバティック,digimon,exact_official_string
159,フォルゴーレ,digimon,exact_official_string
160,ブルータルホイール,digimon,exact_official_string
161,クラッシュギアスピン,digimon,exact_official_string
162,グラビトンネコキック,digimon,exact_official_string
163,カラバスペシャル,digimon,exact_official_string
164,秘剣キャット・ザ・ナインライブス,digimon,exact_official_string
165,斬空(ざんくう),digimon,exact_official_string
166,刃羽颪(じんばおろし),digimon,exact_official_string
167,窮牙嵐断襲(きゅうがらんだんしゅう),digimon,exact_official_string
168,絡縛藻紐（らくばくそうちゅう）,digimon,exact_official_string
169,波濤深槍（はとうしんそう）,digimon,exact_official_string
170,浄流海癒（じょうりゅうかいゆ）,digimon,exact_official_string
171,サンダージャベリン,digimon,exact_official_string
172,デッドロール,digimon,exact_official_string
173,一斉砲撃,digimon,exact_official_string
174,プルトダモン,digimon,exact_official_string
175,ファングチャージ,digimon,exact_official_string
176,武獲物語（たけとりものがたり）,digimon,exact_official_string
177,月夜之迎（つきよのむかえ）,digimon,exact_official_string
178,骸繰艶舞・鉢かづき,digimon,exact_official_string
179,初瀬のおもてなし,digimon,exact_official_string
180,ダンマクエンジュ,digimon,exact_official_string
181,キデコノイスクミ,digimon,exact_official_string
182,ハニワフラッシュ,digimon,exact_official_string
183,コフンタックル,digimon,exact_official_string
184,アイアンインヘイラー,digimon,exact_official_string
185,トライエアボッツ,digimon,exact_official_string
186,アイアンギャロップ,digimon,exact_official_string
187,ロデオミサイル,digimon,exact_official_string
188,ツインバブル,digimon,exact_official_string
189,斬砍双刃撃,digimon,exact_official_string
190,封神六蓮華,digimon,exact_official_string
191,浪濤扇（ろうとうせん）,digimon,exact_official_string
192,鹹海炸滄陣（かんかいさくそうじん）,digimon,exact_official_string
193,蒼纏龍神牙（そうてんりゅうじんが）,digimon,exact_official_string
194,バイティングブート,digimon,exact_official_string
195,アイズオブゴルゴーン,digimon,exact_official_string
196,レイジングサーペンタイン,digimon,exact_official_string
197,ヴェノブレラ,digimon,exact_official_string
198,スプラッシュトキシン,digimon,exact_official_string
199,ソウルストライカー,digimon,exact_official_string
200,アパリションレギオン,digimon,exact_official_string
201,墜月衝（ついげつしょう）,digimon,exact_official_string
202,蛾眉截波（がびせっぱ）,digimon,exact_official_string
203,太陰皓光（たいいんこうこう）,digimon,exact_official_string
204,ゾフルカーブース,digimon,exact_official_string
205,アペシュイカーブ,digimon,exact_official_string
206,ラアナハムシーン,digimon,exact_official_string
207,トリコンビットデモリッシャー,digimon,exact_official_string
208,ドリルエミッション,digimon,exact_official_string
209,グラウンドスパイク,digimon,exact_official_string
210,デザートアビス,digimon,exact_official_string
211,インビジブルカッター,digimon,exact_official_string
212,スーパーロケットフィスト,digimon,exact_official_string
213,アルティメットブレーザー,digimon,exact_official_string
214,ウェイストアブダクション,digimon,exact_official_string
215,アナイデントファイド・エアリアル・フェノメノン,digimon,exact_official_string
216,ルミナスヒート,digimon,exact_official_string
217,セイリングスピン,digimon,exact_official_string
218,儀来四海招（にらいしかいしょう）,digimon,exact_official_string
219,海神之祓（わだつみのはらえ）,digimon,exact_official_string
220,ケルティックバインド,digimon,exact_official_string
221,スキャッターゴームグラス,digimon,exact_official_string
222,ハイドロデモリッシャー,digimon,exact_official_string
223,トキシックスプレッド,digimon,exact_official_string
224,フリルドカッター,digimon,exact_official_string
225,ヘリコプテイル,digimon,exact_official_string
226,乾坤圏,digimon,exact_official_string
227,爆迅炎戟破,digimon,exact_official_string
228,バーニングエンド,digimon,exact_official_string
229,ダイナブレス,digimon,exact_official_string
230,スノースワッター,digimon,exact_official_string
231,スノーマンズダンス,digimon,exact_official_string
232,レイジングアバランチ,digimon,exact_official_string
233,コークスクリューキック,digimon,exact_official_string
234,ウィンターガナリー,digimon,exact_official_string
235,万象逸貫,digimon,exact_official_string
236,天眼顕聖,digimon,exact_official_string
237,アクセルスティンガー,digimon,exact_official_string
238,ホーネットイレイザー,digimon,exact_official_string
239,マッハスティンガー,digimon,exact_official_string
240,ビーファランクス,digimon,exact_official_string
241,トルクスティンガー,digimon,exact_official_string
242,バンブルウェルダー,digimon,exact_official_string
243,ブラックサバス,digimon,exact_official_string
244,ブルーマーダーフレイム,digimon,exact_official_string
245,メタリカエッジ,digimon,exact_official_string
246,ディープパープルブラスター,digimon,exact_official_string
247,ブリッツクリーグバップ,digimon,exact_official_string
248,アナーキストフレイム,digimon,exact_official_string
249,龍閃乱撃,digimon,exact_official_string
250,毘沙門八極殲陣,digimon,exact_official_string
251,鷹尖円舞,digimon,exact_official_string
252,招来・哮天犬,digimon,exact_official_string
253,マリッジストライク,digimon,exact_official_string
254,ノーブルファミリアーツ,digimon,exact_official_string
255,プリズムデイトブレイク,digimon,exact_official_string
256,アップルフォーユー,digimon,exact_official_string
257,クリムゾンリッパー,digimon,exact_official_string
258,マーシーバスケット,digimon,exact_official_string
259,ゲイルブレイバー,digimon,exact_official_string
260,アネモイエンブレイス,digimon,exact_official_string
261,ディバインテンペスト,digimon,exact_official_string
262,ドラゴニックストーム,digimon,exact_official_string
263,ウィングトルネード,digimon,exact_official_string
264,バーディーヘッド,digimon,exact_official_string
265,泡,digimon,exact_official_string
266,ディープフォレスト,digimon,exact_official_string
267,ロデオバレット,digimon,exact_official_string
268,ネトティリズトリ,digimon,exact_official_string
269,ナウイキアウィトル,digimon,exact_official_string
270,ローリングストンパー,digimon,exact_official_string
271,ドングリボム,digimon,exact_official_string
272,ワンダーストンプ,digimon,exact_official_string
273,プチニードル,digimon,exact_official_string
274,ハリケーンスライサー,digimon,exact_official_string
275,トルネードスロワー,digimon,exact_official_string
276,ウィンドスライサー,digimon,exact_official_string
277,ランブルクロー,digimon,exact_official_string
278,天星斬,digimon,exact_official_string
279,鉄天摧砕,digimon,exact_official_string
280,終極戦刃建御雷神（シュウキョクセンジンタケミカヅチ）,digimon,exact_official_string
281,絶極舞刀建御雷神（ゼツゴクブトウタケミカヅチ）,digimon,exact_official_string
282,ヴァイオレントパニッシャー,digimon,exact_official_string
283,ワールプールスピン,digimon,exact_official_string
284,ライアードリーム,digimon,exact_official_string
285,凶旋壊（きょうせんかい）,digimon,exact_official_string
286,咒煉衝刻（じゅれんしょうこく）,digimon,exact_official_string
287,渾沌亜空虚（こんとんあくうきょ）,digimon,exact_official_string
288,斧乗炎怒（ふじょうえんど）,digimon,exact_official_string
289,盾射轟哀（じゅんせきごうあい）,digimon,exact_official_string
290,雷鬧（らいどう),digimon,exact_official_string
291,鉄壁相（てっぺきのそう）,digimon,exact_official_string
292,献身相（けんしんのそう）,digimon,exact_official_string
293,九種九面撃（きゅうしゅきゅうめんげき）,digimon,exact_official_string
294,ファイナルエクスキャリバー,digimon,exact_official_string
295,ゼロヘブンズ,digimon,exact_official_string
296,ディヴォーションフィールド,digimon,exact_official_string
297,セイントレギオン,digimon,exact_official_string
298,ヘブンズフレイム,digimon,exact_official_string
299,ブレイブオーラ,digimon,exact_official_string
300,ピコナックル,digimon,exact_official_string
301,クラウドバリア,digimon,exact_official_string
302,無極,digimon,exact_official_string
303,晦冥葬,digimon,exact_official_string
304,ムーンライトバブル,digimon,exact_official_string
305,サンライトバブル,digimon,exact_official_string
306,ジェノサイドレイン,digimon,exact_official_string
307,エクサデストロイヤー,digimon,exact_official_string
308,DCDグレネード,digimon,exact_official_string
309,デストロイチャージ,digimon,exact_official_string
310,ラグナロクハウリング,digimon,exact_official_string
311,ヨトゥンヘイムゲイル,digimon,exact_official_string
312,フローズヴィトニル,digimon,exact_official_string
313,ハウリングバースト,digimon,exact_official_string
314,インフェルノクロー,digimon,exact_official_string
315,ハティエンブレイス,digimon,exact_official_string
316,プロミネンスレーザー,digimon,exact_official_string
317,イラプションハウリング,digimon,exact_official_string
318,スコルレイジ,digimon,exact_official_string
319,サプレッションストライク,digimon,exact_official_string
320,スローターブレード,digimon,exact_official_string
321,ハウリングバーナー,digimon,exact_official_string
322,フレイムブロウ,digimon,exact_official_string
323,パピースパーク,digimon,exact_official_string
324,パピーノイズ,digimon,exact_official_string
325,アンリミテッドジャーニー,digimon,exact_official_string
326,ヘイジータイム,digimon,exact_official_string
327,ハウリングファイア,digimon,exact_official_string
328,スパイラルバイト,digimon,exact_official_string
329,エクスティンクションクラウド,digimon,exact_official_string
330,ライトオブリクリエイション,digimon,exact_official_string
331,ブラックデス,digimon,exact_official_string
332,ブラックコンフェッション,digimon,exact_official_string
333,ギガーススパイラル,digimon,exact_official_string
334,ヘルインシネレート,digimon,exact_official_string
335,デスデストロイヤー,digimon,exact_official_string
336,伍連断霊斬（ごれんだんれいざん）,digimon,exact_official_string
337,伍重螺旋断（ごじゅうらせんだち）,digimon,exact_official_string
338,獄門縛（ごくもんしばり）,digimon,exact_official_string
339,コンボブラスト,digimon,exact_official_string
340,リミットエクスプロージョン,digimon,exact_official_string
341,トゥルーアイズ,digimon,exact_official_string
342,コアシュート,digimon,exact_official_string
343,燕（つばくろ）,digimon,exact_official_string
344,舎利弗（しゃりほつ）,digimon,exact_official_string
345,黄泉戻（よみもどし）,digimon,exact_official_string
346,バッカルラッシュ,digimon,exact_official_string
347,オーシャンヘル,digimon,exact_official_string
348,アクアグラインダー,digimon,exact_official_string
349,カリプバイト,digimon,exact_official_string
350,ゲニアス,digimon,exact_official_string
351,デッドエンドスパイク,digimon,exact_official_string
352,グラントレース,digimon,exact_official_string
353,ラグナロク・キャノン,digimon,exact_official_string
354,ギムレットガン,digimon,exact_official_string
355,スペイザー,digimon,exact_official_string
356,シャトルシザーズ,digimon,exact_official_string
357,サテライトバスター,digimon,exact_official_string
358,フュージョナイズ,digimon,exact_official_string
359,3連装砲,digimon,exact_official_string
360,ジャガーノートブラスト,digimon,exact_official_string
361,ロングレンジバスターキャノン,digimon,exact_official_string
362,ルインレーザー,digimon,exact_official_string
363,トゥースピア,digimon,exact_official_string
364,メッサークロー,digimon,exact_official_string
365,トゥーリブラスト,digimon,exact_official_string
366,ザイカミウチ,digimon,exact_official_string
367,アブソマーク,digimon,exact_official_string
368,クリスタルフリーザー,digimon,exact_official_string
369,アクアザンバー,digimon,exact_official_string
370,ライバーンブレイク,digimon,exact_official_string
371,アンブレディフェンダー,digimon,exact_official_string
372,トラスゲイン,digimon,exact_official_string
373,ボルジャーグ,digimon,exact_official_string
374,バックストラッシュ,digimon,exact_official_string
375,フォトンブラスター,digimon,exact_official_string
376,コスモブレード,digimon,exact_official_string
377,ブレイクエーサー,digimon,exact_official_string
378,プラネイトナックル,digimon,exact_official_string
379,コロナブレイズソード,digimon,exact_official_string
380,ファイナルシャイニングバースト,digimon,exact_official_string
381,トリッドヴァイス,digimon,exact_official_string
382,スイーポア,digimon,exact_official_string
383,シャンピオン・ボム,digimon,exact_official_string
384,デュアルプレッサー,digimon,exact_official_string
385,ジュークラック,digimon,exact_official_string
386,ジャミール,digimon,exact_official_string
387,リーフレッド,digimon,exact_official_string
388,孤籠泡（ころうほう）,digimon,exact_official_string
389,冰乱結突（ひょうらんけっとつ）,digimon,exact_official_string
390,潮流旋禍（ちょうりゅうせんか）,digimon,exact_official_string
391,雷煌鞭（らいこうべん）,digimon,exact_official_string
392,神碎牙（しんさいが）,digimon,exact_official_string
393,天星壊海（てんせいかいかい）,digimon,exact_official_string
394,瀑閃（ばくせん）,digimon,exact_official_string
395,魚流炮（ぎょりゅうほう）,digimon,exact_official_string
396,冰凍爪（ひょうとうそう）,digimon,exact_official_string
397,ポジトロンレーザー,digimon,exact_official_string
398,ギガデス,digimon,exact_official_string
399,ポジトロンレーザーランス,digimon,exact_official_string
400,メガバースト,digimon,exact_official_string
401,ブレイダーテイル,digimon,exact_official_string
402,千万ノ太刀（ちよろずのたち）,digimon,exact_official_string
403,羅焼門（らしょうもん）,digimon,exact_official_string
404,幽玄（ゆうげん）,digimon,exact_official_string
405,八束染縛（やつかせんばく）,digimon,exact_official_string
406,魔塵瓢箪（まじんびょうたん）,digimon,exact_official_string
407,千砲土蜘蛛（せんほうつちぐも）,digimon,exact_official_string
408,ナイトメアレイン,digimon,exact_official_string
409,ファンシーファンタジスタ,digimon,exact_official_string
410,スイートラブリーアタック,digimon,exact_official_string
411,スタンパーミサイル,digimon,exact_official_string
412,ブレストキャノン,digimon,exact_official_string
413,ドロンガー,digimon,exact_official_string
414,ダイバニッシュ,digimon,exact_official_string
415,モットボム,digimon,exact_official_string
416,ケラウノスディバイド,digimon,exact_official_string
417,ライトニングビー,digimon,exact_official_string
418,ディオスサンダー,digimon,exact_official_string
419,ハガードクラスター,digimon,exact_official_string
420,ヘルズゲート,digimon,exact_official_string
421,ケイオスライツ,digimon,exact_official_string
422,アイランドフリーフォール,digimon,exact_official_string
423,バーニングブラッドシェル,digimon,exact_official_string
424,フルーツフレシェット,digimon,exact_official_string
425,クック・オブ・ザ・ヘル,digimon,exact_official_string
426,パーティー・オブ・ザ・ヘブン,digimon,exact_official_string
427,リバース・オブ・ザ・デッド,digimon,exact_official_string
428,ウェルカムロスト,digimon,exact_official_string
429,リングラッジ,digimon,exact_official_string
430,ライアーバニッシュメント,digimon,exact_official_string
431,ニードルハイブ,digimon,exact_official_string
432,グレイスランス,digimon,exact_official_string
433,ラブバスケット,digimon,exact_official_string
434,ビリースマッシャー,digimon,exact_official_string
435,ハンマーサンダー,digimon,exact_official_string
436,アドゥワールド,digimon,exact_official_string
437,ドクテアーゼ,digimon,exact_official_string
438,禍災爪（かさいそう）,digimon,exact_official_string
439,叩破伐倒（こうはばっとう）,digimon,exact_official_string
440,風牙烈巻迅（ふうがれっかんじん）,digimon,exact_official_string
441,豪怨毀永斬（ごうおんきえいざん）,digimon,exact_official_string
442,ガリアフィッシャー,digimon,exact_official_string
443,ドラゴニア,digimon,exact_official_string
444,メテオルクス,digimon,exact_official_string
445,グランノヴァ,digimon,exact_official_string
446,白詰一文字切り（覚醒）,digimon,exact_official_string
447,白殺（覚醒）　（びゃくさい）,digimon,exact_official_string
448,突蜂（覚醒）　（とっほう）,digimon,exact_official_string
449,ミッキーバレット（覚醒）,digimon,exact_official_string
450,ブレスファイア（覚醒）,digimon,exact_official_string
451,グランドシスタークルス（覚醒）,digimon,exact_official_string
452,ディバインピース(覚醒),digimon,exact_official_string
453,プロテクトウェーブ(覚醒),digimon,exact_official_string
454,グランドシスタークルス(覚醒),digimon,exact_official_string
455,ダークパレス,digimon,exact_official_string
456,デスデモーナ,digimon,exact_official_string
457,デッドエンドスキュアー,digimon,exact_official_string
458,フィサリスト,digimon,exact_official_string
459,パニッシューネ,digimon,exact_official_string
460,ボルスプライト,digimon,exact_official_string
461,ジャイブ,digimon,exact_official_string
462,レントライザー,digimon,exact_official_string
463,ブレイキンストリーム,digimon,exact_official_string
464,ネコパンチ,digimon,exact_official_string
465,バコーニャ,digimon,exact_official_string
466,ホイップデコレーション,digimon,exact_official_string
467,ケーキカッティング,digimon,exact_official_string
468,ハピネスフォール,digimon,exact_official_string
469,テイストーン,digimon,exact_official_string
470,スウィートベリー,digimon,exact_official_string
471,ラピッドファイア,digimon,exact_official_string
472,ゴールデントライアングル,digimon,exact_official_string
473,ガトリングアーム,digimon,exact_official_string
474,ダムダムアッパー,digimon,exact_official_string
475,ガルルキャノン,digimon,exact_official_string
476,グレイソード,digimon,exact_official_string
477,セドナ,digimon,exact_official_string
478,アルビオン,digimon,exact_official_string
479,ウルダインパルス,digimon,exact_official_string
480,ランベルタキック,digimon,exact_official_string
481,ソルブロー,digimon,exact_official_string
482,ソルショット,digimon,exact_official_string
483,エクリプスノーン,digimon,exact_official_string
484,ビンジェラード,digimon,exact_official_string
485,デスチャージ,digimon,exact_official_string
486,ゲーズイレイザー,digimon,exact_official_string
487,ファイナルクロスブレード,digimon,exact_official_string
488,クロスバーニングロッカー,digimon,exact_official_string
489,ダブルフレアバスター,digimon,exact_official_string
490,セブンビクトライズ,digimon,exact_official_string
491,ビビサンダー,digimon,exact_official_string
492,ボルトナックル,digimon,exact_official_string
493,スパイラルキック,digimon,exact_official_string
494,ゾーンパチパチ,digimon,exact_official_string
495,パチパチガス,digimon,exact_official_string
496,ダブルラリアット,digimon,exact_official_string
497,プチトルネード,digimon,exact_official_string
498,ピョンダンプ,digimon,exact_official_string
499,ミッコミ,digimon,exact_official_string
500,イヤンタ,digimon,exact_official_string
501,ホーンアタック,digimon,exact_official_string
502,ブレイクロー,digimon,exact_official_string
503,チクチクアタック,digimon,exact_official_string
504,ガーライトネス,digimon,exact_official_string
505,ホワイトライナー,digimon,exact_official_string
506,ダウナーアイ,digimon,exact_official_string
507,ボルケニックドライバー,digimon,exact_official_string
508,ダイヤモンドフィスト,digimon,exact_official_string
509,キルリアン・ブラント,digimon,exact_official_string
510,ライジング・サン,digimon,exact_official_string
511,エレクーゲル,digimon,exact_official_string
512,ブリッツアーム,digimon,exact_official_string
513,ワームベノム,digimon,exact_official_string
514,ポイズンライド,digimon,exact_official_string
515,アクアタワー,digimon,exact_official_string
516,ブレードフィン,digimon,exact_official_string
517,バイオトキシン,digimon,exact_official_string
518,インテンスランテール,digimon,exact_official_string
519,ディビジョンブレイク,digimon,exact_official_string
520,マルチプルシード,digimon,exact_official_string
521,スプラウトラッシュ,digimon,exact_official_string
522,グラン・デル・ソル,digimon,exact_official_string
523,アサルトハチェット,digimon,exact_official_string
524,タイドアップアイビー,digimon,exact_official_string
525,ショットガンモス,digimon,exact_official_string
526,ディストラクショングレネード,digimon,exact_official_string
527,スパイシーオニオン,digimon,exact_official_string
528,デリシャスパティ,digimon,exact_official_string
529,ファイアフェザー,digimon,exact_official_string
530,ピッドスピード,digimon,exact_official_string
531,デザートウィンド,digimon,exact_official_string
532,サンダーレイ,digimon,exact_official_string
533,インセクスオーム,digimon,exact_official_string
534,パイルシェル,digimon,exact_official_string
535,マインドフォッグ,digimon,exact_official_string
536,フリースローボム,digimon,exact_official_string
537,爆・オヤジパンチ,digimon,exact_official_string
538,ギガブラスター,digimon,exact_official_string
539,ホーンバスター改,digimon,exact_official_string
540,メテオスコール,digimon,exact_official_string
541,メテオチャンピオン,digimon,exact_official_string
542,プラズマブレイド,digimon,exact_official_string
543,エキゾーストフレイム,digimon,exact_official_string
544,ライデンブレイド,digimon,exact_official_string
545,ダークネスギア,digimon,exact_official_string
546,旋風縛（せんぷうばく）,digimon,exact_official_string
547,菊燐一閃・號雷斬（きくりんいっせん・ごうらいざん）,digimon,exact_official_string
548,刀華静謐（とうかせいひつ）,digimon,exact_official_string
549,ブラキオバブル,digimon,exact_official_string
550,ブレイドツイスター,digimon,exact_official_string
551,三連星,digimon,exact_official_string
552,ヴォルケーノストライクS,digimon,exact_official_string
553,ハードタックル,digimon,exact_official_string
554,ジャスティスマサカー,digimon,exact_official_string
555,サプライズアタック,digimon,exact_official_string
556,斬電剣,digimon,exact_official_string
557,スカルスタンド,digimon,exact_official_string
558,リーパーストライク,digimon,exact_official_string
559,デザートデスサイズ,digimon,exact_official_string
560,ウィザーウィング,digimon,exact_official_string
561,ロックブレス,digimon,exact_official_string
562,砂かけ,digimon,exact_official_string
563,ダークピューピル,digimon,exact_official_string
564,ポイズンミュークス,digimon,exact_official_string
565,ゴルドリアンラッシュ,digimon,exact_official_string
566,ゴールドエクスクレメント,digimon,exact_official_string
567,ホイールラッシュ,digimon,exact_official_string
568,ソードダンサー,digimon,exact_official_string
569,バーニングスタークラッシャー,digimon,exact_official_string
570,スリービクトライズ,digimon,exact_official_string
571,スリーインパクト,digimon,exact_official_string
572,ビクトライズブーメラン,digimon,exact_official_string
573,ポイズンネイル,digimon,exact_official_string
574,ラッパーコースター,digimon,exact_official_string
575,ワンハンド・スイング,digimon,exact_official_string
576,トルペド・クロッシング,digimon,exact_official_string
577,コッチョン,digimon,exact_official_string
578,ミニデカフレイム,digimon,exact_official_string
579,鼓・爆砕,digimon,exact_official_string
580,頭つぶし,digimon,exact_official_string
581,クールランニング,digimon,exact_official_string
582,急ブレーキスパーク,digimon,exact_official_string
583,ウンチ投げ,digimon,exact_official_string
584,キングスタンプ,digimon,exact_official_string
585,鬼瞬轟拳（きしゅんごうけん）,digimon,exact_official_string
586,獄炎破回蹴（ごくえんはかいしゅう）,digimon,exact_official_string
587,喰雷炎砕破（がらいえんさいは）,digimon,exact_official_string
588,イノセンスブリザード,digimon,exact_official_string
589,フリージングレイ,digimon,exact_official_string
590,ルインリバーヴ,digimon,exact_official_string
591,リムーバルブロウ,digimon,exact_official_string
592,デフロストブレード,digimon,exact_official_string
593,グラシエイトミサイル,digimon,exact_official_string
594,ダイアモンドダスト,digimon,exact_official_string
595,セブンヘルズ,digimon,exact_official_string
596,テスタメント,digimon,exact_official_string
597,ダイジェス,digimon,exact_official_string
598,ディケイズン,digimon,exact_official_string
599,擬遁アイソレーション（ぎとんあいそれーしょん）,digimon,exact_official_string
600,クラックハーケン,digimon,exact_official_string
601,ダイナミックサイファー,digimon,exact_official_string
602,フィレットブレード,digimon,exact_official_string
603,リップルエッジ,digimon,exact_official_string
604,リキッドヴェール,digimon,exact_official_string
605,プレシャスフレア,digimon,exact_official_string
606,ドリームミサイル,digimon,exact_official_string
607,アブソリュートテリトリー,digimon,exact_official_string
608,ナイトメアアッセンブル,digimon,exact_official_string
609,トゥインペタル,digimon,exact_official_string
610,トライデントアームＶＥＲ９.９,digimon,exact_official_string
611,ギガデストロイヤー,digimon,exact_official_string
612,氷獣拳,digimon,exact_official_string
613,雪花火,digimon,exact_official_string
614,エネルギーボム,digimon,exact_official_string
615,エネルギーレーザーボム,digimon,exact_official_string
616,アノードパンチ,digimon,exact_official_string
617,カソードキック,digimon,exact_official_string
618,サンダーボマー,digimon,exact_official_string
619,ヴォルケーノストライク,digimon,exact_official_string
620,トマホークスラッシュ,digimon,exact_official_string
621,グラオ・レルム,digimon,exact_official_string
622,シュヴァルツ・シュトラール,digimon,exact_official_string
623,デッドリーシェード,digimon,exact_official_string
624,マッドバイキング,digimon,exact_official_string
625,アングリーロック,digimon,exact_official_string
626,レイジロック,digimon,exact_official_string
627,シザーズエクスキューション,digimon,exact_official_string
628,ヘビークランチ,digimon,exact_official_string
629,ロックブレイカー,digimon,exact_official_string
630,ファイアーボール,digimon,exact_official_string
631,ファイアーミット,digimon,exact_official_string
632,ソル・キャリバー,digimon,exact_official_string
633,デモリッションホーン,digimon,exact_official_string
634,リュウセイロックダマシー,digimon,exact_official_string
635,植物性の泡,digimon,exact_official_string
636,グリーンピクルス,digimon,exact_official_string
637,シュバシュバポテト,digimon,exact_official_string
638,バッシュドポテト,digimon,exact_official_string
639,アネモダルメノス,digimon,exact_official_string
640,アステロイディス,digimon,exact_official_string
641,ロンヒ・アディスタクト,digimon,exact_official_string
642,クータスタ・キラナ,digimon,exact_official_string
643,カマラ・カルマ,digimon,exact_official_string
644,サマディ・シャンティ,digimon,exact_official_string
645,二刀勢雷（にとうせいらい）,digimon,exact_official_string
646,士道一徹（しどういってつ）,digimon,exact_official_string
647,神電召雷光（しんでんしょうらいこう）,digimon,exact_official_string
648,ブランブルショット,digimon,exact_official_string
649,クリムゾンスポアーズ,digimon,exact_official_string
650,キリングケイデンス,digimon,exact_official_string
651,リズミック・アーツ,digimon,exact_official_string
652,ハウリングブラスト,digimon,exact_official_string
653,アップビートツイスター,digimon,exact_official_string
654,キャノンボールシューター,digimon,exact_official_string
655,ワイルドピッチ,digimon,exact_official_string
656,ラウンドジェイル,digimon,exact_official_string
657,雷撃踵（らいげきしょう）,digimon,exact_official_string
658,武電破弾（ぶでんはだん）,digimon,exact_official_string
659,迅雷廻天戟（じんらいかいてんげき）,digimon,exact_official_string
660,轟炎輪（ごうえんりん）,digimon,exact_official_string
661,灰迅雷瞳（かいじんらいどう）,digimon,exact_official_string
662,響香水月（きょうかすいげつ）,digimon,exact_official_string
663,マーブルインパクト,digimon,exact_official_string
664,ドリームハリケーン,digimon,exact_official_string
665,ラブリーシャワー,digimon,exact_official_string
666,ミニマルフラッシュ,digimon,exact_official_string
667,静電気,digimon,exact_official_string
668,パラライズリック,digimon,exact_official_string
669,ライトニングラッシュ,digimon,exact_official_string
670,ハートビートインパルス,digimon,exact_official_string
671,インセクマインド,digimon,exact_official_string
672,デフィブレイショック,digimon,exact_official_string
673,エレクトリカルフィスト,digimon,exact_official_string
674,サンダードレッド,digimon,exact_official_string
675,ワイワイパー,digimon,exact_official_string
676,マッシグラン,digimon,exact_official_string
677,エレキラッシュ,digimon,exact_official_string
678,プチインパルス,digimon,exact_official_string
679,雅琉々砲（がるるほう）,digimon,exact_official_string
680,虞玲刀（ぐれいとう）,digimon,exact_official_string
681,デストロイクロウ,digimon,exact_official_string
682,アルティメットフレア,digimon,exact_official_string
683,マイアスピウ,digimon,exact_official_string
684,カウスラッガー,digimon,exact_official_string
685,アルナスショット,digimon,exact_official_string
686,カイザーネイル,digimon,exact_official_string
687,メガデス,digimon,exact_official_string
688,トリニティゴスペル,digimon,exact_official_string
689,アシッドインジェクション,digimon,exact_official_string
690,デッドショット,digimon,exact_official_string
691,ヒンダーマイアズマ,digimon,exact_official_string
692,サイキックチェーン,digimon,exact_official_string
693,クラウドビジョン,digimon,exact_official_string
694,ダークウィング,digimon,exact_official_string
695,ポジトロンブラスター,digimon,exact_official_string
696,アルタブレード,digimon,exact_official_string
697,トライデントアーム,digimon,exact_official_string
698,ジガストーム,digimon,exact_official_string
699,ヴァンキッシュミサイル,digimon,exact_official_string
700,マキシマムデモリッシャー,digimon,exact_official_string
701,フルスロットルエッジ,digimon,exact_official_string
702,マッドネスファイア,digimon,exact_official_string
703,パラボリックジャンク,digimon,exact_official_string
704,スクラップティース,digimon,exact_official_string
705,バレッジスイーパー,digimon,exact_official_string
706,レスティングバーナー,digimon,exact_official_string
707,ソニックエクスカベーター,digimon,exact_official_string
708,ホップヒップ,digimon,exact_official_string
709,ポッピンティア,digimon,exact_official_string
710,アナイアレンション,digimon,exact_official_string
711,ルウダメント,digimon,exact_official_string
712,ドライアドスティンガー,digimon,exact_official_string
713,ブラステッドディザスター,digimon,exact_official_string
714,パルシースイート,digimon,exact_official_string
715,ウェイビーオクタヴィスト,digimon,exact_official_string
716,ペタリーカーネイジ,digimon,exact_official_string
717,トロピカルヴェノム,digimon,exact_official_string
718,ラピッドシード,digimon,exact_official_string
719,フルーツラッシュ,digimon,exact_official_string
720,邪念眼,digimon,exact_official_string
721,影縛り,digimon,exact_official_string
722,愚幻,digimon,exact_official_string
723,電撃ビリリン185V,digimon,exact_official_string
724,電撃ビリリン,digimon,exact_official_string
725,パラライズブレス,digimon,exact_official_string
726,ブービーピット,digimon,exact_official_string
727,酸の泡,digimon,exact_official_string
728,リトルプラズマ,digimon,exact_official_string
729,ジャックレイド,digimon,exact_official_string
730,ブリューナストライク,digimon,exact_official_string
731,リアクターディスチャージ,digimon,exact_official_string
732,クルーアルインバイト,digimon,exact_official_string
733,カラミティバイス,digimon,exact_official_string
734,ブラントクロー,digimon,exact_official_string
735,コロニートーピード,digimon,exact_official_string
736,ポセイドンボルテックス,digimon,exact_official_string
737,アクア・バイパー,digimon,exact_official_string
738,サッカーフィッシュダーツ,digimon,exact_official_string
739,フライングフィニッシュ,digimon,exact_official_string
740,レフュージミスト,digimon,exact_official_string
741,コーラルプレッシャー,digimon,exact_official_string
742,ジャイアントグレイター,digimon,exact_official_string
743,カース・リフレクション,digimon,exact_official_string
744,マウントストーン,digimon,exact_official_string
745,グライドロックス,digimon,exact_official_string
746,グリットネイル,digimon,exact_official_string
747,サンドブラスト,digimon,exact_official_string
748,スパイクバスター,digimon,exact_official_string
749,フライングキック,digimon,exact_official_string
750,インフィニティドリーム,digimon,exact_official_string
751,ブレイズスパイカー,digimon,exact_official_string
752,マッハフリッカー,digimon,exact_official_string
753,フロッグショット,digimon,exact_official_string
754,スピンカリバー,digimon,exact_official_string
755,スパイラルシュレッダー,digimon,exact_official_string
756,プリズムギャレット,digimon,exact_official_string
757,フォックスファイアー,digimon,exact_official_string
758,メガフレイム,digimon,exact_official_string
759,ボルトライン,digimon,exact_official_string
760,インプリズメント,digimon,exact_official_string
761,ブルートナックル,digimon,exact_official_string
762,シュガーパウンド,digimon,exact_official_string
763,ブルーブレイブ,digimon,exact_official_string
764,オーロラブレイザー,digimon,exact_official_string
765,リンリンテラピー,digimon,exact_official_string
766,オーロラストリーム,digimon,exact_official_string
767,カッティングエッジ,digimon,exact_official_string
768,クルーティレイン,digimon,exact_official_string
769,フルメタルマシンガン,digimon,exact_official_string
770,クールエッジ,digimon,exact_official_string
771,ムーンテンス,digimon,exact_official_string
772,レドルスター,digimon,exact_official_string
773,レッドリーマー,digimon,exact_official_string
774,ストラッシュサラマンダー,digimon,exact_official_string
775,ガイアブレイブ,digimon,exact_official_string
776,ビートプレス,digimon,exact_official_string
777,ヘクサンダー,digimon,exact_official_string
778,ミラーガード,digimon,exact_official_string
779,ミラーダスト,digimon,exact_official_string
780,ボールトリプ,digimon,exact_official_string
781,天晴れ桜,digimon,exact_official_string
782,扇子返し,digimon,exact_official_string
783,ダイバッチグー,digimon,exact_official_string
784,プチツイスター,digimon,exact_official_string
785,フローズンクロー,digimon,exact_official_string
786,カロスディメンション,digimon,exact_official_string
787,レーザーカノン,digimon,exact_official_string
788,レーザーサーベル,digimon,exact_official_string
789,メッサースパイラル,digimon,exact_official_string
790,N・S・B・M,digimon,exact_official_string
791,レーザーアイ,digimon,exact_official_string
792,ソニックバルカン,digimon,exact_official_string
793,ココンピック,digimon,exact_official_string
794,サモンフロスト,digimon,exact_official_string
795,ヘクトエッジブリザード,digimon,exact_official_string
796,アブソリュートブラスト,digimon,exact_official_string
797,アイスエイジ,digimon,exact_official_string
798,メテオヘイル,digimon,exact_official_string
799,トリックオアトリート・ウォレス,digimon,exact_official_string
800,アトランティックダム,digimon,exact_official_string
801,ワッサムリングジャック,digimon,exact_official_string
802,デスティニー・デス・デストラクション（Death3）,digimon,exact_official_string
803,聖拳滅破,digimon,exact_official_string
804,ナイツ・イントルーダー,digimon,exact_official_string
805,クレイジーギグル,digimon,exact_official_string
806,フレアロックダマシー,digimon,exact_official_string
807,ヘヴィヒートバルカン,digimon,exact_official_string
808,ジアルマグナム,digimon,exact_official_string
809,オメガ・ザ・フュージョン,digimon,exact_official_string
810,エクスラディケート,digimon,exact_official_string
811,メテオライザー,digimon,exact_official_string
812,ゴールデンスクエア,digimon,exact_official_string
813,シークレッドウォール,digimon,exact_official_string
814,ラピッドブラスター,digimon,exact_official_string
815,レーザーガトリングアーム,digimon,exact_official_string
816,ビリオンバレット,digimon,exact_official_string
817,ラブリースプラッシュ,digimon,exact_official_string
818,究極戦技天仰拳,digimon,exact_official_string
819,鉄ゲタ張り手,digimon,exact_official_string
820,ペンドラゴンスパークル,digimon,exact_official_string
821,雷剣ブレイラガハ,digimon,exact_official_string
822,エクストリームテイラー,digimon,exact_official_string
823,イレイズクロー,digimon,exact_official_string
824,サンライズバスター,digimon,exact_official_string
825,ザンスラスト,digimon,exact_official_string
826,スターライトエクスプロージョン,digimon,exact_official_string
827,ジャスティスXキック,digimon,exact_official_string
828,ジャスティスXパンチ,digimon,exact_official_string
829,ジャスティスXブレード,digimon,exact_official_string
830,ボルトブレイク,digimon,exact_official_string
831,サンダークラウド,digimon,exact_official_string
832,胡劉球（こりゅうきゅう）,digimon,exact_official_string
833,石敢当（せっかんとう）,digimon,exact_official_string
834,ティーダ・イヤ,digimon,exact_official_string
835,ビリリンハギュー,digimon,exact_official_string
836,ライトニングスピア,digimon,exact_official_string
837,ヘブンズ・ジャッジメント,digimon,exact_official_string
838,ホーリーマテリアル,digimon,exact_official_string
839,エデンスランス,digimon,exact_official_string
840,グランドホーリーアロー,digimon,exact_official_string
841,ヘブンズチャーム,digimon,exact_official_string
842,スプーキーザッパー,digimon,exact_official_string
843,フェイタルゲイズ,digimon,exact_official_string
844,リワインドアビス13（サーティーン）,digimon,exact_official_string
845,ドラゴンズロア,digimon,exact_official_string
846,ブレス・オブ・ワイバーン,digimon,exact_official_string
847,ドラゴンズガスト,digimon,exact_official_string
848,アウススターベン,digimon,exact_official_string
849,ブラオンネーベル,digimon,exact_official_string
850,アイネ・ビリオン,digimon,exact_official_string
851,ホーリーフレイム,digimon,exact_official_string
852,ホーリーブレイズ,digimon,exact_official_string
853,ソローブルー,digimon,exact_official_string
854,ファンタジーミスト,digimon,exact_official_string
855,ゴッドフレイム,digimon,exact_official_string
856,ゴッドフィスト,digimon,exact_official_string
857,シャドーウィング,digimon,exact_official_string
858,ホーリーチャイム,digimon,exact_official_string
859,チクチクバンバン,digimon,exact_official_string
860,チクチクバムバム,digimon,exact_official_string
861,トーピードアタック,digimon,exact_official_string
862,シックルストリーム,digimon,exact_official_string
863,ブレイジングアイス,digimon,exact_official_string
864,ファロストタイフーン,digimon,exact_official_string
865,ブラックパール,digimon,exact_official_string
866,ブレイジングファイア,digimon,exact_official_string
867,ポイズンアイビー,digimon,exact_official_string
868,ＲＧＢハーブ,digimon,exact_official_string
869,ビークピアス,digimon,exact_official_string
870,ネイルコーム,digimon,exact_official_string
871,スマイリーボム,digimon,exact_official_string
872,ボムシング,digimon,exact_official_string
873,ブレインラプチュアー,digimon,exact_official_string
874,プラネットデストロイヤー,digimon,exact_official_string
875,プラネットデストロイヤージャスティス,digimon,exact_official_string
876,スルトブランダー,digimon,exact_official_string
877,ニヴルヘイムアレスト,digimon,exact_official_string
878,グランドグリーズル,digimon,exact_official_string
879,ヒャズニング・ワルツ,digimon,exact_official_string
880,シャイニングＶフォース,digimon,exact_official_string
881,プラズマシュート,digimon,exact_official_string
882,シャイニングゴールドソーラーストーム,digimon,exact_official_string
883,キングジャベリン,digimon,exact_official_string
884,トライホーンアタック,digimon,exact_official_string
885,ゴールデントライホーンアタック,digimon,exact_official_string
886,シザーアームズΩ３^３,digimon,exact_official_string
887,パラライズテイル,digimon,exact_official_string
888,パラライズ・ボム,digimon,exact_official_string
889,カースオブクィーン,digimon,exact_official_string
890,ロゼッタストーン,digimon,exact_official_string
891,カルトゥーシュ,digimon,exact_official_string
892,アイスアロー,digimon,exact_official_string
893,アイススピアー,digimon,exact_official_string
894,シザーアームズ,digimon,exact_official_string
895,クランチアーム,digimon,exact_official_string
896,ディノバースト,digimon,exact_official_string
897,ディノフラッシュ,digimon,exact_official_string
898,マーチングフィッシィーズ,digimon,exact_official_string
899,シザーアームズミニ,digimon,exact_official_string
900,暗黒のガイアフォース,digimon,exact_official_string
901,ハデスフォース,digimon,exact_official_string
902,アフターバースト,digimon,exact_official_string
903,グレイエム,digimon,exact_official_string
904,エンデブレッヘン,digimon,exact_official_string
905,エネルギアブリッツ,digimon,exact_official_string
906,パンデミックデストロイヤー,digimon,exact_official_string
907,覇王拳,digimon,exact_official_string
908,WEEK END,digimon,exact_official_string
909,BBバーナー,digimon,exact_official_string
910,ジャイロスマッシュ,digimon,exact_official_string
911,クオリアライズブラスト,digimon,exact_official_string
912,スパイラルヴァニッシュ,digimon,exact_official_string
913,デスペレイトボルテックス,digimon,exact_official_string
914,プレデターズバイト,digimon,exact_official_string
915,スパイラル・ヘル,digimon,exact_official_string
916,ギガクリムゾンダイブ,digimon,exact_official_string
917,ヴァーミリオンボルテックス,digimon,exact_official_string
918,ライトニングスティンガー,digimon,exact_official_string
919,クリムゾンスラッシュ,digimon,exact_official_string
920,ソーンウィップ,digimon,exact_official_string
921,ローゼンブラッド,digimon,exact_official_string
922,スマイリーウォーヘッド,digimon,exact_official_string
923,デルモウォーキング,digimon,exact_official_string
924,スパイラルボーン,digimon,exact_official_string
925,ジャイアントクラッシュボーン,digimon,exact_official_string
926,タスクストライクス,digimon,exact_official_string
927,ツンドラブレス,digimon,exact_official_string
928,ジオメトリックフリーザー,digimon,exact_official_string
929,ヘルマニア,digimon,exact_official_string
930,メリーメリーデストラクション,digimon,exact_official_string
931,ヴァンパイアセオリー,digimon,exact_official_string
932,ブラッディドレイン,digimon,exact_official_string
933,パピーハウリング,digimon,exact_official_string
934,パピーポー,digimon,exact_official_string
935,ララバイバブル,digimon,exact_official_string
936,スマイリーヘッドバット,digimon,exact_official_string
937,ペイントスプラッシュ,digimon,exact_official_string
938,プシュー,digimon,exact_official_string
939,ナイト・オブ・ファイアー,digimon,exact_official_string
940,サモンチェイサー,digimon,exact_official_string
941,ファイアーブラスト,digimon,exact_official_string
942,フレイムスナッチ,digimon,exact_official_string
943,ウンチラッシュ,digimon,exact_official_string
944,パラダイスロスト,digimon,exact_official_string
945,パーガトリアルフレイム,digimon,exact_official_string
946,セブンス・ディバイン・クルス,digimon,exact_official_string
947,ナザルネイル,digimon,exact_official_string
948,ファントムペイン,digimon,exact_official_string
949,セブンス・ファシネイト,digimon,exact_official_string
950,カウダ・モルティフェラ,digimon,exact_official_string
951,ロストルム・トリアデンス,digimon,exact_official_string
952,セブンス・ライトニング,digimon,exact_official_string
953,ランプランツス,digimon,exact_official_string
954,ギフトオブダークネス,digimon,exact_official_string
955,セブンス・ペネトレート,digimon,exact_official_string
956,デスルアー,digimon,exact_official_string
957,パンデモニウムロスト,digimon,exact_official_string
958,セブンス・ジュエライズ,digimon,exact_official_string
959,フレイムインフェルノ,digimon,exact_official_string
960,セブンス・グラビトン,digimon,exact_official_string
961,インフェルノバースト,digimon,exact_official_string
962,クルーエルトルネード,digimon,exact_official_string
963,デッドリーブレイクロスト,digimon,exact_official_string
964,アンデッドソルジャー,digimon,exact_official_string
965,ダークネスプリズン,digimon,exact_official_string
966,デモンズクリスタル,digimon,exact_official_string
967,フレイムヘルサイズ,digimon,exact_official_string
968,ビヘッドスラッシャー,digimon,exact_official_string
969,ブロウクンデストロイ,digimon,exact_official_string
970,ウルティマバースト,digimon,exact_official_string
971,チクチクローリング,digimon,exact_official_string
972,おしゃぶり,digimon,exact_official_string
973,バリアブレード,digimon,exact_official_string
974,ライトニングカッター,digimon,exact_official_string
975,ベビーヘイル,digimon,exact_official_string
976,アイスマッシュ,digimon,exact_official_string
977,ライトニングファー,digimon,exact_official_string
978,ケンザンダイブ,digimon,exact_official_string
979,コキュートスブレス,digimon,exact_official_string
980,ガルルトマホーク,digimon,exact_official_string
981,グレイスクロスフリーザー,digimon,exact_official_string
982,トリニティーアーム,digimon,exact_official_string
983,ジャスティスキック,digimon,exact_official_string
984,火電鬼爆波（ひでんきばくは）,digimon,exact_official_string
985,フロストクロー,digimon,exact_official_string
986,裏飯綱（うらいづな）,digimon,exact_official_string
987,胎蔵界曼荼羅（たいぞうかいまんだら）,digimon,exact_official_string
988,ダブルエッジ,digimon,exact_official_string
989,アトミックブラスター,digimon,exact_official_string
990,ロックダマシー,digimon,exact_official_string
991,ソウルクラッシャー,digimon,exact_official_string
992,ラウディロッカー,digimon,exact_official_string
993,ガイアフォースＺＥＲＯ,digimon,exact_official_string
994,メタルストーム,digimon,exact_official_string
995,ヘル・ハウリング,digimon,exact_official_string
996,メギドフレイム,digimon,exact_official_string
997,スリーピーバッド,digimon,exact_official_string
998,フラウカノン,digimon,exact_official_string
999,金剛界曼荼羅（こんごうかいまんだら）,digimon,exact_official_string
1000,此ノ花戦姫万象（このはなせんきばんしょう）,digimon,exact_official_string
1001,宇迦之御魂（うかのみたま）,digimon,exact_official_string
1002,グラトニーフレア,digimon,exact_official_string
1003,ダークネスクロウ,digimon,exact_official_string
1004,ダブルインパクト,digimon,exact_official_string
1005,セブンス・フルクラスター,digimon,exact_official_string
1006,ダブルエッジΣ（シグマ）,digimon,exact_official_string
1007,アトミックメガロブラスター,digimon,exact_official_string
1008,アイン・ソフ・オウル,digimon,exact_official_string
1009,アトミックブレイド,digimon,exact_official_string
1010,スピリットバースト,digimon,exact_official_string
1011,太極旋（たいきょくせん）,digimon,exact_official_string
1012,狐蝶幻（こちょうげん）,digimon,exact_official_string
1013,トコトコダイブ,digimon,exact_official_string
1014,噛み付き,digimon,exact_official_string
1015,ダブルクロウ,digimon,exact_official_string
1016,フライバレット・セグンド,digimon,exact_official_string
1017,ディスタンシア・セロ,digimon,exact_official_string
1018,ジークセイバー,digimon,exact_official_string
1019,ファイナル・エリシオン,digimon,exact_official_string
1020,インフェルノゲート,digimon,exact_official_string
1021,ヘルファイアー,digimon,exact_official_string
1022,クリムゾンブレス,digimon,exact_official_string
1023,クラッシュローリング,digimon,exact_official_string
1024,ベビーブレイズ,digimon,exact_official_string
1025,スマッシュホーン,digimon,exact_official_string
1026,ジ・シュルネン,digimon,exact_official_string
1027,プチファイアー,digimon,exact_official_string
1028,ホーンテッドピルス,digimon,exact_official_string
1029,クレイジーゴーラウンド,digimon,exact_official_string
1030,サンクタス・トルメンタム,digimon,exact_official_string
1031,ロードオブフラタニティ,digimon,exact_official_string
1032,ノブレス・オブ・ルージュ,digimon,exact_official_string
1033,究極戦突剣（きゅうきょくせんとつけん）グランローゼリオ,digimon,exact_official_string
1034,白詰一文字切り,digimon,exact_official_string
1035,白殺（びゃくさい）,digimon,exact_official_string
1036,突蜂（とっほう）,digimon,exact_official_string
1037,ギガデストロイヤーⅡ,digimon,exact_official_string
1038,ヌークリアレーザーⅡ,digimon,exact_official_string
1039,獣王拳,digimon,exact_official_string
1040,ベビーフレイム,digimon,exact_official_string
1041,ベビーバーナー,digimon,exact_official_string
1042,鉄拳断罪,digimon,exact_official_string
1043,シュベルトフリューゲル,digimon,exact_official_string
1044,究極戦刃聖覇剣（きゅうきょくせんじんせいばけん）,digimon,exact_official_string
1045,ディレクトスマッシャー,digimon,exact_official_string
1046,イグニッションプロミネンス,digimon,exact_official_string
1047,デュエルエッジフロージョン,digimon,exact_official_string
1048,バレエガン,digimon,exact_official_string
1049,ウィスレン,digimon,exact_official_string
1050,エンド・オブ・ザ・ワールド,digimon,exact_official_string
1051,マグナヴィジビリティ,digimon,exact_official_string
1052,サモン・アポカリプス,digimon,exact_official_string
1053,ラプターグラップル,digimon,exact_official_string
1054,クラッシュチャージ,digimon,exact_official_string
1055,天波返し（てんばがえし）,digimon,exact_official_string
1056,漢癪ダスト（かんしゃくダスト）,digimon,exact_official_string
1057,世堀クロードリル（よぼりクロードリル）,digimon,exact_official_string
1058,インフェルノディバイド,digimon,exact_official_string
1059,サーベラスイレイズ,digimon,exact_official_string
1060,トイフレイム,digimon,exact_official_string
1061,アストロボンバー,digimon,exact_official_string
1062,ダイナマイトソウル,digimon,exact_official_string
1063,甕布都神（ミカフツノカミ）,digimon,exact_official_string
1064,羽黒（ハグロ）,digimon,exact_official_string
1065,リザードダンス,digimon,exact_official_string
1066,ヴァイスシュピラーレ,digimon,exact_official_string
1067,シュバルツナーゲル,digimon,exact_official_string
1068,デルブリッツ,digimon,exact_official_string
1069,プラッツェンクロイツ,digimon,exact_official_string
1070,ゲヴァルトシュベルマー,digimon,exact_official_string
1071,ライトニングシャワー,digimon,exact_official_string
1072,サンダースラッシュ,digimon,exact_official_string
1073,サークレットディフェンス,digimon,exact_official_string
1074,フォルムタラニス,digimon,exact_official_string
1075,パーホルス,digimon,exact_official_string
1076,グレンストーム,digimon,exact_official_string
1077,ブラストスマッシュ,digimon,exact_official_string
1078,ヴォルケニック・フレア,digimon,exact_official_string
1079,グライドブレイズ,digimon,exact_official_string
1080,メルダイナー,digimon,exact_official_string
1081,ワイルドブラスト,digimon,exact_official_string
1082,フェルトメイド,digimon,exact_official_string
1083,ホーリーディザイア,digimon,exact_official_string
1084,ダークディスパイア,digimon,exact_official_string
1085,カオスディグレイド,digimon,exact_official_string
1086,パラズィヴァルツァー,digimon,exact_official_string
1087,クオーツィオーネ,digimon,exact_official_string
1088,ライトニングバスター,digimon,exact_official_string
1089,ロケットメッサー,digimon,exact_official_string
1090,フリスビッカー,digimon,exact_official_string
1091,アサルトクロー,digimon,exact_official_string
1092,グレイトフレイム,digimon,exact_official_string
1093,アースタンプ,digimon,exact_official_string
1094,超低速一文字斬り,digimon,exact_official_string
1095,超高速一文字斬り,digimon,exact_official_string
1096,ウォルレーキ,digimon,exact_official_string
1097,カンカン,digimon,exact_official_string
1098,コッツン,digimon,exact_official_string
1099,メディテーションキュア,digimon,exact_official_string
1100,マントラチャント,digimon,exact_official_string
1101,シャットクロー,digimon,exact_official_string
1102,トリコベゾアール,digimon,exact_official_string
1103,エクススクラッチ,digimon,exact_official_string
1104,ジェットアロー,digimon,exact_official_string
1105,クラッシュシンフォニー,digimon,exact_official_string
1106,プチフレイム,digimon,exact_official_string
1107,プラズマクラック,digimon,exact_official_string
1108,ロケットバンカー,digimon,exact_official_string
1109,ガルルソード,digimon,exact_official_string
1110,グレイキャノン,digimon,exact_official_string
1111,ガオガトルネード,digimon,exact_official_string
1112,ウィニングナックル,digimon,exact_official_string
1113,ハウリングキャノン,digimon,exact_official_string
1114,ダッシュダブルクロー,digimon,exact_official_string
1115,ガオガハウンド,digimon,exact_official_string
1116,スパイラルブロー,digimon,exact_official_string
1117,スクラッチスマッシュ,digimon,exact_official_string
1118,手裏裏剣（しゅりりんけん）,digimon,exact_official_string
1119,打竹落し（うちたけおとし）,digimon,exact_official_string
1120,弾丸旋風（だんがんせんぷう）,digimon,exact_official_string
1121,絶光衝（ぜっこうしょう）,digimon,exact_official_string
1122,ホーリーショット,digimon,exact_official_string
1123,ジャッジメント,digimon,exact_official_string
1124,ゼロ・ジェネシス,digimon,exact_official_string
1125,ベニアズマ・ストレート,digimon,exact_official_string
1126,ベニアズマ・アッパーカット,digimon,exact_official_string
1127,乱破（らっぱ）,digimon,exact_official_string
1128,水破（すっぱ）,digimon,exact_official_string
1129,突破（とっぱ）,digimon,exact_official_string
1130,火弾,digimon,exact_official_string
1131,水竜,digimon,exact_official_string
1132,風車,digimon,exact_official_string
1133,電閃,digimon,exact_official_string
1134,索敵,digimon,exact_official_string
1135,ナイトストーカー,digimon,exact_official_string
1136,ラブポイズン,digimon,exact_official_string
1137,ファイナルストライクロール,digimon,exact_official_string
1138,マッドネスメリーゴーランドＤＸ,digimon,exact_official_string
1139,サイバーギガンティックランチャー,digimon,exact_official_string
1140,コロナル・マス・エジェクション,digimon,exact_official_string
1141,プラズマキャノン,digimon,exact_official_string
1142,ナイトホーク,digimon,exact_official_string
1143,トライデントテール,digimon,exact_official_string
1144,強羅打雷銃（ゴウラダライガン）,digimon,exact_official_string
1145,超力鳴動破（チョウリキメイドウハ）,digimon,exact_official_string
1146,魔重力呪縛陣（まじゅうりょくじゅばくじん）,digimon,exact_official_string
1147,The Lion Sleeps Tonight,digimon,exact_official_string
1148,Lion Heart,digimon,exact_official_string
1149,獣王堕拳,digimon,exact_official_string
1150,腐毒爪,digimon,exact_official_string
1151,ボンバーヘッド,digimon,exact_official_string
1152,ファイヤーワークスレボリューション,digimon,exact_official_string
1153,デス・ザ・キャノン,digimon,exact_official_string
1154,ダイアモンドマシンガン,digimon,exact_official_string
1155,ダイアモンドヘッジホッグ,digimon,exact_official_string
1156,プリズムフラッシュ,digimon,exact_official_string
1157,クリスタルブレス,digimon,exact_official_string
1158,ライトニングシュート,digimon,exact_official_string
1159,ライトニングオーバーヘッド,digimon,exact_official_string
1160,悪夢の泡,digimon,exact_official_string
1161,チンチクリン,digimon,exact_official_string
1162,シュガープラム,digimon,exact_official_string
1163,ホーンブレイカー,digimon,exact_official_string
1164,へヴィスピーカー,digimon,exact_official_string
1165,ガムロール,digimon,exact_official_string
1166,トランスデリバリー,digimon,exact_official_string
1167,アストラルスナッチャー,digimon,exact_official_string
1168,スカーレットブラッドワイン,digimon,exact_official_string
1169,インビジブルスネークアイズ,digimon,exact_official_string
1170,電影烈破（でんえいれっぱ）,digimon,exact_official_string
1171,光電殺法之陣（こうでんさっぽうのじん）,digimon,exact_official_string
1172,癒天光(いてんこう）,digimon,exact_official_string
1173,業火弾（ごうかだん）,digimon,exact_official_string
1174,爆水竜（ばくすいりゅう）,digimon,exact_official_string
1175,暴風車（ぼうふうしゃ）,digimon,exact_official_string
1176,雷電閃（らいでんじん）,digimon,exact_official_string
1177,瞬索敵（しゅんさくてき）,digimon,exact_official_string
1178,カミウチ,digimon,exact_official_string
1179,ギルティッシュ,digimon,exact_official_string
1180,リークインフォメーション,digimon,exact_official_string
1181,ナイトメアレイド,digimon,exact_official_string
1182,ブラッディストリームグレイド,digimon,exact_official_string
1183,ギャディアックレイド,digimon,exact_official_string
1184,ドンドコ音頭,digimon,exact_official_string
1185,乱れ打ちラッシュ,digimon,exact_official_string
1186,極め太鼓,digimon,exact_official_string
1187,漢魂乱れ太鼓,digimon,exact_official_string
1188,ラウディドラマー,digimon,exact_official_string
1189,ドリルバスター,digimon,exact_official_string
1190,ドルルトルネード,digimon,exact_official_string
1191,ドリルブレーダー,digimon,exact_official_string
1192,タイラントコルブラント,digimon,exact_official_string
1193,バーニング・ザ・ドラゴン,digimon,exact_official_string
1194,ドラゴンブレストニックファイア,digimon,exact_official_string
1195,ハラショーアタック,digimon,exact_official_string
1196,デスマーチ,digimon,exact_official_string
1197,エアスライサー,digimon,exact_official_string
1198,アクアレジア,digimon,exact_official_string
1199,アクアレイジ,digimon,exact_official_string
1200,デッカードランチャー,digimon,exact_official_string
1201,スモーキーファング,digimon,exact_official_string
1202,ヘビーテイルフック,digimon,exact_official_string
1203,プラズマデッカードランチャー,digimon,exact_official_string
1204,メイルバードランチャー,digimon,exact_official_string
1205,テラデストロイヤー,digimon,exact_official_string
1206,ファイナルスパーク,digimon,exact_official_string
1207,マンティスダンス,digimon,exact_official_string
1208,スモーキンブギ,digimon,exact_official_string
1209,チューチュー・ツイッター,digimon,exact_official_string
1210,チンチクリンリン,digimon,exact_official_string
1211,プチシュガープラム,digimon,exact_official_string
1212,ファイナルチクリモン,digimon,exact_official_string
1213,コンペートーハンマー,digimon,exact_official_string
1214,ブンブン拳,digimon,exact_official_string
1215,ガンバルカン,digimon,exact_official_string
1216,ブー・スト・アタック,digimon,exact_official_string
1217,壱の太刀,digimon,exact_official_string
1218,弐の太刀,digimon,exact_official_string
1219,参の太刀,digimon,exact_official_string
1220,タネガシマ,digimon,exact_official_string
1221,鬼神突,digimon,exact_official_string
1222,星割り,digimon,exact_official_string
1223,ゴッドオブデススナッチャー,digimon,exact_official_string
1224,バルフィアイズ,digimon,exact_official_string
1225,エターナルダークメア,digimon,exact_official_string
1226,ツインスピア,digimon,exact_official_string
1227,ショルダーブレード,digimon,exact_official_string
1228,こめっとランチャー,digimon,exact_official_string
1229,ゼニナゲ,digimon,exact_official_string
1230,ポイゾナスフォース,digimon,exact_official_string
1231,ハイドロプレッシャー,digimon,exact_official_string
1232,ビードラウン,digimon,exact_official_string
1233,タイガータイフーン（真の姿時）,digimon,exact_official_string
1234,クラッシュブーム,digimon,exact_official_string
1235,ウィングエッジ,digimon,exact_official_string
1236,ランダムレーザー,digimon,exact_official_string
1237,ウィッシュアポンアスター,digimon,exact_official_string
1238,アックスライダー,digimon,exact_official_string
1239,ストームアックス,digimon,exact_official_string
1240,キバブレイバー,digimon,exact_official_string
1241,スピアニードル,digimon,exact_official_string
1242,ブレストアイ・ウィンク,digimon,exact_official_string
1243,ルナティックスラッシュ,digimon,exact_official_string
1244,ガイアマジッカー,digimon,exact_official_string
1245,霞隠,digimon,exact_official_string
1246,葉隠,digimon,exact_official_string
1247,ドルルキャノン,digimon,exact_official_string
1248,スターブレイド,digimon,exact_official_string
1249,エアシューター,digimon,exact_official_string
1250,プラズマブラスター,digimon,exact_official_string
1251,バーストダッシュストリーム,digimon,exact_official_string
1252,メテオバスターアタック,digimon,exact_official_string
1253,メテオインパクト,digimon,exact_official_string
1254,カオスフレア,digimon,exact_official_string
1255,スターズブレイドセレストライク,digimon,exact_official_string
1256,ハイアドモスフェリックプレッシャー,digimon,exact_official_string
1257,バーニングスタースラッシャー,digimon,exact_official_string
1258,マックアロー,digimon,exact_official_string
1259,ホーンブレイカーDX,digimon,exact_official_string
1260,バディブラスター,digimon,exact_official_string
1261,アームバンカー,digimon,exact_official_string
1262,オプティックレーザー,digimon,exact_official_string
1263,ミヤバルカン,digimon,exact_official_string
1264,トライデントジャスファング,digimon,exact_official_string
1265,ハイパーロックマグナム,digimon,exact_official_string
1266,エレキバスタークロス,digimon,exact_official_string
1267,ビクトライズ・バンキング,digimon,exact_official_string
1268,ブレイブビートロックダブルクロス,digimon,exact_official_string
1269,ハートブレイクショット,digimon,exact_official_string
1270,セクシーダイナマイツ,digimon,exact_official_string
1271,ウロボロスゲート,digimon,exact_official_string
1272,スパイシーハードラヴ,digimon,exact_official_string
1273,トライデントファング,digimon,exact_official_string
1274,デストロイスマッシャー,digimon,exact_official_string
1275,ジークフレイム,digimon,exact_official_string
1276,プラズマレールガン,digimon,exact_official_string
1277,ファイナルストライクス,digimon,exact_official_string
1278,スナイプヘッドショット,digimon,exact_official_string
1279,ボウカッター,digimon,exact_official_string
1280,フットショット,digimon,exact_official_string
1281,アローランス,digimon,exact_official_string
1282,タービュランスアロー,digimon,exact_official_string
1283,ザ・ワールドショット,digimon,exact_official_string
1284,ギガスクリーム,digimon,exact_official_string
1285,サウンドフィニッシュ,digimon,exact_official_string
1286,イレイザークロー,digimon,exact_official_string
1287,グラットンファング,digimon,exact_official_string
1288,サイバーブレーダー,digimon,exact_official_string
1289,デスディバイダー,digimon,exact_official_string
1290,イッチ・ダン・ケツ,digimon,exact_official_string
1291,￥UE-N,digimon,exact_official_string
1292,ブラスターテイル,digimon,exact_official_string
1293,ホーンストライク,digimon,exact_official_string
1294,オクタグラビティ,digimon,exact_official_string
1295,ハイグラビティープレッシャー,digimon,exact_official_string
1296,グラビティー・バン,digimon,exact_official_string
1297,キズナオール,digimon,exact_official_string
1298,スグナオール,digimon,exact_official_string
1299,ヨクナオール,digimon,exact_official_string
1300,スーパーソニックウェーブ,digimon,exact_official_string
1301,ウルトラソニックウェーブ,digimon,exact_official_string
1302,ランガムブレイク,digimon,exact_official_string
1303,ジャックドハンマー,digimon,exact_official_string
1304,ファイアーボルテクス,digimon,exact_official_string
1305,ゴールドボーリング,digimon,exact_official_string
1306,ゴールドプレス,digimon,exact_official_string
1307,キロフレイム,digimon,exact_official_string
1308,ヘッドストライク,digimon,exact_official_string
1309,デュアルトマホークブーメラン,digimon,exact_official_string
1310,バイキングヴュッフェ,digimon,exact_official_string
1311,エイジオブディスカバリー,digimon,exact_official_string
1312,ドリームカムズトゥルー,digimon,exact_official_string
1313,ヘヴィメタルバルカン,digimon,exact_official_string
1314,ハードロックダマシー,digimon,exact_official_string
1315,ビートスラッシュ,digimon,exact_official_string
1316,ミニミニエカキモン,digimon,exact_official_string
1317,カラフルチェンジ,digimon,exact_official_string
1318,ガラパゴスフィールド,digimon,exact_official_string
1319,ティモニナイザー,digimon,exact_official_string
1320,ファイナルトラベラー,digimon,exact_official_string
1321,スピンカリパー,digimon,exact_official_string
1322,エーヴィッヒ・シュラーフ,digimon,exact_official_string
1323,エントリヒ・メテオール,digimon,exact_official_string
1324,レインストリーム,digimon,exact_official_string
1325,ジェラシーレイン,digimon,exact_official_string
1326,シュバルツ・レールザッツ（黒定理）,digimon,exact_official_string
1327,ロート・クロイツ（赤十字架）,digimon,exact_official_string
1328,コンデンサストーム,digimon,exact_official_string
1329,サンダーレーザー,digimon,exact_official_string
1330,ジェネラスミラー,digimon,exact_official_string
1331,オフセットリフレクター,digimon,exact_official_string
1332,マシンガンデストロイ,digimon,exact_official_string
1333,スターライトベロシティ,digimon,exact_official_string
1334,アルティメットサンダー,digimon,exact_official_string
1335,フィールドデストロイヤー,digimon,exact_official_string
1336,ゾーンデリーター,digimon,exact_official_string
1337,マスターオブダークネス,digimon,exact_official_string
1338,リーフサイクロン,digimon,exact_official_string
1339,サウザンドスパイク,digimon,exact_official_string
1340,リヒトアングリフ,digimon,exact_official_string
1341,ツヴァイハンダー,digimon,exact_official_string
1342,ベビーサラマンダー,digimon,exact_official_string
1343,トールハンマー,digimon,exact_official_string
1344,ミョルニルサンダー,digimon,exact_official_string
1345,アヴァランチステップ,digimon,exact_official_string
1346,グレッチャートルペイド（氷河魚雷）,digimon,exact_official_string
1347,トルナード・ガンバ,digimon,exact_official_string
1348,ロゼオ・テンポラーレ,digimon,exact_official_string
1349,ツララララ～,digimon,exact_official_string
1350,スノーボンバー,digimon,exact_official_string
1351,ガイストアーベント,digimon,exact_official_string
1352,エアオーベルング,digimon,exact_official_string
1353,ブルーハワイデス,digimon,exact_official_string
1354,イチゴデス,digimon,exact_official_string
1355,ランブルブレンドナンバー（１～１０）,digimon,exact_official_string
1356,リヒト・ナーゲル,digimon,exact_official_string
1357,ギルガメッシュスライサー,digimon,exact_official_string
1358,ウィンドオブペイン,digimon,exact_official_string
1359,ジェットビンター,digimon,exact_official_string
1360,ウルトラタービュレンス,digimon,exact_official_string
1361,スネークアイブレイク,digimon,exact_official_string
1362,ジャック・イン・ザ・ボックス,digimon,exact_official_string
1363,アースクェイク,digimon,exact_official_string
1364,ハリケーンボンバー,digimon,exact_official_string
1365,スピードスター,digimon,exact_official_string
1366,ソーラレーザー,digimon,exact_official_string
1367,ネーロコルソ,digimon,exact_official_string
1368,タイタニックチャージ,digimon,exact_official_string
1369,炎龍撃（えんりゅうげき）,digimon,exact_official_string
1370,九頭龍陣（くずりゅうじん）,digimon,exact_official_string
1371,シュヴァルツ・ドンナー,digimon,exact_official_string
1372,シュヴァルツ・ケーニッヒ,digimon,exact_official_string
1373,コロナブラスター,digimon,exact_official_string
1374,フレイムストーム,digimon,exact_official_string
1375,リヒト・ズィーガー,digimon,exact_official_string
1376,ツヴァイ・ズィーガー,digimon,exact_official_string
1377,マシンガン・ダンス（機銃の踊り）,digimon,exact_official_string
1378,ブロッケイドシード（封じ込めの種）,digimon,exact_official_string
1379,ブラフマシル,digimon,exact_official_string
1380,ブラフマストラ,digimon,exact_official_string
1381,バーニングサラマンダー,digimon,exact_official_string
1382,サラマンダーブレイク,digimon,exact_official_string
1383,スピニングカッター,digimon,exact_official_string
1384,サーマルメイン,digimon,exact_official_string
1385,アトミックバースト,digimon,exact_official_string
1386,ライトニングブレード,digimon,exact_official_string
1387,ブルーサンダー,digimon,exact_official_string
1388,一刀両断（イットウリョウダン）,digimon,exact_official_string
1389,クグツの術,digimon,exact_official_string
1390,モルフォンガトリング,digimon,exact_official_string
1391,アイアンプレス,digimon,exact_official_string
1392,ホーンブレード,digimon,exact_official_string
1393,バルーンマイン,digimon,exact_official_string
1394,グローバル・グローブ,digimon,exact_official_string
1395,ブラッドダンス・マラカスバージョン,digimon,exact_official_string
1396,テキーラナックル,digimon,exact_official_string
1397,マッハインパルス,digimon,exact_official_string
1398,テンペストウィング,digimon,exact_official_string
1399,ウジャトゲイズ,digimon,exact_official_string
1400,ノーズブラスター,digimon,exact_official_string
1401,ロデオギャロップ,digimon,exact_official_string
1402,シルバーブレイズ,digimon,exact_official_string
1403,シューティングスター,digimon,exact_official_string
1404,リーフホイールカッター,digimon,exact_official_string
1405,ソニックイヤー,digimon,exact_official_string
1406,ナックルファイア,digimon,exact_official_string
1407,ファイアロケット,digimon,exact_official_string
1408,マジックイグニッション,digimon,exact_official_string
1409,ファイヤークラウド,digimon,exact_official_string
1410,マタドールダッシュ,digimon,exact_official_string
1411,フライスパーク,digimon,exact_official_string
1412,ニードルスティンガー,digimon,exact_official_string
1413,ハートナービーム,digimon,exact_official_string
1414,クレイジーソニック,digimon,exact_official_string
1415,イヤーランサー,digimon,exact_official_string
1416,レインボーシャワー,digimon,exact_official_string
1417,メテオダンス,digimon,exact_official_string
1418,ポイズンパウダー,digimon,exact_official_string
1419,パラライズスティング,digimon,exact_official_string
1420,スウィートフェロモン,digimon,exact_official_string
1421,ウィンドシーカー,digimon,exact_official_string
1422,デリションクロウ,digimon,exact_official_string
1423,ヘイルマシンガン,digimon,exact_official_string
1424,ペンチカッター,digimon,exact_official_string
1425,バブルボム,digimon,exact_official_string
1426,オーシャンストライク,digimon,exact_official_string
1427,ビッグクラック,digimon,exact_official_string
1428,ゴールドラッシュ,digimon,exact_official_string
1429,スピリットブーメラン,digimon,exact_official_string
1430,ヒートストーム,digimon,exact_official_string
1431,タスクドライバー,digimon,exact_official_string
1432,ダウントーネ－ド,digimon,exact_official_string
1433,シェルニードルレイン,digimon,exact_official_string
1434,紅葉おろし,digimon,exact_official_string
1435,草薙,digimon,exact_official_string
1436,フレアバスター,digimon,exact_official_string
1437,プリズムレインボー,digimon,exact_official_string
1438,ウールグレネード,digimon,exact_official_string
1439,スパークウィング,digimon,exact_official_string
1440,サンダーストーム,digimon,exact_official_string
1441,ヒートブレス,digimon,exact_official_string
1442,バックドラフト,digimon,exact_official_string
1443,オキシジェンホーミング,digimon,exact_official_string
1444,サブマリンアタック,digimon,exact_official_string
1445,ジャッジメントアロー,digimon,exact_official_string
1446,ジャミングヘルツ,digimon,exact_official_string
1447,鉄砲（テッポウ）,digimon,exact_official_string
1448,ブイブレスアロー,digimon,exact_official_string
1449,ミスティックベル,digimon,exact_official_string
1450,クレイジークレーン,digimon,exact_official_string
1451,フリーズウェーブ,digimon,exact_official_string
1452,ジャンピングブロー,digimon,exact_official_string
1453,タングウィップ,digimon,exact_official_string
1454,桜吹雪,digimon,exact_official_string
1455,連獅子,digimon,exact_official_string
1456,ホワイトスタチュー,digimon,exact_official_string
1457,バサロクラッシュ,digimon,exact_official_string
1458,マッドバルーンボム,digimon,exact_official_string
1459,ニトロタービンウェーブ,digimon,exact_official_string
1460,オーシャンストローム,digimon,exact_official_string
1461,ミッドナイトクラッチ,digimon,exact_official_string
1462,スパイラルマスカレード,digimon,exact_official_string
1463,アージェントフィアー,digimon,exact_official_string
1464,サーペントキュア,digimon,exact_official_string
1465,サーペントルイン,digimon,exact_official_string
1466,セブンズファンタジア,digimon,exact_official_string
1467,シャリテ,digimon,exact_official_string
1468,アギシャンレーヴル,digimon,exact_official_string
1469,ティファレト,digimon,exact_official_string
1470,ローゼスレイピア,digimon,exact_official_string
1471,フォービドゥンテンプテイション,digimon,exact_official_string
1472,無双天翔翼之陣（むそうてんしょうよくのじん）,digimon,exact_official_string
1473,怒涛闇供喪之舞（どとうやみくものまい）,digimon,exact_official_string
1474,雷光一閃之突（らいこういっせんのつき）,digimon,exact_official_string
1475,スパイラルレイヴンクロウ,digimon,exact_official_string
1476,ブラストウィング,digimon,exact_official_string
1477,烏王丸（ちょうおうまる）,digimon,exact_official_string
1478,ディバインアトーンメント,digimon,exact_official_string
1479,ロストルム,digimon,exact_official_string
1480,カウダ,digimon,exact_official_string
1481,ファントムターバン,digimon,exact_official_string
1482,テラーズクラスター,digimon,exact_official_string
1483,ラストブレス,digimon,exact_official_string
1484,ノウレッジストリーム,digimon,exact_official_string
1485,セファーラジエール,digimon,exact_official_string
1486,マボルト,digimon,exact_official_string
1487,パニッシュジャッジ,digimon,exact_official_string
1488,ワイドプラズメント,digimon,exact_official_string
1489,サウザンドフィスト,digimon,exact_official_string
1490,スピリチャルエンチャント,digimon,exact_official_string
1491,レイジ・オブ・ワイバーン,digimon,exact_official_string
1492,ファイナル・クレスト,digimon,exact_official_string
1493,３Dレイザー,digimon,exact_official_string
1494,マックスパワーバイス,digimon,exact_official_string
1495,アルティメットストリーム,digimon,exact_official_string
1496,バナナスリップ,digimon,exact_official_string
1497,デス・クリスタル,digimon,exact_official_string
1498,ゲヘナ・フレイム,digimon,exact_official_string
1499,∞（ムゲン）キャノン,digimon,exact_official_string
1500,タイムアンリミテッド,digimon,exact_official_string
1501,フルムーンメテオインパクト,digimon,exact_official_string
1502,ファイナルミラージュバースト,digimon,exact_official_string
1503,ルナハーケンスラッシャー,digimon,exact_official_string
1504,ダブルクレセントミラージュ,digimon,exact_official_string
1505,フルムーンブラスター,digimon,exact_official_string
1506,ゲイルクロー,digimon,exact_official_string
1507,ストライクロール,digimon,exact_official_string
1508,マッドネスメリーゴーランド,digimon,exact_official_string
1509,コロナサンクションズ,digimon,exact_official_string
1510,オーシャンラブ,digimon,exact_official_string
1511,バインドレッドトリッガー,digimon,exact_official_string
1512,ハッピーバレットシャワリング,digimon,exact_official_string
1513,ケイオストライアングラー,digimon,exact_official_string
1514,トマホークシュタイナー,digimon,exact_official_string
1515,エターナルナイトメア,digimon,exact_official_string
1516,デススリンガー,digimon,exact_official_string
1517,フライバレット,digimon,exact_official_string
1518,ハリケーンビスショット,digimon,exact_official_string
1519,パンデモニウムフレイム,digimon,exact_official_string
1520,デストロイドラッシュ,digimon,exact_official_string
1521,インフィニティボーリング,digimon,exact_official_string
1522,グラビティプレス,digimon,exact_official_string
1523,プラズマステーク,digimon,exact_official_string
1524,サンダーバーニア,digimon,exact_official_string
1525,エレックガード,digimon,exact_official_string
1526,ジャイアントミサイル,digimon,exact_official_string
1527,バーストショット,digimon,exact_official_string
1528,エクスクレメント,digimon,exact_official_string
1529,プラチナエクスクレメント,digimon,exact_official_string
1530,プラチナバープ,digimon,exact_official_string
1531,ニードルスコール,digimon,exact_official_string
1532,マルトサイクロン,digimon,exact_official_string
1533,クリティカルアーム,digimon,exact_official_string
1534,太極（たいきょく）,digimon,exact_official_string
1535,黄廻（おうかい）,digimon,exact_official_string
1536,ネクロミスト,digimon,exact_official_string
1537,ブリットハンマー,digimon,exact_official_string
1538,ドラモンブレイカー,digimon,exact_official_string
1539,トライデントガイア,digimon,exact_official_string
1540,ビクトリーチャージ,digimon,exact_official_string
1541,トランプ・ソード,digimon,exact_official_string
1542,獅子羅王漸（ししらおうざん）,digimon,exact_official_string
1543,フラッシュバンチョーパンチ,digimon,exact_official_string
1544,護王流伝羅守（ごーるでんらっしゅ）,digimon,exact_official_string
1545,千本爆砕（せんぼんどっかーん）,digimon,exact_official_string
1546,特攻漢弾（ぶっこみおとこだま）,digimon,exact_official_string
1547,ブラッディーフィニッシュ,digimon,exact_official_string
1548,爆雷天,digimon,exact_official_string
1549,レッドバット,digimon,exact_official_string
1550,エレクトリックバインド,digimon,exact_official_string
1551,エンブレスヘイズ,digimon,exact_official_string
1552,金剛（こんごう）,digimon,exact_official_string
1553,アトミック・レイ,digimon,exact_official_string
1554,ボルテックスペネトレート,digimon,exact_official_string
1555,ウェーブオブデプス,digimon,exact_official_string
1556,ブレイブメタル,digimon,exact_official_string
1557,ドルディーン,digimon,exact_official_string
1558,ヴォルケンクラッツァー,digimon,exact_official_string
1559,ブロッカーデ,digimon,exact_official_string
1560,エルンストウェル,digimon,exact_official_string
1561,ツヴァングレンツェ,digimon,exact_official_string
1562,トロンメッサー,digimon,exact_official_string
1563,インビンシブルソード（無敵剣）,digimon,exact_official_string
1564,クォ・ヴァディス,digimon,exact_official_string
1565,ロイヤルセーバー,digimon,exact_official_string
1566,ブラックデスクラウド,digimon,exact_official_string
1567,デスアロー,digimon,exact_official_string
1568,エクスプロージョンアイ,digimon,exact_official_string
1569,メタルインパルス,digimon,exact_official_string
1570,スプラッターハンティング,digimon,exact_official_string
1571,オーガフレイム,digimon,exact_official_string
1572,グラウンドファング,digimon,exact_official_string
1573,ハイランドファング,digimon,exact_official_string
1574,カタストロフィーカノン,digimon,exact_official_string
1575,クレセントハーケン,digimon,exact_official_string
1576,アロー・オブ・アルテミス,digimon,exact_official_string
1577,グッドナイト・ムーン,digimon,exact_official_string
1578,蒼雷（そうらい）,digimon,exact_official_string
1579,ダークロアー,digimon,exact_official_string
1580,ギガスティックランス,digimon,exact_official_string
1581,シャインオブビー,digimon,exact_official_string
1582,ビーサイクロン,digimon,exact_official_string
1583,魂魄芯撃（こんぱくしんげき）,digimon,exact_official_string
1584,幻刃無痕（げんじんむこん）,digimon,exact_official_string
1585,呼応冥軍（こおうめいぐん）,digimon,exact_official_string
1586,マッハスティンガーＶ（ビクトリー）,digimon,exact_official_string
1587,セブンヘブンズ,digimon,exact_official_string
1588,天竜斬破（てんりゅうざんは）,digimon,exact_official_string
1589,昇竜斬波（しょうりゅうざんぱ）,digimon,exact_official_string
1590,咬竜斬刃（こうりゅうざんば）,digimon,exact_official_string
1591,ビフロスト,digimon,exact_official_string
1592,オーディンズブレス,digimon,exact_official_string
1593,ホーリーエスパーダ,digimon,exact_official_string
1594,ヘブンズリッパー,digimon,exact_official_string
1595,ソニックスラッシュレイン,digimon,exact_official_string
1596,ブループロミネンス,digimon,exact_official_string
1597,天羽々斬（あまのはばきり）,digimon,exact_official_string
1598,八雷神（やくさのいかづち）,digimon,exact_official_string
1599,紅焔（こうえん）,digimon,exact_official_string
1600,ムゲンキャノン,digimon,exact_official_string
1601,アクセルアーム,digimon,exact_official_string
1602,タイムデストロイヤー,digimon,exact_official_string
1603,ズィード砲,digimon,exact_official_string
1604,フルメタルブレイズ,digimon,exact_official_string
1605,ブローバックブレス,digimon,exact_official_string
1606,メガトンハイドロレーザー,digimon,exact_official_string
1607,ジャンボクレーター,digimon,exact_official_string
1608,ジャンボジェッター,digimon,exact_official_string
1609,悟遍路掌（さとりへんろしょう）,digimon,exact_official_string
1610,霊光蜘蛛之糸（れいこうくものいと）,digimon,exact_official_string
1611,怠条真言（たいじょうしんごん）,digimon,exact_official_string
1612,グロリアスバースト,digimon,exact_official_string
1613,シャイニングブラスト,digimon,exact_official_string
1614,ジオグレイソード,digimon,exact_official_string
1615,ハング・オン・デス,digimon,exact_official_string
1616,霧幻（むげん）,digimon,exact_official_string
1617,轍剣成敗（てっけんせいばい）,digimon,exact_official_string
1618,シュベルトガイスト,digimon,exact_official_string
1619,アウスジェネリクス,digimon,exact_official_string
1620,打首獄門,digimon,exact_official_string
1621,十文字斬り,digimon,exact_official_string
1622,飯綱（いづな）,digimon,exact_official_string
1623,ネイルクラッシャー,digimon,exact_official_string
1624,髑髏乱舞（どくろらんぶ),digimon,exact_official_string
1625,カイザーフェニックス,digimon,exact_official_string
1626,ミスティックブレイク,digimon,exact_official_string
1627,エンド・ワルツ,digimon,exact_official_string
1628,ゴッドブレス,digimon,exact_official_string
1629,エクリプスフィンガー,digimon,exact_official_string
1630,カリュドーンアルクス,digimon,exact_official_string
1631,スーパーソニックボイス,digimon,exact_official_string
1632,デストロイドクラッシュ,digimon,exact_official_string
1633,クリスタルレボリューション,digimon,exact_official_string
1634,アイオブザゴーゴン,digimon,exact_official_string
1635,グランキラー,digimon,exact_official_string
1636,グランディスシザー,digimon,exact_official_string
1637,ディメンションシザー,digimon,exact_official_string
1638,ザ・キー,digimon,exact_official_string
1639,ギュプト粒子砲,digimon,exact_official_string
1640,ルーインブラスト(破滅の爆薬),digimon,exact_official_string
1641,黄獣偃月刀（きじゅうえんげつとう）,digimon,exact_official_string
1642,獣狼大回転（じゅうろうだいかいてん),digimon,exact_official_string
1643,激・氷月牙（げき ひょうげつが）,digimon,exact_official_string
1644,ハートブレイカー,digimon,exact_official_string
1645,クィーンスタンプ,digimon,exact_official_string
1646,クィーンスティック,digimon,exact_official_string
1647,チェックメイト,digimon,exact_official_string
1648,キングスティック,digimon,exact_official_string
1649,キングダッシュ,digimon,exact_official_string
1650,サルしばい,digimon,exact_official_string
1651,ダイナ・キャノン,digimon,exact_official_string
1652,グレネードストーム,digimon,exact_official_string
1653,ギガシーデストロイヤー,digimon,exact_official_string
1654,スカイウェーブ,digimon,exact_official_string
1655,鉄拳制裁,digimon,exact_official_string
1656,地神！神鳴！神馳！親父！（じしん！かみなり！かじ！おやじ！）,digimon,exact_official_string
1657,ちゃぶ台返し,digimon,exact_official_string
1658,ブラックレクイエム,digimon,exact_official_string
1659,デッドスクリーム,digimon,exact_official_string
1660,覇王両断剣,digimon,exact_official_string
1661,オーロラブラスター,digimon,exact_official_string
1662,ダークプロミネンス,digimon,exact_official_string
1663,ハイパームゲンキャノン,digimon,exact_official_string
1664,カオスクラッシャー,digimon,exact_official_string
1665,スーパージェノサイドアタック,digimon,exact_official_string
1666,デモンズディザスター,digimon,exact_official_string
1667,ジュデッカプリズン,digimon,exact_official_string
1668,燐火斬（りんかざん）,digimon,exact_official_string
1669,ガイアリアクター,digimon,exact_official_string
1670,燐火撃（りんかげき）,digimon,exact_official_string
1671,オールデリート,digimon,exact_official_string
1672,エデンズジャベリン,digimon,exact_official_string
1673,セフィロートクリスタル,digimon,exact_official_string
1674,コズミックレイ,digimon,exact_official_string
1675,オーラーティオ・グランディオロクア,digimon,exact_official_string
1676,カテドラール,digimon,exact_official_string
1677,グラドゥス,digimon,exact_official_string
1678,永世竜王刃（えいせいりゅうおうじん）,digimon,exact_official_string
1679,黄鎧（おうがい）,digimon,exact_official_string
1680,ラプラスの魔,digimon,exact_official_string
1681,エルダーサイン,digimon,exact_official_string
1682,フリージングブリザード,digimon,exact_official_string
1683,グレートスノープロー,digimon,exact_official_string
1684,グレイト・メイルストローム,digimon,exact_official_string
1685,クリスタルビロー,digimon,exact_official_string
1686,アトミックボンバー,digimon,exact_official_string
1687,スーパーノヴァ,digimon,exact_official_string
1688,カラミティサンダー,digimon,exact_official_string
1689,テラブラスター,digimon,exact_official_string
1690,エペイオスギミック,digimon,exact_official_string
1691,サプライズキャノン,digimon,exact_official_string
1692,ダークブラスト,digimon,exact_official_string
1693,ネクロエクリプス,digimon,exact_official_string
1694,ガイアトルネード,digimon,exact_official_string
1695,オメガバースト,digimon,exact_official_string
1696,シャープネスクレイモア,digimon,exact_official_string
1697,アブソリュート・ゼロ,digimon,exact_official_string
1698,ストームゲイザー,digimon,exact_official_string
1699,レインボーシンフォニー,digimon,exact_official_string
1700,ゴールデンロード,digimon,exact_official_string
1701,メテオアースクエイク,digimon,exact_official_string
1702,ジャイアントニッパー,digimon,exact_official_string
1703,アヴァロンズゲート,digimon,exact_official_string
1704,ペンドラゴンズグローリー,digimon,exact_official_string
1705,ドラゴニックインパクト,digimon,exact_official_string
1706,ピンポイントウェポンワークス,digimon,exact_official_string
1707,アプロプリエートワークス,digimon,exact_official_string
1708,ボンバーアート,digimon,exact_official_string
1709,ガイアフォース,digimon,exact_official_string
1710,ブレイブトルネード,digimon,exact_official_string
1711,ヴェノムインフューズ,digimon,exact_official_string
1712,ヒーリングセラピー,digimon,exact_official_string
1713,ＬＯＶＥＹＯＵ,digimon,exact_official_string
1714,ピースファンタジア,digimon,exact_official_string
1715,パージシャイン,digimon,exact_official_string
1716,オーロラアンジュレーション,digimon,exact_official_string
1717,フェンリルソード,digimon,exact_official_string
1718,アウルヴァンディルの矢,digimon,exact_official_string
1719,アークティックブリザード,digimon,exact_official_string
1720,ミョルニル,digimon,exact_official_string
1721,パワーウォーター,digimon,exact_official_string
1722,ブレイズパワー,digimon,exact_official_string
1723,テラハイドロブレス,digimon,exact_official_string
1724,シャインブレイカー,digimon,exact_official_string
1725,オメガブレード,digimon,exact_official_string
1726,クリスタルの破片,digimon,exact_official_string
1727,巨大なクリスタル,digimon,exact_official_string
1728,自己修復,digimon,exact_official_string
1729,究極戦刃王竜剣,digimon,exact_official_string
1730,聖剣グレイダルファー,digimon,exact_official_string
1731,デジタライズ・オブ・ソウル,digimon,exact_official_string
1732,アルティメットブラスト,digimon,exact_official_string
1733,アルティメットクエイク,digimon,exact_official_string
1734,テラバイトディザスター,digimon,exact_official_string
1735,ディストーションライン,digimon,exact_official_string
1736,ブルートフォース,digimon,exact_official_string
1737,ソルブラスター,digimon,exact_official_string
1738,フォイボス・ブロウ,digimon,exact_official_string
1739,アロー・オブ・アポロ,digimon,exact_official_string
1740,暗黒(ダークネスゾーン),digimon,exact_official_string
1741,ピラミッドパワー,digimon,exact_official_string
1742,アメミット,digimon,exact_official_string
1743,ブラックレイン,digimon,exact_official_string
1744,ミザリーバレットレイン,digimon,exact_official_string
1745,デストラクショントリッガー,digimon,exact_official_string
1746,ハートブレイクアタック,digimon,exact_official_string
1747,ダークストローム,digimon,exact_official_string
1748,イビルアイシクル,digimon,exact_official_string
1749,ストレンジミスト,digimon,exact_official_string
1750,パンドーラ・ダイアログ,digimon,exact_official_string
1751,エターナル・ニルヴァーナ,digimon,exact_official_string
1752,スチームボム,digimon,exact_official_string
1753,ホイールグラインダー,digimon,exact_official_string
1754,ボーリンストーム,digimon,exact_official_string
1755,ローダーモーニングスター,digimon,exact_official_string
1756,ダークネスウェーブ,digimon,exact_official_string
1757,プワゾン,digimon,exact_official_string
1758,ライトニングフィール,digimon,exact_official_string
1759,ルミナフラッシュ,digimon,exact_official_string
1760,デッド・オア・アライブ,digimon,exact_official_string
1761,ストロングフォールド,digimon,exact_official_string
1762,ルークガトリング,digimon,exact_official_string
1763,キャッスルウォール,digimon,exact_official_string
1764,ライラシャワー,digimon,exact_official_string
1765,ビューティースラップ,digimon,exact_official_string
1766,アン・ドゥ・ポラン,digimon,exact_official_string
1767,トライデントリボルバー,digimon,exact_official_string
1768,ライジングデストロイヤー,digimon,exact_official_string
1769,ソリッドストライク,digimon,exact_official_string
1770,ラブリーアタック,digimon,exact_official_string
1771,デスクラウド,digimon,exact_official_string
1772,ソウルプレデター,digimon,exact_official_string
1773,グレイブスクリーム,digimon,exact_official_string
1774,ヌークリアレーザー,digimon,exact_official_string
1775,ホーミングレーザー,digimon,exact_official_string
1776,エミットブレイド,digimon,exact_official_string
1777,ジェノサイドアタック,digimon,exact_official_string
1778,アルティメットスライサー,digimon,exact_official_string
1779,モデストリィスタン,digimon,exact_official_string
1780,ヴィモーハナ,digimon,exact_official_string
1781,コアダート,digimon,exact_official_string
1782,ブラストファイア,digimon,exact_official_string
1783,ギルティブラック,digimon,exact_official_string
1784,マメバイト１０００,digimon,exact_official_string
1785,メットラリアット,digimon,exact_official_string
1786,スネークバンデージ,digimon,exact_official_string
1787,ネクロフォビア,digimon,exact_official_string
1788,サウザンドアロー,digimon,exact_official_string
1789,武舞独繰,digimon,exact_official_string
1790,蝶絶喇叭蹴（ちょうぜつらっぱしゅう）,digimon,exact_official_string
1791,マスターファイアー,digimon,exact_official_string
1792,ヴェーダカ,digimon,exact_official_string
1793,ラウラヴァ,digimon,exact_official_string
1794,チャームプランダー,digimon,exact_official_string
1795,ノーザンクロスボンバー,digimon,exact_official_string
1796,ビックバン・ボイス,digimon,exact_official_string
1797,ビックバン・タックル,digimon,exact_official_string
1798,ヘブンズゲート,digimon,exact_official_string
1799,タイダルウェーブ,digimon,exact_official_string
1800,つっこみパンチ,digimon,exact_official_string
1801,コールドギャグ,digimon,exact_official_string
1802,悪魔のなげキッス,digimon,exact_official_string
1803,スパイラルフラワー,digimon,exact_official_string
1804,紅蓮獣王波（ぐれんじゅうおうは）,digimon,exact_official_string
1805,紅・獅子之舞（くれない・ししのまい）,digimon,exact_official_string
1806,清々之咆哮（せいせいのほうこう）,digimon,exact_official_string
1807,アイスファントム,digimon,exact_official_string
1808,コールドフレイム,digimon,exact_official_string
1809,ブラックスタチュー,digimon,exact_official_string
1810,デーモンズシャウト,digimon,exact_official_string
1811,ソウルチョッパー,digimon,exact_official_string
1812,ヒートウェーブ,digimon,exact_official_string
1813,ビットボム,digimon,exact_official_string
1814,ビッグスマイリーボマー,digimon,exact_official_string
1815,ビショップレーザー,digimon,exact_official_string
1816,ビショップクロス,digimon,exact_official_string
1817,マジカルスティック,digimon,exact_official_string
1818,成龍刃（せいりゅうじん）,digimon,exact_official_string
1819,縦横車（じゅうおうぐるま）,digimon,exact_official_string
1820,トリックオアトリート,digimon,exact_official_string
1821,アニマルネイル,digimon,exact_official_string
1822,ストライクフィッシング,digimon,exact_official_string
1823,ソニックデストロイヤー,digimon,exact_official_string
1824,マッドポンプ,digimon,exact_official_string
1825,オクタゴンアタック,digimon,exact_official_string
1826,ヘルタースケルター,digimon,exact_official_string
1827,ヴァンパイアダンス,digimon,exact_official_string
1828,ヴァフニジュヴァーラ,digimon,exact_official_string
1829,エスグリーマ,digimon,exact_official_string
1830,デスペラードブラスター,digimon,exact_official_string
1831,ギルティクロウ,digimon,exact_official_string
1832,プラグボム,digimon,exact_official_string
1833,ベルセルクソード,digimon,exact_official_string
1834,メタルメテオ,digimon,exact_official_string
1835,ブラッディータワー,digimon,exact_official_string
1836,コブシトーン,digimon,exact_official_string
1837,呪禁札（じゅごんさつ）,digimon,exact_official_string
1838,鬼門遁甲（きもんとんこう）,digimon,exact_official_string
1839,ロイヤルナッツ,digimon,exact_official_string
1840,グラスラッシュ,digimon,exact_official_string
1841,ブリンデッド,digimon,exact_official_string
1842,へヴィーメタルファイアー,digimon,exact_official_string
1843,ヒートチェーン,digimon,exact_official_string
1844,エニグマ,digimon,exact_official_string
1845,ナイトメアシンドローム,digimon,exact_official_string
1846,ブラッディーケイブ,digimon,exact_official_string
1847,ヘルマスカレード,digimon,exact_official_string
1848,強振砲舞乱（きょうしんホームラン）,digimon,exact_official_string
1849,打々々魅飲血（だだだみんち）,digimon,exact_official_string
1850,豚ノ丸焼（ぶたのまるやき）,digimon,exact_official_string
1851,シュヴァボージャナ,digimon,exact_official_string
1852,疾風天翔剣（しっぷうてんしょうけん）,digimon,exact_official_string
1853,迅速の心得（じんそくのこころえ）,digimon,exact_official_string
1854,改心の波動,digimon,exact_official_string
1855,ストライバ－キャノン,digimon,exact_official_string
1856,ブラストガトリング,digimon,exact_official_string
1857,フォービドゥントライデント,digimon,exact_official_string
1858,梵筆閃（ぼんひつせん）,digimon,exact_official_string
1859,ダークイクスプロージョン,digimon,exact_official_string
1860,シュバルツネーベル,digimon,exact_official_string
1861,ダークホール,digimon,exact_official_string
1862,第一曲≪ポリフォニー≫,digimon,exact_official_string
1863,第二曲≪アリア≫,digimon,exact_official_string
1864,第三曲≪カノン≫,digimon,exact_official_string
1865,レッジストレイド,digimon,exact_official_string
1866,メテオフレイム,digimon,exact_official_string
1867,トライデントセイバー,digimon,exact_official_string
1868,ハンマースパーク,digimon,exact_official_string
1869,ブラックアウト,digimon,exact_official_string
1870,ポイズンピアス,digimon,exact_official_string
1871,グレイブボーン,digimon,exact_official_string
1872,デッドリーフィアー,digimon,exact_official_string
1873,ネイルボーン,digimon,exact_official_string
1874,オブリビオンバード,digimon,exact_official_string
1875,ハレースコール,digimon,exact_official_string
1876,プーヤヴァーハ,digimon,exact_official_string
1877,トップガン,digimon,exact_official_string
1878,デュアルソニック,digimon,exact_official_string
1879,チェリーボム,digimon,exact_official_string
1880,ニギミタマ,digimon,exact_official_string
1881,アラミタマ,digimon,exact_official_string
1882,スマッシュポテト,digimon,exact_official_string
1883,降妖杖・渦紋の陣（かもんのじん）,digimon,exact_official_string
1884,降妖杖・滝の陣（たきのじん）,digimon,exact_official_string
1885,月牙斬（げつがざん）,digimon,exact_official_string
1886,クリシュナ,digimon,exact_official_string
1887,杜子春経（とししゅんきょう）,digimon,exact_official_string
1888,胡蝶夢経（こちょうむきょう）,digimon,exact_official_string
1889,無限弾幕心経（むげんだんまくしんきょう）,digimon,exact_official_string
1890,渦紋の陣（かもんのじん）,digimon,exact_official_string
1891,滝の陣（たきのじん）,digimon,exact_official_string
1892,秘技・夢現影（ひぎ・むげんえい）,digimon,exact_official_string
1893,疾風迅雷撃（しっぷうじんらいげき）,digimon,exact_official_string
1894,超帯電雷光砲（ちょうたいでんらいこうほう）,digimon,exact_official_string
1895,觔斗雲（きんとうん）,digimon,exact_official_string
1896,クリミシャ,digimon,exact_official_string
1897,ルナティックダンス,digimon,exact_official_string
1898,アイスアーチェリー,digimon,exact_official_string
1899,ダークアーチェリー,digimon,exact_official_string
1900,クロスブレード,digimon,exact_official_string
1901,グレイドスラッシュ,digimon,exact_official_string
1902,獅子獣波斬,digimon,exact_official_string
1903,旋風タービン蹴り,digimon,exact_official_string
1904,スクラップレスクロー,digimon,exact_official_string
1905,メガトンハマークラッシュ,digimon,exact_official_string
1906,ギガクラック,digimon,exact_official_string
1907,デッドリーボム,digimon,exact_official_string
1908,レイジギガアンカー,digimon,exact_official_string
1909,パイレーツパニッシャー,digimon,exact_official_string
1910,レッグリボルバー,digimon,exact_official_string
1911,ニトロスティンガー,digimon,exact_official_string
1912,スカイロケット∞（ムゲン）,digimon,exact_official_string
1913,マジックアーム,digimon,exact_official_string
1914,ミラクルボム,digimon,exact_official_string
1915,ヒート・バイパー,digimon,exact_official_string
1916,ジェノサイドギア,digimon,exact_official_string
1917,ギルティクロー,digimon,exact_official_string
1918,悟り（さとり）,digimon,exact_official_string
1919,衝撃羽（しょうげきは）,digimon,exact_official_string
1920,ウンチバズーカ,digimon,exact_official_string
1921,酒ブレス,digimon,exact_official_string
1922,アメノムラクモ,digimon,exact_official_string
1923,シザーアームズΩ,digimon,exact_official_string
1924,ホーリーアロー,digimon,exact_official_string
1925,ラブ・セレナーデ,digimon,exact_official_string
1926,ダークスピリッツ,digimon,exact_official_string
1927,プリティーアタック,digimon,exact_official_string
1928,ブラックマター,digimon,exact_official_string
1929,Ｖウィングブレード,digimon,exact_official_string
1930,ドラゴンインパルス,digimon,exact_official_string
1931,ヴォルカニックフォーン,digimon,exact_official_string
1932,サークルオブデス,digimon,exact_official_string
1933,ブレイズソニックブレス,digimon,exact_official_string
1934,エクスプロードソニックランス,digimon,exact_official_string
1935,ウイングブラスト,digimon,exact_official_string
1936,スーカラ,digimon,exact_official_string
1937,ナイトレイド,digimon,exact_official_string
1938,ローダ,digimon,exact_official_string
1939,ヘルズグレネード,digimon,exact_official_string
1940,コクーンアタック,digimon,exact_official_string
1941,アドームクハ,digimon,exact_official_string
1942,コズモフラッシュ,digimon,exact_official_string
1943,ガトリングミサイル,digimon,exact_official_string
1944,スパイラルソード,digimon,exact_official_string
1945,アシパトラヴァナ,digimon,exact_official_string
1946,エリミネイションライン,digimon,exact_official_string
1947,ワームフェイズ,digimon,exact_official_string
1948,スパイダースレッド,digimon,exact_official_string
1949,プレデーションスパイダー,digimon,exact_official_string
1950,スティンガーサプライズ,digimon,exact_official_string
1951,ホーンバスター,digimon,exact_official_string
1952,ヘルファイア,digimon,exact_official_string
1953,マーヴェリック,digimon,exact_official_string
1954,阿修羅神拳（あしゅらしんけん）,digimon,exact_official_string
1955,ペネトレイザー,digimon,exact_official_string
1956,ウイングカッター,digimon,exact_official_string
1957,パワードイグニッション,digimon,exact_official_string
1958,トライアングラー,digimon,exact_official_string
1959,プラズマッドネス,digimon,exact_official_string
1960,デスディナー,digimon,exact_official_string
1961,ブランブルバイト,digimon,exact_official_string
1962,プラントゾーンクレイドル,digimon,exact_official_string
1963,チャージングストライク,digimon,exact_official_string
1964,ボルトブレイクノックダウン,digimon,exact_official_string
1965,ライトニングパイル,digimon,exact_official_string
1966,ターボスティンガー,digimon,exact_official_string
1967,ベアバスター,digimon,exact_official_string
1968,駆駆裂空斬（くるくるれっくうざん）,digimon,exact_official_string
1969,獣牙乱撃（じゅうがらんげき）,digimon,exact_official_string
1970,真空カマイタチ,digimon,exact_official_string
1971,ハザードブレス,digimon,exact_official_string
1972,ムーンナイトボム,digimon,exact_official_string
1973,ティアーアロー,digimon,exact_official_string
1974,ムーンナイトキック,digimon,exact_official_string
1975,ヘドロ,digimon,exact_official_string
1976,シェイキングパルス,digimon,exact_official_string
1977,ジャスティスブリット,digimon,exact_official_string
1978,アンブッシュクランチ,digimon,exact_official_string
1979,サンダーオブキング,digimon,exact_official_string
1980,クリティカルストライク,digimon,exact_official_string
1981,焔玉（ほむらだま）,digimon,exact_official_string
1982,邪炎龍（じゃえんりゅう),digimon,exact_official_string
1983,絶対零度パンチ,digimon,exact_official_string
1984,アイスクルロッド,digimon,exact_official_string
1985,骨骨ブーメラン,digimon,exact_official_string
1986,バーニングフィスト,digimon,exact_official_string
1987,ジャイロブレイク,digimon,exact_official_string
1988,トゥインクルビーム,digimon,exact_official_string
1989,切り捨て御免,digimon,exact_official_string
1990,ダークサイドクェイク,digimon,exact_official_string
1991,肉球パンチ,digimon,exact_official_string
1992,ネコクロー,digimon,exact_official_string
1993,マッドネスブローチ,digimon,exact_official_string
1994,スラップアンドリップ,digimon,exact_official_string
1995,スパイラルクロー,digimon,exact_official_string
1996,苦無羽（くないばね）,digimon,exact_official_string
1997,サウザンドビーク,digimon,exact_official_string
1998,スパークブレイド,digimon,exact_official_string
1999,エアーナイフ,digimon,exact_official_string
2000,フレイムヒット,digimon,exact_official_string
2001,フレイムタワー,digimon,exact_official_string
2002,ヘリウムボム,digimon,exact_official_string
2003,ツェッペリンエクスプロージョン,digimon,exact_official_string
2004,レアメタルウンチ,digimon,exact_official_string
2005,デッドリースティング,digimon,exact_official_string
2006,キャプテンキャノン,digimon,exact_official_string
2007,デスクラッシュ,digimon,exact_official_string
2008,イビルハリケーン,digimon,exact_official_string
2009,スナイプスティール,digimon,exact_official_string
2010,ブラストコフィン,digimon,exact_official_string
2011,フレイムダイブ,digimon,exact_official_string
2012,ファイラクロー,digimon,exact_official_string
2013,ファイラボム,digimon,exact_official_string
2014,スノーパンチ,digimon,exact_official_string
2015,スナイプスティング,digimon,exact_official_string
2016,トゥインクルシュート,digimon,exact_official_string
2017,ミッドナイトファンタジア,digimon,exact_official_string
2018,怒髪天（どはつてん）,digimon,exact_official_string
2019,ヘルズハンド,digimon,exact_official_string
2020,デスチャーム,digimon,exact_official_string
2021,フィフクロス,digimon,exact_official_string
2022,ティーンブレイド,digimon,exact_official_string
2023,バーンフレイム,digimon,exact_official_string
2024,ドラグレスパイカー,digimon,exact_official_string
2025,メテオウィング,digimon,exact_official_string
2026,ニセドリルスピン,digimon,exact_official_string
2027,ウンチ,digimon,exact_official_string
2028,ウンチダンク,digimon,exact_official_string
2029,ビッグダーツ,digimon,exact_official_string
2030,ギャロップホール,digimon,exact_official_string
2031,ナイトランサー,digimon,exact_official_string
2032,キャノンボール,digimon,exact_official_string
2033,パワーメタル,digimon,exact_official_string
2034,ドリルスピン,digimon,exact_official_string
2035,クラッシャーボーン,digimon,exact_official_string
2036,トブトブフェニックス,digimon,exact_official_string
2037,グルグルファイト,digimon,exact_official_string
2038,ジステン・ハウリング,digimon,exact_official_string
2039,ウルトラかみつく,digimon,exact_official_string
2040,スティンガー・ポレーション,digimon,exact_official_string
2041,シェルファランクス,digimon,exact_official_string
2042,巌兎烈斗（ガントレット）,digimon,exact_official_string
2043,トリプレックスフォース,digimon,exact_official_string
2044,スカルファング,digimon,exact_official_string
2045,デスクロウ,digimon,exact_official_string
2046,クリムゾンネイル,digimon,exact_official_string
2047,メタルキャスト,digimon,exact_official_string
2048,キャッツ・アイ,digimon,exact_official_string
2049,ファイアーブレス,digimon,exact_official_string
2050,メガダッシュインパクト,digimon,exact_official_string
2051,デストラクションロアー,digimon,exact_official_string
2052,グレートウェイト,digimon,exact_official_string
2053,ハイパーキャノン,digimon,exact_official_string
2054,ラ・ピュセル,digimon,exact_official_string
2055,バテーム・デ・アムール,digimon,exact_official_string
2056,パンツァーナックル,digimon,exact_official_string
2057,電撃ハグハグスニーカー,digimon,exact_official_string
2058,トンガリヘッド,digimon,exact_official_string
2059,アンニャセレナーデ,digimon,exact_official_string
2060,ドレッドファイア,digimon,exact_official_string
2061,クリスタルクラウド,digimon,exact_official_string
2062,ネクロマジック,digimon,exact_official_string
2063,ブラックセーバー,digimon,exact_official_string
2064,Road T(w)o Decade,digimon,exact_official_string
2065,ヴァンシオン,digimon,exact_official_string
2066,シャドウ・シックル,digimon,exact_official_string
2067,ストライクファング,digimon,exact_official_string
2068,スパイキングフィニッシュ,digimon,exact_official_string
2069,ジャングルパンチ,digimon,exact_official_string
2070,ラスターショット,digimon,exact_official_string
2071,ミッキーバレット,digimon,exact_official_string
2072,ブレスファイア,digimon,exact_official_string
2073,グランドシスタークルス,digimon,exact_official_string
2074,ホーンインパルス,digimon,exact_official_string
2075,フリーデスフォール,digimon,exact_official_string
2076,キルミー,digimon,exact_official_string
2077,デスビハインド,digimon,exact_official_string
2078,スカウターモノアイ,digimon,exact_official_string
2079,ヴァリアブルダーツ,digimon,exact_official_string
2080,サンシャインビーム,digimon,exact_official_string
2081,スマイリービンタ,digimon,exact_official_string
2082,カクタステイル,digimon,exact_official_string
2083,サンダーボール,digimon,exact_official_string
2084,スティッカーブレイド,digimon,exact_official_string
2085,ブラックマインド,digimon,exact_official_string
2086,スクイーズバイン,digimon,exact_official_string
2087,ハイパーヒート,digimon,exact_official_string
2088,パワーアタック,digimon,exact_official_string
2089,ドリームダスト,digimon,exact_official_string
2090,カース・クリムゾン,digimon,exact_official_string
2091,ゴーレムパンチ,digimon,exact_official_string
2092,ペトラファイアー,digimon,exact_official_string
2093,コウガ流影分身,digimon,exact_official_string
2094,グリーンフレアブレス,digimon,exact_official_string
2095,ストライクボマー,digimon,exact_official_string
2096,ジ・シュルネン-Ⅱ,digimon,exact_official_string
2097,ブルーフレアブレス,digimon,exact_official_string
2098,ハンティングキャノン,digimon,exact_official_string
2099,ハイパースメル,digimon,exact_official_string
2100,デビルバッシング,digimon,exact_official_string
2101,クロノブレーカー,digimon,exact_official_string
2102,カオスファイアー,digimon,exact_official_string
2103,当身返し,digimon,exact_official_string
2104,データクラッシャー,digimon,exact_official_string
2105,棒陣破（ぼうじんは）,digimon,exact_official_string
2106,徹甲刃（てっこうじん）,digimon,exact_official_string
2107,鬼炎弾（きえんだん）,digimon,exact_official_string
2108,逆撃炎弾（ぎゃくげきえんだん）,digimon,exact_official_string
2109,銀角突貫（ぎんかくとっかん）,digimon,exact_official_string
2110,金銀雷鳴撃（きんぎんらいめいげき）,digimon,exact_official_string
2111,鬼爆葬（きばくそう）,digimon,exact_official_string
2112,怒気怒鬼怒灸（ドキドキドキューン）,digimon,exact_official_string
2113,雷光鬼蹴（らいこうきしゅう）,digimon,exact_official_string
2114,鬼火玉（おにびだま）,digimon,exact_official_string
2115,狐炎龍（こえんりゅう）,digimon,exact_official_string
2116,リトルペッカ－,digimon,exact_official_string
2117,ＤＪシューター,digimon,exact_official_string
2118,ガワッパンチ,digimon,exact_official_string
2119,ガワッパラッパー,digimon,exact_official_string
2120,シェルズアタック,digimon,exact_official_string
2121,メガブラスター,digimon,exact_official_string
2122,ラクガキロケット,digimon,exact_official_string
2123,オメカキック,digimon,exact_official_string
2124,海鳴墨銃（かいめいぼくじゅう）,digimon,exact_official_string
2125,ヘブンズナックル,digimon,exact_official_string
2126,ツインネプチューン,digimon,exact_official_string
2127,ストロングクランチ,digimon,exact_official_string
2128,エクスレイザー,digimon,exact_official_string
2129,スピニングニードル,digimon,exact_official_string
2130,ブランチドレイン,digimon,exact_official_string
2131,デストロイドボイス,digimon,exact_official_string
2132,クラブアーム,digimon,exact_official_string
2133,バルルーナゲイル,digimon,exact_official_string
2134,アクエリープレッシャー,digimon,exact_official_string
2135,ナイトメアショック,digimon,exact_official_string
2136,ハープーンバルカン,digimon,exact_official_string
2137,イガ流手裏剣投げ,digimon,exact_official_string
2138,メガトンプレス,digimon,exact_official_string
2139,テイルハンマー,digimon,exact_official_string
2140,グライドホーン,digimon,exact_official_string
2141,ブラストレーザー,digimon,exact_official_string
2142,スカーレッドアイ,digimon,exact_official_string
2143,アイスボールボム,digimon,exact_official_string
2144,アトラクトエコー,digimon,exact_official_string
2145,アイアントラスト,digimon,exact_official_string
2146,スタンビートブロウ,digimon,exact_official_string
2147,ネバネバネット,digimon,exact_official_string
2148,シルクスレッド,digimon,exact_official_string
2149,ダブルタイフーン,digimon,exact_official_string
2150,狐変虚（こへんきょ）,digimon,exact_official_string
2151,狐葉楔（こようせつ）,digimon,exact_official_string
2152,レオクロー,digimon,exact_official_string
2153,クリティカルバイト,digimon,exact_official_string
2154,ルナクロー,digimon,exact_official_string
2155,ティアーシュート,digimon,exact_official_string
2156,ロップイヤーリップル,digimon,exact_official_string
2157,グランドクロス,digimon,exact_official_string
2158,兜返し,digimon,exact_official_string
2159,居合刃（いあいじん）,digimon,exact_official_string
2160,ナッツシュート,digimon,exact_official_string
2161,ララスクリュー,digimon,exact_official_string
2162,シング・ア・ソング,digimon,exact_official_string
2163,キュアーリキュール,digimon,exact_official_string
2164,レトリバーク,digimon,exact_official_string
2165,リトルブリザード,digimon,exact_official_string
2166,クラックバイト,digimon,exact_official_string
2167,トロピカルビーク,digimon,exact_official_string
2168,ポイズン・ス・マッシュ,digimon,exact_official_string
2169,逃げ足猛ダッシュ,digimon,exact_official_string
2170,ポーンスピアー,digimon,exact_official_string
2171,ポーンバックラー,digimon,exact_official_string
2172,ピラミッドフォーメーション,digimon,exact_official_string
2173,ビークペッカー,digimon,exact_official_string
2174,フェザースラッシュ,digimon,exact_official_string
2175,無限ビンタ,digimon,exact_official_string
2176,小熊正拳突き,digimon,exact_official_string
2177,アレルギーシャワー,digimon,exact_official_string
2178,ブンブンパンチ,digimon,exact_official_string
2179,ブイモンヘッド,digimon,exact_official_string
2180,ギアスティンガー,digimon,exact_official_string
2181,８８コール（ハチハチコール）,digimon,exact_official_string
2182,ファルコラッシュ,digimon,exact_official_string
2183,エビルスノア,digimon,exact_official_string
2184,ユーカリクロー,digimon,exact_official_string
2185,マジカルファイアー,digimon,exact_official_string
2186,ピコダーツ,digimon,exact_official_string
2187,フィフスラッシュ,digimon,exact_official_string
2188,ティーンラム,digimon,exact_official_string
2189,エアショット,digimon,exact_official_string
2190,ハネビンタ,digimon,exact_official_string
2191,逃げ足ダッシュ,digimon,exact_official_string
2192,たぬきねいり,digimon,exact_official_string
2193,ニセハカセボウ,digimon,exact_official_string
2194,ニセハカセボー,digimon,exact_official_string
2195,ダッシュメタル,digimon,exact_official_string
2196,メタルキャノン,digimon,exact_official_string
2197,ベビーブレス,digimon,exact_official_string
2198,テイルスマッシュ,digimon,exact_official_string
2199,アイオブナイトメア,digimon,exact_official_string
2200,アンデッドファング,digimon,exact_official_string
2201,プチサンダー,digimon,exact_official_string
2202,スピードナイトメア,digimon,exact_official_string
2203,ナイトメアパンデミック,digimon,exact_official_string
2204,フェアリーパウダー,digimon,exact_official_string
2205,ピーターモンシンドローム,digimon,exact_official_string
2206,バッドメッセージ,digimon,exact_official_string
2207,チーズ爆弾（ボム）,digimon,exact_official_string
2208,シャイニーリング,digimon,exact_official_string
2209,トゥエンティダイブ,digimon,exact_official_string
2210,スノーゴブボルト,digimon,exact_official_string
2211,スラッシュフィン,digimon,exact_official_string
2212,ブラインピストル,digimon,exact_official_string
2213,ウォータースクリュー,digimon,exact_official_string
2214,シャーマハンマー,digimon,exact_official_string
2215,ディバインピース,digimon,exact_official_string
2216,プロテクトウェーブ,digimon,exact_official_string
2217,カワフルスパーク,digimon,exact_official_string
2218,ハデハデホーン,digimon,exact_official_string
2219,原色の舞い,digimon,exact_official_string
2220,コロナックル,digimon,exact_official_string
2221,コロナフレイム,digimon,exact_official_string
2222,プチプロミネンス,digimon,exact_official_string
2223,Ｍ１６アサシン,digimon,exact_official_string
2224,ＤＣＤボム,digimon,exact_official_string
2225,ゴブリストライク,digimon,exact_official_string
2226,サンダーコテ,digimon,exact_official_string
2227,ファイヤーメン,digimon,exact_official_string
2228,スクープスマッシュ,digimon,exact_official_string
2229,ビートルラリアット,digimon,exact_official_string
2230,ミスチバスフープ,digimon,exact_official_string
2231,ベビースリング,digimon,exact_official_string
2232,エレクトリックスレッド,digimon,exact_official_string
2233,ボンファイア,digimon,exact_official_string
2234,スパイラルエッジ,digimon,exact_official_string
2235,ポインタ・アロー,digimon,exact_official_string
2236,メットタックル,digimon,exact_official_string
2237,コーラガード,digimon,exact_official_string
2238,ローリングアッパー,digimon,exact_official_string
2239,ダブルバックハンド,digimon,exact_official_string
2240,ガオラッシュ,digimon,exact_official_string
2241,ボイルドバブル,digimon,exact_official_string
2242,ジャミングサンダー,digimon,exact_official_string
2243,スパークリングサンダー,digimon,exact_official_string
2244,フレッシュシュリンプ,digimon,exact_official_string
2245,ホットカツレツ,digimon,exact_official_string
2246,サモン,digimon,exact_official_string
2247,ネメシスアイビー,digimon,exact_official_string
2248,スクラッチビート,digimon,exact_official_string
2249,ローリングストーン,digimon,exact_official_string
2250,ソウルアブソープション,digimon,exact_official_string
2251,イレイズシックル,digimon,exact_official_string
2252,ハカセボウ,digimon,exact_official_string
2253,ハカセボー,digimon,exact_official_string
2254,スマイルファング,digimon,exact_official_string
2255,伸縮性のある泡,digimon,exact_official_string
2256,パインコーン,digimon,exact_official_string
2257,ミサイルクラッシュ,digimon,exact_official_string
2258,ポロロブリーズ,digimon,exact_official_string
2259,殺生石,digimon,exact_official_string
2260,ホットガス,digimon,exact_official_string
2261,チックリット,digimon,exact_official_string
2262,シッポビンタ,digimon,exact_official_string
2263,小さな火炎弾,digimon,exact_official_string
2264,空気の泡,digimon,exact_official_string
2265,シャボンフラワー,digimon,exact_official_string
2266,ピリピリスパーク,digimon,exact_official_string
2267,ドクトゲトゲ,digimon,exact_official_string
2268,毒の泡,digimon,exact_official_string
2269,フォックステイル,digimon,exact_official_string
2270,メタルドロップ,digimon,exact_official_string
2271,ネイルスクラッチ,digimon,exact_official_string
2272,ダブルボブル,digimon,exact_official_string
2273,フォームシャワー,digimon,exact_official_string
2274,ホップアタック,digimon,exact_official_string
2275,ツゥーモ,digimon,exact_official_string
2276,サクサク,digimon,exact_official_string
2277,メタルストロー,digimon,exact_official_string
2278,エンジェルリング,digimon,exact_official_string
2279,しっぽスイング,digimon,exact_official_string
2280,ホットバイト,digimon,exact_official_string
2281,ハウリングヘルツ,digimon,exact_official_string
2282,ショックシャウト,digimon,exact_official_string
2283,変身,digimon,exact_official_string
2284,スモーク,digimon,exact_official_string
2285,バチバチバッチン,digimon,exact_official_string
2286,ヘアミスト,digimon,exact_official_string
2287,フワーフェザー,digimon,exact_official_string
2288,小さな鉄のトゲ,digimon,exact_official_string
2289,エンジェルダスト,digimon,exact_official_string
2290,熱い吐息,digimon,exact_official_string
2291,シャボンの泡,digimon,exact_official_string
2292,パフバルーン,digimon,exact_official_string
2293,シードクラッカー,digimon,exact_official_string
2294,小さな鉄粒,digimon,exact_official_string
2295,ジャミングパウダー,digimon,exact_official_string
2296,熱気を帯びた泡,digimon,exact_official_string
2297,サックリ,digimon,exact_official_string
2298,グレアーアイ,digimon,exact_official_string
2299,ディープサーチ,appmon,exact_official_string
2300,ガッチクロー,appmon,exact_official_string
2301,コネクトライン,appmon,exact_official_string
2302,ノイジーコーリング,appmon,exact_official_string
2303,メールダーツ,appmon,exact_official_string
2304,トラブルポスト,appmon,exact_official_string
2305,ツイボム,appmon,exact_official_string
2306,イイネラッシュ,appmon,exact_official_string
2307,バベルシャベル,appmon,exact_official_string
2308,バベルダマル,appmon,exact_official_string
2309,アドリサーチ,appmon,exact_official_string
2310,アドデリート,appmon,exact_official_string
2311,ポストレビュー,appmon,exact_official_string
2312,最悪の評価,appmon,exact_official_string
2313,クイックセットアップ,appmon,exact_official_string
2314,ピーキーセッティング,appmon,exact_official_string
2315,メッセストリームアタック,appmon,exact_official_string
2316,コトダマレイン,appmon,exact_official_string
2317,イドバタペーパー,appmon,exact_official_string
2318,コッソリワーク,appmon,exact_official_string
2319,ロケットバースト,appmon,exact_official_string
2320,オーバードブースト,appmon,exact_official_string
2321,ナビゲーションアロー,appmon,exact_official_string
2322,ショックアタックマーカー,appmon,exact_official_string
2323,ホーミングインパクト,appmon,exact_official_string
2324,ラプターウィング,appmon,exact_official_string
2325,スイッチングレール,appmon,exact_official_string
2326,トレイルスラム,appmon,exact_official_string
2327,プチプチウェザー,appmon,exact_official_string
2328,グズグズウェザー,appmon,exact_official_string
2329,ぐるぐるパニック,appmon,exact_official_string
2330,スピンディフレクション,appmon,exact_official_string
2331,グランドオープン！,appmon,exact_official_string
2332,スケアリーサービス,appmon,exact_official_string
2333,ゴーガイニュース,appmon,exact_official_string
2334,ショーゲキニュース,appmon,exact_official_string
2335,フィンガーポインター,appmon,exact_official_string
2336,チュートリアライズ,appmon,exact_official_string
2337,ソウルシャウト,appmon,exact_official_string
2338,ジッキョークライシス,appmon,exact_official_string
2339,キリングシャッター,appmon,exact_official_string
2340,スパイフォーカス,appmon,exact_official_string
2341,アブソープインタビュー,appmon,exact_official_string
2342,スラックマイク,appmon,exact_official_string
2343,カウントレーザー,appmon,exact_official_string
2344,ディバイドアーム,appmon,exact_official_string
2345,ダストハント,appmon,exact_official_string
2346,トラッシュボム,appmon,exact_official_string
2347,キャプチャーミラー,appmon,exact_official_string
2348,ミラーズリベンジ,appmon,exact_official_string
2349,ブラインドフラッシュ,appmon,exact_official_string
2350,シャイニングボディ,appmon,exact_official_string
2351,アラームホールド,appmon,exact_official_string
2352,ミニッツスピアー,appmon,exact_official_string
2353,オペレートログ,appmon,exact_official_string
2354,ロストダイアリー,appmon,exact_official_string
2355,スティールプラン,appmon,exact_official_string
2356,ミスティックホリデー,appmon,exact_official_string
2357,ウェーブアタック,appmon,exact_official_string
2358,イージーソナー,appmon,exact_official_string
2359,ジャムジャムペイン,appmon,exact_official_string
2360,スプリーシグナル,appmon,exact_official_string
2361,フレイムウォール,appmon,exact_official_string
2362,オールマイティガード,appmon,exact_official_string
2363,ヴァンキッシュクロー,appmon,exact_official_string
2364,ストレンジハック,appmon,exact_official_string
2365,エレクトリックチャージ,appmon,exact_official_string
2366,クラップスパーク,appmon,exact_official_string
2367,ペコペコハンマー,appmon,exact_official_string
2368,ペコスマッシュ,appmon,exact_official_string
2369,ポコポコブロウ,appmon,exact_official_string
2370,ポコメルタ,appmon,exact_official_string
2371,コピー＆ペースト,appmon,exact_official_string
2372,チープイミテーション,appmon,exact_official_string
2373,セービングバブル,appmon,exact_official_string
2374,スプリットメモリー,appmon,exact_official_string
2375,リアルプロジェクション,appmon,exact_official_string
2376,リカバリーウォール,appmon,exact_official_string
2377,エコロジーグラウンド,appmon,exact_official_string
2378,バッテリドレイン,appmon,exact_official_string
2379,スパイドロイド,appmon,exact_official_string
2380,パニックセントリー,appmon,exact_official_string
2381,シークサークル,appmon,exact_official_string
2382,クリーンシグナル,appmon,exact_official_string
2383,スイッチスパーク,appmon,exact_official_string
2384,ツナゲルリンク,appmon,exact_official_string
2385,スイッチレイジー,appmon,exact_official_string
2386,タチキルリンク,appmon,exact_official_string
2387,ドカドカラッシュ,appmon,exact_official_string
2388,ドッカンパンチ,appmon,exact_official_string
2389,プレッシャーリボルヴ,appmon,exact_official_string
2390,ドローフェイズ,appmon,exact_official_string
2391,ブランクカード,appmon,exact_official_string
2392,ホーリーソード,appmon,exact_official_string
2393,ブレイブシールド,appmon,exact_official_string
2394,ポッピンスリー,appmon,exact_official_string
2395,エレメントミックス,appmon,exact_official_string
2396,アップロックビート,appmon,exact_official_string
2397,クレイジーステップ,appmon,exact_official_string
2398,アクセルドライブ,appmon,exact_official_string
2399,レイジーラビット,appmon,exact_official_string
2400,インクシャワー,appmon,exact_official_string
2401,ペイントメルト,appmon,exact_official_string
2402,フォーチュンテラー,appmon,exact_official_string
2403,スフィアインパクト,appmon,exact_official_string
2404,ミュージックアワー！,appmon,exact_official_string
2405,ハッピープレイリスト,appmon,exact_official_string
2406,テイスティングバイト,appmon,exact_official_string
2407,ペロリンログ,appmon,exact_official_string
2408,チャンネルプレイ,appmon,exact_official_string
2409,ダークモニター,appmon,exact_official_string
2410,ソーイングニードル,appmon,exact_official_string
2411,シャミングステッチ,appmon,exact_official_string
2412,ページサモン,appmon,exact_official_string
2413,センテンスウィップ,appmon,exact_official_string
2414,ガシャガシャポン,appmon,exact_official_string
2415,ドッキリカプセル,appmon,exact_official_string
2416,ラッキースロット,appmon,exact_official_string
2417,トリプルセブン,appmon,exact_official_string
2418,トリッキーハッター,appmon,exact_official_string
2419,グランドイリュージョン,appmon,exact_official_string
2420,シックスシェイク,appmon,exact_official_string
2421,ミラクルロール,appmon,exact_official_string
2422,アストロクッキング,appmon,exact_official_string
2423,ソウルフルコース,appmon,exact_official_string
2424,パープルガスト,appmon,exact_official_string
2425,テンタクルバインド,appmon,exact_official_string
2426,ス～パ～スリ～パ～,appmon,exact_official_string
2427,レイジングアイ,appmon,exact_official_string
2428,マッスルポージング,appmon,exact_official_string
2429,ムキムキスエット,appmon,exact_official_string
2430,ヒーリングバンデージ,appmon,exact_official_string
2431,レスキューキッス,appmon,exact_official_string
2432,ルーレットバンク,appmon,exact_official_string
2433,マニーショック,appmon,exact_official_string
2434,ハイドロジェット,appmon,exact_official_string
2435,癒しの湯,appmon,exact_official_string
2436,バイタルサプリ,appmon,exact_official_string
2437,ミナギルエナジー,appmon,exact_official_string
2438,バイタルリミット              オーバーパワー,appmon,exact_official_string
2439,スペシャルビッド,appmon,exact_official_string
2440,ニューサツスイング,appmon,exact_official_string
2441,セツヤクハート,appmon,exact_official_string
2442,ケチケチハート,appmon,exact_official_string
2443,バーゲンプライス,appmon,exact_official_string
2444,バクガイタイム,appmon,exact_official_string
2445,ビブリオスキャン,appmon,exact_official_string
2446,ヒデングリフ,appmon,exact_official_string
2447,クライストルネード,appmon,exact_official_string
2448,ロギプラズマ,appmon,exact_official_string
2449,スクラッチバン,appmon,exact_official_string
2450,ロガブラスト,appmon,exact_official_string
2451,ディープダイブ,appmon,exact_official_string
2452,ドガッチバスター,appmon,exact_official_string
2453,ソニックスラッシュ,appmon,exact_official_string
2454,メッセシュトロム,appmon,exact_official_string
2455,ヘビーギフト,appmon,exact_official_string
2456,ブレイズスラング,appmon,exact_official_string
2457,ネガティブラスター,appmon,exact_official_string
2458,失敗しちゃった,appmon,exact_official_string
2459,スカナックル,appmon,exact_official_string
2460,トリップゲート,appmon,exact_official_string
2461,ワンダラーファング,appmon,exact_official_string
2462,ディヴァインブレス,appmon,exact_official_string
2463,パニックサンダー,appmon,exact_official_string
2464,クロノスライド,appmon,exact_official_string
2465,クロックフィスト,appmon,exact_official_string
2466,クロックシールド,appmon,exact_official_string
2467,ライアースロート,appmon,exact_official_string
2468,ツインスクリーム,appmon,exact_official_string
2469,デスウォッチ,appmon,exact_official_string
2470,デッドリースナイプ,appmon,exact_official_string
2471,トッカンメイカー,appmon,exact_official_string
2472,ゾーンアーキテクト,appmon,exact_official_string
2473,クラッキングクレイス,appmon,exact_official_string
2474,バラージジャック,appmon,exact_official_string
2475,アブソーブジップ,appmon,exact_official_string
2476,アンフリーズフィスト,appmon,exact_official_string
2477,ステルスケープ,appmon,exact_official_string
2478,カメレオンリック,appmon,exact_official_string
2479,ワープループ,appmon,exact_official_string
2480,スケアリーゲート,appmon,exact_official_string
2481,臥龍扇,appmon,exact_official_string
2482,炎舞の陣,appmon,exact_official_string
2483,ドヒョウフィールド,appmon,exact_official_string
2484,ジェット張手,appmon,exact_official_string
2485,コマンド＝ハイパー,appmon,exact_official_string
2486,クレイジーブレイン,appmon,exact_official_string
2487,怒ツ鬼金剛棍,appmon,exact_official_string
2488,愛の入魂金棒,appmon,exact_official_string
2489,上下上下右右左左XY,appmon,exact_official_string
2490,カミワザコンボ,appmon,exact_official_string
2491,カラーズマザー,appmon,exact_official_string
2492,ペイントドラゴン,appmon,exact_official_string
2493,ラメントフェイト,appmon,exact_official_string
2494,アルカナシールド,appmon,exact_official_string
2495,メタモルコーデ,appmon,exact_official_string
2496,フィッティングアロー,appmon,exact_official_string
2497,バーチャルバース,appmon,exact_official_string
2498,クイーンウィール,appmon,exact_official_string
2499,ビッグゲーム,appmon,exact_official_string
2500,ノンレムパペット,appmon,exact_official_string
2501,ドリームシアター,appmon,exact_official_string
2502,ワンオペレーション,appmon,exact_official_string
2503,ワンダーメディシン,appmon,exact_official_string
2504,スパイラルトリガー,appmon,exact_official_string
2505,マッドネスシリンジ,appmon,exact_official_string
2506,スリフトアンサー,appmon,exact_official_string
2507,オクトパラース,appmon,exact_official_string
2508,バーバルジェイル,appmon,exact_official_string
2509,デビルズコデックス,appmon,exact_official_string
2510,アルティメットサーチ,appmon,exact_official_string
2511,グランツゲイザー,appmon,exact_official_string
2512,シュベルトカッター,appmon,exact_official_string
2513,ゼーレゲヴァルト,appmon,exact_official_string
2514,アルフ＝アイン,appmon,exact_official_string
2515,もうダメだ～,appmon,exact_official_string
2516,ダメダメージ,appmon,exact_official_string
2517,コズミックレイダー,appmon,exact_official_string
2518,レインボーアサルト,appmon,exact_official_string
2519,メテオレイン,appmon,exact_official_string
2520,ギガントエルガー,appmon,exact_official_string
2521,パワーブート,appmon,exact_official_string
2522,ナックルソル,appmon,exact_official_string
2523,シザーズブラック,appmon,exact_official_string
2524,ルーナインパルス,appmon,exact_official_string
2525,イミテーションノイズ,appmon,exact_official_string
2526,クラウンマスク,appmon,exact_official_string
2527,ヴンダーゲネシス,appmon,exact_official_string
2528,セイバーシュトラール,appmon,exact_official_string
2529,デーモンアルム,appmon,exact_official_string
2530,ザータンムント,appmon,exact_official_string
2531,ゴールデンファング,appmon,exact_official_string
2532,フレイムストレート,appmon,exact_official_string
2533,ハッピーファントム,appmon,exact_official_string
2534,ポルテメロス,appmon,exact_official_string
2535,ドクトルメス,appmon,exact_official_string
2536,ナーデルブレイズ,appmon,exact_official_string
2537,ローザフェニクス,appmon,exact_official_string
2538,ヴィーナスロッド,appmon,exact_official_string
2539,ウィングパクト,appmon,exact_official_string
2540,レフィシオール,appmon,exact_official_string
2541,ホライゾンタルフレア,appmon,exact_official_string
2542,エクリプスイレイザー,appmon,exact_official_string
2543,イマジンマール,appmon,exact_official_string
2544,アルティメットアダマス,appmon,exact_official_string
2545,ヘル・カキア,appmon,exact_official_string
2546,メランエクスプロード,appmon,exact_official_string
2547,トライデント・フォール,appmon,exact_official_string
2548,海帝掌打,appmon,exact_official_string
2549,ハロー・ハロー,appmon,exact_official_string
2550,アストラルイラプション,appmon,exact_official_string
2551,コード：オリジン,appmon,exact_official_string
2552,イニシャル・ゼロ,appmon,exact_official_string
2553,スピンシュート,appmon,exact_official_string
2554,みみだまし,appmon,exact_official_string
2555,ボディスピアー,appmon,exact_official_string
2556,断鉄剣（だんてつけん）,appmon,exact_official_string
2557,戸締用心(とじまりようじん),appmon,exact_official_string
