move_id,name_ja,gameplay_origin,power,accuracy,pp,category,battle_affinity,effect,priority,target,runtime_status
1,ランページバレット,project_generated_gameplay_v0_noncanonical,70,100,15,special,neutral_v0,hit,0,selected,playtest_parameter_ready
2,アネスシージアゲイズ,project_generated_gameplay_v0_noncanonical,70,100,15,physical,neutral_v0,hit,0,selected,playtest_parameter_ready
3,ドゥームバスター,project_generated_gameplay_v0_noncanonical,70,100,15,physical,neutral_v0,hit,0,selected,playtest_parameter_ready
4,ディキャピテイトクロウ,project_generated_gameplay_v0_noncanonical,70,100,15,special,neutral_v0,hit,0,selected,playtest_parameter_ready
5,ソウルパラヴライザー,project_generated_gameplay_v0_noncanonical,70,100,15,special,neutral_v0,hit,0,selected,playtest_parameter_ready
6,レストリクトアイ,project_generated_gameplay_v0_noncanonical,70,100,15,special,neutral_v0,hit,0,selected,playtest_parameter_ready
7,羽々斬（はばきり）,project_generated_gameplay_v0_noncanonical,70,100,15,special,neutral_v0,hit,0,selected,playtest_parameter_ready
8,麁正（あらまさ）,project_generated_gameplay_v0_noncanonical,70,100,15,physical,neutral_v0,hit,0,selected,playtest_parameter_ready
9,ペネトレイトブロウ,project_generated_gameplay_v0_noncanonical,70,100,15,physical,neutral_v0,hit,0,selected,playtest_parameter_ready
10,マーダライズラッシュ,project_generated_gameplay_v0_noncanonical,70,100,15,special,neutral_v0,hit,0,selected,playtest_parameter_ready
11,ベアダウンスピニングキック,project_generated_gameplay_v0_noncanonical,70,100,15,special,neutral_v0,hit,0,selected,playtest_parameter_ready
12,氷骸礫(ひょうがいれき),project_generated_gameplay_v0_noncanonical,70,100,15,special,neutral_v0,hit,0,selected,playtest_parameter_ready
13,轟蹄崩(ごうていほう),project_generated_gameplay_v0_noncanonical,70,100,15,special,neutral_v0,hit,0,selected,playtest_parameter_ready
14,凍烈檮牙(とうれつとうが),project_generated_gameplay_v0_noncanonical,70,100,15,special,neutral_v0,hit,0,selected,playtest_parameter_ready
15,トライアンギュレーションスキャン,project_generated_gameplay_v0_noncanonical,70,100,15,special,neutral_v0,hit,0,selected,playtest_parameter_ready
16,デスペアブラスト,project_generated_gameplay_v0_noncanonical,70,100,15,physical,neutral_v0,hit,0,selected,playtest_parameter_ready
17,エリミネイトレイン,project_generated_gameplay_v0_noncanonical,70,100,15,physical,neutral_v0,hit,0,selected,playtest_parameter_ready
18,サイレントスクリーム,project_generated_gameplay_v0_noncanonical,70,100,15,physical,neutral_v0,hit,0,selected,playtest_parameter_ready
19,アナイアレイトエッジ,project_generated_gameplay_v0_noncanonical,70,100,15,physical,neutral_v0,hit,0,selected,playtest_parameter_ready
20,モナークオーディナンス,project_generated_gameplay_v0_noncanonical,70,100,15,physical,neutral_v0,hit,0,selected,playtest_parameter_ready
21,ファイナルジャッジメント,project_generated_gameplay_v0_noncanonical,70,100,15,special,neutral_v0,hit,0,selected,playtest_parameter_ready
22,アロー・オブ・ウィスパード,project_generated_gameplay_v0_noncanonical,70,100,15,physical,neutral_v0,hit,0,selected,playtest_parameter_ready
23,サン・オブ・ソローズ,project_generated_gameplay_v0_noncanonical,70,100,15,physical,neutral_v0,hit,0,selected,playtest_parameter_ready
24,ウォジェット,project_generated_gameplay_v0_noncanonical,70,100,15,physical,neutral_v0,hit,0,selected,playtest_parameter_ready
25,ライドライト,project_generated_gameplay_v0_noncanonical,70,100,15,special,neutral_v0,hit,0,selected,playtest_parameter_ready
26,ソード・オブ・メテオ,project_generated_gameplay_v0_noncanonical,70,100,15,physical,neutral_v0,hit,0,selected,playtest_parameter_ready
27,インフィニティソードレイン,project_generated_gameplay_v0_noncanonical,70,100,15,physical,neutral_v0,hit,0,selected,playtest_parameter_ready
28,マルクトクリスタル,project_generated_gameplay_v0_noncanonical,70,100,15,special,neutral_v0,hit,0,selected,playtest_parameter_ready
29,レインボーハンド,project_generated_gameplay_v0_noncanonical,70,100,15,physical,neutral_v0,hit,0,selected,playtest_parameter_ready
30,ソードマスカレード,project_generated_gameplay_v0_noncanonical,70,100,15,special,neutral_v0,hit,0,selected,playtest_parameter_ready
31,スペースチャクラム,project_generated_gameplay_v0_noncanonical,70,100,15,special,neutral_v0,hit,0,selected,playtest_parameter_ready
32,ヘリオスラッシャー,project_generated_gameplay_v0_noncanonical,70,100,15,special,neutral_v0,hit,0,selected,playtest_parameter_ready
33,コズモビクトリー,project_generated_gameplay_v0_noncanonical,70,100,15,physical,neutral_v0,hit,0,selected,playtest_parameter_ready
34,フローズンガスト,project_generated_gameplay_v0_noncanonical,70,100,15,physical,neutral_v0,hit,0,selected,playtest_parameter_ready
35,ブレイジングガスト,project_generated_gameplay_v0_noncanonical,70,100,15,special,neutral_v0,hit,0,selected,playtest_parameter_ready
36,レーヴァテイン,project_generated_gameplay_v0_noncanonical,70,100,15,physical,neutral_v0,hit,0,selected,playtest_parameter_ready
37,ブレイズファイアー,project_generated_gameplay_v0_noncanonical,70,100,15,special,neutral_v0,hit,0,selected,playtest_parameter_ready
38,クロスレッド＆ブルー,project_generated_gameplay_v0_noncanonical,70,100,15,physical,neutral_v0,hit,0,selected,playtest_parameter_ready
39,ビクトリーブレイブ,project_generated_gameplay_v0_noncanonical,70,100,15,special,neutral_v0,hit,0,selected,playtest_parameter_ready
40,アシッドタイフーン,project_generated_gameplay_v0_noncanonical,70,100,15,special,neutral_v0,hit,0,selected,playtest_parameter_ready
41,ビリオンスタブ,project_generated_gameplay_v0_noncanonical,70,100,15,physical,neutral_v0,hit,0,selected,playtest_parameter_ready
42,ワイルドバーニング,project_generated_gameplay_v0_noncanonical,70,100,15,physical,neutral_v0,hit,0,selected,playtest_parameter_ready
43,ブリリアンスダガー,project_generated_gameplay_v0_noncanonical,70,100,15,physical,neutral_v0,hit,0,selected,playtest_parameter_ready
44,ブレス・オブ・ペルーン,project_generated_gameplay_v0_noncanonical,70,100,15,physical,neutral_v0,hit,0,selected,playtest_parameter_ready
45,トマホークストライク,project_generated_gameplay_v0_noncanonical,70,100,15,special,neutral_v0,hit,0,selected,playtest_parameter_ready
46,トライカーヴレイン,project_generated_gameplay_v0_noncanonical,70,100,15,physical,neutral_v0,hit,0,selected,playtest_parameter_ready
47,トリニティライトニング,project_generated_gameplay_v0_noncanonical,70,100,15,special,neutral_v0,hit,0,selected,playtest_parameter_ready
48,魔縁斬蹴撃（まえんざんしゅうげき）,project_generated_gameplay_v0_noncanonical,70,100,15,special,neutral_v0,hit,0,selected,playtest_parameter_ready
49,尊天大烈風（そんてんだいれっぷう）,project_generated_gameplay_v0_noncanonical,70,100,15,physical,neutral_v0,hit,0,selected,playtest_parameter_ready
50,厳之御魂（いづのみたま）,project_generated_gameplay_v0_noncanonical,70,100,15,special,neutral_v0,hit,0,selected,playtest_parameter_ready
51,六合照徹閃（りくごうしょうてつせん）,project_generated_gameplay_v0_noncanonical,70,100,15,special,neutral_v0,hit,0,selected,playtest_parameter_ready
52,浄玻璃鏡(じょうはりのかがみ),project_generated_gameplay_v0_noncanonical,70,100,15,physical,neutral_v0,hit,0,selected,playtest_parameter_ready
53,閻羅王降誕（えんらおうごうたん）,project_generated_gameplay_v0_noncanonical,70,100,15,special,neutral_v0,hit,0,selected,playtest_parameter_ready
54,火眼金睛（かがんきんせい）,project_generated_gameplay_v0_noncanonical,70,100,15,special,neutral_v0,hit,0,selected,playtest_parameter_ready
55,八戒炎天撃（はっかいえんてんげき）,project_generated_gameplay_v0_noncanonical,70,100,15,special,neutral_v0,hit,0,selected,playtest_parameter_ready
56,悟浄水天葬（ごじょうすいてんそう）,project_generated_gameplay_v0_noncanonical,70,100,15,special,neutral_v0,hit,0,selected,playtest_parameter_ready
57,超大聖雷天砲（ちょうたいせいらいてんほう）,project_generated_gameplay_v0_noncanonical,70,100,15,special,neutral_v0,hit,0,selected,playtest_parameter_ready
58,エスカトン,project_generated_gameplay_v0_noncanonical,70,100,15,special,neutral_v0,hit,0,selected,playtest_parameter_ready
59,プロフェットオブエリヤ,project_generated_gameplay_v0_noncanonical,70,100,15,physical,neutral_v0,hit,0,selected,playtest_parameter_ready
60,ジェイルマオン,project_generated_gameplay_v0_noncanonical,70,100,15,physical,neutral_v0,hit,0,selected,playtest_parameter_ready
61,ブルータルヘイロウ,project_generated_gameplay_v0_noncanonical,70,100,15,physical,neutral_v0,hit,0,selected,playtest_parameter_ready
62,光爪神楽（こうそうかぐら）,project_generated_gameplay_v0_noncanonical,70,100,15,physical,neutral_v0,hit,0,selected,playtest_parameter_ready
63,魔祓灼光（まふつのしゃっこう）,project_generated_gameplay_v0_noncanonical,70,100,15,physical,neutral_v0,hit,0,selected,playtest_parameter_ready
64,猛進火達磨（もうしんひだるま）,project_generated_gameplay_v0_noncanonical,70,100,15,special,neutral_v0,hit,0,selected,playtest_parameter_ready
65,断災達磨落とし（だんさいだるまおとし）,project_generated_gameplay_v0_noncanonical,70,100,15,special,neutral_v0,hit,0,selected,playtest_parameter_ready
66,クリスタルキャノン,project_generated_gameplay_v0_noncanonical,70,100,15,physical,neutral_v0,hit,0,selected,playtest_parameter_ready
67,ハンマーストライク,project_generated_gameplay_v0_noncanonical,70,100,15,special,neutral_v0,hit,0,selected,playtest_parameter_ready
68,ノーホープフォール,project_generated_gameplay_v0_noncanonical,70,100,15,physical,neutral_v0,hit,0,selected,playtest_parameter_ready
69,クリスタルレイン,project_generated_gameplay_v0_noncanonical,70,100,15,special,neutral_v0,hit,0,selected,playtest_parameter_ready
70,フィンガーボム,project_generated_gameplay_v0_noncanonical,70,100,15,special,neutral_v0,hit,0,selected,playtest_parameter_ready
71,ホーリーフレア,project_generated_gameplay_v0_noncanonical,70,100,15,special,neutral_v0,hit,0,selected,playtest_parameter_ready
72,クロノデヴォリューション,project_generated_gameplay_v0_noncanonical,70,100,15,physical,neutral_v0,hit,0,selected,playtest_parameter_ready
73,クロノスクロップ,project_generated_gameplay_v0_noncanonical,70,100,15,physical,neutral_v0,hit,0,selected,playtest_parameter_ready
74,日輪の舞,project_generated_gameplay_v0_noncanonical,70,100,15,special,neutral_v0,hit,0,selected,playtest_parameter_ready
75,暁光一閃,project_generated_gameplay_v0_noncanonical,70,100,15,physical,neutral_v0,hit,0,selected,playtest_parameter_ready
76,ツバメ二枚返し,project_generated_gameplay_v0_noncanonical,70,100,15,physical,neutral_v0,hit,0,selected,playtest_parameter_ready
77,秘剣・飛鳥落とし,project_generated_gameplay_v0_noncanonical,70,100,15,special,neutral_v0,hit,0,selected,playtest_parameter_ready
78,唐竹割り,project_generated_gameplay_v0_noncanonical,70,100,15,special,neutral_v0,hit,0,selected,playtest_parameter_ready
79,秘剣ピヨピヨ斬り,project_generated_gameplay_v0_noncanonical,70,100,15,physical,neutral_v0,hit,0,selected,playtest_parameter_ready
80,ピヨピヨ,project_generated_gameplay_v0_noncanonical,70,100,15,special,neutral_v0,hit,0,selected,playtest_parameter_ready
81,ハザードホールド,project_generated_gameplay_v0_noncanonical,70,100,15,special,neutral_v0,hit,0,selected,playtest_parameter_ready
82,ヘルズスライス,project_generated_gameplay_v0_noncanonical,70,100,15,special,neutral_v0,hit,0,selected,playtest_parameter_ready
83,マリオネットアボミネーション,project_generated_gameplay_v0_noncanonical,70,100,15,special,neutral_v0,hit,0,selected,playtest_parameter_ready
84,小判振舞い,project_generated_gameplay_v0_noncanonical,70,100,15,special,neutral_v0,hit,0,selected,playtest_parameter_ready
85,招敵来来拳（しょうてきらいらいけん）,project_generated_gameplay_v0_noncanonical,70,100,15,special,neutral_v0,hit,0,selected,playtest_parameter_ready
86,劈龍爪（へきりゅうそう）,project_generated_gameplay_v0_noncanonical,70,100,15,physical,neutral_v0,hit,0,selected,playtest_parameter_ready
87,焔明珠（えんめいしゅ）,project_generated_gameplay_v0_noncanonical,70,100,15,special,neutral_v0,hit,0,selected,playtest_parameter_ready
88,豪狛毬（ごうはくきゅう）,project_generated_gameplay_v0_noncanonical,70,100,15,special,neutral_v0,hit,0,selected,playtest_parameter_ready
89,石土之体（いしづちのてい）,project_generated_gameplay_v0_noncanonical,70,100,15,physical,neutral_v0,hit,0,selected,playtest_parameter_ready
90,編笠スピン斬り,project_generated_gameplay_v0_noncanonical,70,100,15,physical,neutral_v0,hit,0,selected,playtest_parameter_ready
91,粘溶液（ねんようえき）,project_generated_gameplay_v0_noncanonical,70,100,15,special,neutral_v0,hit,0,selected,playtest_parameter_ready
92,猛冲角（もうちゅうかく）,project_generated_gameplay_v0_noncanonical,70,100,15,physical,neutral_v0,hit,0,selected,playtest_parameter_ready
93,岩衝弾（がんしょうだん）,project_generated_gameplay_v0_noncanonical,70,100,15,physical,neutral_v0,hit,0,selected,playtest_parameter_ready
94,泿水弾（ぎんすいだん）,project_generated_gameplay_v0_noncanonical,70,100,15,special,neutral_v0,hit,0,selected,playtest_parameter_ready
95,蛟牙（こうが）,project_generated_gameplay_v0_noncanonical,70,100,15,special,neutral_v0,hit,0,selected,playtest_parameter_ready
96,猿攻回転弾（えんこうかいてんだん）,project_generated_gameplay_v0_noncanonical,70,100,15,physical,neutral_v0,hit,0,selected,playtest_parameter_ready
97,金絲吼（きんしこう）,project_generated_gameplay_v0_noncanonical,70,100,15,special,neutral_v0,hit,0,selected,playtest_parameter_ready
98,ニュートロンレイザー,project_generated_gameplay_v0_noncanonical,70,100,15,physical,neutral_v0,hit,0,selected,playtest_parameter_ready
99,ニュートロンデフューザー,project_generated_gameplay_v0_noncanonical,70,100,15,physical,neutral_v0,hit,0,selected,playtest_parameter_ready
100,ニュートロンブレイド,project_generated_gameplay_v0_noncanonical,70,100,15,special,neutral_v0,hit,0,selected,playtest_parameter_ready
101,デスロールプレス,project_generated_gameplay_v0_noncanonical,70,100,15,special,neutral_v0,hit,0,selected,playtest_parameter_ready
102,燐火（りんか）,project_generated_gameplay_v0_noncanonical,70,100,15,physical,neutral_v0,hit,0,selected,playtest_parameter_ready
103,ヒノタマ,project_generated_gameplay_v0_noncanonical,70,100,15,physical,neutral_v0,hit,0,selected,playtest_parameter_ready
104,黏雲（ねんうん）,project_generated_gameplay_v0_noncanonical,70,100,15,special,neutral_v0,hit,0,selected,playtest_parameter_ready
105,呼雲（こうん）,project_generated_gameplay_v0_noncanonical,70,100,15,physical,neutral_v0,hit,0,selected,playtest_parameter_ready
106,アブソーベント・バン,project_generated_gameplay_v0_noncanonical,70,100,15,special,neutral_v0,hit,0,selected,playtest_parameter_ready
107,エンドレストランス,project_generated_gameplay_v0_noncanonical,70,100,15,special,neutral_v0,hit,0,selected,playtest_parameter_ready
108,プロビデンススキャン,project_generated_gameplay_v0_noncanonical,70,100,15,physical,neutral_v0,hit,0,selected,playtest_parameter_ready
109,シャドウアーツ,project_generated_gameplay_v0_noncanonical,70,100,15,physical,neutral_v0,hit,0,selected,playtest_parameter_ready
110,ジャイアントラング,project_generated_gameplay_v0_noncanonical,70,100,15,special,neutral_v0,hit,0,selected,playtest_parameter_ready
111,メズマバースト,project_generated_gameplay_v0_noncanonical,70,100,15,physical,neutral_v0,hit,0,selected,playtest_parameter_ready
112,クリムゾンクレスト,project_generated_gameplay_v0_noncanonical,70,100,15,special,neutral_v0,hit,0,selected,playtest_parameter_ready
113,ドレッドノートスタンピード,project_generated_gameplay_v0_noncanonical,70,100,15,special,neutral_v0,hit,0,selected,playtest_parameter_ready
114,九淵貪角(きゅうえんどんかく),project_generated_gameplay_v0_noncanonical,70,100,15,special,neutral_v0,hit,0,selected,playtest_parameter_ready
115,穢吐餓(えとが),project_generated_gameplay_v0_noncanonical,70,100,15,physical,neutral_v0,hit,0,selected,playtest_parameter_ready
116,饕飢爆（とうきばく）,project_generated_gameplay_v0_noncanonical,70,100,15,special,neutral_v0,hit,0,selected,playtest_parameter_ready
117,ルースレスチャージ,project_generated_gameplay_v0_noncanonical,70,100,15,special,neutral_v0,hit,0,selected,playtest_parameter_ready
118,ディスレンジホーン,project_generated_gameplay_v0_noncanonical,70,100,15,special,neutral_v0,hit,0,selected,playtest_parameter_ready
119,ヴェインアンサー,project_generated_gameplay_v0_noncanonical,70,100,15,physical,neutral_v0,hit,0,selected,playtest_parameter_ready
120,アイアンヘイロウ,project_generated_gameplay_v0_noncanonical,70,100,15,physical,neutral_v0,hit,0,selected,playtest_parameter_ready
121,アイズオブエノク,project_generated_gameplay_v0_noncanonical,70,100,15,physical,neutral_v0,hit,0,selected,playtest_parameter_ready
122,メタトロニオス,project_generated_gameplay_v0_noncanonical,70,100,15,special,neutral_v0,hit,0,selected,playtest_parameter_ready
123,闘魂爪（とうこんそう）,project_generated_gameplay_v0_noncanonical,70,100,15,special,neutral_v0,hit,0,selected,playtest_parameter_ready
124,爆霧（ばくぎり）,project_generated_gameplay_v0_noncanonical,70,100,15,special,neutral_v0,hit,0,selected,playtest_parameter_ready
125,GGS（ジージーエス）,project_generated_gameplay_v0_noncanonical,70,100,15,physical,neutral_v0,hit,0,selected,playtest_parameter_ready
126,千塵鬼神斬（せんじんきしんざん）,project_generated_gameplay_v0_noncanonical,70,100,15,physical,neutral_v0,hit,0,selected,playtest_parameter_ready
127,ルースレスファング,project_generated_gameplay_v0_noncanonical,70,100,15,special,neutral_v0,hit,0,selected,playtest_parameter_ready
128,ルースレスクロー,project_generated_gameplay_v0_noncanonical,70,100,15,special,neutral_v0,hit,0,selected,playtest_parameter_ready
129,ラースロア,project_generated_gameplay_v0_noncanonical,70,100,15,physical,neutral_v0,hit,0,selected,playtest_parameter_ready
130,ツェッペリンサーカス,project_generated_gameplay_v0_noncanonical,70,100,15,special,neutral_v0,hit,0,selected,playtest_parameter_ready
131,デアデビルブレイク,project_generated_gameplay_v0_noncanonical,70,100,15,special,neutral_v0,hit,0,selected,playtest_parameter_ready
132,カーズバイト,project_generated_gameplay_v0_noncanonical,70,100,15,physical,neutral_v0,hit,0,selected,playtest_parameter_ready
133,リリースハウリング,project_generated_gameplay_v0_noncanonical,70,100,15,special,neutral_v0,hit,0,selected,playtest_parameter_ready
134,豪ノ斬・叢時雨（ごうのざん・むらしぐれ）,project_generated_gameplay_v0_noncanonical,70,100,15,special,neutral_v0,hit,0,selected,playtest_parameter_ready
135,柔ノ斬・月時雨（じゅうのざん・つきしぐれ）,project_generated_gameplay_v0_noncanonical,70,100,15,special,neutral_v0,hit,0,selected,playtest_parameter_ready
136,終ノ斬・哭雨（ついのざん・こくう）,project_generated_gameplay_v0_noncanonical,70,100,15,physical,neutral_v0,hit,0,selected,playtest_parameter_ready
137,ラピッドバースト,project_generated_gameplay_v0_noncanonical,70,100,15,physical,neutral_v0,hit,0,selected,playtest_parameter_ready
138,スキャッターロケット,project_generated_gameplay_v0_noncanonical,70,100,15,special,neutral_v0,hit,0,selected,playtest_parameter_ready
139,バージャースラッシュ,project_generated_gameplay_v0_noncanonical,70,100,15,physical,neutral_v0,hit,0,selected,playtest_parameter_ready
140,トムボーイブレイズ,project_generated_gameplay_v0_noncanonical,70,100,15,physical,neutral_v0,hit,0,selected,playtest_parameter_ready
141,パラライズエコー,project_generated_gameplay_v0_noncanonical,70,100,15,special,neutral_v0,hit,0,selected,playtest_parameter_ready
142,アナライズエコー,project_generated_gameplay_v0_noncanonical,70,100,15,physical,neutral_v0,hit,0,selected,playtest_parameter_ready
143,キュリアスアイズ,project_generated_gameplay_v0_noncanonical,70,100,15,physical,neutral_v0,hit,0,selected,playtest_parameter_ready
144,コンデンスドエコー,project_generated_gameplay_v0_noncanonical,70,100,15,special,neutral_v0,hit,0,selected,playtest_parameter_ready
145,プリショット,project_generated_gameplay_v0_noncanonical,70,100,15,special,neutral_v0,hit,0,selected,playtest_parameter_ready
146,スタブクロー,project_generated_gameplay_v0_noncanonical,70,100,15,physical,neutral_v0,hit,0,selected,playtest_parameter_ready
147,テイルスラップ,project_generated_gameplay_v0_noncanonical,70,100,15,physical,neutral_v0,hit,0,selected,playtest_parameter_ready
148,ベルシラックエッジ,project_generated_gameplay_v0_noncanonical,70,100,15,special,neutral_v0,hit,0,selected,playtest_parameter_ready
149,スリーピーホロウ,project_generated_gameplay_v0_noncanonical,70,100,15,physical,neutral_v0,hit,0,selected,playtest_parameter_ready
150,スマッシュビート,project_generated_gameplay_v0_noncanonical,70,100,15,physical,neutral_v0,hit,0,selected,playtest_parameter_ready
151,ブレイクスロー,project_generated_gameplay_v0_noncanonical,70,100,15,special,neutral_v0,hit,0,selected,playtest_parameter_ready
152,スイングタックル,project_generated_gameplay_v0_noncanonical,70,100,15,special,neutral_v0,hit,0,selected,playtest_parameter_ready
153,ビートリック,project_generated_gameplay_v0_noncanonical,70,100,15,special,neutral_v0,hit,0,selected,playtest_parameter_ready
154,粘着性の泡,project_generated_gameplay_v0_noncanonical,70,100,15,special,neutral_v0,hit,0,selected,playtest_parameter_ready
155,ストーンレールガン,project_generated_gameplay_v0_noncanonical,70,100,15,physical,neutral_v0,hit,0,selected,playtest_parameter_ready
156,エレクトリックコンプレッション,project_generated_gameplay_v0_noncanonical,70,100,15,special,neutral_v0,hit,0,selected,playtest_parameter_ready
157,マグネティックテンペスト,project_generated_gameplay_v0_noncanonical,70,100,15,physical,neutral_v0,hit,0,selected,playtest_parameter_ready
158,ブルータルエアロバティック,project_generated_gameplay_v0_noncanonical,70,100,15,physical,neutral_v0,hit,0,selected,playtest_parameter_ready
159,フォルゴーレ,project_generated_gameplay_v0_noncanonical,70,100,15,special,neutral_v0,hit,0,selected,playtest_parameter_ready
160,ブルータルホイール,project_generated_gameplay_v0_noncanonical,70,100,15,special,neutral_v0,hit,0,selected,playtest_parameter_ready
161,クラッシュギアスピン,project_generated_gameplay_v0_noncanonical,70,100,15,physical,neutral_v0,hit,0,selected,playtest_parameter_ready
162,グラビトンネコキック,project_generated_gameplay_v0_noncanonical,70,100,15,physical,neutral_v0,hit,0,selected,playtest_parameter_ready
163,カラバスペシャル,project_generated_gameplay_v0_noncanonical,70,100,15,special,neutral_v0,hit,0,selected,playtest_parameter_ready
164,秘剣キャット・ザ・ナインライブス,project_generated_gameplay_v0_noncanonical,70,100,15,special,neutral_v0,hit,0,selected,playtest_parameter_ready
165,斬空(ざんくう),project_generated_gameplay_v0_noncanonical,70,100,15,physical,neutral_v0,hit,0,selected,playtest_parameter_ready
166,刃羽颪(じんばおろし),project_generated_gameplay_v0_noncanonical,70,100,15,physical,neutral_v0,hit,0,selected,playtest_parameter_ready
167,窮牙嵐断襲(きゅうがらんだんしゅう),project_generated_gameplay_v0_noncanonical,70,100,15,special,neutral_v0,hit,0,selected,playtest_parameter_ready
168,絡縛藻紐（らくばくそうちゅう）,project_generated_gameplay_v0_noncanonical,70,100,15,physical,neutral_v0,hit,0,selected,playtest_parameter_ready
169,波濤深槍（はとうしんそう）,project_generated_gameplay_v0_noncanonical,70,100,15,physical,neutral_v0,hit,0,selected,playtest_parameter_ready
170,浄流海癒（じょうりゅうかいゆ）,project_generated_gameplay_v0_noncanonical,70,100,15,special,neutral_v0,hit,0,selected,playtest_parameter_ready
171,サンダージャベリン,project_generated_gameplay_v0_noncanonical,70,100,15,special,neutral_v0,hit,0,selected,playtest_parameter_ready
172,デッドロール,project_generated_gameplay_v0_noncanonical,70,100,15,physical,neutral_v0,hit,0,selected,playtest_parameter_ready
173,一斉砲撃,project_generated_gameplay_v0_noncanonical,70,100,15,physical,neutral_v0,hit,0,selected,playtest_parameter_ready
174,プルトダモン,project_generated_gameplay_v0_noncanonical,70,100,15,physical,neutral_v0,hit,0,selected,playtest_parameter_ready
175,ファングチャージ,project_generated_gameplay_v0_noncanonical,70,100,15,special,neutral_v0,hit,0,selected,playtest_parameter_ready
176,武獲物語（たけとりものがたり）,project_generated_gameplay_v0_noncanonical,70,100,15,physical,neutral_v0,hit,0,selected,playtest_parameter_ready
177,月夜之迎（つきよのむかえ）,project_generated_gameplay_v0_noncanonical,70,100,15,physical,neutral_v0,hit,0,selected,playtest_parameter_ready
178,骸繰艶舞・鉢かづき,project_generated_gameplay_v0_noncanonical,70,100,15,special,neutral_v0,hit,0,selected,playtest_parameter_ready
179,初瀬のおもてなし,project_generated_gameplay_v0_noncanonical,70,100,15,physical,neutral_v0,hit,0,selected,playtest_parameter_ready
180,ダンマクエンジュ,project_generated_gameplay_v0_noncanonical,70,100,15,physical,neutral_v0,hit,0,selected,playtest_parameter_ready
181,キデコノイスクミ,project_generated_gameplay_v0_noncanonical,70,100,15,special,neutral_v0,hit,0,selected,playtest_parameter_ready
182,ハニワフラッシュ,project_generated_gameplay_v0_noncanonical,70,100,15,physical,neutral_v0,hit,0,selected,playtest_parameter_ready
183,コフンタックル,project_generated_gameplay_v0_noncanonical,70,100,15,physical,neutral_v0,hit,0,selected,playtest_parameter_ready
184,アイアンインヘイラー,project_generated_gameplay_v0_noncanonical,70,100,15,special,neutral_v0,hit,0,selected,playtest_parameter_ready
185,トライエアボッツ,project_generated_gameplay_v0_noncanonical,70,100,15,special,neutral_v0,hit,0,selected,playtest_parameter_ready
186,アイアンギャロップ,project_generated_gameplay_v0_noncanonical,70,100,15,special,neutral_v0,hit,0,selected,playtest_parameter_ready
187,ロデオミサイル,project_generated_gameplay_v0_noncanonical,70,100,15,physical,neutral_v0,hit,0,selected,playtest_parameter_ready
188,ツインバブル,project_generated_gameplay_v0_noncanonical,70,100,15,physical,neutral_v0,hit,0,selected,playtest_parameter_ready
189,斬砍双刃撃,project_generated_gameplay_v0_noncanonical,70,100,15,physical,neutral_v0,hit,0,selected,playtest_parameter_ready
190,封神六蓮華,project_generated_gameplay_v0_noncanonical,70,100,15,physical,neutral_v0,hit,0,selected,playtest_parameter_ready
191,浪濤扇（ろうとうせん）,project_generated_gameplay_v0_noncanonical,70,100,15,special,neutral_v0,hit,0,selected,playtest_parameter_ready
192,鹹海炸滄陣（かんかいさくそうじん）,project_generated_gameplay_v0_noncanonical,70,100,15,physical,neutral_v0,hit,0,selected,playtest_parameter_ready
193,蒼纏龍神牙（そうてんりゅうじんが）,project_generated_gameplay_v0_noncanonical,70,100,15,physical,neutral_v0,hit,0,selected,playtest_parameter_ready
194,バイティングブート,project_generated_gameplay_v0_noncanonical,70,100,15,special,neutral_v0,hit,0,selected,playtest_parameter_ready
195,アイズオブゴルゴーン,project_generated_gameplay_v0_noncanonical,70,100,15,physical,neutral_v0,hit,0,selected,playtest_parameter_ready
196,レイジングサーペンタイン,project_generated_gameplay_v0_noncanonical,70,100,15,physical,neutral_v0,hit,0,selected,playtest_parameter_ready
197,ヴェノブレラ,project_generated_gameplay_v0_noncanonical,70,100,15,physical,neutral_v0,hit,0,selected,playtest_parameter_ready
198,スプラッシュトキシン,project_generated_gameplay_v0_noncanonical,70,100,15,physical,neutral_v0,hit,0,selected,playtest_parameter_ready
199,ソウルストライカー,project_generated_gameplay_v0_noncanonical,70,100,15,special,neutral_v0,hit,0,selected,playtest_parameter_ready
200,アパリションレギオン,project_generated_gameplay_v0_noncanonical,70,100,15,physical,neutral_v0,hit,0,selected,playtest_parameter_ready
201,墜月衝（ついげつしょう）,project_generated_gameplay_v0_noncanonical,70,100,15,physical,neutral_v0,hit,0,selected,playtest_parameter_ready
202,蛾眉截波（がびせっぱ）,project_generated_gameplay_v0_noncanonical,70,100,15,special,neutral_v0,hit,0,selected,playtest_parameter_ready
203,太陰皓光（たいいんこうこう）,project_generated_gameplay_v0_noncanonical,70,100,15,special,neutral_v0,hit,0,selected,playtest_parameter_ready
204,ゾフルカーブース,project_generated_gameplay_v0_noncanonical,70,100,15,special,neutral_v0,hit,0,selected,playtest_parameter_ready
205,アペシュイカーブ,project_generated_gameplay_v0_noncanonical,70,100,15,special,neutral_v0,hit,0,selected,playtest_parameter_ready
206,ラアナハムシーン,project_generated_gameplay_v0_noncanonical,70,100,15,special,neutral_v0,hit,0,selected,playtest_parameter_ready
207,トリコンビットデモリッシャー,project_generated_gameplay_v0_noncanonical,70,100,15,physical,neutral_v0,hit,0,selected,playtest_parameter_ready
208,ドリルエミッション,project_generated_gameplay_v0_noncanonical,70,100,15,physical,neutral_v0,hit,0,selected,playtest_parameter_ready
209,グラウンドスパイク,project_generated_gameplay_v0_noncanonical,70,100,15,physical,neutral_v0,hit,0,selected,playtest_parameter_ready
210,デザートアビス,project_generated_gameplay_v0_noncanonical,70,100,15,special,neutral_v0,hit,0,selected,playtest_parameter_ready
211,インビジブルカッター,project_generated_gameplay_v0_noncanonical,70,100,15,special,neutral_v0,hit,0,selected,playtest_parameter_ready
212,スーパーロケットフィスト,project_generated_gameplay_v0_noncanonical,70,100,15,physical,neutral_v0,hit,0,selected,playtest_parameter_ready
213,アルティメットブレーザー,project_generated_gameplay_v0_noncanonical,70,100,15,special,neutral_v0,hit,0,selected,playtest_parameter_ready
214,ウェイストアブダクション,project_generated_gameplay_v0_noncanonical,70,100,15,physical,neutral_v0,hit,0,selected,playtest_parameter_ready
215,アナイデントファイド・エアリアル・フェノメノン,project_generated_gameplay_v0_noncanonical,70,100,15,special,neutral_v0,hit,0,selected,playtest_parameter_ready
216,ルミナスヒート,project_generated_gameplay_v0_noncanonical,70,100,15,special,neutral_v0,hit,0,selected,playtest_parameter_ready
217,セイリングスピン,project_generated_gameplay_v0_noncanonical,70,100,15,special,neutral_v0,hit,0,selected,playtest_parameter_ready
218,儀来四海招（にらいしかいしょう）,project_generated_gameplay_v0_noncanonical,70,100,15,special,neutral_v0,hit,0,selected,playtest_parameter_ready
219,海神之祓（わだつみのはらえ）,project_generated_gameplay_v0_noncanonical,70,100,15,special,neutral_v0,hit,0,selected,playtest_parameter_ready
220,ケルティックバインド,project_generated_gameplay_v0_noncanonical,70,100,15,physical,neutral_v0,hit,0,selected,playtest_parameter_ready
221,スキャッターゴームグラス,project_generated_gameplay_v0_noncanonical,70,100,15,special,neutral_v0,hit,0,selected,playtest_parameter_ready
222,ハイドロデモリッシャー,project_generated_gameplay_v0_noncanonical,70,100,15,physical,neutral_v0,hit,0,selected,playtest_parameter_ready
223,トキシックスプレッド,project_generated_gameplay_v0_noncanonical,70,100,15,physical,neutral_v0,hit,0,selected,playtest_parameter_ready
224,フリルドカッター,project_generated_gameplay_v0_noncanonical,70,100,15,special,neutral_v0,hit,0,selected,playtest_parameter_ready
225,ヘリコプテイル,project_generated_gameplay_v0_noncanonical,70,100,15,special,neutral_v0,hit,0,selected,playtest_parameter_ready
226,乾坤圏,project_generated_gameplay_v0_noncanonical,70,100,15,physical,neutral_v0,hit,0,selected,playtest_parameter_ready
227,爆迅炎戟破,project_generated_gameplay_v0_noncanonical,70,100,15,physical,neutral_v0,hit,0,selected,playtest_parameter_ready
228,バーニングエンド,project_generated_gameplay_v0_noncanonical,70,100,15,special,neutral_v0,hit,0,selected,playtest_parameter_ready
229,ダイナブレス,project_generated_gameplay_v0_noncanonical,70,100,15,special,neutral_v0,hit,0,selected,playtest_parameter_ready
230,スノースワッター,project_generated_gameplay_v0_noncanonical,70,100,15,special,neutral_v0,hit,0,selected,playtest_parameter_ready
231,スノーマンズダンス,project_generated_gameplay_v0_noncanonical,70,100,15,special,neutral_v0,hit,0,selected,playtest_parameter_ready
232,レイジングアバランチ,project_generated_gameplay_v0_noncanonical,70,100,15,physical,neutral_v0,hit,0,selected,playtest_parameter_ready
233,コークスクリューキック,project_generated_gameplay_v0_noncanonical,70,100,15,special,neutral_v0,hit,0,selected,playtest_parameter_ready
234,ウィンターガナリー,project_generated_gameplay_v0_noncanonical,70,100,15,special,neutral_v0,hit,0,selected,playtest_parameter_ready
235,万象逸貫,project_generated_gameplay_v0_noncanonical,70,100,15,physical,neutral_v0,hit,0,selected,playtest_parameter_ready
236,天眼顕聖,project_generated_gameplay_v0_noncanonical,70,100,15,physical,neutral_v0,hit,0,selected,playtest_parameter_ready
237,アクセルスティンガー,project_generated_gameplay_v0_noncanonical,70,100,15,special,neutral_v0,hit,0,selected,playtest_parameter_ready
238,ホーネットイレイザー,project_generated_gameplay_v0_noncanonical,70,100,15,special,neutral_v0,hit,0,selected,playtest_parameter_ready
239,マッハスティンガー,project_generated_gameplay_v0_noncanonical,70,100,15,physical,neutral_v0,hit,0,selected,playtest_parameter_ready
240,ビーファランクス,project_generated_gameplay_v0_noncanonical,70,100,15,physical,neutral_v0,hit,0,selected,playtest_parameter_ready
241,トルクスティンガー,project_generated_gameplay_v0_noncanonical,70,100,15,special,neutral_v0,hit,0,selected,playtest_parameter_ready
242,バンブルウェルダー,project_generated_gameplay_v0_noncanonical,70,100,15,special,neutral_v0,hit,0,selected,playtest_parameter_ready
243,ブラックサバス,project_generated_gameplay_v0_noncanonical,70,100,15,special,neutral_v0,hit,0,selected,playtest_parameter_ready
244,ブルーマーダーフレイム,project_generated_gameplay_v0_noncanonical,70,100,15,special,neutral_v0,hit,0,selected,playtest_parameter_ready
245,メタリカエッジ,project_generated_gameplay_v0_noncanonical,70,100,15,physical,neutral_v0,hit,0,selected,playtest_parameter_ready
246,ディープパープルブラスター,project_generated_gameplay_v0_noncanonical,70,100,15,physical,neutral_v0,hit,0,selected,playtest_parameter_ready
247,ブリッツクリーグバップ,project_generated_gameplay_v0_noncanonical,70,100,15,physical,neutral_v0,hit,0,selected,playtest_parameter_ready
248,アナーキストフレイム,project_generated_gameplay_v0_noncanonical,70,100,15,physical,neutral_v0,hit,0,selected,playtest_parameter_ready
249,龍閃乱撃,project_generated_gameplay_v0_noncanonical,70,100,15,physical,neutral_v0,hit,0,selected,playtest_parameter_ready
250,毘沙門八極殲陣,project_generated_gameplay_v0_noncanonical,70,100,15,physical,neutral_v0,hit,0,selected,playtest_parameter_ready
251,鷹尖円舞,project_generated_gameplay_v0_noncanonical,70,100,15,physical,neutral_v0,hit,0,selected,playtest_parameter_ready
252,招来・哮天犬,project_generated_gameplay_v0_noncanonical,70,100,15,physical,neutral_v0,hit,0,selected,playtest_parameter_ready
253,マリッジストライク,project_generated_gameplay_v0_noncanonical,70,100,15,special,neutral_v0,hit,0,selected,playtest_parameter_ready
254,ノーブルファミリアーツ,project_generated_gameplay_v0_noncanonical,70,100,15,physical,neutral_v0,hit,0,selected,playtest_parameter_ready
255,プリズムデイトブレイク,project_generated_gameplay_v0_noncanonical,70,100,15,physical,neutral_v0,hit,0,selected,playtest_parameter_ready
256,アップルフォーユー,project_generated_gameplay_v0_noncanonical,70,100,15,special,neutral_v0,hit,0,selected,playtest_parameter_ready
257,クリムゾンリッパー,project_generated_gameplay_v0_noncanonical,70,100,15,special,neutral_v0,hit,0,selected,playtest_parameter_ready
258,マーシーバスケット,project_generated_gameplay_v0_noncanonical,70,100,15,physical,neutral_v0,hit,0,selected,playtest_parameter_ready
259,ゲイルブレイバー,project_generated_gameplay_v0_noncanonical,70,100,15,physical,neutral_v0,hit,0,selected,playtest_parameter_ready
260,アネモイエンブレイス,project_generated_gameplay_v0_noncanonical,70,100,15,physical,neutral_v0,hit,0,selected,playtest_parameter_ready
261,ディバインテンペスト,project_generated_gameplay_v0_noncanonical,70,100,15,special,neutral_v0,hit,0,selected,playtest_parameter_ready
262,ドラゴニックストーム,project_generated_gameplay_v0_noncanonical,70,100,15,special,neutral_v0,hit,0,selected,playtest_parameter_ready
263,ウィングトルネード,project_generated_gameplay_v0_noncanonical,70,100,15,special,neutral_v0,hit,0,selected,playtest_parameter_ready
264,バーディーヘッド,project_generated_gameplay_v0_noncanonical,70,100,15,special,neutral_v0,hit,0,selected,playtest_parameter_ready
265,泡,project_generated_gameplay_v0_noncanonical,70,100,15,special,neutral_v0,hit,0,selected,playtest_parameter_ready
266,ディープフォレスト,project_generated_gameplay_v0_noncanonical,70,100,15,special,neutral_v0,hit,0,selected,playtest_parameter_ready
267,ロデオバレット,project_generated_gameplay_v0_noncanonical,70,100,15,special,neutral_v0,hit,0,selected,playtest_parameter_ready
268,ネトティリズトリ,project_generated_gameplay_v0_noncanonical,70,100,15,special,neutral_v0,hit,0,selected,playtest_parameter_ready
269,ナウイキアウィトル,project_generated_gameplay_v0_noncanonical,70,100,15,special,neutral_v0,hit,0,selected,playtest_parameter_ready
270,ローリングストンパー,project_generated_gameplay_v0_noncanonical,70,100,15,special,neutral_v0,hit,0,selected,playtest_parameter_ready
271,ドングリボム,project_generated_gameplay_v0_noncanonical,70,100,15,special,neutral_v0,hit,0,selected,playtest_parameter_ready
272,ワンダーストンプ,project_generated_gameplay_v0_noncanonical,70,100,15,special,neutral_v0,hit,0,selected,playtest_parameter_ready
273,プチニードル,project_generated_gameplay_v0_noncanonical,70,100,15,physical,neutral_v0,hit,0,selected,playtest_parameter_ready
274,ハリケーンスライサー,project_generated_gameplay_v0_noncanonical,70,100,15,physical,neutral_v0,hit,0,selected,playtest_parameter_ready
275,トルネードスロワー,project_generated_gameplay_v0_noncanonical,70,100,15,special,neutral_v0,hit,0,selected,playtest_parameter_ready
276,ウィンドスライサー,project_generated_gameplay_v0_noncanonical,70,100,15,physical,neutral_v0,hit,0,selected,playtest_parameter_ready
277,ランブルクロー,project_generated_gameplay_v0_noncanonical,70,100,15,physical,neutral_v0,hit,0,selected,playtest_parameter_ready
278,天星斬,project_generated_gameplay_v0_noncanonical,70,100,15,physical,neutral_v0,hit,0,selected,playtest_parameter_ready
279,鉄天摧砕,project_generated_gameplay_v0_noncanonical,70,100,15,physical,neutral_v0,hit,0,selected,playtest_parameter_ready
280,終極戦刃建御雷神（シュウキョクセンジンタケミカヅチ）,project_generated_gameplay_v0_noncanonical,70,100,15,physical,neutral_v0,hit,0,selected,playtest_parameter_ready
281,絶極舞刀建御雷神（ゼツゴクブトウタケミカヅチ）,project_generated_gameplay_v0_noncanonical,70,100,15,special,neutral_v0,hit,0,selected,playtest_parameter_ready
282,ヴァイオレントパニッシャー,project_generated_gameplay_v0_noncanonical,70,100,15,physical,neutral_v0,hit,0,selected,playtest_parameter_ready
283,ワールプールスピン,project_generated_gameplay_v0_noncanonical,70,100,15,physical,neutral_v0,hit,0,selected,playtest_parameter_ready
284,ライアードリーム,project_generated_gameplay_v0_noncanonical,70,100,15,special,neutral_v0,hit,0,selected,playtest_parameter_ready
285,凶旋壊（きょうせんかい）,project_generated_gameplay_v0_noncanonical,70,100,15,special,neutral_v0,hit,0,selected,playtest_parameter_ready
286,咒煉衝刻（じゅれんしょうこく）,project_generated_gameplay_v0_noncanonical,70,100,15,special,neutral_v0,hit,0,selected,playtest_parameter_ready
287,渾沌亜空虚（こんとんあくうきょ）,project_generated_gameplay_v0_noncanonical,70,100,15,special,neutral_v0,hit,0,selected,playtest_parameter_ready
288,斧乗炎怒（ふじょうえんど）,project_generated_gameplay_v0_noncanonical,70,100,15,physical,neutral_v0,hit,0,selected,playtest_parameter_ready
289,盾射轟哀（じゅんせきごうあい）,project_generated_gameplay_v0_noncanonical,70,100,15,physical,neutral_v0,hit,0,selected,playtest_parameter_ready
290,雷鬧（らいどう),project_generated_gameplay_v0_noncanonical,70,100,15,special,neutral_v0,hit,0,selected,playtest_parameter_ready
291,鉄壁相（てっぺきのそう）,project_generated_gameplay_v0_noncanonical,70,100,15,physical,neutral_v0,hit,0,selected,playtest_parameter_ready
292,献身相（けんしんのそう）,project_generated_gameplay_v0_noncanonical,70,100,15,special,neutral_v0,hit,0,selected,playtest_parameter_ready
293,九種九面撃（きゅうしゅきゅうめんげき）,project_generated_gameplay_v0_noncanonical,70,100,15,physical,neutral_v0,hit,0,selected,playtest_parameter_ready
294,ファイナルエクスキャリバー,project_generated_gameplay_v0_noncanonical,70,100,15,special,neutral_v0,hit,0,selected,playtest_parameter_ready
295,ゼロヘブンズ,project_generated_gameplay_v0_noncanonical,70,100,15,special,neutral_v0,hit,0,selected,playtest_parameter_ready
296,ディヴォーションフィールド,project_generated_gameplay_v0_noncanonical,70,100,15,physical,neutral_v0,hit,0,selected,playtest_parameter_ready
297,セイントレギオン,project_generated_gameplay_v0_noncanonical,70,100,15,physical,neutral_v0,hit,0,selected,playtest_parameter_ready
298,ヘブンズフレイム,project_generated_gameplay_v0_noncanonical,70,100,15,physical,neutral_v0,hit,0,selected,playtest_parameter_ready
299,ブレイブオーラ,project_generated_gameplay_v0_noncanonical,70,100,15,physical,neutral_v0,hit,0,selected,playtest_parameter_ready
300,ピコナックル,project_generated_gameplay_v0_noncanonical,70,100,15,physical,neutral_v0,hit,0,selected,playtest_parameter_ready
301,クラウドバリア,project_generated_gameplay_v0_noncanonical,70,100,15,physical,neutral_v0,hit,0,selected,playtest_parameter_ready
302,無極,project_generated_gameplay_v0_noncanonical,70,100,15,physical,neutral_v0,hit,0,selected,playtest_parameter_ready
303,晦冥葬,project_generated_gameplay_v0_noncanonical,70,100,15,physical,neutral_v0,hit,0,selected,playtest_parameter_ready
304,ムーンライトバブル,project_generated_gameplay_v0_noncanonical,70,100,15,special,neutral_v0,hit,0,selected,playtest_parameter_ready
305,サンライトバブル,project_generated_gameplay_v0_noncanonical,70,100,15,special,neutral_v0,hit,0,selected,playtest_parameter_ready
306,ジェノサイドレイン,project_generated_gameplay_v0_noncanonical,70,100,15,physical,neutral_v0,hit,0,selected,playtest_parameter_ready
307,エクサデストロイヤー,project_generated_gameplay_v0_noncanonical,70,100,15,physical,neutral_v0,hit,0,selected,playtest_parameter_ready
308,DCDグレネード,project_generated_gameplay_v0_noncanonical,70,100,15,special,neutral_v0,hit,0,selected,playtest_parameter_ready
309,デストロイチャージ,project_generated_gameplay_v0_noncanonical,70,100,15,physical,neutral_v0,hit,0,selected,playtest_parameter_ready
310,ラグナロクハウリング,project_generated_gameplay_v0_noncanonical,70,100,15,physical,neutral_v0,hit,0,selected,playtest_parameter_ready
311,ヨトゥンヘイムゲイル,project_generated_gameplay_v0_noncanonical,70,100,15,special,neutral_v0,hit,0,selected,playtest_parameter_ready
312,フローズヴィトニル,project_generated_gameplay_v0_noncanonical,70,100,15,physical,neutral_v0,hit,0,selected,playtest_parameter_ready
313,ハウリングバースト,project_generated_gameplay_v0_noncanonical,70,100,15,special,neutral_v0,hit,0,selected,playtest_parameter_ready
314,インフェルノクロー,project_generated_gameplay_v0_noncanonical,70,100,15,special,neutral_v0,hit,0,selected,playtest_parameter_ready
315,ハティエンブレイス,project_generated_gameplay_v0_noncanonical,70,100,15,physical,neutral_v0,hit,0,selected,playtest_parameter_ready
316,プロミネンスレーザー,project_generated_gameplay_v0_noncanonical,70,100,15,special,neutral_v0,hit,0,selected,playtest_parameter_ready
317,イラプションハウリング,project_generated_gameplay_v0_noncanonical,70,100,15,special,neutral_v0,hit,0,selected,playtest_parameter_ready
318,スコルレイジ,project_generated_gameplay_v0_noncanonical,70,100,15,physical,neutral_v0,hit,0,selected,playtest_parameter_ready
319,サプレッションストライク,project_generated_gameplay_v0_noncanonical,70,100,15,special,neutral_v0,hit,0,selected,playtest_parameter_ready
320,スローターブレード,project_generated_gameplay_v0_noncanonical,70,100,15,physical,neutral_v0,hit,0,selected,playtest_parameter_ready
321,ハウリングバーナー,project_generated_gameplay_v0_noncanonical,70,100,15,special,neutral_v0,hit,0,selected,playtest_parameter_ready
322,フレイムブロウ,project_generated_gameplay_v0_noncanonical,70,100,15,physical,neutral_v0,hit,0,selected,playtest_parameter_ready
323,パピースパーク,project_generated_gameplay_v0_noncanonical,70,100,15,special,neutral_v0,hit,0,selected,playtest_parameter_ready
324,パピーノイズ,project_generated_gameplay_v0_noncanonical,70,100,15,special,neutral_v0,hit,0,selected,playtest_parameter_ready
325,アンリミテッドジャーニー,project_generated_gameplay_v0_noncanonical,70,100,15,special,neutral_v0,hit,0,selected,playtest_parameter_ready
326,ヘイジータイム,project_generated_gameplay_v0_noncanonical,70,100,15,special,neutral_v0,hit,0,selected,playtest_parameter_ready
327,ハウリングファイア,project_generated_gameplay_v0_noncanonical,70,100,15,special,neutral_v0,hit,0,selected,playtest_parameter_ready
328,スパイラルバイト,project_generated_gameplay_v0_noncanonical,70,100,15,physical,neutral_v0,hit,0,selected,playtest_parameter_ready
329,エクスティンクションクラウド,project_generated_gameplay_v0_noncanonical,70,100,15,physical,neutral_v0,hit,0,selected,playtest_parameter_ready
330,ライトオブリクリエイション,project_generated_gameplay_v0_noncanonical,70,100,15,physical,neutral_v0,hit,0,selected,playtest_parameter_ready
331,ブラックデス,project_generated_gameplay_v0_noncanonical,70,100,15,special,neutral_v0,hit,0,selected,playtest_parameter_ready
332,ブラックコンフェッション,project_generated_gameplay_v0_noncanonical,70,100,15,physical,neutral_v0,hit,0,selected,playtest_parameter_ready
333,ギガーススパイラル,project_generated_gameplay_v0_noncanonical,70,100,15,special,neutral_v0,hit,0,selected,playtest_parameter_ready
334,ヘルインシネレート,project_generated_gameplay_v0_noncanonical,70,100,15,special,neutral_v0,hit,0,selected,playtest_parameter_ready
335,デスデストロイヤー,project_generated_gameplay_v0_noncanonical,70,100,15,special,neutral_v0,hit,0,selected,playtest_parameter_ready
336,伍連断霊斬（ごれんだんれいざん）,project_generated_gameplay_v0_noncanonical,70,100,15,physical,neutral_v0,hit,0,selected,playtest_parameter_ready
337,伍重螺旋断（ごじゅうらせんだち）,project_generated_gameplay_v0_noncanonical,70,100,15,physical,neutral_v0,hit,0,selected,playtest_parameter_ready
338,獄門縛（ごくもんしばり）,project_generated_gameplay_v0_noncanonical,70,100,15,physical,neutral_v0,hit,0,selected,playtest_parameter_ready
339,コンボブラスト,project_generated_gameplay_v0_noncanonical,70,100,15,physical,neutral_v0,hit,0,selected,playtest_parameter_ready
340,リミットエクスプロージョン,project_generated_gameplay_v0_noncanonical,70,100,15,physical,neutral_v0,hit,0,selected,playtest_parameter_ready
341,トゥルーアイズ,project_generated_gameplay_v0_noncanonical,70,100,15,special,neutral_v0,hit,0,selected,playtest_parameter_ready
342,コアシュート,project_generated_gameplay_v0_noncanonical,70,100,15,special,neutral_v0,hit,0,selected,playtest_parameter_ready
343,燕（つばくろ）,project_generated_gameplay_v0_noncanonical,70,100,15,special,neutral_v0,hit,0,selected,playtest_parameter_ready
344,舎利弗（しゃりほつ）,project_generated_gameplay_v0_noncanonical,70,100,15,physical,neutral_v0,hit,0,selected,playtest_parameter_ready
345,黄泉戻（よみもどし）,project_generated_gameplay_v0_noncanonical,70,100,15,special,neutral_v0,hit,0,selected,playtest_parameter_ready
346,バッカルラッシュ,project_generated_gameplay_v0_noncanonical,70,100,15,special,neutral_v0,hit,0,selected,playtest_parameter_ready
347,オーシャンヘル,project_generated_gameplay_v0_noncanonical,70,100,15,special,neutral_v0,hit,0,selected,playtest_parameter_ready
348,アクアグラインダー,project_generated_gameplay_v0_noncanonical,70,100,15,special,neutral_v0,hit,0,selected,playtest_parameter_ready
349,カリプバイト,project_generated_gameplay_v0_noncanonical,70,100,15,special,neutral_v0,hit,0,selected,playtest_parameter_ready
350,ゲニアス,project_generated_gameplay_v0_noncanonical,70,100,15,special,neutral_v0,hit,0,selected,playtest_parameter_ready
351,デッドエンドスパイク,project_generated_gameplay_v0_noncanonical,70,100,15,physical,neutral_v0,hit,0,selected,playtest_parameter_ready
352,グラントレース,project_generated_gameplay_v0_noncanonical,70,100,15,physical,neutral_v0,hit,0,selected,playtest_parameter_ready
353,ラグナロク・キャノン,project_generated_gameplay_v0_noncanonical,70,100,15,special,neutral_v0,hit,0,selected,playtest_parameter_ready
354,ギムレットガン,project_generated_gameplay_v0_noncanonical,70,100,15,special,neutral_v0,hit,0,selected,playtest_parameter_ready
355,スペイザー,project_generated_gameplay_v0_noncanonical,70,100,15,special,neutral_v0,hit,0,selected,playtest_parameter_ready
356,シャトルシザーズ,project_generated_gameplay_v0_noncanonical,70,100,15,special,neutral_v0,hit,0,selected,playtest_parameter_ready
357,サテライトバスター,project_generated_gameplay_v0_noncanonical,70,100,15,physical,neutral_v0,hit,0,selected,playtest_parameter_ready
358,フュージョナイズ,project_generated_gameplay_v0_noncanonical,70,100,15,physical,neutral_v0,hit,0,selected,playtest_parameter_ready
359,3連装砲,project_generated_gameplay_v0_noncanonical,70,100,15,special,neutral_v0,hit,0,selected,playtest_parameter_ready
360,ジャガーノートブラスト,project_generated_gameplay_v0_noncanonical,70,100,15,special,neutral_v0,hit,0,selected,playtest_parameter_ready
361,ロングレンジバスターキャノン,project_generated_gameplay_v0_noncanonical,70,100,15,special,neutral_v0,hit,0,selected,playtest_parameter_ready
362,ルインレーザー,project_generated_gameplay_v0_noncanonical,70,100,15,physical,neutral_v0,hit,0,selected,playtest_parameter_ready
363,トゥースピア,project_generated_gameplay_v0_noncanonical,70,100,15,special,neutral_v0,hit,0,selected,playtest_parameter_ready
364,メッサークロー,project_generated_gameplay_v0_noncanonical,70,100,15,special,neutral_v0,hit,0,selected,playtest_parameter_ready
365,トゥーリブラスト,project_generated_gameplay_v0_noncanonical,70,100,15,physical,neutral_v0,hit,0,selected,playtest_parameter_ready
366,ザイカミウチ,project_generated_gameplay_v0_noncanonical,70,100,15,special,neutral_v0,hit,0,selected,playtest_parameter_ready
367,アブソマーク,project_generated_gameplay_v0_noncanonical,70,100,15,special,neutral_v0,hit,0,selected,playtest_parameter_ready
368,クリスタルフリーザー,project_generated_gameplay_v0_noncanonical,70,100,15,special,neutral_v0,hit,0,selected,playtest_parameter_ready
369,アクアザンバー,project_generated_gameplay_v0_noncanonical,70,100,15,special,neutral_v0,hit,0,selected,playtest_parameter_ready
370,ライバーンブレイク,project_generated_gameplay_v0_noncanonical,70,100,15,physical,neutral_v0,hit,0,selected,playtest_parameter_ready
371,アンブレディフェンダー,project_generated_gameplay_v0_noncanonical,70,100,15,physical,neutral_v0,hit,0,selected,playtest_parameter_ready
372,トラスゲイン,project_generated_gameplay_v0_noncanonical,70,100,15,physical,neutral_v0,hit,0,selected,playtest_parameter_ready
373,ボルジャーグ,project_generated_gameplay_v0_noncanonical,70,100,15,physical,neutral_v0,hit,0,selected,playtest_parameter_ready
374,バックストラッシュ,project_generated_gameplay_v0_noncanonical,70,100,15,physical,neutral_v0,hit,0,selected,playtest_parameter_ready
375,フォトンブラスター,project_generated_gameplay_v0_noncanonical,70,100,15,physical,neutral_v0,hit,0,selected,playtest_parameter_ready
376,コスモブレード,project_generated_gameplay_v0_noncanonical,70,100,15,physical,neutral_v0,hit,0,selected,playtest_parameter_ready
377,ブレイクエーサー,project_generated_gameplay_v0_noncanonical,70,100,15,physical,neutral_v0,hit,0,selected,playtest_parameter_ready
378,プラネイトナックル,project_generated_gameplay_v0_noncanonical,70,100,15,special,neutral_v0,hit,0,selected,playtest_parameter_ready
379,コロナブレイズソード,project_generated_gameplay_v0_noncanonical,70,100,15,physical,neutral_v0,hit,0,selected,playtest_parameter_ready
380,ファイナルシャイニングバースト,project_generated_gameplay_v0_noncanonical,70,100,15,physical,neutral_v0,hit,0,selected,playtest_parameter_ready
381,トリッドヴァイス,project_generated_gameplay_v0_noncanonical,70,100,15,special,neutral_v0,hit,0,selected,playtest_parameter_ready
382,スイーポア,project_generated_gameplay_v0_noncanonical,70,100,15,physical,neutral_v0,hit,0,selected,playtest_parameter_ready
383,シャンピオン・ボム,project_generated_gameplay_v0_noncanonical,70,100,15,physical,neutral_v0,hit,0,selected,playtest_parameter_ready
384,デュアルプレッサー,project_generated_gameplay_v0_noncanonical,70,100,15,physical,neutral_v0,hit,0,selected,playtest_parameter_ready
385,ジュークラック,project_generated_gameplay_v0_noncanonical,70,100,15,physical,neutral_v0,hit,0,selected,playtest_parameter_ready
386,ジャミール,project_generated_gameplay_v0_noncanonical,70,100,15,special,neutral_v0,hit,0,selected,playtest_parameter_ready
387,リーフレッド,project_generated_gameplay_v0_noncanonical,70,100,15,physical,neutral_v0,hit,0,selected,playtest_parameter_ready
388,孤籠泡（ころうほう）,project_generated_gameplay_v0_noncanonical,70,100,15,special,neutral_v0,hit,0,selected,playtest_parameter_ready
389,冰乱結突（ひょうらんけっとつ）,project_generated_gameplay_v0_noncanonical,70,100,15,special,neutral_v0,hit,0,selected,playtest_parameter_ready
390,潮流旋禍（ちょうりゅうせんか）,project_generated_gameplay_v0_noncanonical,70,100,15,special,neutral_v0,hit,0,selected,playtest_parameter_ready
391,雷煌鞭（らいこうべん）,project_generated_gameplay_v0_noncanonical,70,100,15,special,neutral_v0,hit,0,selected,playtest_parameter_ready
392,神碎牙（しんさいが）,project_generated_gameplay_v0_noncanonical,70,100,15,physical,neutral_v0,hit,0,selected,playtest_parameter_ready
393,天星壊海（てんせいかいかい）,project_generated_gameplay_v0_noncanonical,70,100,15,physical,neutral_v0,hit,0,selected,playtest_parameter_ready
394,瀑閃（ばくせん）,project_generated_gameplay_v0_noncanonical,70,100,15,special,neutral_v0,hit,0,selected,playtest_parameter_ready
395,魚流炮（ぎょりゅうほう）,project_generated_gameplay_v0_noncanonical,70,100,15,special,neutral_v0,hit,0,selected,playtest_parameter_ready
396,冰凍爪（ひょうとうそう）,project_generated_gameplay_v0_noncanonical,70,100,15,special,neutral_v0,hit,0,selected,playtest_parameter_ready
397,ポジトロンレーザー,project_generated_gameplay_v0_noncanonical,70,100,15,special,neutral_v0,hit,0,selected,playtest_parameter_ready
398,ギガデス,project_generated_gameplay_v0_noncanonical,70,100,15,special,neutral_v0,hit,0,selected,playtest_parameter_ready
399,ポジトロンレーザーランス,project_generated_gameplay_v0_noncanonical,70,100,15,physical,neutral_v0,hit,0,selected,playtest_parameter_ready
400,メガバースト,project_generated_gameplay_v0_noncanonical,70,100,15,special,neutral_v0,hit,0,selected,playtest_parameter_ready
401,ブレイダーテイル,project_generated_gameplay_v0_noncanonical,70,100,15,special,neutral_v0,hit,0,selected,playtest_parameter_ready
402,千万ノ太刀（ちよろずのたち）,project_generated_gameplay_v0_noncanonical,70,100,15,physical,neutral_v0,hit,0,selected,playtest_parameter_ready
403,羅焼門（らしょうもん）,project_generated_gameplay_v0_noncanonical,70,100,15,physical,neutral_v0,hit,0,selected,playtest_parameter_ready
404,幽玄（ゆうげん）,project_generated_gameplay_v0_noncanonical,70,100,15,physical,neutral_v0,hit,0,selected,playtest_parameter_ready
405,八束染縛（やつかせんばく）,project_generated_gameplay_v0_noncanonical,70,100,15,special,neutral_v0,hit,0,selected,playtest_parameter_ready
406,魔塵瓢箪（まじんびょうたん）,project_generated_gameplay_v0_noncanonical,70,100,15,physical,neutral_v0,hit,0,selected,playtest_parameter_ready
407,千砲土蜘蛛（せんほうつちぐも）,project_generated_gameplay_v0_noncanonical,70,100,15,physical,neutral_v0,hit,0,selected,playtest_parameter_ready
408,ナイトメアレイン,project_generated_gameplay_v0_noncanonical,70,100,15,special,neutral_v0,hit,0,selected,playtest_parameter_ready
409,ファンシーファンタジスタ,project_generated_gameplay_v0_noncanonical,70,100,15,physical,neutral_v0,hit,0,selected,playtest_parameter_ready
410,スイートラブリーアタック,project_generated_gameplay_v0_noncanonical,70,100,15,special,neutral_v0,hit,0,selected,playtest_parameter_ready
411,スタンパーミサイル,project_generated_gameplay_v0_noncanonical,70,100,15,physical,neutral_v0,hit,0,selected,playtest_parameter_ready
412,ブレストキャノン,project_generated_gameplay_v0_noncanonical,70,100,15,physical,neutral_v0,hit,0,selected,playtest_parameter_ready
413,ドロンガー,project_generated_gameplay_v0_noncanonical,70,100,15,physical,neutral_v0,hit,0,selected,playtest_parameter_ready
414,ダイバニッシュ,project_generated_gameplay_v0_noncanonical,70,100,15,physical,neutral_v0,hit,0,selected,playtest_parameter_ready
415,モットボム,project_generated_gameplay_v0_noncanonical,70,100,15,physical,neutral_v0,hit,0,selected,playtest_parameter_ready
416,ケラウノスディバイド,project_generated_gameplay_v0_noncanonical,70,100,15,physical,neutral_v0,hit,0,selected,playtest_parameter_ready
417,ライトニングビー,project_generated_gameplay_v0_noncanonical,70,100,15,special,neutral_v0,hit,0,selected,playtest_parameter_ready
418,ディオスサンダー,project_generated_gameplay_v0_noncanonical,70,100,15,special,neutral_v0,hit,0,selected,playtest_parameter_ready
419,ハガードクラスター,project_generated_gameplay_v0_noncanonical,70,100,15,special,neutral_v0,hit,0,selected,playtest_parameter_ready
420,ヘルズゲート,project_generated_gameplay_v0_noncanonical,70,100,15,physical,neutral_v0,hit,0,selected,playtest_parameter_ready
421,ケイオスライツ,project_generated_gameplay_v0_noncanonical,70,100,15,special,neutral_v0,hit,0,selected,playtest_parameter_ready
422,アイランドフリーフォール,project_generated_gameplay_v0_noncanonical,70,100,15,physical,neutral_v0,hit,0,selected,playtest_parameter_ready
423,バーニングブラッドシェル,project_generated_gameplay_v0_noncanonical,70,100,15,physical,neutral_v0,hit,0,selected,playtest_parameter_ready
424,フルーツフレシェット,project_generated_gameplay_v0_noncanonical,70,100,15,special,neutral_v0,hit,0,selected,playtest_parameter_ready
425,クック・オブ・ザ・ヘル,project_generated_gameplay_v0_noncanonical,70,100,15,special,neutral_v0,hit,0,selected,playtest_parameter_ready
426,パーティー・オブ・ザ・ヘブン,project_generated_gameplay_v0_noncanonical,70,100,15,special,neutral_v0,hit,0,selected,playtest_parameter_ready
427,リバース・オブ・ザ・デッド,project_generated_gameplay_v0_noncanonical,70,100,15,special,neutral_v0,hit,0,selected,playtest_parameter_ready
428,ウェルカムロスト,project_generated_gameplay_v0_noncanonical,70,100,15,physical,neutral_v0,hit,0,selected,playtest_parameter_ready
429,リングラッジ,project_generated_gameplay_v0_noncanonical,70,100,15,special,neutral_v0,hit,0,selected,playtest_parameter_ready
430,ライアーバニッシュメント,project_generated_gameplay_v0_noncanonical,70,100,15,special,neutral_v0,hit,0,selected,playtest_parameter_ready
431,ニードルハイブ,project_generated_gameplay_v0_noncanonical,70,100,15,special,neutral_v0,hit,0,selected,playtest_parameter_ready
432,グレイスランス,project_generated_gameplay_v0_noncanonical,70,100,15,physical,neutral_v0,hit,0,selected,playtest_parameter_ready
433,ラブバスケット,project_generated_gameplay_v0_noncanonical,70,100,15,special,neutral_v0,hit,0,selected,playtest_parameter_ready
434,ビリースマッシャー,project_generated_gameplay_v0_noncanonical,70,100,15,special,neutral_v0,hit,0,selected,playtest_parameter_ready
435,ハンマーサンダー,project_generated_gameplay_v0_noncanonical,70,100,15,special,neutral_v0,hit,0,selected,playtest_parameter_ready
436,アドゥワールド,project_generated_gameplay_v0_noncanonical,70,100,15,special,neutral_v0,hit,0,selected,playtest_parameter_ready
437,ドクテアーゼ,project_generated_gameplay_v0_noncanonical,70,100,15,special,neutral_v0,hit,0,selected,playtest_parameter_ready
438,禍災爪（かさいそう）,project_generated_gameplay_v0_noncanonical,70,100,15,physical,neutral_v0,hit,0,selected,playtest_parameter_ready
439,叩破伐倒（こうはばっとう）,project_generated_gameplay_v0_noncanonical,70,100,15,physical,neutral_v0,hit,0,selected,playtest_parameter_ready
440,風牙烈巻迅（ふうがれっかんじん）,project_generated_gameplay_v0_noncanonical,70,100,15,physical,neutral_v0,hit,0,selected,playtest_parameter_ready
441,豪怨毀永斬（ごうおんきえいざん）,project_generated_gameplay_v0_noncanonical,70,100,15,physical,neutral_v0,hit,0,selected,playtest_parameter_ready
442,ガリアフィッシャー,project_generated_gameplay_v0_noncanonical,70,100,15,physical,neutral_v0,hit,0,selected,playtest_parameter_ready
443,ドラゴニア,project_generated_gameplay_v0_noncanonical,70,100,15,special,neutral_v0,hit,0,selected,playtest_parameter_ready
444,メテオルクス,project_generated_gameplay_v0_noncanonical,70,100,15,special,neutral_v0,hit,0,selected,playtest_parameter_ready
445,グランノヴァ,project_generated_gameplay_v0_noncanonical,70,100,15,special,neutral_v0,hit,0,selected,playtest_parameter_ready
446,白詰一文字切り（覚醒）,project_generated_gameplay_v0_noncanonical,70,100,15,physical,neutral_v0,hit,0,selected,playtest_parameter_ready
447,白殺（覚醒）　（びゃくさい）,project_generated_gameplay_v0_noncanonical,70,100,15,special,neutral_v0,hit,0,selected,playtest_parameter_ready
448,突蜂（覚醒）　（とっほう）,project_generated_gameplay_v0_noncanonical,70,100,15,physical,neutral_v0,hit,0,selected,playtest_parameter_ready
449,ミッキーバレット（覚醒）,project_generated_gameplay_v0_noncanonical,70,100,15,special,neutral_v0,hit,0,selected,playtest_parameter_ready
450,ブレスファイア（覚醒）,project_generated_gameplay_v0_noncanonical,70,100,15,physical,neutral_v0,hit,0,selected,playtest_parameter_ready
451,グランドシスタークルス（覚醒）,project_generated_gameplay_v0_noncanonical,70,100,15,special,neutral_v0,hit,0,selected,playtest_parameter_ready
452,ディバインピース(覚醒),project_generated_gameplay_v0_noncanonical,70,100,15,special,neutral_v0,hit,0,selected,playtest_parameter_ready
453,プロテクトウェーブ(覚醒),project_generated_gameplay_v0_noncanonical,70,100,15,physical,neutral_v0,hit,0,selected,playtest_parameter_ready
454,グランドシスタークルス(覚醒),project_generated_gameplay_v0_noncanonical,70,100,15,physical,neutral_v0,hit,0,selected,playtest_parameter_ready
455,ダークパレス,project_generated_gameplay_v0_noncanonical,70,100,15,physical,neutral_v0,hit,0,selected,playtest_parameter_ready
456,デスデモーナ,project_generated_gameplay_v0_noncanonical,70,100,15,special,neutral_v0,hit,0,selected,playtest_parameter_ready
457,デッドエンドスキュアー,project_generated_gameplay_v0_noncanonical,70,100,15,special,neutral_v0,hit,0,selected,playtest_parameter_ready
458,フィサリスト,project_generated_gameplay_v0_noncanonical,70,100,15,physical,neutral_v0,hit,0,selected,playtest_parameter_ready
459,パニッシューネ,project_generated_gameplay_v0_noncanonical,70,100,15,special,neutral_v0,hit,0,selected,playtest_parameter_ready
460,ボルスプライト,project_generated_gameplay_v0_noncanonical,70,100,15,special,neutral_v0,hit,0,selected,playtest_parameter_ready
461,ジャイブ,project_generated_gameplay_v0_noncanonical,70,100,15,special,neutral_v0,hit,0,selected,playtest_parameter_ready
462,レントライザー,project_generated_gameplay_v0_noncanonical,70,100,15,special,neutral_v0,hit,0,selected,playtest_parameter_ready
463,ブレイキンストリーム,project_generated_gameplay_v0_noncanonical,70,100,15,special,neutral_v0,hit,0,selected,playtest_parameter_ready
464,ネコパンチ,project_generated_gameplay_v0_noncanonical,70,100,15,physical,neutral_v0,hit,0,selected,playtest_parameter_ready
465,バコーニャ,project_generated_gameplay_v0_noncanonical,70,100,15,special,neutral_v0,hit,0,selected,playtest_parameter_ready
466,ホイップデコレーション,project_generated_gameplay_v0_noncanonical,70,100,15,special,neutral_v0,hit,0,selected,playtest_parameter_ready
467,ケーキカッティング,project_generated_gameplay_v0_noncanonical,70,100,15,physical,neutral_v0,hit,0,selected,playtest_parameter_ready
468,ハピネスフォール,project_generated_gameplay_v0_noncanonical,70,100,15,special,neutral_v0,hit,0,selected,playtest_parameter_ready
469,テイストーン,project_generated_gameplay_v0_noncanonical,70,100,15,physical,neutral_v0,hit,0,selected,playtest_parameter_ready
470,スウィートベリー,project_generated_gameplay_v0_noncanonical,70,100,15,special,neutral_v0,hit,0,selected,playtest_parameter_ready
471,ラピッドファイア,project_generated_gameplay_v0_noncanonical,70,100,15,physical,neutral_v0,hit,0,selected,playtest_parameter_ready
472,ゴールデントライアングル,project_generated_gameplay_v0_noncanonical,70,100,15,physical,neutral_v0,hit,0,selected,playtest_parameter_ready
473,ガトリングアーム,project_generated_gameplay_v0_noncanonical,70,100,15,physical,neutral_v0,hit,0,selected,playtest_parameter_ready
474,ダムダムアッパー,project_generated_gameplay_v0_noncanonical,70,100,15,physical,neutral_v0,hit,0,selected,playtest_parameter_ready
475,ガルルキャノン,project_generated_gameplay_v0_noncanonical,70,100,15,physical,neutral_v0,hit,0,selected,playtest_parameter_ready
476,グレイソード,project_generated_gameplay_v0_noncanonical,70,100,15,physical,neutral_v0,hit,0,selected,playtest_parameter_ready
477,セドナ,project_generated_gameplay_v0_noncanonical,70,100,15,special,neutral_v0,hit,0,selected,playtest_parameter_ready
478,アルビオン,project_generated_gameplay_v0_noncanonical,70,100,15,special,neutral_v0,hit,0,selected,playtest_parameter_ready
479,ウルダインパルス,project_generated_gameplay_v0_noncanonical,70,100,15,physical,neutral_v0,hit,0,selected,playtest_parameter_ready
480,ランベルタキック,project_generated_gameplay_v0_noncanonical,70,100,15,special,neutral_v0,hit,0,selected,playtest_parameter_ready
481,ソルブロー,project_generated_gameplay_v0_noncanonical,70,100,15,special,neutral_v0,hit,0,selected,playtest_parameter_ready
482,ソルショット,project_generated_gameplay_v0_noncanonical,70,100,15,physical,neutral_v0,hit,0,selected,playtest_parameter_ready
483,エクリプスノーン,project_generated_gameplay_v0_noncanonical,70,100,15,physical,neutral_v0,hit,0,selected,playtest_parameter_ready
484,ビンジェラード,project_generated_gameplay_v0_noncanonical,70,100,15,physical,neutral_v0,hit,0,selected,playtest_parameter_ready
485,デスチャージ,project_generated_gameplay_v0_noncanonical,70,100,15,physical,neutral_v0,hit,0,selected,playtest_parameter_ready
486,ゲーズイレイザー,project_generated_gameplay_v0_noncanonical,70,100,15,special,neutral_v0,hit,0,selected,playtest_parameter_ready
487,ファイナルクロスブレード,project_generated_gameplay_v0_noncanonical,70,100,15,special,neutral_v0,hit,0,selected,playtest_parameter_ready
488,クロスバーニングロッカー,project_generated_gameplay_v0_noncanonical,70,100,15,special,neutral_v0,hit,0,selected,playtest_parameter_ready
489,ダブルフレアバスター,project_generated_gameplay_v0_noncanonical,70,100,15,physical,neutral_v0,hit,0,selected,playtest_parameter_ready
490,セブンビクトライズ,project_generated_gameplay_v0_noncanonical,70,100,15,special,neutral_v0,hit,0,selected,playtest_parameter_ready
491,ビビサンダー,project_generated_gameplay_v0_noncanonical,70,100,15,special,neutral_v0,hit,0,selected,playtest_parameter_ready
492,ボルトナックル,project_generated_gameplay_v0_noncanonical,70,100,15,physical,neutral_v0,hit,0,selected,playtest_parameter_ready
493,スパイラルキック,project_generated_gameplay_v0_noncanonical,70,100,15,physical,neutral_v0,hit,0,selected,playtest_parameter_ready
494,ゾーンパチパチ,project_generated_gameplay_v0_noncanonical,70,100,15,special,neutral_v0,hit,0,selected,playtest_parameter_ready
495,パチパチガス,project_generated_gameplay_v0_noncanonical,70,100,15,physical,neutral_v0,hit,0,selected,playtest_parameter_ready
496,ダブルラリアット,project_generated_gameplay_v0_noncanonical,70,100,15,special,neutral_v0,hit,0,selected,playtest_parameter_ready
497,プチトルネード,project_generated_gameplay_v0_noncanonical,70,100,15,physical,neutral_v0,hit,0,selected,playtest_parameter_ready
498,ピョンダンプ,project_generated_gameplay_v0_noncanonical,70,100,15,physical,neutral_v0,hit,0,selected,playtest_parameter_ready
499,ミッコミ,project_generated_gameplay_v0_noncanonical,70,100,15,special,neutral_v0,hit,0,selected,playtest_parameter_ready
500,イヤンタ,project_generated_gameplay_v0_noncanonical,70,100,15,physical,neutral_v0,hit,0,selected,playtest_parameter_ready
501,ホーンアタック,project_generated_gameplay_v0_noncanonical,70,100,15,physical,neutral_v0,hit,0,selected,playtest_parameter_ready
502,ブレイクロー,project_generated_gameplay_v0_noncanonical,70,100,15,physical,neutral_v0,hit,0,selected,playtest_parameter_ready
503,チクチクアタック,project_generated_gameplay_v0_noncanonical,70,100,15,physical,neutral_v0,hit,0,selected,playtest_parameter_ready
504,ガーライトネス,project_generated_gameplay_v0_noncanonical,70,100,15,special,neutral_v0,hit,0,selected,playtest_parameter_ready
505,ホワイトライナー,project_generated_gameplay_v0_noncanonical,70,100,15,physical,neutral_v0,hit,0,selected,playtest_parameter_ready
506,ダウナーアイ,project_generated_gameplay_v0_noncanonical,70,100,15,physical,neutral_v0,hit,0,selected,playtest_parameter_ready
507,ボルケニックドライバー,project_generated_gameplay_v0_noncanonical,70,100,15,physical,neutral_v0,hit,0,selected,playtest_parameter_ready
508,ダイヤモンドフィスト,project_generated_gameplay_v0_noncanonical,70,100,15,special,neutral_v0,hit,0,selected,playtest_parameter_ready
509,キルリアン・ブラント,project_generated_gameplay_v0_noncanonical,70,100,15,special,neutral_v0,hit,0,selected,playtest_parameter_ready
510,ライジング・サン,project_generated_gameplay_v0_noncanonical,70,100,15,physical,neutral_v0,hit,0,selected,playtest_parameter_ready
511,エレクーゲル,project_generated_gameplay_v0_noncanonical,70,100,15,physical,neutral_v0,hit,0,selected,playtest_parameter_ready
512,ブリッツアーム,project_generated_gameplay_v0_noncanonical,70,100,15,physical,neutral_v0,hit,0,selected,playtest_parameter_ready
513,ワームベノム,project_generated_gameplay_v0_noncanonical,70,100,15,physical,neutral_v0,hit,0,selected,playtest_parameter_ready
514,ポイズンライド,project_generated_gameplay_v0_noncanonical,70,100,15,special,neutral_v0,hit,0,selected,playtest_parameter_ready
515,アクアタワー,project_generated_gameplay_v0_noncanonical,70,100,15,special,neutral_v0,hit,0,selected,playtest_parameter_ready
516,ブレードフィン,project_generated_gameplay_v0_noncanonical,70,100,15,special,neutral_v0,hit,0,selected,playtest_parameter_ready
517,バイオトキシン,project_generated_gameplay_v0_noncanonical,70,100,15,special,neutral_v0,hit,0,selected,playtest_parameter_ready
518,インテンスランテール,project_generated_gameplay_v0_noncanonical,70,100,15,special,neutral_v0,hit,0,selected,playtest_parameter_ready
519,ディビジョンブレイク,project_generated_gameplay_v0_noncanonical,70,100,15,physical,neutral_v0,hit,0,selected,playtest_parameter_ready
520,マルチプルシード,project_generated_gameplay_v0_noncanonical,70,100,15,physical,neutral_v0,hit,0,selected,playtest_parameter_ready
521,スプラウトラッシュ,project_generated_gameplay_v0_noncanonical,70,100,15,physical,neutral_v0,hit,0,selected,playtest_parameter_ready
522,グラン・デル・ソル,project_generated_gameplay_v0_noncanonical,70,100,15,physical,neutral_v0,hit,0,selected,playtest_parameter_ready
523,アサルトハチェット,project_generated_gameplay_v0_noncanonical,70,100,15,special,neutral_v0,hit,0,selected,playtest_parameter_ready
524,タイドアップアイビー,project_generated_gameplay_v0_noncanonical,70,100,15,special,neutral_v0,hit,0,selected,playtest_parameter_ready
525,ショットガンモス,project_generated_gameplay_v0_noncanonical,70,100,15,physical,neutral_v0,hit,0,selected,playtest_parameter_ready
526,ディストラクショングレネード,project_generated_gameplay_v0_noncanonical,70,100,15,physical,neutral_v0,hit,0,selected,playtest_parameter_ready
527,スパイシーオニオン,project_generated_gameplay_v0_noncanonical,70,100,15,physical,neutral_v0,hit,0,selected,playtest_parameter_ready
528,デリシャスパティ,project_generated_gameplay_v0_noncanonical,70,100,15,physical,neutral_v0,hit,0,selected,playtest_parameter_ready
529,ファイアフェザー,project_generated_gameplay_v0_noncanonical,70,100,15,special,neutral_v0,hit,0,selected,playtest_parameter_ready
530,ピッドスピード,project_generated_gameplay_v0_noncanonical,70,100,15,special,neutral_v0,hit,0,selected,playtest_parameter_ready
531,デザートウィンド,project_generated_gameplay_v0_noncanonical,70,100,15,physical,neutral_v0,hit,0,selected,playtest_parameter_ready
532,サンダーレイ,project_generated_gameplay_v0_noncanonical,70,100,15,special,neutral_v0,hit,0,selected,playtest_parameter_ready
533,インセクスオーム,project_generated_gameplay_v0_noncanonical,70,100,15,physical,neutral_v0,hit,0,selected,playtest_parameter_ready
534,パイルシェル,project_generated_gameplay_v0_noncanonical,70,100,15,physical,neutral_v0,hit,0,selected,playtest_parameter_ready
535,マインドフォッグ,project_generated_gameplay_v0_noncanonical,70,100,15,special,neutral_v0,hit,0,selected,playtest_parameter_ready
536,フリースローボム,project_generated_gameplay_v0_noncanonical,70,100,15,physical,neutral_v0,hit,0,selected,playtest_parameter_ready
537,爆・オヤジパンチ,project_generated_gameplay_v0_noncanonical,70,100,15,physical,neutral_v0,hit,0,selected,playtest_parameter_ready
538,ギガブラスター,project_generated_gameplay_v0_noncanonical,70,100,15,physical,neutral_v0,hit,0,selected,playtest_parameter_ready
539,ホーンバスター改,project_generated_gameplay_v0_noncanonical,70,100,15,special,neutral_v0,hit,0,selected,playtest_parameter_ready
540,メテオスコール,project_generated_gameplay_v0_noncanonical,70,100,15,physical,neutral_v0,hit,0,selected,playtest_parameter_ready
541,メテオチャンピオン,project_generated_gameplay_v0_noncanonical,70,100,15,physical,neutral_v0,hit,0,selected,playtest_parameter_ready
542,プラズマブレイド,project_generated_gameplay_v0_noncanonical,70,100,15,special,neutral_v0,hit,0,selected,playtest_parameter_ready
543,エキゾーストフレイム,project_generated_gameplay_v0_noncanonical,70,100,15,physical,neutral_v0,hit,0,selected,playtest_parameter_ready
544,ライデンブレイド,project_generated_gameplay_v0_noncanonical,70,100,15,physical,neutral_v0,hit,0,selected,playtest_parameter_ready
545,ダークネスギア,project_generated_gameplay_v0_noncanonical,70,100,15,physical,neutral_v0,hit,0,selected,playtest_parameter_ready
546,旋風縛（せんぷうばく）,project_generated_gameplay_v0_noncanonical,70,100,15,special,neutral_v0,hit,0,selected,playtest_parameter_ready
547,菊燐一閃・號雷斬（きくりんいっせん・ごうらいざん）,project_generated_gameplay_v0_noncanonical,70,100,15,special,neutral_v0,hit,0,selected,playtest_parameter_ready
548,刀華静謐（とうかせいひつ）,project_generated_gameplay_v0_noncanonical,70,100,15,special,neutral_v0,hit,0,selected,playtest_parameter_ready
549,ブラキオバブル,project_generated_gameplay_v0_noncanonical,70,100,15,physical,neutral_v0,hit,0,selected,playtest_parameter_ready
550,ブレイドツイスター,project_generated_gameplay_v0_noncanonical,70,100,15,physical,neutral_v0,hit,0,selected,playtest_parameter_ready
551,三連星,project_generated_gameplay_v0_noncanonical,70,100,15,special,neutral_v0,hit,0,selected,playtest_parameter_ready
552,ヴォルケーノストライクS,project_generated_gameplay_v0_noncanonical,70,100,15,physical,neutral_v0,hit,0,selected,playtest_parameter_ready
553,ハードタックル,project_generated_gameplay_v0_noncanonical,70,100,15,physical,neutral_v0,hit,0,selected,playtest_parameter_ready
554,ジャスティスマサカー,project_generated_gameplay_v0_noncanonical,70,100,15,special,neutral_v0,hit,0,selected,playtest_parameter_ready
555,サプライズアタック,project_generated_gameplay_v0_noncanonical,70,100,15,physical,neutral_v0,hit,0,selected,playtest_parameter_ready
556,斬電剣,project_generated_gameplay_v0_noncanonical,70,100,15,special,neutral_v0,hit,0,selected,playtest_parameter_ready
557,スカルスタンド,project_generated_gameplay_v0_noncanonical,70,100,15,special,neutral_v0,hit,0,selected,playtest_parameter_ready
558,リーパーストライク,project_generated_gameplay_v0_noncanonical,70,100,15,special,neutral_v0,hit,0,selected,playtest_parameter_ready
559,デザートデスサイズ,project_generated_gameplay_v0_noncanonical,70,100,15,physical,neutral_v0,hit,0,selected,playtest_parameter_ready
560,ウィザーウィング,project_generated_gameplay_v0_noncanonical,70,100,15,special,neutral_v0,hit,0,selected,playtest_parameter_ready
561,ロックブレス,project_generated_gameplay_v0_noncanonical,70,100,15,special,neutral_v0,hit,0,selected,playtest_parameter_ready
562,砂かけ,project_generated_gameplay_v0_noncanonical,70,100,15,physical,neutral_v0,hit,0,selected,playtest_parameter_ready
563,ダークピューピル,project_generated_gameplay_v0_noncanonical,70,100,15,physical,neutral_v0,hit,0,selected,playtest_parameter_ready
564,ポイズンミュークス,project_generated_gameplay_v0_noncanonical,70,100,15,physical,neutral_v0,hit,0,selected,playtest_parameter_ready
565,ゴルドリアンラッシュ,project_generated_gameplay_v0_noncanonical,70,100,15,physical,neutral_v0,hit,0,selected,playtest_parameter_ready
566,ゴールドエクスクレメント,project_generated_gameplay_v0_noncanonical,70,100,15,special,neutral_v0,hit,0,selected,playtest_parameter_ready
567,ホイールラッシュ,project_generated_gameplay_v0_noncanonical,70,100,15,special,neutral_v0,hit,0,selected,playtest_parameter_ready
568,ソードダンサー,project_generated_gameplay_v0_noncanonical,70,100,15,physical,neutral_v0,hit,0,selected,playtest_parameter_ready
569,バーニングスタークラッシャー,project_generated_gameplay_v0_noncanonical,70,100,15,physical,neutral_v0,hit,0,selected,playtest_parameter_ready
570,スリービクトライズ,project_generated_gameplay_v0_noncanonical,70,100,15,special,neutral_v0,hit,0,selected,playtest_parameter_ready
571,スリーインパクト,project_generated_gameplay_v0_noncanonical,70,100,15,physical,neutral_v0,hit,0,selected,playtest_parameter_ready
572,ビクトライズブーメラン,project_generated_gameplay_v0_noncanonical,70,100,15,special,neutral_v0,hit,0,selected,playtest_parameter_ready
573,ポイズンネイル,project_generated_gameplay_v0_noncanonical,70,100,15,physical,neutral_v0,hit,0,selected,playtest_parameter_ready
574,ラッパーコースター,project_generated_gameplay_v0_noncanonical,70,100,15,special,neutral_v0,hit,0,selected,playtest_parameter_ready
575,ワンハンド・スイング,project_generated_gameplay_v0_noncanonical,70,100,15,physical,neutral_v0,hit,0,selected,playtest_parameter_ready
576,トルペド・クロッシング,project_generated_gameplay_v0_noncanonical,70,100,15,special,neutral_v0,hit,0,selected,playtest_parameter_ready
577,コッチョン,project_generated_gameplay_v0_noncanonical,70,100,15,special,neutral_v0,hit,0,selected,playtest_parameter_ready
578,ミニデカフレイム,project_generated_gameplay_v0_noncanonical,70,100,15,physical,neutral_v0,hit,0,selected,playtest_parameter_ready
579,鼓・爆砕,project_generated_gameplay_v0_noncanonical,70,100,15,special,neutral_v0,hit,0,selected,playtest_parameter_ready
580,頭つぶし,project_generated_gameplay_v0_noncanonical,70,100,15,physical,neutral_v0,hit,0,selected,playtest_parameter_ready
581,クールランニング,project_generated_gameplay_v0_noncanonical,70,100,15,special,neutral_v0,hit,0,selected,playtest_parameter_ready
582,急ブレーキスパーク,project_generated_gameplay_v0_noncanonical,70,100,15,special,neutral_v0,hit,0,selected,playtest_parameter_ready
583,ウンチ投げ,project_generated_gameplay_v0_noncanonical,70,100,15,physical,neutral_v0,hit,0,selected,playtest_parameter_ready
584,キングスタンプ,project_generated_gameplay_v0_noncanonical,70,100,15,physical,neutral_v0,hit,0,selected,playtest_parameter_ready
585,鬼瞬轟拳（きしゅんごうけん）,project_generated_gameplay_v0_noncanonical,70,100,15,physical,neutral_v0,hit,0,selected,playtest_parameter_ready
586,獄炎破回蹴（ごくえんはかいしゅう）,project_generated_gameplay_v0_noncanonical,70,100,15,special,neutral_v0,hit,0,selected,playtest_parameter_ready
587,喰雷炎砕破（がらいえんさいは）,project_generated_gameplay_v0_noncanonical,70,100,15,physical,neutral_v0,hit,0,selected,playtest_parameter_ready
588,イノセンスブリザード,project_generated_gameplay_v0_noncanonical,70,100,15,physical,neutral_v0,hit,0,selected,playtest_parameter_ready
589,フリージングレイ,project_generated_gameplay_v0_noncanonical,70,100,15,special,neutral_v0,hit,0,selected,playtest_parameter_ready
590,ルインリバーヴ,project_generated_gameplay_v0_noncanonical,70,100,15,special,neutral_v0,hit,0,selected,playtest_parameter_ready
591,リムーバルブロウ,project_generated_gameplay_v0_noncanonical,70,100,15,physical,neutral_v0,hit,0,selected,playtest_parameter_ready
592,デフロストブレード,project_generated_gameplay_v0_noncanonical,70,100,15,physical,neutral_v0,hit,0,selected,playtest_parameter_ready
593,グラシエイトミサイル,project_generated_gameplay_v0_noncanonical,70,100,15,special,neutral_v0,hit,0,selected,playtest_parameter_ready
594,ダイアモンドダスト,project_generated_gameplay_v0_noncanonical,70,100,15,physical,neutral_v0,hit,0,selected,playtest_parameter_ready
595,セブンヘルズ,project_generated_gameplay_v0_noncanonical,70,100,15,special,neutral_v0,hit,0,selected,playtest_parameter_ready
596,テスタメント,project_generated_gameplay_v0_noncanonical,70,100,15,special,neutral_v0,hit,0,selected,playtest_parameter_ready
597,ダイジェス,project_generated_gameplay_v0_noncanonical,70,100,15,physical,neutral_v0,hit,0,selected,playtest_parameter_ready
598,ディケイズン,project_generated_gameplay_v0_noncanonical,70,100,15,special,neutral_v0,hit,0,selected,playtest_parameter_ready
599,擬遁アイソレーション（ぎとんあいそれーしょん）,project_generated_gameplay_v0_noncanonical,70,100,15,special,neutral_v0,hit,0,selected,playtest_parameter_ready
600,クラックハーケン,project_generated_gameplay_v0_noncanonical,70,100,15,physical,neutral_v0,hit,0,selected,playtest_parameter_ready
601,ダイナミックサイファー,project_generated_gameplay_v0_noncanonical,70,100,15,physical,neutral_v0,hit,0,selected,playtest_parameter_ready
602,フィレットブレード,project_generated_gameplay_v0_noncanonical,70,100,15,special,neutral_v0,hit,0,selected,playtest_parameter_ready
603,リップルエッジ,project_generated_gameplay_v0_noncanonical,70,100,15,physical,neutral_v0,hit,0,selected,playtest_parameter_ready
604,リキッドヴェール,project_generated_gameplay_v0_noncanonical,70,100,15,physical,neutral_v0,hit,0,selected,playtest_parameter_ready
605,プレシャスフレア,project_generated_gameplay_v0_noncanonical,70,100,15,special,neutral_v0,hit,0,selected,playtest_parameter_ready
606,ドリームミサイル,project_generated_gameplay_v0_noncanonical,70,100,15,special,neutral_v0,hit,0,selected,playtest_parameter_ready
607,アブソリュートテリトリー,project_generated_gameplay_v0_noncanonical,70,100,15,physical,neutral_v0,hit,0,selected,playtest_parameter_ready
608,ナイトメアアッセンブル,project_generated_gameplay_v0_noncanonical,70,100,15,physical,neutral_v0,hit,0,selected,playtest_parameter_ready
609,トゥインペタル,project_generated_gameplay_v0_noncanonical,70,100,15,physical,neutral_v0,hit,0,selected,playtest_parameter_ready
610,トライデントアームＶＥＲ９.９,project_generated_gameplay_v0_noncanonical,70,100,15,physical,neutral_v0,hit,0,selected,playtest_parameter_ready
611,ギガデストロイヤー,project_generated_gameplay_v0_noncanonical,70,100,15,physical,neutral_v0,hit,0,selected,playtest_parameter_ready
612,氷獣拳,project_generated_gameplay_v0_noncanonical,70,100,15,special,neutral_v0,hit,0,selected,playtest_parameter_ready
613,雪花火,project_generated_gameplay_v0_noncanonical,70,100,15,special,neutral_v0,hit,0,selected,playtest_parameter_ready
614,エネルギーボム,project_generated_gameplay_v0_noncanonical,70,100,15,physical,neutral_v0,hit,0,selected,playtest_parameter_ready
615,エネルギーレーザーボム,project_generated_gameplay_v0_noncanonical,70,100,15,special,neutral_v0,hit,0,selected,playtest_parameter_ready
616,アノードパンチ,project_generated_gameplay_v0_noncanonical,70,100,15,physical,neutral_v0,hit,0,selected,playtest_parameter_ready
617,カソードキック,project_generated_gameplay_v0_noncanonical,70,100,15,special,neutral_v0,hit,0,selected,playtest_parameter_ready
618,サンダーボマー,project_generated_gameplay_v0_noncanonical,70,100,15,physical,neutral_v0,hit,0,selected,playtest_parameter_ready
619,ヴォルケーノストライク,project_generated_gameplay_v0_noncanonical,70,100,15,special,neutral_v0,hit,0,selected,playtest_parameter_ready
620,トマホークスラッシュ,project_generated_gameplay_v0_noncanonical,70,100,15,physical,neutral_v0,hit,0,selected,playtest_parameter_ready
621,グラオ・レルム,project_generated_gameplay_v0_noncanonical,70,100,15,special,neutral_v0,hit,0,selected,playtest_parameter_ready
622,シュヴァルツ・シュトラール,project_generated_gameplay_v0_noncanonical,70,100,15,physical,neutral_v0,hit,0,selected,playtest_parameter_ready
623,デッドリーシェード,project_generated_gameplay_v0_noncanonical,70,100,15,physical,neutral_v0,hit,0,selected,playtest_parameter_ready
624,マッドバイキング,project_generated_gameplay_v0_noncanonical,70,100,15,special,neutral_v0,hit,0,selected,playtest_parameter_ready
625,アングリーロック,project_generated_gameplay_v0_noncanonical,70,100,15,physical,neutral_v0,hit,0,selected,playtest_parameter_ready
626,レイジロック,project_generated_gameplay_v0_noncanonical,70,100,15,physical,neutral_v0,hit,0,selected,playtest_parameter_ready
627,シザーズエクスキューション,project_generated_gameplay_v0_noncanonical,70,100,15,physical,neutral_v0,hit,0,selected,playtest_parameter_ready
628,ヘビークランチ,project_generated_gameplay_v0_noncanonical,70,100,15,physical,neutral_v0,hit,0,selected,playtest_parameter_ready
629,ロックブレイカー,project_generated_gameplay_v0_noncanonical,70,100,15,physical,neutral_v0,hit,0,selected,playtest_parameter_ready
630,ファイアーボール,project_generated_gameplay_v0_noncanonical,70,100,15,special,neutral_v0,hit,0,selected,playtest_parameter_ready
631,ファイアーミット,project_generated_gameplay_v0_noncanonical,70,100,15,special,neutral_v0,hit,0,selected,playtest_parameter_ready
632,ソル・キャリバー,project_generated_gameplay_v0_noncanonical,70,100,15,special,neutral_v0,hit,0,selected,playtest_parameter_ready
633,デモリッションホーン,project_generated_gameplay_v0_noncanonical,70,100,15,physical,neutral_v0,hit,0,selected,playtest_parameter_ready
634,リュウセイロックダマシー,project_generated_gameplay_v0_noncanonical,70,100,15,physical,neutral_v0,hit,0,selected,playtest_parameter_ready
635,植物性の泡,project_generated_gameplay_v0_noncanonical,70,100,15,special,neutral_v0,hit,0,selected,playtest_parameter_ready
636,グリーンピクルス,project_generated_gameplay_v0_noncanonical,70,100,15,physical,neutral_v0,hit,0,selected,playtest_parameter_ready
637,シュバシュバポテト,project_generated_gameplay_v0_noncanonical,70,100,15,physical,neutral_v0,hit,0,selected,playtest_parameter_ready
638,バッシュドポテト,project_generated_gameplay_v0_noncanonical,70,100,15,special,neutral_v0,hit,0,selected,playtest_parameter_ready
639,アネモダルメノス,project_generated_gameplay_v0_noncanonical,70,100,15,special,neutral_v0,hit,0,selected,playtest_parameter_ready
640,アステロイディス,project_generated_gameplay_v0_noncanonical,70,100,15,physical,neutral_v0,hit,0,selected,playtest_parameter_ready
641,ロンヒ・アディスタクト,project_generated_gameplay_v0_noncanonical,70,100,15,physical,neutral_v0,hit,0,selected,playtest_parameter_ready
642,クータスタ・キラナ,project_generated_gameplay_v0_noncanonical,70,100,15,physical,neutral_v0,hit,0,selected,playtest_parameter_ready
643,カマラ・カルマ,project_generated_gameplay_v0_noncanonical,70,100,15,special,neutral_v0,hit,0,selected,playtest_parameter_ready
644,サマディ・シャンティ,project_generated_gameplay_v0_noncanonical,70,100,15,special,neutral_v0,hit,0,selected,playtest_parameter_ready
645,二刀勢雷（にとうせいらい）,project_generated_gameplay_v0_noncanonical,70,100,15,special,neutral_v0,hit,0,selected,playtest_parameter_ready
646,士道一徹（しどういってつ）,project_generated_gameplay_v0_noncanonical,70,100,15,physical,neutral_v0,hit,0,selected,playtest_parameter_ready
647,神電召雷光（しんでんしょうらいこう）,project_generated_gameplay_v0_noncanonical,70,100,15,physical,neutral_v0,hit,0,selected,playtest_parameter_ready
648,ブランブルショット,project_generated_gameplay_v0_noncanonical,70,100,15,special,neutral_v0,hit,0,selected,playtest_parameter_ready
649,クリムゾンスポアーズ,project_generated_gameplay_v0_noncanonical,70,100,15,physical,neutral_v0,hit,0,selected,playtest_parameter_ready
650,キリングケイデンス,project_generated_gameplay_v0_noncanonical,70,100,15,physical,neutral_v0,hit,0,selected,playtest_parameter_ready
651,リズミック・アーツ,project_generated_gameplay_v0_noncanonical,70,100,15,special,neutral_v0,hit,0,selected,playtest_parameter_ready
652,ハウリングブラスト,project_generated_gameplay_v0_noncanonical,70,100,15,physical,neutral_v0,hit,0,selected,playtest_parameter_ready
653,アップビートツイスター,project_generated_gameplay_v0_noncanonical,70,100,15,physical,neutral_v0,hit,0,selected,playtest_parameter_ready
654,キャノンボールシューター,project_generated_gameplay_v0_noncanonical,70,100,15,special,neutral_v0,hit,0,selected,playtest_parameter_ready
655,ワイルドピッチ,project_generated_gameplay_v0_noncanonical,70,100,15,physical,neutral_v0,hit,0,selected,playtest_parameter_ready
656,ラウンドジェイル,project_generated_gameplay_v0_noncanonical,70,100,15,special,neutral_v0,hit,0,selected,playtest_parameter_ready
657,雷撃踵（らいげきしょう）,project_generated_gameplay_v0_noncanonical,70,100,15,special,neutral_v0,hit,0,selected,playtest_parameter_ready
658,武電破弾（ぶでんはだん）,project_generated_gameplay_v0_noncanonical,70,100,15,physical,neutral_v0,hit,0,selected,playtest_parameter_ready
659,迅雷廻天戟（じんらいかいてんげき）,project_generated_gameplay_v0_noncanonical,70,100,15,physical,neutral_v0,hit,0,selected,playtest_parameter_ready
660,轟炎輪（ごうえんりん）,project_generated_gameplay_v0_noncanonical,70,100,15,special,neutral_v0,hit,0,selected,playtest_parameter_ready
661,灰迅雷瞳（かいじんらいどう）,project_generated_gameplay_v0_noncanonical,70,100,15,physical,neutral_v0,hit,0,selected,playtest_parameter_ready
662,響香水月（きょうかすいげつ）,project_generated_gameplay_v0_noncanonical,70,100,15,physical,neutral_v0,hit,0,selected,playtest_parameter_ready
663,マーブルインパクト,project_generated_gameplay_v0_noncanonical,70,100,15,physical,neutral_v0,hit,0,selected,playtest_parameter_ready
664,ドリームハリケーン,project_generated_gameplay_v0_noncanonical,70,100,15,special,neutral_v0,hit,0,selected,playtest_parameter_ready
665,ラブリーシャワー,project_generated_gameplay_v0_noncanonical,70,100,15,physical,neutral_v0,hit,0,selected,playtest_parameter_ready
666,ミニマルフラッシュ,project_generated_gameplay_v0_noncanonical,70,100,15,special,neutral_v0,hit,0,selected,playtest_parameter_ready
667,静電気,project_generated_gameplay_v0_noncanonical,70,100,15,special,neutral_v0,hit,0,selected,playtest_parameter_ready
668,パラライズリック,project_generated_gameplay_v0_noncanonical,70,100,15,physical,neutral_v0,hit,0,selected,playtest_parameter_ready
669,ライトニングラッシュ,project_generated_gameplay_v0_noncanonical,70,100,15,special,neutral_v0,hit,0,selected,playtest_parameter_ready
670,ハートビートインパルス,project_generated_gameplay_v0_noncanonical,70,100,15,physical,neutral_v0,hit,0,selected,playtest_parameter_ready
671,インセクマインド,project_generated_gameplay_v0_noncanonical,70,100,15,physical,neutral_v0,hit,0,selected,playtest_parameter_ready
672,デフィブレイショック,project_generated_gameplay_v0_noncanonical,70,100,15,special,neutral_v0,hit,0,selected,playtest_parameter_ready
673,エレクトリカルフィスト,project_generated_gameplay_v0_noncanonical,70,100,15,special,neutral_v0,hit,0,selected,playtest_parameter_ready
674,サンダードレッド,project_generated_gameplay_v0_noncanonical,70,100,15,special,neutral_v0,hit,0,selected,playtest_parameter_ready
675,ワイワイパー,project_generated_gameplay_v0_noncanonical,70,100,15,physical,neutral_v0,hit,0,selected,playtest_parameter_ready
676,マッシグラン,project_generated_gameplay_v0_noncanonical,70,100,15,physical,neutral_v0,hit,0,selected,playtest_parameter_ready
677,エレキラッシュ,project_generated_gameplay_v0_noncanonical,70,100,15,physical,neutral_v0,hit,0,selected,playtest_parameter_ready
678,プチインパルス,project_generated_gameplay_v0_noncanonical,70,100,15,physical,neutral_v0,hit,0,selected,playtest_parameter_ready
679,雅琉々砲（がるるほう）,project_generated_gameplay_v0_noncanonical,70,100,15,physical,neutral_v0,hit,0,selected,playtest_parameter_ready
680,虞玲刀（ぐれいとう）,project_generated_gameplay_v0_noncanonical,70,100,15,physical,neutral_v0,hit,0,selected,playtest_parameter_ready
681,デストロイクロウ,project_generated_gameplay_v0_noncanonical,70,100,15,special,neutral_v0,hit,0,selected,playtest_parameter_ready
682,アルティメットフレア,project_generated_gameplay_v0_noncanonical,70,100,15,physical,neutral_v0,hit,0,selected,playtest_parameter_ready
683,マイアスピウ,project_generated_gameplay_v0_noncanonical,70,100,15,special,neutral_v0,hit,0,selected,playtest_parameter_ready
684,カウスラッガー,project_generated_gameplay_v0_noncanonical,70,100,15,special,neutral_v0,hit,0,selected,playtest_parameter_ready
685,アルナスショット,project_generated_gameplay_v0_noncanonical,70,100,15,special,neutral_v0,hit,0,selected,playtest_parameter_ready
686,カイザーネイル,project_generated_gameplay_v0_noncanonical,70,100,15,physical,neutral_v0,hit,0,selected,playtest_parameter_ready
687,メガデス,project_generated_gameplay_v0_noncanonical,70,100,15,special,neutral_v0,hit,0,selected,playtest_parameter_ready
688,トリニティゴスペル,project_generated_gameplay_v0_noncanonical,70,100,15,special,neutral_v0,hit,0,selected,playtest_parameter_ready
689,アシッドインジェクション,project_generated_gameplay_v0_noncanonical,70,100,15,special,neutral_v0,hit,0,selected,playtest_parameter_ready
690,デッドショット,project_generated_gameplay_v0_noncanonical,70,100,15,physical,neutral_v0,hit,0,selected,playtest_parameter_ready
691,ヒンダーマイアズマ,project_generated_gameplay_v0_noncanonical,70,100,15,physical,neutral_v0,hit,0,selected,playtest_parameter_ready
692,サイキックチェーン,project_generated_gameplay_v0_noncanonical,70,100,15,special,neutral_v0,hit,0,selected,playtest_parameter_ready
693,クラウドビジョン,project_generated_gameplay_v0_noncanonical,70,100,15,special,neutral_v0,hit,0,selected,playtest_parameter_ready
694,ダークウィング,project_generated_gameplay_v0_noncanonical,70,100,15,special,neutral_v0,hit,0,selected,playtest_parameter_ready
695,ポジトロンブラスター,project_generated_gameplay_v0_noncanonical,70,100,15,special,neutral_v0,hit,0,selected,playtest_parameter_ready
696,アルタブレード,project_generated_gameplay_v0_noncanonical,70,100,15,special,neutral_v0,hit,0,selected,playtest_parameter_ready
697,トライデントアーム,project_generated_gameplay_v0_noncanonical,70,100,15,physical,neutral_v0,hit,0,selected,playtest_parameter_ready
698,ジガストーム,project_generated_gameplay_v0_noncanonical,70,100,15,special,neutral_v0,hit,0,selected,playtest_parameter_ready
699,ヴァンキッシュミサイル,project_generated_gameplay_v0_noncanonical,70,100,15,physical,neutral_v0,hit,0,selected,playtest_parameter_ready
700,マキシマムデモリッシャー,project_generated_gameplay_v0_noncanonical,70,100,15,physical,neutral_v0,hit,0,selected,playtest_parameter_ready
701,フルスロットルエッジ,project_generated_gameplay_v0_noncanonical,70,100,15,physical,neutral_v0,hit,0,selected,playtest_parameter_ready
702,マッドネスファイア,project_generated_gameplay_v0_noncanonical,70,100,15,physical,neutral_v0,hit,0,selected,playtest_parameter_ready
703,パラボリックジャンク,project_generated_gameplay_v0_noncanonical,70,100,15,physical,neutral_v0,hit,0,selected,playtest_parameter_ready
704,スクラップティース,project_generated_gameplay_v0_noncanonical,70,100,15,special,neutral_v0,hit,0,selected,playtest_parameter_ready
705,バレッジスイーパー,project_generated_gameplay_v0_noncanonical,70,100,15,physical,neutral_v0,hit,0,selected,playtest_parameter_ready
706,レスティングバーナー,project_generated_gameplay_v0_noncanonical,70,100,15,special,neutral_v0,hit,0,selected,playtest_parameter_ready
707,ソニックエクスカベーター,project_generated_gameplay_v0_noncanonical,70,100,15,physical,neutral_v0,hit,0,selected,playtest_parameter_ready
708,ホップヒップ,project_generated_gameplay_v0_noncanonical,70,100,15,special,neutral_v0,hit,0,selected,playtest_parameter_ready
709,ポッピンティア,project_generated_gameplay_v0_noncanonical,70,100,15,special,neutral_v0,hit,0,selected,playtest_parameter_ready
710,アナイアレンション,project_generated_gameplay_v0_noncanonical,70,100,15,special,neutral_v0,hit,0,selected,playtest_parameter_ready
711,ルウダメント,project_generated_gameplay_v0_noncanonical,70,100,15,special,neutral_v0,hit,0,selected,playtest_parameter_ready
712,ドライアドスティンガー,project_generated_gameplay_v0_noncanonical,70,100,15,special,neutral_v0,hit,0,selected,playtest_parameter_ready
713,ブラステッドディザスター,project_generated_gameplay_v0_noncanonical,70,100,15,physical,neutral_v0,hit,0,selected,playtest_parameter_ready
714,パルシースイート,project_generated_gameplay_v0_noncanonical,70,100,15,special,neutral_v0,hit,0,selected,playtest_parameter_ready
715,ウェイビーオクタヴィスト,project_generated_gameplay_v0_noncanonical,70,100,15,physical,neutral_v0,hit,0,selected,playtest_parameter_ready
716,ペタリーカーネイジ,project_generated_gameplay_v0_noncanonical,70,100,15,physical,neutral_v0,hit,0,selected,playtest_parameter_ready
717,トロピカルヴェノム,project_generated_gameplay_v0_noncanonical,70,100,15,physical,neutral_v0,hit,0,selected,playtest_parameter_ready
718,ラピッドシード,project_generated_gameplay_v0_noncanonical,70,100,15,physical,neutral_v0,hit,0,selected,playtest_parameter_ready
719,フルーツラッシュ,project_generated_gameplay_v0_noncanonical,70,100,15,physical,neutral_v0,hit,0,selected,playtest_parameter_ready
720,邪念眼,project_generated_gameplay_v0_noncanonical,70,100,15,special,neutral_v0,hit,0,selected,playtest_parameter_ready
721,影縛り,project_generated_gameplay_v0_noncanonical,70,100,15,special,neutral_v0,hit,0,selected,playtest_parameter_ready
722,愚幻,project_generated_gameplay_v0_noncanonical,70,100,15,special,neutral_v0,hit,0,selected,playtest_parameter_ready
723,電撃ビリリン185V,project_generated_gameplay_v0_noncanonical,70,100,15,special,neutral_v0,hit,0,selected,playtest_parameter_ready
724,電撃ビリリン,project_generated_gameplay_v0_noncanonical,70,100,15,physical,neutral_v0,hit,0,selected,playtest_parameter_ready
725,パラライズブレス,project_generated_gameplay_v0_noncanonical,70,100,15,special,neutral_v0,hit,0,selected,playtest_parameter_ready
726,ブービーピット,project_generated_gameplay_v0_noncanonical,70,100,15,physical,neutral_v0,hit,0,selected,playtest_parameter_ready
727,酸の泡,project_generated_gameplay_v0_noncanonical,70,100,15,physical,neutral_v0,hit,0,selected,playtest_parameter_ready
728,リトルプラズマ,project_generated_gameplay_v0_noncanonical,70,100,15,special,neutral_v0,hit,0,selected,playtest_parameter_ready
729,ジャックレイド,project_generated_gameplay_v0_noncanonical,70,100,15,special,neutral_v0,hit,0,selected,playtest_parameter_ready
730,ブリューナストライク,project_generated_gameplay_v0_noncanonical,70,100,15,special,neutral_v0,hit,0,selected,playtest_parameter_ready
731,リアクターディスチャージ,project_generated_gameplay_v0_noncanonical,70,100,15,special,neutral_v0,hit,0,selected,playtest_parameter_ready
732,クルーアルインバイト,project_generated_gameplay_v0_noncanonical,70,100,15,special,neutral_v0,hit,0,selected,playtest_parameter_ready
733,カラミティバイス,project_generated_gameplay_v0_noncanonical,70,100,15,special,neutral_v0,hit,0,selected,playtest_parameter_ready
734,ブラントクロー,project_generated_gameplay_v0_noncanonical,70,100,15,special,neutral_v0,hit,0,selected,playtest_parameter_ready
735,コロニートーピード,project_generated_gameplay_v0_noncanonical,70,100,15,physical,neutral_v0,hit,0,selected,playtest_parameter_ready
736,ポセイドンボルテックス,project_generated_gameplay_v0_noncanonical,70,100,15,special,neutral_v0,hit,0,selected,playtest_parameter_ready
737,アクア・バイパー,project_generated_gameplay_v0_noncanonical,70,100,15,special,neutral_v0,hit,0,selected,playtest_parameter_ready
738,サッカーフィッシュダーツ,project_generated_gameplay_v0_noncanonical,70,100,15,special,neutral_v0,hit,0,selected,playtest_parameter_ready
739,フライングフィニッシュ,project_generated_gameplay_v0_noncanonical,70,100,15,special,neutral_v0,hit,0,selected,playtest_parameter_ready
740,レフュージミスト,project_generated_gameplay_v0_noncanonical,70,100,15,physical,neutral_v0,hit,0,selected,playtest_parameter_ready
741,コーラルプレッシャー,project_generated_gameplay_v0_noncanonical,70,100,15,physical,neutral_v0,hit,0,selected,playtest_parameter_ready
742,ジャイアントグレイター,project_generated_gameplay_v0_noncanonical,70,100,15,special,neutral_v0,hit,0,selected,playtest_parameter_ready
743,カース・リフレクション,project_generated_gameplay_v0_noncanonical,70,100,15,special,neutral_v0,hit,0,selected,playtest_parameter_ready
744,マウントストーン,project_generated_gameplay_v0_noncanonical,70,100,15,special,neutral_v0,hit,0,selected,playtest_parameter_ready
745,グライドロックス,project_generated_gameplay_v0_noncanonical,70,100,15,special,neutral_v0,hit,0,selected,playtest_parameter_ready
746,グリットネイル,project_generated_gameplay_v0_noncanonical,70,100,15,special,neutral_v0,hit,0,selected,playtest_parameter_ready
747,サンドブラスト,project_generated_gameplay_v0_noncanonical,70,100,15,physical,neutral_v0,hit,0,selected,playtest_parameter_ready
748,スパイクバスター,project_generated_gameplay_v0_noncanonical,70,100,15,special,neutral_v0,hit,0,selected,playtest_parameter_ready
749,フライングキック,project_generated_gameplay_v0_noncanonical,70,100,15,special,neutral_v0,hit,0,selected,playtest_parameter_ready
750,インフィニティドリーム,project_generated_gameplay_v0_noncanonical,70,100,15,special,neutral_v0,hit,0,selected,playtest_parameter_ready
751,ブレイズスパイカー,project_generated_gameplay_v0_noncanonical,70,100,15,special,neutral_v0,hit,0,selected,playtest_parameter_ready
752,マッハフリッカー,project_generated_gameplay_v0_noncanonical,70,100,15,physical,neutral_v0,hit,0,selected,playtest_parameter_ready
753,フロッグショット,project_generated_gameplay_v0_noncanonical,70,100,15,physical,neutral_v0,hit,0,selected,playtest_parameter_ready
754,スピンカリバー,project_generated_gameplay_v0_noncanonical,70,100,15,physical,neutral_v0,hit,0,selected,playtest_parameter_ready
755,スパイラルシュレッダー,project_generated_gameplay_v0_noncanonical,70,100,15,special,neutral_v0,hit,0,selected,playtest_parameter_ready
756,プリズムギャレット,project_generated_gameplay_v0_noncanonical,70,100,15,physical,neutral_v0,hit,0,selected,playtest_parameter_ready
757,フォックスファイアー,project_generated_gameplay_v0_noncanonical,70,100,15,special,neutral_v0,hit,0,selected,playtest_parameter_ready
758,メガフレイム,project_generated_gameplay_v0_noncanonical,70,100,15,special,neutral_v0,hit,0,selected,playtest_parameter_ready
759,ボルトライン,project_generated_gameplay_v0_noncanonical,70,100,15,special,neutral_v0,hit,0,selected,playtest_parameter_ready
760,インプリズメント,project_generated_gameplay_v0_noncanonical,70,100,15,physical,neutral_v0,hit,0,selected,playtest_parameter_ready
761,ブルートナックル,project_generated_gameplay_v0_noncanonical,70,100,15,special,neutral_v0,hit,0,selected,playtest_parameter_ready
762,シュガーパウンド,project_generated_gameplay_v0_noncanonical,70,100,15,special,neutral_v0,hit,0,selected,playtest_parameter_ready
763,ブルーブレイブ,project_generated_gameplay_v0_noncanonical,70,100,15,physical,neutral_v0,hit,0,selected,playtest_parameter_ready
764,オーロラブレイザー,project_generated_gameplay_v0_noncanonical,70,100,15,physical,neutral_v0,hit,0,selected,playtest_parameter_ready
765,リンリンテラピー,project_generated_gameplay_v0_noncanonical,70,100,15,physical,neutral_v0,hit,0,selected,playtest_parameter_ready
766,オーロラストリーム,project_generated_gameplay_v0_noncanonical,70,100,15,special,neutral_v0,hit,0,selected,playtest_parameter_ready
767,カッティングエッジ,project_generated_gameplay_v0_noncanonical,70,100,15,physical,neutral_v0,hit,0,selected,playtest_parameter_ready
768,クルーティレイン,project_generated_gameplay_v0_noncanonical,70,100,15,physical,neutral_v0,hit,0,selected,playtest_parameter_ready
769,フルメタルマシンガン,project_generated_gameplay_v0_noncanonical,70,100,15,special,neutral_v0,hit,0,selected,playtest_parameter_ready
770,クールエッジ,project_generated_gameplay_v0_noncanonical,70,100,15,physical,neutral_v0,hit,0,selected,playtest_parameter_ready
771,ムーンテンス,project_generated_gameplay_v0_noncanonical,70,100,15,special,neutral_v0,hit,0,selected,playtest_parameter_ready
772,レドルスター,project_generated_gameplay_v0_noncanonical,70,100,15,special,neutral_v0,hit,0,selected,playtest_parameter_ready
773,レッドリーマー,project_generated_gameplay_v0_noncanonical,70,100,15,physical,neutral_v0,hit,0,selected,playtest_parameter_ready
774,ストラッシュサラマンダー,project_generated_gameplay_v0_noncanonical,70,100,15,special,neutral_v0,hit,0,selected,playtest_parameter_ready
775,ガイアブレイブ,project_generated_gameplay_v0_noncanonical,70,100,15,physical,neutral_v0,hit,0,selected,playtest_parameter_ready
776,ビートプレス,project_generated_gameplay_v0_noncanonical,70,100,15,physical,neutral_v0,hit,0,selected,playtest_parameter_ready
777,ヘクサンダー,project_generated_gameplay_v0_noncanonical,70,100,15,special,neutral_v0,hit,0,selected,playtest_parameter_ready
778,ミラーガード,project_generated_gameplay_v0_noncanonical,70,100,15,physical,neutral_v0,hit,0,selected,playtest_parameter_ready
779,ミラーダスト,project_generated_gameplay_v0_noncanonical,70,100,15,special,neutral_v0,hit,0,selected,playtest_parameter_ready
780,ボールトリプ,project_generated_gameplay_v0_noncanonical,70,100,15,physical,neutral_v0,hit,0,selected,playtest_parameter_ready
781,天晴れ桜,project_generated_gameplay_v0_noncanonical,70,100,15,physical,neutral_v0,hit,0,selected,playtest_parameter_ready
782,扇子返し,project_generated_gameplay_v0_noncanonical,70,100,15,physical,neutral_v0,hit,0,selected,playtest_parameter_ready
783,ダイバッチグー,project_generated_gameplay_v0_noncanonical,70,100,15,special,neutral_v0,hit,0,selected,playtest_parameter_ready
784,プチツイスター,project_generated_gameplay_v0_noncanonical,70,100,15,physical,neutral_v0,hit,0,selected,playtest_parameter_ready
785,フローズンクロー,project_generated_gameplay_v0_noncanonical,70,100,15,physical,neutral_v0,hit,0,selected,playtest_parameter_ready
786,カロスディメンション,project_generated_gameplay_v0_noncanonical,70,100,15,physical,neutral_v0,hit,0,selected,playtest_parameter_ready
787,レーザーカノン,project_generated_gameplay_v0_noncanonical,70,100,15,special,neutral_v0,hit,0,selected,playtest_parameter_ready
788,レーザーサーベル,project_generated_gameplay_v0_noncanonical,70,100,15,special,neutral_v0,hit,0,selected,playtest_parameter_ready
789,メッサースパイラル,project_generated_gameplay_v0_noncanonical,70,100,15,physical,neutral_v0,hit,0,selected,playtest_parameter_ready
790,N・S・B・M,project_generated_gameplay_v0_noncanonical,70,100,15,physical,neutral_v0,hit,0,selected,playtest_parameter_ready
791,レーザーアイ,project_generated_gameplay_v0_noncanonical,70,100,15,physical,neutral_v0,hit,0,selected,playtest_parameter_ready
792,ソニックバルカン,project_generated_gameplay_v0_noncanonical,70,100,15,physical,neutral_v0,hit,0,selected,playtest_parameter_ready
793,ココンピック,project_generated_gameplay_v0_noncanonical,70,100,15,special,neutral_v0,hit,0,selected,playtest_parameter_ready
794,サモンフロスト,project_generated_gameplay_v0_noncanonical,70,100,15,physical,neutral_v0,hit,0,selected,playtest_parameter_ready
795,ヘクトエッジブリザード,project_generated_gameplay_v0_noncanonical,70,100,15,special,neutral_v0,hit,0,selected,playtest_parameter_ready
796,アブソリュートブラスト,project_generated_gameplay_v0_noncanonical,70,100,15,special,neutral_v0,hit,0,selected,playtest_parameter_ready
797,アイスエイジ,project_generated_gameplay_v0_noncanonical,70,100,15,special,neutral_v0,hit,0,selected,playtest_parameter_ready
798,メテオヘイル,project_generated_gameplay_v0_noncanonical,70,100,15,special,neutral_v0,hit,0,selected,playtest_parameter_ready
799,トリックオアトリート・ウォレス,project_generated_gameplay_v0_noncanonical,70,100,15,special,neutral_v0,hit,0,selected,playtest_parameter_ready
800,アトランティックダム,project_generated_gameplay_v0_noncanonical,70,100,15,physical,neutral_v0,hit,0,selected,playtest_parameter_ready
801,ワッサムリングジャック,project_generated_gameplay_v0_noncanonical,70,100,15,special,neutral_v0,hit,0,selected,playtest_parameter_ready
802,デスティニー・デス・デストラクション（Death3）,project_generated_gameplay_v0_noncanonical,70,100,15,physical,neutral_v0,hit,0,selected,playtest_parameter_ready
803,聖拳滅破,project_generated_gameplay_v0_noncanonical,70,100,15,physical,neutral_v0,hit,0,selected,playtest_parameter_ready
804,ナイツ・イントルーダー,project_generated_gameplay_v0_noncanonical,70,100,15,physical,neutral_v0,hit,0,selected,playtest_parameter_ready
805,クレイジーギグル,project_generated_gameplay_v0_noncanonical,70,100,15,physical,neutral_v0,hit,0,selected,playtest_parameter_ready
806,フレアロックダマシー,project_generated_gameplay_v0_noncanonical,70,100,15,physical,neutral_v0,hit,0,selected,playtest_parameter_ready
807,ヘヴィヒートバルカン,project_generated_gameplay_v0_noncanonical,70,100,15,physical,neutral_v0,hit,0,selected,playtest_parameter_ready
808,ジアルマグナム,project_generated_gameplay_v0_noncanonical,70,100,15,physical,neutral_v0,hit,0,selected,playtest_parameter_ready
809,オメガ・ザ・フュージョン,project_generated_gameplay_v0_noncanonical,70,100,15,special,neutral_v0,hit,0,selected,playtest_parameter_ready
810,エクスラディケート,project_generated_gameplay_v0_noncanonical,70,100,15,physical,neutral_v0,hit,0,selected,playtest_parameter_ready
811,メテオライザー,project_generated_gameplay_v0_noncanonical,70,100,15,special,neutral_v0,hit,0,selected,playtest_parameter_ready
812,ゴールデンスクエア,project_generated_gameplay_v0_noncanonical,70,100,15,special,neutral_v0,hit,0,selected,playtest_parameter_ready
813,シークレッドウォール,project_generated_gameplay_v0_noncanonical,70,100,15,special,neutral_v0,hit,0,selected,playtest_parameter_ready
814,ラピッドブラスター,project_generated_gameplay_v0_noncanonical,70,100,15,physical,neutral_v0,hit,0,selected,playtest_parameter_ready
815,レーザーガトリングアーム,project_generated_gameplay_v0_noncanonical,70,100,15,physical,neutral_v0,hit,0,selected,playtest_parameter_ready
816,ビリオンバレット,project_generated_gameplay_v0_noncanonical,70,100,15,special,neutral_v0,hit,0,selected,playtest_parameter_ready
817,ラブリースプラッシュ,project_generated_gameplay_v0_noncanonical,70,100,15,physical,neutral_v0,hit,0,selected,playtest_parameter_ready
818,究極戦技天仰拳,project_generated_gameplay_v0_noncanonical,70,100,15,special,neutral_v0,hit,0,selected,playtest_parameter_ready
819,鉄ゲタ張り手,project_generated_gameplay_v0_noncanonical,70,100,15,physical,neutral_v0,hit,0,selected,playtest_parameter_ready
820,ペンドラゴンスパークル,project_generated_gameplay_v0_noncanonical,70,100,15,special,neutral_v0,hit,0,selected,playtest_parameter_ready
821,雷剣ブレイラガハ,project_generated_gameplay_v0_noncanonical,70,100,15,physical,neutral_v0,hit,0,selected,playtest_parameter_ready
822,エクストリームテイラー,project_generated_gameplay_v0_noncanonical,70,100,15,physical,neutral_v0,hit,0,selected,playtest_parameter_ready
823,イレイズクロー,project_generated_gameplay_v0_noncanonical,70,100,15,physical,neutral_v0,hit,0,selected,playtest_parameter_ready
824,サンライズバスター,project_generated_gameplay_v0_noncanonical,70,100,15,physical,neutral_v0,hit,0,selected,playtest_parameter_ready
825,ザンスラスト,project_generated_gameplay_v0_noncanonical,70,100,15,physical,neutral_v0,hit,0,selected,playtest_parameter_ready
826,スターライトエクスプロージョン,project_generated_gameplay_v0_noncanonical,70,100,15,physical,neutral_v0,hit,0,selected,playtest_parameter_ready
827,ジャスティスXキック,project_generated_gameplay_v0_noncanonical,70,100,15,special,neutral_v0,hit,0,selected,playtest_parameter_ready
828,ジャスティスXパンチ,project_generated_gameplay_v0_noncanonical,70,100,15,physical,neutral_v0,hit,0,selected,playtest_parameter_ready
829,ジャスティスXブレード,project_generated_gameplay_v0_noncanonical,70,100,15,special,neutral_v0,hit,0,selected,playtest_parameter_ready
830,ボルトブレイク,project_generated_gameplay_v0_noncanonical,70,100,15,physical,neutral_v0,hit,0,selected,playtest_parameter_ready
831,サンダークラウド,project_generated_gameplay_v0_noncanonical,70,100,15,physical,neutral_v0,hit,0,selected,playtest_parameter_ready
832,胡劉球（こりゅうきゅう）,project_generated_gameplay_v0_noncanonical,70,100,15,physical,neutral_v0,hit,0,selected,playtest_parameter_ready
833,石敢当（せっかんとう）,project_generated_gameplay_v0_noncanonical,70,100,15,physical,neutral_v0,hit,0,selected,playtest_parameter_ready
834,ティーダ・イヤ,project_generated_gameplay_v0_noncanonical,70,100,15,physical,neutral_v0,hit,0,selected,playtest_parameter_ready
835,ビリリンハギュー,project_generated_gameplay_v0_noncanonical,70,100,15,special,neutral_v0,hit,0,selected,playtest_parameter_ready
836,ライトニングスピア,project_generated_gameplay_v0_noncanonical,70,100,15,physical,neutral_v0,hit,0,selected,playtest_parameter_ready
837,ヘブンズ・ジャッジメント,project_generated_gameplay_v0_noncanonical,70,100,15,special,neutral_v0,hit,0,selected,playtest_parameter_ready
838,ホーリーマテリアル,project_generated_gameplay_v0_noncanonical,70,100,15,physical,neutral_v0,hit,0,selected,playtest_parameter_ready
839,エデンスランス,project_generated_gameplay_v0_noncanonical,70,100,15,special,neutral_v0,hit,0,selected,playtest_parameter_ready
840,グランドホーリーアロー,project_generated_gameplay_v0_noncanonical,70,100,15,physical,neutral_v0,hit,0,selected,playtest_parameter_ready
841,ヘブンズチャーム,project_generated_gameplay_v0_noncanonical,70,100,15,special,neutral_v0,hit,0,selected,playtest_parameter_ready
842,スプーキーザッパー,project_generated_gameplay_v0_noncanonical,70,100,15,physical,neutral_v0,hit,0,selected,playtest_parameter_ready
843,フェイタルゲイズ,project_generated_gameplay_v0_noncanonical,70,100,15,physical,neutral_v0,hit,0,selected,playtest_parameter_ready
844,リワインドアビス13（サーティーン）,project_generated_gameplay_v0_noncanonical,70,100,15,physical,neutral_v0,hit,0,selected,playtest_parameter_ready
845,ドラゴンズロア,project_generated_gameplay_v0_noncanonical,70,100,15,physical,neutral_v0,hit,0,selected,playtest_parameter_ready
846,ブレス・オブ・ワイバーン,project_generated_gameplay_v0_noncanonical,70,100,15,physical,neutral_v0,hit,0,selected,playtest_parameter_ready
847,ドラゴンズガスト,project_generated_gameplay_v0_noncanonical,70,100,15,physical,neutral_v0,hit,0,selected,playtest_parameter_ready
848,アウススターベン,project_generated_gameplay_v0_noncanonical,70,100,15,physical,neutral_v0,hit,0,selected,playtest_parameter_ready
849,ブラオンネーベル,project_generated_gameplay_v0_noncanonical,70,100,15,special,neutral_v0,hit,0,selected,playtest_parameter_ready
850,アイネ・ビリオン,project_generated_gameplay_v0_noncanonical,70,100,15,physical,neutral_v0,hit,0,selected,playtest_parameter_ready
851,ホーリーフレイム,project_generated_gameplay_v0_noncanonical,70,100,15,special,neutral_v0,hit,0,selected,playtest_parameter_ready
852,ホーリーブレイズ,project_generated_gameplay_v0_noncanonical,70,100,15,special,neutral_v0,hit,0,selected,playtest_parameter_ready
853,ソローブルー,project_generated_gameplay_v0_noncanonical,70,100,15,physical,neutral_v0,hit,0,selected,playtest_parameter_ready
854,ファンタジーミスト,project_generated_gameplay_v0_noncanonical,70,100,15,physical,neutral_v0,hit,0,selected,playtest_parameter_ready
855,ゴッドフレイム,project_generated_gameplay_v0_noncanonical,70,100,15,physical,neutral_v0,hit,0,selected,playtest_parameter_ready
856,ゴッドフィスト,project_generated_gameplay_v0_noncanonical,70,100,15,special,neutral_v0,hit,0,selected,playtest_parameter_ready
857,シャドーウィング,project_generated_gameplay_v0_noncanonical,70,100,15,physical,neutral_v0,hit,0,selected,playtest_parameter_ready
858,ホーリーチャイム,project_generated_gameplay_v0_noncanonical,70,100,15,special,neutral_v0,hit,0,selected,playtest_parameter_ready
859,チクチクバンバン,project_generated_gameplay_v0_noncanonical,70,100,15,special,neutral_v0,hit,0,selected,playtest_parameter_ready
860,チクチクバムバム,project_generated_gameplay_v0_noncanonical,70,100,15,special,neutral_v0,hit,0,selected,playtest_parameter_ready
861,トーピードアタック,project_generated_gameplay_v0_noncanonical,70,100,15,physical,neutral_v0,hit,0,selected,playtest_parameter_ready
862,シックルストリーム,project_generated_gameplay_v0_noncanonical,70,100,15,physical,neutral_v0,hit,0,selected,playtest_parameter_ready
863,ブレイジングアイス,project_generated_gameplay_v0_noncanonical,70,100,15,physical,neutral_v0,hit,0,selected,playtest_parameter_ready
864,ファロストタイフーン,project_generated_gameplay_v0_noncanonical,70,100,15,physical,neutral_v0,hit,0,selected,playtest_parameter_ready
865,ブラックパール,project_generated_gameplay_v0_noncanonical,70,100,15,special,neutral_v0,hit,0,selected,playtest_parameter_ready
866,ブレイジングファイア,project_generated_gameplay_v0_noncanonical,70,100,15,physical,neutral_v0,hit,0,selected,playtest_parameter_ready
867,ポイズンアイビー,project_generated_gameplay_v0_noncanonical,70,100,15,special,neutral_v0,hit,0,selected,playtest_parameter_ready
868,ＲＧＢハーブ,project_generated_gameplay_v0_noncanonical,70,100,15,special,neutral_v0,hit,0,selected,playtest_parameter_ready
869,ビークピアス,project_generated_gameplay_v0_noncanonical,70,100,15,special,neutral_v0,hit,0,selected,playtest_parameter_ready
870,ネイルコーム,project_generated_gameplay_v0_noncanonical,70,100,15,special,neutral_v0,hit,0,selected,playtest_parameter_ready
871,スマイリーボム,project_generated_gameplay_v0_noncanonical,70,100,15,physical,neutral_v0,hit,0,selected,playtest_parameter_ready
872,ボムシング,project_generated_gameplay_v0_noncanonical,70,100,15,physical,neutral_v0,hit,0,selected,playtest_parameter_ready
873,ブレインラプチュアー,project_generated_gameplay_v0_noncanonical,70,100,15,physical,neutral_v0,hit,0,selected,playtest_parameter_ready
874,プラネットデストロイヤー,project_generated_gameplay_v0_noncanonical,70,100,15,special,neutral_v0,hit,0,selected,playtest_parameter_ready
875,プラネットデストロイヤージャスティス,project_generated_gameplay_v0_noncanonical,70,100,15,physical,neutral_v0,hit,0,selected,playtest_parameter_ready
876,スルトブランダー,project_generated_gameplay_v0_noncanonical,70,100,15,physical,neutral_v0,hit,0,selected,playtest_parameter_ready
877,ニヴルヘイムアレスト,project_generated_gameplay_v0_noncanonical,70,100,15,physical,neutral_v0,hit,0,selected,playtest_parameter_ready
878,グランドグリーズル,project_generated_gameplay_v0_noncanonical,70,100,15,physical,neutral_v0,hit,0,selected,playtest_parameter_ready
879,ヒャズニング・ワルツ,project_generated_gameplay_v0_noncanonical,70,100,15,special,neutral_v0,hit,0,selected,playtest_parameter_ready
880,シャイニングＶフォース,project_generated_gameplay_v0_noncanonical,70,100,15,physical,neutral_v0,hit,0,selected,playtest_parameter_ready
881,プラズマシュート,project_generated_gameplay_v0_noncanonical,70,100,15,physical,neutral_v0,hit,0,selected,playtest_parameter_ready
882,シャイニングゴールドソーラーストーム,project_generated_gameplay_v0_noncanonical,70,100,15,physical,neutral_v0,hit,0,selected,playtest_parameter_ready
883,キングジャベリン,project_generated_gameplay_v0_noncanonical,70,100,15,special,neutral_v0,hit,0,selected,playtest_parameter_ready
884,トライホーンアタック,project_generated_gameplay_v0_noncanonical,70,100,15,special,neutral_v0,hit,0,selected,playtest_parameter_ready
885,ゴールデントライホーンアタック,project_generated_gameplay_v0_noncanonical,70,100,15,special,neutral_v0,hit,0,selected,playtest_parameter_ready
886,シザーアームズΩ３^３,project_generated_gameplay_v0_noncanonical,70,100,15,special,neutral_v0,hit,0,selected,playtest_parameter_ready
887,パラライズテイル,project_generated_gameplay_v0_noncanonical,70,100,15,physical,neutral_v0,hit,0,selected,playtest_parameter_ready
888,パラライズ・ボム,project_generated_gameplay_v0_noncanonical,70,100,15,special,neutral_v0,hit,0,selected,playtest_parameter_ready
889,カースオブクィーン,project_generated_gameplay_v0_noncanonical,70,100,15,special,neutral_v0,hit,0,selected,playtest_parameter_ready
890,ロゼッタストーン,project_generated_gameplay_v0_noncanonical,70,100,15,special,neutral_v0,hit,0,selected,playtest_parameter_ready
891,カルトゥーシュ,project_generated_gameplay_v0_noncanonical,70,100,15,physical,neutral_v0,hit,0,selected,playtest_parameter_ready
892,アイスアロー,project_generated_gameplay_v0_noncanonical,70,100,15,physical,neutral_v0,hit,0,selected,playtest_parameter_ready
893,アイススピアー,project_generated_gameplay_v0_noncanonical,70,100,15,special,neutral_v0,hit,0,selected,playtest_parameter_ready
894,シザーアームズ,project_generated_gameplay_v0_noncanonical,70,100,15,special,neutral_v0,hit,0,selected,playtest_parameter_ready
895,クランチアーム,project_generated_gameplay_v0_noncanonical,70,100,15,special,neutral_v0,hit,0,selected,playtest_parameter_ready
896,ディノバースト,project_generated_gameplay_v0_noncanonical,70,100,15,special,neutral_v0,hit,0,selected,playtest_parameter_ready
897,ディノフラッシュ,project_generated_gameplay_v0_noncanonical,70,100,15,physical,neutral_v0,hit,0,selected,playtest_parameter_ready
898,マーチングフィッシィーズ,project_generated_gameplay_v0_noncanonical,70,100,15,special,neutral_v0,hit,0,selected,playtest_parameter_ready
899,シザーアームズミニ,project_generated_gameplay_v0_noncanonical,70,100,15,physical,neutral_v0,hit,0,selected,playtest_parameter_ready
900,暗黒のガイアフォース,project_generated_gameplay_v0_noncanonical,70,100,15,physical,neutral_v0,hit,0,selected,playtest_parameter_ready
901,ハデスフォース,project_generated_gameplay_v0_noncanonical,70,100,15,special,neutral_v0,hit,0,selected,playtest_parameter_ready
902,アフターバースト,project_generated_gameplay_v0_noncanonical,70,100,15,special,neutral_v0,hit,0,selected,playtest_parameter_ready
903,グレイエム,project_generated_gameplay_v0_noncanonical,70,100,15,special,neutral_v0,hit,0,selected,playtest_parameter_ready
904,エンデブレッヘン,project_generated_gameplay_v0_noncanonical,70,100,15,physical,neutral_v0,hit,0,selected,playtest_parameter_ready
905,エネルギアブリッツ,project_generated_gameplay_v0_noncanonical,70,100,15,physical,neutral_v0,hit,0,selected,playtest_parameter_ready
906,パンデミックデストロイヤー,project_generated_gameplay_v0_noncanonical,70,100,15,special,neutral_v0,hit,0,selected,playtest_parameter_ready
907,覇王拳,project_generated_gameplay_v0_noncanonical,70,100,15,physical,neutral_v0,hit,0,selected,playtest_parameter_ready
908,WEEK END,project_generated_gameplay_v0_noncanonical,70,100,15,special,neutral_v0,hit,0,selected,playtest_parameter_ready
909,BBバーナー,project_generated_gameplay_v0_noncanonical,70,100,15,special,neutral_v0,hit,0,selected,playtest_parameter_ready
910,ジャイロスマッシュ,project_generated_gameplay_v0_noncanonical,70,100,15,special,neutral_v0,hit,0,selected,playtest_parameter_ready
911,クオリアライズブラスト,project_generated_gameplay_v0_noncanonical,70,100,15,physical,neutral_v0,hit,0,selected,playtest_parameter_ready
912,スパイラルヴァニッシュ,project_generated_gameplay_v0_noncanonical,70,100,15,physical,neutral_v0,hit,0,selected,playtest_parameter_ready
913,デスペレイトボルテックス,project_generated_gameplay_v0_noncanonical,70,100,15,physical,neutral_v0,hit,0,selected,playtest_parameter_ready
914,プレデターズバイト,project_generated_gameplay_v0_noncanonical,70,100,15,physical,neutral_v0,hit,0,selected,playtest_parameter_ready
915,スパイラル・ヘル,project_generated_gameplay_v0_noncanonical,70,100,15,physical,neutral_v0,hit,0,selected,playtest_parameter_ready
916,ギガクリムゾンダイブ,project_generated_gameplay_v0_noncanonical,70,100,15,special,neutral_v0,hit,0,selected,playtest_parameter_ready
917,ヴァーミリオンボルテックス,project_generated_gameplay_v0_noncanonical,70,100,15,special,neutral_v0,hit,0,selected,playtest_parameter_ready
918,ライトニングスティンガー,project_generated_gameplay_v0_noncanonical,70,100,15,special,neutral_v0,hit,0,selected,playtest_parameter_ready
919,クリムゾンスラッシュ,project_generated_gameplay_v0_noncanonical,70,100,15,special,neutral_v0,hit,0,selected,playtest_parameter_ready
920,ソーンウィップ,project_generated_gameplay_v0_noncanonical,70,100,15,special,neutral_v0,hit,0,selected,playtest_parameter_ready
921,ローゼンブラッド,project_generated_gameplay_v0_noncanonical,70,100,15,physical,neutral_v0,hit,0,selected,playtest_parameter_ready
922,スマイリーウォーヘッド,project_generated_gameplay_v0_noncanonical,70,100,15,physical,neutral_v0,hit,0,selected,playtest_parameter_ready
923,デルモウォーキング,project_generated_gameplay_v0_noncanonical,70,100,15,physical,neutral_v0,hit,0,selected,playtest_parameter_ready
924,スパイラルボーン,project_generated_gameplay_v0_noncanonical,70,100,15,special,neutral_v0,hit,0,selected,playtest_parameter_ready
925,ジャイアントクラッシュボーン,project_generated_gameplay_v0_noncanonical,70,100,15,special,neutral_v0,hit,0,selected,playtest_parameter_ready
926,タスクストライクス,project_generated_gameplay_v0_noncanonical,70,100,15,special,neutral_v0,hit,0,selected,playtest_parameter_ready
927,ツンドラブレス,project_generated_gameplay_v0_noncanonical,70,100,15,special,neutral_v0,hit,0,selected,playtest_parameter_ready
928,ジオメトリックフリーザー,project_generated_gameplay_v0_noncanonical,70,100,15,physical,neutral_v0,hit,0,selected,playtest_parameter_ready
929,ヘルマニア,project_generated_gameplay_v0_noncanonical,70,100,15,special,neutral_v0,hit,0,selected,playtest_parameter_ready
930,メリーメリーデストラクション,project_generated_gameplay_v0_noncanonical,70,100,15,physical,neutral_v0,hit,0,selected,playtest_parameter_ready
931,ヴァンパイアセオリー,project_generated_gameplay_v0_noncanonical,70,100,15,physical,neutral_v0,hit,0,selected,playtest_parameter_ready
932,ブラッディドレイン,project_generated_gameplay_v0_noncanonical,70,100,15,special,neutral_v0,hit,0,selected,playtest_parameter_ready
933,パピーハウリング,project_generated_gameplay_v0_noncanonical,70,100,15,special,neutral_v0,hit,0,selected,playtest_parameter_ready
934,パピーポー,project_generated_gameplay_v0_noncanonical,70,100,15,special,neutral_v0,hit,0,selected,playtest_parameter_ready
935,ララバイバブル,project_generated_gameplay_v0_noncanonical,70,100,15,special,neutral_v0,hit,0,selected,playtest_parameter_ready
936,スマイリーヘッドバット,project_generated_gameplay_v0_noncanonical,70,100,15,special,neutral_v0,hit,0,selected,playtest_parameter_ready
937,ペイントスプラッシュ,project_generated_gameplay_v0_noncanonical,70,100,15,special,neutral_v0,hit,0,selected,playtest_parameter_ready
938,プシュー,project_generated_gameplay_v0_noncanonical,70,100,15,physical,neutral_v0,hit,0,selected,playtest_parameter_ready
939,ナイト・オブ・ファイアー,project_generated_gameplay_v0_noncanonical,70,100,15,physical,neutral_v0,hit,0,selected,playtest_parameter_ready
940,サモンチェイサー,project_generated_gameplay_v0_noncanonical,70,100,15,special,neutral_v0,hit,0,selected,playtest_parameter_ready
941,ファイアーブラスト,project_generated_gameplay_v0_noncanonical,70,100,15,special,neutral_v0,hit,0,selected,playtest_parameter_ready
942,フレイムスナッチ,project_generated_gameplay_v0_noncanonical,70,100,15,physical,neutral_v0,hit,0,selected,playtest_parameter_ready
943,ウンチラッシュ,project_generated_gameplay_v0_noncanonical,70,100,15,special,neutral_v0,hit,0,selected,playtest_parameter_ready
944,パラダイスロスト,project_generated_gameplay_v0_noncanonical,70,100,15,special,neutral_v0,hit,0,selected,playtest_parameter_ready
945,パーガトリアルフレイム,project_generated_gameplay_v0_noncanonical,70,100,15,physical,neutral_v0,hit,0,selected,playtest_parameter_ready
946,セブンス・ディバイン・クルス,project_generated_gameplay_v0_noncanonical,70,100,15,special,neutral_v0,hit,0,selected,playtest_parameter_ready
947,ナザルネイル,project_generated_gameplay_v0_noncanonical,70,100,15,physical,neutral_v0,hit,0,selected,playtest_parameter_ready
948,ファントムペイン,project_generated_gameplay_v0_noncanonical,70,100,15,physical,neutral_v0,hit,0,selected,playtest_parameter_ready
949,セブンス・ファシネイト,project_generated_gameplay_v0_noncanonical,70,100,15,special,neutral_v0,hit,0,selected,playtest_parameter_ready
950,カウダ・モルティフェラ,project_generated_gameplay_v0_noncanonical,70,100,15,physical,neutral_v0,hit,0,selected,playtest_parameter_ready
951,ロストルム・トリアデンス,project_generated_gameplay_v0_noncanonical,70,100,15,special,neutral_v0,hit,0,selected,playtest_parameter_ready
952,セブンス・ライトニング,project_generated_gameplay_v0_noncanonical,70,100,15,physical,neutral_v0,hit,0,selected,playtest_parameter_ready
953,ランプランツス,project_generated_gameplay_v0_noncanonical,70,100,15,physical,neutral_v0,hit,0,selected,playtest_parameter_ready
954,ギフトオブダークネス,project_generated_gameplay_v0_noncanonical,70,100,15,special,neutral_v0,hit,0,selected,playtest_parameter_ready
955,セブンス・ペネトレート,project_generated_gameplay_v0_noncanonical,70,100,15,special,neutral_v0,hit,0,selected,playtest_parameter_ready
956,デスルアー,project_generated_gameplay_v0_noncanonical,70,100,15,physical,neutral_v0,hit,0,selected,playtest_parameter_ready
957,パンデモニウムロスト,project_generated_gameplay_v0_noncanonical,70,100,15,physical,neutral_v0,hit,0,selected,playtest_parameter_ready
958,セブンス・ジュエライズ,project_generated_gameplay_v0_noncanonical,70,100,15,special,neutral_v0,hit,0,selected,playtest_parameter_ready
959,フレイムインフェルノ,project_generated_gameplay_v0_noncanonical,70,100,15,special,neutral_v0,hit,0,selected,playtest_parameter_ready
960,セブンス・グラビトン,project_generated_gameplay_v0_noncanonical,70,100,15,special,neutral_v0,hit,0,selected,playtest_parameter_ready
961,インフェルノバースト,project_generated_gameplay_v0_noncanonical,70,100,15,physical,neutral_v0,hit,0,selected,playtest_parameter_ready
962,クルーエルトルネード,project_generated_gameplay_v0_noncanonical,70,100,15,physical,neutral_v0,hit,0,selected,playtest_parameter_ready
963,デッドリーブレイクロスト,project_generated_gameplay_v0_noncanonical,70,100,15,special,neutral_v0,hit,0,selected,playtest_parameter_ready
964,アンデッドソルジャー,project_generated_gameplay_v0_noncanonical,70,100,15,special,neutral_v0,hit,0,selected,playtest_parameter_ready
965,ダークネスプリズン,project_generated_gameplay_v0_noncanonical,70,100,15,physical,neutral_v0,hit,0,selected,playtest_parameter_ready
966,デモンズクリスタル,project_generated_gameplay_v0_noncanonical,70,100,15,physical,neutral_v0,hit,0,selected,playtest_parameter_ready
967,フレイムヘルサイズ,project_generated_gameplay_v0_noncanonical,70,100,15,physical,neutral_v0,hit,0,selected,playtest_parameter_ready
968,ビヘッドスラッシャー,project_generated_gameplay_v0_noncanonical,70,100,15,physical,neutral_v0,hit,0,selected,playtest_parameter_ready
969,ブロウクンデストロイ,project_generated_gameplay_v0_noncanonical,70,100,15,special,neutral_v0,hit,0,selected,playtest_parameter_ready
970,ウルティマバースト,project_generated_gameplay_v0_noncanonical,70,100,15,physical,neutral_v0,hit,0,selected,playtest_parameter_ready
971,チクチクローリング,project_generated_gameplay_v0_noncanonical,70,100,15,physical,neutral_v0,hit,0,selected,playtest_parameter_ready
972,おしゃぶり,project_generated_gameplay_v0_noncanonical,70,100,15,special,neutral_v0,hit,0,selected,playtest_parameter_ready
973,バリアブレード,project_generated_gameplay_v0_noncanonical,70,100,15,special,neutral_v0,hit,0,selected,playtest_parameter_ready
974,ライトニングカッター,project_generated_gameplay_v0_noncanonical,70,100,15,special,neutral_v0,hit,0,selected,playtest_parameter_ready
975,ベビーヘイル,project_generated_gameplay_v0_noncanonical,70,100,15,special,neutral_v0,hit,0,selected,playtest_parameter_ready
976,アイスマッシュ,project_generated_gameplay_v0_noncanonical,70,100,15,special,neutral_v0,hit,0,selected,playtest_parameter_ready
977,ライトニングファー,project_generated_gameplay_v0_noncanonical,70,100,15,special,neutral_v0,hit,0,selected,playtest_parameter_ready
978,ケンザンダイブ,project_generated_gameplay_v0_noncanonical,70,100,15,physical,neutral_v0,hit,0,selected,playtest_parameter_ready
979,コキュートスブレス,project_generated_gameplay_v0_noncanonical,70,100,15,special,neutral_v0,hit,0,selected,playtest_parameter_ready
980,ガルルトマホーク,project_generated_gameplay_v0_noncanonical,70,100,15,physical,neutral_v0,hit,0,selected,playtest_parameter_ready
981,グレイスクロスフリーザー,project_generated_gameplay_v0_noncanonical,70,100,15,physical,neutral_v0,hit,0,selected,playtest_parameter_ready
982,トリニティーアーム,project_generated_gameplay_v0_noncanonical,70,100,15,physical,neutral_v0,hit,0,selected,playtest_parameter_ready
983,ジャスティスキック,project_generated_gameplay_v0_noncanonical,70,100,15,physical,neutral_v0,hit,0,selected,playtest_parameter_ready
984,火電鬼爆波（ひでんきばくは）,project_generated_gameplay_v0_noncanonical,70,100,15,physical,neutral_v0,hit,0,selected,playtest_parameter_ready
985,フロストクロー,project_generated_gameplay_v0_noncanonical,70,100,15,physical,neutral_v0,hit,0,selected,playtest_parameter_ready
986,裏飯綱（うらいづな）,project_generated_gameplay_v0_noncanonical,70,100,15,physical,neutral_v0,hit,0,selected,playtest_parameter_ready
987,胎蔵界曼荼羅（たいぞうかいまんだら）,project_generated_gameplay_v0_noncanonical,70,100,15,physical,neutral_v0,hit,0,selected,playtest_parameter_ready
988,ダブルエッジ,project_generated_gameplay_v0_noncanonical,70,100,15,physical,neutral_v0,hit,0,selected,playtest_parameter_ready
989,アトミックブラスター,project_generated_gameplay_v0_noncanonical,70,100,15,special,neutral_v0,hit,0,selected,playtest_parameter_ready
990,ロックダマシー,project_generated_gameplay_v0_noncanonical,70,100,15,special,neutral_v0,hit,0,selected,playtest_parameter_ready
991,ソウルクラッシャー,project_generated_gameplay_v0_noncanonical,70,100,15,special,neutral_v0,hit,0,selected,playtest_parameter_ready
992,ラウディロッカー,project_generated_gameplay_v0_noncanonical,70,100,15,special,neutral_v0,hit,0,selected,playtest_parameter_ready
993,ガイアフォースＺＥＲＯ,project_generated_gameplay_v0_noncanonical,70,100,15,special,neutral_v0,hit,0,selected,playtest_parameter_ready
994,メタルストーム,project_generated_gameplay_v0_noncanonical,70,100,15,special,neutral_v0,hit,0,selected,playtest_parameter_ready
995,ヘル・ハウリング,project_generated_gameplay_v0_noncanonical,70,100,15,physical,neutral_v0,hit,0,selected,playtest_parameter_ready
996,メギドフレイム,project_generated_gameplay_v0_noncanonical,70,100,15,physical,neutral_v0,hit,0,selected,playtest_parameter_ready
997,スリーピーバッド,project_generated_gameplay_v0_noncanonical,70,100,15,special,neutral_v0,hit,0,selected,playtest_parameter_ready
998,フラウカノン,project_generated_gameplay_v0_noncanonical,70,100,15,special,neutral_v0,hit,0,selected,playtest_parameter_ready
999,金剛界曼荼羅（こんごうかいまんだら）,project_generated_gameplay_v0_noncanonical,70,100,15,special,neutral_v0,hit,0,selected,playtest_parameter_ready
1000,此ノ花戦姫万象（このはなせんきばんしょう）,project_generated_gameplay_v0_noncanonical,70,100,15,special,neutral_v0,hit,0,selected,playtest_parameter_ready
1001,宇迦之御魂（うかのみたま）,project_generated_gameplay_v0_noncanonical,70,100,15,physical,neutral_v0,hit,0,selected,playtest_parameter_ready
1002,グラトニーフレア,project_generated_gameplay_v0_noncanonical,70,100,15,special,neutral_v0,hit,0,selected,playtest_parameter_ready
1003,ダークネスクロウ,project_generated_gameplay_v0_noncanonical,70,100,15,physical,neutral_v0,hit,0,selected,playtest_parameter_ready
1004,ダブルインパクト,project_generated_gameplay_v0_noncanonical,70,100,15,physical,neutral_v0,hit,0,selected,playtest_parameter_ready
1005,セブンス・フルクラスター,project_generated_gameplay_v0_noncanonical,70,100,15,special,neutral_v0,hit,0,selected,playtest_parameter_ready
1006,ダブルエッジΣ（シグマ）,project_generated_gameplay_v0_noncanonical,70,100,15,special,neutral_v0,hit,0,selected,playtest_parameter_ready
1007,アトミックメガロブラスター,project_generated_gameplay_v0_noncanonical,70,100,15,special,neutral_v0,hit,0,selected,playtest_parameter_ready
1008,アイン・ソフ・オウル,project_generated_gameplay_v0_noncanonical,70,100,15,physical,neutral_v0,hit,0,selected,playtest_parameter_ready
1009,アトミックブレイド,project_generated_gameplay_v0_noncanonical,70,100,15,special,neutral_v0,hit,0,selected,playtest_parameter_ready
1010,スピリットバースト,project_generated_gameplay_v0_noncanonical,70,100,15,physical,neutral_v0,hit,0,selected,playtest_parameter_ready
1011,太極旋（たいきょくせん）,project_generated_gameplay_v0_noncanonical,70,100,15,special,neutral_v0,hit,0,selected,playtest_parameter_ready
1012,狐蝶幻（こちょうげん）,project_generated_gameplay_v0_noncanonical,70,100,15,special,neutral_v0,hit,0,selected,playtest_parameter_ready
1013,トコトコダイブ,project_generated_gameplay_v0_noncanonical,70,100,15,physical,neutral_v0,hit,0,selected,playtest_parameter_ready
1014,噛み付き,project_generated_gameplay_v0_noncanonical,70,100,15,physical,neutral_v0,hit,0,selected,playtest_parameter_ready
1015,ダブルクロウ,project_generated_gameplay_v0_noncanonical,70,100,15,special,neutral_v0,hit,0,selected,playtest_parameter_ready
1016,フライバレット・セグンド,project_generated_gameplay_v0_noncanonical,70,100,15,physical,neutral_v0,hit,0,selected,playtest_parameter_ready
1017,ディスタンシア・セロ,project_generated_gameplay_v0_noncanonical,70,100,15,special,neutral_v0,hit,0,selected,playtest_parameter_ready
1018,ジークセイバー,project_generated_gameplay_v0_noncanonical,70,100,15,special,neutral_v0,hit,0,selected,playtest_parameter_ready
1019,ファイナル・エリシオン,project_generated_gameplay_v0_noncanonical,70,100,15,physical,neutral_v0,hit,0,selected,playtest_parameter_ready
1020,インフェルノゲート,project_generated_gameplay_v0_noncanonical,70,100,15,physical,neutral_v0,hit,0,selected,playtest_parameter_ready
1021,ヘルファイアー,project_generated_gameplay_v0_noncanonical,70,100,15,physical,neutral_v0,hit,0,selected,playtest_parameter_ready
1022,クリムゾンブレス,project_generated_gameplay_v0_noncanonical,70,100,15,special,neutral_v0,hit,0,selected,playtest_parameter_ready
1023,クラッシュローリング,project_generated_gameplay_v0_noncanonical,70,100,15,physical,neutral_v0,hit,0,selected,playtest_parameter_ready
1024,ベビーブレイズ,project_generated_gameplay_v0_noncanonical,70,100,15,physical,neutral_v0,hit,0,selected,playtest_parameter_ready
1025,スマッシュホーン,project_generated_gameplay_v0_noncanonical,70,100,15,special,neutral_v0,hit,0,selected,playtest_parameter_ready
1026,ジ・シュルネン,project_generated_gameplay_v0_noncanonical,70,100,15,physical,neutral_v0,hit,0,selected,playtest_parameter_ready
1027,プチファイアー,project_generated_gameplay_v0_noncanonical,70,100,15,special,neutral_v0,hit,0,selected,playtest_parameter_ready
1028,ホーンテッドピルス,project_generated_gameplay_v0_noncanonical,70,100,15,physical,neutral_v0,hit,0,selected,playtest_parameter_ready
1029,クレイジーゴーラウンド,project_generated_gameplay_v0_noncanonical,70,100,15,special,neutral_v0,hit,0,selected,playtest_parameter_ready
1030,サンクタス・トルメンタム,project_generated_gameplay_v0_noncanonical,70,100,15,special,neutral_v0,hit,0,selected,playtest_parameter_ready
1031,ロードオブフラタニティ,project_generated_gameplay_v0_noncanonical,70,100,15,special,neutral_v0,hit,0,selected,playtest_parameter_ready
1032,ノブレス・オブ・ルージュ,project_generated_gameplay_v0_noncanonical,70,100,15,physical,neutral_v0,hit,0,selected,playtest_parameter_ready
1033,究極戦突剣（きゅうきょくせんとつけん）グランローゼリオ,project_generated_gameplay_v0_noncanonical,70,100,15,physical,neutral_v0,hit,0,selected,playtest_parameter_ready
1034,白詰一文字切り,project_generated_gameplay_v0_noncanonical,70,100,15,special,neutral_v0,hit,0,selected,playtest_parameter_ready
1035,白殺（びゃくさい）,project_generated_gameplay_v0_noncanonical,70,100,15,physical,neutral_v0,hit,0,selected,playtest_parameter_ready
1036,突蜂（とっほう）,project_generated_gameplay_v0_noncanonical,70,100,15,special,neutral_v0,hit,0,selected,playtest_parameter_ready
1037,ギガデストロイヤーⅡ,project_generated_gameplay_v0_noncanonical,70,100,15,physical,neutral_v0,hit,0,selected,playtest_parameter_ready
1038,ヌークリアレーザーⅡ,project_generated_gameplay_v0_noncanonical,70,100,15,special,neutral_v0,hit,0,selected,playtest_parameter_ready
1039,獣王拳,project_generated_gameplay_v0_noncanonical,70,100,15,special,neutral_v0,hit,0,selected,playtest_parameter_ready
1040,ベビーフレイム,project_generated_gameplay_v0_noncanonical,70,100,15,special,neutral_v0,hit,0,selected,playtest_parameter_ready
1041,ベビーバーナー,project_generated_gameplay_v0_noncanonical,70,100,15,special,neutral_v0,hit,0,selected,playtest_parameter_ready
1042,鉄拳断罪,project_generated_gameplay_v0_noncanonical,70,100,15,physical,neutral_v0,hit,0,selected,playtest_parameter_ready
1043,シュベルトフリューゲル,project_generated_gameplay_v0_noncanonical,70,100,15,physical,neutral_v0,hit,0,selected,playtest_parameter_ready
1044,究極戦刃聖覇剣（きゅうきょくせんじんせいばけん）,project_generated_gameplay_v0_noncanonical,70,100,15,physical,neutral_v0,hit,0,selected,playtest_parameter_ready
1045,ディレクトスマッシャー,project_generated_gameplay_v0_noncanonical,70,100,15,physical,neutral_v0,hit,0,selected,playtest_parameter_ready
1046,イグニッションプロミネンス,project_generated_gameplay_v0_noncanonical,70,100,15,special,neutral_v0,hit,0,selected,playtest_parameter_ready
1047,デュエルエッジフロージョン,project_generated_gameplay_v0_noncanonical,70,100,15,special,neutral_v0,hit,0,selected,playtest_parameter_ready
1048,バレエガン,project_generated_gameplay_v0_noncanonical,70,100,15,special,neutral_v0,hit,0,selected,playtest_parameter_ready
1049,ウィスレン,project_generated_gameplay_v0_noncanonical,70,100,15,physical,neutral_v0,hit,0,selected,playtest_parameter_ready
1050,エンド・オブ・ザ・ワールド,project_generated_gameplay_v0_noncanonical,70,100,15,special,neutral_v0,hit,0,selected,playtest_parameter_ready
1051,マグナヴィジビリティ,project_generated_gameplay_v0_noncanonical,70,100,15,special,neutral_v0,hit,0,selected,playtest_parameter_ready
1052,サモン・アポカリプス,project_generated_gameplay_v0_noncanonical,70,100,15,physical,neutral_v0,hit,0,selected,playtest_parameter_ready
1053,ラプターグラップル,project_generated_gameplay_v0_noncanonical,70,100,15,special,neutral_v0,hit,0,selected,playtest_parameter_ready
1054,クラッシュチャージ,project_generated_gameplay_v0_noncanonical,70,100,15,physical,neutral_v0,hit,0,selected,playtest_parameter_ready
1055,天波返し（てんばがえし）,project_generated_gameplay_v0_noncanonical,70,100,15,special,neutral_v0,hit,0,selected,playtest_parameter_ready
1056,漢癪ダスト（かんしゃくダスト）,project_generated_gameplay_v0_noncanonical,70,100,15,special,neutral_v0,hit,0,selected,playtest_parameter_ready
1057,世堀クロードリル（よぼりクロードリル）,project_generated_gameplay_v0_noncanonical,70,100,15,special,neutral_v0,hit,0,selected,playtest_parameter_ready
1058,インフェルノディバイド,project_generated_gameplay_v0_noncanonical,70,100,15,physical,neutral_v0,hit,0,selected,playtest_parameter_ready
1059,サーベラスイレイズ,project_generated_gameplay_v0_noncanonical,70,100,15,physical,neutral_v0,hit,0,selected,playtest_parameter_ready
1060,トイフレイム,project_generated_gameplay_v0_noncanonical,70,100,15,special,neutral_v0,hit,0,selected,playtest_parameter_ready
1061,アストロボンバー,project_generated_gameplay_v0_noncanonical,70,100,15,physical,neutral_v0,hit,0,selected,playtest_parameter_ready
1062,ダイナマイトソウル,project_generated_gameplay_v0_noncanonical,70,100,15,physical,neutral_v0,hit,0,selected,playtest_parameter_ready
1063,甕布都神（ミカフツノカミ）,project_generated_gameplay_v0_noncanonical,70,100,15,physical,neutral_v0,hit,0,selected,playtest_parameter_ready
1064,羽黒（ハグロ）,project_generated_gameplay_v0_noncanonical,70,100,15,physical,neutral_v0,hit,0,selected,playtest_parameter_ready
1065,リザードダンス,project_generated_gameplay_v0_noncanonical,70,100,15,physical,neutral_v0,hit,0,selected,playtest_parameter_ready
1066,ヴァイスシュピラーレ,project_generated_gameplay_v0_noncanonical,70,100,15,special,neutral_v0,hit,0,selected,playtest_parameter_ready
1067,シュバルツナーゲル,project_generated_gameplay_v0_noncanonical,70,100,15,special,neutral_v0,hit,0,selected,playtest_parameter_ready
1068,デルブリッツ,project_generated_gameplay_v0_noncanonical,70,100,15,special,neutral_v0,hit,0,selected,playtest_parameter_ready
1069,プラッツェンクロイツ,project_generated_gameplay_v0_noncanonical,70,100,15,physical,neutral_v0,hit,0,selected,playtest_parameter_ready
1070,ゲヴァルトシュベルマー,project_generated_gameplay_v0_noncanonical,70,100,15,special,neutral_v0,hit,0,selected,playtest_parameter_ready
1071,ライトニングシャワー,project_generated_gameplay_v0_noncanonical,70,100,15,physical,neutral_v0,hit,0,selected,playtest_parameter_ready
1072,サンダースラッシュ,project_generated_gameplay_v0_noncanonical,70,100,15,physical,neutral_v0,hit,0,selected,playtest_parameter_ready
1073,サークレットディフェンス,project_generated_gameplay_v0_noncanonical,70,100,15,special,neutral_v0,hit,0,selected,playtest_parameter_ready
1074,フォルムタラニス,project_generated_gameplay_v0_noncanonical,70,100,15,physical,neutral_v0,hit,0,selected,playtest_parameter_ready
1075,パーホルス,project_generated_gameplay_v0_noncanonical,70,100,15,physical,neutral_v0,hit,0,selected,playtest_parameter_ready
1076,グレンストーム,project_generated_gameplay_v0_noncanonical,70,100,15,special,neutral_v0,hit,0,selected,playtest_parameter_ready
1077,ブラストスマッシュ,project_generated_gameplay_v0_noncanonical,70,100,15,physical,neutral_v0,hit,0,selected,playtest_parameter_ready
1078,ヴォルケニック・フレア,project_generated_gameplay_v0_noncanonical,70,100,15,special,neutral_v0,hit,0,selected,playtest_parameter_ready
1079,グライドブレイズ,project_generated_gameplay_v0_noncanonical,70,100,15,physical,neutral_v0,hit,0,selected,playtest_parameter_ready
1080,メルダイナー,project_generated_gameplay_v0_noncanonical,70,100,15,physical,neutral_v0,hit,0,selected,playtest_parameter_ready
1081,ワイルドブラスト,project_generated_gameplay_v0_noncanonical,70,100,15,physical,neutral_v0,hit,0,selected,playtest_parameter_ready
1082,フェルトメイド,project_generated_gameplay_v0_noncanonical,70,100,15,special,neutral_v0,hit,0,selected,playtest_parameter_ready
1083,ホーリーディザイア,project_generated_gameplay_v0_noncanonical,70,100,15,physical,neutral_v0,hit,0,selected,playtest_parameter_ready
1084,ダークディスパイア,project_generated_gameplay_v0_noncanonical,70,100,15,special,neutral_v0,hit,0,selected,playtest_parameter_ready
1085,カオスディグレイド,project_generated_gameplay_v0_noncanonical,70,100,15,physical,neutral_v0,hit,0,selected,playtest_parameter_ready
1086,パラズィヴァルツァー,project_generated_gameplay_v0_noncanonical,70,100,15,physical,neutral_v0,hit,0,selected,playtest_parameter_ready
1087,クオーツィオーネ,project_generated_gameplay_v0_noncanonical,70,100,15,physical,neutral_v0,hit,0,selected,playtest_parameter_ready
1088,ライトニングバスター,project_generated_gameplay_v0_noncanonical,70,100,15,special,neutral_v0,hit,0,selected,playtest_parameter_ready
1089,ロケットメッサー,project_generated_gameplay_v0_noncanonical,70,100,15,special,neutral_v0,hit,0,selected,playtest_parameter_ready
1090,フリスビッカー,project_generated_gameplay_v0_noncanonical,70,100,15,physical,neutral_v0,hit,0,selected,playtest_parameter_ready
1091,アサルトクロー,project_generated_gameplay_v0_noncanonical,70,100,15,physical,neutral_v0,hit,0,selected,playtest_parameter_ready
1092,グレイトフレイム,project_generated_gameplay_v0_noncanonical,70,100,15,physical,neutral_v0,hit,0,selected,playtest_parameter_ready
1093,アースタンプ,project_generated_gameplay_v0_noncanonical,70,100,15,physical,neutral_v0,hit,0,selected,playtest_parameter_ready
1094,超低速一文字斬り,project_generated_gameplay_v0_noncanonical,70,100,15,special,neutral_v0,hit,0,selected,playtest_parameter_ready
1095,超高速一文字斬り,project_generated_gameplay_v0_noncanonical,70,100,15,physical,neutral_v0,hit,0,selected,playtest_parameter_ready
1096,ウォルレーキ,project_generated_gameplay_v0_noncanonical,70,100,15,physical,neutral_v0,hit,0,selected,playtest_parameter_ready
1097,カンカン,project_generated_gameplay_v0_noncanonical,70,100,15,physical,neutral_v0,hit,0,selected,playtest_parameter_ready
1098,コッツン,project_generated_gameplay_v0_noncanonical,70,100,15,physical,neutral_v0,hit,0,selected,playtest_parameter_ready
1099,メディテーションキュア,project_generated_gameplay_v0_noncanonical,70,100,15,physical,neutral_v0,hit,0,selected,playtest_parameter_ready
1100,マントラチャント,project_generated_gameplay_v0_noncanonical,70,100,15,physical,neutral_v0,hit,0,selected,playtest_parameter_ready
1101,シャットクロー,project_generated_gameplay_v0_noncanonical,70,100,15,special,neutral_v0,hit,0,selected,playtest_parameter_ready
1102,トリコベゾアール,project_generated_gameplay_v0_noncanonical,70,100,15,physical,neutral_v0,hit,0,selected,playtest_parameter_ready
1103,エクススクラッチ,project_generated_gameplay_v0_noncanonical,70,100,15,special,neutral_v0,hit,0,selected,playtest_parameter_ready
1104,ジェットアロー,project_generated_gameplay_v0_noncanonical,70,100,15,physical,neutral_v0,hit,0,selected,playtest_parameter_ready
1105,クラッシュシンフォニー,project_generated_gameplay_v0_noncanonical,70,100,15,physical,neutral_v0,hit,0,selected,playtest_parameter_ready
1106,プチフレイム,project_generated_gameplay_v0_noncanonical,70,100,15,physical,neutral_v0,hit,0,selected,playtest_parameter_ready
1107,プラズマクラック,project_generated_gameplay_v0_noncanonical,70,100,15,physical,neutral_v0,hit,0,selected,playtest_parameter_ready
1108,ロケットバンカー,project_generated_gameplay_v0_noncanonical,70,100,15,physical,neutral_v0,hit,0,selected,playtest_parameter_ready
1109,ガルルソード,project_generated_gameplay_v0_noncanonical,70,100,15,physical,neutral_v0,hit,0,selected,playtest_parameter_ready
1110,グレイキャノン,project_generated_gameplay_v0_noncanonical,70,100,15,special,neutral_v0,hit,0,selected,playtest_parameter_ready
1111,ガオガトルネード,project_generated_gameplay_v0_noncanonical,70,100,15,physical,neutral_v0,hit,0,selected,playtest_parameter_ready
1112,ウィニングナックル,project_generated_gameplay_v0_noncanonical,70,100,15,physical,neutral_v0,hit,0,selected,playtest_parameter_ready
1113,ハウリングキャノン,project_generated_gameplay_v0_noncanonical,70,100,15,physical,neutral_v0,hit,0,selected,playtest_parameter_ready
1114,ダッシュダブルクロー,project_generated_gameplay_v0_noncanonical,70,100,15,physical,neutral_v0,hit,0,selected,playtest_parameter_ready
1115,ガオガハウンド,project_generated_gameplay_v0_noncanonical,70,100,15,physical,neutral_v0,hit,0,selected,playtest_parameter_ready
1116,スパイラルブロー,project_generated_gameplay_v0_noncanonical,70,100,15,special,neutral_v0,hit,0,selected,playtest_parameter_ready
1117,スクラッチスマッシュ,project_generated_gameplay_v0_noncanonical,70,100,15,physical,neutral_v0,hit,0,selected,playtest_parameter_ready
1118,手裏裏剣（しゅりりんけん）,project_generated_gameplay_v0_noncanonical,70,100,15,physical,neutral_v0,hit,0,selected,playtest_parameter_ready
1119,打竹落し（うちたけおとし）,project_generated_gameplay_v0_noncanonical,70,100,15,physical,neutral_v0,hit,0,selected,playtest_parameter_ready
1120,弾丸旋風（だんがんせんぷう）,project_generated_gameplay_v0_noncanonical,70,100,15,physical,neutral_v0,hit,0,selected,playtest_parameter_ready
1121,絶光衝（ぜっこうしょう）,project_generated_gameplay_v0_noncanonical,70,100,15,special,neutral_v0,hit,0,selected,playtest_parameter_ready
1122,ホーリーショット,project_generated_gameplay_v0_noncanonical,70,100,15,special,neutral_v0,hit,0,selected,playtest_parameter_ready
1123,ジャッジメント,project_generated_gameplay_v0_noncanonical,70,100,15,physical,neutral_v0,hit,0,selected,playtest_parameter_ready
1124,ゼロ・ジェネシス,project_generated_gameplay_v0_noncanonical,70,100,15,special,neutral_v0,hit,0,selected,playtest_parameter_ready
1125,ベニアズマ・ストレート,project_generated_gameplay_v0_noncanonical,70,100,15,physical,neutral_v0,hit,0,selected,playtest_parameter_ready
1126,ベニアズマ・アッパーカット,project_generated_gameplay_v0_noncanonical,70,100,15,physical,neutral_v0,hit,0,selected,playtest_parameter_ready
1127,乱破（らっぱ）,project_generated_gameplay_v0_noncanonical,70,100,15,special,neutral_v0,hit,0,selected,playtest_parameter_ready
1128,水破（すっぱ）,project_generated_gameplay_v0_noncanonical,70,100,15,special,neutral_v0,hit,0,selected,playtest_parameter_ready
1129,突破（とっぱ）,project_generated_gameplay_v0_noncanonical,70,100,15,physical,neutral_v0,hit,0,selected,playtest_parameter_ready
1130,火弾,project_generated_gameplay_v0_noncanonical,70,100,15,special,neutral_v0,hit,0,selected,playtest_parameter_ready
1131,水竜,project_generated_gameplay_v0_noncanonical,70,100,15,special,neutral_v0,hit,0,selected,playtest_parameter_ready
1132,風車,project_generated_gameplay_v0_noncanonical,70,100,15,physical,neutral_v0,hit,0,selected,playtest_parameter_ready
1133,電閃,project_generated_gameplay_v0_noncanonical,70,100,15,special,neutral_v0,hit,0,selected,playtest_parameter_ready
1134,索敵,project_generated_gameplay_v0_noncanonical,70,100,15,special,neutral_v0,hit,0,selected,playtest_parameter_ready
1135,ナイトストーカー,project_generated_gameplay_v0_noncanonical,70,100,15,special,neutral_v0,hit,0,selected,playtest_parameter_ready
1136,ラブポイズン,project_generated_gameplay_v0_noncanonical,70,100,15,special,neutral_v0,hit,0,selected,playtest_parameter_ready
1137,ファイナルストライクロール,project_generated_gameplay_v0_noncanonical,70,100,15,special,neutral_v0,hit,0,selected,playtest_parameter_ready
1138,マッドネスメリーゴーランドＤＸ,project_generated_gameplay_v0_noncanonical,70,100,15,physical,neutral_v0,hit,0,selected,playtest_parameter_ready
1139,サイバーギガンティックランチャー,project_generated_gameplay_v0_noncanonical,70,100,15,physical,neutral_v0,hit,0,selected,playtest_parameter_ready
1140,コロナル・マス・エジェクション,project_generated_gameplay_v0_noncanonical,70,100,15,physical,neutral_v0,hit,0,selected,playtest_parameter_ready
1141,プラズマキャノン,project_generated_gameplay_v0_noncanonical,70,100,15,special,neutral_v0,hit,0,selected,playtest_parameter_ready
1142,ナイトホーク,project_generated_gameplay_v0_noncanonical,70,100,15,special,neutral_v0,hit,0,selected,playtest_parameter_ready
1143,トライデントテール,project_generated_gameplay_v0_noncanonical,70,100,15,physical,neutral_v0,hit,0,selected,playtest_parameter_ready
1144,強羅打雷銃（ゴウラダライガン）,project_generated_gameplay_v0_noncanonical,70,100,15,physical,neutral_v0,hit,0,selected,playtest_parameter_ready
1145,超力鳴動破（チョウリキメイドウハ）,project_generated_gameplay_v0_noncanonical,70,100,15,physical,neutral_v0,hit,0,selected,playtest_parameter_ready
1146,魔重力呪縛陣（まじゅうりょくじゅばくじん）,project_generated_gameplay_v0_noncanonical,70,100,15,physical,neutral_v0,hit,0,selected,playtest_parameter_ready
1147,The Lion Sleeps Tonight,project_generated_gameplay_v0_noncanonical,70,100,15,physical,neutral_v0,hit,0,selected,playtest_parameter_ready
1148,Lion Heart,project_generated_gameplay_v0_noncanonical,70,100,15,special,neutral_v0,hit,0,selected,playtest_parameter_ready
1149,獣王堕拳,project_generated_gameplay_v0_noncanonical,70,100,15,physical,neutral_v0,hit,0,selected,playtest_parameter_ready
1150,腐毒爪,project_generated_gameplay_v0_noncanonical,70,100,15,physical,neutral_v0,hit,0,selected,playtest_parameter_ready
1151,ボンバーヘッド,project_generated_gameplay_v0_noncanonical,70,100,15,physical,neutral_v0,hit,0,selected,playtest_parameter_ready
1152,ファイヤーワークスレボリューション,project_generated_gameplay_v0_noncanonical,70,100,15,special,neutral_v0,hit,0,selected,playtest_parameter_ready
1153,デス・ザ・キャノン,project_generated_gameplay_v0_noncanonical,70,100,15,physical,neutral_v0,hit,0,selected,playtest_parameter_ready
1154,ダイアモンドマシンガン,project_generated_gameplay_v0_noncanonical,70,100,15,special,neutral_v0,hit,0,selected,playtest_parameter_ready
1155,ダイアモンドヘッジホッグ,project_generated_gameplay_v0_noncanonical,70,100,15,physical,neutral_v0,hit,0,selected,playtest_parameter_ready
1156,プリズムフラッシュ,project_generated_gameplay_v0_noncanonical,70,100,15,physical,neutral_v0,hit,0,selected,playtest_parameter_ready
1157,クリスタルブレス,project_generated_gameplay_v0_noncanonical,70,100,15,physical,neutral_v0,hit,0,selected,playtest_parameter_ready
1158,ライトニングシュート,project_generated_gameplay_v0_noncanonical,70,100,15,special,neutral_v0,hit,0,selected,playtest_parameter_ready
1159,ライトニングオーバーヘッド,project_generated_gameplay_v0_noncanonical,70,100,15,physical,neutral_v0,hit,0,selected,playtest_parameter_ready
1160,悪夢の泡,project_generated_gameplay_v0_noncanonical,70,100,15,physical,neutral_v0,hit,0,selected,playtest_parameter_ready
1161,チンチクリン,project_generated_gameplay_v0_noncanonical,70,100,15,special,neutral_v0,hit,0,selected,playtest_parameter_ready
1162,シュガープラム,project_generated_gameplay_v0_noncanonical,70,100,15,special,neutral_v0,hit,0,selected,playtest_parameter_ready
1163,ホーンブレイカー,project_generated_gameplay_v0_noncanonical,70,100,15,special,neutral_v0,hit,0,selected,playtest_parameter_ready
1164,へヴィスピーカー,project_generated_gameplay_v0_noncanonical,70,100,15,physical,neutral_v0,hit,0,selected,playtest_parameter_ready
1165,ガムロール,project_generated_gameplay_v0_noncanonical,70,100,15,physical,neutral_v0,hit,0,selected,playtest_parameter_ready
1166,トランスデリバリー,project_generated_gameplay_v0_noncanonical,70,100,15,special,neutral_v0,hit,0,selected,playtest_parameter_ready
1167,アストラルスナッチャー,project_generated_gameplay_v0_noncanonical,70,100,15,special,neutral_v0,hit,0,selected,playtest_parameter_ready
1168,スカーレットブラッドワイン,project_generated_gameplay_v0_noncanonical,70,100,15,special,neutral_v0,hit,0,selected,playtest_parameter_ready
1169,インビジブルスネークアイズ,project_generated_gameplay_v0_noncanonical,70,100,15,physical,neutral_v0,hit,0,selected,playtest_parameter_ready
1170,電影烈破（でんえいれっぱ）,project_generated_gameplay_v0_noncanonical,70,100,15,special,neutral_v0,hit,0,selected,playtest_parameter_ready
1171,光電殺法之陣（こうでんさっぽうのじん）,project_generated_gameplay_v0_noncanonical,70,100,15,physical,neutral_v0,hit,0,selected,playtest_parameter_ready
1172,癒天光(いてんこう）,project_generated_gameplay_v0_noncanonical,70,100,15,special,neutral_v0,hit,0,selected,playtest_parameter_ready
1173,業火弾（ごうかだん）,project_generated_gameplay_v0_noncanonical,70,100,15,physical,neutral_v0,hit,0,selected,playtest_parameter_ready
1174,爆水竜（ばくすいりゅう）,project_generated_gameplay_v0_noncanonical,70,100,15,physical,neutral_v0,hit,0,selected,playtest_parameter_ready
1175,暴風車（ぼうふうしゃ）,project_generated_gameplay_v0_noncanonical,70,100,15,special,neutral_v0,hit,0,selected,playtest_parameter_ready
1176,雷電閃（らいでんじん）,project_generated_gameplay_v0_noncanonical,70,100,15,physical,neutral_v0,hit,0,selected,playtest_parameter_ready
1177,瞬索敵（しゅんさくてき）,project_generated_gameplay_v0_noncanonical,70,100,15,special,neutral_v0,hit,0,selected,playtest_parameter_ready
1178,カミウチ,project_generated_gameplay_v0_noncanonical,70,100,15,special,neutral_v0,hit,0,selected,playtest_parameter_ready
1179,ギルティッシュ,project_generated_gameplay_v0_noncanonical,70,100,15,physical,neutral_v0,hit,0,selected,playtest_parameter_ready
1180,リークインフォメーション,project_generated_gameplay_v0_noncanonical,70,100,15,special,neutral_v0,hit,0,selected,playtest_parameter_ready
1181,ナイトメアレイド,project_generated_gameplay_v0_noncanonical,70,100,15,physical,neutral_v0,hit,0,selected,playtest_parameter_ready
1182,ブラッディストリームグレイド,project_generated_gameplay_v0_noncanonical,70,100,15,special,neutral_v0,hit,0,selected,playtest_parameter_ready
1183,ギャディアックレイド,project_generated_gameplay_v0_noncanonical,70,100,15,physical,neutral_v0,hit,0,selected,playtest_parameter_ready
1184,ドンドコ音頭,project_generated_gameplay_v0_noncanonical,70,100,15,special,neutral_v0,hit,0,selected,playtest_parameter_ready
1185,乱れ打ちラッシュ,project_generated_gameplay_v0_noncanonical,70,100,15,special,neutral_v0,hit,0,selected,playtest_parameter_ready
1186,極め太鼓,project_generated_gameplay_v0_noncanonical,70,100,15,physical,neutral_v0,hit,0,selected,playtest_parameter_ready
1187,漢魂乱れ太鼓,project_generated_gameplay_v0_noncanonical,70,100,15,physical,neutral_v0,hit,0,selected,playtest_parameter_ready
1188,ラウディドラマー,project_generated_gameplay_v0_noncanonical,70,100,15,physical,neutral_v0,hit,0,selected,playtest_parameter_ready
1189,ドリルバスター,project_generated_gameplay_v0_noncanonical,70,100,15,physical,neutral_v0,hit,0,selected,playtest_parameter_ready
1190,ドルルトルネード,project_generated_gameplay_v0_noncanonical,70,100,15,physical,neutral_v0,hit,0,selected,playtest_parameter_ready
1191,ドリルブレーダー,project_generated_gameplay_v0_noncanonical,70,100,15,special,neutral_v0,hit,0,selected,playtest_parameter_ready
1192,タイラントコルブラント,project_generated_gameplay_v0_noncanonical,70,100,15,special,neutral_v0,hit,0,selected,playtest_parameter_ready
1193,バーニング・ザ・ドラゴン,project_generated_gameplay_v0_noncanonical,70,100,15,physical,neutral_v0,hit,0,selected,playtest_parameter_ready
1194,ドラゴンブレストニックファイア,project_generated_gameplay_v0_noncanonical,70,100,15,special,neutral_v0,hit,0,selected,playtest_parameter_ready
1195,ハラショーアタック,project_generated_gameplay_v0_noncanonical,70,100,15,physical,neutral_v0,hit,0,selected,playtest_parameter_ready
1196,デスマーチ,project_generated_gameplay_v0_noncanonical,70,100,15,special,neutral_v0,hit,0,selected,playtest_parameter_ready
1197,エアスライサー,project_generated_gameplay_v0_noncanonical,70,100,15,physical,neutral_v0,hit,0,selected,playtest_parameter_ready
1198,アクアレジア,project_generated_gameplay_v0_noncanonical,70,100,15,special,neutral_v0,hit,0,selected,playtest_parameter_ready
1199,アクアレイジ,project_generated_gameplay_v0_noncanonical,70,100,15,physical,neutral_v0,hit,0,selected,playtest_parameter_ready
1200,デッカードランチャー,project_generated_gameplay_v0_noncanonical,70,100,15,physical,neutral_v0,hit,0,selected,playtest_parameter_ready
1201,スモーキーファング,project_generated_gameplay_v0_noncanonical,70,100,15,physical,neutral_v0,hit,0,selected,playtest_parameter_ready
1202,ヘビーテイルフック,project_generated_gameplay_v0_noncanonical,70,100,15,special,neutral_v0,hit,0,selected,playtest_parameter_ready
1203,プラズマデッカードランチャー,project_generated_gameplay_v0_noncanonical,70,100,15,special,neutral_v0,hit,0,selected,playtest_parameter_ready
1204,メイルバードランチャー,project_generated_gameplay_v0_noncanonical,70,100,15,special,neutral_v0,hit,0,selected,playtest_parameter_ready
1205,テラデストロイヤー,project_generated_gameplay_v0_noncanonical,70,100,15,special,neutral_v0,hit,0,selected,playtest_parameter_ready
1206,ファイナルスパーク,project_generated_gameplay_v0_noncanonical,70,100,15,physical,neutral_v0,hit,0,selected,playtest_parameter_ready
1207,マンティスダンス,project_generated_gameplay_v0_noncanonical,70,100,15,physical,neutral_v0,hit,0,selected,playtest_parameter_ready
1208,スモーキンブギ,project_generated_gameplay_v0_noncanonical,70,100,15,special,neutral_v0,hit,0,selected,playtest_parameter_ready
1209,チューチュー・ツイッター,project_generated_gameplay_v0_noncanonical,70,100,15,physical,neutral_v0,hit,0,selected,playtest_parameter_ready
1210,チンチクリンリン,project_generated_gameplay_v0_noncanonical,70,100,15,special,neutral_v0,hit,0,selected,playtest_parameter_ready
1211,プチシュガープラム,project_generated_gameplay_v0_noncanonical,70,100,15,physical,neutral_v0,hit,0,selected,playtest_parameter_ready
1212,ファイナルチクリモン,project_generated_gameplay_v0_noncanonical,70,100,15,special,neutral_v0,hit,0,selected,playtest_parameter_ready
1213,コンペートーハンマー,project_generated_gameplay_v0_noncanonical,70,100,15,physical,neutral_v0,hit,0,selected,playtest_parameter_ready
1214,ブンブン拳,project_generated_gameplay_v0_noncanonical,70,100,15,physical,neutral_v0,hit,0,selected,playtest_parameter_ready
1215,ガンバルカン,project_generated_gameplay_v0_noncanonical,70,100,15,physical,neutral_v0,hit,0,selected,playtest_parameter_ready
1216,ブー・スト・アタック,project_generated_gameplay_v0_noncanonical,70,100,15,special,neutral_v0,hit,0,selected,playtest_parameter_ready
1217,壱の太刀,project_generated_gameplay_v0_noncanonical,70,100,15,special,neutral_v0,hit,0,selected,playtest_parameter_ready
1218,弐の太刀,project_generated_gameplay_v0_noncanonical,70,100,15,special,neutral_v0,hit,0,selected,playtest_parameter_ready
1219,参の太刀,project_generated_gameplay_v0_noncanonical,70,100,15,physical,neutral_v0,hit,0,selected,playtest_parameter_ready
1220,タネガシマ,project_generated_gameplay_v0_noncanonical,70,100,15,special,neutral_v0,hit,0,selected,playtest_parameter_ready
1221,鬼神突,project_generated_gameplay_v0_noncanonical,70,100,15,physical,neutral_v0,hit,0,selected,playtest_parameter_ready
1222,星割り,project_generated_gameplay_v0_noncanonical,70,100,15,special,neutral_v0,hit,0,selected,playtest_parameter_ready
1223,ゴッドオブデススナッチャー,project_generated_gameplay_v0_noncanonical,70,100,15,special,neutral_v0,hit,0,selected,playtest_parameter_ready
1224,バルフィアイズ,project_generated_gameplay_v0_noncanonical,70,100,15,special,neutral_v0,hit,0,selected,playtest_parameter_ready
1225,エターナルダークメア,project_generated_gameplay_v0_noncanonical,70,100,15,special,neutral_v0,hit,0,selected,playtest_parameter_ready
1226,ツインスピア,project_generated_gameplay_v0_noncanonical,70,100,15,physical,neutral_v0,hit,0,selected,playtest_parameter_ready
1227,ショルダーブレード,project_generated_gameplay_v0_noncanonical,70,100,15,special,neutral_v0,hit,0,selected,playtest_parameter_ready
1228,こめっとランチャー,project_generated_gameplay_v0_noncanonical,70,100,15,special,neutral_v0,hit,0,selected,playtest_parameter_ready
1229,ゼニナゲ,project_generated_gameplay_v0_noncanonical,70,100,15,physical,neutral_v0,hit,0,selected,playtest_parameter_ready
1230,ポイゾナスフォース,project_generated_gameplay_v0_noncanonical,70,100,15,physical,neutral_v0,hit,0,selected,playtest_parameter_ready
1231,ハイドロプレッシャー,project_generated_gameplay_v0_noncanonical,70,100,15,special,neutral_v0,hit,0,selected,playtest_parameter_ready
1232,ビードラウン,project_generated_gameplay_v0_noncanonical,70,100,15,special,neutral_v0,hit,0,selected,playtest_parameter_ready
1233,タイガータイフーン（真の姿時）,project_generated_gameplay_v0_noncanonical,70,100,15,special,neutral_v0,hit,0,selected,playtest_parameter_ready
1234,クラッシュブーム,project_generated_gameplay_v0_noncanonical,70,100,15,physical,neutral_v0,hit,0,selected,playtest_parameter_ready
1235,ウィングエッジ,project_generated_gameplay_v0_noncanonical,70,100,15,special,neutral_v0,hit,0,selected,playtest_parameter_ready
1236,ランダムレーザー,project_generated_gameplay_v0_noncanonical,70,100,15,special,neutral_v0,hit,0,selected,playtest_parameter_ready
1237,ウィッシュアポンアスター,project_generated_gameplay_v0_noncanonical,70,100,15,physical,neutral_v0,hit,0,selected,playtest_parameter_ready
1238,アックスライダー,project_generated_gameplay_v0_noncanonical,70,100,15,special,neutral_v0,hit,0,selected,playtest_parameter_ready
1239,ストームアックス,project_generated_gameplay_v0_noncanonical,70,100,15,physical,neutral_v0,hit,0,selected,playtest_parameter_ready
1240,キバブレイバー,project_generated_gameplay_v0_noncanonical,70,100,15,special,neutral_v0,hit,0,selected,playtest_parameter_ready
1241,スピアニードル,project_generated_gameplay_v0_noncanonical,70,100,15,special,neutral_v0,hit,0,selected,playtest_parameter_ready
1242,ブレストアイ・ウィンク,project_generated_gameplay_v0_noncanonical,70,100,15,special,neutral_v0,hit,0,selected,playtest_parameter_ready
1243,ルナティックスラッシュ,project_generated_gameplay_v0_noncanonical,70,100,15,physical,neutral_v0,hit,0,selected,playtest_parameter_ready
1244,ガイアマジッカー,project_generated_gameplay_v0_noncanonical,70,100,15,physical,neutral_v0,hit,0,selected,playtest_parameter_ready
1245,霞隠,project_generated_gameplay_v0_noncanonical,70,100,15,special,neutral_v0,hit,0,selected,playtest_parameter_ready
1246,葉隠,project_generated_gameplay_v0_noncanonical,70,100,15,special,neutral_v0,hit,0,selected,playtest_parameter_ready
1247,ドルルキャノン,project_generated_gameplay_v0_noncanonical,70,100,15,special,neutral_v0,hit,0,selected,playtest_parameter_ready
1248,スターブレイド,project_generated_gameplay_v0_noncanonical,70,100,15,special,neutral_v0,hit,0,selected,playtest_parameter_ready
1249,エアシューター,project_generated_gameplay_v0_noncanonical,70,100,15,physical,neutral_v0,hit,0,selected,playtest_parameter_ready
1250,プラズマブラスター,project_generated_gameplay_v0_noncanonical,70,100,15,physical,neutral_v0,hit,0,selected,playtest_parameter_ready
1251,バーストダッシュストリーム,project_generated_gameplay_v0_noncanonical,70,100,15,special,neutral_v0,hit,0,selected,playtest_parameter_ready
1252,メテオバスターアタック,project_generated_gameplay_v0_noncanonical,70,100,15,special,neutral_v0,hit,0,selected,playtest_parameter_ready
1253,メテオインパクト,project_generated_gameplay_v0_noncanonical,70,100,15,physical,neutral_v0,hit,0,selected,playtest_parameter_ready
1254,カオスフレア,project_generated_gameplay_v0_noncanonical,70,100,15,physical,neutral_v0,hit,0,selected,playtest_parameter_ready
1255,スターズブレイドセレストライク,project_generated_gameplay_v0_noncanonical,70,100,15,special,neutral_v0,hit,0,selected,playtest_parameter_ready
1256,ハイアドモスフェリックプレッシャー,project_generated_gameplay_v0_noncanonical,70,100,15,physical,neutral_v0,hit,0,selected,playtest_parameter_ready
1257,バーニングスタースラッシャー,project_generated_gameplay_v0_noncanonical,70,100,15,special,neutral_v0,hit,0,selected,playtest_parameter_ready
1258,マックアロー,project_generated_gameplay_v0_noncanonical,70,100,15,physical,neutral_v0,hit,0,selected,playtest_parameter_ready
1259,ホーンブレイカーDX,project_generated_gameplay_v0_noncanonical,70,100,15,special,neutral_v0,hit,0,selected,playtest_parameter_ready
1260,バディブラスター,project_generated_gameplay_v0_noncanonical,70,100,15,special,neutral_v0,hit,0,selected,playtest_parameter_ready
1261,アームバンカー,project_generated_gameplay_v0_noncanonical,70,100,15,special,neutral_v0,hit,0,selected,playtest_parameter_ready
1262,オプティックレーザー,project_generated_gameplay_v0_noncanonical,70,100,15,physical,neutral_v0,hit,0,selected,playtest_parameter_ready
1263,ミヤバルカン,project_generated_gameplay_v0_noncanonical,70,100,15,special,neutral_v0,hit,0,selected,playtest_parameter_ready
1264,トライデントジャスファング,project_generated_gameplay_v0_noncanonical,70,100,15,physical,neutral_v0,hit,0,selected,playtest_parameter_ready
1265,ハイパーロックマグナム,project_generated_gameplay_v0_noncanonical,70,100,15,physical,neutral_v0,hit,0,selected,playtest_parameter_ready
1266,エレキバスタークロス,project_generated_gameplay_v0_noncanonical,70,100,15,physical,neutral_v0,hit,0,selected,playtest_parameter_ready
1267,ビクトライズ・バンキング,project_generated_gameplay_v0_noncanonical,70,100,15,physical,neutral_v0,hit,0,selected,playtest_parameter_ready
1268,ブレイブビートロックダブルクロス,project_generated_gameplay_v0_noncanonical,70,100,15,physical,neutral_v0,hit,0,selected,playtest_parameter_ready
1269,ハートブレイクショット,project_generated_gameplay_v0_noncanonical,70,100,15,physical,neutral_v0,hit,0,selected,playtest_parameter_ready
1270,セクシーダイナマイツ,project_generated_gameplay_v0_noncanonical,70,100,15,physical,neutral_v0,hit,0,selected,playtest_parameter_ready
1271,ウロボロスゲート,project_generated_gameplay_v0_noncanonical,70,100,15,special,neutral_v0,hit,0,selected,playtest_parameter_ready
1272,スパイシーハードラヴ,project_generated_gameplay_v0_noncanonical,70,100,15,special,neutral_v0,hit,0,selected,playtest_parameter_ready
1273,トライデントファング,project_generated_gameplay_v0_noncanonical,70,100,15,physical,neutral_v0,hit,0,selected,playtest_parameter_ready
1274,デストロイスマッシャー,project_generated_gameplay_v0_noncanonical,70,100,15,physical,neutral_v0,hit,0,selected,playtest_parameter_ready
1275,ジークフレイム,project_generated_gameplay_v0_noncanonical,70,100,15,physical,neutral_v0,hit,0,selected,playtest_parameter_ready
1276,プラズマレールガン,project_generated_gameplay_v0_noncanonical,70,100,15,special,neutral_v0,hit,0,selected,playtest_parameter_ready
1277,ファイナルストライクス,project_generated_gameplay_v0_noncanonical,70,100,15,special,neutral_v0,hit,0,selected,playtest_parameter_ready
1278,スナイプヘッドショット,project_generated_gameplay_v0_noncanonical,70,100,15,physical,neutral_v0,hit,0,selected,playtest_parameter_ready
1279,ボウカッター,project_generated_gameplay_v0_noncanonical,70,100,15,special,neutral_v0,hit,0,selected,playtest_parameter_ready
1280,フットショット,project_generated_gameplay_v0_noncanonical,70,100,15,special,neutral_v0,hit,0,selected,playtest_parameter_ready
1281,アローランス,project_generated_gameplay_v0_noncanonical,70,100,15,special,neutral_v0,hit,0,selected,playtest_parameter_ready
1282,タービュランスアロー,project_generated_gameplay_v0_noncanonical,70,100,15,special,neutral_v0,hit,0,selected,playtest_parameter_ready
1283,ザ・ワールドショット,project_generated_gameplay_v0_noncanonical,70,100,15,physical,neutral_v0,hit,0,selected,playtest_parameter_ready
1284,ギガスクリーム,project_generated_gameplay_v0_noncanonical,70,100,15,physical,neutral_v0,hit,0,selected,playtest_parameter_ready
1285,サウンドフィニッシュ,project_generated_gameplay_v0_noncanonical,70,100,15,physical,neutral_v0,hit,0,selected,playtest_parameter_ready
1286,イレイザークロー,project_generated_gameplay_v0_noncanonical,70,100,15,physical,neutral_v0,hit,0,selected,playtest_parameter_ready
1287,グラットンファング,project_generated_gameplay_v0_noncanonical,70,100,15,special,neutral_v0,hit,0,selected,playtest_parameter_ready
1288,サイバーブレーダー,project_generated_gameplay_v0_noncanonical,70,100,15,special,neutral_v0,hit,0,selected,playtest_parameter_ready
1289,デスディバイダー,project_generated_gameplay_v0_noncanonical,70,100,15,special,neutral_v0,hit,0,selected,playtest_parameter_ready
1290,イッチ・ダン・ケツ,project_generated_gameplay_v0_noncanonical,70,100,15,special,neutral_v0,hit,0,selected,playtest_parameter_ready
1291,￥UE-N,project_generated_gameplay_v0_noncanonical,70,100,15,physical,neutral_v0,hit,0,selected,playtest_parameter_ready
1292,ブラスターテイル,project_generated_gameplay_v0_noncanonical,70,100,15,special,neutral_v0,hit,0,selected,playtest_parameter_ready
1293,ホーンストライク,project_generated_gameplay_v0_noncanonical,70,100,15,special,neutral_v0,hit,0,selected,playtest_parameter_ready
1294,オクタグラビティ,project_generated_gameplay_v0_noncanonical,70,100,15,physical,neutral_v0,hit,0,selected,playtest_parameter_ready
1295,ハイグラビティープレッシャー,project_generated_gameplay_v0_noncanonical,70,100,15,physical,neutral_v0,hit,0,selected,playtest_parameter_ready
1296,グラビティー・バン,project_generated_gameplay_v0_noncanonical,70,100,15,physical,neutral_v0,hit,0,selected,playtest_parameter_ready
1297,キズナオール,project_generated_gameplay_v0_noncanonical,70,100,15,physical,neutral_v0,hit,0,selected,playtest_parameter_ready
1298,スグナオール,project_generated_gameplay_v0_noncanonical,70,100,15,special,neutral_v0,hit,0,selected,playtest_parameter_ready
1299,ヨクナオール,project_generated_gameplay_v0_noncanonical,70,100,15,physical,neutral_v0,hit,0,selected,playtest_parameter_ready
1300,スーパーソニックウェーブ,project_generated_gameplay_v0_noncanonical,70,100,15,physical,neutral_v0,hit,0,selected,playtest_parameter_ready
1301,ウルトラソニックウェーブ,project_generated_gameplay_v0_noncanonical,70,100,15,special,neutral_v0,hit,0,selected,playtest_parameter_ready
1302,ランガムブレイク,project_generated_gameplay_v0_noncanonical,70,100,15,physical,neutral_v0,hit,0,selected,playtest_parameter_ready
1303,ジャックドハンマー,project_generated_gameplay_v0_noncanonical,70,100,15,physical,neutral_v0,hit,0,selected,playtest_parameter_ready
1304,ファイアーボルテクス,project_generated_gameplay_v0_noncanonical,70,100,15,physical,neutral_v0,hit,0,selected,playtest_parameter_ready
1305,ゴールドボーリング,project_generated_gameplay_v0_noncanonical,70,100,15,special,neutral_v0,hit,0,selected,playtest_parameter_ready
1306,ゴールドプレス,project_generated_gameplay_v0_noncanonical,70,100,15,special,neutral_v0,hit,0,selected,playtest_parameter_ready
1307,キロフレイム,project_generated_gameplay_v0_noncanonical,70,100,15,special,neutral_v0,hit,0,selected,playtest_parameter_ready
1308,ヘッドストライク,project_generated_gameplay_v0_noncanonical,70,100,15,physical,neutral_v0,hit,0,selected,playtest_parameter_ready
1309,デュアルトマホークブーメラン,project_generated_gameplay_v0_noncanonical,70,100,15,physical,neutral_v0,hit,0,selected,playtest_parameter_ready
1310,バイキングヴュッフェ,project_generated_gameplay_v0_noncanonical,70,100,15,physical,neutral_v0,hit,0,selected,playtest_parameter_ready
1311,エイジオブディスカバリー,project_generated_gameplay_v0_noncanonical,70,100,15,special,neutral_v0,hit,0,selected,playtest_parameter_ready
1312,ドリームカムズトゥルー,project_generated_gameplay_v0_noncanonical,70,100,15,physical,neutral_v0,hit,0,selected,playtest_parameter_ready
1313,ヘヴィメタルバルカン,project_generated_gameplay_v0_noncanonical,70,100,15,physical,neutral_v0,hit,0,selected,playtest_parameter_ready
1314,ハードロックダマシー,project_generated_gameplay_v0_noncanonical,70,100,15,physical,neutral_v0,hit,0,selected,playtest_parameter_ready
1315,ビートスラッシュ,project_generated_gameplay_v0_noncanonical,70,100,15,special,neutral_v0,hit,0,selected,playtest_parameter_ready
1316,ミニミニエカキモン,project_generated_gameplay_v0_noncanonical,70,100,15,special,neutral_v0,hit,0,selected,playtest_parameter_ready
1317,カラフルチェンジ,project_generated_gameplay_v0_noncanonical,70,100,15,physical,neutral_v0,hit,0,selected,playtest_parameter_ready
1318,ガラパゴスフィールド,project_generated_gameplay_v0_noncanonical,70,100,15,special,neutral_v0,hit,0,selected,playtest_parameter_ready
1319,ティモニナイザー,project_generated_gameplay_v0_noncanonical,70,100,15,special,neutral_v0,hit,0,selected,playtest_parameter_ready
1320,ファイナルトラベラー,project_generated_gameplay_v0_noncanonical,70,100,15,special,neutral_v0,hit,0,selected,playtest_parameter_ready
1321,スピンカリパー,project_generated_gameplay_v0_noncanonical,70,100,15,physical,neutral_v0,hit,0,selected,playtest_parameter_ready
1322,エーヴィッヒ・シュラーフ,project_generated_gameplay_v0_noncanonical,70,100,15,physical,neutral_v0,hit,0,selected,playtest_parameter_ready
1323,エントリヒ・メテオール,project_generated_gameplay_v0_noncanonical,70,100,15,physical,neutral_v0,hit,0,selected,playtest_parameter_ready
1324,レインストリーム,project_generated_gameplay_v0_noncanonical,70,100,15,special,neutral_v0,hit,0,selected,playtest_parameter_ready
1325,ジェラシーレイン,project_generated_gameplay_v0_noncanonical,70,100,15,physical,neutral_v0,hit,0,selected,playtest_parameter_ready
1326,シュバルツ・レールザッツ（黒定理）,project_generated_gameplay_v0_noncanonical,70,100,15,physical,neutral_v0,hit,0,selected,playtest_parameter_ready
1327,ロート・クロイツ（赤十字架）,project_generated_gameplay_v0_noncanonical,70,100,15,special,neutral_v0,hit,0,selected,playtest_parameter_ready
1328,コンデンサストーム,project_generated_gameplay_v0_noncanonical,70,100,15,special,neutral_v0,hit,0,selected,playtest_parameter_ready
1329,サンダーレーザー,project_generated_gameplay_v0_noncanonical,70,100,15,physical,neutral_v0,hit,0,selected,playtest_parameter_ready
1330,ジェネラスミラー,project_generated_gameplay_v0_noncanonical,70,100,15,physical,neutral_v0,hit,0,selected,playtest_parameter_ready
1331,オフセットリフレクター,project_generated_gameplay_v0_noncanonical,70,100,15,special,neutral_v0,hit,0,selected,playtest_parameter_ready
1332,マシンガンデストロイ,project_generated_gameplay_v0_noncanonical,70,100,15,physical,neutral_v0,hit,0,selected,playtest_parameter_ready
1333,スターライトベロシティ,project_generated_gameplay_v0_noncanonical,70,100,15,physical,neutral_v0,hit,0,selected,playtest_parameter_ready
1334,アルティメットサンダー,project_generated_gameplay_v0_noncanonical,70,100,15,physical,neutral_v0,hit,0,selected,playtest_parameter_ready
1335,フィールドデストロイヤー,project_generated_gameplay_v0_noncanonical,70,100,15,physical,neutral_v0,hit,0,selected,playtest_parameter_ready
1336,ゾーンデリーター,project_generated_gameplay_v0_noncanonical,70,100,15,special,neutral_v0,hit,0,selected,playtest_parameter_ready
1337,マスターオブダークネス,project_generated_gameplay_v0_noncanonical,70,100,15,physical,neutral_v0,hit,0,selected,playtest_parameter_ready
1338,リーフサイクロン,project_generated_gameplay_v0_noncanonical,70,100,15,special,neutral_v0,hit,0,selected,playtest_parameter_ready
1339,サウザンドスパイク,project_generated_gameplay_v0_noncanonical,70,100,15,special,neutral_v0,hit,0,selected,playtest_parameter_ready
1340,リヒトアングリフ,project_generated_gameplay_v0_noncanonical,70,100,15,special,neutral_v0,hit,0,selected,playtest_parameter_ready
1341,ツヴァイハンダー,project_generated_gameplay_v0_noncanonical,70,100,15,special,neutral_v0,hit,0,selected,playtest_parameter_ready
1342,ベビーサラマンダー,project_generated_gameplay_v0_noncanonical,70,100,15,physical,neutral_v0,hit,0,selected,playtest_parameter_ready
1343,トールハンマー,project_generated_gameplay_v0_noncanonical,70,100,15,special,neutral_v0,hit,0,selected,playtest_parameter_ready
1344,ミョルニルサンダー,project_generated_gameplay_v0_noncanonical,70,100,15,physical,neutral_v0,hit,0,selected,playtest_parameter_ready
1345,アヴァランチステップ,project_generated_gameplay_v0_noncanonical,70,100,15,special,neutral_v0,hit,0,selected,playtest_parameter_ready
1346,グレッチャートルペイド（氷河魚雷）,project_generated_gameplay_v0_noncanonical,70,100,15,physical,neutral_v0,hit,0,selected,playtest_parameter_ready
1347,トルナード・ガンバ,project_generated_gameplay_v0_noncanonical,70,100,15,physical,neutral_v0,hit,0,selected,playtest_parameter_ready
1348,ロゼオ・テンポラーレ,project_generated_gameplay_v0_noncanonical,70,100,15,physical,neutral_v0,hit,0,selected,playtest_parameter_ready
1349,ツララララ～,project_generated_gameplay_v0_noncanonical,70,100,15,physical,neutral_v0,hit,0,selected,playtest_parameter_ready
1350,スノーボンバー,project_generated_gameplay_v0_noncanonical,70,100,15,physical,neutral_v0,hit,0,selected,playtest_parameter_ready
1351,ガイストアーベント,project_generated_gameplay_v0_noncanonical,70,100,15,physical,neutral_v0,hit,0,selected,playtest_parameter_ready
1352,エアオーベルング,project_generated_gameplay_v0_noncanonical,70,100,15,special,neutral_v0,hit,0,selected,playtest_parameter_ready
1353,ブルーハワイデス,project_generated_gameplay_v0_noncanonical,70,100,15,physical,neutral_v0,hit,0,selected,playtest_parameter_ready
1354,イチゴデス,project_generated_gameplay_v0_noncanonical,70,100,15,special,neutral_v0,hit,0,selected,playtest_parameter_ready
1355,ランブルブレンドナンバー（１～１０）,project_generated_gameplay_v0_noncanonical,70,100,15,physical,neutral_v0,hit,0,selected,playtest_parameter_ready
1356,リヒト・ナーゲル,project_generated_gameplay_v0_noncanonical,70,100,15,physical,neutral_v0,hit,0,selected,playtest_parameter_ready
1357,ギルガメッシュスライサー,project_generated_gameplay_v0_noncanonical,70,100,15,special,neutral_v0,hit,0,selected,playtest_parameter_ready
1358,ウィンドオブペイン,project_generated_gameplay_v0_noncanonical,70,100,15,physical,neutral_v0,hit,0,selected,playtest_parameter_ready
1359,ジェットビンター,project_generated_gameplay_v0_noncanonical,70,100,15,physical,neutral_v0,hit,0,selected,playtest_parameter_ready
1360,ウルトラタービュレンス,project_generated_gameplay_v0_noncanonical,70,100,15,physical,neutral_v0,hit,0,selected,playtest_parameter_ready
1361,スネークアイブレイク,project_generated_gameplay_v0_noncanonical,70,100,15,physical,neutral_v0,hit,0,selected,playtest_parameter_ready
1362,ジャック・イン・ザ・ボックス,project_generated_gameplay_v0_noncanonical,70,100,15,special,neutral_v0,hit,0,selected,playtest_parameter_ready
1363,アースクェイク,project_generated_gameplay_v0_noncanonical,70,100,15,physical,neutral_v0,hit,0,selected,playtest_parameter_ready
1364,ハリケーンボンバー,project_generated_gameplay_v0_noncanonical,70,100,15,special,neutral_v0,hit,0,selected,playtest_parameter_ready
1365,スピードスター,project_generated_gameplay_v0_noncanonical,70,100,15,physical,neutral_v0,hit,0,selected,playtest_parameter_ready
1366,ソーラレーザー,project_generated_gameplay_v0_noncanonical,70,100,15,special,neutral_v0,hit,0,selected,playtest_parameter_ready
1367,ネーロコルソ,project_generated_gameplay_v0_noncanonical,70,100,15,special,neutral_v0,hit,0,selected,playtest_parameter_ready
1368,タイタニックチャージ,project_generated_gameplay_v0_noncanonical,70,100,15,physical,neutral_v0,hit,0,selected,playtest_parameter_ready
1369,炎龍撃（えんりゅうげき）,project_generated_gameplay_v0_noncanonical,70,100,15,physical,neutral_v0,hit,0,selected,playtest_parameter_ready
1370,九頭龍陣（くずりゅうじん）,project_generated_gameplay_v0_noncanonical,70,100,15,physical,neutral_v0,hit,0,selected,playtest_parameter_ready
1371,シュヴァルツ・ドンナー,project_generated_gameplay_v0_noncanonical,70,100,15,physical,neutral_v0,hit,0,selected,playtest_parameter_ready
1372,シュヴァルツ・ケーニッヒ,project_generated_gameplay_v0_noncanonical,70,100,15,physical,neutral_v0,hit,0,selected,playtest_parameter_ready
1373,コロナブラスター,project_generated_gameplay_v0_noncanonical,70,100,15,physical,neutral_v0,hit,0,selected,playtest_parameter_ready
1374,フレイムストーム,project_generated_gameplay_v0_noncanonical,70,100,15,physical,neutral_v0,hit,0,selected,playtest_parameter_ready
1375,リヒト・ズィーガー,project_generated_gameplay_v0_noncanonical,70,100,15,special,neutral_v0,hit,0,selected,playtest_parameter_ready
1376,ツヴァイ・ズィーガー,project_generated_gameplay_v0_noncanonical,70,100,15,special,neutral_v0,hit,0,selected,playtest_parameter_ready
1377,マシンガン・ダンス（機銃の踊り）,project_generated_gameplay_v0_noncanonical,70,100,15,physical,neutral_v0,hit,0,selected,playtest_parameter_ready
1378,ブロッケイドシード（封じ込めの種）,project_generated_gameplay_v0_noncanonical,70,100,15,special,neutral_v0,hit,0,selected,playtest_parameter_ready
1379,ブラフマシル,project_generated_gameplay_v0_noncanonical,70,100,15,special,neutral_v0,hit,0,selected,playtest_parameter_ready
1380,ブラフマストラ,project_generated_gameplay_v0_noncanonical,70,100,15,special,neutral_v0,hit,0,selected,playtest_parameter_ready
1381,バーニングサラマンダー,project_generated_gameplay_v0_noncanonical,70,100,15,special,neutral_v0,hit,0,selected,playtest_parameter_ready
1382,サラマンダーブレイク,project_generated_gameplay_v0_noncanonical,70,100,15,special,neutral_v0,hit,0,selected,playtest_parameter_ready
1383,スピニングカッター,project_generated_gameplay_v0_noncanonical,70,100,15,physical,neutral_v0,hit,0,selected,playtest_parameter_ready
1384,サーマルメイン,project_generated_gameplay_v0_noncanonical,70,100,15,special,neutral_v0,hit,0,selected,playtest_parameter_ready
1385,アトミックバースト,project_generated_gameplay_v0_noncanonical,70,100,15,physical,neutral_v0,hit,0,selected,playtest_parameter_ready
1386,ライトニングブレード,project_generated_gameplay_v0_noncanonical,70,100,15,special,neutral_v0,hit,0,selected,playtest_parameter_ready
1387,ブルーサンダー,project_generated_gameplay_v0_noncanonical,70,100,15,special,neutral_v0,hit,0,selected,playtest_parameter_ready
1388,一刀両断（イットウリョウダン）,project_generated_gameplay_v0_noncanonical,70,100,15,special,neutral_v0,hit,0,selected,playtest_parameter_ready
1389,クグツの術,project_generated_gameplay_v0_noncanonical,70,100,15,physical,neutral_v0,hit,0,selected,playtest_parameter_ready
1390,モルフォンガトリング,project_generated_gameplay_v0_noncanonical,70,100,15,special,neutral_v0,hit,0,selected,playtest_parameter_ready
1391,アイアンプレス,project_generated_gameplay_v0_noncanonical,70,100,15,physical,neutral_v0,hit,0,selected,playtest_parameter_ready
1392,ホーンブレード,project_generated_gameplay_v0_noncanonical,70,100,15,special,neutral_v0,hit,0,selected,playtest_parameter_ready
1393,バルーンマイン,project_generated_gameplay_v0_noncanonical,70,100,15,physical,neutral_v0,hit,0,selected,playtest_parameter_ready
1394,グローバル・グローブ,project_generated_gameplay_v0_noncanonical,70,100,15,physical,neutral_v0,hit,0,selected,playtest_parameter_ready
1395,ブラッドダンス・マラカスバージョン,project_generated_gameplay_v0_noncanonical,70,100,15,physical,neutral_v0,hit,0,selected,playtest_parameter_ready
1396,テキーラナックル,project_generated_gameplay_v0_noncanonical,70,100,15,special,neutral_v0,hit,0,selected,playtest_parameter_ready
1397,マッハインパルス,project_generated_gameplay_v0_noncanonical,70,100,15,special,neutral_v0,hit,0,selected,playtest_parameter_ready
1398,テンペストウィング,project_generated_gameplay_v0_noncanonical,70,100,15,physical,neutral_v0,hit,0,selected,playtest_parameter_ready
1399,ウジャトゲイズ,project_generated_gameplay_v0_noncanonical,70,100,15,physical,neutral_v0,hit,0,selected,playtest_parameter_ready
1400,ノーズブラスター,project_generated_gameplay_v0_noncanonical,70,100,15,special,neutral_v0,hit,0,selected,playtest_parameter_ready
1401,ロデオギャロップ,project_generated_gameplay_v0_noncanonical,70,100,15,special,neutral_v0,hit,0,selected,playtest_parameter_ready
1402,シルバーブレイズ,project_generated_gameplay_v0_noncanonical,70,100,15,physical,neutral_v0,hit,0,selected,playtest_parameter_ready
1403,シューティングスター,project_generated_gameplay_v0_noncanonical,70,100,15,special,neutral_v0,hit,0,selected,playtest_parameter_ready
1404,リーフホイールカッター,project_generated_gameplay_v0_noncanonical,70,100,15,physical,neutral_v0,hit,0,selected,playtest_parameter_ready
1405,ソニックイヤー,project_generated_gameplay_v0_noncanonical,70,100,15,special,neutral_v0,hit,0,selected,playtest_parameter_ready
1406,ナックルファイア,project_generated_gameplay_v0_noncanonical,70,100,15,special,neutral_v0,hit,0,selected,playtest_parameter_ready
1407,ファイアロケット,project_generated_gameplay_v0_noncanonical,70,100,15,physical,neutral_v0,hit,0,selected,playtest_parameter_ready
1408,マジックイグニッション,project_generated_gameplay_v0_noncanonical,70,100,15,special,neutral_v0,hit,0,selected,playtest_parameter_ready
1409,ファイヤークラウド,project_generated_gameplay_v0_noncanonical,70,100,15,physical,neutral_v0,hit,0,selected,playtest_parameter_ready
1410,マタドールダッシュ,project_generated_gameplay_v0_noncanonical,70,100,15,special,neutral_v0,hit,0,selected,playtest_parameter_ready
1411,フライスパーク,project_generated_gameplay_v0_noncanonical,70,100,15,special,neutral_v0,hit,0,selected,playtest_parameter_ready
1412,ニードルスティンガー,project_generated_gameplay_v0_noncanonical,70,100,15,special,neutral_v0,hit,0,selected,playtest_parameter_ready
1413,ハートナービーム,project_generated_gameplay_v0_noncanonical,70,100,15,physical,neutral_v0,hit,0,selected,playtest_parameter_ready
1414,クレイジーソニック,project_generated_gameplay_v0_noncanonical,70,100,15,physical,neutral_v0,hit,0,selected,playtest_parameter_ready
1415,イヤーランサー,project_generated_gameplay_v0_noncanonical,70,100,15,special,neutral_v0,hit,0,selected,playtest_parameter_ready
1416,レインボーシャワー,project_generated_gameplay_v0_noncanonical,70,100,15,special,neutral_v0,hit,0,selected,playtest_parameter_ready
1417,メテオダンス,project_generated_gameplay_v0_noncanonical,70,100,15,special,neutral_v0,hit,0,selected,playtest_parameter_ready
1418,ポイズンパウダー,project_generated_gameplay_v0_noncanonical,70,100,15,physical,neutral_v0,hit,0,selected,playtest_parameter_ready
1419,パラライズスティング,project_generated_gameplay_v0_noncanonical,70,100,15,physical,neutral_v0,hit,0,selected,playtest_parameter_ready
1420,スウィートフェロモン,project_generated_gameplay_v0_noncanonical,70,100,15,physical,neutral_v0,hit,0,selected,playtest_parameter_ready
1421,ウィンドシーカー,project_generated_gameplay_v0_noncanonical,70,100,15,physical,neutral_v0,hit,0,selected,playtest_parameter_ready
1422,デリションクロウ,project_generated_gameplay_v0_noncanonical,70,100,15,physical,neutral_v0,hit,0,selected,playtest_parameter_ready
1423,ヘイルマシンガン,project_generated_gameplay_v0_noncanonical,70,100,15,special,neutral_v0,hit,0,selected,playtest_parameter_ready
1424,ペンチカッター,project_generated_gameplay_v0_noncanonical,70,100,15,special,neutral_v0,hit,0,selected,playtest_parameter_ready
1425,バブルボム,project_generated_gameplay_v0_noncanonical,70,100,15,physical,neutral_v0,hit,0,selected,playtest_parameter_ready
1426,オーシャンストライク,project_generated_gameplay_v0_noncanonical,70,100,15,physical,neutral_v0,hit,0,selected,playtest_parameter_ready
1427,ビッグクラック,project_generated_gameplay_v0_noncanonical,70,100,15,special,neutral_v0,hit,0,selected,playtest_parameter_ready
1428,ゴールドラッシュ,project_generated_gameplay_v0_noncanonical,70,100,15,physical,neutral_v0,hit,0,selected,playtest_parameter_ready
1429,スピリットブーメラン,project_generated_gameplay_v0_noncanonical,70,100,15,physical,neutral_v0,hit,0,selected,playtest_parameter_ready
1430,ヒートストーム,project_generated_gameplay_v0_noncanonical,70,100,15,physical,neutral_v0,hit,0,selected,playtest_parameter_ready
1431,タスクドライバー,project_generated_gameplay_v0_noncanonical,70,100,15,special,neutral_v0,hit,0,selected,playtest_parameter_ready
1432,ダウントーネ－ド,project_generated_gameplay_v0_noncanonical,70,100,15,special,neutral_v0,hit,0,selected,playtest_parameter_ready
1433,シェルニードルレイン,project_generated_gameplay_v0_noncanonical,70,100,15,special,neutral_v0,hit,0,selected,playtest_parameter_ready
1434,紅葉おろし,project_generated_gameplay_v0_noncanonical,70,100,15,special,neutral_v0,hit,0,selected,playtest_parameter_ready
1435,草薙,project_generated_gameplay_v0_noncanonical,70,100,15,physical,neutral_v0,hit,0,selected,playtest_parameter_ready
1436,フレアバスター,project_generated_gameplay_v0_noncanonical,70,100,15,physical,neutral_v0,hit,0,selected,playtest_parameter_ready
1437,プリズムレインボー,project_generated_gameplay_v0_noncanonical,70,100,15,physical,neutral_v0,hit,0,selected,playtest_parameter_ready
1438,ウールグレネード,project_generated_gameplay_v0_noncanonical,70,100,15,physical,neutral_v0,hit,0,selected,playtest_parameter_ready
1439,スパークウィング,project_generated_gameplay_v0_noncanonical,70,100,15,special,neutral_v0,hit,0,selected,playtest_parameter_ready
1440,サンダーストーム,project_generated_gameplay_v0_noncanonical,70,100,15,special,neutral_v0,hit,0,selected,playtest_parameter_ready
1441,ヒートブレス,project_generated_gameplay_v0_noncanonical,70,100,15,physical,neutral_v0,hit,0,selected,playtest_parameter_ready
1442,バックドラフト,project_generated_gameplay_v0_noncanonical,70,100,15,special,neutral_v0,hit,0,selected,playtest_parameter_ready
1443,オキシジェンホーミング,project_generated_gameplay_v0_noncanonical,70,100,15,physical,neutral_v0,hit,0,selected,playtest_parameter_ready
1444,サブマリンアタック,project_generated_gameplay_v0_noncanonical,70,100,15,special,neutral_v0,hit,0,selected,playtest_parameter_ready
1445,ジャッジメントアロー,project_generated_gameplay_v0_noncanonical,70,100,15,physical,neutral_v0,hit,0,selected,playtest_parameter_ready
1446,ジャミングヘルツ,project_generated_gameplay_v0_noncanonical,70,100,15,physical,neutral_v0,hit,0,selected,playtest_parameter_ready
1447,鉄砲（テッポウ）,project_generated_gameplay_v0_noncanonical,70,100,15,physical,neutral_v0,hit,0,selected,playtest_parameter_ready
1448,ブイブレスアロー,project_generated_gameplay_v0_noncanonical,70,100,15,physical,neutral_v0,hit,0,selected,playtest_parameter_ready
1449,ミスティックベル,project_generated_gameplay_v0_noncanonical,70,100,15,physical,neutral_v0,hit,0,selected,playtest_parameter_ready
1450,クレイジークレーン,project_generated_gameplay_v0_noncanonical,70,100,15,physical,neutral_v0,hit,0,selected,playtest_parameter_ready
1451,フリーズウェーブ,project_generated_gameplay_v0_noncanonical,70,100,15,physical,neutral_v0,hit,0,selected,playtest_parameter_ready
1452,ジャンピングブロー,project_generated_gameplay_v0_noncanonical,70,100,15,special,neutral_v0,hit,0,selected,playtest_parameter_ready
1453,タングウィップ,project_generated_gameplay_v0_noncanonical,70,100,15,special,neutral_v0,hit,0,selected,playtest_parameter_ready
1454,桜吹雪,project_generated_gameplay_v0_noncanonical,70,100,15,physical,neutral_v0,hit,0,selected,playtest_parameter_ready
1455,連獅子,project_generated_gameplay_v0_noncanonical,70,100,15,physical,neutral_v0,hit,0,selected,playtest_parameter_ready
1456,ホワイトスタチュー,project_generated_gameplay_v0_noncanonical,70,100,15,special,neutral_v0,hit,0,selected,playtest_parameter_ready
1457,バサロクラッシュ,project_generated_gameplay_v0_noncanonical,70,100,15,special,neutral_v0,hit,0,selected,playtest_parameter_ready
1458,マッドバルーンボム,project_generated_gameplay_v0_noncanonical,70,100,15,special,neutral_v0,hit,0,selected,playtest_parameter_ready
1459,ニトロタービンウェーブ,project_generated_gameplay_v0_noncanonical,70,100,15,physical,neutral_v0,hit,0,selected,playtest_parameter_ready
1460,オーシャンストローム,project_generated_gameplay_v0_noncanonical,70,100,15,special,neutral_v0,hit,0,selected,playtest_parameter_ready
1461,ミッドナイトクラッチ,project_generated_gameplay_v0_noncanonical,70,100,15,physical,neutral_v0,hit,0,selected,playtest_parameter_ready
1462,スパイラルマスカレード,project_generated_gameplay_v0_noncanonical,70,100,15,special,neutral_v0,hit,0,selected,playtest_parameter_ready
1463,アージェントフィアー,project_generated_gameplay_v0_noncanonical,70,100,15,special,neutral_v0,hit,0,selected,playtest_parameter_ready
1464,サーペントキュア,project_generated_gameplay_v0_noncanonical,70,100,15,physical,neutral_v0,hit,0,selected,playtest_parameter_ready
1465,サーペントルイン,project_generated_gameplay_v0_noncanonical,70,100,15,special,neutral_v0,hit,0,selected,playtest_parameter_ready
1466,セブンズファンタジア,project_generated_gameplay_v0_noncanonical,70,100,15,physical,neutral_v0,hit,0,selected,playtest_parameter_ready
1467,シャリテ,project_generated_gameplay_v0_noncanonical,70,100,15,special,neutral_v0,hit,0,selected,playtest_parameter_ready
1468,アギシャンレーヴル,project_generated_gameplay_v0_noncanonical,70,100,15,physical,neutral_v0,hit,0,selected,playtest_parameter_ready
1469,ティファレト,project_generated_gameplay_v0_noncanonical,70,100,15,physical,neutral_v0,hit,0,selected,playtest_parameter_ready
1470,ローゼスレイピア,project_generated_gameplay_v0_noncanonical,70,100,15,special,neutral_v0,hit,0,selected,playtest_parameter_ready
1471,フォービドゥンテンプテイション,project_generated_gameplay_v0_noncanonical,70,100,15,special,neutral_v0,hit,0,selected,playtest_parameter_ready
1472,無双天翔翼之陣（むそうてんしょうよくのじん）,project_generated_gameplay_v0_noncanonical,70,100,15,physical,neutral_v0,hit,0,selected,playtest_parameter_ready
1473,怒涛闇供喪之舞（どとうやみくものまい）,project_generated_gameplay_v0_noncanonical,70,100,15,physical,neutral_v0,hit,0,selected,playtest_parameter_ready
1474,雷光一閃之突（らいこういっせんのつき）,project_generated_gameplay_v0_noncanonical,70,100,15,special,neutral_v0,hit,0,selected,playtest_parameter_ready
1475,スパイラルレイヴンクロウ,project_generated_gameplay_v0_noncanonical,70,100,15,special,neutral_v0,hit,0,selected,playtest_parameter_ready
1476,ブラストウィング,project_generated_gameplay_v0_noncanonical,70,100,15,special,neutral_v0,hit,0,selected,playtest_parameter_ready
1477,烏王丸（ちょうおうまる）,project_generated_gameplay_v0_noncanonical,70,100,15,physical,neutral_v0,hit,0,selected,playtest_parameter_ready
1478,ディバインアトーンメント,project_generated_gameplay_v0_noncanonical,70,100,15,special,neutral_v0,hit,0,selected,playtest_parameter_ready
1479,ロストルム,project_generated_gameplay_v0_noncanonical,70,100,15,special,neutral_v0,hit,0,selected,playtest_parameter_ready
1480,カウダ,project_generated_gameplay_v0_noncanonical,70,100,15,special,neutral_v0,hit,0,selected,playtest_parameter_ready
1481,ファントムターバン,project_generated_gameplay_v0_noncanonical,70,100,15,physical,neutral_v0,hit,0,selected,playtest_parameter_ready
1482,テラーズクラスター,project_generated_gameplay_v0_noncanonical,70,100,15,special,neutral_v0,hit,0,selected,playtest_parameter_ready
1483,ラストブレス,project_generated_gameplay_v0_noncanonical,70,100,15,physical,neutral_v0,hit,0,selected,playtest_parameter_ready
1484,ノウレッジストリーム,project_generated_gameplay_v0_noncanonical,70,100,15,physical,neutral_v0,hit,0,selected,playtest_parameter_ready
1485,セファーラジエール,project_generated_gameplay_v0_noncanonical,70,100,15,physical,neutral_v0,hit,0,selected,playtest_parameter_ready
1486,マボルト,project_generated_gameplay_v0_noncanonical,70,100,15,special,neutral_v0,hit,0,selected,playtest_parameter_ready
1487,パニッシュジャッジ,project_generated_gameplay_v0_noncanonical,70,100,15,physical,neutral_v0,hit,0,selected,playtest_parameter_ready
1488,ワイドプラズメント,project_generated_gameplay_v0_noncanonical,70,100,15,physical,neutral_v0,hit,0,selected,playtest_parameter_ready
1489,サウザンドフィスト,project_generated_gameplay_v0_noncanonical,70,100,15,special,neutral_v0,hit,0,selected,playtest_parameter_ready
1490,スピリチャルエンチャント,project_generated_gameplay_v0_noncanonical,70,100,15,special,neutral_v0,hit,0,selected,playtest_parameter_ready
1491,レイジ・オブ・ワイバーン,project_generated_gameplay_v0_noncanonical,70,100,15,physical,neutral_v0,hit,0,selected,playtest_parameter_ready
1492,ファイナル・クレスト,project_generated_gameplay_v0_noncanonical,70,100,15,special,neutral_v0,hit,0,selected,playtest_parameter_ready
1493,３Dレイザー,project_generated_gameplay_v0_noncanonical,70,100,15,special,neutral_v0,hit,0,selected,playtest_parameter_ready
1494,マックスパワーバイス,project_generated_gameplay_v0_noncanonical,70,100,15,special,neutral_v0,hit,0,selected,playtest_parameter_ready
1495,アルティメットストリーム,project_generated_gameplay_v0_noncanonical,70,100,15,special,neutral_v0,hit,0,selected,playtest_parameter_ready
1496,バナナスリップ,project_generated_gameplay_v0_noncanonical,70,100,15,physical,neutral_v0,hit,0,selected,playtest_parameter_ready
1497,デス・クリスタル,project_generated_gameplay_v0_noncanonical,70,100,15,special,neutral_v0,hit,0,selected,playtest_parameter_ready
1498,ゲヘナ・フレイム,project_generated_gameplay_v0_noncanonical,70,100,15,special,neutral_v0,hit,0,selected,playtest_parameter_ready
1499,∞（ムゲン）キャノン,project_generated_gameplay_v0_noncanonical,70,100,15,special,neutral_v0,hit,0,selected,playtest_parameter_ready
1500,タイムアンリミテッド,project_generated_gameplay_v0_noncanonical,70,100,15,physical,neutral_v0,hit,0,selected,playtest_parameter_ready
1501,フルムーンメテオインパクト,project_generated_gameplay_v0_noncanonical,70,100,15,special,neutral_v0,hit,0,selected,playtest_parameter_ready
1502,ファイナルミラージュバースト,project_generated_gameplay_v0_noncanonical,70,100,15,physical,neutral_v0,hit,0,selected,playtest_parameter_ready
1503,ルナハーケンスラッシャー,project_generated_gameplay_v0_noncanonical,70,100,15,special,neutral_v0,hit,0,selected,playtest_parameter_ready
1504,ダブルクレセントミラージュ,project_generated_gameplay_v0_noncanonical,70,100,15,physical,neutral_v0,hit,0,selected,playtest_parameter_ready
1505,フルムーンブラスター,project_generated_gameplay_v0_noncanonical,70,100,15,physical,neutral_v0,hit,0,selected,playtest_parameter_ready
1506,ゲイルクロー,project_generated_gameplay_v0_noncanonical,70,100,15,physical,neutral_v0,hit,0,selected,playtest_parameter_ready
1507,ストライクロール,project_generated_gameplay_v0_noncanonical,70,100,15,special,neutral_v0,hit,0,selected,playtest_parameter_ready
1508,マッドネスメリーゴーランド,project_generated_gameplay_v0_noncanonical,70,100,15,special,neutral_v0,hit,0,selected,playtest_parameter_ready
1509,コロナサンクションズ,project_generated_gameplay_v0_noncanonical,70,100,15,physical,neutral_v0,hit,0,selected,playtest_parameter_ready
1510,オーシャンラブ,project_generated_gameplay_v0_noncanonical,70,100,15,physical,neutral_v0,hit,0,selected,playtest_parameter_ready
1511,バインドレッドトリッガー,project_generated_gameplay_v0_noncanonical,70,100,15,physical,neutral_v0,hit,0,selected,playtest_parameter_ready
1512,ハッピーバレットシャワリング,project_generated_gameplay_v0_noncanonical,70,100,15,special,neutral_v0,hit,0,selected,playtest_parameter_ready
1513,ケイオストライアングラー,project_generated_gameplay_v0_noncanonical,70,100,15,physical,neutral_v0,hit,0,selected,playtest_parameter_ready
1514,トマホークシュタイナー,project_generated_gameplay_v0_noncanonical,70,100,15,special,neutral_v0,hit,0,selected,playtest_parameter_ready
1515,エターナルナイトメア,project_generated_gameplay_v0_noncanonical,70,100,15,physical,neutral_v0,hit,0,selected,playtest_parameter_ready
1516,デススリンガー,project_generated_gameplay_v0_noncanonical,70,100,15,physical,neutral_v0,hit,0,selected,playtest_parameter_ready
1517,フライバレット,project_generated_gameplay_v0_noncanonical,70,100,15,physical,neutral_v0,hit,0,selected,playtest_parameter_ready
1518,ハリケーンビスショット,project_generated_gameplay_v0_noncanonical,70,100,15,physical,neutral_v0,hit,0,selected,playtest_parameter_ready
1519,パンデモニウムフレイム,project_generated_gameplay_v0_noncanonical,70,100,15,physical,neutral_v0,hit,0,selected,playtest_parameter_ready
1520,デストロイドラッシュ,project_generated_gameplay_v0_noncanonical,70,100,15,special,neutral_v0,hit,0,selected,playtest_parameter_ready
1521,インフィニティボーリング,project_generated_gameplay_v0_noncanonical,70,100,15,physical,neutral_v0,hit,0,selected,playtest_parameter_ready
1522,グラビティプレス,project_generated_gameplay_v0_noncanonical,70,100,15,physical,neutral_v0,hit,0,selected,playtest_parameter_ready
1523,プラズマステーク,project_generated_gameplay_v0_noncanonical,70,100,15,physical,neutral_v0,hit,0,selected,playtest_parameter_ready
1524,サンダーバーニア,project_generated_gameplay_v0_noncanonical,70,100,15,physical,neutral_v0,hit,0,selected,playtest_parameter_ready
1525,エレックガード,project_generated_gameplay_v0_noncanonical,70,100,15,special,neutral_v0,hit,0,selected,playtest_parameter_ready
1526,ジャイアントミサイル,project_generated_gameplay_v0_noncanonical,70,100,15,physical,neutral_v0,hit,0,selected,playtest_parameter_ready
1527,バーストショット,project_generated_gameplay_v0_noncanonical,70,100,15,physical,neutral_v0,hit,0,selected,playtest_parameter_ready
1528,エクスクレメント,project_generated_gameplay_v0_noncanonical,70,100,15,physical,neutral_v0,hit,0,selected,playtest_parameter_ready
1529,プラチナエクスクレメント,project_generated_gameplay_v0_noncanonical,70,100,15,physical,neutral_v0,hit,0,selected,playtest_parameter_ready
1530,プラチナバープ,project_generated_gameplay_v0_noncanonical,70,100,15,physical,neutral_v0,hit,0,selected,playtest_parameter_ready
1531,ニードルスコール,project_generated_gameplay_v0_noncanonical,70,100,15,special,neutral_v0,hit,0,selected,playtest_parameter_ready
1532,マルトサイクロン,project_generated_gameplay_v0_noncanonical,70,100,15,special,neutral_v0,hit,0,selected,playtest_parameter_ready
1533,クリティカルアーム,project_generated_gameplay_v0_noncanonical,70,100,15,special,neutral_v0,hit,0,selected,playtest_parameter_ready
1534,太極（たいきょく）,project_generated_gameplay_v0_noncanonical,70,100,15,physical,neutral_v0,hit,0,selected,playtest_parameter_ready
1535,黄廻（おうかい）,project_generated_gameplay_v0_noncanonical,70,100,15,physical,neutral_v0,hit,0,selected,playtest_parameter_ready
1536,ネクロミスト,project_generated_gameplay_v0_noncanonical,70,100,15,special,neutral_v0,hit,0,selected,playtest_parameter_ready
1537,ブリットハンマー,project_generated_gameplay_v0_noncanonical,70,100,15,physical,neutral_v0,hit,0,selected,playtest_parameter_ready
1538,ドラモンブレイカー,project_generated_gameplay_v0_noncanonical,70,100,15,physical,neutral_v0,hit,0,selected,playtest_parameter_ready
1539,トライデントガイア,project_generated_gameplay_v0_noncanonical,70,100,15,physical,neutral_v0,hit,0,selected,playtest_parameter_ready
1540,ビクトリーチャージ,project_generated_gameplay_v0_noncanonical,70,100,15,special,neutral_v0,hit,0,selected,playtest_parameter_ready
1541,トランプ・ソード,project_generated_gameplay_v0_noncanonical,70,100,15,physical,neutral_v0,hit,0,selected,playtest_parameter_ready
1542,獅子羅王漸（ししらおうざん）,project_generated_gameplay_v0_noncanonical,70,100,15,special,neutral_v0,hit,0,selected,playtest_parameter_ready
1543,フラッシュバンチョーパンチ,project_generated_gameplay_v0_noncanonical,70,100,15,special,neutral_v0,hit,0,selected,playtest_parameter_ready
1544,護王流伝羅守（ごーるでんらっしゅ）,project_generated_gameplay_v0_noncanonical,70,100,15,physical,neutral_v0,hit,0,selected,playtest_parameter_ready
1545,千本爆砕（せんぼんどっかーん）,project_generated_gameplay_v0_noncanonical,70,100,15,physical,neutral_v0,hit,0,selected,playtest_parameter_ready
1546,特攻漢弾（ぶっこみおとこだま）,project_generated_gameplay_v0_noncanonical,70,100,15,physical,neutral_v0,hit,0,selected,playtest_parameter_ready
1547,ブラッディーフィニッシュ,project_generated_gameplay_v0_noncanonical,70,100,15,physical,neutral_v0,hit,0,selected,playtest_parameter_ready
1548,爆雷天,project_generated_gameplay_v0_noncanonical,70,100,15,special,neutral_v0,hit,0,selected,playtest_parameter_ready
1549,レッドバット,project_generated_gameplay_v0_noncanonical,70,100,15,special,neutral_v0,hit,0,selected,playtest_parameter_ready
1550,エレクトリックバインド,project_generated_gameplay_v0_noncanonical,70,100,15,special,neutral_v0,hit,0,selected,playtest_parameter_ready
1551,エンブレスヘイズ,project_generated_gameplay_v0_noncanonical,70,100,15,special,neutral_v0,hit,0,selected,playtest_parameter_ready
1552,金剛（こんごう）,project_generated_gameplay_v0_noncanonical,70,100,15,special,neutral_v0,hit,0,selected,playtest_parameter_ready
1553,アトミック・レイ,project_generated_gameplay_v0_noncanonical,70,100,15,special,neutral_v0,hit,0,selected,playtest_parameter_ready
1554,ボルテックスペネトレート,project_generated_gameplay_v0_noncanonical,70,100,15,special,neutral_v0,hit,0,selected,playtest_parameter_ready
1555,ウェーブオブデプス,project_generated_gameplay_v0_noncanonical,70,100,15,special,neutral_v0,hit,0,selected,playtest_parameter_ready
1556,ブレイブメタル,project_generated_gameplay_v0_noncanonical,70,100,15,special,neutral_v0,hit,0,selected,playtest_parameter_ready
1557,ドルディーン,project_generated_gameplay_v0_noncanonical,70,100,15,physical,neutral_v0,hit,0,selected,playtest_parameter_ready
1558,ヴォルケンクラッツァー,project_generated_gameplay_v0_noncanonical,70,100,15,physical,neutral_v0,hit,0,selected,playtest_parameter_ready
1559,ブロッカーデ,project_generated_gameplay_v0_noncanonical,70,100,15,special,neutral_v0,hit,0,selected,playtest_parameter_ready
1560,エルンストウェル,project_generated_gameplay_v0_noncanonical,70,100,15,physical,neutral_v0,hit,0,selected,playtest_parameter_ready
1561,ツヴァングレンツェ,project_generated_gameplay_v0_noncanonical,70,100,15,physical,neutral_v0,hit,0,selected,playtest_parameter_ready
1562,トロンメッサー,project_generated_gameplay_v0_noncanonical,70,100,15,physical,neutral_v0,hit,0,selected,playtest_parameter_ready
1563,インビンシブルソード（無敵剣）,project_generated_gameplay_v0_noncanonical,70,100,15,special,neutral_v0,hit,0,selected,playtest_parameter_ready
1564,クォ・ヴァディス,project_generated_gameplay_v0_noncanonical,70,100,15,physical,neutral_v0,hit,0,selected,playtest_parameter_ready
1565,ロイヤルセーバー,project_generated_gameplay_v0_noncanonical,70,100,15,special,neutral_v0,hit,0,selected,playtest_parameter_ready
1566,ブラックデスクラウド,project_generated_gameplay_v0_noncanonical,70,100,15,special,neutral_v0,hit,0,selected,playtest_parameter_ready
1567,デスアロー,project_generated_gameplay_v0_noncanonical,70,100,15,special,neutral_v0,hit,0,selected,playtest_parameter_ready
1568,エクスプロージョンアイ,project_generated_gameplay_v0_noncanonical,70,100,15,special,neutral_v0,hit,0,selected,playtest_parameter_ready
1569,メタルインパルス,project_generated_gameplay_v0_noncanonical,70,100,15,special,neutral_v0,hit,0,selected,playtest_parameter_ready
1570,スプラッターハンティング,project_generated_gameplay_v0_noncanonical,70,100,15,special,neutral_v0,hit,0,selected,playtest_parameter_ready
1571,オーガフレイム,project_generated_gameplay_v0_noncanonical,70,100,15,physical,neutral_v0,hit,0,selected,playtest_parameter_ready
1572,グラウンドファング,project_generated_gameplay_v0_noncanonical,70,100,15,physical,neutral_v0,hit,0,selected,playtest_parameter_ready
1573,ハイランドファング,project_generated_gameplay_v0_noncanonical,70,100,15,physical,neutral_v0,hit,0,selected,playtest_parameter_ready
1574,カタストロフィーカノン,project_generated_gameplay_v0_noncanonical,70,100,15,physical,neutral_v0,hit,0,selected,playtest_parameter_ready
1575,クレセントハーケン,project_generated_gameplay_v0_noncanonical,70,100,15,special,neutral_v0,hit,0,selected,playtest_parameter_ready
1576,アロー・オブ・アルテミス,project_generated_gameplay_v0_noncanonical,70,100,15,physical,neutral_v0,hit,0,selected,playtest_parameter_ready
1577,グッドナイト・ムーン,project_generated_gameplay_v0_noncanonical,70,100,15,special,neutral_v0,hit,0,selected,playtest_parameter_ready
1578,蒼雷（そうらい）,project_generated_gameplay_v0_noncanonical,70,100,15,physical,neutral_v0,hit,0,selected,playtest_parameter_ready
1579,ダークロアー,project_generated_gameplay_v0_noncanonical,70,100,15,special,neutral_v0,hit,0,selected,playtest_parameter_ready
1580,ギガスティックランス,project_generated_gameplay_v0_noncanonical,70,100,15,physical,neutral_v0,hit,0,selected,playtest_parameter_ready
1581,シャインオブビー,project_generated_gameplay_v0_noncanonical,70,100,15,physical,neutral_v0,hit,0,selected,playtest_parameter_ready
1582,ビーサイクロン,project_generated_gameplay_v0_noncanonical,70,100,15,physical,neutral_v0,hit,0,selected,playtest_parameter_ready
1583,魂魄芯撃（こんぱくしんげき）,project_generated_gameplay_v0_noncanonical,70,100,15,physical,neutral_v0,hit,0,selected,playtest_parameter_ready
1584,幻刃無痕（げんじんむこん）,project_generated_gameplay_v0_noncanonical,70,100,15,physical,neutral_v0,hit,0,selected,playtest_parameter_ready
1585,呼応冥軍（こおうめいぐん）,project_generated_gameplay_v0_noncanonical,70,100,15,physical,neutral_v0,hit,0,selected,playtest_parameter_ready
1586,マッハスティンガーＶ（ビクトリー）,project_generated_gameplay_v0_noncanonical,70,100,15,special,neutral_v0,hit,0,selected,playtest_parameter_ready
1587,セブンヘブンズ,project_generated_gameplay_v0_noncanonical,70,100,15,special,neutral_v0,hit,0,selected,playtest_parameter_ready
1588,天竜斬破（てんりゅうざんは）,project_generated_gameplay_v0_noncanonical,70,100,15,special,neutral_v0,hit,0,selected,playtest_parameter_ready
1589,昇竜斬波（しょうりゅうざんぱ）,project_generated_gameplay_v0_noncanonical,70,100,15,special,neutral_v0,hit,0,selected,playtest_parameter_ready
1590,咬竜斬刃（こうりゅうざんば）,project_generated_gameplay_v0_noncanonical,70,100,15,special,neutral_v0,hit,0,selected,playtest_parameter_ready
1591,ビフロスト,project_generated_gameplay_v0_noncanonical,70,100,15,special,neutral_v0,hit,0,selected,playtest_parameter_ready
1592,オーディンズブレス,project_generated_gameplay_v0_noncanonical,70,100,15,physical,neutral_v0,hit,0,selected,playtest_parameter_ready
1593,ホーリーエスパーダ,project_generated_gameplay_v0_noncanonical,70,100,15,physical,neutral_v0,hit,0,selected,playtest_parameter_ready
1594,ヘブンズリッパー,project_generated_gameplay_v0_noncanonical,70,100,15,special,neutral_v0,hit,0,selected,playtest_parameter_ready
1595,ソニックスラッシュレイン,project_generated_gameplay_v0_noncanonical,70,100,15,special,neutral_v0,hit,0,selected,playtest_parameter_ready
1596,ブループロミネンス,project_generated_gameplay_v0_noncanonical,70,100,15,special,neutral_v0,hit,0,selected,playtest_parameter_ready
1597,天羽々斬（あまのはばきり）,project_generated_gameplay_v0_noncanonical,70,100,15,special,neutral_v0,hit,0,selected,playtest_parameter_ready
1598,八雷神（やくさのいかづち）,project_generated_gameplay_v0_noncanonical,70,100,15,physical,neutral_v0,hit,0,selected,playtest_parameter_ready
1599,紅焔（こうえん）,project_generated_gameplay_v0_noncanonical,70,100,15,special,neutral_v0,hit,0,selected,playtest_parameter_ready
1600,ムゲンキャノン,project_generated_gameplay_v0_noncanonical,70,100,15,physical,neutral_v0,hit,0,selected,playtest_parameter_ready
1601,アクセルアーム,project_generated_gameplay_v0_noncanonical,70,100,15,physical,neutral_v0,hit,0,selected,playtest_parameter_ready
1602,タイムデストロイヤー,project_generated_gameplay_v0_noncanonical,70,100,15,physical,neutral_v0,hit,0,selected,playtest_parameter_ready
1603,ズィード砲,project_generated_gameplay_v0_noncanonical,70,100,15,special,neutral_v0,hit,0,selected,playtest_parameter_ready
1604,フルメタルブレイズ,project_generated_gameplay_v0_noncanonical,70,100,15,special,neutral_v0,hit,0,selected,playtest_parameter_ready
1605,ブローバックブレス,project_generated_gameplay_v0_noncanonical,70,100,15,special,neutral_v0,hit,0,selected,playtest_parameter_ready
1606,メガトンハイドロレーザー,project_generated_gameplay_v0_noncanonical,70,100,15,special,neutral_v0,hit,0,selected,playtest_parameter_ready
1607,ジャンボクレーター,project_generated_gameplay_v0_noncanonical,70,100,15,special,neutral_v0,hit,0,selected,playtest_parameter_ready
1608,ジャンボジェッター,project_generated_gameplay_v0_noncanonical,70,100,15,special,neutral_v0,hit,0,selected,playtest_parameter_ready
1609,悟遍路掌（さとりへんろしょう）,project_generated_gameplay_v0_noncanonical,70,100,15,physical,neutral_v0,hit,0,selected,playtest_parameter_ready
1610,霊光蜘蛛之糸（れいこうくものいと）,project_generated_gameplay_v0_noncanonical,70,100,15,special,neutral_v0,hit,0,selected,playtest_parameter_ready
1611,怠条真言（たいじょうしんごん）,project_generated_gameplay_v0_noncanonical,70,100,15,physical,neutral_v0,hit,0,selected,playtest_parameter_ready
1612,グロリアスバースト,project_generated_gameplay_v0_noncanonical,70,100,15,physical,neutral_v0,hit,0,selected,playtest_parameter_ready
1613,シャイニングブラスト,project_generated_gameplay_v0_noncanonical,70,100,15,physical,neutral_v0,hit,0,selected,playtest_parameter_ready
1614,ジオグレイソード,project_generated_gameplay_v0_noncanonical,70,100,15,special,neutral_v0,hit,0,selected,playtest_parameter_ready
1615,ハング・オン・デス,project_generated_gameplay_v0_noncanonical,70,100,15,special,neutral_v0,hit,0,selected,playtest_parameter_ready
1616,霧幻（むげん）,project_generated_gameplay_v0_noncanonical,70,100,15,special,neutral_v0,hit,0,selected,playtest_parameter_ready
1617,轍剣成敗（てっけんせいばい）,project_generated_gameplay_v0_noncanonical,70,100,15,physical,neutral_v0,hit,0,selected,playtest_parameter_ready
1618,シュベルトガイスト,project_generated_gameplay_v0_noncanonical,70,100,15,physical,neutral_v0,hit,0,selected,playtest_parameter_ready
1619,アウスジェネリクス,project_generated_gameplay_v0_noncanonical,70,100,15,special,neutral_v0,hit,0,selected,playtest_parameter_ready
1620,打首獄門,project_generated_gameplay_v0_noncanonical,70,100,15,special,neutral_v0,hit,0,selected,playtest_parameter_ready
1621,十文字斬り,project_generated_gameplay_v0_noncanonical,70,100,15,physical,neutral_v0,hit,0,selected,playtest_parameter_ready
1622,飯綱（いづな）,project_generated_gameplay_v0_noncanonical,70,100,15,physical,neutral_v0,hit,0,selected,playtest_parameter_ready
1623,ネイルクラッシャー,project_generated_gameplay_v0_noncanonical,70,100,15,physical,neutral_v0,hit,0,selected,playtest_parameter_ready
1624,髑髏乱舞（どくろらんぶ),project_generated_gameplay_v0_noncanonical,70,100,15,special,neutral_v0,hit,0,selected,playtest_parameter_ready
1625,カイザーフェニックス,project_generated_gameplay_v0_noncanonical,70,100,15,physical,neutral_v0,hit,0,selected,playtest_parameter_ready
1626,ミスティックブレイク,project_generated_gameplay_v0_noncanonical,70,100,15,physical,neutral_v0,hit,0,selected,playtest_parameter_ready
1627,エンド・ワルツ,project_generated_gameplay_v0_noncanonical,70,100,15,physical,neutral_v0,hit,0,selected,playtest_parameter_ready
1628,ゴッドブレス,project_generated_gameplay_v0_noncanonical,70,100,15,special,neutral_v0,hit,0,selected,playtest_parameter_ready
1629,エクリプスフィンガー,project_generated_gameplay_v0_noncanonical,70,100,15,special,neutral_v0,hit,0,selected,playtest_parameter_ready
1630,カリュドーンアルクス,project_generated_gameplay_v0_noncanonical,70,100,15,physical,neutral_v0,hit,0,selected,playtest_parameter_ready
1631,スーパーソニックボイス,project_generated_gameplay_v0_noncanonical,70,100,15,special,neutral_v0,hit,0,selected,playtest_parameter_ready
1632,デストロイドクラッシュ,project_generated_gameplay_v0_noncanonical,70,100,15,physical,neutral_v0,hit,0,selected,playtest_parameter_ready
1633,クリスタルレボリューション,project_generated_gameplay_v0_noncanonical,70,100,15,physical,neutral_v0,hit,0,selected,playtest_parameter_ready
1634,アイオブザゴーゴン,project_generated_gameplay_v0_noncanonical,70,100,15,physical,neutral_v0,hit,0,selected,playtest_parameter_ready
1635,グランキラー,project_generated_gameplay_v0_noncanonical,70,100,15,physical,neutral_v0,hit,0,selected,playtest_parameter_ready
1636,グランディスシザー,project_generated_gameplay_v0_noncanonical,70,100,15,special,neutral_v0,hit,0,selected,playtest_parameter_ready
1637,ディメンションシザー,project_generated_gameplay_v0_noncanonical,70,100,15,physical,neutral_v0,hit,0,selected,playtest_parameter_ready
1638,ザ・キー,project_generated_gameplay_v0_noncanonical,70,100,15,special,neutral_v0,hit,0,selected,playtest_parameter_ready
1639,ギュプト粒子砲,project_generated_gameplay_v0_noncanonical,70,100,15,physical,neutral_v0,hit,0,selected,playtest_parameter_ready
1640,ルーインブラスト(破滅の爆薬),project_generated_gameplay_v0_noncanonical,70,100,15,physical,neutral_v0,hit,0,selected,playtest_parameter_ready
1641,黄獣偃月刀（きじゅうえんげつとう）,project_generated_gameplay_v0_noncanonical,70,100,15,special,neutral_v0,hit,0,selected,playtest_parameter_ready
1642,獣狼大回転（じゅうろうだいかいてん),project_generated_gameplay_v0_noncanonical,70,100,15,special,neutral_v0,hit,0,selected,playtest_parameter_ready
1643,激・氷月牙（げき ひょうげつが）,project_generated_gameplay_v0_noncanonical,70,100,15,special,neutral_v0,hit,0,selected,playtest_parameter_ready
1644,ハートブレイカー,project_generated_gameplay_v0_noncanonical,70,100,15,physical,neutral_v0,hit,0,selected,playtest_parameter_ready
1645,クィーンスタンプ,project_generated_gameplay_v0_noncanonical,70,100,15,physical,neutral_v0,hit,0,selected,playtest_parameter_ready
1646,クィーンスティック,project_generated_gameplay_v0_noncanonical,70,100,15,special,neutral_v0,hit,0,selected,playtest_parameter_ready
1647,チェックメイト,project_generated_gameplay_v0_noncanonical,70,100,15,physical,neutral_v0,hit,0,selected,playtest_parameter_ready
1648,キングスティック,project_generated_gameplay_v0_noncanonical,70,100,15,physical,neutral_v0,hit,0,selected,playtest_parameter_ready
1649,キングダッシュ,project_generated_gameplay_v0_noncanonical,70,100,15,physical,neutral_v0,hit,0,selected,playtest_parameter_ready
1650,サルしばい,project_generated_gameplay_v0_noncanonical,70,100,15,physical,neutral_v0,hit,0,selected,playtest_parameter_ready
1651,ダイナ・キャノン,project_generated_gameplay_v0_noncanonical,70,100,15,physical,neutral_v0,hit,0,selected,playtest_parameter_ready
1652,グレネードストーム,project_generated_gameplay_v0_noncanonical,70,100,15,physical,neutral_v0,hit,0,selected,playtest_parameter_ready
1653,ギガシーデストロイヤー,project_generated_gameplay_v0_noncanonical,70,100,15,physical,neutral_v0,hit,0,selected,playtest_parameter_ready
1654,スカイウェーブ,project_generated_gameplay_v0_noncanonical,70,100,15,physical,neutral_v0,hit,0,selected,playtest_parameter_ready
1655,鉄拳制裁,project_generated_gameplay_v0_noncanonical,70,100,15,physical,neutral_v0,hit,0,selected,playtest_parameter_ready
1656,地神！神鳴！神馳！親父！（じしん！かみなり！かじ！おやじ！）,project_generated_gameplay_v0_noncanonical,70,100,15,physical,neutral_v0,hit,0,selected,playtest_parameter_ready
1657,ちゃぶ台返し,project_generated_gameplay_v0_noncanonical,70,100,15,special,neutral_v0,hit,0,selected,playtest_parameter_ready
1658,ブラックレクイエム,project_generated_gameplay_v0_noncanonical,70,100,15,special,neutral_v0,hit,0,selected,playtest_parameter_ready
1659,デッドスクリーム,project_generated_gameplay_v0_noncanonical,70,100,15,special,neutral_v0,hit,0,selected,playtest_parameter_ready
1660,覇王両断剣,project_generated_gameplay_v0_noncanonical,70,100,15,special,neutral_v0,hit,0,selected,playtest_parameter_ready
1661,オーロラブラスター,project_generated_gameplay_v0_noncanonical,70,100,15,physical,neutral_v0,hit,0,selected,playtest_parameter_ready
1662,ダークプロミネンス,project_generated_gameplay_v0_noncanonical,70,100,15,special,neutral_v0,hit,0,selected,playtest_parameter_ready
1663,ハイパームゲンキャノン,project_generated_gameplay_v0_noncanonical,70,100,15,special,neutral_v0,hit,0,selected,playtest_parameter_ready
1664,カオスクラッシャー,project_generated_gameplay_v0_noncanonical,70,100,15,special,neutral_v0,hit,0,selected,playtest_parameter_ready
1665,スーパージェノサイドアタック,project_generated_gameplay_v0_noncanonical,70,100,15,special,neutral_v0,hit,0,selected,playtest_parameter_ready
1666,デモンズディザスター,project_generated_gameplay_v0_noncanonical,70,100,15,physical,neutral_v0,hit,0,selected,playtest_parameter_ready
1667,ジュデッカプリズン,project_generated_gameplay_v0_noncanonical,70,100,15,special,neutral_v0,hit,0,selected,playtest_parameter_ready
1668,燐火斬（りんかざん）,project_generated_gameplay_v0_noncanonical,70,100,15,special,neutral_v0,hit,0,selected,playtest_parameter_ready
1669,ガイアリアクター,project_generated_gameplay_v0_noncanonical,70,100,15,special,neutral_v0,hit,0,selected,playtest_parameter_ready
1670,燐火撃（りんかげき）,project_generated_gameplay_v0_noncanonical,70,100,15,special,neutral_v0,hit,0,selected,playtest_parameter_ready
1671,オールデリート,project_generated_gameplay_v0_noncanonical,70,100,15,physical,neutral_v0,hit,0,selected,playtest_parameter_ready
1672,エデンズジャベリン,project_generated_gameplay_v0_noncanonical,70,100,15,physical,neutral_v0,hit,0,selected,playtest_parameter_ready
1673,セフィロートクリスタル,project_generated_gameplay_v0_noncanonical,70,100,15,physical,neutral_v0,hit,0,selected,playtest_parameter_ready
1674,コズミックレイ,project_generated_gameplay_v0_noncanonical,70,100,15,special,neutral_v0,hit,0,selected,playtest_parameter_ready
1675,オーラーティオ・グランディオロクア,project_generated_gameplay_v0_noncanonical,70,100,15,special,neutral_v0,hit,0,selected,playtest_parameter_ready
1676,カテドラール,project_generated_gameplay_v0_noncanonical,70,100,15,special,neutral_v0,hit,0,selected,playtest_parameter_ready
1677,グラドゥス,project_generated_gameplay_v0_noncanonical,70,100,15,physical,neutral_v0,hit,0,selected,playtest_parameter_ready
1678,永世竜王刃（えいせいりゅうおうじん）,project_generated_gameplay_v0_noncanonical,70,100,15,special,neutral_v0,hit,0,selected,playtest_parameter_ready
1679,黄鎧（おうがい）,project_generated_gameplay_v0_noncanonical,70,100,15,physical,neutral_v0,hit,0,selected,playtest_parameter_ready
1680,ラプラスの魔,project_generated_gameplay_v0_noncanonical,70,100,15,physical,neutral_v0,hit,0,selected,playtest_parameter_ready
1681,エルダーサイン,project_generated_gameplay_v0_noncanonical,70,100,15,physical,neutral_v0,hit,0,selected,playtest_parameter_ready
1682,フリージングブリザード,project_generated_gameplay_v0_noncanonical,70,100,15,special,neutral_v0,hit,0,selected,playtest_parameter_ready
1683,グレートスノープロー,project_generated_gameplay_v0_noncanonical,70,100,15,physical,neutral_v0,hit,0,selected,playtest_parameter_ready
1684,グレイト・メイルストローム,project_generated_gameplay_v0_noncanonical,70,100,15,special,neutral_v0,hit,0,selected,playtest_parameter_ready
1685,クリスタルビロー,project_generated_gameplay_v0_noncanonical,70,100,15,special,neutral_v0,hit,0,selected,playtest_parameter_ready
1686,アトミックボンバー,project_generated_gameplay_v0_noncanonical,70,100,15,physical,neutral_v0,hit,0,selected,playtest_parameter_ready
1687,スーパーノヴァ,project_generated_gameplay_v0_noncanonical,70,100,15,physical,neutral_v0,hit,0,selected,playtest_parameter_ready
1688,カラミティサンダー,project_generated_gameplay_v0_noncanonical,70,100,15,physical,neutral_v0,hit,0,selected,playtest_parameter_ready
1689,テラブラスター,project_generated_gameplay_v0_noncanonical,70,100,15,special,neutral_v0,hit,0,selected,playtest_parameter_ready
1690,エペイオスギミック,project_generated_gameplay_v0_noncanonical,70,100,15,special,neutral_v0,hit,0,selected,playtest_parameter_ready
1691,サプライズキャノン,project_generated_gameplay_v0_noncanonical,70,100,15,physical,neutral_v0,hit,0,selected,playtest_parameter_ready
1692,ダークブラスト,project_generated_gameplay_v0_noncanonical,70,100,15,physical,neutral_v0,hit,0,selected,playtest_parameter_ready
1693,ネクロエクリプス,project_generated_gameplay_v0_noncanonical,70,100,15,physical,neutral_v0,hit,0,selected,playtest_parameter_ready
1694,ガイアトルネード,project_generated_gameplay_v0_noncanonical,70,100,15,physical,neutral_v0,hit,0,selected,playtest_parameter_ready
1695,オメガバースト,project_generated_gameplay_v0_noncanonical,70,100,15,physical,neutral_v0,hit,0,selected,playtest_parameter_ready
1696,シャープネスクレイモア,project_generated_gameplay_v0_noncanonical,70,100,15,special,neutral_v0,hit,0,selected,playtest_parameter_ready
1697,アブソリュート・ゼロ,project_generated_gameplay_v0_noncanonical,70,100,15,physical,neutral_v0,hit,0,selected,playtest_parameter_ready
1698,ストームゲイザー,project_generated_gameplay_v0_noncanonical,70,100,15,physical,neutral_v0,hit,0,selected,playtest_parameter_ready
1699,レインボーシンフォニー,project_generated_gameplay_v0_noncanonical,70,100,15,physical,neutral_v0,hit,0,selected,playtest_parameter_ready
1700,ゴールデンロード,project_generated_gameplay_v0_noncanonical,70,100,15,physical,neutral_v0,hit,0,selected,playtest_parameter_ready
1701,メテオアースクエイク,project_generated_gameplay_v0_noncanonical,70,100,15,physical,neutral_v0,hit,0,selected,playtest_parameter_ready
1702,ジャイアントニッパー,project_generated_gameplay_v0_noncanonical,70,100,15,physical,neutral_v0,hit,0,selected,playtest_parameter_ready
1703,アヴァロンズゲート,project_generated_gameplay_v0_noncanonical,70,100,15,special,neutral_v0,hit,0,selected,playtest_parameter_ready
1704,ペンドラゴンズグローリー,project_generated_gameplay_v0_noncanonical,70,100,15,physical,neutral_v0,hit,0,selected,playtest_parameter_ready
1705,ドラゴニックインパクト,project_generated_gameplay_v0_noncanonical,70,100,15,physical,neutral_v0,hit,0,selected,playtest_parameter_ready
1706,ピンポイントウェポンワークス,project_generated_gameplay_v0_noncanonical,70,100,15,physical,neutral_v0,hit,0,selected,playtest_parameter_ready
1707,アプロプリエートワークス,project_generated_gameplay_v0_noncanonical,70,100,15,physical,neutral_v0,hit,0,selected,playtest_parameter_ready
1708,ボンバーアート,project_generated_gameplay_v0_noncanonical,70,100,15,physical,neutral_v0,hit,0,selected,playtest_parameter_ready
1709,ガイアフォース,project_generated_gameplay_v0_noncanonical,70,100,15,special,neutral_v0,hit,0,selected,playtest_parameter_ready
1710,ブレイブトルネード,project_generated_gameplay_v0_noncanonical,70,100,15,special,neutral_v0,hit,0,selected,playtest_parameter_ready
1711,ヴェノムインフューズ,project_generated_gameplay_v0_noncanonical,70,100,15,special,neutral_v0,hit,0,selected,playtest_parameter_ready
1712,ヒーリングセラピー,project_generated_gameplay_v0_noncanonical,70,100,15,special,neutral_v0,hit,0,selected,playtest_parameter_ready
1713,ＬＯＶＥＹＯＵ,project_generated_gameplay_v0_noncanonical,70,100,15,physical,neutral_v0,hit,0,selected,playtest_parameter_ready
1714,ピースファンタジア,project_generated_gameplay_v0_noncanonical,70,100,15,special,neutral_v0,hit,0,selected,playtest_parameter_ready
1715,パージシャイン,project_generated_gameplay_v0_noncanonical,70,100,15,special,neutral_v0,hit,0,selected,playtest_parameter_ready
1716,オーロラアンジュレーション,project_generated_gameplay_v0_noncanonical,70,100,15,special,neutral_v0,hit,0,selected,playtest_parameter_ready
1717,フェンリルソード,project_generated_gameplay_v0_noncanonical,70,100,15,special,neutral_v0,hit,0,selected,playtest_parameter_ready
1718,アウルヴァンディルの矢,project_generated_gameplay_v0_noncanonical,70,100,15,physical,neutral_v0,hit,0,selected,playtest_parameter_ready
1719,アークティックブリザード,project_generated_gameplay_v0_noncanonical,70,100,15,physical,neutral_v0,hit,0,selected,playtest_parameter_ready
1720,ミョルニル,project_generated_gameplay_v0_noncanonical,70,100,15,physical,neutral_v0,hit,0,selected,playtest_parameter_ready
1721,パワーウォーター,project_generated_gameplay_v0_noncanonical,70,100,15,physical,neutral_v0,hit,0,selected,playtest_parameter_ready
1722,ブレイズパワー,project_generated_gameplay_v0_noncanonical,70,100,15,special,neutral_v0,hit,0,selected,playtest_parameter_ready
1723,テラハイドロブレス,project_generated_gameplay_v0_noncanonical,70,100,15,special,neutral_v0,hit,0,selected,playtest_parameter_ready
1724,シャインブレイカー,project_generated_gameplay_v0_noncanonical,70,100,15,special,neutral_v0,hit,0,selected,playtest_parameter_ready
1725,オメガブレード,project_generated_gameplay_v0_noncanonical,70,100,15,physical,neutral_v0,hit,0,selected,playtest_parameter_ready
1726,クリスタルの破片,project_generated_gameplay_v0_noncanonical,70,100,15,physical,neutral_v0,hit,0,selected,playtest_parameter_ready
1727,巨大なクリスタル,project_generated_gameplay_v0_noncanonical,70,100,15,special,neutral_v0,hit,0,selected,playtest_parameter_ready
1728,自己修復,project_generated_gameplay_v0_noncanonical,70,100,15,special,neutral_v0,hit,0,selected,playtest_parameter_ready
1729,究極戦刃王竜剣,project_generated_gameplay_v0_noncanonical,70,100,15,physical,neutral_v0,hit,0,selected,playtest_parameter_ready
1730,聖剣グレイダルファー,project_generated_gameplay_v0_noncanonical,70,100,15,physical,neutral_v0,hit,0,selected,playtest_parameter_ready
1731,デジタライズ・オブ・ソウル,project_generated_gameplay_v0_noncanonical,70,100,15,physical,neutral_v0,hit,0,selected,playtest_parameter_ready
1732,アルティメットブラスト,project_generated_gameplay_v0_noncanonical,70,100,15,physical,neutral_v0,hit,0,selected,playtest_parameter_ready
1733,アルティメットクエイク,project_generated_gameplay_v0_noncanonical,70,100,15,special,neutral_v0,hit,0,selected,playtest_parameter_ready
1734,テラバイトディザスター,project_generated_gameplay_v0_noncanonical,70,100,15,special,neutral_v0,hit,0,selected,playtest_parameter_ready
1735,ディストーションライン,project_generated_gameplay_v0_noncanonical,70,100,15,special,neutral_v0,hit,0,selected,playtest_parameter_ready
1736,ブルートフォース,project_generated_gameplay_v0_noncanonical,70,100,15,physical,neutral_v0,hit,0,selected,playtest_parameter_ready
1737,ソルブラスター,project_generated_gameplay_v0_noncanonical,70,100,15,physical,neutral_v0,hit,0,selected,playtest_parameter_ready
1738,フォイボス・ブロウ,project_generated_gameplay_v0_noncanonical,70,100,15,special,neutral_v0,hit,0,selected,playtest_parameter_ready
1739,アロー・オブ・アポロ,project_generated_gameplay_v0_noncanonical,70,100,15,physical,neutral_v0,hit,0,selected,playtest_parameter_ready
1740,暗黒(ダークネスゾーン),project_generated_gameplay_v0_noncanonical,70,100,15,special,neutral_v0,hit,0,selected,playtest_parameter_ready
1741,ピラミッドパワー,project_generated_gameplay_v0_noncanonical,70,100,15,physical,neutral_v0,hit,0,selected,playtest_parameter_ready
1742,アメミット,project_generated_gameplay_v0_noncanonical,70,100,15,physical,neutral_v0,hit,0,selected,playtest_parameter_ready
1743,ブラックレイン,project_generated_gameplay_v0_noncanonical,70,100,15,physical,neutral_v0,hit,0,selected,playtest_parameter_ready
1744,ミザリーバレットレイン,project_generated_gameplay_v0_noncanonical,70,100,15,physical,neutral_v0,hit,0,selected,playtest_parameter_ready
1745,デストラクショントリッガー,project_generated_gameplay_v0_noncanonical,70,100,15,physical,neutral_v0,hit,0,selected,playtest_parameter_ready
1746,ハートブレイクアタック,project_generated_gameplay_v0_noncanonical,70,100,15,physical,neutral_v0,hit,0,selected,playtest_parameter_ready
1747,ダークストローム,project_generated_gameplay_v0_noncanonical,70,100,15,special,neutral_v0,hit,0,selected,playtest_parameter_ready
1748,イビルアイシクル,project_generated_gameplay_v0_noncanonical,70,100,15,physical,neutral_v0,hit,0,selected,playtest_parameter_ready
1749,ストレンジミスト,project_generated_gameplay_v0_noncanonical,70,100,15,physical,neutral_v0,hit,0,selected,playtest_parameter_ready
1750,パンドーラ・ダイアログ,project_generated_gameplay_v0_noncanonical,70,100,15,physical,neutral_v0,hit,0,selected,playtest_parameter_ready
1751,エターナル・ニルヴァーナ,project_generated_gameplay_v0_noncanonical,70,100,15,special,neutral_v0,hit,0,selected,playtest_parameter_ready
1752,スチームボム,project_generated_gameplay_v0_noncanonical,70,100,15,physical,neutral_v0,hit,0,selected,playtest_parameter_ready
1753,ホイールグラインダー,project_generated_gameplay_v0_noncanonical,70,100,15,special,neutral_v0,hit,0,selected,playtest_parameter_ready
1754,ボーリンストーム,project_generated_gameplay_v0_noncanonical,70,100,15,physical,neutral_v0,hit,0,selected,playtest_parameter_ready
1755,ローダーモーニングスター,project_generated_gameplay_v0_noncanonical,70,100,15,physical,neutral_v0,hit,0,selected,playtest_parameter_ready
1756,ダークネスウェーブ,project_generated_gameplay_v0_noncanonical,70,100,15,physical,neutral_v0,hit,0,selected,playtest_parameter_ready
1757,プワゾン,project_generated_gameplay_v0_noncanonical,70,100,15,physical,neutral_v0,hit,0,selected,playtest_parameter_ready
1758,ライトニングフィール,project_generated_gameplay_v0_noncanonical,70,100,15,physical,neutral_v0,hit,0,selected,playtest_parameter_ready
1759,ルミナフラッシュ,project_generated_gameplay_v0_noncanonical,70,100,15,physical,neutral_v0,hit,0,selected,playtest_parameter_ready
1760,デッド・オア・アライブ,project_generated_gameplay_v0_noncanonical,70,100,15,special,neutral_v0,hit,0,selected,playtest_parameter_ready
1761,ストロングフォールド,project_generated_gameplay_v0_noncanonical,70,100,15,special,neutral_v0,hit,0,selected,playtest_parameter_ready
1762,ルークガトリング,project_generated_gameplay_v0_noncanonical,70,100,15,physical,neutral_v0,hit,0,selected,playtest_parameter_ready
1763,キャッスルウォール,project_generated_gameplay_v0_noncanonical,70,100,15,special,neutral_v0,hit,0,selected,playtest_parameter_ready
1764,ライラシャワー,project_generated_gameplay_v0_noncanonical,70,100,15,physical,neutral_v0,hit,0,selected,playtest_parameter_ready
1765,ビューティースラップ,project_generated_gameplay_v0_noncanonical,70,100,15,special,neutral_v0,hit,0,selected,playtest_parameter_ready
1766,アン・ドゥ・ポラン,project_generated_gameplay_v0_noncanonical,70,100,15,special,neutral_v0,hit,0,selected,playtest_parameter_ready
1767,トライデントリボルバー,project_generated_gameplay_v0_noncanonical,70,100,15,physical,neutral_v0,hit,0,selected,playtest_parameter_ready
1768,ライジングデストロイヤー,project_generated_gameplay_v0_noncanonical,70,100,15,physical,neutral_v0,hit,0,selected,playtest_parameter_ready
1769,ソリッドストライク,project_generated_gameplay_v0_noncanonical,70,100,15,physical,neutral_v0,hit,0,selected,playtest_parameter_ready
1770,ラブリーアタック,project_generated_gameplay_v0_noncanonical,70,100,15,physical,neutral_v0,hit,0,selected,playtest_parameter_ready
1771,デスクラウド,project_generated_gameplay_v0_noncanonical,70,100,15,physical,neutral_v0,hit,0,selected,playtest_parameter_ready
1772,ソウルプレデター,project_generated_gameplay_v0_noncanonical,70,100,15,special,neutral_v0,hit,0,selected,playtest_parameter_ready
1773,グレイブスクリーム,project_generated_gameplay_v0_noncanonical,70,100,15,special,neutral_v0,hit,0,selected,playtest_parameter_ready
1774,ヌークリアレーザー,project_generated_gameplay_v0_noncanonical,70,100,15,special,neutral_v0,hit,0,selected,playtest_parameter_ready
1775,ホーミングレーザー,project_generated_gameplay_v0_noncanonical,70,100,15,physical,neutral_v0,hit,0,selected,playtest_parameter_ready
1776,エミットブレイド,project_generated_gameplay_v0_noncanonical,70,100,15,special,neutral_v0,hit,0,selected,playtest_parameter_ready
1777,ジェノサイドアタック,project_generated_gameplay_v0_noncanonical,70,100,15,special,neutral_v0,hit,0,selected,playtest_parameter_ready
1778,アルティメットスライサー,project_generated_gameplay_v0_noncanonical,70,100,15,special,neutral_v0,hit,0,selected,playtest_parameter_ready
1779,モデストリィスタン,project_generated_gameplay_v0_noncanonical,70,100,15,special,neutral_v0,hit,0,selected,playtest_parameter_ready
1780,ヴィモーハナ,project_generated_gameplay_v0_noncanonical,70,100,15,special,neutral_v0,hit,0,selected,playtest_parameter_ready
1781,コアダート,project_generated_gameplay_v0_noncanonical,70,100,15,special,neutral_v0,hit,0,selected,playtest_parameter_ready
1782,ブラストファイア,project_generated_gameplay_v0_noncanonical,70,100,15,special,neutral_v0,hit,0,selected,playtest_parameter_ready
1783,ギルティブラック,project_generated_gameplay_v0_noncanonical,70,100,15,special,neutral_v0,hit,0,selected,playtest_parameter_ready
1784,マメバイト１０００,project_generated_gameplay_v0_noncanonical,70,100,15,special,neutral_v0,hit,0,selected,playtest_parameter_ready
1785,メットラリアット,project_generated_gameplay_v0_noncanonical,70,100,15,physical,neutral_v0,hit,0,selected,playtest_parameter_ready
1786,スネークバンデージ,project_generated_gameplay_v0_noncanonical,70,100,15,physical,neutral_v0,hit,0,selected,playtest_parameter_ready
1787,ネクロフォビア,project_generated_gameplay_v0_noncanonical,70,100,15,physical,neutral_v0,hit,0,selected,playtest_parameter_ready
1788,サウザンドアロー,project_generated_gameplay_v0_noncanonical,70,100,15,special,neutral_v0,hit,0,selected,playtest_parameter_ready
1789,武舞独繰,project_generated_gameplay_v0_noncanonical,70,100,15,physical,neutral_v0,hit,0,selected,playtest_parameter_ready
1790,蝶絶喇叭蹴（ちょうぜつらっぱしゅう）,project_generated_gameplay_v0_noncanonical,70,100,15,physical,neutral_v0,hit,0,selected,playtest_parameter_ready
1791,マスターファイアー,project_generated_gameplay_v0_noncanonical,70,100,15,special,neutral_v0,hit,0,selected,playtest_parameter_ready
1792,ヴェーダカ,project_generated_gameplay_v0_noncanonical,70,100,15,physical,neutral_v0,hit,0,selected,playtest_parameter_ready
1793,ラウラヴァ,project_generated_gameplay_v0_noncanonical,70,100,15,physical,neutral_v0,hit,0,selected,playtest_parameter_ready
1794,チャームプランダー,project_generated_gameplay_v0_noncanonical,70,100,15,special,neutral_v0,hit,0,selected,playtest_parameter_ready
1795,ノーザンクロスボンバー,project_generated_gameplay_v0_noncanonical,70,100,15,physical,neutral_v0,hit,0,selected,playtest_parameter_ready
1796,ビックバン・ボイス,project_generated_gameplay_v0_noncanonical,70,100,15,physical,neutral_v0,hit,0,selected,playtest_parameter_ready
1797,ビックバン・タックル,project_generated_gameplay_v0_noncanonical,70,100,15,physical,neutral_v0,hit,0,selected,playtest_parameter_ready
1798,ヘブンズゲート,project_generated_gameplay_v0_noncanonical,70,100,15,special,neutral_v0,hit,0,selected,playtest_parameter_ready
1799,タイダルウェーブ,project_generated_gameplay_v0_noncanonical,70,100,15,physical,neutral_v0,hit,0,selected,playtest_parameter_ready
1800,つっこみパンチ,project_generated_gameplay_v0_noncanonical,70,100,15,physical,neutral_v0,hit,0,selected,playtest_parameter_ready
1801,コールドギャグ,project_generated_gameplay_v0_noncanonical,70,100,15,special,neutral_v0,hit,0,selected,playtest_parameter_ready
1802,悪魔のなげキッス,project_generated_gameplay_v0_noncanonical,70,100,15,special,neutral_v0,hit,0,selected,playtest_parameter_ready
1803,スパイラルフラワー,project_generated_gameplay_v0_noncanonical,70,100,15,physical,neutral_v0,hit,0,selected,playtest_parameter_ready
1804,紅蓮獣王波（ぐれんじゅうおうは）,project_generated_gameplay_v0_noncanonical,70,100,15,special,neutral_v0,hit,0,selected,playtest_parameter_ready
1805,紅・獅子之舞（くれない・ししのまい）,project_generated_gameplay_v0_noncanonical,70,100,15,physical,neutral_v0,hit,0,selected,playtest_parameter_ready
1806,清々之咆哮（せいせいのほうこう）,project_generated_gameplay_v0_noncanonical,70,100,15,physical,neutral_v0,hit,0,selected,playtest_parameter_ready
1807,アイスファントム,project_generated_gameplay_v0_noncanonical,70,100,15,special,neutral_v0,hit,0,selected,playtest_parameter_ready
1808,コールドフレイム,project_generated_gameplay_v0_noncanonical,70,100,15,physical,neutral_v0,hit,0,selected,playtest_parameter_ready
1809,ブラックスタチュー,project_generated_gameplay_v0_noncanonical,70,100,15,physical,neutral_v0,hit,0,selected,playtest_parameter_ready
1810,デーモンズシャウト,project_generated_gameplay_v0_noncanonical,70,100,15,special,neutral_v0,hit,0,selected,playtest_parameter_ready
1811,ソウルチョッパー,project_generated_gameplay_v0_noncanonical,70,100,15,physical,neutral_v0,hit,0,selected,playtest_parameter_ready
1812,ヒートウェーブ,project_generated_gameplay_v0_noncanonical,70,100,15,physical,neutral_v0,hit,0,selected,playtest_parameter_ready
1813,ビットボム,project_generated_gameplay_v0_noncanonical,70,100,15,physical,neutral_v0,hit,0,selected,playtest_parameter_ready
1814,ビッグスマイリーボマー,project_generated_gameplay_v0_noncanonical,70,100,15,physical,neutral_v0,hit,0,selected,playtest_parameter_ready
1815,ビショップレーザー,project_generated_gameplay_v0_noncanonical,70,100,15,special,neutral_v0,hit,0,selected,playtest_parameter_ready
1816,ビショップクロス,project_generated_gameplay_v0_noncanonical,70,100,15,special,neutral_v0,hit,0,selected,playtest_parameter_ready
1817,マジカルスティック,project_generated_gameplay_v0_noncanonical,70,100,15,physical,neutral_v0,hit,0,selected,playtest_parameter_ready
1818,成龍刃（せいりゅうじん）,project_generated_gameplay_v0_noncanonical,70,100,15,special,neutral_v0,hit,0,selected,playtest_parameter_ready
1819,縦横車（じゅうおうぐるま）,project_generated_gameplay_v0_noncanonical,70,100,15,special,neutral_v0,hit,0,selected,playtest_parameter_ready
1820,トリックオアトリート,project_generated_gameplay_v0_noncanonical,70,100,15,physical,neutral_v0,hit,0,selected,playtest_parameter_ready
1821,アニマルネイル,project_generated_gameplay_v0_noncanonical,70,100,15,special,neutral_v0,hit,0,selected,playtest_parameter_ready
1822,ストライクフィッシング,project_generated_gameplay_v0_noncanonical,70,100,15,physical,neutral_v0,hit,0,selected,playtest_parameter_ready
1823,ソニックデストロイヤー,project_generated_gameplay_v0_noncanonical,70,100,15,physical,neutral_v0,hit,0,selected,playtest_parameter_ready
1824,マッドポンプ,project_generated_gameplay_v0_noncanonical,70,100,15,special,neutral_v0,hit,0,selected,playtest_parameter_ready
1825,オクタゴンアタック,project_generated_gameplay_v0_noncanonical,70,100,15,special,neutral_v0,hit,0,selected,playtest_parameter_ready
1826,ヘルタースケルター,project_generated_gameplay_v0_noncanonical,70,100,15,physical,neutral_v0,hit,0,selected,playtest_parameter_ready
1827,ヴァンパイアダンス,project_generated_gameplay_v0_noncanonical,70,100,15,physical,neutral_v0,hit,0,selected,playtest_parameter_ready
1828,ヴァフニジュヴァーラ,project_generated_gameplay_v0_noncanonical,70,100,15,physical,neutral_v0,hit,0,selected,playtest_parameter_ready
1829,エスグリーマ,project_generated_gameplay_v0_noncanonical,70,100,15,physical,neutral_v0,hit,0,selected,playtest_parameter_ready
1830,デスペラードブラスター,project_generated_gameplay_v0_noncanonical,70,100,15,physical,neutral_v0,hit,0,selected,playtest_parameter_ready
1831,ギルティクロウ,project_generated_gameplay_v0_noncanonical,70,100,15,physical,neutral_v0,hit,0,selected,playtest_parameter_ready
1832,プラグボム,project_generated_gameplay_v0_noncanonical,70,100,15,special,neutral_v0,hit,0,selected,playtest_parameter_ready
1833,ベルセルクソード,project_generated_gameplay_v0_noncanonical,70,100,15,special,neutral_v0,hit,0,selected,playtest_parameter_ready
1834,メタルメテオ,project_generated_gameplay_v0_noncanonical,70,100,15,special,neutral_v0,hit,0,selected,playtest_parameter_ready
1835,ブラッディータワー,project_generated_gameplay_v0_noncanonical,70,100,15,physical,neutral_v0,hit,0,selected,playtest_parameter_ready
1836,コブシトーン,project_generated_gameplay_v0_noncanonical,70,100,15,physical,neutral_v0,hit,0,selected,playtest_parameter_ready
1837,呪禁札（じゅごんさつ）,project_generated_gameplay_v0_noncanonical,70,100,15,physical,neutral_v0,hit,0,selected,playtest_parameter_ready
1838,鬼門遁甲（きもんとんこう）,project_generated_gameplay_v0_noncanonical,70,100,15,special,neutral_v0,hit,0,selected,playtest_parameter_ready
1839,ロイヤルナッツ,project_generated_gameplay_v0_noncanonical,70,100,15,special,neutral_v0,hit,0,selected,playtest_parameter_ready
1840,グラスラッシュ,project_generated_gameplay_v0_noncanonical,70,100,15,physical,neutral_v0,hit,0,selected,playtest_parameter_ready
1841,ブリンデッド,project_generated_gameplay_v0_noncanonical,70,100,15,special,neutral_v0,hit,0,selected,playtest_parameter_ready
1842,へヴィーメタルファイアー,project_generated_gameplay_v0_noncanonical,70,100,15,physical,neutral_v0,hit,0,selected,playtest_parameter_ready
1843,ヒートチェーン,project_generated_gameplay_v0_noncanonical,70,100,15,physical,neutral_v0,hit,0,selected,playtest_parameter_ready
1844,エニグマ,project_generated_gameplay_v0_noncanonical,70,100,15,special,neutral_v0,hit,0,selected,playtest_parameter_ready
1845,ナイトメアシンドローム,project_generated_gameplay_v0_noncanonical,70,100,15,physical,neutral_v0,hit,0,selected,playtest_parameter_ready
1846,ブラッディーケイブ,project_generated_gameplay_v0_noncanonical,70,100,15,special,neutral_v0,hit,0,selected,playtest_parameter_ready
1847,ヘルマスカレード,project_generated_gameplay_v0_noncanonical,70,100,15,special,neutral_v0,hit,0,selected,playtest_parameter_ready
1848,強振砲舞乱（きょうしんホームラン）,project_generated_gameplay_v0_noncanonical,70,100,15,special,neutral_v0,hit,0,selected,playtest_parameter_ready
1849,打々々魅飲血（だだだみんち）,project_generated_gameplay_v0_noncanonical,70,100,15,special,neutral_v0,hit,0,selected,playtest_parameter_ready
1850,豚ノ丸焼（ぶたのまるやき）,project_generated_gameplay_v0_noncanonical,70,100,15,special,neutral_v0,hit,0,selected,playtest_parameter_ready
1851,シュヴァボージャナ,project_generated_gameplay_v0_noncanonical,70,100,15,physical,neutral_v0,hit,0,selected,playtest_parameter_ready
1852,疾風天翔剣（しっぷうてんしょうけん）,project_generated_gameplay_v0_noncanonical,70,100,15,physical,neutral_v0,hit,0,selected,playtest_parameter_ready
1853,迅速の心得（じんそくのこころえ）,project_generated_gameplay_v0_noncanonical,70,100,15,special,neutral_v0,hit,0,selected,playtest_parameter_ready
1854,改心の波動,project_generated_gameplay_v0_noncanonical,70,100,15,physical,neutral_v0,hit,0,selected,playtest_parameter_ready
1855,ストライバ－キャノン,project_generated_gameplay_v0_noncanonical,70,100,15,physical,neutral_v0,hit,0,selected,playtest_parameter_ready
1856,ブラストガトリング,project_generated_gameplay_v0_noncanonical,70,100,15,physical,neutral_v0,hit,0,selected,playtest_parameter_ready
1857,フォービドゥントライデント,project_generated_gameplay_v0_noncanonical,70,100,15,special,neutral_v0,hit,0,selected,playtest_parameter_ready
1858,梵筆閃（ぼんひつせん）,project_generated_gameplay_v0_noncanonical,70,100,15,special,neutral_v0,hit,0,selected,playtest_parameter_ready
1859,ダークイクスプロージョン,project_generated_gameplay_v0_noncanonical,70,100,15,special,neutral_v0,hit,0,selected,playtest_parameter_ready
1860,シュバルツネーベル,project_generated_gameplay_v0_noncanonical,70,100,15,physical,neutral_v0,hit,0,selected,playtest_parameter_ready
1861,ダークホール,project_generated_gameplay_v0_noncanonical,70,100,15,physical,neutral_v0,hit,0,selected,playtest_parameter_ready
1862,第一曲≪ポリフォニー≫,project_generated_gameplay_v0_noncanonical,70,100,15,special,neutral_v0,hit,0,selected,playtest_parameter_ready
1863,第二曲≪アリア≫,project_generated_gameplay_v0_noncanonical,70,100,15,physical,neutral_v0,hit,0,selected,playtest_parameter_ready
1864,第三曲≪カノン≫,project_generated_gameplay_v0_noncanonical,70,100,15,physical,neutral_v0,hit,0,selected,playtest_parameter_ready
1865,レッジストレイド,project_generated_gameplay_v0_noncanonical,70,100,15,physical,neutral_v0,hit,0,selected,playtest_parameter_ready
1866,メテオフレイム,project_generated_gameplay_v0_noncanonical,70,100,15,physical,neutral_v0,hit,0,selected,playtest_parameter_ready
1867,トライデントセイバー,project_generated_gameplay_v0_noncanonical,70,100,15,special,neutral_v0,hit,0,selected,playtest_parameter_ready
1868,ハンマースパーク,project_generated_gameplay_v0_noncanonical,70,100,15,special,neutral_v0,hit,0,selected,playtest_parameter_ready
1869,ブラックアウト,project_generated_gameplay_v0_noncanonical,70,100,15,physical,neutral_v0,hit,0,selected,playtest_parameter_ready
1870,ポイズンピアス,project_generated_gameplay_v0_noncanonical,70,100,15,physical,neutral_v0,hit,0,selected,playtest_parameter_ready
1871,グレイブボーン,project_generated_gameplay_v0_noncanonical,70,100,15,special,neutral_v0,hit,0,selected,playtest_parameter_ready
1872,デッドリーフィアー,project_generated_gameplay_v0_noncanonical,70,100,15,physical,neutral_v0,hit,0,selected,playtest_parameter_ready
1873,ネイルボーン,project_generated_gameplay_v0_noncanonical,70,100,15,special,neutral_v0,hit,0,selected,playtest_parameter_ready
1874,オブリビオンバード,project_generated_gameplay_v0_noncanonical,70,100,15,physical,neutral_v0,hit,0,selected,playtest_parameter_ready
1875,ハレースコール,project_generated_gameplay_v0_noncanonical,70,100,15,physical,neutral_v0,hit,0,selected,playtest_parameter_ready
1876,プーヤヴァーハ,project_generated_gameplay_v0_noncanonical,70,100,15,physical,neutral_v0,hit,0,selected,playtest_parameter_ready
1877,トップガン,project_generated_gameplay_v0_noncanonical,70,100,15,special,neutral_v0,hit,0,selected,playtest_parameter_ready
1878,デュアルソニック,project_generated_gameplay_v0_noncanonical,70,100,15,physical,neutral_v0,hit,0,selected,playtest_parameter_ready
1879,チェリーボム,project_generated_gameplay_v0_noncanonical,70,100,15,physical,neutral_v0,hit,0,selected,playtest_parameter_ready
1880,ニギミタマ,project_generated_gameplay_v0_noncanonical,70,100,15,special,neutral_v0,hit,0,selected,playtest_parameter_ready
1881,アラミタマ,project_generated_gameplay_v0_noncanonical,70,100,15,physical,neutral_v0,hit,0,selected,playtest_parameter_ready
1882,スマッシュポテト,project_generated_gameplay_v0_noncanonical,70,100,15,special,neutral_v0,hit,0,selected,playtest_parameter_ready
1883,降妖杖・渦紋の陣（かもんのじん）,project_generated_gameplay_v0_noncanonical,70,100,15,special,neutral_v0,hit,0,selected,playtest_parameter_ready
1884,降妖杖・滝の陣（たきのじん）,project_generated_gameplay_v0_noncanonical,70,100,15,physical,neutral_v0,hit,0,selected,playtest_parameter_ready
1885,月牙斬（げつがざん）,project_generated_gameplay_v0_noncanonical,70,100,15,physical,neutral_v0,hit,0,selected,playtest_parameter_ready
1886,クリシュナ,project_generated_gameplay_v0_noncanonical,70,100,15,special,neutral_v0,hit,0,selected,playtest_parameter_ready
1887,杜子春経（とししゅんきょう）,project_generated_gameplay_v0_noncanonical,70,100,15,special,neutral_v0,hit,0,selected,playtest_parameter_ready
1888,胡蝶夢経（こちょうむきょう）,project_generated_gameplay_v0_noncanonical,70,100,15,special,neutral_v0,hit,0,selected,playtest_parameter_ready
1889,無限弾幕心経（むげんだんまくしんきょう）,project_generated_gameplay_v0_noncanonical,70,100,15,physical,neutral_v0,hit,0,selected,playtest_parameter_ready
1890,渦紋の陣（かもんのじん）,project_generated_gameplay_v0_noncanonical,70,100,15,special,neutral_v0,hit,0,selected,playtest_parameter_ready
1891,滝の陣（たきのじん）,project_generated_gameplay_v0_noncanonical,70,100,15,physical,neutral_v0,hit,0,selected,playtest_parameter_ready
1892,秘技・夢現影（ひぎ・むげんえい）,project_generated_gameplay_v0_noncanonical,70,100,15,physical,neutral_v0,hit,0,selected,playtest_parameter_ready
1893,疾風迅雷撃（しっぷうじんらいげき）,project_generated_gameplay_v0_noncanonical,70,100,15,physical,neutral_v0,hit,0,selected,playtest_parameter_ready
1894,超帯電雷光砲（ちょうたいでんらいこうほう）,project_generated_gameplay_v0_noncanonical,70,100,15,special,neutral_v0,hit,0,selected,playtest_parameter_ready
1895,觔斗雲（きんとうん）,project_generated_gameplay_v0_noncanonical,70,100,15,special,neutral_v0,hit,0,selected,playtest_parameter_ready
1896,クリミシャ,project_generated_gameplay_v0_noncanonical,70,100,15,special,neutral_v0,hit,0,selected,playtest_parameter_ready
1897,ルナティックダンス,project_generated_gameplay_v0_noncanonical,70,100,15,physical,neutral_v0,hit,0,selected,playtest_parameter_ready
1898,アイスアーチェリー,project_generated_gameplay_v0_noncanonical,70,100,15,physical,neutral_v0,hit,0,selected,playtest_parameter_ready
1899,ダークアーチェリー,project_generated_gameplay_v0_noncanonical,70,100,15,special,neutral_v0,hit,0,selected,playtest_parameter_ready
1900,クロスブレード,project_generated_gameplay_v0_noncanonical,70,100,15,special,neutral_v0,hit,0,selected,playtest_parameter_ready
1901,グレイドスラッシュ,project_generated_gameplay_v0_noncanonical,70,100,15,physical,neutral_v0,hit,0,selected,playtest_parameter_ready
1902,獅子獣波斬,project_generated_gameplay_v0_noncanonical,70,100,15,special,neutral_v0,hit,0,selected,playtest_parameter_ready
1903,旋風タービン蹴り,project_generated_gameplay_v0_noncanonical,70,100,15,physical,neutral_v0,hit,0,selected,playtest_parameter_ready
1904,スクラップレスクロー,project_generated_gameplay_v0_noncanonical,70,100,15,special,neutral_v0,hit,0,selected,playtest_parameter_ready
1905,メガトンハマークラッシュ,project_generated_gameplay_v0_noncanonical,70,100,15,physical,neutral_v0,hit,0,selected,playtest_parameter_ready
1906,ギガクラック,project_generated_gameplay_v0_noncanonical,70,100,15,special,neutral_v0,hit,0,selected,playtest_parameter_ready
1907,デッドリーボム,project_generated_gameplay_v0_noncanonical,70,100,15,special,neutral_v0,hit,0,selected,playtest_parameter_ready
1908,レイジギガアンカー,project_generated_gameplay_v0_noncanonical,70,100,15,special,neutral_v0,hit,0,selected,playtest_parameter_ready
1909,パイレーツパニッシャー,project_generated_gameplay_v0_noncanonical,70,100,15,physical,neutral_v0,hit,0,selected,playtest_parameter_ready
1910,レッグリボルバー,project_generated_gameplay_v0_noncanonical,70,100,15,physical,neutral_v0,hit,0,selected,playtest_parameter_ready
1911,ニトロスティンガー,project_generated_gameplay_v0_noncanonical,70,100,15,physical,neutral_v0,hit,0,selected,playtest_parameter_ready
1912,スカイロケット∞（ムゲン）,project_generated_gameplay_v0_noncanonical,70,100,15,special,neutral_v0,hit,0,selected,playtest_parameter_ready
1913,マジックアーム,project_generated_gameplay_v0_noncanonical,70,100,15,special,neutral_v0,hit,0,selected,playtest_parameter_ready
1914,ミラクルボム,project_generated_gameplay_v0_noncanonical,70,100,15,physical,neutral_v0,hit,0,selected,playtest_parameter_ready
1915,ヒート・バイパー,project_generated_gameplay_v0_noncanonical,70,100,15,special,neutral_v0,hit,0,selected,playtest_parameter_ready
1916,ジェノサイドギア,project_generated_gameplay_v0_noncanonical,70,100,15,special,neutral_v0,hit,0,selected,playtest_parameter_ready
1917,ギルティクロー,project_generated_gameplay_v0_noncanonical,70,100,15,special,neutral_v0,hit,0,selected,playtest_parameter_ready
1918,悟り（さとり）,project_generated_gameplay_v0_noncanonical,70,100,15,special,neutral_v0,hit,0,selected,playtest_parameter_ready
1919,衝撃羽（しょうげきは）,project_generated_gameplay_v0_noncanonical,70,100,15,special,neutral_v0,hit,0,selected,playtest_parameter_ready
1920,ウンチバズーカ,project_generated_gameplay_v0_noncanonical,70,100,15,physical,neutral_v0,hit,0,selected,playtest_parameter_ready
1921,酒ブレス,project_generated_gameplay_v0_noncanonical,70,100,15,special,neutral_v0,hit,0,selected,playtest_parameter_ready
1922,アメノムラクモ,project_generated_gameplay_v0_noncanonical,70,100,15,physical,neutral_v0,hit,0,selected,playtest_parameter_ready
1923,シザーアームズΩ,project_generated_gameplay_v0_noncanonical,70,100,15,physical,neutral_v0,hit,0,selected,playtest_parameter_ready
1924,ホーリーアロー,project_generated_gameplay_v0_noncanonical,70,100,15,special,neutral_v0,hit,0,selected,playtest_parameter_ready
1925,ラブ・セレナーデ,project_generated_gameplay_v0_noncanonical,70,100,15,physical,neutral_v0,hit,0,selected,playtest_parameter_ready
1926,ダークスピリッツ,project_generated_gameplay_v0_noncanonical,70,100,15,physical,neutral_v0,hit,0,selected,playtest_parameter_ready
1927,プリティーアタック,project_generated_gameplay_v0_noncanonical,70,100,15,special,neutral_v0,hit,0,selected,playtest_parameter_ready
1928,ブラックマター,project_generated_gameplay_v0_noncanonical,70,100,15,special,neutral_v0,hit,0,selected,playtest_parameter_ready
1929,Ｖウィングブレード,project_generated_gameplay_v0_noncanonical,70,100,15,special,neutral_v0,hit,0,selected,playtest_parameter_ready
1930,ドラゴンインパルス,project_generated_gameplay_v0_noncanonical,70,100,15,special,neutral_v0,hit,0,selected,playtest_parameter_ready
1931,ヴォルカニックフォーン,project_generated_gameplay_v0_noncanonical,70,100,15,physical,neutral_v0,hit,0,selected,playtest_parameter_ready
1932,サークルオブデス,project_generated_gameplay_v0_noncanonical,70,100,15,special,neutral_v0,hit,0,selected,playtest_parameter_ready
1933,ブレイズソニックブレス,project_generated_gameplay_v0_noncanonical,70,100,15,physical,neutral_v0,hit,0,selected,playtest_parameter_ready
1934,エクスプロードソニックランス,project_generated_gameplay_v0_noncanonical,70,100,15,physical,neutral_v0,hit,0,selected,playtest_parameter_ready
1935,ウイングブラスト,project_generated_gameplay_v0_noncanonical,70,100,15,physical,neutral_v0,hit,0,selected,playtest_parameter_ready
1936,スーカラ,project_generated_gameplay_v0_noncanonical,70,100,15,special,neutral_v0,hit,0,selected,playtest_parameter_ready
1937,ナイトレイド,project_generated_gameplay_v0_noncanonical,70,100,15,physical,neutral_v0,hit,0,selected,playtest_parameter_ready
1938,ローダ,project_generated_gameplay_v0_noncanonical,70,100,15,special,neutral_v0,hit,0,selected,playtest_parameter_ready
1939,ヘルズグレネード,project_generated_gameplay_v0_noncanonical,70,100,15,physical,neutral_v0,hit,0,selected,playtest_parameter_ready
1940,コクーンアタック,project_generated_gameplay_v0_noncanonical,70,100,15,special,neutral_v0,hit,0,selected,playtest_parameter_ready
1941,アドームクハ,project_generated_gameplay_v0_noncanonical,70,100,15,special,neutral_v0,hit,0,selected,playtest_parameter_ready
1942,コズモフラッシュ,project_generated_gameplay_v0_noncanonical,70,100,15,special,neutral_v0,hit,0,selected,playtest_parameter_ready
1943,ガトリングミサイル,project_generated_gameplay_v0_noncanonical,70,100,15,physical,neutral_v0,hit,0,selected,playtest_parameter_ready
1944,スパイラルソード,project_generated_gameplay_v0_noncanonical,70,100,15,special,neutral_v0,hit,0,selected,playtest_parameter_ready
1945,アシパトラヴァナ,project_generated_gameplay_v0_noncanonical,70,100,15,physical,neutral_v0,hit,0,selected,playtest_parameter_ready
1946,エリミネイションライン,project_generated_gameplay_v0_noncanonical,70,100,15,physical,neutral_v0,hit,0,selected,playtest_parameter_ready
1947,ワームフェイズ,project_generated_gameplay_v0_noncanonical,70,100,15,special,neutral_v0,hit,0,selected,playtest_parameter_ready
1948,スパイダースレッド,project_generated_gameplay_v0_noncanonical,70,100,15,physical,neutral_v0,hit,0,selected,playtest_parameter_ready
1949,プレデーションスパイダー,project_generated_gameplay_v0_noncanonical,70,100,15,special,neutral_v0,hit,0,selected,playtest_parameter_ready
1950,スティンガーサプライズ,project_generated_gameplay_v0_noncanonical,70,100,15,physical,neutral_v0,hit,0,selected,playtest_parameter_ready
1951,ホーンバスター,project_generated_gameplay_v0_noncanonical,70,100,15,special,neutral_v0,hit,0,selected,playtest_parameter_ready
1952,ヘルファイア,project_generated_gameplay_v0_noncanonical,70,100,15,special,neutral_v0,hit,0,selected,playtest_parameter_ready
1953,マーヴェリック,project_generated_gameplay_v0_noncanonical,70,100,15,physical,neutral_v0,hit,0,selected,playtest_parameter_ready
1954,阿修羅神拳（あしゅらしんけん）,project_generated_gameplay_v0_noncanonical,70,100,15,special,neutral_v0,hit,0,selected,playtest_parameter_ready
1955,ペネトレイザー,project_generated_gameplay_v0_noncanonical,70,100,15,physical,neutral_v0,hit,0,selected,playtest_parameter_ready
1956,ウイングカッター,project_generated_gameplay_v0_noncanonical,70,100,15,physical,neutral_v0,hit,0,selected,playtest_parameter_ready
1957,パワードイグニッション,project_generated_gameplay_v0_noncanonical,70,100,15,special,neutral_v0,hit,0,selected,playtest_parameter_ready
1958,トライアングラー,project_generated_gameplay_v0_noncanonical,70,100,15,special,neutral_v0,hit,0,selected,playtest_parameter_ready
1959,プラズマッドネス,project_generated_gameplay_v0_noncanonical,70,100,15,special,neutral_v0,hit,0,selected,playtest_parameter_ready
1960,デスディナー,project_generated_gameplay_v0_noncanonical,70,100,15,special,neutral_v0,hit,0,selected,playtest_parameter_ready
1961,ブランブルバイト,project_generated_gameplay_v0_noncanonical,70,100,15,special,neutral_v0,hit,0,selected,playtest_parameter_ready
1962,プラントゾーンクレイドル,project_generated_gameplay_v0_noncanonical,70,100,15,physical,neutral_v0,hit,0,selected,playtest_parameter_ready
1963,チャージングストライク,project_generated_gameplay_v0_noncanonical,70,100,15,physical,neutral_v0,hit,0,selected,playtest_parameter_ready
1964,ボルトブレイクノックダウン,project_generated_gameplay_v0_noncanonical,70,100,15,physical,neutral_v0,hit,0,selected,playtest_parameter_ready
1965,ライトニングパイル,project_generated_gameplay_v0_noncanonical,70,100,15,special,neutral_v0,hit,0,selected,playtest_parameter_ready
1966,ターボスティンガー,project_generated_gameplay_v0_noncanonical,70,100,15,special,neutral_v0,hit,0,selected,playtest_parameter_ready
1967,ベアバスター,project_generated_gameplay_v0_noncanonical,70,100,15,special,neutral_v0,hit,0,selected,playtest_parameter_ready
1968,駆駆裂空斬（くるくるれっくうざん）,project_generated_gameplay_v0_noncanonical,70,100,15,special,neutral_v0,hit,0,selected,playtest_parameter_ready
1969,獣牙乱撃（じゅうがらんげき）,project_generated_gameplay_v0_noncanonical,70,100,15,special,neutral_v0,hit,0,selected,playtest_parameter_ready
1970,真空カマイタチ,project_generated_gameplay_v0_noncanonical,70,100,15,physical,neutral_v0,hit,0,selected,playtest_parameter_ready
1971,ハザードブレス,project_generated_gameplay_v0_noncanonical,70,100,15,physical,neutral_v0,hit,0,selected,playtest_parameter_ready
1972,ムーンナイトボム,project_generated_gameplay_v0_noncanonical,70,100,15,special,neutral_v0,hit,0,selected,playtest_parameter_ready
1973,ティアーアロー,project_generated_gameplay_v0_noncanonical,70,100,15,special,neutral_v0,hit,0,selected,playtest_parameter_ready
1974,ムーンナイトキック,project_generated_gameplay_v0_noncanonical,70,100,15,physical,neutral_v0,hit,0,selected,playtest_parameter_ready
1975,ヘドロ,project_generated_gameplay_v0_noncanonical,70,100,15,special,neutral_v0,hit,0,selected,playtest_parameter_ready
1976,シェイキングパルス,project_generated_gameplay_v0_noncanonical,70,100,15,special,neutral_v0,hit,0,selected,playtest_parameter_ready
1977,ジャスティスブリット,project_generated_gameplay_v0_noncanonical,70,100,15,physical,neutral_v0,hit,0,selected,playtest_parameter_ready
1978,アンブッシュクランチ,project_generated_gameplay_v0_noncanonical,70,100,15,physical,neutral_v0,hit,0,selected,playtest_parameter_ready
1979,サンダーオブキング,project_generated_gameplay_v0_noncanonical,70,100,15,special,neutral_v0,hit,0,selected,playtest_parameter_ready
1980,クリティカルストライク,project_generated_gameplay_v0_noncanonical,70,100,15,physical,neutral_v0,hit,0,selected,playtest_parameter_ready
1981,焔玉（ほむらだま）,project_generated_gameplay_v0_noncanonical,70,100,15,physical,neutral_v0,hit,0,selected,playtest_parameter_ready
1982,邪炎龍（じゃえんりゅう),project_generated_gameplay_v0_noncanonical,70,100,15,physical,neutral_v0,hit,0,selected,playtest_parameter_ready
1983,絶対零度パンチ,project_generated_gameplay_v0_noncanonical,70,100,15,special,neutral_v0,hit,0,selected,playtest_parameter_ready
1984,アイスクルロッド,project_generated_gameplay_v0_noncanonical,70,100,15,special,neutral_v0,hit,0,selected,playtest_parameter_ready
1985,骨骨ブーメラン,project_generated_gameplay_v0_noncanonical,70,100,15,special,neutral_v0,hit,0,selected,playtest_parameter_ready
1986,バーニングフィスト,project_generated_gameplay_v0_noncanonical,70,100,15,physical,neutral_v0,hit,0,selected,playtest_parameter_ready
1987,ジャイロブレイク,project_generated_gameplay_v0_noncanonical,70,100,15,special,neutral_v0,hit,0,selected,playtest_parameter_ready
1988,トゥインクルビーム,project_generated_gameplay_v0_noncanonical,70,100,15,physical,neutral_v0,hit,0,selected,playtest_parameter_ready
1989,切り捨て御免,project_generated_gameplay_v0_noncanonical,70,100,15,special,neutral_v0,hit,0,selected,playtest_parameter_ready
1990,ダークサイドクェイク,project_generated_gameplay_v0_noncanonical,70,100,15,physical,neutral_v0,hit,0,selected,playtest_parameter_ready
1991,肉球パンチ,project_generated_gameplay_v0_noncanonical,70,100,15,physical,neutral_v0,hit,0,selected,playtest_parameter_ready
1992,ネコクロー,project_generated_gameplay_v0_noncanonical,70,100,15,physical,neutral_v0,hit,0,selected,playtest_parameter_ready
1993,マッドネスブローチ,project_generated_gameplay_v0_noncanonical,70,100,15,special,neutral_v0,hit,0,selected,playtest_parameter_ready
1994,スラップアンドリップ,project_generated_gameplay_v0_noncanonical,70,100,15,physical,neutral_v0,hit,0,selected,playtest_parameter_ready
1995,スパイラルクロー,project_generated_gameplay_v0_noncanonical,70,100,15,special,neutral_v0,hit,0,selected,playtest_parameter_ready
1996,苦無羽（くないばね）,project_generated_gameplay_v0_noncanonical,70,100,15,special,neutral_v0,hit,0,selected,playtest_parameter_ready
1997,サウザンドビーク,project_generated_gameplay_v0_noncanonical,70,100,15,physical,neutral_v0,hit,0,selected,playtest_parameter_ready
1998,スパークブレイド,project_generated_gameplay_v0_noncanonical,70,100,15,physical,neutral_v0,hit,0,selected,playtest_parameter_ready
1999,エアーナイフ,project_generated_gameplay_v0_noncanonical,70,100,15,physical,neutral_v0,hit,0,selected,playtest_parameter_ready
2000,フレイムヒット,project_generated_gameplay_v0_noncanonical,70,100,15,special,neutral_v0,hit,0,selected,playtest_parameter_ready
2001,フレイムタワー,project_generated_gameplay_v0_noncanonical,70,100,15,special,neutral_v0,hit,0,selected,playtest_parameter_ready
2002,ヘリウムボム,project_generated_gameplay_v0_noncanonical,70,100,15,special,neutral_v0,hit,0,selected,playtest_parameter_ready
2003,ツェッペリンエクスプロージョン,project_generated_gameplay_v0_noncanonical,70,100,15,special,neutral_v0,hit,0,selected,playtest_parameter_ready
2004,レアメタルウンチ,project_generated_gameplay_v0_noncanonical,70,100,15,physical,neutral_v0,hit,0,selected,playtest_parameter_ready
2005,デッドリースティング,project_generated_gameplay_v0_noncanonical,70,100,15,physical,neutral_v0,hit,0,selected,playtest_parameter_ready
2006,キャプテンキャノン,project_generated_gameplay_v0_noncanonical,70,100,15,physical,neutral_v0,hit,0,selected,playtest_parameter_ready
2007,デスクラッシュ,project_generated_gameplay_v0_noncanonical,70,100,15,special,neutral_v0,hit,0,selected,playtest_parameter_ready
2008,イビルハリケーン,project_generated_gameplay_v0_noncanonical,70,100,15,physical,neutral_v0,hit,0,selected,playtest_parameter_ready
2009,スナイプスティール,project_generated_gameplay_v0_noncanonical,70,100,15,special,neutral_v0,hit,0,selected,playtest_parameter_ready
2010,ブラストコフィン,project_generated_gameplay_v0_noncanonical,70,100,15,physical,neutral_v0,hit,0,selected,playtest_parameter_ready
2011,フレイムダイブ,project_generated_gameplay_v0_noncanonical,70,100,15,physical,neutral_v0,hit,0,selected,playtest_parameter_ready
2012,ファイラクロー,project_generated_gameplay_v0_noncanonical,70,100,15,special,neutral_v0,hit,0,selected,playtest_parameter_ready
2013,ファイラボム,project_generated_gameplay_v0_noncanonical,70,100,15,physical,neutral_v0,hit,0,selected,playtest_parameter_ready
2014,スノーパンチ,project_generated_gameplay_v0_noncanonical,70,100,15,physical,neutral_v0,hit,0,selected,playtest_parameter_ready
2015,スナイプスティング,project_generated_gameplay_v0_noncanonical,70,100,15,physical,neutral_v0,hit,0,selected,playtest_parameter_ready
2016,トゥインクルシュート,project_generated_gameplay_v0_noncanonical,70,100,15,physical,neutral_v0,hit,0,selected,playtest_parameter_ready
2017,ミッドナイトファンタジア,project_generated_gameplay_v0_noncanonical,70,100,15,physical,neutral_v0,hit,0,selected,playtest_parameter_ready
2018,怒髪天（どはつてん）,project_generated_gameplay_v0_noncanonical,70,100,15,special,neutral_v0,hit,0,selected,playtest_parameter_ready
2019,ヘルズハンド,project_generated_gameplay_v0_noncanonical,70,100,15,special,neutral_v0,hit,0,selected,playtest_parameter_ready
2020,デスチャーム,project_generated_gameplay_v0_noncanonical,70,100,15,special,neutral_v0,hit,0,selected,playtest_parameter_ready
2021,フィフクロス,project_generated_gameplay_v0_noncanonical,70,100,15,physical,neutral_v0,hit,0,selected,playtest_parameter_ready
2022,ティーンブレイド,project_generated_gameplay_v0_noncanonical,70,100,15,physical,neutral_v0,hit,0,selected,playtest_parameter_ready
2023,バーンフレイム,project_generated_gameplay_v0_noncanonical,70,100,15,physical,neutral_v0,hit,0,selected,playtest_parameter_ready
2024,ドラグレスパイカー,project_generated_gameplay_v0_noncanonical,70,100,15,physical,neutral_v0,hit,0,selected,playtest_parameter_ready
2025,メテオウィング,project_generated_gameplay_v0_noncanonical,70,100,15,special,neutral_v0,hit,0,selected,playtest_parameter_ready
2026,ニセドリルスピン,project_generated_gameplay_v0_noncanonical,70,100,15,special,neutral_v0,hit,0,selected,playtest_parameter_ready
2027,ウンチ,project_generated_gameplay_v0_noncanonical,70,100,15,physical,neutral_v0,hit,0,selected,playtest_parameter_ready
2028,ウンチダンク,project_generated_gameplay_v0_noncanonical,70,100,15,special,neutral_v0,hit,0,selected,playtest_parameter_ready
2029,ビッグダーツ,project_generated_gameplay_v0_noncanonical,70,100,15,physical,neutral_v0,hit,0,selected,playtest_parameter_ready
2030,ギャロップホール,project_generated_gameplay_v0_noncanonical,70,100,15,physical,neutral_v0,hit,0,selected,playtest_parameter_ready
2031,ナイトランサー,project_generated_gameplay_v0_noncanonical,70,100,15,physical,neutral_v0,hit,0,selected,playtest_parameter_ready
2032,キャノンボール,project_generated_gameplay_v0_noncanonical,70,100,15,physical,neutral_v0,hit,0,selected,playtest_parameter_ready
2033,パワーメタル,project_generated_gameplay_v0_noncanonical,70,100,15,physical,neutral_v0,hit,0,selected,playtest_parameter_ready
2034,ドリルスピン,project_generated_gameplay_v0_noncanonical,70,100,15,physical,neutral_v0,hit,0,selected,playtest_parameter_ready
2035,クラッシャーボーン,project_generated_gameplay_v0_noncanonical,70,100,15,special,neutral_v0,hit,0,selected,playtest_parameter_ready
2036,トブトブフェニックス,project_generated_gameplay_v0_noncanonical,70,100,15,physical,neutral_v0,hit,0,selected,playtest_parameter_ready
2037,グルグルファイト,project_generated_gameplay_v0_noncanonical,70,100,15,special,neutral_v0,hit,0,selected,playtest_parameter_ready
2038,ジステン・ハウリング,project_generated_gameplay_v0_noncanonical,70,100,15,special,neutral_v0,hit,0,selected,playtest_parameter_ready
2039,ウルトラかみつく,project_generated_gameplay_v0_noncanonical,70,100,15,physical,neutral_v0,hit,0,selected,playtest_parameter_ready
2040,スティンガー・ポレーション,project_generated_gameplay_v0_noncanonical,70,100,15,special,neutral_v0,hit,0,selected,playtest_parameter_ready
2041,シェルファランクス,project_generated_gameplay_v0_noncanonical,70,100,15,special,neutral_v0,hit,0,selected,playtest_parameter_ready
2042,巌兎烈斗（ガントレット）,project_generated_gameplay_v0_noncanonical,70,100,15,special,neutral_v0,hit,0,selected,playtest_parameter_ready
2043,トリプレックスフォース,project_generated_gameplay_v0_noncanonical,70,100,15,special,neutral_v0,hit,0,selected,playtest_parameter_ready
2044,スカルファング,project_generated_gameplay_v0_noncanonical,70,100,15,special,neutral_v0,hit,0,selected,playtest_parameter_ready
2045,デスクロウ,project_generated_gameplay_v0_noncanonical,70,100,15,physical,neutral_v0,hit,0,selected,playtest_parameter_ready
2046,クリムゾンネイル,project_generated_gameplay_v0_noncanonical,70,100,15,special,neutral_v0,hit,0,selected,playtest_parameter_ready
2047,メタルキャスト,project_generated_gameplay_v0_noncanonical,70,100,15,physical,neutral_v0,hit,0,selected,playtest_parameter_ready
2048,キャッツ・アイ,project_generated_gameplay_v0_noncanonical,70,100,15,special,neutral_v0,hit,0,selected,playtest_parameter_ready
2049,ファイアーブレス,project_generated_gameplay_v0_noncanonical,70,100,15,special,neutral_v0,hit,0,selected,playtest_parameter_ready
2050,メガダッシュインパクト,project_generated_gameplay_v0_noncanonical,70,100,15,special,neutral_v0,hit,0,selected,playtest_parameter_ready
2051,デストラクションロアー,project_generated_gameplay_v0_noncanonical,70,100,15,special,neutral_v0,hit,0,selected,playtest_parameter_ready
2052,グレートウェイト,project_generated_gameplay_v0_noncanonical,70,100,15,special,neutral_v0,hit,0,selected,playtest_parameter_ready
2053,ハイパーキャノン,project_generated_gameplay_v0_noncanonical,70,100,15,physical,neutral_v0,hit,0,selected,playtest_parameter_ready
2054,ラ・ピュセル,project_generated_gameplay_v0_noncanonical,70,100,15,special,neutral_v0,hit,0,selected,playtest_parameter_ready
2055,バテーム・デ・アムール,project_generated_gameplay_v0_noncanonical,70,100,15,special,neutral_v0,hit,0,selected,playtest_parameter_ready
2056,パンツァーナックル,project_generated_gameplay_v0_noncanonical,70,100,15,physical,neutral_v0,hit,0,selected,playtest_parameter_ready
2057,電撃ハグハグスニーカー,project_generated_gameplay_v0_noncanonical,70,100,15,physical,neutral_v0,hit,0,selected,playtest_parameter_ready
2058,トンガリヘッド,project_generated_gameplay_v0_noncanonical,70,100,15,special,neutral_v0,hit,0,selected,playtest_parameter_ready
2059,アンニャセレナーデ,project_generated_gameplay_v0_noncanonical,70,100,15,physical,neutral_v0,hit,0,selected,playtest_parameter_ready
2060,ドレッドファイア,project_generated_gameplay_v0_noncanonical,70,100,15,physical,neutral_v0,hit,0,selected,playtest_parameter_ready
2061,クリスタルクラウド,project_generated_gameplay_v0_noncanonical,70,100,15,special,neutral_v0,hit,0,selected,playtest_parameter_ready
2062,ネクロマジック,project_generated_gameplay_v0_noncanonical,70,100,15,physical,neutral_v0,hit,0,selected,playtest_parameter_ready
2063,ブラックセーバー,project_generated_gameplay_v0_noncanonical,70,100,15,physical,neutral_v0,hit,0,selected,playtest_parameter_ready
2064,Road T(w)o Decade,project_generated_gameplay_v0_noncanonical,70,100,15,physical,neutral_v0,hit,0,selected,playtest_parameter_ready
2065,ヴァンシオン,project_generated_gameplay_v0_noncanonical,70,100,15,physical,neutral_v0,hit,0,selected,playtest_parameter_ready
2066,シャドウ・シックル,project_generated_gameplay_v0_noncanonical,70,100,15,special,neutral_v0,hit,0,selected,playtest_parameter_ready
2067,ストライクファング,project_generated_gameplay_v0_noncanonical,70,100,15,physical,neutral_v0,hit,0,selected,playtest_parameter_ready
2068,スパイキングフィニッシュ,project_generated_gameplay_v0_noncanonical,70,100,15,special,neutral_v0,hit,0,selected,playtest_parameter_ready
2069,ジャングルパンチ,project_generated_gameplay_v0_noncanonical,70,100,15,physical,neutral_v0,hit,0,selected,playtest_parameter_ready
2070,ラスターショット,project_generated_gameplay_v0_noncanonical,70,100,15,physical,neutral_v0,hit,0,selected,playtest_parameter_ready
2071,ミッキーバレット,project_generated_gameplay_v0_noncanonical,70,100,15,special,neutral_v0,hit,0,selected,playtest_parameter_ready
2072,ブレスファイア,project_generated_gameplay_v0_noncanonical,70,100,15,special,neutral_v0,hit,0,selected,playtest_parameter_ready
2073,グランドシスタークルス,project_generated_gameplay_v0_noncanonical,70,100,15,physical,neutral_v0,hit,0,selected,playtest_parameter_ready
2074,ホーンインパルス,project_generated_gameplay_v0_noncanonical,70,100,15,physical,neutral_v0,hit,0,selected,playtest_parameter_ready
2075,フリーデスフォール,project_generated_gameplay_v0_noncanonical,70,100,15,special,neutral_v0,hit,0,selected,playtest_parameter_ready
2076,キルミー,project_generated_gameplay_v0_noncanonical,70,100,15,special,neutral_v0,hit,0,selected,playtest_parameter_ready
2077,デスビハインド,project_generated_gameplay_v0_noncanonical,70,100,15,special,neutral_v0,hit,0,selected,playtest_parameter_ready
2078,スカウターモノアイ,project_generated_gameplay_v0_noncanonical,70,100,15,special,neutral_v0,hit,0,selected,playtest_parameter_ready
2079,ヴァリアブルダーツ,project_generated_gameplay_v0_noncanonical,70,100,15,special,neutral_v0,hit,0,selected,playtest_parameter_ready
2080,サンシャインビーム,project_generated_gameplay_v0_noncanonical,70,100,15,special,neutral_v0,hit,0,selected,playtest_parameter_ready
2081,スマイリービンタ,project_generated_gameplay_v0_noncanonical,70,100,15,physical,neutral_v0,hit,0,selected,playtest_parameter_ready
2082,カクタステイル,project_generated_gameplay_v0_noncanonical,70,100,15,physical,neutral_v0,hit,0,selected,playtest_parameter_ready
2083,サンダーボール,project_generated_gameplay_v0_noncanonical,70,100,15,special,neutral_v0,hit,0,selected,playtest_parameter_ready
2084,スティッカーブレイド,project_generated_gameplay_v0_noncanonical,70,100,15,physical,neutral_v0,hit,0,selected,playtest_parameter_ready
2085,ブラックマインド,project_generated_gameplay_v0_noncanonical,70,100,15,special,neutral_v0,hit,0,selected,playtest_parameter_ready
2086,スクイーズバイン,project_generated_gameplay_v0_noncanonical,70,100,15,physical,neutral_v0,hit,0,selected,playtest_parameter_ready
2087,ハイパーヒート,project_generated_gameplay_v0_noncanonical,70,100,15,physical,neutral_v0,hit,0,selected,playtest_parameter_ready
2088,パワーアタック,project_generated_gameplay_v0_noncanonical,70,100,15,physical,neutral_v0,hit,0,selected,playtest_parameter_ready
2089,ドリームダスト,project_generated_gameplay_v0_noncanonical,70,100,15,physical,neutral_v0,hit,0,selected,playtest_parameter_ready
2090,カース・クリムゾン,project_generated_gameplay_v0_noncanonical,70,100,15,special,neutral_v0,hit,0,selected,playtest_parameter_ready
2091,ゴーレムパンチ,project_generated_gameplay_v0_noncanonical,70,100,15,physical,neutral_v0,hit,0,selected,playtest_parameter_ready
2092,ペトラファイアー,project_generated_gameplay_v0_noncanonical,70,100,15,special,neutral_v0,hit,0,selected,playtest_parameter_ready
2093,コウガ流影分身,project_generated_gameplay_v0_noncanonical,70,100,15,special,neutral_v0,hit,0,selected,playtest_parameter_ready
2094,グリーンフレアブレス,project_generated_gameplay_v0_noncanonical,70,100,15,special,neutral_v0,hit,0,selected,playtest_parameter_ready
2095,ストライクボマー,project_generated_gameplay_v0_noncanonical,70,100,15,physical,neutral_v0,hit,0,selected,playtest_parameter_ready
2096,ジ・シュルネン-Ⅱ,project_generated_gameplay_v0_noncanonical,70,100,15,physical,neutral_v0,hit,0,selected,playtest_parameter_ready
2097,ブルーフレアブレス,project_generated_gameplay_v0_noncanonical,70,100,15,physical,neutral_v0,hit,0,selected,playtest_parameter_ready
2098,ハンティングキャノン,project_generated_gameplay_v0_noncanonical,70,100,15,special,neutral_v0,hit,0,selected,playtest_parameter_ready
2099,ハイパースメル,project_generated_gameplay_v0_noncanonical,70,100,15,physical,neutral_v0,hit,0,selected,playtest_parameter_ready
2100,デビルバッシング,project_generated_gameplay_v0_noncanonical,70,100,15,physical,neutral_v0,hit,0,selected,playtest_parameter_ready
2101,クロノブレーカー,project_generated_gameplay_v0_noncanonical,70,100,15,physical,neutral_v0,hit,0,selected,playtest_parameter_ready
2102,カオスファイアー,project_generated_gameplay_v0_noncanonical,70,100,15,physical,neutral_v0,hit,0,selected,playtest_parameter_ready
2103,当身返し,project_generated_gameplay_v0_noncanonical,70,100,15,physical,neutral_v0,hit,0,selected,playtest_parameter_ready
2104,データクラッシャー,project_generated_gameplay_v0_noncanonical,70,100,15,special,neutral_v0,hit,0,selected,playtest_parameter_ready
2105,棒陣破（ぼうじんは）,project_generated_gameplay_v0_noncanonical,70,100,15,special,neutral_v0,hit,0,selected,playtest_parameter_ready
2106,徹甲刃（てっこうじん）,project_generated_gameplay_v0_noncanonical,70,100,15,physical,neutral_v0,hit,0,selected,playtest_parameter_ready
2107,鬼炎弾（きえんだん）,project_generated_gameplay_v0_noncanonical,70,100,15,special,neutral_v0,hit,0,selected,playtest_parameter_ready
2108,逆撃炎弾（ぎゃくげきえんだん）,project_generated_gameplay_v0_noncanonical,70,100,15,special,neutral_v0,hit,0,selected,playtest_parameter_ready
2109,銀角突貫（ぎんかくとっかん）,project_generated_gameplay_v0_noncanonical,70,100,15,physical,neutral_v0,hit,0,selected,playtest_parameter_ready
2110,金銀雷鳴撃（きんぎんらいめいげき）,project_generated_gameplay_v0_noncanonical,70,100,15,special,neutral_v0,hit,0,selected,playtest_parameter_ready
2111,鬼爆葬（きばくそう）,project_generated_gameplay_v0_noncanonical,70,100,15,physical,neutral_v0,hit,0,selected,playtest_parameter_ready
2112,怒気怒鬼怒灸（ドキドキドキューン）,project_generated_gameplay_v0_noncanonical,70,100,15,special,neutral_v0,hit,0,selected,playtest_parameter_ready
2113,雷光鬼蹴（らいこうきしゅう）,project_generated_gameplay_v0_noncanonical,70,100,15,physical,neutral_v0,hit,0,selected,playtest_parameter_ready
2114,鬼火玉（おにびだま）,project_generated_gameplay_v0_noncanonical,70,100,15,physical,neutral_v0,hit,0,selected,playtest_parameter_ready
2115,狐炎龍（こえんりゅう）,project_generated_gameplay_v0_noncanonical,70,100,15,special,neutral_v0,hit,0,selected,playtest_parameter_ready
2116,リトルペッカ－,project_generated_gameplay_v0_noncanonical,70,100,15,special,neutral_v0,hit,0,selected,playtest_parameter_ready
2117,ＤＪシューター,project_generated_gameplay_v0_noncanonical,70,100,15,special,neutral_v0,hit,0,selected,playtest_parameter_ready
2118,ガワッパンチ,project_generated_gameplay_v0_noncanonical,70,100,15,physical,neutral_v0,hit,0,selected,playtest_parameter_ready
2119,ガワッパラッパー,project_generated_gameplay_v0_noncanonical,70,100,15,physical,neutral_v0,hit,0,selected,playtest_parameter_ready
2120,シェルズアタック,project_generated_gameplay_v0_noncanonical,70,100,15,physical,neutral_v0,hit,0,selected,playtest_parameter_ready
2121,メガブラスター,project_generated_gameplay_v0_noncanonical,70,100,15,special,neutral_v0,hit,0,selected,playtest_parameter_ready
2122,ラクガキロケット,project_generated_gameplay_v0_noncanonical,70,100,15,physical,neutral_v0,hit,0,selected,playtest_parameter_ready
2123,オメカキック,project_generated_gameplay_v0_noncanonical,70,100,15,physical,neutral_v0,hit,0,selected,playtest_parameter_ready
2124,海鳴墨銃（かいめいぼくじゅう）,project_generated_gameplay_v0_noncanonical,70,100,15,special,neutral_v0,hit,0,selected,playtest_parameter_ready
2125,ヘブンズナックル,project_generated_gameplay_v0_noncanonical,70,100,15,special,neutral_v0,hit,0,selected,playtest_parameter_ready
2126,ツインネプチューン,project_generated_gameplay_v0_noncanonical,70,100,15,physical,neutral_v0,hit,0,selected,playtest_parameter_ready
2127,ストロングクランチ,project_generated_gameplay_v0_noncanonical,70,100,15,physical,neutral_v0,hit,0,selected,playtest_parameter_ready
2128,エクスレイザー,project_generated_gameplay_v0_noncanonical,70,100,15,physical,neutral_v0,hit,0,selected,playtest_parameter_ready
2129,スピニングニードル,project_generated_gameplay_v0_noncanonical,70,100,15,special,neutral_v0,hit,0,selected,playtest_parameter_ready
2130,ブランチドレイン,project_generated_gameplay_v0_noncanonical,70,100,15,physical,neutral_v0,hit,0,selected,playtest_parameter_ready
2131,デストロイドボイス,project_generated_gameplay_v0_noncanonical,70,100,15,special,neutral_v0,hit,0,selected,playtest_parameter_ready
2132,クラブアーム,project_generated_gameplay_v0_noncanonical,70,100,15,special,neutral_v0,hit,0,selected,playtest_parameter_ready
2133,バルルーナゲイル,project_generated_gameplay_v0_noncanonical,70,100,15,special,neutral_v0,hit,0,selected,playtest_parameter_ready
2134,アクエリープレッシャー,project_generated_gameplay_v0_noncanonical,70,100,15,physical,neutral_v0,hit,0,selected,playtest_parameter_ready
2135,ナイトメアショック,project_generated_gameplay_v0_noncanonical,70,100,15,special,neutral_v0,hit,0,selected,playtest_parameter_ready
2136,ハープーンバルカン,project_generated_gameplay_v0_noncanonical,70,100,15,special,neutral_v0,hit,0,selected,playtest_parameter_ready
2137,イガ流手裏剣投げ,project_generated_gameplay_v0_noncanonical,70,100,15,special,neutral_v0,hit,0,selected,playtest_parameter_ready
2138,メガトンプレス,project_generated_gameplay_v0_noncanonical,70,100,15,special,neutral_v0,hit,0,selected,playtest_parameter_ready
2139,テイルハンマー,project_generated_gameplay_v0_noncanonical,70,100,15,special,neutral_v0,hit,0,selected,playtest_parameter_ready
2140,グライドホーン,project_generated_gameplay_v0_noncanonical,70,100,15,physical,neutral_v0,hit,0,selected,playtest_parameter_ready
2141,ブラストレーザー,project_generated_gameplay_v0_noncanonical,70,100,15,special,neutral_v0,hit,0,selected,playtest_parameter_ready
2142,スカーレッドアイ,project_generated_gameplay_v0_noncanonical,70,100,15,physical,neutral_v0,hit,0,selected,playtest_parameter_ready
2143,アイスボールボム,project_generated_gameplay_v0_noncanonical,70,100,15,special,neutral_v0,hit,0,selected,playtest_parameter_ready
2144,アトラクトエコー,project_generated_gameplay_v0_noncanonical,70,100,15,special,neutral_v0,hit,0,selected,playtest_parameter_ready
2145,アイアントラスト,project_generated_gameplay_v0_noncanonical,70,100,15,physical,neutral_v0,hit,0,selected,playtest_parameter_ready
2146,スタンビートブロウ,project_generated_gameplay_v0_noncanonical,70,100,15,special,neutral_v0,hit,0,selected,playtest_parameter_ready
2147,ネバネバネット,project_generated_gameplay_v0_noncanonical,70,100,15,special,neutral_v0,hit,0,selected,playtest_parameter_ready
2148,シルクスレッド,project_generated_gameplay_v0_noncanonical,70,100,15,physical,neutral_v0,hit,0,selected,playtest_parameter_ready
2149,ダブルタイフーン,project_generated_gameplay_v0_noncanonical,70,100,15,special,neutral_v0,hit,0,selected,playtest_parameter_ready
2150,狐変虚（こへんきょ）,project_generated_gameplay_v0_noncanonical,70,100,15,special,neutral_v0,hit,0,selected,playtest_parameter_ready
2151,狐葉楔（こようせつ）,project_generated_gameplay_v0_noncanonical,70,100,15,physical,neutral_v0,hit,0,selected,playtest_parameter_ready
2152,レオクロー,project_generated_gameplay_v0_noncanonical,70,100,15,special,neutral_v0,hit,0,selected,playtest_parameter_ready
2153,クリティカルバイト,project_generated_gameplay_v0_noncanonical,70,100,15,physical,neutral_v0,hit,0,selected,playtest_parameter_ready
2154,ルナクロー,project_generated_gameplay_v0_noncanonical,70,100,15,physical,neutral_v0,hit,0,selected,playtest_parameter_ready
2155,ティアーシュート,project_generated_gameplay_v0_noncanonical,70,100,15,special,neutral_v0,hit,0,selected,playtest_parameter_ready
2156,ロップイヤーリップル,project_generated_gameplay_v0_noncanonical,70,100,15,special,neutral_v0,hit,0,selected,playtest_parameter_ready
2157,グランドクロス,project_generated_gameplay_v0_noncanonical,70,100,15,physical,neutral_v0,hit,0,selected,playtest_parameter_ready
2158,兜返し,project_generated_gameplay_v0_noncanonical,70,100,15,physical,neutral_v0,hit,0,selected,playtest_parameter_ready
2159,居合刃（いあいじん）,project_generated_gameplay_v0_noncanonical,70,100,15,physical,neutral_v0,hit,0,selected,playtest_parameter_ready
2160,ナッツシュート,project_generated_gameplay_v0_noncanonical,70,100,15,special,neutral_v0,hit,0,selected,playtest_parameter_ready
2161,ララスクリュー,project_generated_gameplay_v0_noncanonical,70,100,15,physical,neutral_v0,hit,0,selected,playtest_parameter_ready
2162,シング・ア・ソング,project_generated_gameplay_v0_noncanonical,70,100,15,physical,neutral_v0,hit,0,selected,playtest_parameter_ready
2163,キュアーリキュール,project_generated_gameplay_v0_noncanonical,70,100,15,physical,neutral_v0,hit,0,selected,playtest_parameter_ready
2164,レトリバーク,project_generated_gameplay_v0_noncanonical,70,100,15,special,neutral_v0,hit,0,selected,playtest_parameter_ready
2165,リトルブリザード,project_generated_gameplay_v0_noncanonical,70,100,15,special,neutral_v0,hit,0,selected,playtest_parameter_ready
2166,クラックバイト,project_generated_gameplay_v0_noncanonical,70,100,15,physical,neutral_v0,hit,0,selected,playtest_parameter_ready
2167,トロピカルビーク,project_generated_gameplay_v0_noncanonical,70,100,15,physical,neutral_v0,hit,0,selected,playtest_parameter_ready
2168,ポイズン・ス・マッシュ,project_generated_gameplay_v0_noncanonical,70,100,15,physical,neutral_v0,hit,0,selected,playtest_parameter_ready
2169,逃げ足猛ダッシュ,project_generated_gameplay_v0_noncanonical,70,100,15,special,neutral_v0,hit,0,selected,playtest_parameter_ready
2170,ポーンスピアー,project_generated_gameplay_v0_noncanonical,70,100,15,physical,neutral_v0,hit,0,selected,playtest_parameter_ready
2171,ポーンバックラー,project_generated_gameplay_v0_noncanonical,70,100,15,special,neutral_v0,hit,0,selected,playtest_parameter_ready
2172,ピラミッドフォーメーション,project_generated_gameplay_v0_noncanonical,70,100,15,special,neutral_v0,hit,0,selected,playtest_parameter_ready
2173,ビークペッカー,project_generated_gameplay_v0_noncanonical,70,100,15,physical,neutral_v0,hit,0,selected,playtest_parameter_ready
2174,フェザースラッシュ,project_generated_gameplay_v0_noncanonical,70,100,15,physical,neutral_v0,hit,0,selected,playtest_parameter_ready
2175,無限ビンタ,project_generated_gameplay_v0_noncanonical,70,100,15,physical,neutral_v0,hit,0,selected,playtest_parameter_ready
2176,小熊正拳突き,project_generated_gameplay_v0_noncanonical,70,100,15,physical,neutral_v0,hit,0,selected,playtest_parameter_ready
2177,アレルギーシャワー,project_generated_gameplay_v0_noncanonical,70,100,15,physical,neutral_v0,hit,0,selected,playtest_parameter_ready
2178,ブンブンパンチ,project_generated_gameplay_v0_noncanonical,70,100,15,physical,neutral_v0,hit,0,selected,playtest_parameter_ready
2179,ブイモンヘッド,project_generated_gameplay_v0_noncanonical,70,100,15,special,neutral_v0,hit,0,selected,playtest_parameter_ready
2180,ギアスティンガー,project_generated_gameplay_v0_noncanonical,70,100,15,special,neutral_v0,hit,0,selected,playtest_parameter_ready
2181,８８コール（ハチハチコール）,project_generated_gameplay_v0_noncanonical,70,100,15,physical,neutral_v0,hit,0,selected,playtest_parameter_ready
2182,ファルコラッシュ,project_generated_gameplay_v0_noncanonical,70,100,15,physical,neutral_v0,hit,0,selected,playtest_parameter_ready
2183,エビルスノア,project_generated_gameplay_v0_noncanonical,70,100,15,physical,neutral_v0,hit,0,selected,playtest_parameter_ready
2184,ユーカリクロー,project_generated_gameplay_v0_noncanonical,70,100,15,special,neutral_v0,hit,0,selected,playtest_parameter_ready
2185,マジカルファイアー,project_generated_gameplay_v0_noncanonical,70,100,15,special,neutral_v0,hit,0,selected,playtest_parameter_ready
2186,ピコダーツ,project_generated_gameplay_v0_noncanonical,70,100,15,special,neutral_v0,hit,0,selected,playtest_parameter_ready
2187,フィフスラッシュ,project_generated_gameplay_v0_noncanonical,70,100,15,special,neutral_v0,hit,0,selected,playtest_parameter_ready
2188,ティーンラム,project_generated_gameplay_v0_noncanonical,70,100,15,special,neutral_v0,hit,0,selected,playtest_parameter_ready
2189,エアショット,project_generated_gameplay_v0_noncanonical,70,100,15,physical,neutral_v0,hit,0,selected,playtest_parameter_ready
2190,ハネビンタ,project_generated_gameplay_v0_noncanonical,70,100,15,physical,neutral_v0,hit,0,selected,playtest_parameter_ready
2191,逃げ足ダッシュ,project_generated_gameplay_v0_noncanonical,70,100,15,special,neutral_v0,hit,0,selected,playtest_parameter_ready
2192,たぬきねいり,project_generated_gameplay_v0_noncanonical,70,100,15,physical,neutral_v0,hit,0,selected,playtest_parameter_ready
2193,ニセハカセボウ,project_generated_gameplay_v0_noncanonical,70,100,15,special,neutral_v0,hit,0,selected,playtest_parameter_ready
2194,ニセハカセボー,project_generated_gameplay_v0_noncanonical,70,100,15,physical,neutral_v0,hit,0,selected,playtest_parameter_ready
2195,ダッシュメタル,project_generated_gameplay_v0_noncanonical,70,100,15,physical,neutral_v0,hit,0,selected,playtest_parameter_ready
2196,メタルキャノン,project_generated_gameplay_v0_noncanonical,70,100,15,special,neutral_v0,hit,0,selected,playtest_parameter_ready
2197,ベビーブレス,project_generated_gameplay_v0_noncanonical,70,100,15,special,neutral_v0,hit,0,selected,playtest_parameter_ready
2198,テイルスマッシュ,project_generated_gameplay_v0_noncanonical,70,100,15,physical,neutral_v0,hit,0,selected,playtest_parameter_ready
2199,アイオブナイトメア,project_generated_gameplay_v0_noncanonical,70,100,15,special,neutral_v0,hit,0,selected,playtest_parameter_ready
2200,アンデッドファング,project_generated_gameplay_v0_noncanonical,70,100,15,physical,neutral_v0,hit,0,selected,playtest_parameter_ready
2201,プチサンダー,project_generated_gameplay_v0_noncanonical,70,100,15,physical,neutral_v0,hit,0,selected,playtest_parameter_ready
2202,スピードナイトメア,project_generated_gameplay_v0_noncanonical,70,100,15,physical,neutral_v0,hit,0,selected,playtest_parameter_ready
2203,ナイトメアパンデミック,project_generated_gameplay_v0_noncanonical,70,100,15,special,neutral_v0,hit,0,selected,playtest_parameter_ready
2204,フェアリーパウダー,project_generated_gameplay_v0_noncanonical,70,100,15,physical,neutral_v0,hit,0,selected,playtest_parameter_ready
2205,ピーターモンシンドローム,project_generated_gameplay_v0_noncanonical,70,100,15,physical,neutral_v0,hit,0,selected,playtest_parameter_ready
2206,バッドメッセージ,project_generated_gameplay_v0_noncanonical,70,100,15,physical,neutral_v0,hit,0,selected,playtest_parameter_ready
2207,チーズ爆弾（ボム）,project_generated_gameplay_v0_noncanonical,70,100,15,physical,neutral_v0,hit,0,selected,playtest_parameter_ready
2208,シャイニーリング,project_generated_gameplay_v0_noncanonical,70,100,15,special,neutral_v0,hit,0,selected,playtest_parameter_ready
2209,トゥエンティダイブ,project_generated_gameplay_v0_noncanonical,70,100,15,special,neutral_v0,hit,0,selected,playtest_parameter_ready
2210,スノーゴブボルト,project_generated_gameplay_v0_noncanonical,70,100,15,physical,neutral_v0,hit,0,selected,playtest_parameter_ready
2211,スラッシュフィン,project_generated_gameplay_v0_noncanonical,70,100,15,special,neutral_v0,hit,0,selected,playtest_parameter_ready
2212,ブラインピストル,project_generated_gameplay_v0_noncanonical,70,100,15,physical,neutral_v0,hit,0,selected,playtest_parameter_ready
2213,ウォータースクリュー,project_generated_gameplay_v0_noncanonical,70,100,15,physical,neutral_v0,hit,0,selected,playtest_parameter_ready
2214,シャーマハンマー,project_generated_gameplay_v0_noncanonical,70,100,15,physical,neutral_v0,hit,0,selected,playtest_parameter_ready
2215,ディバインピース,project_generated_gameplay_v0_noncanonical,70,100,15,special,neutral_v0,hit,0,selected,playtest_parameter_ready
2216,プロテクトウェーブ,project_generated_gameplay_v0_noncanonical,70,100,15,physical,neutral_v0,hit,0,selected,playtest_parameter_ready
2217,カワフルスパーク,project_generated_gameplay_v0_noncanonical,70,100,15,physical,neutral_v0,hit,0,selected,playtest_parameter_ready
2218,ハデハデホーン,project_generated_gameplay_v0_noncanonical,70,100,15,physical,neutral_v0,hit,0,selected,playtest_parameter_ready
2219,原色の舞い,project_generated_gameplay_v0_noncanonical,70,100,15,physical,neutral_v0,hit,0,selected,playtest_parameter_ready
2220,コロナックル,project_generated_gameplay_v0_noncanonical,70,100,15,physical,neutral_v0,hit,0,selected,playtest_parameter_ready
2221,コロナフレイム,project_generated_gameplay_v0_noncanonical,70,100,15,special,neutral_v0,hit,0,selected,playtest_parameter_ready
2222,プチプロミネンス,project_generated_gameplay_v0_noncanonical,70,100,15,special,neutral_v0,hit,0,selected,playtest_parameter_ready
2223,Ｍ１６アサシン,project_generated_gameplay_v0_noncanonical,70,100,15,special,neutral_v0,hit,0,selected,playtest_parameter_ready
2224,ＤＣＤボム,project_generated_gameplay_v0_noncanonical,70,100,15,physical,neutral_v0,hit,0,selected,playtest_parameter_ready
2225,ゴブリストライク,project_generated_gameplay_v0_noncanonical,70,100,15,special,neutral_v0,hit,0,selected,playtest_parameter_ready
2226,サンダーコテ,project_generated_gameplay_v0_noncanonical,70,100,15,physical,neutral_v0,hit,0,selected,playtest_parameter_ready
2227,ファイヤーメン,project_generated_gameplay_v0_noncanonical,70,100,15,physical,neutral_v0,hit,0,selected,playtest_parameter_ready
2228,スクープスマッシュ,project_generated_gameplay_v0_noncanonical,70,100,15,physical,neutral_v0,hit,0,selected,playtest_parameter_ready
2229,ビートルラリアット,project_generated_gameplay_v0_noncanonical,70,100,15,physical,neutral_v0,hit,0,selected,playtest_parameter_ready
2230,ミスチバスフープ,project_generated_gameplay_v0_noncanonical,70,100,15,physical,neutral_v0,hit,0,selected,playtest_parameter_ready
2231,ベビースリング,project_generated_gameplay_v0_noncanonical,70,100,15,special,neutral_v0,hit,0,selected,playtest_parameter_ready
2232,エレクトリックスレッド,project_generated_gameplay_v0_noncanonical,70,100,15,physical,neutral_v0,hit,0,selected,playtest_parameter_ready
2233,ボンファイア,project_generated_gameplay_v0_noncanonical,70,100,15,physical,neutral_v0,hit,0,selected,playtest_parameter_ready
2234,スパイラルエッジ,project_generated_gameplay_v0_noncanonical,70,100,15,special,neutral_v0,hit,0,selected,playtest_parameter_ready
2235,ポインタ・アロー,project_generated_gameplay_v0_noncanonical,70,100,15,physical,neutral_v0,hit,0,selected,playtest_parameter_ready
2236,メットタックル,project_generated_gameplay_v0_noncanonical,70,100,15,physical,neutral_v0,hit,0,selected,playtest_parameter_ready
2237,コーラガード,project_generated_gameplay_v0_noncanonical,70,100,15,physical,neutral_v0,hit,0,selected,playtest_parameter_ready
2238,ローリングアッパー,project_generated_gameplay_v0_noncanonical,70,100,15,physical,neutral_v0,hit,0,selected,playtest_parameter_ready
2239,ダブルバックハンド,project_generated_gameplay_v0_noncanonical,70,100,15,special,neutral_v0,hit,0,selected,playtest_parameter_ready
2240,ガオラッシュ,project_generated_gameplay_v0_noncanonical,70,100,15,special,neutral_v0,hit,0,selected,playtest_parameter_ready
2241,ボイルドバブル,project_generated_gameplay_v0_noncanonical,70,100,15,special,neutral_v0,hit,0,selected,playtest_parameter_ready
2242,ジャミングサンダー,project_generated_gameplay_v0_noncanonical,70,100,15,physical,neutral_v0,hit,0,selected,playtest_parameter_ready
2243,スパークリングサンダー,project_generated_gameplay_v0_noncanonical,70,100,15,physical,neutral_v0,hit,0,selected,playtest_parameter_ready
2244,フレッシュシュリンプ,project_generated_gameplay_v0_noncanonical,70,100,15,special,neutral_v0,hit,0,selected,playtest_parameter_ready
2245,ホットカツレツ,project_generated_gameplay_v0_noncanonical,70,100,15,special,neutral_v0,hit,0,selected,playtest_parameter_ready
2246,サモン,project_generated_gameplay_v0_noncanonical,70,100,15,special,neutral_v0,hit,0,selected,playtest_parameter_ready
2247,ネメシスアイビー,project_generated_gameplay_v0_noncanonical,70,100,15,special,neutral_v0,hit,0,selected,playtest_parameter_ready
2248,スクラッチビート,project_generated_gameplay_v0_noncanonical,70,100,15,special,neutral_v0,hit,0,selected,playtest_parameter_ready
2249,ローリングストーン,project_generated_gameplay_v0_noncanonical,70,100,15,physical,neutral_v0,hit,0,selected,playtest_parameter_ready
2250,ソウルアブソープション,project_generated_gameplay_v0_noncanonical,70,100,15,special,neutral_v0,hit,0,selected,playtest_parameter_ready
2251,イレイズシックル,project_generated_gameplay_v0_noncanonical,70,100,15,special,neutral_v0,hit,0,selected,playtest_parameter_ready
2252,ハカセボウ,project_generated_gameplay_v0_noncanonical,70,100,15,special,neutral_v0,hit,0,selected,playtest_parameter_ready
2253,ハカセボー,project_generated_gameplay_v0_noncanonical,70,100,15,physical,neutral_v0,hit,0,selected,playtest_parameter_ready
2254,スマイルファング,project_generated_gameplay_v0_noncanonical,70,100,15,special,neutral_v0,hit,0,selected,playtest_parameter_ready
2255,伸縮性のある泡,project_generated_gameplay_v0_noncanonical,70,100,15,physical,neutral_v0,hit,0,selected,playtest_parameter_ready
2256,パインコーン,project_generated_gameplay_v0_noncanonical,70,100,15,physical,neutral_v0,hit,0,selected,playtest_parameter_ready
2257,ミサイルクラッシュ,project_generated_gameplay_v0_noncanonical,70,100,15,special,neutral_v0,hit,0,selected,playtest_parameter_ready
2258,ポロロブリーズ,project_generated_gameplay_v0_noncanonical,70,100,15,special,neutral_v0,hit,0,selected,playtest_parameter_ready
2259,殺生石,project_generated_gameplay_v0_noncanonical,70,100,15,special,neutral_v0,hit,0,selected,playtest_parameter_ready
2260,ホットガス,project_generated_gameplay_v0_noncanonical,70,100,15,physical,neutral_v0,hit,0,selected,playtest_parameter_ready
2261,チックリット,project_generated_gameplay_v0_noncanonical,70,100,15,physical,neutral_v0,hit,0,selected,playtest_parameter_ready
2262,シッポビンタ,project_generated_gameplay_v0_noncanonical,70,100,15,special,neutral_v0,hit,0,selected,playtest_parameter_ready
2263,小さな火炎弾,project_generated_gameplay_v0_noncanonical,70,100,15,special,neutral_v0,hit,0,selected,playtest_parameter_ready
2264,空気の泡,project_generated_gameplay_v0_noncanonical,70,100,15,special,neutral_v0,hit,0,selected,playtest_parameter_ready
2265,シャボンフラワー,project_generated_gameplay_v0_noncanonical,70,100,15,physical,neutral_v0,hit,0,selected,playtest_parameter_ready
2266,ピリピリスパーク,project_generated_gameplay_v0_noncanonical,70,100,15,physical,neutral_v0,hit,0,selected,playtest_parameter_ready
2267,ドクトゲトゲ,project_generated_gameplay_v0_noncanonical,70,100,15,physical,neutral_v0,hit,0,selected,playtest_parameter_ready
2268,毒の泡,project_generated_gameplay_v0_noncanonical,70,100,15,physical,neutral_v0,hit,0,selected,playtest_parameter_ready
2269,フォックステイル,project_generated_gameplay_v0_noncanonical,70,100,15,physical,neutral_v0,hit,0,selected,playtest_parameter_ready
2270,メタルドロップ,project_generated_gameplay_v0_noncanonical,70,100,15,special,neutral_v0,hit,0,selected,playtest_parameter_ready
2271,ネイルスクラッチ,project_generated_gameplay_v0_noncanonical,70,100,15,physical,neutral_v0,hit,0,selected,playtest_parameter_ready
2272,ダブルボブル,project_generated_gameplay_v0_noncanonical,70,100,15,physical,neutral_v0,hit,0,selected,playtest_parameter_ready
2273,フォームシャワー,project_generated_gameplay_v0_noncanonical,70,100,15,physical,neutral_v0,hit,0,selected,playtest_parameter_ready
2274,ホップアタック,project_generated_gameplay_v0_noncanonical,70,100,15,physical,neutral_v0,hit,0,selected,playtest_parameter_ready
2275,ツゥーモ,project_generated_gameplay_v0_noncanonical,70,100,15,physical,neutral_v0,hit,0,selected,playtest_parameter_ready
2276,サクサク,project_generated_gameplay_v0_noncanonical,70,100,15,physical,neutral_v0,hit,0,selected,playtest_parameter_ready
2277,メタルストロー,project_generated_gameplay_v0_noncanonical,70,100,15,physical,neutral_v0,hit,0,selected,playtest_parameter_ready
2278,エンジェルリング,project_generated_gameplay_v0_noncanonical,70,100,15,physical,neutral_v0,hit,0,selected,playtest_parameter_ready
2279,しっぽスイング,project_generated_gameplay_v0_noncanonical,70,100,15,physical,neutral_v0,hit,0,selected,playtest_parameter_ready
2280,ホットバイト,project_generated_gameplay_v0_noncanonical,70,100,15,special,neutral_v0,hit,0,selected,playtest_parameter_ready
2281,ハウリングヘルツ,project_generated_gameplay_v0_noncanonical,70,100,15,special,neutral_v0,hit,0,selected,playtest_parameter_ready
2282,ショックシャウト,project_generated_gameplay_v0_noncanonical,70,100,15,special,neutral_v0,hit,0,selected,playtest_parameter_ready
2283,変身,project_generated_gameplay_v0_noncanonical,70,100,15,physical,neutral_v0,hit,0,selected,playtest_parameter_ready
2284,スモーク,project_generated_gameplay_v0_noncanonical,70,100,15,special,neutral_v0,hit,0,selected,playtest_parameter_ready
2285,バチバチバッチン,project_generated_gameplay_v0_noncanonical,70,100,15,special,neutral_v0,hit,0,selected,playtest_parameter_ready
2286,ヘアミスト,project_generated_gameplay_v0_noncanonical,70,100,15,special,neutral_v0,hit,0,selected,playtest_parameter_ready
2287,フワーフェザー,project_generated_gameplay_v0_noncanonical,70,100,15,physical,neutral_v0,hit,0,selected,playtest_parameter_ready
2288,小さな鉄のトゲ,project_generated_gameplay_v0_noncanonical,70,100,15,special,neutral_v0,hit,0,selected,playtest_parameter_ready
2289,エンジェルダスト,project_generated_gameplay_v0_noncanonical,70,100,15,physical,neutral_v0,hit,0,selected,playtest_parameter_ready
2290,熱い吐息,project_generated_gameplay_v0_noncanonical,70,100,15,physical,neutral_v0,hit,0,selected,playtest_parameter_ready
2291,シャボンの泡,project_generated_gameplay_v0_noncanonical,70,100,15,special,neutral_v0,hit,0,selected,playtest_parameter_ready
2292,パフバルーン,project_generated_gameplay_v0_noncanonical,70,100,15,physical,neutral_v0,hit,0,selected,playtest_parameter_ready
2293,シードクラッカー,project_generated_gameplay_v0_noncanonical,70,100,15,special,neutral_v0,hit,0,selected,playtest_parameter_ready
2294,小さな鉄粒,project_generated_gameplay_v0_noncanonical,70,100,15,physical,neutral_v0,hit,0,selected,playtest_parameter_ready
2295,ジャミングパウダー,project_generated_gameplay_v0_noncanonical,70,100,15,special,neutral_v0,hit,0,selected,playtest_parameter_ready
2296,熱気を帯びた泡,project_generated_gameplay_v0_noncanonical,70,100,15,physical,neutral_v0,hit,0,selected,playtest_parameter_ready
2297,サックリ,project_generated_gameplay_v0_noncanonical,70,100,15,physical,neutral_v0,hit,0,selected,playtest_parameter_ready
2298,グレアーアイ,project_generated_gameplay_v0_noncanonical,70,100,15,physical,neutral_v0,hit,0,selected,playtest_parameter_ready
2299,ディープサーチ,project_generated_gameplay_v0_noncanonical,70,100,15,physical,neutral_v0,hit,0,selected,playtest_parameter_ready
2300,ガッチクロー,project_generated_gameplay_v0_noncanonical,70,100,15,physical,neutral_v0,hit,0,selected,playtest_parameter_ready
2301,コネクトライン,project_generated_gameplay_v0_noncanonical,70,100,15,physical,neutral_v0,hit,0,selected,playtest_parameter_ready
2302,ノイジーコーリング,project_generated_gameplay_v0_noncanonical,70,100,15,physical,neutral_v0,hit,0,selected,playtest_parameter_ready
2303,メールダーツ,project_generated_gameplay_v0_noncanonical,70,100,15,special,neutral_v0,hit,0,selected,playtest_parameter_ready
2304,トラブルポスト,project_generated_gameplay_v0_noncanonical,70,100,15,physical,neutral_v0,hit,0,selected,playtest_parameter_ready
2305,ツイボム,project_generated_gameplay_v0_noncanonical,70,100,15,special,neutral_v0,hit,0,selected,playtest_parameter_ready
2306,イイネラッシュ,project_generated_gameplay_v0_noncanonical,70,100,15,special,neutral_v0,hit,0,selected,playtest_parameter_ready
2307,バベルシャベル,project_generated_gameplay_v0_noncanonical,70,100,15,special,neutral_v0,hit,0,selected,playtest_parameter_ready
2308,バベルダマル,project_generated_gameplay_v0_noncanonical,70,100,15,special,neutral_v0,hit,0,selected,playtest_parameter_ready
2309,アドリサーチ,project_generated_gameplay_v0_noncanonical,70,100,15,physical,neutral_v0,hit,0,selected,playtest_parameter_ready
2310,アドデリート,project_generated_gameplay_v0_noncanonical,70,100,15,special,neutral_v0,hit,0,selected,playtest_parameter_ready
2311,ポストレビュー,project_generated_gameplay_v0_noncanonical,70,100,15,physical,neutral_v0,hit,0,selected,playtest_parameter_ready
2312,最悪の評価,project_generated_gameplay_v0_noncanonical,70,100,15,special,neutral_v0,hit,0,selected,playtest_parameter_ready
2313,クイックセットアップ,project_generated_gameplay_v0_noncanonical,70,100,15,special,neutral_v0,hit,0,selected,playtest_parameter_ready
2314,ピーキーセッティング,project_generated_gameplay_v0_noncanonical,70,100,15,physical,neutral_v0,hit,0,selected,playtest_parameter_ready
2315,メッセストリームアタック,project_generated_gameplay_v0_noncanonical,70,100,15,special,neutral_v0,hit,0,selected,playtest_parameter_ready
2316,コトダマレイン,project_generated_gameplay_v0_noncanonical,70,100,15,special,neutral_v0,hit,0,selected,playtest_parameter_ready
2317,イドバタペーパー,project_generated_gameplay_v0_noncanonical,70,100,15,special,neutral_v0,hit,0,selected,playtest_parameter_ready
2318,コッソリワーク,project_generated_gameplay_v0_noncanonical,70,100,15,physical,neutral_v0,hit,0,selected,playtest_parameter_ready
2319,ロケットバースト,project_generated_gameplay_v0_noncanonical,70,100,15,physical,neutral_v0,hit,0,selected,playtest_parameter_ready
2320,オーバードブースト,project_generated_gameplay_v0_noncanonical,70,100,15,physical,neutral_v0,hit,0,selected,playtest_parameter_ready
2321,ナビゲーションアロー,project_generated_gameplay_v0_noncanonical,70,100,15,physical,neutral_v0,hit,0,selected,playtest_parameter_ready
2322,ショックアタックマーカー,project_generated_gameplay_v0_noncanonical,70,100,15,physical,neutral_v0,hit,0,selected,playtest_parameter_ready
2323,ホーミングインパクト,project_generated_gameplay_v0_noncanonical,70,100,15,special,neutral_v0,hit,0,selected,playtest_parameter_ready
2324,ラプターウィング,project_generated_gameplay_v0_noncanonical,70,100,15,special,neutral_v0,hit,0,selected,playtest_parameter_ready
2325,スイッチングレール,project_generated_gameplay_v0_noncanonical,70,100,15,physical,neutral_v0,hit,0,selected,playtest_parameter_ready
2326,トレイルスラム,project_generated_gameplay_v0_noncanonical,70,100,15,special,neutral_v0,hit,0,selected,playtest_parameter_ready
2327,プチプチウェザー,project_generated_gameplay_v0_noncanonical,70,100,15,physical,neutral_v0,hit,0,selected,playtest_parameter_ready
2328,グズグズウェザー,project_generated_gameplay_v0_noncanonical,70,100,15,special,neutral_v0,hit,0,selected,playtest_parameter_ready
2329,ぐるぐるパニック,project_generated_gameplay_v0_noncanonical,70,100,15,special,neutral_v0,hit,0,selected,playtest_parameter_ready
2330,スピンディフレクション,project_generated_gameplay_v0_noncanonical,70,100,15,physical,neutral_v0,hit,0,selected,playtest_parameter_ready
2331,グランドオープン！,project_generated_gameplay_v0_noncanonical,70,100,15,physical,neutral_v0,hit,0,selected,playtest_parameter_ready
2332,スケアリーサービス,project_generated_gameplay_v0_noncanonical,70,100,15,physical,neutral_v0,hit,0,selected,playtest_parameter_ready
2333,ゴーガイニュース,project_generated_gameplay_v0_noncanonical,70,100,15,special,neutral_v0,hit,0,selected,playtest_parameter_ready
2334,ショーゲキニュース,project_generated_gameplay_v0_noncanonical,70,100,15,special,neutral_v0,hit,0,selected,playtest_parameter_ready
2335,フィンガーポインター,project_generated_gameplay_v0_noncanonical,70,100,15,physical,neutral_v0,hit,0,selected,playtest_parameter_ready
2336,チュートリアライズ,project_generated_gameplay_v0_noncanonical,70,100,15,physical,neutral_v0,hit,0,selected,playtest_parameter_ready
2337,ソウルシャウト,project_generated_gameplay_v0_noncanonical,70,100,15,physical,neutral_v0,hit,0,selected,playtest_parameter_ready
2338,ジッキョークライシス,project_generated_gameplay_v0_noncanonical,70,100,15,physical,neutral_v0,hit,0,selected,playtest_parameter_ready
2339,キリングシャッター,project_generated_gameplay_v0_noncanonical,70,100,15,physical,neutral_v0,hit,0,selected,playtest_parameter_ready
2340,スパイフォーカス,project_generated_gameplay_v0_noncanonical,70,100,15,physical,neutral_v0,hit,0,selected,playtest_parameter_ready
2341,アブソープインタビュー,project_generated_gameplay_v0_noncanonical,70,100,15,special,neutral_v0,hit,0,selected,playtest_parameter_ready
2342,スラックマイク,project_generated_gameplay_v0_noncanonical,70,100,15,special,neutral_v0,hit,0,selected,playtest_parameter_ready
2343,カウントレーザー,project_generated_gameplay_v0_noncanonical,70,100,15,special,neutral_v0,hit,0,selected,playtest_parameter_ready
2344,ディバイドアーム,project_generated_gameplay_v0_noncanonical,70,100,15,special,neutral_v0,hit,0,selected,playtest_parameter_ready
2345,ダストハント,project_generated_gameplay_v0_noncanonical,70,100,15,physical,neutral_v0,hit,0,selected,playtest_parameter_ready
2346,トラッシュボム,project_generated_gameplay_v0_noncanonical,70,100,15,physical,neutral_v0,hit,0,selected,playtest_parameter_ready
2347,キャプチャーミラー,project_generated_gameplay_v0_noncanonical,70,100,15,physical,neutral_v0,hit,0,selected,playtest_parameter_ready
2348,ミラーズリベンジ,project_generated_gameplay_v0_noncanonical,70,100,15,physical,neutral_v0,hit,0,selected,playtest_parameter_ready
2349,ブラインドフラッシュ,project_generated_gameplay_v0_noncanonical,70,100,15,special,neutral_v0,hit,0,selected,playtest_parameter_ready
2350,シャイニングボディ,project_generated_gameplay_v0_noncanonical,70,100,15,special,neutral_v0,hit,0,selected,playtest_parameter_ready
2351,アラームホールド,project_generated_gameplay_v0_noncanonical,70,100,15,physical,neutral_v0,hit,0,selected,playtest_parameter_ready
2352,ミニッツスピアー,project_generated_gameplay_v0_noncanonical,70,100,15,special,neutral_v0,hit,0,selected,playtest_parameter_ready
2353,オペレートログ,project_generated_gameplay_v0_noncanonical,70,100,15,special,neutral_v0,hit,0,selected,playtest_parameter_ready
2354,ロストダイアリー,project_generated_gameplay_v0_noncanonical,70,100,15,special,neutral_v0,hit,0,selected,playtest_parameter_ready
2355,スティールプラン,project_generated_gameplay_v0_noncanonical,70,100,15,physical,neutral_v0,hit,0,selected,playtest_parameter_ready
2356,ミスティックホリデー,project_generated_gameplay_v0_noncanonical,70,100,15,physical,neutral_v0,hit,0,selected,playtest_parameter_ready
2357,ウェーブアタック,project_generated_gameplay_v0_noncanonical,70,100,15,physical,neutral_v0,hit,0,selected,playtest_parameter_ready
2358,イージーソナー,project_generated_gameplay_v0_noncanonical,70,100,15,physical,neutral_v0,hit,0,selected,playtest_parameter_ready
2359,ジャムジャムペイン,project_generated_gameplay_v0_noncanonical,70,100,15,special,neutral_v0,hit,0,selected,playtest_parameter_ready
2360,スプリーシグナル,project_generated_gameplay_v0_noncanonical,70,100,15,physical,neutral_v0,hit,0,selected,playtest_parameter_ready
2361,フレイムウォール,project_generated_gameplay_v0_noncanonical,70,100,15,physical,neutral_v0,hit,0,selected,playtest_parameter_ready
2362,オールマイティガード,project_generated_gameplay_v0_noncanonical,70,100,15,special,neutral_v0,hit,0,selected,playtest_parameter_ready
2363,ヴァンキッシュクロー,project_generated_gameplay_v0_noncanonical,70,100,15,special,neutral_v0,hit,0,selected,playtest_parameter_ready
2364,ストレンジハック,project_generated_gameplay_v0_noncanonical,70,100,15,special,neutral_v0,hit,0,selected,playtest_parameter_ready
2365,エレクトリックチャージ,project_generated_gameplay_v0_noncanonical,70,100,15,physical,neutral_v0,hit,0,selected,playtest_parameter_ready
2366,クラップスパーク,project_generated_gameplay_v0_noncanonical,70,100,15,special,neutral_v0,hit,0,selected,playtest_parameter_ready
2367,ペコペコハンマー,project_generated_gameplay_v0_noncanonical,70,100,15,special,neutral_v0,hit,0,selected,playtest_parameter_ready
2368,ペコスマッシュ,project_generated_gameplay_v0_noncanonical,70,100,15,special,neutral_v0,hit,0,selected,playtest_parameter_ready
2369,ポコポコブロウ,project_generated_gameplay_v0_noncanonical,70,100,15,physical,neutral_v0,hit,0,selected,playtest_parameter_ready
2370,ポコメルタ,project_generated_gameplay_v0_noncanonical,70,100,15,physical,neutral_v0,hit,0,selected,playtest_parameter_ready
2371,コピー＆ペースト,project_generated_gameplay_v0_noncanonical,70,100,15,physical,neutral_v0,hit,0,selected,playtest_parameter_ready
2372,チープイミテーション,project_generated_gameplay_v0_noncanonical,70,100,15,special,neutral_v0,hit,0,selected,playtest_parameter_ready
2373,セービングバブル,project_generated_gameplay_v0_noncanonical,70,100,15,physical,neutral_v0,hit,0,selected,playtest_parameter_ready
2374,スプリットメモリー,project_generated_gameplay_v0_noncanonical,70,100,15,special,neutral_v0,hit,0,selected,playtest_parameter_ready
2375,リアルプロジェクション,project_generated_gameplay_v0_noncanonical,70,100,15,physical,neutral_v0,hit,0,selected,playtest_parameter_ready
2376,リカバリーウォール,project_generated_gameplay_v0_noncanonical,70,100,15,physical,neutral_v0,hit,0,selected,playtest_parameter_ready
2377,エコロジーグラウンド,project_generated_gameplay_v0_noncanonical,70,100,15,special,neutral_v0,hit,0,selected,playtest_parameter_ready
2378,バッテリドレイン,project_generated_gameplay_v0_noncanonical,70,100,15,physical,neutral_v0,hit,0,selected,playtest_parameter_ready
2379,スパイドロイド,project_generated_gameplay_v0_noncanonical,70,100,15,special,neutral_v0,hit,0,selected,playtest_parameter_ready
2380,パニックセントリー,project_generated_gameplay_v0_noncanonical,70,100,15,physical,neutral_v0,hit,0,selected,playtest_parameter_ready
2381,シークサークル,project_generated_gameplay_v0_noncanonical,70,100,15,physical,neutral_v0,hit,0,selected,playtest_parameter_ready
2382,クリーンシグナル,project_generated_gameplay_v0_noncanonical,70,100,15,physical,neutral_v0,hit,0,selected,playtest_parameter_ready
2383,スイッチスパーク,project_generated_gameplay_v0_noncanonical,70,100,15,special,neutral_v0,hit,0,selected,playtest_parameter_ready
2384,ツナゲルリンク,project_generated_gameplay_v0_noncanonical,70,100,15,special,neutral_v0,hit,0,selected,playtest_parameter_ready
2385,スイッチレイジー,project_generated_gameplay_v0_noncanonical,70,100,15,physical,neutral_v0,hit,0,selected,playtest_parameter_ready
2386,タチキルリンク,project_generated_gameplay_v0_noncanonical,70,100,15,physical,neutral_v0,hit,0,selected,playtest_parameter_ready
2387,ドカドカラッシュ,project_generated_gameplay_v0_noncanonical,70,100,15,special,neutral_v0,hit,0,selected,playtest_parameter_ready
2388,ドッカンパンチ,project_generated_gameplay_v0_noncanonical,70,100,15,special,neutral_v0,hit,0,selected,playtest_parameter_ready
2389,プレッシャーリボルヴ,project_generated_gameplay_v0_noncanonical,70,100,15,physical,neutral_v0,hit,0,selected,playtest_parameter_ready
2390,ドローフェイズ,project_generated_gameplay_v0_noncanonical,70,100,15,special,neutral_v0,hit,0,selected,playtest_parameter_ready
2391,ブランクカード,project_generated_gameplay_v0_noncanonical,70,100,15,special,neutral_v0,hit,0,selected,playtest_parameter_ready
2392,ホーリーソード,project_generated_gameplay_v0_noncanonical,70,100,15,physical,neutral_v0,hit,0,selected,playtest_parameter_ready
2393,ブレイブシールド,project_generated_gameplay_v0_noncanonical,70,100,15,special,neutral_v0,hit,0,selected,playtest_parameter_ready
2394,ポッピンスリー,project_generated_gameplay_v0_noncanonical,70,100,15,special,neutral_v0,hit,0,selected,playtest_parameter_ready
2395,エレメントミックス,project_generated_gameplay_v0_noncanonical,70,100,15,physical,neutral_v0,hit,0,selected,playtest_parameter_ready
2396,アップロックビート,project_generated_gameplay_v0_noncanonical,70,100,15,special,neutral_v0,hit,0,selected,playtest_parameter_ready
2397,クレイジーステップ,project_generated_gameplay_v0_noncanonical,70,100,15,physical,neutral_v0,hit,0,selected,playtest_parameter_ready
2398,アクセルドライブ,project_generated_gameplay_v0_noncanonical,70,100,15,physical,neutral_v0,hit,0,selected,playtest_parameter_ready
2399,レイジーラビット,project_generated_gameplay_v0_noncanonical,70,100,15,special,neutral_v0,hit,0,selected,playtest_parameter_ready
2400,インクシャワー,project_generated_gameplay_v0_noncanonical,70,100,15,physical,neutral_v0,hit,0,selected,playtest_parameter_ready
2401,ペイントメルト,project_generated_gameplay_v0_noncanonical,70,100,15,special,neutral_v0,hit,0,selected,playtest_parameter_ready
2402,フォーチュンテラー,project_generated_gameplay_v0_noncanonical,70,100,15,special,neutral_v0,hit,0,selected,playtest_parameter_ready
2403,スフィアインパクト,project_generated_gameplay_v0_noncanonical,70,100,15,physical,neutral_v0,hit,0,selected,playtest_parameter_ready
2404,ミュージックアワー！,project_generated_gameplay_v0_noncanonical,70,100,15,special,neutral_v0,hit,0,selected,playtest_parameter_ready
2405,ハッピープレイリスト,project_generated_gameplay_v0_noncanonical,70,100,15,physical,neutral_v0,hit,0,selected,playtest_parameter_ready
2406,テイスティングバイト,project_generated_gameplay_v0_noncanonical,70,100,15,physical,neutral_v0,hit,0,selected,playtest_parameter_ready
2407,ペロリンログ,project_generated_gameplay_v0_noncanonical,70,100,15,special,neutral_v0,hit,0,selected,playtest_parameter_ready
2408,チャンネルプレイ,project_generated_gameplay_v0_noncanonical,70,100,15,special,neutral_v0,hit,0,selected,playtest_parameter_ready
2409,ダークモニター,project_generated_gameplay_v0_noncanonical,70,100,15,special,neutral_v0,hit,0,selected,playtest_parameter_ready
2410,ソーイングニードル,project_generated_gameplay_v0_noncanonical,70,100,15,special,neutral_v0,hit,0,selected,playtest_parameter_ready
2411,シャミングステッチ,project_generated_gameplay_v0_noncanonical,70,100,15,physical,neutral_v0,hit,0,selected,playtest_parameter_ready
2412,ページサモン,project_generated_gameplay_v0_noncanonical,70,100,15,physical,neutral_v0,hit,0,selected,playtest_parameter_ready
2413,センテンスウィップ,project_generated_gameplay_v0_noncanonical,70,100,15,physical,neutral_v0,hit,0,selected,playtest_parameter_ready
2414,ガシャガシャポン,project_generated_gameplay_v0_noncanonical,70,100,15,physical,neutral_v0,hit,0,selected,playtest_parameter_ready
2415,ドッキリカプセル,project_generated_gameplay_v0_noncanonical,70,100,15,physical,neutral_v0,hit,0,selected,playtest_parameter_ready
2416,ラッキースロット,project_generated_gameplay_v0_noncanonical,70,100,15,physical,neutral_v0,hit,0,selected,playtest_parameter_ready
2417,トリプルセブン,project_generated_gameplay_v0_noncanonical,70,100,15,special,neutral_v0,hit,0,selected,playtest_parameter_ready
2418,トリッキーハッター,project_generated_gameplay_v0_noncanonical,70,100,15,special,neutral_v0,hit,0,selected,playtest_parameter_ready
2419,グランドイリュージョン,project_generated_gameplay_v0_noncanonical,70,100,15,special,neutral_v0,hit,0,selected,playtest_parameter_ready
2420,シックスシェイク,project_generated_gameplay_v0_noncanonical,70,100,15,physical,neutral_v0,hit,0,selected,playtest_parameter_ready
2421,ミラクルロール,project_generated_gameplay_v0_noncanonical,70,100,15,physical,neutral_v0,hit,0,selected,playtest_parameter_ready
2422,アストロクッキング,project_generated_gameplay_v0_noncanonical,70,100,15,special,neutral_v0,hit,0,selected,playtest_parameter_ready
2423,ソウルフルコース,project_generated_gameplay_v0_noncanonical,70,100,15,physical,neutral_v0,hit,0,selected,playtest_parameter_ready
2424,パープルガスト,project_generated_gameplay_v0_noncanonical,70,100,15,special,neutral_v0,hit,0,selected,playtest_parameter_ready
2425,テンタクルバインド,project_generated_gameplay_v0_noncanonical,70,100,15,physical,neutral_v0,hit,0,selected,playtest_parameter_ready
2426,ス～パ～スリ～パ～,project_generated_gameplay_v0_noncanonical,70,100,15,special,neutral_v0,hit,0,selected,playtest_parameter_ready
2427,レイジングアイ,project_generated_gameplay_v0_noncanonical,70,100,15,special,neutral_v0,hit,0,selected,playtest_parameter_ready
2428,マッスルポージング,project_generated_gameplay_v0_noncanonical,70,100,15,physical,neutral_v0,hit,0,selected,playtest_parameter_ready
2429,ムキムキスエット,project_generated_gameplay_v0_noncanonical,70,100,15,physical,neutral_v0,hit,0,selected,playtest_parameter_ready
2430,ヒーリングバンデージ,project_generated_gameplay_v0_noncanonical,70,100,15,special,neutral_v0,hit,0,selected,playtest_parameter_ready
2431,レスキューキッス,project_generated_gameplay_v0_noncanonical,70,100,15,special,neutral_v0,hit,0,selected,playtest_parameter_ready
2432,ルーレットバンク,project_generated_gameplay_v0_noncanonical,70,100,15,physical,neutral_v0,hit,0,selected,playtest_parameter_ready
2433,マニーショック,project_generated_gameplay_v0_noncanonical,70,100,15,physical,neutral_v0,hit,0,selected,playtest_parameter_ready
2434,ハイドロジェット,project_generated_gameplay_v0_noncanonical,70,100,15,special,neutral_v0,hit,0,selected,playtest_parameter_ready
2435,癒しの湯,project_generated_gameplay_v0_noncanonical,70,100,15,special,neutral_v0,hit,0,selected,playtest_parameter_ready
2436,バイタルサプリ,project_generated_gameplay_v0_noncanonical,70,100,15,physical,neutral_v0,hit,0,selected,playtest_parameter_ready
2437,ミナギルエナジー,project_generated_gameplay_v0_noncanonical,70,100,15,special,neutral_v0,hit,0,selected,playtest_parameter_ready
2438,バイタルリミット              オーバーパワー,project_generated_gameplay_v0_noncanonical,70,100,15,physical,neutral_v0,hit,0,selected,playtest_parameter_ready
2439,スペシャルビッド,project_generated_gameplay_v0_noncanonical,70,100,15,physical,neutral_v0,hit,0,selected,playtest_parameter_ready
2440,ニューサツスイング,project_generated_gameplay_v0_noncanonical,70,100,15,physical,neutral_v0,hit,0,selected,playtest_parameter_ready
2441,セツヤクハート,project_generated_gameplay_v0_noncanonical,70,100,15,special,neutral_v0,hit,0,selected,playtest_parameter_ready
2442,ケチケチハート,project_generated_gameplay_v0_noncanonical,70,100,15,physical,neutral_v0,hit,0,selected,playtest_parameter_ready
2443,バーゲンプライス,project_generated_gameplay_v0_noncanonical,70,100,15,physical,neutral_v0,hit,0,selected,playtest_parameter_ready
2444,バクガイタイム,project_generated_gameplay_v0_noncanonical,70,100,15,special,neutral_v0,hit,0,selected,playtest_parameter_ready
2445,ビブリオスキャン,project_generated_gameplay_v0_noncanonical,70,100,15,special,neutral_v0,hit,0,selected,playtest_parameter_ready
2446,ヒデングリフ,project_generated_gameplay_v0_noncanonical,70,100,15,physical,neutral_v0,hit,0,selected,playtest_parameter_ready
2447,クライストルネード,project_generated_gameplay_v0_noncanonical,70,100,15,physical,neutral_v0,hit,0,selected,playtest_parameter_ready
2448,ロギプラズマ,project_generated_gameplay_v0_noncanonical,70,100,15,physical,neutral_v0,hit,0,selected,playtest_parameter_ready
2449,スクラッチバン,project_generated_gameplay_v0_noncanonical,70,100,15,physical,neutral_v0,hit,0,selected,playtest_parameter_ready
2450,ロガブラスト,project_generated_gameplay_v0_noncanonical,70,100,15,special,neutral_v0,hit,0,selected,playtest_parameter_ready
2451,ディープダイブ,project_generated_gameplay_v0_noncanonical,70,100,15,physical,neutral_v0,hit,0,selected,playtest_parameter_ready
2452,ドガッチバスター,project_generated_gameplay_v0_noncanonical,70,100,15,special,neutral_v0,hit,0,selected,playtest_parameter_ready
2453,ソニックスラッシュ,project_generated_gameplay_v0_noncanonical,70,100,15,physical,neutral_v0,hit,0,selected,playtest_parameter_ready
2454,メッセシュトロム,project_generated_gameplay_v0_noncanonical,70,100,15,physical,neutral_v0,hit,0,selected,playtest_parameter_ready
2455,ヘビーギフト,project_generated_gameplay_v0_noncanonical,70,100,15,special,neutral_v0,hit,0,selected,playtest_parameter_ready
2456,ブレイズスラング,project_generated_gameplay_v0_noncanonical,70,100,15,special,neutral_v0,hit,0,selected,playtest_parameter_ready
2457,ネガティブラスター,project_generated_gameplay_v0_noncanonical,70,100,15,physical,neutral_v0,hit,0,selected,playtest_parameter_ready
2458,失敗しちゃった,project_generated_gameplay_v0_noncanonical,70,100,15,special,neutral_v0,hit,0,selected,playtest_parameter_ready
2459,スカナックル,project_generated_gameplay_v0_noncanonical,70,100,15,physical,neutral_v0,hit,0,selected,playtest_parameter_ready
2460,トリップゲート,project_generated_gameplay_v0_noncanonical,70,100,15,special,neutral_v0,hit,0,selected,playtest_parameter_ready
2461,ワンダラーファング,project_generated_gameplay_v0_noncanonical,70,100,15,physical,neutral_v0,hit,0,selected,playtest_parameter_ready
2462,ディヴァインブレス,project_generated_gameplay_v0_noncanonical,70,100,15,physical,neutral_v0,hit,0,selected,playtest_parameter_ready
2463,パニックサンダー,project_generated_gameplay_v0_noncanonical,70,100,15,physical,neutral_v0,hit,0,selected,playtest_parameter_ready
2464,クロノスライド,project_generated_gameplay_v0_noncanonical,70,100,15,physical,neutral_v0,hit,0,selected,playtest_parameter_ready
2465,クロックフィスト,project_generated_gameplay_v0_noncanonical,70,100,15,special,neutral_v0,hit,0,selected,playtest_parameter_ready
2466,クロックシールド,project_generated_gameplay_v0_noncanonical,70,100,15,physical,neutral_v0,hit,0,selected,playtest_parameter_ready
2467,ライアースロート,project_generated_gameplay_v0_noncanonical,70,100,15,special,neutral_v0,hit,0,selected,playtest_parameter_ready
2468,ツインスクリーム,project_generated_gameplay_v0_noncanonical,70,100,15,physical,neutral_v0,hit,0,selected,playtest_parameter_ready
2469,デスウォッチ,project_generated_gameplay_v0_noncanonical,70,100,15,special,neutral_v0,hit,0,selected,playtest_parameter_ready
2470,デッドリースナイプ,project_generated_gameplay_v0_noncanonical,70,100,15,special,neutral_v0,hit,0,selected,playtest_parameter_ready
2471,トッカンメイカー,project_generated_gameplay_v0_noncanonical,70,100,15,physical,neutral_v0,hit,0,selected,playtest_parameter_ready
2472,ゾーンアーキテクト,project_generated_gameplay_v0_noncanonical,70,100,15,special,neutral_v0,hit,0,selected,playtest_parameter_ready
2473,クラッキングクレイス,project_generated_gameplay_v0_noncanonical,70,100,15,physical,neutral_v0,hit,0,selected,playtest_parameter_ready
2474,バラージジャック,project_generated_gameplay_v0_noncanonical,70,100,15,physical,neutral_v0,hit,0,selected,playtest_parameter_ready
2475,アブソーブジップ,project_generated_gameplay_v0_noncanonical,70,100,15,physical,neutral_v0,hit,0,selected,playtest_parameter_ready
2476,アンフリーズフィスト,project_generated_gameplay_v0_noncanonical,70,100,15,special,neutral_v0,hit,0,selected,playtest_parameter_ready
2477,ステルスケープ,project_generated_gameplay_v0_noncanonical,70,100,15,physical,neutral_v0,hit,0,selected,playtest_parameter_ready
2478,カメレオンリック,project_generated_gameplay_v0_noncanonical,70,100,15,special,neutral_v0,hit,0,selected,playtest_parameter_ready
2479,ワープループ,project_generated_gameplay_v0_noncanonical,70,100,15,special,neutral_v0,hit,0,selected,playtest_parameter_ready
2480,スケアリーゲート,project_generated_gameplay_v0_noncanonical,70,100,15,special,neutral_v0,hit,0,selected,playtest_parameter_ready
2481,臥龍扇,project_generated_gameplay_v0_noncanonical,70,100,15,special,neutral_v0,hit,0,selected,playtest_parameter_ready
2482,炎舞の陣,project_generated_gameplay_v0_noncanonical,70,100,15,physical,neutral_v0,hit,0,selected,playtest_parameter_ready
2483,ドヒョウフィールド,project_generated_gameplay_v0_noncanonical,70,100,15,physical,neutral_v0,hit,0,selected,playtest_parameter_ready
2484,ジェット張手,project_generated_gameplay_v0_noncanonical,70,100,15,special,neutral_v0,hit,0,selected,playtest_parameter_ready
2485,コマンド＝ハイパー,project_generated_gameplay_v0_noncanonical,70,100,15,physical,neutral_v0,hit,0,selected,playtest_parameter_ready
2486,クレイジーブレイン,project_generated_gameplay_v0_noncanonical,70,100,15,special,neutral_v0,hit,0,selected,playtest_parameter_ready
2487,怒ツ鬼金剛棍,project_generated_gameplay_v0_noncanonical,70,100,15,special,neutral_v0,hit,0,selected,playtest_parameter_ready
2488,愛の入魂金棒,project_generated_gameplay_v0_noncanonical,70,100,15,physical,neutral_v0,hit,0,selected,playtest_parameter_ready
2489,上下上下右右左左XY,project_generated_gameplay_v0_noncanonical,70,100,15,special,neutral_v0,hit,0,selected,playtest_parameter_ready
2490,カミワザコンボ,project_generated_gameplay_v0_noncanonical,70,100,15,special,neutral_v0,hit,0,selected,playtest_parameter_ready
2491,カラーズマザー,project_generated_gameplay_v0_noncanonical,70,100,15,special,neutral_v0,hit,0,selected,playtest_parameter_ready
2492,ペイントドラゴン,project_generated_gameplay_v0_noncanonical,70,100,15,physical,neutral_v0,hit,0,selected,playtest_parameter_ready
2493,ラメントフェイト,project_generated_gameplay_v0_noncanonical,70,100,15,physical,neutral_v0,hit,0,selected,playtest_parameter_ready
2494,アルカナシールド,project_generated_gameplay_v0_noncanonical,70,100,15,special,neutral_v0,hit,0,selected,playtest_parameter_ready
2495,メタモルコーデ,project_generated_gameplay_v0_noncanonical,70,100,15,physical,neutral_v0,hit,0,selected,playtest_parameter_ready
2496,フィッティングアロー,project_generated_gameplay_v0_noncanonical,70,100,15,physical,neutral_v0,hit,0,selected,playtest_parameter_ready
2497,バーチャルバース,project_generated_gameplay_v0_noncanonical,70,100,15,special,neutral_v0,hit,0,selected,playtest_parameter_ready
2498,クイーンウィール,project_generated_gameplay_v0_noncanonical,70,100,15,physical,neutral_v0,hit,0,selected,playtest_parameter_ready
2499,ビッグゲーム,project_generated_gameplay_v0_noncanonical,70,100,15,special,neutral_v0,hit,0,selected,playtest_parameter_ready
2500,ノンレムパペット,project_generated_gameplay_v0_noncanonical,70,100,15,special,neutral_v0,hit,0,selected,playtest_parameter_ready
2501,ドリームシアター,project_generated_gameplay_v0_noncanonical,70,100,15,physical,neutral_v0,hit,0,selected,playtest_parameter_ready
2502,ワンオペレーション,project_generated_gameplay_v0_noncanonical,70,100,15,special,neutral_v0,hit,0,selected,playtest_parameter_ready
2503,ワンダーメディシン,project_generated_gameplay_v0_noncanonical,70,100,15,physical,neutral_v0,hit,0,selected,playtest_parameter_ready
2504,スパイラルトリガー,project_generated_gameplay_v0_noncanonical,70,100,15,physical,neutral_v0,hit,0,selected,playtest_parameter_ready
2505,マッドネスシリンジ,project_generated_gameplay_v0_noncanonical,70,100,15,special,neutral_v0,hit,0,selected,playtest_parameter_ready
2506,スリフトアンサー,project_generated_gameplay_v0_noncanonical,70,100,15,physical,neutral_v0,hit,0,selected,playtest_parameter_ready
2507,オクトパラース,project_generated_gameplay_v0_noncanonical,70,100,15,special,neutral_v0,hit,0,selected,playtest_parameter_ready
2508,バーバルジェイル,project_generated_gameplay_v0_noncanonical,70,100,15,special,neutral_v0,hit,0,selected,playtest_parameter_ready
2509,デビルズコデックス,project_generated_gameplay_v0_noncanonical,70,100,15,special,neutral_v0,hit,0,selected,playtest_parameter_ready
2510,アルティメットサーチ,project_generated_gameplay_v0_noncanonical,70,100,15,special,neutral_v0,hit,0,selected,playtest_parameter_ready
2511,グランツゲイザー,project_generated_gameplay_v0_noncanonical,70,100,15,physical,neutral_v0,hit,0,selected,playtest_parameter_ready
2512,シュベルトカッター,project_generated_gameplay_v0_noncanonical,70,100,15,physical,neutral_v0,hit,0,selected,playtest_parameter_ready
2513,ゼーレゲヴァルト,project_generated_gameplay_v0_noncanonical,70,100,15,physical,neutral_v0,hit,0,selected,playtest_parameter_ready
2514,アルフ＝アイン,project_generated_gameplay_v0_noncanonical,70,100,15,special,neutral_v0,hit,0,selected,playtest_parameter_ready
2515,もうダメだ～,project_generated_gameplay_v0_noncanonical,70,100,15,special,neutral_v0,hit,0,selected,playtest_parameter_ready
2516,ダメダメージ,project_generated_gameplay_v0_noncanonical,70,100,15,special,neutral_v0,hit,0,selected,playtest_parameter_ready
2517,コズミックレイダー,project_generated_gameplay_v0_noncanonical,70,100,15,physical,neutral_v0,hit,0,selected,playtest_parameter_ready
2518,レインボーアサルト,project_generated_gameplay_v0_noncanonical,70,100,15,physical,neutral_v0,hit,0,selected,playtest_parameter_ready
2519,メテオレイン,project_generated_gameplay_v0_noncanonical,70,100,15,physical,neutral_v0,hit,0,selected,playtest_parameter_ready
2520,ギガントエルガー,project_generated_gameplay_v0_noncanonical,70,100,15,physical,neutral_v0,hit,0,selected,playtest_parameter_ready
2521,パワーブート,project_generated_gameplay_v0_noncanonical,70,100,15,special,neutral_v0,hit,0,selected,playtest_parameter_ready
2522,ナックルソル,project_generated_gameplay_v0_noncanonical,70,100,15,special,neutral_v0,hit,0,selected,playtest_parameter_ready
2523,シザーズブラック,project_generated_gameplay_v0_noncanonical,70,100,15,special,neutral_v0,hit,0,selected,playtest_parameter_ready
2524,ルーナインパルス,project_generated_gameplay_v0_noncanonical,70,100,15,special,neutral_v0,hit,0,selected,playtest_parameter_ready
2525,イミテーションノイズ,project_generated_gameplay_v0_noncanonical,70,100,15,special,neutral_v0,hit,0,selected,playtest_parameter_ready
2526,クラウンマスク,project_generated_gameplay_v0_noncanonical,70,100,15,special,neutral_v0,hit,0,selected,playtest_parameter_ready
2527,ヴンダーゲネシス,project_generated_gameplay_v0_noncanonical,70,100,15,special,neutral_v0,hit,0,selected,playtest_parameter_ready
2528,セイバーシュトラール,project_generated_gameplay_v0_noncanonical,70,100,15,special,neutral_v0,hit,0,selected,playtest_parameter_ready
2529,デーモンアルム,project_generated_gameplay_v0_noncanonical,70,100,15,physical,neutral_v0,hit,0,selected,playtest_parameter_ready
2530,ザータンムント,project_generated_gameplay_v0_noncanonical,70,100,15,physical,neutral_v0,hit,0,selected,playtest_parameter_ready
2531,ゴールデンファング,project_generated_gameplay_v0_noncanonical,70,100,15,physical,neutral_v0,hit,0,selected,playtest_parameter_ready
2532,フレイムストレート,project_generated_gameplay_v0_noncanonical,70,100,15,special,neutral_v0,hit,0,selected,playtest_parameter_ready
2533,ハッピーファントム,project_generated_gameplay_v0_noncanonical,70,100,15,special,neutral_v0,hit,0,selected,playtest_parameter_ready
2534,ポルテメロス,project_generated_gameplay_v0_noncanonical,70,100,15,physical,neutral_v0,hit,0,selected,playtest_parameter_ready
2535,ドクトルメス,project_generated_gameplay_v0_noncanonical,70,100,15,special,neutral_v0,hit,0,selected,playtest_parameter_ready
2536,ナーデルブレイズ,project_generated_gameplay_v0_noncanonical,70,100,15,special,neutral_v0,hit,0,selected,playtest_parameter_ready
2537,ローザフェニクス,project_generated_gameplay_v0_noncanonical,70,100,15,physical,neutral_v0,hit,0,selected,playtest_parameter_ready
2538,ヴィーナスロッド,project_generated_gameplay_v0_noncanonical,70,100,15,physical,neutral_v0,hit,0,selected,playtest_parameter_ready
2539,ウィングパクト,project_generated_gameplay_v0_noncanonical,70,100,15,physical,neutral_v0,hit,0,selected,playtest_parameter_ready
2540,レフィシオール,project_generated_gameplay_v0_noncanonical,70,100,15,physical,neutral_v0,hit,0,selected,playtest_parameter_ready
2541,ホライゾンタルフレア,project_generated_gameplay_v0_noncanonical,70,100,15,special,neutral_v0,hit,0,selected,playtest_parameter_ready
2542,エクリプスイレイザー,project_generated_gameplay_v0_noncanonical,70,100,15,special,neutral_v0,hit,0,selected,playtest_parameter_ready
2543,イマジンマール,project_generated_gameplay_v0_noncanonical,70,100,15,special,neutral_v0,hit,0,selected,playtest_parameter_ready
2544,アルティメットアダマス,project_generated_gameplay_v0_noncanonical,70,100,15,special,neutral_v0,hit,0,selected,playtest_parameter_ready
2545,ヘル・カキア,project_generated_gameplay_v0_noncanonical,70,100,15,special,neutral_v0,hit,0,selected,playtest_parameter_ready
2546,メランエクスプロード,project_generated_gameplay_v0_noncanonical,70,100,15,physical,neutral_v0,hit,0,selected,playtest_parameter_ready
2547,トライデント・フォール,project_generated_gameplay_v0_noncanonical,70,100,15,physical,neutral_v0,hit,0,selected,playtest_parameter_ready
2548,海帝掌打,project_generated_gameplay_v0_noncanonical,70,100,15,special,neutral_v0,hit,0,selected,playtest_parameter_ready
2549,ハロー・ハロー,project_generated_gameplay_v0_noncanonical,70,100,15,physical,neutral_v0,hit,0,selected,playtest_parameter_ready
2550,アストラルイラプション,project_generated_gameplay_v0_noncanonical,70,100,15,special,neutral_v0,hit,0,selected,playtest_parameter_ready
2551,コード：オリジン,project_generated_gameplay_v0_noncanonical,70,100,15,special,neutral_v0,hit,0,selected,playtest_parameter_ready
2552,イニシャル・ゼロ,project_generated_gameplay_v0_noncanonical,70,100,15,special,neutral_v0,hit,0,selected,playtest_parameter_ready
2553,スピンシュート,project_generated_gameplay_v0_noncanonical,70,100,15,physical,neutral_v0,hit,0,selected,playtest_parameter_ready
2554,みみだまし,project_generated_gameplay_v0_noncanonical,70,100,15,physical,neutral_v0,hit,0,selected,playtest_parameter_ready
2555,ボディスピアー,project_generated_gameplay_v0_noncanonical,70,100,15,special,neutral_v0,hit,0,selected,playtest_parameter_ready
2556,断鉄剣（だんてつけん）,project_generated_gameplay_v0_noncanonical,70,100,15,special,neutral_v0,hit,0,selected,playtest_parameter_ready
2557,戸締用心(とじまりようじん),project_generated_gameplay_v0_noncanonical,70,100,15,special,neutral_v0,hit,0,selected,playtest_parameter_ready
