kind,id,source_id,name_ja,unicode_codepoints,current_limit,over_limit
species,1,"nosferamon","ノスフェラモン",7,12,false
species,2,"artiomon","アルティオモン",7,12,false
species,3,"atratusmon","アトラタスモン",7,12,false
species,4,"albatusmon","アルバタスモン",7,12,false
species,5,"heliosboamon","ヘリオスボアモン",8,12,false
species,6,"habakirimon","ハバキリモン",6,12,false
species,7,"bearcatmon","ベアキャットモン",8,12,false
species,8,"taowumon","タオウーモン",6,12,false
species,9,"scourgechiropmon","スカージキロプモン",9,12,false
species,10,"monarchlizamon","モナークリザモン",8,12,false
species,11,"apollomon_whispered","アポロモン：ウィスパード",12,12,false
species,12,"kingwhamon","キングホエーモン",8,12,false
species,13,"armamon_burstmode","アルマモン：バーストモード",13,12,true
species,14,"armamon","アルマモン",5,12,false
species,15,"shoutmonx5s","シャウトモンX5S",9,12,false
species,16,"vortexdramon","ヴォルテクスドラモン",10,12,false
species,17,"shoutmonx4s","シャウトモンX4S",9,12,false
species,18,"shoutmonx3sd","シャウトモンX3SD",10,12,false
species,19,"shoutmonx3gm","シャウトモンX3GM",10,12,false
species,20,"azhdarmon","アズダルモン",6,12,false
species,21,"tengumon","テングモン",5,12,false
species,22,"amaterasumon","アマテラスモン",7,12,false
species,23,"enmamon","エンマモン",5,12,false
species,24,"seitengokuwmon","セイテンゴクウモン",9,12,false
species,25,"exmaquinamon","エクスマキナモン",8,12,false
species,26,"dalphomon","ダルフォモン",6,12,false
species,27,"shishimamon","シシマモン",5,12,false
species,28,"darumamon","ダルマモン",5,12,false
species,29,"rhamphomon","ランフォモン",6,12,false
species,30,"chronomon_destroy","クロノモン：デストロイモード",14,12,true
species,31,"chronomon_holy","クロノモン：ホーリーモード",13,12,true
species,32,"butenmon","ブテンモン",5,12,false
species,33,"buraimon","ブライモン",5,12,false
species,34,"hyokomon","ヒョコモン",5,12,false
species,35,"chicchimon","チッチモン",5,12,false
species,36,"zombieplutomon","ゾンビプルートモン",9,12,false
species,37,"manekimon","マネキモン",5,12,false
species,38,"hakubamon","ハクバモン",5,12,false
species,39,"wankomon","ワンコモン",5,12,false
species,40,"gasamon","ガサモン",4,12,false
species,41,"takinmon","ターキモン",5,12,false
species,42,"fujamon","フージャモン",6,12,false
species,43,"kakamon","カカモン",4,12,false
species,44,"armalizamon","アルマリザモン",7,12,false
species,45,"onibimon","オニビモン",5,12,false
species,46,"tomorimon","トモリモン",5,12,false
species,47,"mococomon","モココモン",5,12,false
species,48,"fukamon","フカモン",4,12,false
species,49,"parallelmon","パラレルモン",6,12,false
species,50,"nightchiropmon","ナイトキロプモン",8,12,false
species,51,"styracomon","スティラコモン",7,12,false
species,52,"taotiemon","タオティエモン",7,12,false
species,53,"craniummon_enbarrmon","クレニアムモン+アンヴァルモン",15,12,true
species,54,"enbarrmon","アンヴァルモン",7,12,false
species,55,"metatromon","メタトロモン",6,12,false
species,56,"greatgryzmon","グレートグリズモン",9,12,false
species,57,"titamon_skullbaluchimon","タイタモン+スカルバルキモン",14,12,true
species,58,"cougarmon","クーガモン",5,12,false
species,59,"masterblimpmon","マスターブリンプモン",10,12,false
species,60,"hyemon","ハイエモン",5,12,false
species,61,"murasamemon","ムラサメモン",6,12,false
species,62,"wolvermon","ウルヴァモン",6,12,false
species,63,"chiropmon","キロプモン",5,12,false
species,64,"pristimon","プリスティモン",7,12,false
species,65,"dullahamon","デュラハモン",6,12,false
species,66,"gekkomon","ゲッコーモン",6,12,false
species,67,"kekkomon","ケッコモン",5,12,false
species,68,"kekomon","ケコモン",4,12,false
species,69,"magneticdramon","マグネティックドラモン",11,12,false
species,70,"maneuvermon","マニューバモン",7,12,false
species,71,"turbomon","ターボモン",5,12,false
species,72,"nyabootmon","ニャブートモン",7,12,false
species,73,"yihumon","イーフーモン",6,12,false
species,74,"ariemon","アリエモン",5,12,false
species,75,"skullseadramon","スカルシードラモン",9,12,false
species,76,"sharkmon","シャークモン",6,12,false
species,77,"kaguyamon","カグヤモン",5,12,false
species,78,"karakurumon","カラクルモン",6,12,false
species,79,"kokeshimon","コケシモン",5,12,false
species,80,"hanimon","ハニモン",4,12,false
species,81,"mockingbirdmon","モッキンバーモン",8,12,false
species,82,"mulemon","ミュールモン",6,12,false
species,83,"maquinamon","マキナモン",5,12,false
species,84,"nazhamon_crimson","ナタモン：クリムゾンモード",13,12,true
species,85,"shagaramon","シャガラモン",6,12,false
species,86,"medusamon","メデューサモン",7,12,false
species,87,"lamiamon","ラミアモン",5,12,false
species,88,"necromon","ネクロモン",5,12,false
species,89,"jougamon","ジョウガモン",6,12,false
species,90,"pyramidimon","ピラミディモン",7,12,false
species,91,"proganomon","プロガノモン",6,12,false
species,92,"landramon","ランドラモン",6,12,false
species,93,"invisimon","インビジモン",6,12,false
species,94,"oblivimon","オブリビモン",6,12,false
species,95,"dimetromon","ディメトロモン",7,12,false
species,96,"ryugumon","リュウグウモン",7,12,false
species,97,"cerunumon","ケルヌモン",5,12,false
species,98,"marinbullmon","マリンブルモン",7,12,false
species,99,"elizamon","エリザモン",5,12,false
species,100,"nezhamon","ナタモン",4,12,false
species,101,"dinomon","ダイナモン",5,12,false
species,102,"skadimon","スカーディモン",7,12,false
species,103,"polarbearmon","ポーラーベアモン",8,12,false
species,104,"erlangmon_blast","イーランモン：ブラストモード",14,12,true
species,105,"queenbeemon","クイーンビーモン",8,12,false
species,106,"vespamon","ヴェスパモン",6,12,false
species,107,"forgebeemon","フォージビーモン",8,12,false
species,108,"heavymetaldramon","ヘヴィーメタルドラモン",11,12,false
species,109,"loudmon","ラウドモン",5,12,false
species,110,"punkmon","パンクモン",5,12,false
species,111,"takutoumon_wrath","タクトウモン：ラースモード",13,12,true
species,112,"erlangmon","イーランモン",6,12,false
species,113,"cendrillmon","サンドリモン",6,12,false
species,114,"chaperomon","シャペロモン",6,12,false
species,115,"zephagamon","ゼファーガモン",7,12,false
species,116,"grandgalemon","グランゲイルモン",8,12,false
species,117,"fluffymon","フラフィモン",6,12,false
species,118,"yolkmon","ヨークモン",5,12,false
species,119,"callismon","カリスモン",5,12,false
species,120,"tlalocmon","トラロックモン",7,12,false
species,121,"shoeshoemon","シューシューモン",8,12,false
species,122,"shoemon","シューモン",5,12,false
species,123,"galemon","ゲイルモン",5,12,false
species,124,"pteromon","プテロモン",5,12,false
species,125,"takutoumon","タクトウモン",6,12,false
species,126,"fenriloogamon_takemikazuchi","フェンリルガモン：建御雷神(タケミカヅチ)",21,12,true
species,127,"bigukkomon","ビッグウッコモン",8,12,false
species,128,"ukkomon","ウッコモン",5,12,false
species,129,"dijiangmon","ディージャンモン",8,12,false
species,130,"xingtianmon","シンテンモン",6,12,false
species,131,"lianpumon","リェンフーモン",7,12,false
species,132,"dominimon","ドミニモン",5,12,false
species,133,"arkhaiangemon","アルケーエンジェモン",10,12,false
species,134,"luxmon","ルクスモン",5,12,false
species,135,"huanglongmon_ruin","ファンロンモン：ルインモード",14,12,true
species,136,"moonmon","ムンモン",4,12,false
species,137,"sunmon","サンモン",4,12,false
species,138,"brigadramon","ブリガードラモン",8,12,false
species,139,"hi-commandramon","ハイコマンドラモン",9,12,false
species,140,"fenriloogamon","フェンリルガモン",8,12,false
species,141,"helloogarmon","ヘルガルモン",6,12,false
species,142,"soloogarmon","ソルガルモン",6,12,false
species,143,"cargodramon","カーゴドラモン",7,12,false
species,144,"loogarmon","ルガルモン",5,12,false
species,145,"bowmon","バウモン",4,12,false
species,146,"fusamon","フサモン",4,12,false
species,147,"quantumon","クオンタモン",6,12,false
species,148,"loogamon","ルガモン",4,12,false
species,149,"proximamon","プロキシマモン",7,12,false
species,150,"arcturusmon","アルクトゥルスモン",9,12,false
species,151,"greyknightsmon","グレイナイツモン",8,12,false
species,152,"zanmetsumon","ザンメツモン",6,12,false
species,153,"bombermon","ボマーモン",5,12,false
species,154,"ghilliedhumon","ギリードゥモン",7,12,false
species,155,"fumamon","フウマモン",5,12,false
species,156,"cthyllamon","クティーラモン",7,12,false
species,157,"regulusmon","レグルスモン",6,12,false
species,158,"ragnamon","ラグナモン",5,12,false
species,159,"destromon","デストロモン",6,12,false
species,160,"snatchmon","スナッチモン",6,12,false
species,161,"bemmon","ベムモン",4,12,false
species,162,"baalmon_x","バアルモン（X抗体）",10,12,false
species,163,"amphimon","アンフィモン",6,12,false
species,164,"diarbbitmon","ディルビットモン",8,12,false
species,165,"siriusmon","シリウスモン",6,12,false
species,166,"shinegreymon_ruin","シャイングレイモン： ルインモード",17,12,true
species,167,"chamblemon","シャンブルモン",7,12,false
species,168,"publimon","パブリモン",5,12,false
species,169,"oleamon","オウリアモン",6,12,false
species,170,"huankunmon","ファンクンモン",7,12,false
species,171,"xiangpengmon","シャンポンモン",7,12,false
species,172,"xiquemon","シーチューモン",7,12,false
species,173,"imperialdramonfightermode_vi","インペリアルドラモン：ファイターモード（黒）",22,12,true
species,174,"greymon_blue_x","グレイモン（青）（X抗体）",13,12,true
species,175,"oboromon","オボロモン",5,12,false
species,176,"gyukimon","ギュウキモン",6,12,false
species,177,"shinmonzaemon","しんもんざえモン",8,12,false
species,178,"hoverespimon","ホバーエスピモン",8,12,false
species,179,"espimon","エスピモン",5,12,false
species,180,"jupitermmon_wrath","ユピテルモン：ラースモード",13,12,true
species,181,"plutomon","プルートモン",6,12,false
species,182,"ceresmon","ケレスモン",5,12,false
species,183,"bacchusmon","バッカスモン",6,12,false
species,184,"junomon_hysteric","ユノモン：ヒステリックモード",14,12,true
species,185,"junomon","ユノモン",4,12,false
species,186,"thetismon","テティスモン",6,12,false
species,187,"lamortmon","ラモールモン",6,12,false
species,188,"canoweissmon","カノーヴァイスモン",9,12,false
species,189,"sistermon_ciel_Awake","シスタモン シエル（覚醒）",13,12,true
species,190,"sistermon_noir_Awake","シスタモン ノワール（覚醒）",14,12,true
species,191,"sistermon_blanc_Awake","シスタモン ブラン（覚醒）",13,12,true
species,192,"gulusgammamon","グルスガンマモン",8,12,false
species,193,"teslajellymon","テスラジェリーモン",9,12,false
species,194,"symbareangoramon","ジンバーアンゴラモン",10,12,false
species,195,"blacktailmon_uver","ブラックテイルモン Uver.",15,12,true
species,196,"weddinmon","ウェディンモン",7,12,false
species,197,"shortmon","ショートモン",6,12,false
species,198,"blackrapidmon","ブラックラピッドモン",10,12,false
species,199,"blackgalgomon","ブラックガルゴモン",9,12,false
species,200,"omegamonzwart_d","オメガモンズワルトDEFEAT",15,12,true
species,201,"wezengammamon","ウェズンガンマモン",9,12,false
species,202,"kausgammamon","カウスガンマモン",8,12,false
species,203,"betelgammamon","ベテルガンマモン",8,12,false
species,204,"abbadomoncore","アバドモンコア",7,12,false
species,205,"luminamon_nene","ルミナモン（ネネVer.）",13,12,true
species,206,"shoutmonx7_superior","シャウトモンX7：スペリオルモード",17,12,true
species,207,"jellymon","ジェリーモン",6,12,false
species,208,"puyoyomon","プヨヨモン",5,12,false
species,209,"puyomon","プヨモン",4,12,false
species,210,"angoramon","アンゴラモン",6,12,false
species,211,"bosamon","ボサモン",4,12,false
species,212,"pyonmon","ピョンモン",5,12,false
species,213,"gammamon","ガンマモン",5,12,false
species,214,"gurimon","グリモン",4,12,false
species,215,"curimon","クリモン",4,12,false
species,216,"abbadomon","アバドモン",5,12,false
species,217,"negamon","ネガーモン",5,12,false
species,218,"pilevolcamon","パイルボルケーモン",9,12,false
species,219,"raidenmon","ライデンモン",6,12,false
species,220,"raijinmon","ライジンモン",6,12,false
species,221,"dokunemon","ドクネモン",5,12,false
species,222,"modokibetamon","モドキベタモン",7,12,false
species,223,"hydramon","ヒュドラモン",6,12,false
species,224,"bloomlordmon","ブルムロードモン",8,12,false
species,225,"ajatarmon","アヤタラモン",6,12,false
species,226,"gardromon_gold","ガードロモン（金）",9,12,false
species,227,"burgamon_lv4","バーガモン",5,12,false
species,228,"pidmon","ピッドモン",5,12,false
species,229,"sandyammamon","サンドヤンマモン",8,12,false
species,230,"yammamon","ヤンマモン",5,12,false
species,231,"morishellmon","モリシェルモン",7,12,false
species,232,"bombernanimon","ボンバーナニモン",8,12,false
species,233,"heraklekabuterimon_x","ヘラクルカブテリモン（X抗体）",15,12,true
species,234,"starmon_x","スターモン（X抗体）",10,12,false
species,235,"growmon_x","グラウモン（X抗体）",10,12,false
species,236,"hagurumon_x","ハグルモン（X抗体）",10,12,false
species,237,"gaioumon_itto","ガイオウモン：厳刀ノ型",11,12,false
species,238,"brachiomon","ブラキモン",5,12,false
species,239,"kyukimon","キュウキモン",6,12,false
species,240,"vermillimon","ヴァーミリモン",7,12,false
species,241,"assaultmon","アサルトモン",6,12,false
species,242,"tekkamon","テッカモン",5,12,false
species,243,"vulturemon","バルチャモン",6,12,false
species,244,"goromon","ゴロモン",4,12,false
species,245,"sunamon","スナモン",4,12,false
species,246,"burpmon","ば～ぷモン",5,12,false
species,247,"blackkingnumemon","ブラックキングヌメモン",11,12,false
species,248,"goldnumemon","ゴールドヌメモン",8,12,false
species,249,"culumon","クルモン",4,12,false
species,250,"gladimon","グラディモン",6,12,false
species,251,"shoutmonx4k","シャウトモンX4K",9,12,false
species,252,"kodokugumon","コドクグモン",6,12,false
species,253,"yoxtuyoxtumon","ヨッ！ヨッ！モン",8,12,false
species,254,"minidekachimon","ミニデカチモン",7,12,false
species,255,"atamadekachimon","アタマデカチモン",8,12,false
species,256,"trailmon","トレイルモン",6,12,false
species,257,"greatkingscumon","スカモン大王",6,12,false
species,258,"shroudmon","シュラウドモン",7,12,false
species,259,"frosvelgrmon","フロスベルグモン",8,12,false
species,260,"frozomon","フロゾモン",5,12,false
species,261,"hiyarimon","ヒヤリモン",5,12,false
species,262,"blackseraphimon","ブラックセラフィモン",10,12,false
species,263,"rareraremon","レアレアモン",6,12,false
species,264,"climbmon","クライモン",5,12,false
species,265,"divemon","ダイブモン",5,12,false
species,266,"clearagumon","クリアアグモン",7,12,false
species,267,"bancholilimon","バンチョーリリモン",9,12,false
species,268,"metalgreymon_va_x","メタルグレイモン（ワクチン種）（Ｘ抗体）",20,12,true
species,269,"panjyamon_x","パンジャモン（Ｘ抗体）",11,12,false
species,270,"metalmamemon_x","メタルマメモン（Ｘ抗体）",12,12,false
species,271,"thunderballmon_x","サンダーボールモン（Ｘ抗体）",14,12,true
species,272,"monochromon_x","モノクロモン（Ｘ抗体）",11,12,false
species,273,"dobermon_x","ドーベルモン（Ｘ抗体）",11,12,false
species,274,"gesomon_x","ゲソモン（Ｘ抗体）",9,12,false
species,275,"gottsumon_x","ゴツモン（Ｘ抗体）",9,12,false
species,276,"ganimon_x","ガニモン（Ｘ抗体）",9,12,false
species,277,"guilmon_x","ギルモン（Ｘ抗体）",9,12,false
species,278,"shoutmon_ex6","シャウトモンEX6",9,12,false
species,279,"torikaraballmon","とりからボールモン",9,12,false
species,280,"burgamon","バーガモン",5,12,false
species,281,"potamon","ポテモン",4,12,false
species,282,"achillesmon","アキレウスモン",7,12,false
species,283,"shivamon","シーヴァモン",6,12,false
species,284,"kazuchimon","カヅチモン",5,12,false
species,285,"pistmon","ピストモン",5,12,false
species,286,"tempomon","テンポモン",5,12,false
species,287,"shootmon","シュートモン",6,12,false
species,288,"boutmon","バウトモン",5,12,false
species,289,"mitamamon","ミタマモン",5,12,false
species,290,"lovelyangemon","ラブリーエンジェモン",10,12,false
species,291,"bibimon","ビビモン",4,12,false
species,292,"dokimon","ドキモン",4,12,false
species,293,"namakemon","ナマケモン",5,12,false
species,294,"runnermon","ランナモン",5,12,false
species,295,"exermon","エキサモン",5,12,false
species,296,"bulkmon","バルクモン",5,12,false
species,297,"komondomon","コモンドモン",6,12,false
species,298,"pulsemon","パルスモン",5,12,false
species,299,"omegamon_merciful","オメガモン：マーシフルモード",14,12,true
species,300,"donedevimon","ダンデビモン",6,12,false
species,301,"waregarurumon_sagittarius","ワーガルルモン：サジタリウスモード",17,12,true
species,302,"imperialdramon_dragon_black","インペリアルドラモン：ドラゴンモード(黒)",21,12,true
species,303,"manticoremon","マンティコアモン",8,12,false
species,304,"mimicmon","ミミックモン",6,12,false
species,305,"baluchimon","バルキモン",5,12,false
species,306,"darkmaildramon","ダークメイルドラモン",10,12,false
species,307,"metalgreymon_alter","メタルグレイモン：アルタラウスモード",18,12,true
species,308,"rebellimon","リベリモン",5,12,false
species,309,"machmon","マッハモン",5,12,false
species,310,"junkmon","ジャンクモン",6,12,false
species,311,"heavyleomon","ヘヴィーレオモン",8,12,false
species,312,"hopmon","ホップモン",5,12,false
species,313,"ketomon","ケトモン",4,12,false
species,314,"nidhoggmon","ニーズヘッグモン",8,12,false
species,315,"entmon","エントモン",5,12,false
species,316,"parasaurmon","パラサウモン",6,12,false
species,317,"toropiamon","トロピアモン",6,12,false
species,318,"pomumon","ポームモン",5,12,false
species,319,"eyesmon_scatter","アイズモン：スキャッターモード",15,12,true
species,320,"eyesmon","アイズモン",5,12,false
species,321,"betamon_x","ベタモン（X抗体）",9,12,false
species,322,"gazimon_x","ガジモン（X抗体）",9,12,false
species,323,"algomon_lv1","アルゴモン",5,12,false
species,324,"ghostmon","ゴースモン",5,12,false
species,325,"regalecusmon","レガレクスモン",7,12,false
species,326,"piranimon","ピラニモン",5,12,false
species,327,"gusokumon","グソクモン",5,12,false
species,328,"marinchimairamon","マリンキメラモン",8,12,false
species,329,"tobiumon","トビウモン",5,12,false
species,330,"sangomon","サンゴモン",5,12,false
species,331,"gogmamon","ゴグマモン",5,12,false
species,332,"baboongamon","バブンガモン",6,12,false
species,333,"sunarizamon","スナリザモン",6,12,false
species,334,"jewelbeemon","ジュエルビーモン",8,12,false
species,335,"hudiemon","フーディエモン",7,12,false
species,336,"arresterdramon_superior","アレスタードラモン：スペリオルモード",18,12,true
species,337,"garurumon_x","ガルルモン（X抗体）",10,12,false
species,338,"greymon_x","グレイモン（X抗体）",10,12,false
species,339,"algomon_lv4","アルゴモン",5,12,false
species,340,"algomon_lv3","アルゴモン",5,12,false
species,341,"algomon_lv2","アルゴモン",5,12,false
species,342,"spadamon","スパーダモン",6,12,false
species,343,"morphomon","モルフォモン",6,12,false
species,344,"eosmon_lv6","エオスモン",5,12,false
species,345,"gabumon_kizuna","ガブモン -友情の絆-",11,12,false
species,346,"agumon_kizuna","アグモン -勇気の絆-",11,12,false
species,347,"eosmon_lv5","エオスモン",5,12,false
species,348,"eosmon_lv4","エオスモン",5,12,false
species,349,"tonosamamamemon","トノサママメモン",8,12,false
species,350,"omegamon_zwart","オメガモン ズワルト",10,12,false
species,351,"terriermon_assistant","テリアモン助手",7,12,false
species,352,"cryspaledramon","クリスペイルドラモン",10,12,false
species,353,"metallicdramon","メタリックドラモン",9,12,false
species,354,"jazarichmon","ジャザリッヒモン",8,12,false
species,355,"jazardmon","ジャザードモン",7,12,false
species,356,"jazamon","ジャザモン",5,12,false
species,357,"hexeblaumon","ヘクセブラウモン",8,12,false
species,358,"paledramon","ペイルドラモン",7,12,false
species,359,"noblepumpmon","ノーブルパンプモン",9,12,false
species,360,"ogudomon_x","オグドモン（X抗体）",10,12,false
species,361,"jesmongx","ジエスモンGX",7,12,false
species,362,"keramon_x","ケラモン（X抗体）",9,12,false
species,363,"omegashoutmon_x","オメガシャウトモン（X抗体）",14,12,true
species,364,"meramon_x","メラモン（X抗体）",9,12,false
species,365,"pegasmon_x","ペガスモン（X抗体）",10,12,false
species,366,"rapidmon_x","ラピッドモン（X抗体）",11,12,false
species,367,"monzaemon_x","もんざえモン（X抗体）",11,12,false
species,368,"gankoomon_x","ガンクゥモン（X抗体）",11,12,false
species,369,"examon_x","エグザモン（X抗体）",10,12,false
species,370,"cyberdramon_x","サイバードラモン（X抗体）",13,12,true
species,371,"rizegreymon_x","ライズグレイモン（X抗体）",13,12,true
species,372,"hououmon_x","ホウオウモン（X抗体）",11,12,false
species,373,"justimon_x","ジャスティモン（X抗体）",12,12,false
species,374,"wizarmon_x","ウィザーモン（X抗体）",11,12,false
species,375,"siesamon_x","シーサモン（X抗体）",10,12,false
species,376,"cherubimon_x","ケルビモン（善）（X抗体）",13,12,true
species,377,"ofanimon_x","オファニモン（X抗体）",11,12,false
species,378,"angewomon_x","エンジェウーモン（X抗体）",13,12,true
species,379,"diablomon_x","ディアボロモン（Ｘ抗体）",12,12,false
species,380,"dynasmon_x","デュナスモン（X抗体）",11,12,false
species,381,"duftmon_x","ドゥフトモン（X抗体）",11,12,false
species,382,"holydramon_x","ホーリードラモン（X抗体）",13,12,true
species,383,"plesiomon_x","プレシオモン（X抗体）",11,12,false
species,384,"goddramon_x","ゴッドドラモン（X抗体）",12,12,false
species,385,"garudamon_x","ガルダモン（X抗体）",10,12,false
species,386,"tailmon_x","テイルモン（X抗体）",10,12,false
species,387,"togemon_x","トゲモン（X抗体）",9,12,false
species,388,"tylomon_x","ティロモン（X抗体）",10,12,false
species,389,"lopmon_x","ロップモン（X抗体）",10,12,false
species,390,"shakomon_x","シャコモン（X抗体）",10,12,false
species,391,"terriermon_x","テリアモン（X抗体）",10,12,false
species,392,"palmon_x","パルモン（X抗体）",9,12,false
species,393,"pteranomon_x","プテラノモン（X抗体）",11,12,false
species,394,"mamemon_x","マメモン（X抗体）",9,12,false
species,395,"ebemon_x","イーバモン（X抗体）",10,12,false
species,396,"sleipmon_x","スレイプモン（X抗体）",11,12,false
species,397,"craniummon_x","クレニアムモン（X抗体）",12,12,false
species,398,"ulforcevdramon_x","アルフォースブイドラモン（X抗体）",17,12,true
species,399,"magnamon_x","マグナモン（X抗体）",10,12,false
species,400,"megaseadramon_x","メガシードラモン（X抗体）",13,12,true
species,401,"triceramon_x","トリケラモン（X抗体）",11,12,false
species,402,"okuwamon_x","オオクワモン（X抗体）",11,12,false
species,403,"mantaraymon_x","マンタレイモン（X抗体）",12,12,false
species,404,"nefertimon_x","ネフェルティモン（X抗体）",13,12,true
species,405,"seadramon_x","シードラモン（X抗体）",11,12,false
species,406,"kuwagamon_x","クワガーモン（X抗体）",11,12,false
species,407,"allomon_x","アロモン（X抗体）",9,12,false
species,408,"gomamon_x","ゴマモン（X抗体）",9,12,false
species,409,"kokuwamon_x","コクワモン（X抗体）",10,12,false
species,410,"blackwargreymon_x","ブラックウォーグレイモン（X抗体）",17,12,true
species,411,"ladydevimon_x","レディーデビモン（Ｘ抗体）",13,12,true
species,412,"metalgreymon_vi_x","メタルグレイモン（ウィルス種）（Ｘ抗体）",20,12,true
species,413,"orgemon_x","オーガモン（Ｘ抗体）",10,12,false
species,414,"agumon_b_x","アグモン（黒）（Ｘ抗体）",12,12,false
species,415,"rasenmon","ラセンモン",5,12,false
species,416,"rasenmon_f","ラセンモン：激昂モード",11,12,false
species,417,"stiffilmon","スティフィルモン",8,12,false
species,418,"filmon","フィルモン",5,12,false
species,419,"rosemon_x","ロゼモン（X抗体）",9,12,false
species,420,"princemamemon_x","プリンスマメモン（X抗体）",13,12,true
species,421,"skullmammon_x","スカルマンモン（X抗体）",12,12,false
species,422,"mammon_x","マンモン（X抗体）",9,12,false
species,423,"mephismon_x","メフィスモン（Ｘ抗体）",11,12,false
species,424,"vamdemon_x","ヴァンデモン（X抗体）",11,12,false
species,425,"plotmon_x","プロットモン（X抗体）",11,12,false
species,426,"otamamon_x","オタマモン（X抗体）",10,12,false
species,427,"yarmon","ヤーモン",4,12,false
species,428,"keemon","キーモン",4,12,false
species,429,"impmon_x","インプモン（Ｘ抗体）",10,12,false
species,430,"darktyranomon_x","ダークティラノモン（Ｘ抗体）",14,12,true
species,431,"numemon_x","ヌメモン（Ｘ抗体）",9,12,false
species,432,"lucemon_x","ルーチェモン（Ｘ抗体）",11,12,false
species,433,"lilithmon_x","リリスモン（Ｘ抗体）",10,12,false
species,434,"leviamon_x","リヴァイアモン（Ｘ抗体）",12,12,false
species,435,"belphemon_x","ベルフェモン（Ｘ抗体）",11,12,false
species,436,"barbamon_x","バルバモン（Ｘ抗体）",10,12,false
species,437,"demon_x","デーモン（Ｘ抗体）",9,12,false
species,438,"darkknightmon_x","ダークナイトモン（Ｘ抗体）",13,12,true
species,439,"cherubimondark_x","ケルビモン（悪）（Ｘ抗体）",13,12,true
species,440,"ofanimonfdm_x","オファニモン：フォールダウンモード（Ｘ抗体）",22,12,true
species,441,"ultimatechaosmon","アルティメットカオスモン",12,12,false
species,442,"pusurimon","プスリモン",5,12,false
species,443,"pusumon","プスモン",4,12,false
species,444,"surfimon","サーフィモン",6,12,false
species,445,"bulucomon","ブルコモン",5,12,false
species,446,"herissmon","エリスモン",5,12,false
species,447,"metalgarurumon_black","メタルガルルモン（黒）",11,12,false
species,448,"weregarurumon_black","ワーガルルモン（黒）",10,12,false
species,449,"garurumon_black","ガルルモン（黒）",8,12,false
species,450,"justimon_blitzarm","ジャスティモン：ブリッツアーム",15,12,true
species,451,"ginkakumon_promote","ギンカクモンプロモート",11,12,false
species,452,"icedevimon","アイスデビモン",7,12,false
species,453,"kuzuhamon_miko","クズハモン：巫女モード",11,12,false
species,454,"megalograwmon_orange","メガログラウモン（橙）",11,12,false
species,455,"greymon_blue","グレイモン（青）",8,12,false
species,456,"shoutmon_king","シャウトモン（キングVer.）",15,12,true
species,457,"wargreymon_x","ウォーグレイモン（X抗体）",13,12,true
species,458,"metalgarurumon_x","メタルガルルモン（X抗体）",13,12,true
species,459,"megidramon_x","メギドラモン（X抗体）",11,12,false
species,460,"weregarurumon_x","ワーガルルモン（X抗体）",12,12,false
species,461,"lilimon_x","リリモン（X抗体）",9,12,false
species,462,"sakuyamon_x","サクヤモン（Ｘ抗体）",10,12,false
species,463,"beelzebumon_x","ベルゼブモン（X抗体）",11,12,false
species,464,"megalogrowmon_x","メガログラウモン（X抗体）",13,12,true
species,465,"rhinomon_x","ライノモン（Ｘ抗体）",10,12,false
species,466,"renamon_x","レナモン（Ｘ抗体）",9,12,false
species,467,"tokomon_x","トコモン（Ｘ抗体）",9,12,false
species,468,"beelstarmon_x","ベルスターモン（Ｘ抗体）",12,12,false
species,469,"dukemon_x","デュークモン（X抗体）",11,12,false
species,470,"cerberumon_x","ケルベロモン（X抗体）",11,12,false
species,471,"tyranomon_x","ティラノモン（X抗体）",11,12,false
species,472,"dracomon_x","ドラコモン（X抗体）",10,12,false
species,473,"gabumon_x","ガブモン（X抗体）",9,12,false
species,474,"minervamon_x","ミネルヴァモン（X抗体）",12,12,false
species,475,"lordknightmon_x","ロードナイトモン（X抗体）",13,12,true
species,476,"sistermon_ciel","シスタモン シエル",9,12,false
species,477,"metaltyranomon_x","メタルティラノモン（X抗体）",14,12,true
species,478,"leomon_x","レオモン（X抗体）",9,12,false
species,479,"agumon_x","アグモン（X抗体）",9,12,false
species,480,"jesmon_x","ジエスモン（X抗体）",10,12,false
species,481,"ragnaloardmon","ラグナロードモン",8,12,false
species,482,"rafflesimon","ラフレシモン",6,12,false
species,483,"ordinemon","オルディネモン",7,12,false
species,484,"raptorsparrowmon","ラプタースパロウモン",10,12,false
species,485,"banchogolemon","バンチョーゴーレモン",10,12,false
species,486,"cerberumon_werewolfmode","ケルベロモン：人狼モード",12,12,false
species,487,"growmon_orange","グラウモン（橙）",8,12,false
species,488,"toyagumon_black","トイアグモン（黒）",9,12,false
species,489,"shootingstarmon","シューティングスターモン",12,12,false
species,490,"justimon_criticalarm","ジャスティモン：クリティカルアーム",17,12,true
species,491,"yatagaramon_axcel","ヤタガラモン",6,12,false
species,492,"dinohumon","ディノヒューモン",8,12,false
species,493,"rapidmon_gold","ラピッドモン",6,12,false
species,494,"yaegerdorurumon","イェーガードルルモン",10,12,false
species,495,"gundramon","ガンドラモン",6,12,false
species,496,"aegiochusmon_holly","アイギオテュースモン：ホーリー",15,12,true
species,497,"gabumon_black","ガブモン（黒）",7,12,false
species,498,"pipimon","ピピモン",4,12,false
species,499,"raguelmon","ラグエルモン",6,12,false
species,500,"bryweludramon","ブリウエルドラモン",9,12,false
species,501,"volcanicdramon","ヴォルケニックドラモン",11,12,false
species,502,"lavogaritamon","ラヴォガリータモン",9,12,false
species,503,"meicrackmon_v","メイクラックモン：ヴィシャスモード",17,12,true
species,504,"mastemon","マスティモン",6,12,false
species,505,"voltobautamon","ボルトバウタモン",8,12,false
species,506,"raijiludomon","ライジルドモン",7,12,false
species,507,"tialudomon","ティアルドモン",7,12,false
species,508,"lavorvomon","ラヴォーボモン",7,12,false
species,509,"bushiagumon","ブシアグモン",6,12,false
species,510,"ludomon","ルドモン",4,12,false
species,511,"kakkinmon","カッキンモン",6,12,false
species,512,"cotsucomon","コツコモン",5,12,false
species,513,"andiramon_2","アンティラモン",7,12,false
species,514,"meicoomon","メイクーモン",6,12,false
species,515,"whamon_2","ホエーモン（成熟期）",10,12,false
species,516,"gekomon","ゲコモン",4,12,false
species,517,"vorvomon","ヴォーボモン",6,12,false
species,518,"atlurballistamon","アトラーバリスタモン",10,12,false
species,519,"omegamon_alter-b","オメガモン Alter-B",13,12,true
species,520,"blackmachgaogamon","ブラックマッハガオガモン",12,12,false
species,521,"blackgaogamon","ブラックガオガモン",9,12,false
species,522,"falcomon-2006","ファルコモン（２００６アニメ版）",16,12,true
species,523,"kudamon-2006","クダモン（２００６アニメ版）",14,12,true
species,524,"neo","ネオ",2,12,false
species,525,"yakiimon","ヤキイモン",5,12,false
species,526,"monimon","モニモン",4,12,false
species,527,"monitamon","モニタモン",5,12,false
species,528,"mervamon","メルヴァモン",6,12,false
species,529,"metalgreymon_cyberlauncher","メタルグレイモン＋サイバーランチャー",18,12,true
species,530,"metalgreymon","メタルグレイモン（2010アニメ版）",18,12,true
species,531,"mailbirdramon","メイルバードラモン",9,12,false
species,532,"musoknightmon","ムソーナイトモン",8,12,false
species,533,"madleomon:armedmode","マッドレオモン：アームドモード",15,12,true
species,534,"madleomon","マッドレオモン",7,12,false
species,535,"bombmon-xwars","ボムモン（2010アニメ版）",14,12,true
species,536,"beelzebumon-xwars","ベルゼブモン（2010アニメ版）",16,12,true
species,537,"blastmon","ブラストモン",6,12,false
species,538,"footmon","フットモン",5,12,false
species,539,"pillomon","ピロモン",4,12,false
species,540,"pickmon","ピックモン",5,12,false
species,541,"baristamon","バリスタモン",6,12,false
species,542,"bacomon","バコモン",4,12,false
species,543,"bagramon","バグラモン",5,12,false
species,544,"hi-visionmonitamon","ハイビジョンモニタモン",11,12,false
species,545,"baalmon","バアルモン",5,12,false
species,546,"neovamdemon","ネオヴァンデモン",8,12,false
species,547,"dondokomon","ドンドコモン",6,12,false
species,548,"donshoutmon","ドンシャウトモン",8,12,false
species,549,"dorulumon","ドルルモン",5,12,false
species,550,"dorbickmon","ドルビックモン",7,12,false
species,551,"troopmon","トループモン",6,12,false
species,552,"deadlyaxemon","デッドリーアックスモン",11,12,false
species,553,"deckerdramon","デッカードラモン",8,12,false
species,554,"deckergreymon","デッカーグレイモン",9,12,false
species,555,"tuwarmon","ツワーモン",5,12,false
species,556,"tyutyumon","チューチューモン",8,12,false
species,557,"chibickmon","チビックモン",6,12,false
species,558,"chikurimon","チクリモン",5,12,false
species,559,"damemon","ダメモン",4,12,false
species,560,"tactimon","タクティモン",6,12,false
species,561,"darknessbagramon","ダークネスバグラモン",10,12,false
species,562,"darkknightmon","ダークナイトモン",8,12,false
species,563,"zenimon","ゼニモン",4,12,false
species,564,"splashmon","スプラッシュモン",8,12,false
species,565,"sparrowmon","スパロウモン",6,12,false
species,566,"starmons","スターモンズ",6,12,false
species,567,"skullknightmonbigaxemode","スカルナイトモン：ビッグアックスモード",19,12,true
species,568,"skullknightmoncavaliermode","スカルナイトモン：騎馬モード",14,12,true
species,569,"skullknightmon","スカルナイトモン",8,12,false
species,570,"jokermon","ジョーカーモン",7,12,false
species,571,"shonitamon","シャニタモン",6,12,false
species,572,"dorulucannon","シャウトモン＋ドルルキャノン",14,12,true
species,573,"starsword","シャウトモン＋スターソード",13,12,true
species,574,"jetsparrow","シャウトモン＋ジェットスパロウ",15,12,true
species,575,"shoutmonx7","シャウトモンX7",8,12,false
species,576,"shoutmonx5b","シャウトモンX5B",9,12,false
species,577,"shoutmonx5","シャウトモンX5",8,12,false
species,578,"shoutmonx4b","シャウトモンX4B",9,12,false
species,579,"shoutmonx4","シャウトモンX4",8,12,false
species,580,"shoutmonx3","シャウトモンX3",8,12,false
species,581,"shoutmonx2","シャウトモンX2",8,12,false
species,582,"shoutmondx","シャウトモンDX",8,12,false
species,583,"shoutmon","シャウトモン",6,12,false
species,584,"jetmervamon","ジェットメルヴァモン",10,12,false
species,585,"zekegreymon","ジークグレイモン",8,12,false
species,586,"zamielmon","ザミエールモン",7,12,false
species,587,"soundbirdmon","サウンドバードモン",9,12,false
species,588,"cyberdramon-xwars","サイバードラモン",8,12,false
species,589,"kozenimon","コゼニモン",5,12,false
species,590,"greymon","グレイモン（2010アニメ版）",15,12,true
species,591,"gravimon","グラビモン",5,12,false
species,592,"cutemon","キュートモン",6,12,false
species,593,"gumdramon","ガムドラモン",6,12,false
species,594,"ganemon","ガネモン",4,12,false
species,595,"gaossmon","ガオスモン",5,12,false
species,596,"olegmon","オレーグモン",6,12,false
species,597,"omegashoutmon","オメガシャウトモン",9,12,false
species,598,"ekakimon","エカキモン",5,12,false
species,599,"iguneetmon","イグニートモン",7,12,false
species,600,"arresterdramon","アレスタードラモン",9,12,false
species,601,"louwemon","レーベモン",5,12,false
species,602,"ranamon","ラーナモン",5,12,false
species,603,"raihimon","ライヒモン",5,12,false
species,604,"rhinokabuterimon","ライノカブテリモン",9,12,false
species,605,"mercuremon","メルキューレモン",8,12,false
species,606,"magnagarurumon","マグナガルルモン",8,12,false
species,607,"bolgmon","ボルグモン",5,12,false
species,608,"velgrmon","ベルグモン",5,12,false
species,609,"petaldramon","ペタルドラモン",7,12,false
species,610,"beowolfmon","ベオウルフモン",7,12,false
species,611,"flamon","フレイモン",5,12,false
species,612,"blitzmon","ブリッツモン",6,12,false
species,613,"blizzarmon","ブリザーモン",6,12,false
species,614,"fairimon","フェアリモン",6,12,false
species,615,"chackmon","チャックモン",6,12,false
species,616,"duskmon","ダスクモン",5,12,false
species,617,"daipenmon","ダイペンモン",6,12,false
species,618,"sephirothmon","セフィロトモン",7,12,false
species,619,"storabimon","ストラビモン",6,12,false
species,620,"shutumon","シューツモン",6,12,false
species,621,"jetsilphymon","ジェットシルフィーモン",11,12,false
species,622,"grottemon","グロットモン",6,12,false
species,623,"gigasmon","ギガスモン",5,12,false
species,624,"garummon","ガルムモン",5,12,false
species,625,"calamaramon","カルマーラモン",7,12,false
species,626,"kaisergreymon","カイゼルグレイモン",9,12,false
species,627,"kaiserleomon","カイザーレオモン",8,12,false
species,628,"vritramon","ヴリトラモン",6,12,false
species,629,"wolfmon","ヴォルフモン",6,12,false
species,630,"arbormon","アルボルモン",6,12,false
species,631,"aldamon","アルダモン",5,12,false
species,632,"agnimon","アグニモン",5,12,false
species,633,"rinkmon","リンクモン",5,12,false
species,634,"lynxmon","ランクスモン",6,12,false
species,635,"rhinomon","ライノモン",5,12,false
species,636,"lighdramon","ライドラモン",6,12,false
species,637,"yaksamon","ヤシャモン",5,12,false
species,638,"mothmon","モスモン",4,12,false
species,639,"maildramon","メイルドラモン",7,12,false
species,640,"moosemon","ムースモン",5,12,false
species,641,"manbomon","マンボモン",5,12,false
species,642,"mantaraymon","マンタレイモン",7,12,false
species,643,"magnamon","マグナモン",5,12,false
species,644,"ponchomon","ポンチョモン",6,12,false
species,645,"holsmon","ホルスモン",5,12,false
species,646,"boarmon","ボアモン",4,12,false
species,647,"pegasmon","ペガスモン",5,12,false
species,648,"frogmon","フロッグモン",6,12,false
species,649,"prairiemon","プレイリモン",6,12,false
species,650,"fladramon","フレイドラモン",7,12,false
species,651,"flawizarmon","フレイウィザーモン",9,12,false
species,652,"bullmon","ブルモン",4,12,false
species,653,"flybeemon","フライビーモン",7,12,false
species,654,"pteranomon","プテラノモン",6,12,false
species,655,"pucchiemon-green","プッチーモン（緑）",9,12,false
species,656,"pucchiemon","プッチーモン",6,12,false
species,657,"pipismon","ピピスモン",5,12,false
species,658,"bitmon","ビットモン",5,12,false
species,659,"peacockmon","ピーコックモン",7,12,false
species,660,"baromon","バロモン",4,12,false
species,661,"honeybeemon","ハニービーモン",7,12,false
species,662,"butterflamon","バタフラモン",6,12,false
species,663,"harpymon","ハーピモン",5,12,false
species,664,"nohemon","ノヘモン",4,12,false
species,665,"nefertimon","ネフェルティモン",8,12,false
species,666,"togemogumon","トゲモグモン",6,12,false
species,667,"tocanmon","トーカンモン",6,12,false
species,668,"depthmon","デプスモン",5,12,false
species,669,"tylomon","ティロモン",5,12,false
species,670,"digmon","ディグモン",5,12,false
species,671,"sepikmon","セピックモン",6,12,false
species,672,"sethmon","セトモン",4,12,false
species,673,"swanmon","スワンモン",5,12,false
species,674,"stegomon","ステゴモン",5,12,false
species,675,"shurimon","シュリモン",5,12,false
species,676,"shadramon","シェイドラモン",7,12,false
species,677,"seahomon","シーホモン",5,12,false
species,678,"sheepmon","シープモン",5,12,false
species,679,"thunderbirmon","サンダーバーモン",8,12,false
species,680,"salamandamon","サラマンダモン",7,12,false
species,681,"sabmarimon","サブマリモン",6,12,false
species,682,"sagittarimon","サジタリモン",6,12,false
species,683,"searchmon","サーチモン",5,12,false
species,684,"kongoumon","コンゴウモン",6,12,false
species,685,"goldv-dramon","ゴールドブイドラモン",10,12,false
species,686,"goatmon","ゴートモン",5,12,false
species,687,"kenkimon","ケンキモン",5,12,false
species,688,"quetzalmon","クアトルモン",6,12,false
species,689,"kangarumon","カンガルモン",6,12,false
species,690,"chamelemon","カメレモン",5,12,false
species,691,"kabukimon","カブキモン",5,12,false
species,692,"gargomon","ガーゴモン",5,12,false
species,693,"orcamon","オルカモン",5,12,false
species,694,"opossummon","オポッサモン",6,12,false
species,695,"elephamon","エレファモン",6,12,false
species,696,"allomon","アロモン",4,12,false
species,697,"archelomon","アーケロモン",6,12,false
species,698,"owlmon","アウルモン",5,12,false
species,699,"lordknightmon","ロードナイトモン",8,12,false
species,700,"lotusmon","ロトスモン",5,12,false
species,701,"rosemonburstmode","ロゼモン：バーストモード",12,12,false
species,702,"rosemon","ロゼモン",4,12,false
species,703,"ravmonburstmode","レイヴモン：バーストモード",13,12,true
species,704,"ravmon","レイヴモン",5,12,false
species,705,"lucemonlarva","ルーチェモン：ラルバ",10,12,false
species,706,"lucemonsatanmode","ルーチェモン：サタンモード",13,12,true
species,707,"lilithmon","リリスモン",5,12,false
species,708,"leviamon","リヴァイアモン",7,12,false
species,709,"lampmon","ランプモン",5,12,false
species,710,"rusttyranomon","ラストティラノモン",9,12,false
species,711,"rasielmon","ラジエルモン",6,12,false
species,712,"jupitermon","ユピテルモン",6,12,false
species,713,"mercurymon","メルクリモン",6,12,false
species,714,"medievaldukemon","メディーバルデュークモン",12,12,false
species,715,"metalpiranimon","メタルピラニモン",8,12,false
species,716,"metalseadramon","メタルシードラモン",9,12,false
species,717,"metalgarurumon","メタルガルルモン",8,12,false
species,718,"metaletemon","メタルエテモン",7,12,false
species,719,"megidramon","メギドラモン",6,12,false
species,720,"moonmillenniumon","ムーンミレニアモン",9,12,false
species,721,"murmukusmon","ムルムクスモン",7,12,false
species,722,"mugendramon","ムゲンドラモン",7,12,false
species,723,"millenniumon","ミレニアモン",6,12,false
species,724,"miragegaogamon:burstmode","ミラージュガオガモン：バーストモード",18,12,true
species,725,"miragegaogamon","ミラージュガオガモン",10,12,false
species,726,"minervamon","ミネルヴァモン",7,12,false
species,727,"marsmon","マルスモン",5,12,false
species,728,"marinangemon","マリンエンジェモン",9,12,false
species,729,"magnakidmon","マグナキッドモン",8,12,false
species,730,"boltmon","ボルトモン",5,12,false
species,731,"holydramon","ホーリードラモン",8,12,false
species,732,"hououmon","ホウオウモン",6,12,false
species,733,"belphemonragemode","ベルフェモン：レイジモード",13,12,true
species,734,"belphemonsleepmode","ベルフェモン：スリープモード",14,12,true
species,735,"beelzebumonblastmode","ベルゼブモン：ブラストモード",14,12,true
species,736,"beelzebumon","ベルゼブモン",6,12,false
species,737,"beelstarmon","ベルスターモン",7,12,false
species,738,"belialvamdemon","ベリアルヴァンデモン",10,12,false
species,739,"heraklekabuterimon","ヘラクルカブテリモン",10,12,false
species,740,"plesiomon","プレシオモン",6,12,false
species,741,"breakdramon","ブレイクドラモン",8,12,false
species,742,"princemamemon","プリンスマメモン",8,12,false
species,743,"blitzgreymon","ブリッツグレイモン",9,12,false
species,744,"blacksaintgalgomon","ブラックセントガルゴモン",12,12,false
species,745,"blackwargreymon","ブラックウォーグレイモン",12,12,false
species,746,"platinumnumemon","プラチナヌメモン",8,12,false
species,747,"pukumon","プクモン",4,12,false
species,748,"fujinmon","フウジンモン",6,12,false
species,749,"huanglongmon","ファンロンモン",7,12,false
species,750,"pharaohmon","ファラオモン",6,12,false
species,751,"pinochimon","ピノッキモン",6,12,false
species,752,"victorygreymon","ビクトリーグレイモン",10,12,false
species,753,"piemon","ピエモン",4,12,false
species,754,"bancholeomon","バンチョーレオモン",9,12,false
species,755,"banchomamemon","バンチョーマメモン",9,12,false
species,756,"banchostingmon","バンチョースティングモン",12,12,false
species,757,"barbamon","バルバモン",5,12,false
species,758,"parasimon","パラサイモン",6,12,false
species,759,"babamon","ババモン",4,12,false
species,760,"baihumon","バイフーモン",6,12,false
species,761,"hiandromon","ハイアンドロモン",8,12,false
species,762,"neptunemon","ネプトゥーンモン",8,12,false
species,763,"dorugoramon","ドルゴラモン",6,12,false
species,764,"duftmonleopardmode","ドゥフトモン：レオパルドモード",15,12,true
species,765,"duftmon","ドゥフトモン",6,12,false
species,766,"durandamon","デュランダモン",7,12,false
species,767,"dynasmon","デュナスモン",6,12,false
species,768,"dukemoncrimsonmode","デュークモン：クリムゾンモード",15,12,true
species,769,"dukemon","デュークモン",6,12,false
species,770,"devitamamon","デビタマモン",6,12,false
species,771,"deathmon-black","デスモン（黒）",7,12,false
species,772,"deathmon","デスモン",4,12,false
species,773,"death-x-mon","デクスモン",5,12,false
species,774,"demon","デーモン",4,12,false
species,775,"death-x-dorugoramon","デクスドルゴラモン",9,12,false
species,776,"dinorexmon","ディノレクスモン",8,12,false
species,777,"dinotigermon","ディノタイガモン",8,12,false
species,778,"diablomon","ディアボロモン",7,12,false
species,779,"dianamon","ディアナモン",6,12,false
species,780,"qinglongmon","チンロンモン",6,12,false
species,781,"darkdramon","ダークドラモン",7,12,false
species,782,"tyrantkabuterimon","タイラントカブテリモン",11,12,false
species,783,"titamon","タイタモン",5,12,false
species,784,"tigervespamon","タイガーヴェスパモン",10,12,false
species,785,"saintgalgomon","セントガルゴモン",8,12,false
species,786,"seraphimon","セラフィモン",6,12,false
species,787,"slayerdramon","スレイヤードラモン",9,12,false
species,788,"sleipmon","スレイプモン",6,12,false
species,789,"slashangemon","スラッシュエンジェモン",11,12,false
species,790,"spinomon","スピノモン",5,12,false
species,791,"susanoomon","スサノオモン",6,12,false
species,792,"skullmammon","スカルマンモン",7,12,false
species,793,"zhuqiaomon","スーツェーモン",7,12,false
species,794,"suijinmon","スイジンモン",6,12,false
species,795,"zeedmillenniumon","ズィードミレニアモン",10,12,false
species,796,"zdgarurumon","ズィードガルルモン",9,12,false
species,797,"jumbogamemon","ジャンボガメモン",8,12,false
species,798,"justimon","ジャスティモン：アクセルアーム",15,12,true
species,799,"shakamon","シャカモン",5,12,false
species,800,"shinegreymonburstmode","シャイングレイモン：バーストモード",17,12,true
species,801,"shinegreymon","シャイングレイモン",9,12,false
species,802,"jijimon","ジジモン",4,12,false
species,803,"xuanwumon","シェンウーモン",7,12,false
species,804,"jesmon","ジエスモン",5,12,false
species,805,"zanbamon","ザンバモン",5,12,false
species,806,"sakuyamon:mikomode","サクヤモン：巫女モード",11,12,false
species,807,"sakuyamon","サクヤモン",5,12,false
species,808,"saberleomon","サーベルレオモン",8,12,false
species,809,"goddramon","ゴッドドラモン",7,12,false
species,810,"gokumon","ゴクモン",4,12,false
species,811,"cherubimon-vice","ケルビモン（悪）",8,12,false
species,812,"cherubimon","ケルビモン（善）",8,12,false
species,813,"crossmon","クロスモン",5,12,false
species,814,"craniummon","クレニアムモン",7,12,false
species,815,"gracenovamon","グレイスノヴァモン",9,12,false
species,816,"griffomon","グリフォモン",6,12,false
species,817,"grandlocomon","グランドロコモン",8,12,false
species,818,"granddracumon","グランドラクモン",8,12,false
species,819,"grandiskuwagamon","グランディスクワガーモン",12,12,false
species,820,"grankuwagamon","グランクワガーモン",9,12,false
species,821,"clavisangemon","クラヴィスエンジェモン",11,12,false
species,822,"kuzuhamon","クズハモン",5,12,false
species,823,"quartzmon","クオーツモン",6,12,false
species,824,"cresgarurumon","クーレスガルルモン",9,12,false
species,825,"queenchessmon","クイーンチェスモン",9,12,false
species,826,"kingchessmon","キングチェスモン",8,12,false
species,827,"kingetemon","キングエテモン",7,12,false
species,828,"cannondramon","キャノンドラモン",8,12,false
species,829,"gigaseadramon","ギガシードラモン",8,12,false
species,830,"gankoomon","ガンクゥモン",6,12,false
species,831,"gulfmon","ガルフモン",5,12,false
species,832,"chaosmonvaldurarm","カオスモン：ヴァロドゥルアーム",15,12,true
species,833,"chaosmon","カオスモン",5,12,false
species,834,"chaosdramon-x","カオスドラモン（X抗体）",12,12,false
species,835,"chaosdramon","カオスドラモン",7,12,false
species,836,"chaosdukemon","カオスデュークモン",9,12,false
species,837,"gaioumon","ガイオウモン",6,12,false
species,838,"omegamon-alter-s","オメガモン Alter-S",13,12,true
species,839,"omegamon-x","オメガモン（X抗体）",10,12,false
species,840,"omegamon","オメガモン",5,12,false
species,841,"ofanimonfalldownmode","オファニモン：フォールダウンモード",17,12,true
species,842,"ofanimon","オファニモン",6,12,false
species,843,"ornismon","オニスモン",5,12,false
species,844,"ogudomon","オグドモン",5,12,false
species,845,"ouryumon","オウリュウモン",7,12,false
species,846,"ancientwisetmon","エンシェントワイズモン",11,12,false
species,847,"ancientmegatheriumon","エンシェントメガテリウモン",13,12,true
species,848,"ancientmermaimon","エンシェントマーメイモン",12,12,false
species,849,"ancientvolcamon","エンシェントボルケーモン",12,12,false
species,850,"ancientbeatmon","エンシェントビートモン",11,12,false
species,851,"ancienttroiamon","エンシェントトロイアモン",12,12,false
species,852,"ancientsphinkmon","エンシェントスフィンクモン",13,12,true
species,853,"ancientgreymon","エンシェントグレイモン",11,12,false
species,854,"ancientgarurumon","エンシェントガルルモン",11,12,false
species,855,"ancientirismon","エンシェントイリスモン",11,12,false
species,856,"eldoradimon","エルドラディモン",8,12,false
species,857,"examon","エグザモン",5,12,false
species,858,"vulcanusmon","ウルカヌスモン",7,12,false
species,859,"wargreymon","ウォーグレイモン",8,12,false
species,860,"venomvamdemon","ヴェノムヴァンデモン",10,12,false
species,861,"venusmon","ウェヌスモン",6,12,false
species,862,"valdurmon","ヴァロドゥルモン",8,12,false
species,863,"valkyrimon","ヴァルキリモン",7,12,false
species,864,"vikemon","ヴァイクモン",6,12,false
species,865,"ebemon","イーバモン",5,12,false
species,866,"ageisdramon","イージスドラモン",8,12,false
species,867,"imperialdramonfightermode","インペリアルドラモン：ファイターモード",19,12,true
species,868,"imperialdramonpaladinmode","インペリアルドラモン：パラディンモード",19,12,true
species,869,"imperialdramondragonmode","インペリアルドラモン：ドラゴンモード",18,12,true
species,870,"yggdrasill7d6","イグドラシル＿７Ｄ６",10,12,false
species,871,"ulforcevdramon","アルフォースブイドラモン",12,12,false
species,872,"alphamon:ouryuken","アルファモン：王竜剣",10,12,false
species,873,"alphamon","アルファモン",6,12,false
species,874,"ultimatebrakimon","アルティメットブラキモン",12,12,false
species,875,"algomon","アルゴモン",5,12,false
species,876,"apollomon","アポロモン",5,12,false
species,877,"apoclymon","アポカリモン",6,12,false
species,878,"anubimon","アヌビモン",5,12,false
species,879,"armagemon","アーマゲモン",6,12,false
species,880,"avengekidmon","アヴェンジキッドモン",10,12,false
species,881,"warumonzaemon","ワルもんざえモン",8,12,false
species,882,"waruseadramon","ワルシードラモン",8,12,false
species,883,"wisemon","ワイズモン",5,12,false
species,884,"weregarrumon","ワーガルルモン",7,12,false
species,885,"locomon","ロコモン",4,12,false
species,886,"loaderleomon","ローダーレオモン",8,12,false
species,887,"ladydevimon","レディーデビモン",8,12,false
species,888,"luminamon","ルミナモン",5,12,false
species,889,"rucemonfalldownmode","ルーチェモン：フォールダウンモード",17,12,true
species,890,"rookchessmon","ルークチェスモン",8,12,false
species,891,"lilimon","リリモン",4,12,false
species,892,"rapidmon","ラピッドモン",6,12,false
species,893,"lilamon","ライラモン",5,12,false
species,894,"rizegreymon","ライズグレイモン",8,12,false
species,895,"yatagaramon","ヤタガラモン（2006年アニメ版）",17,12,true
species,896,"monzaemon","もんざえモン",6,12,false
species,897,"mephismon","メフィスモン",6,12,false
species,898,"metalmamemon","メタルマメモン",7,12,false
species,899,"metalfantomon","メタルファントモン",9,12,false
species,900,"metaltyranomon","メタルティラノモン",9,12,false
species,901,"metalgreymon-v","メタルグレイモン（ワクチン種）",15,12,true
species,902,"metalgreymon-web","メタルグレイモン（ウィルス種）",15,12,true
species,903,"metallifekuwagamon","メタリフェクワガーモン",11,12,false
species,904,"megalogrowmon","メガログラウモン",8,12,false
species,905,"megadramon","メガドラモン",6,12,false
species,906,"megaseadramon","メガシードラモン",8,12,false
species,907,"meicrackmon","メイクラックモン",8,12,false
species,908,"mihiramon","ミヒラモン",5,12,false
species,909,"mistymon","ミスティモン",6,12,false
species,910,"mammon","マンモン",4,12,false
species,911,"marindevimon","マリンデビモン",7,12,false
species,912,"mametyramon","マメティラモン",7,12,false
species,913,"mamemon","マメモン",4,12,false
species,914,"mummymon","マミーモン",5,12,false
species,915,"machgaogamon","マッハガオガモン",8,12,false
species,916,"matadrmon","マタドゥルモン",7,12,false
species,917,"mastertyranomon","マスターティラノモン",10,12,false
species,918,"majiramon","マジラモン",5,12,false
species,919,"makuramon","マクラモン",5,12,false
species,920,"mermaimon","マーメイモン",6,12,false
species,921,"volcamon","ボルケーモン",6,12,false
species,922,"holyangemon","ホーリーエンジェモン",10,12,false
species,923,"whamon","ホエーモン",5,12,false
species,924,"betsumon","ベツモン",4,12,false
species,925,"vademon2","ベーダモン（X抗体）",10,12,false
species,926,"vademon","ベーダモン",5,12,false
species,927,"blossomon","ブロッサモン",6,12,false
species,928,"flaremon","フレアモン",5,12,false
species,929,"bluemeramon","ブルーメラモン",7,12,false
species,930,"blackmegalogrowmon","ブラックメガログラウモン",12,12,false
species,931,"phelesmon","フェレスモン",6,12,false
species,932,"fantomon","ファントモン",6,12,false
species,933,"hippogriffomon","ヒポグリフォモン",8,12,false
species,934,"picklemon","ピッコロモン",6,12,false
species,935,"bigmamemon","ビッグマメモン",7,12,false
species,936,"bishopchessmon","ビショップチェスモン",10,12,false
species,937,"hisyaryumon","ヒシャリュウモン",8,12,false
species,938,"pumpmon","パンプモン",5,12,false
species,939,"pandamon","パンダモン",5,12,false
species,940,"panjyamon","パンジャモン",6,12,false
species,941,"hangyomon","ハンギョモン",6,12,false
species,942,"parrotmon","パロットモン",6,12,false
species,943,"valvemon","バルブモン",5,12,false
species,944,"bastemon","バステモン",5,12,false
species,945,"pajiramon","パジラモン",5,12,false
species,946,"paildramon","パイルドラモン",7,12,false
species,947,"neodevimon","ネオデビモン",6,12,false
species,948,"nanomon","ナノモン",4,12,false
species,949,"knightmon","ナイトモン",5,12,false
species,950,"doruguremon","ドルグレモン",6,12,false
species,951,"triceramon","トリケラモン",6,12,false
species,952,"tonosamagekomon","トノサマゲコモン",8,12,false
species,953,"doumon","ドウモン",4,12,false
species,954,"delumon","デラモン",4,12,false
species,955,"duramon","デュラモン",5,12,false
species,956,"deathmeramon","デスメラモン",6,12,false
species,957,"digitamamon","デジタマモン",6,12,false
species,958,"death-x-doruguremon","デクスドルグレモン",9,12,false
species,959,"dinobeemon","ディノビーモン",7,12,false
species,960,"chohakkaimon","チョ・ハッカイモン",9,12,false
species,961,"caturamon","チャツラモン",6,12,false
species,962,"tyilinmon","チィリンモン",6,12,false
species,963,"tankdramon","タンクドラモン",7,12,false
species,964,"dagomon","ダゴモン",4,12,false
species,965,"taomon","タオモン",4,12,false
species,966,"darksuperstarmon","ダークスーパースターモン",12,12,false
species,967,"sirenmon","セイレーンモン",7,12,false
species,968,"saviorhuckmon","セイバーハックモン",9,12,false
species,969,"zudomon","ズドモン",4,12,false
species,970,"scorpiomon","スコピオモン",6,12,false
species,971,"skullbaluchimon","スカルバルキモン",8,12,false
species,972,"skullsatamon","スカルサタモン",7,12,false
species,973,"skullgreymon","スカルグレイモン",8,12,false
species,974,"superstarmon","スーパースターモン",9,12,false
species,975,"sinduramon","シンドゥーラモン",8,12,false
species,976,"silphymon","シルフィーモン",7,12,false
species,977,"jyureimon","ジュレイモン",6,12,false
species,978,"shakkoumon","シャッコウモン",7,12,false
species,979,"jyagamon","ジャガモン",5,12,false
species,980,"shawujinmon","シャウジンモン",7,12,false
species,981,"sandiramon","サンティラモン",7,12,false
species,982,"sanzomon","サンゾモン",5,12,false
species,983,"sagomon","サゴモン",4,12,false
species,984,"cyberdramon","サイバードラモン",8,12,false
species,985,"gokuwmon","ゴクウモン",5,12,false
species,986,"cerberumon","ケルベロモン",6,12,false
species,987,"kumbhiramon","クンビラモン",6,12,false
species,988,"crescemon","クレシェモン",6,12,false
species,989,"grademon","グレイドモン",6,12,false
species,990,"grappuleomon","グラップレオモン",8,12,false
species,991,"groundramon","グラウンドラモン",8,12,false
species,992,"giromon","ギロモン",4,12,false
species,993,"captainhookmon","キャプテンフックモン",10,12,false
species,994,"cannonbeemon","キャノンビーモン",8,12,false
species,995,"catchmamemon","キャッチマメモン",8,12,false
species,996,"chimairamon","キメラモン",5,12,false
species,997,"gigadramon","ギガドラモン",6,12,false
species,998,"garudamon","ガルダモン",5,12,false
species,999,"karatenmon","カラテンモン",6,12,false
species,1000,"gerbemon","ガーベモン",5,12,false
species,1001,"orochimon","オロチモン",5,12,false
species,1002,"okuwamon","オオクワモン",6,12,false
species,1003,"angewomon","エンジェウーモン",8,12,false
species,1004,"etemon","エテモン",4,12,false
species,1005,"ex-tyranomon","エクスティラノモン",9,12,false
species,1006,"earov-dramon","エアロブイドラモン",9,12,false
species,1007,"volcdoramon","ヴォルクドラモン",8,12,false
species,1008,"wingdramon","ウイングドラモン",8,12,false
species,1009,"vikaralamon","ヴィカラーラモン",8,12,false
species,1010,"vamdemon","ヴァンデモン",6,12,false
species,1011,"vajramon","ヴァジラモン",6,12,false
species,1012,"infermon","インフェルモン",7,12,false
species,1013,"indaramon","インダラモン",6,12,false
species,1014,"insekimon","インセキモン",6,12,false
species,1015,"andromon","アンドロモン",6,12,false
species,1016,"andiramon","アンティラモン（デーヴァ）",13,12,true
species,1017,"algomon-ultimate","アルゴモン",5,12,false
species,1018,"archnemon","アルケニモン",6,12,false
species,1019,"anomalocarimon-x","アノマロカリモン（X抗体）",13,12,true
species,1020,"anomalocarimon","アノマロカリモン",8,12,false
species,1021,"atlurkabuterimon","アトラーカブテリモン（赤）",13,12,true
species,1022,"atlurkabuterimon-blue","アトラーカブテリモン（青）",13,12,true
species,1023,"astamon","アスタモン",5,12,false
species,1024,"asuramon","アシュラモン",6,12,false
species,1025,"aegiochusmon:blue","アイギオテュースモン：ブルー",14,12,true
species,1026,"aegiochusmon:dark","アイギオテュースモン：ダーク",14,12,true
species,1027,"aegiochusmon:green","アイギオテュースモン：グリーン",15,12,true
species,1028,"aegiochusmon","アイギオテュースモン",10,12,false
species,1029,"waspmon","ワスプモン",5,12,false
species,1030,"reppamon","レッパモン",5,12,false
species,1031,"redvegimon","レッドベジーモン",8,12,false
species,1032,"lekismon","レキスモン",5,12,false
species,1033,"leomon","レオモン",4,12,false
species,1034,"raremon","レアモン",4,12,false
species,1035,"rukamon","ルカモン",4,12,false
species,1036,"revolmon","リボルモン",5,12,false
species,1037,"raptordramon","ラプタードラモン",8,12,false
species,1038,"liamon","ライアモン",5,12,false
species,1039,"youkomon","ヨウコモン",5,12,false
species,1040,"yunimon","ユニモン",4,12,false
species,1041,"yukidarumon","ユキダルモン",6,12,false
species,1042,"monochromon","モノクロモン",6,12,false
species,1043,"mojyamon","モジャモン",5,12,false
species,1044,"meramon","メラモン",4,12,false
species,1045,"mechanorimon","メカノリモン",6,12,false
species,1046,"musyamon","ムシャモン",5,12,false
species,1047,"minotaurmon","ミノタルモン",6,12,false
species,1048,"mikemon","ミケモン",4,12,false
species,1049,"porcupamon","ポキュパモン",6,12,false
species,1050,"peckmon","ペックモン",5,12,false
species,1051,"vegimon","ベジーモン",5,12,false
species,1052,"bladekuwagamon","ブレイドクワガーモン",10,12,false
species,1053,"flarelizamon","フレアリザモン",7,12,false
species,1054,"blimpmon","ブリンプモン",6,12,false
species,1055,"blacktailmon","ブラックテイルモン",9,12,false
species,1056,"blackgrowmon","ブラックグラウモン",9,12,false
species,1057,"platinasukamon","プラチナスカモン",8,12,false
species,1058,"flymon","フライモン",5,12,false
species,1059,"hookmon","フックモン",5,12,false
species,1060,"boogiemon","ブギーモン",5,12,false
species,1061,"fugamon","フーガモン",5,12,false
species,1062,"v-dramon","ブイドラモン",6,12,false
species,1063,"fangmon","ファングモン",6,12,false
species,1064,"firamon","ファイラモン",6,12,false
species,1065,"hyougamon","ヒョーガモン",6,12,false
species,1066,"petermon","ピーターモン",6,12,false
species,1067,"hanumon","ハヌモン",4,12,false
species,1068,"bakemon","バケモン",4,12,false
species,1069,"baohuckmon","バオハックモン",7,12,false
species,1070,"birdramon","バードラモン",6,12,false
species,1071,"numemon","ヌメモン",4,12,false
species,1072,"nisedrimogemon","ニセドリモゲモン",8,12,false
species,1073,"nanimon","ナニモン",4,12,false
species,1074,"knightchessmon","ナイトチェスモン（白）",11,12,false
species,1075,"knightchessmon_black","ナイトチェスモン（黒）",11,12,false
species,1076,"dorugamon","ドルガモン",5,12,false
species,1077,"drimogemon","ドリモゲモン",6,12,false
species,1078,"tobucatmon","トブキャットモン",8,12,false
species,1079,"dogmon","ドッグモン",5,12,false
species,1080,"togemon","トゲモン",4,12,false
species,1081,"dokugumon","ドクグモン",5,12,false
species,1082,"dobermon","ドーベルモン",6,12,false
species,1083,"tortamon","トータモン",5,12,false
species,1084,"turuiemon","トゥルイエモン",7,12,false
species,1085,"deltamon","デルタモン",5,12,false
species,1086,"devimon","デビモン",4,12,false
species,1087,"devidramon","デビドラモン",6,12,false
species,1088,"death-x-dorugamon","デクスドルガモン",8,12,false
species,1089,"tailmon","テイルモン",5,12,false
species,1090,"tyranomon","ティラノモン",6,12,false
species,1091,"diatrymon","ディアトリモン",7,12,false
species,1092,"tuchidarumon","ツチダルモン",6,12,false
species,1093,"tankmon","タンクモン",5,12,false
species,1094,"darcmon","ダルクモン",5,12,false
species,1095,"tuskmon","タスクモン",5,12,false
species,1096,"targetmon","ターゲットモン",7,12,false
species,1097,"darklizamon","ダークリザモン",7,12,false
species,1098,"darktyranomon","ダークティラノモン",9,12,false
species,1099,"sorcerimon","ソーサリモン",6,12,false
species,1100,"soulmon","ソウルモン",5,12,false
species,1101,"saberdramon","セーバードラモン",8,12,false
species,1102,"zubaeagermon","ズバイガーモン",7,12,false
species,1103,"snimon","スナイモン",5,12,false
species,1104,"strikedramon","ストライクドラモン",9,12,false
species,1105,"stingmon","スティングモン",7,12,false
species,1106,"starmon","スターモン",5,12,false
species,1107,"scumon","スカモン",4,12,false
species,1108,"junglemojamon","ジャングルモジャモン",10,12,false
species,1109,"shimaunimon","シマユニモン",6,12,false
species,1110,"sistermonnoir","シスタモン ノワール",10,12,false
species,1111,"geogreymon","ジオグレイモン",7,12,false
species,1112,"shellmon","シェルモン",5,12,false
species,1113,"shademon","シェイドモン",6,12,false
species,1114,"sealsdramon","シールズドラモン",8,12,false
species,1115,"coelamon","シーラモン",5,12,false
species,1116,"seadramon","シードラモン",6,12,false
species,1117,"siesamon","シーサモン",5,12,false
species,1118,"sunflowmon","サンフラウモン",7,12,false
species,1119,"thunderballmon","サンダーボールモン",9,12,false
species,1120,"sangloupmon","サングルゥモン",7,12,false
species,1121,"zassoumon","ザッソーモン",6,12,false
species,1122,"cyclomon","サイクロモン",6,12,false
species,1123,"gorimon","ゴリモン",4,12,false
species,1124,"gokimon","ゴキモン",4,12,false
species,1125,"golemon","ゴーレモン",5,12,false
species,1126,"cockatrimon","コカトリモン",6,12,false
species,1127,"kougamon","コウガモン",5,12,false
species,1128,"coredramon_g","コアドラモン（緑）",9,12,false
species,1129,"coredramon_b","コアドラモン（青）",9,12,false
species,1130,"centalmon","ケンタルモン",6,12,false
species,1131,"geremon","ゲレモン",4,12,false
species,1132,"gesomon","ゲソモン",4,12,false
species,1133,"kuwagamon","クワガーモン",6,12,false
species,1134,"clockmon","クロックモン",6,12,false
species,1135,"greymon-first","グレイモン",5,12,false
species,1136,"gururumon","グルルモン",5,12,false
species,1137,"gryzmon","グリズモン",5,12,false
species,1138,"chrysalimon","クリサリモン",6,12,false
species,1139,"growmon","グラウモン",5,12,false
species,1140,"ginryumon","ギンリュウモン",7,12,false
species,1141,"ginkakumon","ギンカクモン",6,12,false
species,1142,"kinkakumon","キンカクモン",6,12,false
species,1143,"kyubimon","キュウビモン",6,12,false
species,1144,"kiwimon","キウイモン",5,12,false
species,1145,"gawappamon","ガワッパモン",6,12,false
species,1146,"garurumon","ガルルモン",5,12,false
species,1147,"galgomon","ガルゴモン",5,12,false
species,1148,"karatukinumemon","カラツキヌメモン",8,12,false
species,1149,"kabuterimon","カブテリモン",6,12,false
species,1150,"guardromon","ガードロモン",6,12,false
species,1151,"gaogamon","ガオガモン",5,12,false
species,1152,"omekamon","オメカモン",5,12,false
species,1153,"octmon","オクタモン",5,12,false
species,1154,"orgemon","オーガモン",5,12,false
species,1155,"angemon","エンジェモン",6,12,false
species,1156,"ebidramon","エビドラモン",6,12,false
species,1157,"xv-mon","エクスブイモン",7,12,false
species,1158,"airdramon","エアドラモン",6,12,false
species,1159,"woodmon","ウッドモン",5,12,false
species,1160,"wendimon","ウェンディモン",7,12,false
species,1161,"witchmon","ウィッチモン",6,12,false
species,1162,"wizarmon","ウィザーモン",6,12,false
species,1163,"evilmon","イビルモン",5,12,false
species,1164,"ikkakumon","イッカクモン",6,12,false
species,1165,"igamon","イガモン",4,12,false
species,1166,"ankylomon","アンキロモン",6,12,false
species,1167,"aquilamon","アクィラモン",6,12,false
species,1168,"akatorimon","アカトリモン",6,12,false
species,1169,"icemon","アイスモン",5,12,false
species,1170,"aegiomon","アイギオモン",6,12,false
species,1171,"wormmon","ワームモン",5,12,false
species,1172,"lopmon","ロップモン",5,12,false
species,1173,"renamon","レナモン",4,12,false
species,1174,"liollmon","レオルモン",5,12,false
species,1175,"lunamon","ルナモン",4,12,false
species,1176,"lucemon","ルーチェモン",6,12,false
species,1177,"ryudamon","リュウダモン",6,12,false
species,1178,"lalamon","ララモン",4,12,false
species,1179,"labramon","ラブラモン",5,12,false
species,1180,"yukiagumon","ユキアグモン",6,12,false
species,1181,"monodramon","モノドラモン",6,12,false
species,1182,"muchomon","ムーチョモン",6,12,false
species,1183,"mushmon","マッシュモン",6,12,false
species,1184,"bokomon","ボコモン",4,12,false
species,1185,"paunchessmon-white","ポーンチェスモン（白）",11,12,false
species,1186,"paunchessmon","ポーンチェスモン（黒）",11,12,false
species,1187,"hawkmon","ホークモン",5,12,false
species,1188,"penmon","ペンモン",4,12,false
species,1189,"betamon","ベタモン",4,12,false
species,1190,"bearmon","ベアモン",4,12,false
species,1191,"plotmon","プロットモン",6,12,false
species,1192,"floramon","フローラモン",6,12,false
species,1193,"v-mon","ブイモン",4,12,false
species,1194,"funbeemon","ファンビーモン",7,12,false
species,1195,"falcomon","ファルコモン",6,12,false
species,1196,"phascomon","ファスコモン",6,12,false
species,1197,"piyomon","ピヨモン",4,12,false
species,1198,"picodevimon","ピコデビモン",6,12,false
species,1199,"palmon","パルモン",4,12,false
species,1200,"huckmon","ハックモン",5,12,false
species,1201,"patamon","パタモン",4,12,false
species,1202,"hagurumon","ハグルモン",5,12,false
species,1203,"bakumon","バクモン",4,12,false
species,1204,"neamon","ネーモン",4,12,false
species,1205,"niseagumonhakase","ニセアグモン博士",8,12,false
species,1206,"dorumon","ドルモン",4,12,false
species,1207,"dracomon","ドラコモン",5,12,false
species,1208,"dracumon","ドラクモン",5,12,false
species,1209,"toyagumon","トイアグモン",6,12,false
species,1210,"tentomon","テントモン",5,12,false
species,1211,"terriermon","テリアモン",5,12,false
species,1212,"tinkermon","ティンカーモン",7,12,false
species,1213,"tukaimon","ツカイモン",5,12,false
species,1214,"tyumon","チューモン",5,12,false
species,1215,"solarmon","ソーラーモン",6,12,false
species,1216,"zubamon","ズバモン",4,12,false
species,1217,"snowgoburimon","スノーゴブリモン",8,12,false
species,1218,"swimmon","スイムモン",5,12,false
species,1219,"shakomon","シャコモン",5,12,false
species,1220,"shamamon","シャーマモン",6,12,false
species,1221,"sistermonblanc","シスタモン ブラン",9,12,false
species,1222,"psychemon","サイケモン",5,12,false
species,1223,"coronamon","コロナモン",5,12,false
species,1224,"commandramon","コマンドラモン",7,12,false
species,1225,"gomamon","ゴマモン",4,12,false
species,1226,"goburimon","ゴブリモン",5,12,false
species,1227,"kotemon","コテモン",4,12,false
species,1228,"gottsumon","ゴツモン",4,12,false
species,1229,"kokuwamon","コクワモン",5,12,false
species,1230,"kokabuterimon","コカブテリモン",7,12,false
species,1231,"koemon","コエモン",4,12,false
species,1232,"keramon","ケラモン",4,12,false
species,1233,"kunemon","クネモン",4,12,false
species,1234,"kudamon","クダモン",4,12,false
species,1235,"guilmon","ギルモン",4,12,false
species,1236,"candmon","キャンドモン",6,12,false
species,1237,"gizamon","ギザモン",4,12,false
species,1238,"kamemon","カメモン",4,12,false
species,1239,"gabumon","ガブモン",4,12,false
species,1240,"ganimon","ガニモン",4,12,false
species,1241,"gazimon","ガジモン",4,12,false
species,1242,"gaomon","ガオモン",4,12,false
species,1243,"otamamon-red","オタマモン（赤）",8,12,false
species,1244,"otamamon","オタマモン",5,12,false
species,1245,"elecmon-violet","エレキモン（紫）",8,12,false
species,1246,"elecmon","エレキモン",5,12,false
species,1247,"ebiburgamon","エビバーガモン",7,12,false
species,1248,"impmon","インプモン",5,12,false
species,1249,"alraumon","アルラウモン",6,12,false
species,1250,"armadimon","アルマジモン",6,12,false
species,1251,"arkadimon","アルカディモン",7,12,false
species,1252,"agumonhakase","アグモン博士",6,12,false
species,1253,"agumon-black","アグモン（黒）",7,12,false
species,1254,"agumon-2006","アグモン（２００６アニメ版）",14,12,true
species,1255,"agumon","アグモン",4,12,false
species,1256,"wanyamon","ワニャモン",5,12,false
species,1257,"mochimon","モチモン",4,12,false
species,1258,"minomon","ミノモン",4,12,false
species,1259,"missimon","ミサイモン",5,12,false
species,1260,"poromon","ポロモン",4,12,false
species,1261,"pokomon","ポコモン",4,12,false
species,1262,"babydmon","ベビドモン",5,12,false
species,1263,"puroromon","プロロモン",5,12,false
species,1264,"frimon","フリモン",4,12,false
species,1265,"petimeramon","プチメラモン",6,12,false
species,1266,"pukamon","プカモン",4,12,false
species,1267,"pyocomon","ピョコモン",5,12,false
species,1268,"pinamon","ピナモン",4,12,false
species,1269,"budmon","バドモン",4,12,false
species,1270,"pagumon","パグモン",4,12,false
species,1271,"nyaromon","ニャロモン",5,12,false
species,1272,"dorimon","ドリモン",4,12,false
species,1273,"tokomon","トコモン",4,12,false
species,1274,"tsumemon","ツメモン",4,12,false
species,1275,"tunomon","ツノモン",4,12,false
species,1276,"chocomon","チョコモン",5,12,false
species,1277,"chapmon","チャップモン",6,12,false
species,1278,"chibimon","チビモン",4,12,false
species,1279,"tanemon","タネモン",4,12,false
species,1280,"xiaomon","シャオモン",5,12,false
species,1281,"sakuttomon","サクットモン",6,12,false
species,1282,"koromon","コロモン",4,12,false
species,1283,"gummymon","グミモン",4,12,false
species,1284,"kyokyomon","キョキョモン",6,12,false
species,1285,"cupimon","キュピモン",5,12,false
species,1286,"kyaromon","キャロモン",5,12,false
species,1287,"gigimon","ギギモン",4,12,false
species,1288,"capromon","カプリモン",5,12,false
species,1289,"upamon","ウパモン",4,12,false
species,1290,"relemon","レレモン",4,12,false
species,1291,"leafmon","リーフモン",5,12,false
species,1292,"yuramon","ユラモン",4,12,false
species,1293,"yukimibotamon","ユキミボタモン",7,12,false
species,1294,"mokumon","モクモン",4,12,false
species,1295,"poyomon","ポヨモン",4,12,false
species,1296,"bommon","ボムモン",4,12,false
species,1297,"popomon","ポポモン",4,12,false
species,1298,"botamon","ボタモン",4,12,false
species,1299,"puwamon","プワモン",4,12,false
species,1300,"pururumon","プルルモン",5,12,false
species,1301,"pupumon","ププモン",4,12,false
species,1302,"fufumon","フフモン",4,12,false
species,1303,"punimon","プニモン",4,12,false
species,1304,"puttimon","プットモン",5,12,false
species,1305,"petitmon","プチモン",4,12,false
species,1306,"pitchmon","ピチモン",4,12,false
species,1307,"pafumon","パフモン",4,12,false
species,1308,"bubbmon","バブモン",4,12,false
species,1309,"paomon","パオモン",4,12,false
species,1310,"nyokimon","ニョキモン",5,12,false
species,1311,"dodomon","ドドモン",4,12,false
species,1312,"tsubumon","ツブモン",4,12,false
species,1313,"choromon","チョロモン",5,12,false
species,1314,"chicomon","チコモン",4,12,false
species,1315,"zerimon","ゼリモン",4,12,false
species,1316,"zurumon","ズルモン",4,12,false
species,1317,"jyarimon","ジャリモン",5,12,false
species,1318,"sakumon","サクモン",4,12,false
species,1319,"cocomon","ココモン",4,12,false
species,1320,"kuramon","クラモン",4,12,false
species,1321,"appmon_001","ガッチモン",5,12,false
species,1322,"appmon_002","コールモン",5,12,false
species,1323,"appmon_003","メールモン",5,12,false
species,1324,"appmon_004","ツブモン",4,12,false
species,1325,"appmon_005","ゲンゴーモン",6,12,false
species,1326,"appmon_006","アドモン",4,12,false
species,1327,"appmon_007","レビューモン",6,12,false
species,1328,"appmon_008","セットモン",5,12,false
species,1329,"appmon_009","メッセモン",5,12,false
species,1330,"appmon_010","コソモン",4,12,false
species,1331,"appmon_011","ロケットモン",6,12,false
species,1332,"appmon_012","ナビモン",4,12,false
species,1333,"appmon_013","ジェットモン",6,12,false
species,1334,"appmon_014","レッシャモン",6,12,false
species,1335,"appmon_015","ウェザーモン",6,12,false
species,1336,"appmon_016","コンパスモン",6,12,false
species,1337,"appmon_017","ヤドモン",4,12,false
species,1338,"appmon_018","ニュースモン",6,12,false
species,1339,"appmon_019","チュートモン",6,12,false
species,1340,"appmon_020","エムシーモン",6,12,false
species,1341,"appmon_021","キャメラモン",6,12,false
species,1342,"appmon_022","レコモン",4,12,false
species,1343,"appmon_023","カリキュモン",6,12,false
species,1344,"appmon_024","ゴミモン",4,12,false
species,1345,"appmon_025","ミラーモン",5,12,false
species,1346,"appmon_026","ライトモン",5,12,false
species,1347,"appmon_027","ウォッチモン",6,12,false
species,1348,"appmon_028","ダイアリモン",6,12,false
species,1349,"appmon_029","カレンダモン",6,12,false
species,1350,"appmon_030","オンパモン",5,12,false
species,1351,"appmon_031","ジャミングモン",7,12,false
species,1352,"appmon_032","プロテクモン",6,12,false
species,1353,"appmon_033","ハックモン",5,12,false
species,1354,"appmon_034","バッテリモン",6,12,false
species,1355,"appmon_035","ペコモン",4,12,false
species,1356,"appmon_036","ポコモン",4,12,false
species,1357,"appmon_037","コピペモン",5,12,false
species,1358,"appmon_038","セーブモン",5,12,false
species,1359,"appmon_039","カベモン",4,12,false
species,1360,"appmon_040","エコモン",4,12,false
species,1361,"appmon_041","ピーポモン",5,12,false
species,1362,"appmon_042","デンパモン",5,12,false
species,1363,"appmon_043","オンモン",4,12,false
species,1364,"appmon_044","オフモン",4,12,false
species,1365,"appmon_045","ドカモン",4,12,false
species,1366,"appmon_046","ショットモン",6,12,false
species,1367,"appmon_047","カードモン",5,12,false
species,1368,"appmon_048","ロープレモン",6,12,false
species,1369,"appmon_049","パズルモン",5,12,false
species,1370,"appmon_050","ダンスモン",5,12,false
species,1371,"appmon_051","レースモン",5,12,false
species,1372,"appmon_052","ドローモン",5,12,false
species,1373,"appmon_053","テラーモン",5,12,false
species,1374,"appmon_054","ミュージモン",6,12,false
species,1375,"appmon_055","ペロリモン",5,12,false
species,1376,"appmon_056","ドーガモン",5,12,false
species,1377,"appmon_057","ドレスモン",5,12,false
species,1378,"appmon_058","ブックモン",5,12,false
species,1379,"appmon_059","ガシャモン",5,12,false
species,1380,"appmon_060","ラックモン",5,12,false
species,1381,"appmon_061","トリックモン",6,12,false
species,1382,"appmon_062","ダイスモン",5,12,false
species,1383,"appmon_063","クックモン",5,12,false
species,1384,"appmon_064","バイラモン",5,12,false
species,1385,"appmon_065","スリープモン",6,12,false
species,1386,"appmon_066","マッスルモン",6,12,false
species,1387,"appmon_067","エイドモン",5,12,false
species,1388,"appmon_068","マネーモン",5,12,false
species,1389,"appmon_069","スパモン",4,12,false
species,1390,"appmon_070","サプリモン",5,12,false
species,1391,"appmon_071","ドープモン",5,12,false
species,1392,"appmon_072","オクショモン",6,12,false
species,1393,"appmon_073","カケイモン",5,12,false
species,1394,"appmon_074","カイモン",4,12,false
species,1395,"appmon_075","ジショモン",5,12,false
species,1396,"appmon_076","ロギモン",4,12,false
species,1397,"appmon_077","ロガモン",4,12,false
species,1398,"appmon_078","ドガッチモン",6,12,false
species,1399,"appmon_079","ソーシャモン",6,12,false
species,1400,"appmon_080","ゴシップモン",6,12,false
species,1401,"appmon_081","スカシモン",5,12,false
species,1402,"appmon_082","トリップモン",6,12,false
species,1403,"appmon_083","ウェザドラモン",7,12,false
species,1404,"appmon_084","タイムモン",5,12,false
species,1405,"appmon_085","ロアモン",4,12,false
species,1406,"appmon_086","スコープモン",6,12,false
species,1407,"appmon_087","クラフトモン",6,12,false
species,1408,"appmon_088","レイドラモン",6,12,false
species,1409,"appmon_089","デジップモン",6,12,false
species,1410,"appmon_090","ミエーヌモン",6,12,false
species,1411,"appmon_091","ワープモン",5,12,false
species,1412,"appmon_092","サクシモン",5,12,false
species,1413,"appmon_093","ドスコモン",5,12,false
species,1414,"appmon_094","ブレモン",4,12,false
species,1415,"appmon_095","コーチモン",5,12,false
species,1416,"appmon_096","ウラテクモン",6,12,false
species,1417,"appmon_097","エフェクモン",6,12,false
species,1418,"appmon_098","タロットモン",6,12,false
species,1419,"appmon_099","コーデモン",5,12,false
species,1420,"appmon_100","メディアモン",6,12,false
species,1421,"appmon_101","ベガスモン",5,12,false
species,1422,"appmon_102","ドリーモン",5,12,false
species,1423,"appmon_103","メディックモン",7,12,false
species,1424,"appmon_104","ドクモン",4,12,false
species,1425,"appmon_105","コンサルモン",6,12,false
species,1426,"appmon_106","ライブラモン",6,12,false
species,1427,"appmon_107","グローブモン",6,12,false
species,1428,"appmon_108","カリスモン",5,12,false
species,1429,"appmon_109","ダメダモン",5,12,false
species,1430,"appmon_110","サテラモン",5,12,false
species,1431,"appmon_111","コメットモン",6,12,false
species,1432,"appmon_112","ブートモン",5,12,false
species,1433,"appmon_113","シャットモン",6,12,false
species,1434,"appmon_114","フェイクモン",6,12,false
species,1435,"appmon_115","リバイブモン",6,12,false
species,1436,"appmon_116","ワルダモン",5,12,false
species,1437,"appmon_117","オウジャモン",6,12,false
species,1438,"appmon_118","エンタモン",5,12,false
species,1439,"appmon_119","バイオモン",5,12,false
species,1440,"appmon_120","ビューティモン",7,12,false
species,1441,"appmon_121","リブートモン",6,12,false
species,1442,"appmon_122","ガイアモン",5,12,false
species,1443,"appmon_123","ハデスモン",5,12,false
species,1444,"appmon_124","ポセイドモン",6,12,false
species,1445,"appmon_125","ウラノスモン",6,12,false
species,1446,"appmon_126","デウスモン",5,12,false
species,1447,"appmon_127","タップモン(ソーシャル)",12,12,false
species,1448,"appmon_128","タップモン(ナビ)",9,12,false
species,1449,"appmon_129","タップモン(ツール)",10,12,false
species,1450,"appmon_130","タップモン(システム)",11,12,false
species,1451,"appmon_131","タップモン(ゲーム)",10,12,false
species,1452,"appmon_132","タップモン(エンタメ)",11,12,false
species,1453,"appmon_133","タップモン(ライフ)",10,12,false
species,1454,"appmon_134","フリックモン(ソーシャル)",13,12,true
species,1455,"appmon_135","フリックモン(ナビ)",10,12,false
species,1456,"appmon_136","フリックモン(ツール)",11,12,false
species,1457,"appmon_137","フリックモン(システム)",12,12,false
species,1458,"appmon_138","フリックモン(ゲーム)",11,12,false
species,1459,"appmon_139","フリックモン(エンタメ)",12,12,false
species,1460,"appmon_140","フリックモン(ライフ)",11,12,false
species,1461,"appmon_141","スワイプモン(ソーシャル)",13,12,true
species,1462,"appmon_142","スワイプモン(ナビ)",10,12,false
species,1463,"appmon_143","スワイプモン(ツール)",11,12,false
species,1464,"appmon_144","スワイプモン(システム)",12,12,false
species,1465,"appmon_145","スワイプモン(ゲーム)",11,12,false
species,1466,"appmon_146","スワイプモン(エンタメ)",12,12,false
species,1467,"appmon_147","スワイプモン(ライフ)",11,12,false
species,1468,"appmon_148","ダンテモン",5,12,false
technique,1,,"ランページバレット",9,16,false
technique,2,,"アネスシージアゲイズ",10,16,false
technique,3,,"ドゥームバスター",8,16,false
technique,4,,"ディキャピテイトクロウ",11,16,false
technique,5,,"ソウルパラヴライザー",10,16,false
technique,6,,"レストリクトアイ",8,16,false
technique,7,,"羽々斬（はばきり）",9,16,false
technique,8,,"麁正（あらまさ）",8,16,false
technique,9,,"ペネトレイトブロウ",9,16,false
technique,10,,"マーダライズラッシュ",10,16,false
technique,11,,"ベアダウンスピニングキック",13,16,false
technique,12,,"氷骸礫(ひょうがいれき)",12,16,false
technique,13,,"轟蹄崩(ごうていほう)",11,16,false
technique,14,,"凍烈檮牙(とうれつとうが)",13,16,false
technique,15,,"トライアンギュレーションスキャン",16,16,false
technique,16,,"デスペアブラスト",8,16,false
technique,17,,"エリミネイトレイン",9,16,false
technique,18,,"サイレントスクリーム",10,16,false
technique,19,,"アナイアレイトエッジ",10,16,false
technique,20,,"モナークオーディナンス",11,16,false
technique,21,,"ファイナルジャッジメント",12,16,false
technique,22,,"アロー・オブ・ウィスパード",13,16,false
technique,23,,"サン・オブ・ソローズ",10,16,false
technique,24,,"ウォジェット",6,16,false
technique,25,,"ライドライト",6,16,false
technique,26,,"ソード・オブ・メテオ",10,16,false
technique,27,,"インフィニティソードレイン",13,16,false
technique,28,,"マルクトクリスタル",9,16,false
technique,29,,"レインボーハンド",8,16,false
technique,30,,"ソードマスカレード",9,16,false
technique,31,,"スペースチャクラム",9,16,false
technique,32,,"ヘリオスラッシャー",9,16,false
technique,33,,"コズモビクトリー",8,16,false
technique,34,,"フローズンガスト",8,16,false
technique,35,,"ブレイジングガスト",9,16,false
technique,36,,"レーヴァテイン",7,16,false
technique,37,,"ブレイズファイアー",9,16,false
technique,38,,"クロスレッド＆ブルー",10,16,false
technique,39,,"ビクトリーブレイブ",9,16,false
technique,40,,"アシッドタイフーン",9,16,false
technique,41,,"ビリオンスタブ",7,16,false
technique,42,,"ワイルドバーニング",9,16,false
technique,43,,"ブリリアンスダガー",9,16,false
technique,44,,"ブレス・オブ・ペルーン",11,16,false
technique,45,,"トマホークストライク",10,16,false
technique,46,,"トライカーヴレイン",9,16,false
technique,47,,"トリニティライトニング",11,16,false
technique,48,,"魔縁斬蹴撃（まえんざんしゅうげき）",17,16,true
technique,49,,"尊天大烈風（そんてんだいれっぷう）",17,16,true
technique,50,,"厳之御魂（いづのみたま）",12,16,false
technique,51,,"六合照徹閃（りくごうしょうてつせん）",18,16,true
technique,52,,"浄玻璃鏡(じょうはりのかがみ)",15,16,false
technique,53,,"閻羅王降誕（えんらおうごうたん）",16,16,false
technique,54,,"火眼金睛（かがんきんせい）",13,16,false
technique,55,,"八戒炎天撃（はっかいえんてんげき）",17,16,true
technique,56,,"悟浄水天葬（ごじょうすいてんそう）",17,16,true
technique,57,,"超大聖雷天砲（ちょうたいせいらいてんほう）",21,16,true
technique,58,,"エスカトン",5,16,false
technique,59,,"プロフェットオブエリヤ",11,16,false
technique,60,,"ジェイルマオン",7,16,false
technique,61,,"ブルータルヘイロウ",9,16,false
technique,62,,"光爪神楽（こうそうかぐら）",13,16,false
technique,63,,"魔祓灼光（まふつのしゃっこう）",15,16,false
technique,64,,"猛進火達磨（もうしんひだるま）",15,16,false
technique,65,,"断災達磨落とし（だんさいだるまおとし）",19,16,true
technique,66,,"クリスタルキャノン",9,16,false
technique,67,,"ハンマーストライク",9,16,false
technique,68,,"ノーホープフォール",9,16,false
technique,69,,"クリスタルレイン",8,16,false
technique,70,,"フィンガーボム",7,16,false
technique,71,,"ホーリーフレア",7,16,false
technique,72,,"クロノデヴォリューション",12,16,false
technique,73,,"クロノスクロップ",8,16,false
technique,74,,"日輪の舞",4,16,false
technique,75,,"暁光一閃",4,16,false
technique,76,,"ツバメ二枚返し",7,16,false
technique,77,,"秘剣・飛鳥落とし",8,16,false
technique,78,,"唐竹割り",4,16,false
technique,79,,"秘剣ピヨピヨ斬り",8,16,false
technique,80,,"ピヨピヨ",4,16,false
technique,81,,"ハザードホールド",8,16,false
technique,82,,"ヘルズスライス",7,16,false
technique,83,,"マリオネットアボミネーション",14,16,false
technique,84,,"小判振舞い",5,16,false
technique,85,,"招敵来来拳（しょうてきらいらいけん）",18,16,true
technique,86,,"劈龍爪（へきりゅうそう）",12,16,false
technique,87,,"焔明珠（えんめいしゅ）",11,16,false
technique,88,,"豪狛毬（ごうはくきゅう）",12,16,false
technique,89,,"石土之体（いしづちのてい）",13,16,false
technique,90,,"編笠スピン斬り",7,16,false
technique,91,,"粘溶液（ねんようえき）",11,16,false
technique,92,,"猛冲角（もうちゅうかく）",12,16,false
technique,93,,"岩衝弾（がんしょうだん）",12,16,false
technique,94,,"泿水弾（ぎんすいだん）",11,16,false
technique,95,,"蛟牙（こうが）",7,16,false
technique,96,,"猿攻回転弾（えんこうかいてんだん）",17,16,true
technique,97,,"金絲吼（きんしこう）",10,16,false
technique,98,,"ニュートロンレイザー",10,16,false
technique,99,,"ニュートロンデフューザー",12,16,false
technique,100,,"ニュートロンブレイド",10,16,false
technique,101,,"デスロールプレス",8,16,false
technique,102,,"燐火（りんか）",7,16,false
technique,103,,"ヒノタマ",4,16,false
technique,104,,"黏雲（ねんうん）",8,16,false
technique,105,,"呼雲（こうん）",7,16,false
technique,106,,"アブソーベント・バン",10,16,false
technique,107,,"エンドレストランス",9,16,false
technique,108,,"プロビデンススキャン",10,16,false
technique,109,,"シャドウアーツ",7,16,false
technique,110,,"ジャイアントラング",9,16,false
technique,111,,"メズマバースト",7,16,false
technique,112,,"クリムゾンクレスト",9,16,false
technique,113,,"ドレッドノートスタンピード",13,16,false
technique,114,,"九淵貪角(きゅうえんどんかく)",15,16,false
technique,115,,"穢吐餓(えとが)",8,16,false
technique,116,,"饕飢爆（とうきばく）",10,16,false
technique,117,,"ルースレスチャージ",9,16,false
technique,118,,"ディスレンジホーン",9,16,false
technique,119,,"ヴェインアンサー",8,16,false
technique,120,,"アイアンヘイロウ",8,16,false
technique,121,,"アイズオブエノク",8,16,false
technique,122,,"メタトロニオス",7,16,false
technique,123,,"闘魂爪（とうこんそう）",11,16,false
technique,124,,"爆霧（ばくぎり）",8,16,false
technique,125,,"GGS（ジージーエス）",11,16,false
technique,126,,"千塵鬼神斬（せんじんきしんざん）",16,16,false
technique,127,,"ルースレスファング",9,16,false
technique,128,,"ルースレスクロー",8,16,false
technique,129,,"ラースロア",5,16,false
technique,130,,"ツェッペリンサーカス",10,16,false
technique,131,,"デアデビルブレイク",9,16,false
technique,132,,"カーズバイト",6,16,false
technique,133,,"リリースハウリング",9,16,false
technique,134,,"豪ノ斬・叢時雨（ごうのざん・むらしぐれ）",20,16,true
technique,135,,"柔ノ斬・月時雨（じゅうのざん・つきしぐれ）",21,16,true
technique,136,,"終ノ斬・哭雨（ついのざん・こくう）",17,16,true
technique,137,,"ラピッドバースト",8,16,false
technique,138,,"スキャッターロケット",10,16,false
technique,139,,"バージャースラッシュ",10,16,false
technique,140,,"トムボーイブレイズ",9,16,false
technique,141,,"パラライズエコー",8,16,false
technique,142,,"アナライズエコー",8,16,false
technique,143,,"キュリアスアイズ",8,16,false
technique,144,,"コンデンスドエコー",9,16,false
technique,145,,"プリショット",6,16,false
technique,146,,"スタブクロー",6,16,false
technique,147,,"テイルスラップ",7,16,false
technique,148,,"ベルシラックエッジ",9,16,false
technique,149,,"スリーピーホロウ",8,16,false
technique,150,,"スマッシュビート",8,16,false
technique,151,,"ブレイクスロー",7,16,false
technique,152,,"スイングタックル",8,16,false
technique,153,,"ビートリック",6,16,false
technique,154,,"粘着性の泡",5,16,false
technique,155,,"ストーンレールガン",9,16,false
technique,156,,"エレクトリックコンプレッション",15,16,false
technique,157,,"マグネティックテンペスト",12,16,false
technique,158,,"ブルータルエアロバティック",13,16,false
technique,159,,"フォルゴーレ",6,16,false
technique,160,,"ブルータルホイール",9,16,false
technique,161,,"クラッシュギアスピン",10,16,false
technique,162,,"グラビトンネコキック",10,16,false
technique,163,,"カラバスペシャル",8,16,false
technique,164,,"秘剣キャット・ザ・ナインライブス",16,16,false
technique,165,,"斬空(ざんくう)",8,16,false
technique,166,,"刃羽颪(じんばおろし)",11,16,false
technique,167,,"窮牙嵐断襲(きゅうがらんだんしゅう)",18,16,true
technique,168,,"絡縛藻紐（らくばくそうちゅう）",15,16,false
technique,169,,"波濤深槍（はとうしんそう）",13,16,false
technique,170,,"浄流海癒（じょうりゅうかいゆ）",15,16,false
technique,171,,"サンダージャベリン",9,16,false
technique,172,,"デッドロール",6,16,false
technique,173,,"一斉砲撃",4,16,false
technique,174,,"プルトダモン",6,16,false
technique,175,,"ファングチャージ",8,16,false
technique,176,,"武獲物語（たけとりものがたり）",15,16,false
technique,177,,"月夜之迎（つきよのむかえ）",13,16,false
technique,178,,"骸繰艶舞・鉢かづき",9,16,false
technique,179,,"初瀬のおもてなし",8,16,false
technique,180,,"ダンマクエンジュ",8,16,false
technique,181,,"キデコノイスクミ",8,16,false
technique,182,,"ハニワフラッシュ",8,16,false
technique,183,,"コフンタックル",7,16,false
technique,184,,"アイアンインヘイラー",10,16,false
technique,185,,"トライエアボッツ",8,16,false
technique,186,,"アイアンギャロップ",9,16,false
technique,187,,"ロデオミサイル",7,16,false
technique,188,,"ツインバブル",6,16,false
technique,189,,"斬砍双刃撃",5,16,false
technique,190,,"封神六蓮華",5,16,false
technique,191,,"浪濤扇（ろうとうせん）",11,16,false
technique,192,,"鹹海炸滄陣（かんかいさくそうじん）",17,16,true
technique,193,,"蒼纏龍神牙（そうてんりゅうじんが）",17,16,true
technique,194,,"バイティングブート",9,16,false
technique,195,,"アイズオブゴルゴーン",10,16,false
technique,196,,"レイジングサーペンタイン",12,16,false
technique,197,,"ヴェノブレラ",6,16,false
technique,198,,"スプラッシュトキシン",10,16,false
technique,199,,"ソウルストライカー",9,16,false
technique,200,,"アパリションレギオン",10,16,false
technique,201,,"墜月衝（ついげつしょう）",12,16,false
technique,202,,"蛾眉截波（がびせっぱ）",11,16,false
technique,203,,"太陰皓光（たいいんこうこう）",14,16,false
technique,204,,"ゾフルカーブース",8,16,false
technique,205,,"アペシュイカーブ",8,16,false
technique,206,,"ラアナハムシーン",8,16,false
technique,207,,"トリコンビットデモリッシャー",14,16,false
technique,208,,"ドリルエミッション",9,16,false
technique,209,,"グラウンドスパイク",9,16,false
technique,210,,"デザートアビス",7,16,false
technique,211,,"インビジブルカッター",10,16,false
technique,212,,"スーパーロケットフィスト",12,16,false
technique,213,,"アルティメットブレーザー",12,16,false
technique,214,,"ウェイストアブダクション",12,16,false
technique,215,,"アナイデントファイド・エアリアル・フェノメノン",23,16,true
technique,216,,"ルミナスヒート",7,16,false
technique,217,,"セイリングスピン",8,16,false
technique,218,,"儀来四海招（にらいしかいしょう）",16,16,false
technique,219,,"海神之祓（わだつみのはらえ）",14,16,false
technique,220,,"ケルティックバインド",10,16,false
technique,221,,"スキャッターゴームグラス",12,16,false
technique,222,,"ハイドロデモリッシャー",11,16,false
technique,223,,"トキシックスプレッド",10,16,false
technique,224,,"フリルドカッター",8,16,false
technique,225,,"ヘリコプテイル",7,16,false
technique,226,,"乾坤圏",3,16,false
technique,227,,"爆迅炎戟破",5,16,false
technique,228,,"バーニングエンド",8,16,false
technique,229,,"ダイナブレス",6,16,false
technique,230,,"スノースワッター",8,16,false
technique,231,,"スノーマンズダンス",9,16,false
technique,232,,"レイジングアバランチ",10,16,false
technique,233,,"コークスクリューキック",11,16,false
technique,234,,"ウィンターガナリー",9,16,false
technique,235,,"万象逸貫",4,16,false
technique,236,,"天眼顕聖",4,16,false
technique,237,,"アクセルスティンガー",10,16,false
technique,238,,"ホーネットイレイザー",10,16,false
technique,239,,"マッハスティンガー",9,16,false
technique,240,,"ビーファランクス",8,16,false
technique,241,,"トルクスティンガー",9,16,false
technique,242,,"バンブルウェルダー",9,16,false
technique,243,,"ブラックサバス",7,16,false
technique,244,,"ブルーマーダーフレイム",11,16,false
technique,245,,"メタリカエッジ",7,16,false
technique,246,,"ディープパープルブラスター",13,16,false
technique,247,,"ブリッツクリーグバップ",11,16,false
technique,248,,"アナーキストフレイム",10,16,false
technique,249,,"龍閃乱撃",4,16,false
technique,250,,"毘沙門八極殲陣",7,16,false
technique,251,,"鷹尖円舞",4,16,false
technique,252,,"招来・哮天犬",6,16,false
technique,253,,"マリッジストライク",9,16,false
technique,254,,"ノーブルファミリアーツ",11,16,false
technique,255,,"プリズムデイトブレイク",11,16,false
technique,256,,"アップルフォーユー",9,16,false
technique,257,,"クリムゾンリッパー",9,16,false
technique,258,,"マーシーバスケット",9,16,false
technique,259,,"ゲイルブレイバー",8,16,false
technique,260,,"アネモイエンブレイス",10,16,false
technique,261,,"ディバインテンペスト",10,16,false
technique,262,,"ドラゴニックストーム",10,16,false
technique,263,,"ウィングトルネード",9,16,false
technique,264,,"バーディーヘッド",8,16,false
technique,265,,"泡",1,16,false
technique,266,,"ディープフォレスト",9,16,false
technique,267,,"ロデオバレット",7,16,false
technique,268,,"ネトティリズトリ",8,16,false
technique,269,,"ナウイキアウィトル",9,16,false
technique,270,,"ローリングストンパー",10,16,false
technique,271,,"ドングリボム",6,16,false
technique,272,,"ワンダーストンプ",8,16,false
technique,273,,"プチニードル",6,16,false
technique,274,,"ハリケーンスライサー",10,16,false
technique,275,,"トルネードスロワー",9,16,false
technique,276,,"ウィンドスライサー",9,16,false
technique,277,,"ランブルクロー",7,16,false
technique,278,,"天星斬",3,16,false
technique,279,,"鉄天摧砕",4,16,false
technique,280,,"終極戦刃建御雷神（シュウキョクセンジンタケミカヅチ）",26,16,true
technique,281,,"絶極舞刀建御雷神（ゼツゴクブトウタケミカヅチ）",23,16,true
technique,282,,"ヴァイオレントパニッシャー",13,16,false
technique,283,,"ワールプールスピン",9,16,false
technique,284,,"ライアードリーム",8,16,false
technique,285,,"凶旋壊（きょうせんかい）",12,16,false
technique,286,,"咒煉衝刻（じゅれんしょうこく）",15,16,false
technique,287,,"渾沌亜空虚（こんとんあくうきょ）",16,16,false
technique,288,,"斧乗炎怒（ふじょうえんど）",13,16,false
technique,289,,"盾射轟哀（じゅんせきごうあい）",15,16,false
technique,290,,"雷鬧（らいどう)",8,16,false
technique,291,,"鉄壁相（てっぺきのそう）",12,16,false
technique,292,,"献身相（けんしんのそう）",12,16,false
technique,293,,"九種九面撃（きゅうしゅきゅうめんげき）",19,16,true
technique,294,,"ファイナルエクスキャリバー",13,16,false
technique,295,,"ゼロヘブンズ",6,16,false
technique,296,,"ディヴォーションフィールド",13,16,false
technique,297,,"セイントレギオン",8,16,false
technique,298,,"ヘブンズフレイム",8,16,false
technique,299,,"ブレイブオーラ",7,16,false
technique,300,,"ピコナックル",6,16,false
technique,301,,"クラウドバリア",7,16,false
technique,302,,"無極",2,16,false
technique,303,,"晦冥葬",3,16,false
technique,304,,"ムーンライトバブル",9,16,false
technique,305,,"サンライトバブル",8,16,false
technique,306,,"ジェノサイドレイン",9,16,false
technique,307,,"エクサデストロイヤー",10,16,false
technique,308,,"DCDグレネード",8,16,false
technique,309,,"デストロイチャージ",9,16,false
technique,310,,"ラグナロクハウリング",10,16,false
technique,311,,"ヨトゥンヘイムゲイル",10,16,false
technique,312,,"フローズヴィトニル",9,16,false
technique,313,,"ハウリングバースト",9,16,false
technique,314,,"インフェルノクロー",9,16,false
technique,315,,"ハティエンブレイス",9,16,false
technique,316,,"プロミネンスレーザー",10,16,false
technique,317,,"イラプションハウリング",11,16,false
technique,318,,"スコルレイジ",6,16,false
technique,319,,"サプレッションストライク",12,16,false
technique,320,,"スローターブレード",9,16,false
technique,321,,"ハウリングバーナー",9,16,false
technique,322,,"フレイムブロウ",7,16,false
technique,323,,"パピースパーク",7,16,false
technique,324,,"パピーノイズ",6,16,false
technique,325,,"アンリミテッドジャーニー",12,16,false
technique,326,,"ヘイジータイム",7,16,false
technique,327,,"ハウリングファイア",9,16,false
technique,328,,"スパイラルバイト",8,16,false
technique,329,,"エクスティンクションクラウド",14,16,false
technique,330,,"ライトオブリクリエイション",13,16,false
technique,331,,"ブラックデス",6,16,false
technique,332,,"ブラックコンフェッション",12,16,false
technique,333,,"ギガーススパイラル",9,16,false
technique,334,,"ヘルインシネレート",9,16,false
technique,335,,"デスデストロイヤー",9,16,false
technique,336,,"伍連断霊斬（ごれんだんれいざん）",16,16,false
technique,337,,"伍重螺旋断（ごじゅうらせんだち）",16,16,false
technique,338,,"獄門縛（ごくもんしばり）",12,16,false
technique,339,,"コンボブラスト",7,16,false
technique,340,,"リミットエクスプロージョン",13,16,false
technique,341,,"トゥルーアイズ",7,16,false
technique,342,,"コアシュート",6,16,false
technique,343,,"燕（つばくろ）",7,16,false
technique,344,,"舎利弗（しゃりほつ）",10,16,false
technique,345,,"黄泉戻（よみもどし）",10,16,false
technique,346,,"バッカルラッシュ",8,16,false
technique,347,,"オーシャンヘル",7,16,false
technique,348,,"アクアグラインダー",9,16,false
technique,349,,"カリプバイト",6,16,false
technique,350,,"ゲニアス",4,16,false
technique,351,,"デッドエンドスパイク",10,16,false
technique,352,,"グラントレース",7,16,false
technique,353,,"ラグナロク・キャノン",10,16,false
technique,354,,"ギムレットガン",7,16,false
technique,355,,"スペイザー",5,16,false
technique,356,,"シャトルシザーズ",8,16,false
technique,357,,"サテライトバスター",9,16,false
technique,358,,"フュージョナイズ",8,16,false
technique,359,,"3連装砲",4,16,false
technique,360,,"ジャガーノートブラスト",11,16,false
technique,361,,"ロングレンジバスターキャノン",14,16,false
technique,362,,"ルインレーザー",7,16,false
technique,363,,"トゥースピア",6,16,false
technique,364,,"メッサークロー",7,16,false
technique,365,,"トゥーリブラスト",8,16,false
technique,366,,"ザイカミウチ",6,16,false
technique,367,,"アブソマーク",6,16,false
technique,368,,"クリスタルフリーザー",10,16,false
technique,369,,"アクアザンバー",7,16,false
technique,370,,"ライバーンブレイク",9,16,false
technique,371,,"アンブレディフェンダー",11,16,false
technique,372,,"トラスゲイン",6,16,false
technique,373,,"ボルジャーグ",6,16,false
technique,374,,"バックストラッシュ",9,16,false
technique,375,,"フォトンブラスター",9,16,false
technique,376,,"コスモブレード",7,16,false
technique,377,,"ブレイクエーサー",8,16,false
technique,378,,"プラネイトナックル",9,16,false
technique,379,,"コロナブレイズソード",10,16,false
technique,380,,"ファイナルシャイニングバースト",15,16,false
technique,381,,"トリッドヴァイス",8,16,false
technique,382,,"スイーポア",5,16,false
technique,383,,"シャンピオン・ボム",9,16,false
technique,384,,"デュアルプレッサー",9,16,false
technique,385,,"ジュークラック",7,16,false
technique,386,,"ジャミール",5,16,false
technique,387,,"リーフレッド",6,16,false
technique,388,,"孤籠泡（ころうほう）",10,16,false
technique,389,,"冰乱結突（ひょうらんけっとつ）",15,16,false
technique,390,,"潮流旋禍（ちょうりゅうせんか）",15,16,false
technique,391,,"雷煌鞭（らいこうべん）",11,16,false
technique,392,,"神碎牙（しんさいが）",10,16,false
technique,393,,"天星壊海（てんせいかいかい）",14,16,false
technique,394,,"瀑閃（ばくせん）",8,16,false
technique,395,,"魚流炮（ぎょりゅうほう）",12,16,false
technique,396,,"冰凍爪（ひょうとうそう）",12,16,false
technique,397,,"ポジトロンレーザー",9,16,false
technique,398,,"ギガデス",4,16,false
technique,399,,"ポジトロンレーザーランス",12,16,false
technique,400,,"メガバースト",6,16,false
technique,401,,"ブレイダーテイル",8,16,false
technique,402,,"千万ノ太刀（ちよろずのたち）",14,16,false
technique,403,,"羅焼門（らしょうもん）",11,16,false
technique,404,,"幽玄（ゆうげん）",8,16,false
technique,405,,"八束染縛（やつかせんばく）",13,16,false
technique,406,,"魔塵瓢箪（まじんびょうたん）",14,16,false
technique,407,,"千砲土蜘蛛（せんほうつちぐも）",15,16,false
technique,408,,"ナイトメアレイン",8,16,false
technique,409,,"ファンシーファンタジスタ",12,16,false
technique,410,,"スイートラブリーアタック",12,16,false
technique,411,,"スタンパーミサイル",9,16,false
technique,412,,"ブレストキャノン",8,16,false
technique,413,,"ドロンガー",5,16,false
technique,414,,"ダイバニッシュ",7,16,false
technique,415,,"モットボム",5,16,false
technique,416,,"ケラウノスディバイド",10,16,false
technique,417,,"ライトニングビー",8,16,false
technique,418,,"ディオスサンダー",8,16,false
technique,419,,"ハガードクラスター",9,16,false
technique,420,,"ヘルズゲート",6,16,false
technique,421,,"ケイオスライツ",7,16,false
technique,422,,"アイランドフリーフォール",12,16,false
technique,423,,"バーニングブラッドシェル",12,16,false
technique,424,,"フルーツフレシェット",10,16,false
technique,425,,"クック・オブ・ザ・ヘル",11,16,false
technique,426,,"パーティー・オブ・ザ・ヘブン",14,16,false
technique,427,,"リバース・オブ・ザ・デッド",13,16,false
technique,428,,"ウェルカムロスト",8,16,false
technique,429,,"リングラッジ",6,16,false
technique,430,,"ライアーバニッシュメント",12,16,false
technique,431,,"ニードルハイブ",7,16,false
technique,432,,"グレイスランス",7,16,false
technique,433,,"ラブバスケット",7,16,false
technique,434,,"ビリースマッシャー",9,16,false
technique,435,,"ハンマーサンダー",8,16,false
technique,436,,"アドゥワールド",7,16,false
technique,437,,"ドクテアーゼ",6,16,false
technique,438,,"禍災爪（かさいそう）",10,16,false
technique,439,,"叩破伐倒（こうはばっとう）",13,16,false
technique,440,,"風牙烈巻迅（ふうがれっかんじん）",16,16,false
technique,441,,"豪怨毀永斬（ごうおんきえいざん）",16,16,false
technique,442,,"ガリアフィッシャー",9,16,false
technique,443,,"ドラゴニア",5,16,false
technique,444,,"メテオルクス",6,16,false
technique,445,,"グランノヴァ",6,16,false
technique,446,,"白詰一文字切り（覚醒）",11,16,false
technique,447,,"白殺（覚醒）　（びゃくさい）",14,16,false
technique,448,,"突蜂（覚醒）　（とっほう）",13,16,false
technique,449,,"ミッキーバレット（覚醒）",12,16,false
technique,450,,"ブレスファイア（覚醒）",11,16,false
technique,451,,"グランドシスタークルス（覚醒）",15,16,false
technique,452,,"ディバインピース(覚醒)",12,16,false
technique,453,,"プロテクトウェーブ(覚醒)",13,16,false
technique,454,,"グランドシスタークルス(覚醒)",15,16,false
technique,455,,"ダークパレス",6,16,false
technique,456,,"デスデモーナ",6,16,false
technique,457,,"デッドエンドスキュアー",11,16,false
technique,458,,"フィサリスト",6,16,false
technique,459,,"パニッシューネ",7,16,false
technique,460,,"ボルスプライト",7,16,false
technique,461,,"ジャイブ",4,16,false
technique,462,,"レントライザー",7,16,false
technique,463,,"ブレイキンストリーム",10,16,false
technique,464,,"ネコパンチ",5,16,false
technique,465,,"バコーニャ",5,16,false
technique,466,,"ホイップデコレーション",11,16,false
technique,467,,"ケーキカッティング",9,16,false
technique,468,,"ハピネスフォール",8,16,false
technique,469,,"テイストーン",6,16,false
technique,470,,"スウィートベリー",8,16,false
technique,471,,"ラピッドファイア",8,16,false
technique,472,,"ゴールデントライアングル",12,16,false
technique,473,,"ガトリングアーム",8,16,false
technique,474,,"ダムダムアッパー",8,16,false
technique,475,,"ガルルキャノン",7,16,false
technique,476,,"グレイソード",6,16,false
technique,477,,"セドナ",3,16,false
technique,478,,"アルビオン",5,16,false
technique,479,,"ウルダインパルス",8,16,false
technique,480,,"ランベルタキック",8,16,false
technique,481,,"ソルブロー",5,16,false
technique,482,,"ソルショット",6,16,false
technique,483,,"エクリプスノーン",8,16,false
technique,484,,"ビンジェラード",7,16,false
technique,485,,"デスチャージ",6,16,false
technique,486,,"ゲーズイレイザー",8,16,false
technique,487,,"ファイナルクロスブレード",12,16,false
technique,488,,"クロスバーニングロッカー",12,16,false
technique,489,,"ダブルフレアバスター",10,16,false
technique,490,,"セブンビクトライズ",9,16,false
technique,491,,"ビビサンダー",6,16,false
technique,492,,"ボルトナックル",7,16,false
technique,493,,"スパイラルキック",8,16,false
technique,494,,"ゾーンパチパチ",7,16,false
technique,495,,"パチパチガス",6,16,false
technique,496,,"ダブルラリアット",8,16,false
technique,497,,"プチトルネード",7,16,false
technique,498,,"ピョンダンプ",6,16,false
technique,499,,"ミッコミ",4,16,false
technique,500,,"イヤンタ",4,16,false
technique,501,,"ホーンアタック",7,16,false
technique,502,,"ブレイクロー",6,16,false
technique,503,,"チクチクアタック",8,16,false
technique,504,,"ガーライトネス",7,16,false
technique,505,,"ホワイトライナー",8,16,false
technique,506,,"ダウナーアイ",6,16,false
technique,507,,"ボルケニックドライバー",11,16,false
technique,508,,"ダイヤモンドフィスト",10,16,false
technique,509,,"キルリアン・ブラント",10,16,false
technique,510,,"ライジング・サン",8,16,false
technique,511,,"エレクーゲル",6,16,false
technique,512,,"ブリッツアーム",7,16,false
technique,513,,"ワームベノム",6,16,false
technique,514,,"ポイズンライド",7,16,false
technique,515,,"アクアタワー",6,16,false
technique,516,,"ブレードフィン",7,16,false
technique,517,,"バイオトキシン",7,16,false
technique,518,,"インテンスランテール",10,16,false
technique,519,,"ディビジョンブレイク",10,16,false
technique,520,,"マルチプルシード",8,16,false
technique,521,,"スプラウトラッシュ",9,16,false
technique,522,,"グラン・デル・ソル",9,16,false
technique,523,,"アサルトハチェット",9,16,false
technique,524,,"タイドアップアイビー",10,16,false
technique,525,,"ショットガンモス",8,16,false
technique,526,,"ディストラクショングレネード",14,16,false
technique,527,,"スパイシーオニオン",9,16,false
technique,528,,"デリシャスパティ",8,16,false
technique,529,,"ファイアフェザー",8,16,false
technique,530,,"ピッドスピード",7,16,false
technique,531,,"デザートウィンド",8,16,false
technique,532,,"サンダーレイ",6,16,false
technique,533,,"インセクスオーム",8,16,false
technique,534,,"パイルシェル",6,16,false
technique,535,,"マインドフォッグ",8,16,false
technique,536,,"フリースローボム",8,16,false
technique,537,,"爆・オヤジパンチ",8,16,false
technique,538,,"ギガブラスター",7,16,false
technique,539,,"ホーンバスター改",8,16,false
technique,540,,"メテオスコール",7,16,false
technique,541,,"メテオチャンピオン",9,16,false
technique,542,,"プラズマブレイド",8,16,false
technique,543,,"エキゾーストフレイム",10,16,false
technique,544,,"ライデンブレイド",8,16,false
technique,545,,"ダークネスギア",7,16,false
technique,546,,"旋風縛（せんぷうばく）",11,16,false
technique,547,,"菊燐一閃・號雷斬（きくりんいっせん・ごうらいざん）",25,16,true
technique,548,,"刀華静謐（とうかせいひつ）",13,16,false
technique,549,,"ブラキオバブル",7,16,false
technique,550,,"ブレイドツイスター",9,16,false
technique,551,,"三連星",3,16,false
technique,552,,"ヴォルケーノストライクS",12,16,false
technique,553,,"ハードタックル",7,16,false
technique,554,,"ジャスティスマサカー",10,16,false
technique,555,,"サプライズアタック",9,16,false
technique,556,,"斬電剣",3,16,false
technique,557,,"スカルスタンド",7,16,false
technique,558,,"リーパーストライク",9,16,false
technique,559,,"デザートデスサイズ",9,16,false
technique,560,,"ウィザーウィング",8,16,false
technique,561,,"ロックブレス",6,16,false
technique,562,,"砂かけ",3,16,false
technique,563,,"ダークピューピル",8,16,false
technique,564,,"ポイズンミュークス",9,16,false
technique,565,,"ゴルドリアンラッシュ",10,16,false
technique,566,,"ゴールドエクスクレメント",12,16,false
technique,567,,"ホイールラッシュ",8,16,false
technique,568,,"ソードダンサー",7,16,false
technique,569,,"バーニングスタークラッシャー",14,16,false
technique,570,,"スリービクトライズ",9,16,false
technique,571,,"スリーインパクト",8,16,false
technique,572,,"ビクトライズブーメラン",11,16,false
technique,573,,"ポイズンネイル",7,16,false
technique,574,,"ラッパーコースター",9,16,false
technique,575,,"ワンハンド・スイング",10,16,false
technique,576,,"トルペド・クロッシング",11,16,false
technique,577,,"コッチョン",5,16,false
technique,578,,"ミニデカフレイム",8,16,false
technique,579,,"鼓・爆砕",4,16,false
technique,580,,"頭つぶし",4,16,false
technique,581,,"クールランニング",8,16,false
technique,582,,"急ブレーキスパーク",9,16,false
technique,583,,"ウンチ投げ",5,16,false
technique,584,,"キングスタンプ",7,16,false
technique,585,,"鬼瞬轟拳（きしゅんごうけん）",14,16,false
technique,586,,"獄炎破回蹴（ごくえんはかいしゅう）",17,16,true
technique,587,,"喰雷炎砕破（がらいえんさいは）",15,16,false
technique,588,,"イノセンスブリザード",10,16,false
technique,589,,"フリージングレイ",8,16,false
technique,590,,"ルインリバーヴ",7,16,false
technique,591,,"リムーバルブロウ",8,16,false
technique,592,,"デフロストブレード",9,16,false
technique,593,,"グラシエイトミサイル",10,16,false
technique,594,,"ダイアモンドダスト",9,16,false
technique,595,,"セブンヘルズ",6,16,false
technique,596,,"テスタメント",6,16,false
technique,597,,"ダイジェス",5,16,false
technique,598,,"ディケイズン",6,16,false
technique,599,,"擬遁アイソレーション（ぎとんあいそれーしょん）",23,16,true
technique,600,,"クラックハーケン",8,16,false
technique,601,,"ダイナミックサイファー",11,16,false
technique,602,,"フィレットブレード",9,16,false
technique,603,,"リップルエッジ",7,16,false
technique,604,,"リキッドヴェール",8,16,false
technique,605,,"プレシャスフレア",8,16,false
technique,606,,"ドリームミサイル",8,16,false
technique,607,,"アブソリュートテリトリー",12,16,false
technique,608,,"ナイトメアアッセンブル",11,16,false
technique,609,,"トゥインペタル",7,16,false
technique,610,,"トライデントアームＶＥＲ９.９",15,16,false
technique,611,,"ギガデストロイヤー",9,16,false
technique,612,,"氷獣拳",3,16,false
technique,613,,"雪花火",3,16,false
technique,614,,"エネルギーボム",7,16,false
technique,615,,"エネルギーレーザーボム",11,16,false
technique,616,,"アノードパンチ",7,16,false
technique,617,,"カソードキック",7,16,false
technique,618,,"サンダーボマー",7,16,false
technique,619,,"ヴォルケーノストライク",11,16,false
technique,620,,"トマホークスラッシュ",10,16,false
technique,621,,"グラオ・レルム",7,16,false
technique,622,,"シュヴァルツ・シュトラール",13,16,false
technique,623,,"デッドリーシェード",9,16,false
technique,624,,"マッドバイキング",8,16,false
technique,625,,"アングリーロック",8,16,false
technique,626,,"レイジロック",6,16,false
technique,627,,"シザーズエクスキューション",13,16,false
technique,628,,"ヘビークランチ",7,16,false
technique,629,,"ロックブレイカー",8,16,false
technique,630,,"ファイアーボール",8,16,false
technique,631,,"ファイアーミット",8,16,false
technique,632,,"ソル・キャリバー",8,16,false
technique,633,,"デモリッションホーン",10,16,false
technique,634,,"リュウセイロックダマシー",12,16,false
technique,635,,"植物性の泡",5,16,false
technique,636,,"グリーンピクルス",8,16,false
technique,637,,"シュバシュバポテト",9,16,false
technique,638,,"バッシュドポテト",8,16,false
technique,639,,"アネモダルメノス",8,16,false
technique,640,,"アステロイディス",8,16,false
technique,641,,"ロンヒ・アディスタクト",11,16,false
technique,642,,"クータスタ・キラナ",9,16,false
technique,643,,"カマラ・カルマ",7,16,false
technique,644,,"サマディ・シャンティ",10,16,false
technique,645,,"二刀勢雷（にとうせいらい）",13,16,false
technique,646,,"士道一徹（しどういってつ）",13,16,false
technique,647,,"神電召雷光（しんでんしょうらいこう）",18,16,true
technique,648,,"ブランブルショット",9,16,false
technique,649,,"クリムゾンスポアーズ",10,16,false
technique,650,,"キリングケイデンス",9,16,false
technique,651,,"リズミック・アーツ",9,16,false
technique,652,,"ハウリングブラスト",9,16,false
technique,653,,"アップビートツイスター",11,16,false
technique,654,,"キャノンボールシューター",12,16,false
technique,655,,"ワイルドピッチ",7,16,false
technique,656,,"ラウンドジェイル",8,16,false
technique,657,,"雷撃踵（らいげきしょう）",12,16,false
technique,658,,"武電破弾（ぶでんはだん）",12,16,false
technique,659,,"迅雷廻天戟（じんらいかいてんげき）",17,16,true
technique,660,,"轟炎輪（ごうえんりん）",11,16,false
technique,661,,"灰迅雷瞳（かいじんらいどう）",14,16,false
technique,662,,"響香水月（きょうかすいげつ）",14,16,false
technique,663,,"マーブルインパクト",9,16,false
technique,664,,"ドリームハリケーン",9,16,false
technique,665,,"ラブリーシャワー",8,16,false
technique,666,,"ミニマルフラッシュ",9,16,false
technique,667,,"静電気",3,16,false
technique,668,,"パラライズリック",8,16,false
technique,669,,"ライトニングラッシュ",10,16,false
technique,670,,"ハートビートインパルス",11,16,false
technique,671,,"インセクマインド",8,16,false
technique,672,,"デフィブレイショック",10,16,false
technique,673,,"エレクトリカルフィスト",11,16,false
technique,674,,"サンダードレッド",8,16,false
technique,675,,"ワイワイパー",6,16,false
technique,676,,"マッシグラン",6,16,false
technique,677,,"エレキラッシュ",7,16,false
technique,678,,"プチインパルス",7,16,false
technique,679,,"雅琉々砲（がるるほう）",11,16,false
technique,680,,"虞玲刀（ぐれいとう）",10,16,false
technique,681,,"デストロイクロウ",8,16,false
technique,682,,"アルティメットフレア",10,16,false
technique,683,,"マイアスピウ",6,16,false
technique,684,,"カウスラッガー",7,16,false
technique,685,,"アルナスショット",8,16,false
technique,686,,"カイザーネイル",7,16,false
technique,687,,"メガデス",4,16,false
technique,688,,"トリニティゴスペル",9,16,false
technique,689,,"アシッドインジェクション",12,16,false
technique,690,,"デッドショット",7,16,false
technique,691,,"ヒンダーマイアズマ",9,16,false
technique,692,,"サイキックチェーン",9,16,false
technique,693,,"クラウドビジョン",8,16,false
technique,694,,"ダークウィング",7,16,false
technique,695,,"ポジトロンブラスター",10,16,false
technique,696,,"アルタブレード",7,16,false
technique,697,,"トライデントアーム",9,16,false
technique,698,,"ジガストーム",6,16,false
technique,699,,"ヴァンキッシュミサイル",11,16,false
technique,700,,"マキシマムデモリッシャー",12,16,false
technique,701,,"フルスロットルエッジ",10,16,false
technique,702,,"マッドネスファイア",9,16,false
technique,703,,"パラボリックジャンク",10,16,false
technique,704,,"スクラップティース",9,16,false
technique,705,,"バレッジスイーパー",9,16,false
technique,706,,"レスティングバーナー",10,16,false
technique,707,,"ソニックエクスカベーター",12,16,false
technique,708,,"ホップヒップ",6,16,false
technique,709,,"ポッピンティア",7,16,false
technique,710,,"アナイアレンション",9,16,false
technique,711,,"ルウダメント",6,16,false
technique,712,,"ドライアドスティンガー",11,16,false
technique,713,,"ブラステッドディザスター",12,16,false
technique,714,,"パルシースイート",8,16,false
technique,715,,"ウェイビーオクタヴィスト",12,16,false
technique,716,,"ペタリーカーネイジ",9,16,false
technique,717,,"トロピカルヴェノム",9,16,false
technique,718,,"ラピッドシード",7,16,false
technique,719,,"フルーツラッシュ",8,16,false
technique,720,,"邪念眼",3,16,false
technique,721,,"影縛り",3,16,false
technique,722,,"愚幻",2,16,false
technique,723,,"電撃ビリリン185V",10,16,false
technique,724,,"電撃ビリリン",6,16,false
technique,725,,"パラライズブレス",8,16,false
technique,726,,"ブービーピット",7,16,false
technique,727,,"酸の泡",3,16,false
technique,728,,"リトルプラズマ",7,16,false
technique,729,,"ジャックレイド",7,16,false
technique,730,,"ブリューナストライク",10,16,false
technique,731,,"リアクターディスチャージ",12,16,false
technique,732,,"クルーアルインバイト",10,16,false
technique,733,,"カラミティバイス",8,16,false
technique,734,,"ブラントクロー",7,16,false
technique,735,,"コロニートーピード",9,16,false
technique,736,,"ポセイドンボルテックス",11,16,false
technique,737,,"アクア・バイパー",8,16,false
technique,738,,"サッカーフィッシュダーツ",12,16,false
technique,739,,"フライングフィニッシュ",11,16,false
technique,740,,"レフュージミスト",8,16,false
technique,741,,"コーラルプレッシャー",10,16,false
technique,742,,"ジャイアントグレイター",11,16,false
technique,743,,"カース・リフレクション",11,16,false
technique,744,,"マウントストーン",8,16,false
technique,745,,"グライドロックス",8,16,false
technique,746,,"グリットネイル",7,16,false
technique,747,,"サンドブラスト",7,16,false
technique,748,,"スパイクバスター",8,16,false
technique,749,,"フライングキック",8,16,false
technique,750,,"インフィニティドリーム",11,16,false
technique,751,,"ブレイズスパイカー",9,16,false
technique,752,,"マッハフリッカー",8,16,false
technique,753,,"フロッグショット",8,16,false
technique,754,,"スピンカリバー",7,16,false
technique,755,,"スパイラルシュレッダー",11,16,false
technique,756,,"プリズムギャレット",9,16,false
technique,757,,"フォックスファイアー",10,16,false
technique,758,,"メガフレイム",6,16,false
technique,759,,"ボルトライン",6,16,false
technique,760,,"インプリズメント",8,16,false
technique,761,,"ブルートナックル",8,16,false
technique,762,,"シュガーパウンド",8,16,false
technique,763,,"ブルーブレイブ",7,16,false
technique,764,,"オーロラブレイザー",9,16,false
technique,765,,"リンリンテラピー",8,16,false
technique,766,,"オーロラストリーム",9,16,false
technique,767,,"カッティングエッジ",9,16,false
technique,768,,"クルーティレイン",8,16,false
technique,769,,"フルメタルマシンガン",10,16,false
technique,770,,"クールエッジ",6,16,false
technique,771,,"ムーンテンス",6,16,false
technique,772,,"レドルスター",6,16,false
technique,773,,"レッドリーマー",7,16,false
technique,774,,"ストラッシュサラマンダー",12,16,false
technique,775,,"ガイアブレイブ",7,16,false
technique,776,,"ビートプレス",6,16,false
technique,777,,"ヘクサンダー",6,16,false
technique,778,,"ミラーガード",6,16,false
technique,779,,"ミラーダスト",6,16,false
technique,780,,"ボールトリプ",6,16,false
technique,781,,"天晴れ桜",4,16,false
technique,782,,"扇子返し",4,16,false
technique,783,,"ダイバッチグー",7,16,false
technique,784,,"プチツイスター",7,16,false
technique,785,,"フローズンクロー",8,16,false
technique,786,,"カロスディメンション",10,16,false
technique,787,,"レーザーカノン",7,16,false
technique,788,,"レーザーサーベル",8,16,false
technique,789,,"メッサースパイラル",9,16,false
technique,790,,"N・S・B・M",7,16,false
technique,791,,"レーザーアイ",6,16,false
technique,792,,"ソニックバルカン",8,16,false
technique,793,,"ココンピック",6,16,false
technique,794,,"サモンフロスト",7,16,false
technique,795,,"ヘクトエッジブリザード",11,16,false
technique,796,,"アブソリュートブラスト",11,16,false
technique,797,,"アイスエイジ",6,16,false
technique,798,,"メテオヘイル",6,16,false
technique,799,,"トリックオアトリート・ウォレス",15,16,false
technique,800,,"アトランティックダム",10,16,false
technique,801,,"ワッサムリングジャック",11,16,false
technique,802,,"デスティニー・デス・デストラクション（Death3）",26,16,true
technique,803,,"聖拳滅破",4,16,false
technique,804,,"ナイツ・イントルーダー",11,16,false
technique,805,,"クレイジーギグル",8,16,false
technique,806,,"フレアロックダマシー",10,16,false
technique,807,,"ヘヴィヒートバルカン",10,16,false
technique,808,,"ジアルマグナム",7,16,false
technique,809,,"オメガ・ザ・フュージョン",12,16,false
technique,810,,"エクスラディケート",9,16,false
technique,811,,"メテオライザー",7,16,false
technique,812,,"ゴールデンスクエア",9,16,false
technique,813,,"シークレッドウォール",10,16,false
technique,814,,"ラピッドブラスター",9,16,false
technique,815,,"レーザーガトリングアーム",12,16,false
technique,816,,"ビリオンバレット",8,16,false
technique,817,,"ラブリースプラッシュ",10,16,false
technique,818,,"究極戦技天仰拳",7,16,false
technique,819,,"鉄ゲタ張り手",6,16,false
technique,820,,"ペンドラゴンスパークル",11,16,false
technique,821,,"雷剣ブレイラガハ",8,16,false
technique,822,,"エクストリームテイラー",11,16,false
technique,823,,"イレイズクロー",7,16,false
technique,824,,"サンライズバスター",9,16,false
technique,825,,"ザンスラスト",6,16,false
technique,826,,"スターライトエクスプロージョン",15,16,false
technique,827,,"ジャスティスXキック",10,16,false
technique,828,,"ジャスティスXパンチ",10,16,false
technique,829,,"ジャスティスXブレード",11,16,false
technique,830,,"ボルトブレイク",7,16,false
technique,831,,"サンダークラウド",8,16,false
technique,832,,"胡劉球（こりゅうきゅう）",12,16,false
technique,833,,"石敢当（せっかんとう）",11,16,false
technique,834,,"ティーダ・イヤ",7,16,false
technique,835,,"ビリリンハギュー",8,16,false
technique,836,,"ライトニングスピア",9,16,false
technique,837,,"ヘブンズ・ジャッジメント",12,16,false
technique,838,,"ホーリーマテリアル",9,16,false
technique,839,,"エデンスランス",7,16,false
technique,840,,"グランドホーリーアロー",11,16,false
technique,841,,"ヘブンズチャーム",8,16,false
technique,842,,"スプーキーザッパー",9,16,false
technique,843,,"フェイタルゲイズ",8,16,false
technique,844,,"リワインドアビス13（サーティーン）",18,16,true
technique,845,,"ドラゴンズロア",7,16,false
technique,846,,"ブレス・オブ・ワイバーン",12,16,false
technique,847,,"ドラゴンズガスト",8,16,false
technique,848,,"アウススターベン",8,16,false
technique,849,,"ブラオンネーベル",8,16,false
technique,850,,"アイネ・ビリオン",8,16,false
technique,851,,"ホーリーフレイム",8,16,false
technique,852,,"ホーリーブレイズ",8,16,false
technique,853,,"ソローブルー",6,16,false
technique,854,,"ファンタジーミスト",9,16,false
technique,855,,"ゴッドフレイム",7,16,false
technique,856,,"ゴッドフィスト",7,16,false
technique,857,,"シャドーウィング",8,16,false
technique,858,,"ホーリーチャイム",8,16,false
technique,859,,"チクチクバンバン",8,16,false
technique,860,,"チクチクバムバム",8,16,false
technique,861,,"トーピードアタック",9,16,false
technique,862,,"シックルストリーム",9,16,false
technique,863,,"ブレイジングアイス",9,16,false
technique,864,,"ファロストタイフーン",10,16,false
technique,865,,"ブラックパール",7,16,false
technique,866,,"ブレイジングファイア",10,16,false
technique,867,,"ポイズンアイビー",8,16,false
technique,868,,"ＲＧＢハーブ",6,16,false
technique,869,,"ビークピアス",6,16,false
technique,870,,"ネイルコーム",6,16,false
technique,871,,"スマイリーボム",7,16,false
technique,872,,"ボムシング",5,16,false
technique,873,,"ブレインラプチュアー",10,16,false
technique,874,,"プラネットデストロイヤー",12,16,false
technique,875,,"プラネットデストロイヤージャスティス",18,16,true
technique,876,,"スルトブランダー",8,16,false
technique,877,,"ニヴルヘイムアレスト",10,16,false
technique,878,,"グランドグリーズル",9,16,false
technique,879,,"ヒャズニング・ワルツ",10,16,false
technique,880,,"シャイニングＶフォース",11,16,false
technique,881,,"プラズマシュート",8,16,false
technique,882,,"シャイニングゴールドソーラーストーム",18,16,true
technique,883,,"キングジャベリン",8,16,false
technique,884,,"トライホーンアタック",10,16,false
technique,885,,"ゴールデントライホーンアタック",15,16,false
technique,886,,"シザーアームズΩ３^３",11,16,false
technique,887,,"パラライズテイル",8,16,false
technique,888,,"パラライズ・ボム",8,16,false
technique,889,,"カースオブクィーン",9,16,false
technique,890,,"ロゼッタストーン",8,16,false
technique,891,,"カルトゥーシュ",7,16,false
technique,892,,"アイスアロー",6,16,false
technique,893,,"アイススピアー",7,16,false
technique,894,,"シザーアームズ",7,16,false
technique,895,,"クランチアーム",7,16,false
technique,896,,"ディノバースト",7,16,false
technique,897,,"ディノフラッシュ",8,16,false
technique,898,,"マーチングフィッシィーズ",12,16,false
technique,899,,"シザーアームズミニ",9,16,false
technique,900,,"暗黒のガイアフォース",10,16,false
technique,901,,"ハデスフォース",7,16,false
technique,902,,"アフターバースト",8,16,false
technique,903,,"グレイエム",5,16,false
technique,904,,"エンデブレッヘン",8,16,false
technique,905,,"エネルギアブリッツ",9,16,false
technique,906,,"パンデミックデストロイヤー",13,16,false
technique,907,,"覇王拳",3,16,false
technique,908,,"WEEK END",8,16,false
technique,909,,"BBバーナー",6,16,false
technique,910,,"ジャイロスマッシュ",9,16,false
technique,911,,"クオリアライズブラスト",11,16,false
technique,912,,"スパイラルヴァニッシュ",11,16,false
technique,913,,"デスペレイトボルテックス",12,16,false
technique,914,,"プレデターズバイト",9,16,false
technique,915,,"スパイラル・ヘル",8,16,false
technique,916,,"ギガクリムゾンダイブ",10,16,false
technique,917,,"ヴァーミリオンボルテックス",13,16,false
technique,918,,"ライトニングスティンガー",12,16,false
technique,919,,"クリムゾンスラッシュ",10,16,false
technique,920,,"ソーンウィップ",7,16,false
technique,921,,"ローゼンブラッド",8,16,false
technique,922,,"スマイリーウォーヘッド",11,16,false
technique,923,,"デルモウォーキング",9,16,false
technique,924,,"スパイラルボーン",8,16,false
technique,925,,"ジャイアントクラッシュボーン",14,16,false
technique,926,,"タスクストライクス",9,16,false
technique,927,,"ツンドラブレス",7,16,false
technique,928,,"ジオメトリックフリーザー",12,16,false
technique,929,,"ヘルマニア",5,16,false
technique,930,,"メリーメリーデストラクション",14,16,false
technique,931,,"ヴァンパイアセオリー",10,16,false
technique,932,,"ブラッディドレイン",9,16,false
technique,933,,"パピーハウリング",8,16,false
technique,934,,"パピーポー",5,16,false
technique,935,,"ララバイバブル",7,16,false
technique,936,,"スマイリーヘッドバット",11,16,false
technique,937,,"ペイントスプラッシュ",10,16,false
technique,938,,"プシュー",4,16,false
technique,939,,"ナイト・オブ・ファイアー",12,16,false
technique,940,,"サモンチェイサー",8,16,false
technique,941,,"ファイアーブラスト",9,16,false
technique,942,,"フレイムスナッチ",8,16,false
technique,943,,"ウンチラッシュ",7,16,false
technique,944,,"パラダイスロスト",8,16,false
technique,945,,"パーガトリアルフレイム",11,16,false
technique,946,,"セブンス・ディバイン・クルス",14,16,false
technique,947,,"ナザルネイル",6,16,false
technique,948,,"ファントムペイン",8,16,false
technique,949,,"セブンス・ファシネイト",11,16,false
technique,950,,"カウダ・モルティフェラ",11,16,false
technique,951,,"ロストルム・トリアデンス",12,16,false
technique,952,,"セブンス・ライトニング",11,16,false
technique,953,,"ランプランツス",7,16,false
technique,954,,"ギフトオブダークネス",10,16,false
technique,955,,"セブンス・ペネトレート",11,16,false
technique,956,,"デスルアー",5,16,false
technique,957,,"パンデモニウムロスト",10,16,false
technique,958,,"セブンス・ジュエライズ",11,16,false
technique,959,,"フレイムインフェルノ",10,16,false
technique,960,,"セブンス・グラビトン",10,16,false
technique,961,,"インフェルノバースト",10,16,false
technique,962,,"クルーエルトルネード",10,16,false
technique,963,,"デッドリーブレイクロスト",12,16,false
technique,964,,"アンデッドソルジャー",10,16,false
technique,965,,"ダークネスプリズン",9,16,false
technique,966,,"デモンズクリスタル",9,16,false
technique,967,,"フレイムヘルサイズ",9,16,false
technique,968,,"ビヘッドスラッシャー",10,16,false
technique,969,,"ブロウクンデストロイ",10,16,false
technique,970,,"ウルティマバースト",9,16,false
technique,971,,"チクチクローリング",9,16,false
technique,972,,"おしゃぶり",5,16,false
technique,973,,"バリアブレード",7,16,false
technique,974,,"ライトニングカッター",10,16,false
technique,975,,"ベビーヘイル",6,16,false
technique,976,,"アイスマッシュ",7,16,false
technique,977,,"ライトニングファー",9,16,false
technique,978,,"ケンザンダイブ",7,16,false
technique,979,,"コキュートスブレス",9,16,false
technique,980,,"ガルルトマホーク",8,16,false
technique,981,,"グレイスクロスフリーザー",12,16,false
technique,982,,"トリニティーアーム",9,16,false
technique,983,,"ジャスティスキック",9,16,false
technique,984,,"火電鬼爆波（ひでんきばくは）",14,16,false
technique,985,,"フロストクロー",7,16,false
technique,986,,"裏飯綱（うらいづな）",10,16,false
technique,987,,"胎蔵界曼荼羅（たいぞうかいまんだら）",18,16,true
technique,988,,"ダブルエッジ",6,16,false
technique,989,,"アトミックブラスター",10,16,false
technique,990,,"ロックダマシー",7,16,false
technique,991,,"ソウルクラッシャー",9,16,false
technique,992,,"ラウディロッカー",8,16,false
technique,993,,"ガイアフォースＺＥＲＯ",11,16,false
technique,994,,"メタルストーム",7,16,false
technique,995,,"ヘル・ハウリング",8,16,false
technique,996,,"メギドフレイム",7,16,false
technique,997,,"スリーピーバッド",8,16,false
technique,998,,"フラウカノン",6,16,false
technique,999,,"金剛界曼荼羅（こんごうかいまんだら）",18,16,true
technique,1000,,"此ノ花戦姫万象（このはなせんきばんしょう）",21,16,true
technique,1001,,"宇迦之御魂（うかのみたま）",13,16,false
technique,1002,,"グラトニーフレア",8,16,false
technique,1003,,"ダークネスクロウ",8,16,false
technique,1004,,"ダブルインパクト",8,16,false
technique,1005,,"セブンス・フルクラスター",12,16,false
technique,1006,,"ダブルエッジΣ（シグマ）",12,16,false
technique,1007,,"アトミックメガロブラスター",13,16,false
technique,1008,,"アイン・ソフ・オウル",10,16,false
technique,1009,,"アトミックブレイド",9,16,false
technique,1010,,"スピリットバースト",9,16,false
technique,1011,,"太極旋（たいきょくせん）",12,16,false
technique,1012,,"狐蝶幻（こちょうげん）",11,16,false
technique,1013,,"トコトコダイブ",7,16,false
technique,1014,,"噛み付き",4,16,false
technique,1015,,"ダブルクロウ",6,16,false
technique,1016,,"フライバレット・セグンド",12,16,false
technique,1017,,"ディスタンシア・セロ",10,16,false
technique,1018,,"ジークセイバー",7,16,false
technique,1019,,"ファイナル・エリシオン",11,16,false
technique,1020,,"インフェルノゲート",9,16,false
technique,1021,,"ヘルファイアー",7,16,false
technique,1022,,"クリムゾンブレス",8,16,false
technique,1023,,"クラッシュローリング",10,16,false
technique,1024,,"ベビーブレイズ",7,16,false
technique,1025,,"スマッシュホーン",8,16,false
technique,1026,,"ジ・シュルネン",7,16,false
technique,1027,,"プチファイアー",7,16,false
technique,1028,,"ホーンテッドピルス",9,16,false
technique,1029,,"クレイジーゴーラウンド",11,16,false
technique,1030,,"サンクタス・トルメンタム",12,16,false
technique,1031,,"ロードオブフラタニティ",11,16,false
technique,1032,,"ノブレス・オブ・ルージュ",12,16,false
technique,1033,,"究極戦突剣（きゅうきょくせんとつけん）グランローゼリオ",27,16,true
technique,1034,,"白詰一文字切り",7,16,false
technique,1035,,"白殺（びゃくさい）",9,16,false
technique,1036,,"突蜂（とっほう）",8,16,false
technique,1037,,"ギガデストロイヤーⅡ",10,16,false
technique,1038,,"ヌークリアレーザーⅡ",10,16,false
technique,1039,,"獣王拳",3,16,false
technique,1040,,"ベビーフレイム",7,16,false
technique,1041,,"ベビーバーナー",7,16,false
technique,1042,,"鉄拳断罪",4,16,false
technique,1043,,"シュベルトフリューゲル",11,16,false
technique,1044,,"究極戦刃聖覇剣（きゅうきょくせんじんせいばけん）",24,16,true
technique,1045,,"ディレクトスマッシャー",11,16,false
technique,1046,,"イグニッションプロミネンス",13,16,false
technique,1047,,"デュエルエッジフロージョン",13,16,false
technique,1048,,"バレエガン",5,16,false
technique,1049,,"ウィスレン",5,16,false
technique,1050,,"エンド・オブ・ザ・ワールド",13,16,false
technique,1051,,"マグナヴィジビリティ",10,16,false
technique,1052,,"サモン・アポカリプス",10,16,false
technique,1053,,"ラプターグラップル",9,16,false
technique,1054,,"クラッシュチャージ",9,16,false
technique,1055,,"天波返し（てんばがえし）",12,16,false
technique,1056,,"漢癪ダスト（かんしゃくダスト）",15,16,false
technique,1057,,"世堀クロードリル（よぼりクロードリル）",19,16,true
technique,1058,,"インフェルノディバイド",11,16,false
technique,1059,,"サーベラスイレイズ",9,16,false
technique,1060,,"トイフレイム",6,16,false
technique,1061,,"アストロボンバー",8,16,false
technique,1062,,"ダイナマイトソウル",9,16,false
technique,1063,,"甕布都神（ミカフツノカミ）",13,16,false
technique,1064,,"羽黒（ハグロ）",7,16,false
technique,1065,,"リザードダンス",7,16,false
technique,1066,,"ヴァイスシュピラーレ",10,16,false
technique,1067,,"シュバルツナーゲル",9,16,false
technique,1068,,"デルブリッツ",6,16,false
technique,1069,,"プラッツェンクロイツ",10,16,false
technique,1070,,"ゲヴァルトシュベルマー",11,16,false
technique,1071,,"ライトニングシャワー",10,16,false
technique,1072,,"サンダースラッシュ",9,16,false
technique,1073,,"サークレットディフェンス",12,16,false
technique,1074,,"フォルムタラニス",8,16,false
technique,1075,,"パーホルス",5,16,false
technique,1076,,"グレンストーム",7,16,false
technique,1077,,"ブラストスマッシュ",9,16,false
technique,1078,,"ヴォルケニック・フレア",11,16,false
technique,1079,,"グライドブレイズ",8,16,false
technique,1080,,"メルダイナー",6,16,false
technique,1081,,"ワイルドブラスト",8,16,false
technique,1082,,"フェルトメイド",7,16,false
technique,1083,,"ホーリーディザイア",9,16,false
technique,1084,,"ダークディスパイア",9,16,false
technique,1085,,"カオスディグレイド",9,16,false
technique,1086,,"パラズィヴァルツァー",10,16,false
technique,1087,,"クオーツィオーネ",8,16,false
technique,1088,,"ライトニングバスター",10,16,false
technique,1089,,"ロケットメッサー",8,16,false
technique,1090,,"フリスビッカー",7,16,false
technique,1091,,"アサルトクロー",7,16,false
technique,1092,,"グレイトフレイム",8,16,false
technique,1093,,"アースタンプ",6,16,false
technique,1094,,"超低速一文字斬り",8,16,false
technique,1095,,"超高速一文字斬り",8,16,false
technique,1096,,"ウォルレーキ",6,16,false
technique,1097,,"カンカン",4,16,false
technique,1098,,"コッツン",4,16,false
technique,1099,,"メディテーションキュア",11,16,false
technique,1100,,"マントラチャント",8,16,false
technique,1101,,"シャットクロー",7,16,false
technique,1102,,"トリコベゾアール",8,16,false
technique,1103,,"エクススクラッチ",8,16,false
technique,1104,,"ジェットアロー",7,16,false
technique,1105,,"クラッシュシンフォニー",11,16,false
technique,1106,,"プチフレイム",6,16,false
technique,1107,,"プラズマクラック",8,16,false
technique,1108,,"ロケットバンカー",8,16,false
technique,1109,,"ガルルソード",6,16,false
technique,1110,,"グレイキャノン",7,16,false
technique,1111,,"ガオガトルネード",8,16,false
technique,1112,,"ウィニングナックル",9,16,false
technique,1113,,"ハウリングキャノン",9,16,false
technique,1114,,"ダッシュダブルクロー",10,16,false
technique,1115,,"ガオガハウンド",7,16,false
technique,1116,,"スパイラルブロー",8,16,false
technique,1117,,"スクラッチスマッシュ",10,16,false
technique,1118,,"手裏裏剣（しゅりりんけん）",13,16,false
technique,1119,,"打竹落し（うちたけおとし）",13,16,false
technique,1120,,"弾丸旋風（だんがんせんぷう）",14,16,false
technique,1121,,"絶光衝（ぜっこうしょう）",12,16,false
technique,1122,,"ホーリーショット",8,16,false
technique,1123,,"ジャッジメント",7,16,false
technique,1124,,"ゼロ・ジェネシス",8,16,false
technique,1125,,"ベニアズマ・ストレート",11,16,false
technique,1126,,"ベニアズマ・アッパーカット",13,16,false
technique,1127,,"乱破（らっぱ）",7,16,false
technique,1128,,"水破（すっぱ）",7,16,false
technique,1129,,"突破（とっぱ）",7,16,false
technique,1130,,"火弾",2,16,false
technique,1131,,"水竜",2,16,false
technique,1132,,"風車",2,16,false
technique,1133,,"電閃",2,16,false
technique,1134,,"索敵",2,16,false
technique,1135,,"ナイトストーカー",8,16,false
technique,1136,,"ラブポイズン",6,16,false
technique,1137,,"ファイナルストライクロール",13,16,false
technique,1138,,"マッドネスメリーゴーランドＤＸ",15,16,false
technique,1139,,"サイバーギガンティックランチャー",16,16,false
technique,1140,,"コロナル・マス・エジェクション",15,16,false
technique,1141,,"プラズマキャノン",8,16,false
technique,1142,,"ナイトホーク",6,16,false
technique,1143,,"トライデントテール",9,16,false
technique,1144,,"強羅打雷銃（ゴウラダライガン）",15,16,false
technique,1145,,"超力鳴動破（チョウリキメイドウハ）",17,16,true
technique,1146,,"魔重力呪縛陣（まじゅうりょくじゅばくじん）",21,16,true
technique,1147,,"The Lion Sleeps Tonight",23,16,true
technique,1148,,"Lion Heart",10,16,false
technique,1149,,"獣王堕拳",4,16,false
technique,1150,,"腐毒爪",3,16,false
technique,1151,,"ボンバーヘッド",7,16,false
technique,1152,,"ファイヤーワークスレボリューション",17,16,true
technique,1153,,"デス・ザ・キャノン",9,16,false
technique,1154,,"ダイアモンドマシンガン",11,16,false
technique,1155,,"ダイアモンドヘッジホッグ",12,16,false
technique,1156,,"プリズムフラッシュ",9,16,false
technique,1157,,"クリスタルブレス",8,16,false
technique,1158,,"ライトニングシュート",10,16,false
technique,1159,,"ライトニングオーバーヘッド",13,16,false
technique,1160,,"悪夢の泡",4,16,false
technique,1161,,"チンチクリン",6,16,false
technique,1162,,"シュガープラム",7,16,false
technique,1163,,"ホーンブレイカー",8,16,false
technique,1164,,"へヴィスピーカー",8,16,false
technique,1165,,"ガムロール",5,16,false
technique,1166,,"トランスデリバリー",9,16,false
technique,1167,,"アストラルスナッチャー",11,16,false
technique,1168,,"スカーレットブラッドワイン",13,16,false
technique,1169,,"インビジブルスネークアイズ",13,16,false
technique,1170,,"電影烈破（でんえいれっぱ）",13,16,false
technique,1171,,"光電殺法之陣（こうでんさっぽうのじん）",19,16,true
technique,1172,,"癒天光(いてんこう）",10,16,false
technique,1173,,"業火弾（ごうかだん）",10,16,false
technique,1174,,"爆水竜（ばくすいりゅう）",12,16,false
technique,1175,,"暴風車（ぼうふうしゃ）",11,16,false
technique,1176,,"雷電閃（らいでんじん）",11,16,false
technique,1177,,"瞬索敵（しゅんさくてき）",12,16,false
technique,1178,,"カミウチ",4,16,false
technique,1179,,"ギルティッシュ",7,16,false
technique,1180,,"リークインフォメーション",12,16,false
technique,1181,,"ナイトメアレイド",8,16,false
technique,1182,,"ブラッディストリームグレイド",14,16,false
technique,1183,,"ギャディアックレイド",10,16,false
technique,1184,,"ドンドコ音頭",6,16,false
technique,1185,,"乱れ打ちラッシュ",8,16,false
technique,1186,,"極め太鼓",4,16,false
technique,1187,,"漢魂乱れ太鼓",6,16,false
technique,1188,,"ラウディドラマー",8,16,false
technique,1189,,"ドリルバスター",7,16,false
technique,1190,,"ドルルトルネード",8,16,false
technique,1191,,"ドリルブレーダー",8,16,false
technique,1192,,"タイラントコルブラント",11,16,false
technique,1193,,"バーニング・ザ・ドラゴン",12,16,false
technique,1194,,"ドラゴンブレストニックファイア",15,16,false
technique,1195,,"ハラショーアタック",9,16,false
technique,1196,,"デスマーチ",5,16,false
technique,1197,,"エアスライサー",7,16,false
technique,1198,,"アクアレジア",6,16,false
technique,1199,,"アクアレイジ",6,16,false
technique,1200,,"デッカードランチャー",10,16,false
technique,1201,,"スモーキーファング",9,16,false
technique,1202,,"ヘビーテイルフック",9,16,false
technique,1203,,"プラズマデッカードランチャー",14,16,false
technique,1204,,"メイルバードランチャー",11,16,false
technique,1205,,"テラデストロイヤー",9,16,false
technique,1206,,"ファイナルスパーク",9,16,false
technique,1207,,"マンティスダンス",8,16,false
technique,1208,,"スモーキンブギ",7,16,false
technique,1209,,"チューチュー・ツイッター",12,16,false
technique,1210,,"チンチクリンリン",8,16,false
technique,1211,,"プチシュガープラム",9,16,false
technique,1212,,"ファイナルチクリモン",10,16,false
technique,1213,,"コンペートーハンマー",10,16,false
technique,1214,,"ブンブン拳",5,16,false
technique,1215,,"ガンバルカン",6,16,false
technique,1216,,"ブー・スト・アタック",10,16,false
technique,1217,,"壱の太刀",4,16,false
technique,1218,,"弐の太刀",4,16,false
technique,1219,,"参の太刀",4,16,false
technique,1220,,"タネガシマ",5,16,false
technique,1221,,"鬼神突",3,16,false
technique,1222,,"星割り",3,16,false
technique,1223,,"ゴッドオブデススナッチャー",13,16,false
technique,1224,,"バルフィアイズ",7,16,false
technique,1225,,"エターナルダークメア",10,16,false
technique,1226,,"ツインスピア",6,16,false
technique,1227,,"ショルダーブレード",9,16,false
technique,1228,,"こめっとランチャー",9,16,false
technique,1229,,"ゼニナゲ",4,16,false
technique,1230,,"ポイゾナスフォース",9,16,false
technique,1231,,"ハイドロプレッシャー",10,16,false
technique,1232,,"ビードラウン",6,16,false
technique,1233,,"タイガータイフーン（真の姿時）",15,16,false
technique,1234,,"クラッシュブーム",8,16,false
technique,1235,,"ウィングエッジ",7,16,false
technique,1236,,"ランダムレーザー",8,16,false
technique,1237,,"ウィッシュアポンアスター",12,16,false
technique,1238,,"アックスライダー",8,16,false
technique,1239,,"ストームアックス",8,16,false
technique,1240,,"キバブレイバー",7,16,false
technique,1241,,"スピアニードル",7,16,false
technique,1242,,"ブレストアイ・ウィンク",11,16,false
technique,1243,,"ルナティックスラッシュ",11,16,false
technique,1244,,"ガイアマジッカー",8,16,false
technique,1245,,"霞隠",2,16,false
technique,1246,,"葉隠",2,16,false
technique,1247,,"ドルルキャノン",7,16,false
technique,1248,,"スターブレイド",7,16,false
technique,1249,,"エアシューター",7,16,false
technique,1250,,"プラズマブラスター",9,16,false
technique,1251,,"バーストダッシュストリーム",13,16,false
technique,1252,,"メテオバスターアタック",11,16,false
technique,1253,,"メテオインパクト",8,16,false
technique,1254,,"カオスフレア",6,16,false
technique,1255,,"スターズブレイドセレストライク",15,16,false
technique,1256,,"ハイアドモスフェリックプレッシャー",17,16,true
technique,1257,,"バーニングスタースラッシャー",14,16,false
technique,1258,,"マックアロー",6,16,false
technique,1259,,"ホーンブレイカーDX",10,16,false
technique,1260,,"バディブラスター",8,16,false
technique,1261,,"アームバンカー",7,16,false
technique,1262,,"オプティックレーザー",10,16,false
technique,1263,,"ミヤバルカン",6,16,false
technique,1264,,"トライデントジャスファング",13,16,false
technique,1265,,"ハイパーロックマグナム",11,16,false
technique,1266,,"エレキバスタークロス",10,16,false
technique,1267,,"ビクトライズ・バンキング",12,16,false
technique,1268,,"ブレイブビートロックダブルクロス",16,16,false
technique,1269,,"ハートブレイクショット",11,16,false
technique,1270,,"セクシーダイナマイツ",10,16,false
technique,1271,,"ウロボロスゲート",8,16,false
technique,1272,,"スパイシーハードラヴ",10,16,false
technique,1273,,"トライデントファング",10,16,false
technique,1274,,"デストロイスマッシャー",11,16,false
technique,1275,,"ジークフレイム",7,16,false
technique,1276,,"プラズマレールガン",9,16,false
technique,1277,,"ファイナルストライクス",11,16,false
technique,1278,,"スナイプヘッドショット",11,16,false
technique,1279,,"ボウカッター",6,16,false
technique,1280,,"フットショット",7,16,false
technique,1281,,"アローランス",6,16,false
technique,1282,,"タービュランスアロー",10,16,false
technique,1283,,"ザ・ワールドショット",10,16,false
technique,1284,,"ギガスクリーム",7,16,false
technique,1285,,"サウンドフィニッシュ",10,16,false
technique,1286,,"イレイザークロー",8,16,false
technique,1287,,"グラットンファング",9,16,false
technique,1288,,"サイバーブレーダー",9,16,false
technique,1289,,"デスディバイダー",8,16,false
technique,1290,,"イッチ・ダン・ケツ",9,16,false
technique,1291,,"￥UE-N",5,16,false
technique,1292,,"ブラスターテイル",8,16,false
technique,1293,,"ホーンストライク",8,16,false
technique,1294,,"オクタグラビティ",8,16,false
technique,1295,,"ハイグラビティープレッシャー",14,16,false
technique,1296,,"グラビティー・バン",9,16,false
technique,1297,,"キズナオール",6,16,false
technique,1298,,"スグナオール",6,16,false
technique,1299,,"ヨクナオール",6,16,false
technique,1300,,"スーパーソニックウェーブ",12,16,false
technique,1301,,"ウルトラソニックウェーブ",12,16,false
technique,1302,,"ランガムブレイク",8,16,false
technique,1303,,"ジャックドハンマー",9,16,false
technique,1304,,"ファイアーボルテクス",10,16,false
technique,1305,,"ゴールドボーリング",9,16,false
technique,1306,,"ゴールドプレス",7,16,false
technique,1307,,"キロフレイム",6,16,false
technique,1308,,"ヘッドストライク",8,16,false
technique,1309,,"デュアルトマホークブーメラン",14,16,false
technique,1310,,"バイキングヴュッフェ",10,16,false
technique,1311,,"エイジオブディスカバリー",12,16,false
technique,1312,,"ドリームカムズトゥルー",11,16,false
technique,1313,,"ヘヴィメタルバルカン",10,16,false
technique,1314,,"ハードロックダマシー",10,16,false
technique,1315,,"ビートスラッシュ",8,16,false
technique,1316,,"ミニミニエカキモン",9,16,false
technique,1317,,"カラフルチェンジ",8,16,false
technique,1318,,"ガラパゴスフィールド",10,16,false
technique,1319,,"ティモニナイザー",8,16,false
technique,1320,,"ファイナルトラベラー",10,16,false
technique,1321,,"スピンカリパー",7,16,false
technique,1322,,"エーヴィッヒ・シュラーフ",12,16,false
technique,1323,,"エントリヒ・メテオール",11,16,false
technique,1324,,"レインストリーム",8,16,false
technique,1325,,"ジェラシーレイン",8,16,false
technique,1326,,"シュバルツ・レールザッツ（黒定理）",17,16,true
technique,1327,,"ロート・クロイツ（赤十字架）",14,16,false
technique,1328,,"コンデンサストーム",9,16,false
technique,1329,,"サンダーレーザー",8,16,false
technique,1330,,"ジェネラスミラー",8,16,false
technique,1331,,"オフセットリフレクター",11,16,false
technique,1332,,"マシンガンデストロイ",10,16,false
technique,1333,,"スターライトベロシティ",11,16,false
technique,1334,,"アルティメットサンダー",11,16,false
technique,1335,,"フィールドデストロイヤー",12,16,false
technique,1336,,"ゾーンデリーター",8,16,false
technique,1337,,"マスターオブダークネス",11,16,false
technique,1338,,"リーフサイクロン",8,16,false
technique,1339,,"サウザンドスパイク",9,16,false
technique,1340,,"リヒトアングリフ",8,16,false
technique,1341,,"ツヴァイハンダー",8,16,false
technique,1342,,"ベビーサラマンダー",9,16,false
technique,1343,,"トールハンマー",7,16,false
technique,1344,,"ミョルニルサンダー",9,16,false
technique,1345,,"アヴァランチステップ",10,16,false
technique,1346,,"グレッチャートルペイド（氷河魚雷）",17,16,true
technique,1347,,"トルナード・ガンバ",9,16,false
technique,1348,,"ロゼオ・テンポラーレ",10,16,false
technique,1349,,"ツララララ～",6,16,false
technique,1350,,"スノーボンバー",7,16,false
technique,1351,,"ガイストアーベント",9,16,false
technique,1352,,"エアオーベルング",8,16,false
technique,1353,,"ブルーハワイデス",8,16,false
technique,1354,,"イチゴデス",5,16,false
technique,1355,,"ランブルブレンドナンバー（１～１０）",18,16,true
technique,1356,,"リヒト・ナーゲル",8,16,false
technique,1357,,"ギルガメッシュスライサー",12,16,false
technique,1358,,"ウィンドオブペイン",9,16,false
technique,1359,,"ジェットビンター",8,16,false
technique,1360,,"ウルトラタービュレンス",11,16,false
technique,1361,,"スネークアイブレイク",10,16,false
technique,1362,,"ジャック・イン・ザ・ボックス",14,16,false
technique,1363,,"アースクェイク",7,16,false
technique,1364,,"ハリケーンボンバー",9,16,false
technique,1365,,"スピードスター",7,16,false
technique,1366,,"ソーラレーザー",7,16,false
technique,1367,,"ネーロコルソ",6,16,false
technique,1368,,"タイタニックチャージ",10,16,false
technique,1369,,"炎龍撃（えんりゅうげき）",12,16,false
technique,1370,,"九頭龍陣（くずりゅうじん）",13,16,false
technique,1371,,"シュヴァルツ・ドンナー",11,16,false
technique,1372,,"シュヴァルツ・ケーニッヒ",12,16,false
technique,1373,,"コロナブラスター",8,16,false
technique,1374,,"フレイムストーム",8,16,false
technique,1375,,"リヒト・ズィーガー",9,16,false
technique,1376,,"ツヴァイ・ズィーガー",10,16,false
technique,1377,,"マシンガン・ダンス（機銃の踊り）",16,16,false
technique,1378,,"ブロッケイドシード（封じ込めの種）",17,16,true
technique,1379,,"ブラフマシル",6,16,false
technique,1380,,"ブラフマストラ",7,16,false
technique,1381,,"バーニングサラマンダー",11,16,false
technique,1382,,"サラマンダーブレイク",10,16,false
technique,1383,,"スピニングカッター",9,16,false
technique,1384,,"サーマルメイン",7,16,false
technique,1385,,"アトミックバースト",9,16,false
technique,1386,,"ライトニングブレード",10,16,false
technique,1387,,"ブルーサンダー",7,16,false
technique,1388,,"一刀両断（イットウリョウダン）",15,16,false
technique,1389,,"クグツの術",5,16,false
technique,1390,,"モルフォンガトリング",10,16,false
technique,1391,,"アイアンプレス",7,16,false
technique,1392,,"ホーンブレード",7,16,false
technique,1393,,"バルーンマイン",7,16,false
technique,1394,,"グローバル・グローブ",10,16,false
technique,1395,,"ブラッドダンス・マラカスバージョン",17,16,true
technique,1396,,"テキーラナックル",8,16,false
technique,1397,,"マッハインパルス",8,16,false
technique,1398,,"テンペストウィング",9,16,false
technique,1399,,"ウジャトゲイズ",7,16,false
technique,1400,,"ノーズブラスター",8,16,false
technique,1401,,"ロデオギャロップ",8,16,false
technique,1402,,"シルバーブレイズ",8,16,false
technique,1403,,"シューティングスター",10,16,false
technique,1404,,"リーフホイールカッター",11,16,false
technique,1405,,"ソニックイヤー",7,16,false
technique,1406,,"ナックルファイア",8,16,false
technique,1407,,"ファイアロケット",8,16,false
technique,1408,,"マジックイグニッション",11,16,false
technique,1409,,"ファイヤークラウド",9,16,false
technique,1410,,"マタドールダッシュ",9,16,false
technique,1411,,"フライスパーク",7,16,false
technique,1412,,"ニードルスティンガー",10,16,false
technique,1413,,"ハートナービーム",8,16,false
technique,1414,,"クレイジーソニック",9,16,false
technique,1415,,"イヤーランサー",7,16,false
technique,1416,,"レインボーシャワー",9,16,false
technique,1417,,"メテオダンス",6,16,false
technique,1418,,"ポイズンパウダー",8,16,false
technique,1419,,"パラライズスティング",10,16,false
technique,1420,,"スウィートフェロモン",10,16,false
technique,1421,,"ウィンドシーカー",8,16,false
technique,1422,,"デリションクロウ",8,16,false
technique,1423,,"ヘイルマシンガン",8,16,false
technique,1424,,"ペンチカッター",7,16,false
technique,1425,,"バブルボム",5,16,false
technique,1426,,"オーシャンストライク",10,16,false
technique,1427,,"ビッグクラック",7,16,false
technique,1428,,"ゴールドラッシュ",8,16,false
technique,1429,,"スピリットブーメラン",10,16,false
technique,1430,,"ヒートストーム",7,16,false
technique,1431,,"タスクドライバー",8,16,false
technique,1432,,"ダウントーネ－ド",8,16,false
technique,1433,,"シェルニードルレイン",10,16,false
technique,1434,,"紅葉おろし",5,16,false
technique,1435,,"草薙",2,16,false
technique,1436,,"フレアバスター",7,16,false
technique,1437,,"プリズムレインボー",9,16,false
technique,1438,,"ウールグレネード",8,16,false
technique,1439,,"スパークウィング",8,16,false
technique,1440,,"サンダーストーム",8,16,false
technique,1441,,"ヒートブレス",6,16,false
technique,1442,,"バックドラフト",7,16,false
technique,1443,,"オキシジェンホーミング",11,16,false
technique,1444,,"サブマリンアタック",9,16,false
technique,1445,,"ジャッジメントアロー",10,16,false
technique,1446,,"ジャミングヘルツ",8,16,false
technique,1447,,"鉄砲（テッポウ）",8,16,false
technique,1448,,"ブイブレスアロー",8,16,false
technique,1449,,"ミスティックベル",8,16,false
technique,1450,,"クレイジークレーン",9,16,false
technique,1451,,"フリーズウェーブ",8,16,false
technique,1452,,"ジャンピングブロー",9,16,false
technique,1453,,"タングウィップ",7,16,false
technique,1454,,"桜吹雪",3,16,false
technique,1455,,"連獅子",3,16,false
technique,1456,,"ホワイトスタチュー",9,16,false
technique,1457,,"バサロクラッシュ",8,16,false
technique,1458,,"マッドバルーンボム",9,16,false
technique,1459,,"ニトロタービンウェーブ",11,16,false
technique,1460,,"オーシャンストローム",10,16,false
technique,1461,,"ミッドナイトクラッチ",10,16,false
technique,1462,,"スパイラルマスカレード",11,16,false
technique,1463,,"アージェントフィアー",10,16,false
technique,1464,,"サーペントキュア",8,16,false
technique,1465,,"サーペントルイン",8,16,false
technique,1466,,"セブンズファンタジア",10,16,false
technique,1467,,"シャリテ",4,16,false
technique,1468,,"アギシャンレーヴル",9,16,false
technique,1469,,"ティファレト",6,16,false
technique,1470,,"ローゼスレイピア",8,16,false
technique,1471,,"フォービドゥンテンプテイション",15,16,false
technique,1472,,"無双天翔翼之陣（むそうてんしょうよくのじん）",22,16,true
technique,1473,,"怒涛闇供喪之舞（どとうやみくものまい）",19,16,true
technique,1474,,"雷光一閃之突（らいこういっせんのつき）",19,16,true
technique,1475,,"スパイラルレイヴンクロウ",12,16,false
technique,1476,,"ブラストウィング",8,16,false
technique,1477,,"烏王丸（ちょうおうまる）",12,16,false
technique,1478,,"ディバインアトーンメント",12,16,false
technique,1479,,"ロストルム",5,16,false
technique,1480,,"カウダ",3,16,false
technique,1481,,"ファントムターバン",9,16,false
technique,1482,,"テラーズクラスター",9,16,false
technique,1483,,"ラストブレス",6,16,false
technique,1484,,"ノウレッジストリーム",10,16,false
technique,1485,,"セファーラジエール",9,16,false
technique,1486,,"マボルト",4,16,false
technique,1487,,"パニッシュジャッジ",9,16,false
technique,1488,,"ワイドプラズメント",9,16,false
technique,1489,,"サウザンドフィスト",9,16,false
technique,1490,,"スピリチャルエンチャント",12,16,false
technique,1491,,"レイジ・オブ・ワイバーン",12,16,false
technique,1492,,"ファイナル・クレスト",10,16,false
technique,1493,,"３Dレイザー",6,16,false
technique,1494,,"マックスパワーバイス",10,16,false
technique,1495,,"アルティメットストリーム",12,16,false
technique,1496,,"バナナスリップ",7,16,false
technique,1497,,"デス・クリスタル",8,16,false
technique,1498,,"ゲヘナ・フレイム",8,16,false
technique,1499,,"∞（ムゲン）キャノン",10,16,false
technique,1500,,"タイムアンリミテッド",10,16,false
technique,1501,,"フルムーンメテオインパクト",13,16,false
technique,1502,,"ファイナルミラージュバースト",14,16,false
technique,1503,,"ルナハーケンスラッシャー",12,16,false
technique,1504,,"ダブルクレセントミラージュ",13,16,false
technique,1505,,"フルムーンブラスター",10,16,false
technique,1506,,"ゲイルクロー",6,16,false
technique,1507,,"ストライクロール",8,16,false
technique,1508,,"マッドネスメリーゴーランド",13,16,false
technique,1509,,"コロナサンクションズ",10,16,false
technique,1510,,"オーシャンラブ",7,16,false
technique,1511,,"バインドレッドトリッガー",12,16,false
technique,1512,,"ハッピーバレットシャワリング",14,16,false
technique,1513,,"ケイオストライアングラー",12,16,false
technique,1514,,"トマホークシュタイナー",11,16,false
technique,1515,,"エターナルナイトメア",10,16,false
technique,1516,,"デススリンガー",7,16,false
technique,1517,,"フライバレット",7,16,false
technique,1518,,"ハリケーンビスショット",11,16,false
technique,1519,,"パンデモニウムフレイム",11,16,false
technique,1520,,"デストロイドラッシュ",10,16,false
technique,1521,,"インフィニティボーリング",12,16,false
technique,1522,,"グラビティプレス",8,16,false
technique,1523,,"プラズマステーク",8,16,false
technique,1524,,"サンダーバーニア",8,16,false
technique,1525,,"エレックガード",7,16,false
technique,1526,,"ジャイアントミサイル",10,16,false
technique,1527,,"バーストショット",8,16,false
technique,1528,,"エクスクレメント",8,16,false
technique,1529,,"プラチナエクスクレメント",12,16,false
technique,1530,,"プラチナバープ",7,16,false
technique,1531,,"ニードルスコール",8,16,false
technique,1532,,"マルトサイクロン",8,16,false
technique,1533,,"クリティカルアーム",9,16,false
technique,1534,,"太極（たいきょく）",9,16,false
technique,1535,,"黄廻（おうかい）",8,16,false
technique,1536,,"ネクロミスト",6,16,false
technique,1537,,"ブリットハンマー",8,16,false
technique,1538,,"ドラモンブレイカー",9,16,false
technique,1539,,"トライデントガイア",9,16,false
technique,1540,,"ビクトリーチャージ",9,16,false
technique,1541,,"トランプ・ソード",8,16,false
technique,1542,,"獅子羅王漸（ししらおうざん）",14,16,false
technique,1543,,"フラッシュバンチョーパンチ",13,16,false
technique,1544,,"護王流伝羅守（ごーるでんらっしゅ）",17,16,true
technique,1545,,"千本爆砕（せんぼんどっかーん）",15,16,false
technique,1546,,"特攻漢弾（ぶっこみおとこだま）",15,16,false
technique,1547,,"ブラッディーフィニッシュ",12,16,false
technique,1548,,"爆雷天",3,16,false
technique,1549,,"レッドバット",6,16,false
technique,1550,,"エレクトリックバインド",11,16,false
technique,1551,,"エンブレスヘイズ",8,16,false
technique,1552,,"金剛（こんごう）",8,16,false
technique,1553,,"アトミック・レイ",8,16,false
technique,1554,,"ボルテックスペネトレート",12,16,false
technique,1555,,"ウェーブオブデプス",9,16,false
technique,1556,,"ブレイブメタル",7,16,false
technique,1557,,"ドルディーン",6,16,false
technique,1558,,"ヴォルケンクラッツァー",11,16,false
technique,1559,,"ブロッカーデ",6,16,false
technique,1560,,"エルンストウェル",8,16,false
technique,1561,,"ツヴァングレンツェ",9,16,false
technique,1562,,"トロンメッサー",7,16,false
technique,1563,,"インビンシブルソード（無敵剣）",15,16,false
technique,1564,,"クォ・ヴァディス",8,16,false
technique,1565,,"ロイヤルセーバー",8,16,false
technique,1566,,"ブラックデスクラウド",10,16,false
technique,1567,,"デスアロー",5,16,false
technique,1568,,"エクスプロージョンアイ",11,16,false
technique,1569,,"メタルインパルス",8,16,false
technique,1570,,"スプラッターハンティング",12,16,false
technique,1571,,"オーガフレイム",7,16,false
technique,1572,,"グラウンドファング",9,16,false
technique,1573,,"ハイランドファング",9,16,false
technique,1574,,"カタストロフィーカノン",11,16,false
technique,1575,,"クレセントハーケン",9,16,false
technique,1576,,"アロー・オブ・アルテミス",12,16,false
technique,1577,,"グッドナイト・ムーン",10,16,false
technique,1578,,"蒼雷（そうらい）",8,16,false
technique,1579,,"ダークロアー",6,16,false
technique,1580,,"ギガスティックランス",10,16,false
technique,1581,,"シャインオブビー",8,16,false
technique,1582,,"ビーサイクロン",7,16,false
technique,1583,,"魂魄芯撃（こんぱくしんげき）",14,16,false
technique,1584,,"幻刃無痕（げんじんむこん）",13,16,false
technique,1585,,"呼応冥軍（こおうめいぐん）",13,16,false
technique,1586,,"マッハスティンガーＶ（ビクトリー）",17,16,true
technique,1587,,"セブンヘブンズ",7,16,false
technique,1588,,"天竜斬破（てんりゅうざんは）",14,16,false
technique,1589,,"昇竜斬波（しょうりゅうざんぱ）",15,16,false
technique,1590,,"咬竜斬刃（こうりゅうざんば）",14,16,false
technique,1591,,"ビフロスト",5,16,false
technique,1592,,"オーディンズブレス",9,16,false
technique,1593,,"ホーリーエスパーダ",9,16,false
technique,1594,,"ヘブンズリッパー",8,16,false
technique,1595,,"ソニックスラッシュレイン",12,16,false
technique,1596,,"ブループロミネンス",9,16,false
technique,1597,,"天羽々斬（あまのはばきり）",13,16,false
technique,1598,,"八雷神（やくさのいかづち）",13,16,false
technique,1599,,"紅焔（こうえん）",8,16,false
technique,1600,,"ムゲンキャノン",7,16,false
technique,1601,,"アクセルアーム",7,16,false
technique,1602,,"タイムデストロイヤー",10,16,false
technique,1603,,"ズィード砲",5,16,false
technique,1604,,"フルメタルブレイズ",9,16,false
technique,1605,,"ブローバックブレス",9,16,false
technique,1606,,"メガトンハイドロレーザー",12,16,false
technique,1607,,"ジャンボクレーター",9,16,false
technique,1608,,"ジャンボジェッター",9,16,false
technique,1609,,"悟遍路掌（さとりへんろしょう）",15,16,false
technique,1610,,"霊光蜘蛛之糸（れいこうくものいと）",17,16,true
technique,1611,,"怠条真言（たいじょうしんごん）",15,16,false
technique,1612,,"グロリアスバースト",9,16,false
technique,1613,,"シャイニングブラスト",10,16,false
technique,1614,,"ジオグレイソード",8,16,false
technique,1615,,"ハング・オン・デス",9,16,false
technique,1616,,"霧幻（むげん）",7,16,false
technique,1617,,"轍剣成敗（てっけんせいばい）",14,16,false
technique,1618,,"シュベルトガイスト",9,16,false
technique,1619,,"アウスジェネリクス",9,16,false
technique,1620,,"打首獄門",4,16,false
technique,1621,,"十文字斬り",5,16,false
technique,1622,,"飯綱（いづな）",7,16,false
technique,1623,,"ネイルクラッシャー",9,16,false
technique,1624,,"髑髏乱舞（どくろらんぶ)",12,16,false
technique,1625,,"カイザーフェニックス",10,16,false
technique,1626,,"ミスティックブレイク",10,16,false
technique,1627,,"エンド・ワルツ",7,16,false
technique,1628,,"ゴッドブレス",6,16,false
technique,1629,,"エクリプスフィンガー",10,16,false
technique,1630,,"カリュドーンアルクス",10,16,false
technique,1631,,"スーパーソニックボイス",11,16,false
technique,1632,,"デストロイドクラッシュ",11,16,false
technique,1633,,"クリスタルレボリューション",13,16,false
technique,1634,,"アイオブザゴーゴン",9,16,false
technique,1635,,"グランキラー",6,16,false
technique,1636,,"グランディスシザー",9,16,false
technique,1637,,"ディメンションシザー",10,16,false
technique,1638,,"ザ・キー",4,16,false
technique,1639,,"ギュプト粒子砲",7,16,false
technique,1640,,"ルーインブラスト(破滅の爆薬)",15,16,false
technique,1641,,"黄獣偃月刀（きじゅうえんげつとう）",17,16,true
technique,1642,,"獣狼大回転（じゅうろうだいかいてん)",18,16,true
technique,1643,,"激・氷月牙（げき ひょうげつが）",16,16,false
technique,1644,,"ハートブレイカー",8,16,false
technique,1645,,"クィーンスタンプ",8,16,false
technique,1646,,"クィーンスティック",9,16,false
technique,1647,,"チェックメイト",7,16,false
technique,1648,,"キングスティック",8,16,false
technique,1649,,"キングダッシュ",7,16,false
technique,1650,,"サルしばい",5,16,false
technique,1651,,"ダイナ・キャノン",8,16,false
technique,1652,,"グレネードストーム",9,16,false
technique,1653,,"ギガシーデストロイヤー",11,16,false
technique,1654,,"スカイウェーブ",7,16,false
technique,1655,,"鉄拳制裁",4,16,false
technique,1656,,"地神！神鳴！神馳！親父！（じしん！かみなり！かじ！おやじ！）",30,16,true
technique,1657,,"ちゃぶ台返し",6,16,false
technique,1658,,"ブラックレクイエム",9,16,false
technique,1659,,"デッドスクリーム",8,16,false
technique,1660,,"覇王両断剣",5,16,false
technique,1661,,"オーロラブラスター",9,16,false
technique,1662,,"ダークプロミネンス",9,16,false
technique,1663,,"ハイパームゲンキャノン",11,16,false
technique,1664,,"カオスクラッシャー",9,16,false
technique,1665,,"スーパージェノサイドアタック",14,16,false
technique,1666,,"デモンズディザスター",10,16,false
technique,1667,,"ジュデッカプリズン",9,16,false
technique,1668,,"燐火斬（りんかざん）",10,16,false
technique,1669,,"ガイアリアクター",8,16,false
technique,1670,,"燐火撃（りんかげき）",10,16,false
technique,1671,,"オールデリート",7,16,false
technique,1672,,"エデンズジャベリン",9,16,false
technique,1673,,"セフィロートクリスタル",11,16,false
technique,1674,,"コズミックレイ",7,16,false
technique,1675,,"オーラーティオ・グランディオロクア",17,16,true
technique,1676,,"カテドラール",6,16,false
technique,1677,,"グラドゥス",5,16,false
technique,1678,,"永世竜王刃（えいせいりゅうおうじん）",18,16,true
technique,1679,,"黄鎧（おうがい）",8,16,false
technique,1680,,"ラプラスの魔",6,16,false
technique,1681,,"エルダーサイン",7,16,false
technique,1682,,"フリージングブリザード",11,16,false
technique,1683,,"グレートスノープロー",10,16,false
technique,1684,,"グレイト・メイルストローム",13,16,false
technique,1685,,"クリスタルビロー",8,16,false
technique,1686,,"アトミックボンバー",9,16,false
technique,1687,,"スーパーノヴァ",7,16,false
technique,1688,,"カラミティサンダー",9,16,false
technique,1689,,"テラブラスター",7,16,false
technique,1690,,"エペイオスギミック",9,16,false
technique,1691,,"サプライズキャノン",9,16,false
technique,1692,,"ダークブラスト",7,16,false
technique,1693,,"ネクロエクリプス",8,16,false
technique,1694,,"ガイアトルネード",8,16,false
technique,1695,,"オメガバースト",7,16,false
technique,1696,,"シャープネスクレイモア",11,16,false
technique,1697,,"アブソリュート・ゼロ",10,16,false
technique,1698,,"ストームゲイザー",8,16,false
technique,1699,,"レインボーシンフォニー",11,16,false
technique,1700,,"ゴールデンロード",8,16,false
technique,1701,,"メテオアースクエイク",10,16,false
technique,1702,,"ジャイアントニッパー",10,16,false
technique,1703,,"アヴァロンズゲート",9,16,false
technique,1704,,"ペンドラゴンズグローリー",12,16,false
technique,1705,,"ドラゴニックインパクト",11,16,false
technique,1706,,"ピンポイントウェポンワークス",14,16,false
technique,1707,,"アプロプリエートワークス",12,16,false
technique,1708,,"ボンバーアート",7,16,false
technique,1709,,"ガイアフォース",7,16,false
technique,1710,,"ブレイブトルネード",9,16,false
technique,1711,,"ヴェノムインフューズ",10,16,false
technique,1712,,"ヒーリングセラピー",9,16,false
technique,1713,,"ＬＯＶＥＹＯＵ",7,16,false
technique,1714,,"ピースファンタジア",9,16,false
technique,1715,,"パージシャイン",7,16,false
technique,1716,,"オーロラアンジュレーション",13,16,false
technique,1717,,"フェンリルソード",8,16,false
technique,1718,,"アウルヴァンディルの矢",11,16,false
technique,1719,,"アークティックブリザード",12,16,false
technique,1720,,"ミョルニル",5,16,false
technique,1721,,"パワーウォーター",8,16,false
technique,1722,,"ブレイズパワー",7,16,false
technique,1723,,"テラハイドロブレス",9,16,false
technique,1724,,"シャインブレイカー",9,16,false
technique,1725,,"オメガブレード",7,16,false
technique,1726,,"クリスタルの破片",8,16,false
technique,1727,,"巨大なクリスタル",8,16,false
technique,1728,,"自己修復",4,16,false
technique,1729,,"究極戦刃王竜剣",7,16,false
technique,1730,,"聖剣グレイダルファー",10,16,false
technique,1731,,"デジタライズ・オブ・ソウル",13,16,false
technique,1732,,"アルティメットブラスト",11,16,false
technique,1733,,"アルティメットクエイク",11,16,false
technique,1734,,"テラバイトディザスター",11,16,false
technique,1735,,"ディストーションライン",11,16,false
technique,1736,,"ブルートフォース",8,16,false
technique,1737,,"ソルブラスター",7,16,false
technique,1738,,"フォイボス・ブロウ",9,16,false
technique,1739,,"アロー・オブ・アポロ",10,16,false
technique,1740,,"暗黒(ダークネスゾーン)",12,16,false
technique,1741,,"ピラミッドパワー",8,16,false
technique,1742,,"アメミット",5,16,false
technique,1743,,"ブラックレイン",7,16,false
technique,1744,,"ミザリーバレットレイン",11,16,false
technique,1745,,"デストラクショントリッガー",13,16,false
technique,1746,,"ハートブレイクアタック",11,16,false
technique,1747,,"ダークストローム",8,16,false
technique,1748,,"イビルアイシクル",8,16,false
technique,1749,,"ストレンジミスト",8,16,false
technique,1750,,"パンドーラ・ダイアログ",11,16,false
technique,1751,,"エターナル・ニルヴァーナ",12,16,false
technique,1752,,"スチームボム",6,16,false
technique,1753,,"ホイールグラインダー",10,16,false
technique,1754,,"ボーリンストーム",8,16,false
technique,1755,,"ローダーモーニングスター",12,16,false
technique,1756,,"ダークネスウェーブ",9,16,false
technique,1757,,"プワゾン",4,16,false
technique,1758,,"ライトニングフィール",10,16,false
technique,1759,,"ルミナフラッシュ",8,16,false
technique,1760,,"デッド・オア・アライブ",11,16,false
technique,1761,,"ストロングフォールド",10,16,false
technique,1762,,"ルークガトリング",8,16,false
technique,1763,,"キャッスルウォール",9,16,false
technique,1764,,"ライラシャワー",7,16,false
technique,1765,,"ビューティースラップ",10,16,false
technique,1766,,"アン・ドゥ・ポラン",9,16,false
technique,1767,,"トライデントリボルバー",11,16,false
technique,1768,,"ライジングデストロイヤー",12,16,false
technique,1769,,"ソリッドストライク",9,16,false
technique,1770,,"ラブリーアタック",8,16,false
technique,1771,,"デスクラウド",6,16,false
technique,1772,,"ソウルプレデター",8,16,false
technique,1773,,"グレイブスクリーム",9,16,false
technique,1774,,"ヌークリアレーザー",9,16,false
technique,1775,,"ホーミングレーザー",9,16,false
technique,1776,,"エミットブレイド",8,16,false
technique,1777,,"ジェノサイドアタック",10,16,false
technique,1778,,"アルティメットスライサー",12,16,false
technique,1779,,"モデストリィスタン",9,16,false
technique,1780,,"ヴィモーハナ",6,16,false
technique,1781,,"コアダート",5,16,false
technique,1782,,"ブラストファイア",8,16,false
technique,1783,,"ギルティブラック",8,16,false
technique,1784,,"マメバイト１０００",9,16,false
technique,1785,,"メットラリアット",8,16,false
technique,1786,,"スネークバンデージ",9,16,false
technique,1787,,"ネクロフォビア",7,16,false
technique,1788,,"サウザンドアロー",8,16,false
technique,1789,,"武舞独繰",4,16,false
technique,1790,,"蝶絶喇叭蹴（ちょうぜつらっぱしゅう）",18,16,true
technique,1791,,"マスターファイアー",9,16,false
technique,1792,,"ヴェーダカ",5,16,false
technique,1793,,"ラウラヴァ",5,16,false
technique,1794,,"チャームプランダー",9,16,false
technique,1795,,"ノーザンクロスボンバー",11,16,false
technique,1796,,"ビックバン・ボイス",9,16,false
technique,1797,,"ビックバン・タックル",10,16,false
technique,1798,,"ヘブンズゲート",7,16,false
technique,1799,,"タイダルウェーブ",8,16,false
technique,1800,,"つっこみパンチ",7,16,false
technique,1801,,"コールドギャグ",7,16,false
technique,1802,,"悪魔のなげキッス",8,16,false
technique,1803,,"スパイラルフラワー",9,16,false
technique,1804,,"紅蓮獣王波（ぐれんじゅうおうは）",16,16,false
technique,1805,,"紅・獅子之舞（くれない・ししのまい）",18,16,true
technique,1806,,"清々之咆哮（せいせいのほうこう）",16,16,false
technique,1807,,"アイスファントム",8,16,false
technique,1808,,"コールドフレイム",8,16,false
technique,1809,,"ブラックスタチュー",9,16,false
technique,1810,,"デーモンズシャウト",9,16,false
technique,1811,,"ソウルチョッパー",8,16,false
technique,1812,,"ヒートウェーブ",7,16,false
technique,1813,,"ビットボム",5,16,false
technique,1814,,"ビッグスマイリーボマー",11,16,false
technique,1815,,"ビショップレーザー",9,16,false
technique,1816,,"ビショップクロス",8,16,false
technique,1817,,"マジカルスティック",9,16,false
technique,1818,,"成龍刃（せいりゅうじん）",12,16,false
technique,1819,,"縦横車（じゅうおうぐるま）",13,16,false
technique,1820,,"トリックオアトリート",10,16,false
technique,1821,,"アニマルネイル",7,16,false
technique,1822,,"ストライクフィッシング",11,16,false
technique,1823,,"ソニックデストロイヤー",11,16,false
technique,1824,,"マッドポンプ",6,16,false
technique,1825,,"オクタゴンアタック",9,16,false
technique,1826,,"ヘルタースケルター",9,16,false
technique,1827,,"ヴァンパイアダンス",9,16,false
technique,1828,,"ヴァフニジュヴァーラ",10,16,false
technique,1829,,"エスグリーマ",6,16,false
technique,1830,,"デスペラードブラスター",11,16,false
technique,1831,,"ギルティクロウ",7,16,false
technique,1832,,"プラグボム",5,16,false
technique,1833,,"ベルセルクソード",8,16,false
technique,1834,,"メタルメテオ",6,16,false
technique,1835,,"ブラッディータワー",9,16,false
technique,1836,,"コブシトーン",6,16,false
technique,1837,,"呪禁札（じゅごんさつ）",11,16,false
technique,1838,,"鬼門遁甲（きもんとんこう）",13,16,false
technique,1839,,"ロイヤルナッツ",7,16,false
technique,1840,,"グラスラッシュ",7,16,false
technique,1841,,"ブリンデッド",6,16,false
technique,1842,,"へヴィーメタルファイアー",12,16,false
technique,1843,,"ヒートチェーン",7,16,false
technique,1844,,"エニグマ",4,16,false
technique,1845,,"ナイトメアシンドローム",11,16,false
technique,1846,,"ブラッディーケイブ",9,16,false
technique,1847,,"ヘルマスカレード",8,16,false
technique,1848,,"強振砲舞乱（きょうしんホームラン）",17,16,true
technique,1849,,"打々々魅飲血（だだだみんち）",14,16,false
technique,1850,,"豚ノ丸焼（ぶたのまるやき）",13,16,false
technique,1851,,"シュヴァボージャナ",9,16,false
technique,1852,,"疾風天翔剣（しっぷうてんしょうけん）",18,16,true
technique,1853,,"迅速の心得（じんそくのこころえ）",16,16,false
technique,1854,,"改心の波動",5,16,false
technique,1855,,"ストライバ－キャノン",10,16,false
technique,1856,,"ブラストガトリング",9,16,false
technique,1857,,"フォービドゥントライデント",13,16,false
technique,1858,,"梵筆閃（ぼんひつせん）",11,16,false
technique,1859,,"ダークイクスプロージョン",12,16,false
technique,1860,,"シュバルツネーベル",9,16,false
technique,1861,,"ダークホール",6,16,false
technique,1862,,"第一曲≪ポリフォニー≫",11,16,false
technique,1863,,"第二曲≪アリア≫",8,16,false
technique,1864,,"第三曲≪カノン≫",8,16,false
technique,1865,,"レッジストレイド",8,16,false
technique,1866,,"メテオフレイム",7,16,false
technique,1867,,"トライデントセイバー",10,16,false
technique,1868,,"ハンマースパーク",8,16,false
technique,1869,,"ブラックアウト",7,16,false
technique,1870,,"ポイズンピアス",7,16,false
technique,1871,,"グレイブボーン",7,16,false
technique,1872,,"デッドリーフィアー",9,16,false
technique,1873,,"ネイルボーン",6,16,false
technique,1874,,"オブリビオンバード",9,16,false
technique,1875,,"ハレースコール",7,16,false
technique,1876,,"プーヤヴァーハ",7,16,false
technique,1877,,"トップガン",5,16,false
technique,1878,,"デュアルソニック",8,16,false
technique,1879,,"チェリーボム",6,16,false
technique,1880,,"ニギミタマ",5,16,false
technique,1881,,"アラミタマ",5,16,false
technique,1882,,"スマッシュポテト",8,16,false
technique,1883,,"降妖杖・渦紋の陣（かもんのじん）",16,16,false
technique,1884,,"降妖杖・滝の陣（たきのじん）",14,16,false
technique,1885,,"月牙斬（げつがざん）",10,16,false
technique,1886,,"クリシュナ",5,16,false
technique,1887,,"杜子春経（とししゅんきょう）",14,16,false
technique,1888,,"胡蝶夢経（こちょうむきょう）",14,16,false
technique,1889,,"無限弾幕心経（むげんだんまくしんきょう）",20,16,true
technique,1890,,"渦紋の陣（かもんのじん）",12,16,false
technique,1891,,"滝の陣（たきのじん）",10,16,false
technique,1892,,"秘技・夢現影（ひぎ・むげんえい）",16,16,false
technique,1893,,"疾風迅雷撃（しっぷうじんらいげき）",17,16,true
technique,1894,,"超帯電雷光砲（ちょうたいでんらいこうほう）",21,16,true
technique,1895,,"觔斗雲（きんとうん）",10,16,false
technique,1896,,"クリミシャ",5,16,false
technique,1897,,"ルナティックダンス",9,16,false
technique,1898,,"アイスアーチェリー",9,16,false
technique,1899,,"ダークアーチェリー",9,16,false
technique,1900,,"クロスブレード",7,16,false
technique,1901,,"グレイドスラッシュ",9,16,false
technique,1902,,"獅子獣波斬",5,16,false
technique,1903,,"旋風タービン蹴り",8,16,false
technique,1904,,"スクラップレスクロー",10,16,false
technique,1905,,"メガトンハマークラッシュ",12,16,false
technique,1906,,"ギガクラック",6,16,false
technique,1907,,"デッドリーボム",7,16,false
technique,1908,,"レイジギガアンカー",9,16,false
technique,1909,,"パイレーツパニッシャー",11,16,false
technique,1910,,"レッグリボルバー",8,16,false
technique,1911,,"ニトロスティンガー",9,16,false
technique,1912,,"スカイロケット∞（ムゲン）",13,16,false
technique,1913,,"マジックアーム",7,16,false
technique,1914,,"ミラクルボム",6,16,false
technique,1915,,"ヒート・バイパー",8,16,false
technique,1916,,"ジェノサイドギア",8,16,false
technique,1917,,"ギルティクロー",7,16,false
technique,1918,,"悟り（さとり）",7,16,false
technique,1919,,"衝撃羽（しょうげきは）",11,16,false
technique,1920,,"ウンチバズーカ",7,16,false
technique,1921,,"酒ブレス",4,16,false
technique,1922,,"アメノムラクモ",7,16,false
technique,1923,,"シザーアームズΩ",8,16,false
technique,1924,,"ホーリーアロー",7,16,false
technique,1925,,"ラブ・セレナーデ",8,16,false
technique,1926,,"ダークスピリッツ",8,16,false
technique,1927,,"プリティーアタック",9,16,false
technique,1928,,"ブラックマター",7,16,false
technique,1929,,"Ｖウィングブレード",9,16,false
technique,1930,,"ドラゴンインパルス",9,16,false
technique,1931,,"ヴォルカニックフォーン",11,16,false
technique,1932,,"サークルオブデス",8,16,false
technique,1933,,"ブレイズソニックブレス",11,16,false
technique,1934,,"エクスプロードソニックランス",14,16,false
technique,1935,,"ウイングブラスト",8,16,false
technique,1936,,"スーカラ",4,16,false
technique,1937,,"ナイトレイド",6,16,false
technique,1938,,"ローダ",3,16,false
technique,1939,,"ヘルズグレネード",8,16,false
technique,1940,,"コクーンアタック",8,16,false
technique,1941,,"アドームクハ",6,16,false
technique,1942,,"コズモフラッシュ",8,16,false
technique,1943,,"ガトリングミサイル",9,16,false
technique,1944,,"スパイラルソード",8,16,false
technique,1945,,"アシパトラヴァナ",8,16,false
technique,1946,,"エリミネイションライン",11,16,false
technique,1947,,"ワームフェイズ",7,16,false
technique,1948,,"スパイダースレッド",9,16,false
technique,1949,,"プレデーションスパイダー",12,16,false
technique,1950,,"スティンガーサプライズ",11,16,false
technique,1951,,"ホーンバスター",7,16,false
technique,1952,,"ヘルファイア",6,16,false
technique,1953,,"マーヴェリック",7,16,false
technique,1954,,"阿修羅神拳（あしゅらしんけん）",15,16,false
technique,1955,,"ペネトレイザー",7,16,false
technique,1956,,"ウイングカッター",8,16,false
technique,1957,,"パワードイグニッション",11,16,false
technique,1958,,"トライアングラー",8,16,false
technique,1959,,"プラズマッドネス",8,16,false
technique,1960,,"デスディナー",6,16,false
technique,1961,,"ブランブルバイト",8,16,false
technique,1962,,"プラントゾーンクレイドル",12,16,false
technique,1963,,"チャージングストライク",11,16,false
technique,1964,,"ボルトブレイクノックダウン",13,16,false
technique,1965,,"ライトニングパイル",9,16,false
technique,1966,,"ターボスティンガー",9,16,false
technique,1967,,"ベアバスター",6,16,false
technique,1968,,"駆駆裂空斬（くるくるれっくうざん）",17,16,true
technique,1969,,"獣牙乱撃（じゅうがらんげき）",14,16,false
technique,1970,,"真空カマイタチ",7,16,false
technique,1971,,"ハザードブレス",7,16,false
technique,1972,,"ムーンナイトボム",8,16,false
technique,1973,,"ティアーアロー",7,16,false
technique,1974,,"ムーンナイトキック",9,16,false
technique,1975,,"ヘドロ",3,16,false
technique,1976,,"シェイキングパルス",9,16,false
technique,1977,,"ジャスティスブリット",10,16,false
technique,1978,,"アンブッシュクランチ",10,16,false
technique,1979,,"サンダーオブキング",9,16,false
technique,1980,,"クリティカルストライク",11,16,false
technique,1981,,"焔玉（ほむらだま）",9,16,false
technique,1982,,"邪炎龍（じゃえんりゅう)",12,16,false
technique,1983,,"絶対零度パンチ",7,16,false
technique,1984,,"アイスクルロッド",8,16,false
technique,1985,,"骨骨ブーメラン",7,16,false
technique,1986,,"バーニングフィスト",9,16,false
technique,1987,,"ジャイロブレイク",8,16,false
technique,1988,,"トゥインクルビーム",9,16,false
technique,1989,,"切り捨て御免",6,16,false
technique,1990,,"ダークサイドクェイク",10,16,false
technique,1991,,"肉球パンチ",5,16,false
technique,1992,,"ネコクロー",5,16,false
technique,1993,,"マッドネスブローチ",9,16,false
technique,1994,,"スラップアンドリップ",10,16,false
technique,1995,,"スパイラルクロー",8,16,false
technique,1996,,"苦無羽（くないばね）",10,16,false
technique,1997,,"サウザンドビーク",8,16,false
technique,1998,,"スパークブレイド",8,16,false
technique,1999,,"エアーナイフ",6,16,false
technique,2000,,"フレイムヒット",7,16,false
technique,2001,,"フレイムタワー",7,16,false
technique,2002,,"ヘリウムボム",6,16,false
technique,2003,,"ツェッペリンエクスプロージョン",15,16,false
technique,2004,,"レアメタルウンチ",8,16,false
technique,2005,,"デッドリースティング",10,16,false
technique,2006,,"キャプテンキャノン",9,16,false
technique,2007,,"デスクラッシュ",7,16,false
technique,2008,,"イビルハリケーン",8,16,false
technique,2009,,"スナイプスティール",9,16,false
technique,2010,,"ブラストコフィン",8,16,false
technique,2011,,"フレイムダイブ",7,16,false
technique,2012,,"ファイラクロー",7,16,false
technique,2013,,"ファイラボム",6,16,false
technique,2014,,"スノーパンチ",6,16,false
technique,2015,,"スナイプスティング",9,16,false
technique,2016,,"トゥインクルシュート",10,16,false
technique,2017,,"ミッドナイトファンタジア",12,16,false
technique,2018,,"怒髪天（どはつてん）",10,16,false
technique,2019,,"ヘルズハンド",6,16,false
technique,2020,,"デスチャーム",6,16,false
technique,2021,,"フィフクロス",6,16,false
technique,2022,,"ティーンブレイド",8,16,false
technique,2023,,"バーンフレイム",7,16,false
technique,2024,,"ドラグレスパイカー",9,16,false
technique,2025,,"メテオウィング",7,16,false
technique,2026,,"ニセドリルスピン",8,16,false
technique,2027,,"ウンチ",3,16,false
technique,2028,,"ウンチダンク",6,16,false
technique,2029,,"ビッグダーツ",6,16,false
technique,2030,,"ギャロップホール",8,16,false
technique,2031,,"ナイトランサー",7,16,false
technique,2032,,"キャノンボール",7,16,false
technique,2033,,"パワーメタル",6,16,false
technique,2034,,"ドリルスピン",6,16,false
technique,2035,,"クラッシャーボーン",9,16,false
technique,2036,,"トブトブフェニックス",10,16,false
technique,2037,,"グルグルファイト",8,16,false
technique,2038,,"ジステン・ハウリング",10,16,false
technique,2039,,"ウルトラかみつく",8,16,false
technique,2040,,"スティンガー・ポレーション",13,16,false
technique,2041,,"シェルファランクス",9,16,false
technique,2042,,"巌兎烈斗（ガントレット）",12,16,false
technique,2043,,"トリプレックスフォース",11,16,false
technique,2044,,"スカルファング",7,16,false
technique,2045,,"デスクロウ",5,16,false
technique,2046,,"クリムゾンネイル",8,16,false
technique,2047,,"メタルキャスト",7,16,false
technique,2048,,"キャッツ・アイ",7,16,false
technique,2049,,"ファイアーブレス",8,16,false
technique,2050,,"メガダッシュインパクト",11,16,false
technique,2051,,"デストラクションロアー",11,16,false
technique,2052,,"グレートウェイト",8,16,false
technique,2053,,"ハイパーキャノン",8,16,false
technique,2054,,"ラ・ピュセル",6,16,false
technique,2055,,"バテーム・デ・アムール",11,16,false
technique,2056,,"パンツァーナックル",9,16,false
technique,2057,,"電撃ハグハグスニーカー",11,16,false
technique,2058,,"トンガリヘッド",7,16,false
technique,2059,,"アンニャセレナーデ",9,16,false
technique,2060,,"ドレッドファイア",8,16,false
technique,2061,,"クリスタルクラウド",9,16,false
technique,2062,,"ネクロマジック",7,16,false
technique,2063,,"ブラックセーバー",8,16,false
technique,2064,,"Road T(w)o Decade",17,16,true
technique,2065,,"ヴァンシオン",6,16,false
technique,2066,,"シャドウ・シックル",9,16,false
technique,2067,,"ストライクファング",9,16,false
technique,2068,,"スパイキングフィニッシュ",12,16,false
technique,2069,,"ジャングルパンチ",8,16,false
technique,2070,,"ラスターショット",8,16,false
technique,2071,,"ミッキーバレット",8,16,false
technique,2072,,"ブレスファイア",7,16,false
technique,2073,,"グランドシスタークルス",11,16,false
technique,2074,,"ホーンインパルス",8,16,false
technique,2075,,"フリーデスフォール",9,16,false
technique,2076,,"キルミー",4,16,false
technique,2077,,"デスビハインド",7,16,false
technique,2078,,"スカウターモノアイ",9,16,false
technique,2079,,"ヴァリアブルダーツ",9,16,false
technique,2080,,"サンシャインビーム",9,16,false
technique,2081,,"スマイリービンタ",8,16,false
technique,2082,,"カクタステイル",7,16,false
technique,2083,,"サンダーボール",7,16,false
technique,2084,,"スティッカーブレイド",10,16,false
technique,2085,,"ブラックマインド",8,16,false
technique,2086,,"スクイーズバイン",8,16,false
technique,2087,,"ハイパーヒート",7,16,false
technique,2088,,"パワーアタック",7,16,false
technique,2089,,"ドリームダスト",7,16,false
technique,2090,,"カース・クリムゾン",9,16,false
technique,2091,,"ゴーレムパンチ",7,16,false
technique,2092,,"ペトラファイアー",8,16,false
technique,2093,,"コウガ流影分身",7,16,false
technique,2094,,"グリーンフレアブレス",10,16,false
technique,2095,,"ストライクボマー",8,16,false
technique,2096,,"ジ・シュルネン-Ⅱ",9,16,false
technique,2097,,"ブルーフレアブレス",9,16,false
technique,2098,,"ハンティングキャノン",10,16,false
technique,2099,,"ハイパースメル",7,16,false
technique,2100,,"デビルバッシング",8,16,false
technique,2101,,"クロノブレーカー",8,16,false
technique,2102,,"カオスファイアー",8,16,false
technique,2103,,"当身返し",4,16,false
technique,2104,,"データクラッシャー",9,16,false
technique,2105,,"棒陣破（ぼうじんは）",10,16,false
technique,2106,,"徹甲刃（てっこうじん）",11,16,false
technique,2107,,"鬼炎弾（きえんだん）",10,16,false
technique,2108,,"逆撃炎弾（ぎゃくげきえんだん）",15,16,false
technique,2109,,"銀角突貫（ぎんかくとっかん）",14,16,false
technique,2110,,"金銀雷鳴撃（きんぎんらいめいげき）",17,16,true
technique,2111,,"鬼爆葬（きばくそう）",10,16,false
technique,2112,,"怒気怒鬼怒灸（ドキドキドキューン）",17,16,true
technique,2113,,"雷光鬼蹴（らいこうきしゅう）",14,16,false
technique,2114,,"鬼火玉（おにびだま）",10,16,false
technique,2115,,"狐炎龍（こえんりゅう）",11,16,false
technique,2116,,"リトルペッカ－",7,16,false
technique,2117,,"ＤＪシューター",7,16,false
technique,2118,,"ガワッパンチ",6,16,false
technique,2119,,"ガワッパラッパー",8,16,false
technique,2120,,"シェルズアタック",8,16,false
technique,2121,,"メガブラスター",7,16,false
technique,2122,,"ラクガキロケット",8,16,false
technique,2123,,"オメカキック",6,16,false
technique,2124,,"海鳴墨銃（かいめいぼくじゅう）",15,16,false
technique,2125,,"ヘブンズナックル",8,16,false
technique,2126,,"ツインネプチューン",9,16,false
technique,2127,,"ストロングクランチ",9,16,false
technique,2128,,"エクスレイザー",7,16,false
technique,2129,,"スピニングニードル",9,16,false
technique,2130,,"ブランチドレイン",8,16,false
technique,2131,,"デストロイドボイス",9,16,false
technique,2132,,"クラブアーム",6,16,false
technique,2133,,"バルルーナゲイル",8,16,false
technique,2134,,"アクエリープレッシャー",11,16,false
technique,2135,,"ナイトメアショック",9,16,false
technique,2136,,"ハープーンバルカン",9,16,false
technique,2137,,"イガ流手裏剣投げ",8,16,false
technique,2138,,"メガトンプレス",7,16,false
technique,2139,,"テイルハンマー",7,16,false
technique,2140,,"グライドホーン",7,16,false
technique,2141,,"ブラストレーザー",8,16,false
technique,2142,,"スカーレッドアイ",8,16,false
technique,2143,,"アイスボールボム",8,16,false
technique,2144,,"アトラクトエコー",8,16,false
technique,2145,,"アイアントラスト",8,16,false
technique,2146,,"スタンビートブロウ",9,16,false
technique,2147,,"ネバネバネット",7,16,false
technique,2148,,"シルクスレッド",7,16,false
technique,2149,,"ダブルタイフーン",8,16,false
technique,2150,,"狐変虚（こへんきょ）",10,16,false
technique,2151,,"狐葉楔（こようせつ）",10,16,false
technique,2152,,"レオクロー",5,16,false
technique,2153,,"クリティカルバイト",9,16,false
technique,2154,,"ルナクロー",5,16,false
technique,2155,,"ティアーシュート",8,16,false
technique,2156,,"ロップイヤーリップル",10,16,false
technique,2157,,"グランドクロス",7,16,false
technique,2158,,"兜返し",3,16,false
technique,2159,,"居合刃（いあいじん）",10,16,false
technique,2160,,"ナッツシュート",7,16,false
technique,2161,,"ララスクリュー",7,16,false
technique,2162,,"シング・ア・ソング",9,16,false
technique,2163,,"キュアーリキュール",9,16,false
technique,2164,,"レトリバーク",6,16,false
technique,2165,,"リトルブリザード",8,16,false
technique,2166,,"クラックバイト",7,16,false
technique,2167,,"トロピカルビーク",8,16,false
technique,2168,,"ポイズン・ス・マッシュ",11,16,false
technique,2169,,"逃げ足猛ダッシュ",8,16,false
technique,2170,,"ポーンスピアー",7,16,false
technique,2171,,"ポーンバックラー",8,16,false
technique,2172,,"ピラミッドフォーメーション",13,16,false
technique,2173,,"ビークペッカー",7,16,false
technique,2174,,"フェザースラッシュ",9,16,false
technique,2175,,"無限ビンタ",5,16,false
technique,2176,,"小熊正拳突き",6,16,false
technique,2177,,"アレルギーシャワー",9,16,false
technique,2178,,"ブンブンパンチ",7,16,false
technique,2179,,"ブイモンヘッド",7,16,false
technique,2180,,"ギアスティンガー",8,16,false
technique,2181,,"８８コール（ハチハチコール）",14,16,false
technique,2182,,"ファルコラッシュ",8,16,false
technique,2183,,"エビルスノア",6,16,false
technique,2184,,"ユーカリクロー",7,16,false
technique,2185,,"マジカルファイアー",9,16,false
technique,2186,,"ピコダーツ",5,16,false
technique,2187,,"フィフスラッシュ",8,16,false
technique,2188,,"ティーンラム",6,16,false
technique,2189,,"エアショット",6,16,false
technique,2190,,"ハネビンタ",5,16,false
technique,2191,,"逃げ足ダッシュ",7,16,false
technique,2192,,"たぬきねいり",6,16,false
technique,2193,,"ニセハカセボウ",7,16,false
technique,2194,,"ニセハカセボー",7,16,false
technique,2195,,"ダッシュメタル",7,16,false
technique,2196,,"メタルキャノン",7,16,false
technique,2197,,"ベビーブレス",6,16,false
technique,2198,,"テイルスマッシュ",8,16,false
technique,2199,,"アイオブナイトメア",9,16,false
technique,2200,,"アンデッドファング",9,16,false
technique,2201,,"プチサンダー",6,16,false
technique,2202,,"スピードナイトメア",9,16,false
technique,2203,,"ナイトメアパンデミック",11,16,false
technique,2204,,"フェアリーパウダー",9,16,false
technique,2205,,"ピーターモンシンドローム",12,16,false
technique,2206,,"バッドメッセージ",8,16,false
technique,2207,,"チーズ爆弾（ボム）",9,16,false
technique,2208,,"シャイニーリング",8,16,false
technique,2209,,"トゥエンティダイブ",9,16,false
technique,2210,,"スノーゴブボルト",8,16,false
technique,2211,,"スラッシュフィン",8,16,false
technique,2212,,"ブラインピストル",8,16,false
technique,2213,,"ウォータースクリュー",10,16,false
technique,2214,,"シャーマハンマー",8,16,false
technique,2215,,"ディバインピース",8,16,false
technique,2216,,"プロテクトウェーブ",9,16,false
technique,2217,,"カワフルスパーク",8,16,false
technique,2218,,"ハデハデホーン",7,16,false
technique,2219,,"原色の舞い",5,16,false
technique,2220,,"コロナックル",6,16,false
technique,2221,,"コロナフレイム",7,16,false
technique,2222,,"プチプロミネンス",8,16,false
technique,2223,,"Ｍ１６アサシン",7,16,false
technique,2224,,"ＤＣＤボム",5,16,false
technique,2225,,"ゴブリストライク",8,16,false
technique,2226,,"サンダーコテ",6,16,false
technique,2227,,"ファイヤーメン",7,16,false
technique,2228,,"スクープスマッシュ",9,16,false
technique,2229,,"ビートルラリアット",9,16,false
technique,2230,,"ミスチバスフープ",8,16,false
technique,2231,,"ベビースリング",7,16,false
technique,2232,,"エレクトリックスレッド",11,16,false
technique,2233,,"ボンファイア",6,16,false
technique,2234,,"スパイラルエッジ",8,16,false
technique,2235,,"ポインタ・アロー",8,16,false
technique,2236,,"メットタックル",7,16,false
technique,2237,,"コーラガード",6,16,false
technique,2238,,"ローリングアッパー",9,16,false
technique,2239,,"ダブルバックハンド",9,16,false
technique,2240,,"ガオラッシュ",6,16,false
technique,2241,,"ボイルドバブル",7,16,false
technique,2242,,"ジャミングサンダー",9,16,false
technique,2243,,"スパークリングサンダー",11,16,false
technique,2244,,"フレッシュシュリンプ",10,16,false
technique,2245,,"ホットカツレツ",7,16,false
technique,2246,,"サモン",3,16,false
technique,2247,,"ネメシスアイビー",8,16,false
technique,2248,,"スクラッチビート",8,16,false
technique,2249,,"ローリングストーン",9,16,false
technique,2250,,"ソウルアブソープション",11,16,false
technique,2251,,"イレイズシックル",8,16,false
technique,2252,,"ハカセボウ",5,16,false
technique,2253,,"ハカセボー",5,16,false
technique,2254,,"スマイルファング",8,16,false
technique,2255,,"伸縮性のある泡",7,16,false
technique,2256,,"パインコーン",6,16,false
technique,2257,,"ミサイルクラッシュ",9,16,false
technique,2258,,"ポロロブリーズ",7,16,false
technique,2259,,"殺生石",3,16,false
technique,2260,,"ホットガス",5,16,false
technique,2261,,"チックリット",6,16,false
technique,2262,,"シッポビンタ",6,16,false
technique,2263,,"小さな火炎弾",6,16,false
technique,2264,,"空気の泡",4,16,false
technique,2265,,"シャボンフラワー",8,16,false
technique,2266,,"ピリピリスパーク",8,16,false
technique,2267,,"ドクトゲトゲ",6,16,false
technique,2268,,"毒の泡",3,16,false
technique,2269,,"フォックステイル",8,16,false
technique,2270,,"メタルドロップ",7,16,false
technique,2271,,"ネイルスクラッチ",8,16,false
technique,2272,,"ダブルボブル",6,16,false
technique,2273,,"フォームシャワー",8,16,false
technique,2274,,"ホップアタック",7,16,false
technique,2275,,"ツゥーモ",4,16,false
technique,2276,,"サクサク",4,16,false
technique,2277,,"メタルストロー",7,16,false
technique,2278,,"エンジェルリング",8,16,false
technique,2279,,"しっぽスイング",7,16,false
technique,2280,,"ホットバイト",6,16,false
technique,2281,,"ハウリングヘルツ",8,16,false
technique,2282,,"ショックシャウト",8,16,false
technique,2283,,"変身",2,16,false
technique,2284,,"スモーク",4,16,false
technique,2285,,"バチバチバッチン",8,16,false
technique,2286,,"ヘアミスト",5,16,false
technique,2287,,"フワーフェザー",7,16,false
technique,2288,,"小さな鉄のトゲ",7,16,false
technique,2289,,"エンジェルダスト",8,16,false
technique,2290,,"熱い吐息",4,16,false
technique,2291,,"シャボンの泡",6,16,false
technique,2292,,"パフバルーン",6,16,false
technique,2293,,"シードクラッカー",8,16,false
technique,2294,,"小さな鉄粒",5,16,false
technique,2295,,"ジャミングパウダー",9,16,false
technique,2296,,"熱気を帯びた泡",7,16,false
technique,2297,,"サックリ",4,16,false
technique,2298,,"グレアーアイ",6,16,false
technique,2299,,"ディープサーチ",7,16,false
technique,2300,,"ガッチクロー",6,16,false
technique,2301,,"コネクトライン",7,16,false
technique,2302,,"ノイジーコーリング",9,16,false
technique,2303,,"メールダーツ",6,16,false
technique,2304,,"トラブルポスト",7,16,false
technique,2305,,"ツイボム",4,16,false
technique,2306,,"イイネラッシュ",7,16,false
technique,2307,,"バベルシャベル",7,16,false
technique,2308,,"バベルダマル",6,16,false
technique,2309,,"アドリサーチ",6,16,false
technique,2310,,"アドデリート",6,16,false
technique,2311,,"ポストレビュー",7,16,false
technique,2312,,"最悪の評価",5,16,false
technique,2313,,"クイックセットアップ",10,16,false
technique,2314,,"ピーキーセッティング",10,16,false
technique,2315,,"メッセストリームアタック",12,16,false
technique,2316,,"コトダマレイン",7,16,false
technique,2317,,"イドバタペーパー",8,16,false
technique,2318,,"コッソリワーク",7,16,false
technique,2319,,"ロケットバースト",8,16,false
technique,2320,,"オーバードブースト",9,16,false
technique,2321,,"ナビゲーションアロー",10,16,false
technique,2322,,"ショックアタックマーカー",12,16,false
technique,2323,,"ホーミングインパクト",10,16,false
technique,2324,,"ラプターウィング",8,16,false
technique,2325,,"スイッチングレール",9,16,false
technique,2326,,"トレイルスラム",7,16,false
technique,2327,,"プチプチウェザー",8,16,false
technique,2328,,"グズグズウェザー",8,16,false
technique,2329,,"ぐるぐるパニック",8,16,false
technique,2330,,"スピンディフレクション",11,16,false
technique,2331,,"グランドオープン！",9,16,false
technique,2332,,"スケアリーサービス",9,16,false
technique,2333,,"ゴーガイニュース",8,16,false
technique,2334,,"ショーゲキニュース",9,16,false
technique,2335,,"フィンガーポインター",10,16,false
technique,2336,,"チュートリアライズ",9,16,false
technique,2337,,"ソウルシャウト",7,16,false
technique,2338,,"ジッキョークライシス",10,16,false
technique,2339,,"キリングシャッター",9,16,false
technique,2340,,"スパイフォーカス",8,16,false
technique,2341,,"アブソープインタビュー",11,16,false
technique,2342,,"スラックマイク",7,16,false
technique,2343,,"カウントレーザー",8,16,false
technique,2344,,"ディバイドアーム",8,16,false
technique,2345,,"ダストハント",6,16,false
technique,2346,,"トラッシュボム",7,16,false
technique,2347,,"キャプチャーミラー",9,16,false
technique,2348,,"ミラーズリベンジ",8,16,false
technique,2349,,"ブラインドフラッシュ",10,16,false
technique,2350,,"シャイニングボディ",9,16,false
technique,2351,,"アラームホールド",8,16,false
technique,2352,,"ミニッツスピアー",8,16,false
technique,2353,,"オペレートログ",7,16,false
technique,2354,,"ロストダイアリー",8,16,false
technique,2355,,"スティールプラン",8,16,false
technique,2356,,"ミスティックホリデー",10,16,false
technique,2357,,"ウェーブアタック",8,16,false
technique,2358,,"イージーソナー",7,16,false
technique,2359,,"ジャムジャムペイン",9,16,false
technique,2360,,"スプリーシグナル",8,16,false
technique,2361,,"フレイムウォール",8,16,false
technique,2362,,"オールマイティガード",10,16,false
technique,2363,,"ヴァンキッシュクロー",10,16,false
technique,2364,,"ストレンジハック",8,16,false
technique,2365,,"エレクトリックチャージ",11,16,false
technique,2366,,"クラップスパーク",8,16,false
technique,2367,,"ペコペコハンマー",8,16,false
technique,2368,,"ペコスマッシュ",7,16,false
technique,2369,,"ポコポコブロウ",7,16,false
technique,2370,,"ポコメルタ",5,16,false
technique,2371,,"コピー＆ペースト",8,16,false
technique,2372,,"チープイミテーション",10,16,false
technique,2373,,"セービングバブル",8,16,false
technique,2374,,"スプリットメモリー",9,16,false
technique,2375,,"リアルプロジェクション",11,16,false
technique,2376,,"リカバリーウォール",9,16,false
technique,2377,,"エコロジーグラウンド",10,16,false
technique,2378,,"バッテリドレイン",8,16,false
technique,2379,,"スパイドロイド",7,16,false
technique,2380,,"パニックセントリー",9,16,false
technique,2381,,"シークサークル",7,16,false
technique,2382,,"クリーンシグナル",8,16,false
technique,2383,,"スイッチスパーク",8,16,false
technique,2384,,"ツナゲルリンク",7,16,false
technique,2385,,"スイッチレイジー",8,16,false
technique,2386,,"タチキルリンク",7,16,false
technique,2387,,"ドカドカラッシュ",8,16,false
technique,2388,,"ドッカンパンチ",7,16,false
technique,2389,,"プレッシャーリボルヴ",10,16,false
technique,2390,,"ドローフェイズ",7,16,false
technique,2391,,"ブランクカード",7,16,false
technique,2392,,"ホーリーソード",7,16,false
technique,2393,,"ブレイブシールド",8,16,false
technique,2394,,"ポッピンスリー",7,16,false
technique,2395,,"エレメントミックス",9,16,false
technique,2396,,"アップロックビート",9,16,false
technique,2397,,"クレイジーステップ",9,16,false
technique,2398,,"アクセルドライブ",8,16,false
technique,2399,,"レイジーラビット",8,16,false
technique,2400,,"インクシャワー",7,16,false
technique,2401,,"ペイントメルト",7,16,false
technique,2402,,"フォーチュンテラー",9,16,false
technique,2403,,"スフィアインパクト",9,16,false
technique,2404,,"ミュージックアワー！",10,16,false
technique,2405,,"ハッピープレイリスト",10,16,false
technique,2406,,"テイスティングバイト",10,16,false
technique,2407,,"ペロリンログ",6,16,false
technique,2408,,"チャンネルプレイ",8,16,false
technique,2409,,"ダークモニター",7,16,false
technique,2410,,"ソーイングニードル",9,16,false
technique,2411,,"シャミングステッチ",9,16,false
technique,2412,,"ページサモン",6,16,false
technique,2413,,"センテンスウィップ",9,16,false
technique,2414,,"ガシャガシャポン",8,16,false
technique,2415,,"ドッキリカプセル",8,16,false
technique,2416,,"ラッキースロット",8,16,false
technique,2417,,"トリプルセブン",7,16,false
technique,2418,,"トリッキーハッター",9,16,false
technique,2419,,"グランドイリュージョン",11,16,false
technique,2420,,"シックスシェイク",8,16,false
technique,2421,,"ミラクルロール",7,16,false
technique,2422,,"アストロクッキング",9,16,false
technique,2423,,"ソウルフルコース",8,16,false
technique,2424,,"パープルガスト",7,16,false
technique,2425,,"テンタクルバインド",9,16,false
technique,2426,,"ス～パ～スリ～パ～",9,16,false
technique,2427,,"レイジングアイ",7,16,false
technique,2428,,"マッスルポージング",9,16,false
technique,2429,,"ムキムキスエット",8,16,false
technique,2430,,"ヒーリングバンデージ",10,16,false
technique,2431,,"レスキューキッス",8,16,false
technique,2432,,"ルーレットバンク",8,16,false
technique,2433,,"マニーショック",7,16,false
technique,2434,,"ハイドロジェット",8,16,false
technique,2435,,"癒しの湯",4,16,false
technique,2436,,"バイタルサプリ",7,16,false
technique,2437,,"ミナギルエナジー",8,16,false
technique,2438,,"バイタルリミット              オーバーパワー",29,16,true
technique,2439,,"スペシャルビッド",8,16,false
technique,2440,,"ニューサツスイング",9,16,false
technique,2441,,"セツヤクハート",7,16,false
technique,2442,,"ケチケチハート",7,16,false
technique,2443,,"バーゲンプライス",8,16,false
technique,2444,,"バクガイタイム",7,16,false
technique,2445,,"ビブリオスキャン",8,16,false
technique,2446,,"ヒデングリフ",6,16,false
technique,2447,,"クライストルネード",9,16,false
technique,2448,,"ロギプラズマ",6,16,false
technique,2449,,"スクラッチバン",7,16,false
technique,2450,,"ロガブラスト",6,16,false
technique,2451,,"ディープダイブ",7,16,false
technique,2452,,"ドガッチバスター",8,16,false
technique,2453,,"ソニックスラッシュ",9,16,false
technique,2454,,"メッセシュトロム",8,16,false
technique,2455,,"ヘビーギフト",6,16,false
technique,2456,,"ブレイズスラング",8,16,false
technique,2457,,"ネガティブラスター",9,16,false
technique,2458,,"失敗しちゃった",7,16,false
technique,2459,,"スカナックル",6,16,false
technique,2460,,"トリップゲート",7,16,false
technique,2461,,"ワンダラーファング",9,16,false
technique,2462,,"ディヴァインブレス",9,16,false
technique,2463,,"パニックサンダー",8,16,false
technique,2464,,"クロノスライド",7,16,false
technique,2465,,"クロックフィスト",8,16,false
technique,2466,,"クロックシールド",8,16,false
technique,2467,,"ライアースロート",8,16,false
technique,2468,,"ツインスクリーム",8,16,false
technique,2469,,"デスウォッチ",6,16,false
technique,2470,,"デッドリースナイプ",9,16,false
technique,2471,,"トッカンメイカー",8,16,false
technique,2472,,"ゾーンアーキテクト",9,16,false
technique,2473,,"クラッキングクレイス",10,16,false
technique,2474,,"バラージジャック",8,16,false
technique,2475,,"アブソーブジップ",8,16,false
technique,2476,,"アンフリーズフィスト",10,16,false
technique,2477,,"ステルスケープ",7,16,false
technique,2478,,"カメレオンリック",8,16,false
technique,2479,,"ワープループ",6,16,false
technique,2480,,"スケアリーゲート",8,16,false
technique,2481,,"臥龍扇",3,16,false
technique,2482,,"炎舞の陣",4,16,false
technique,2483,,"ドヒョウフィールド",9,16,false
technique,2484,,"ジェット張手",6,16,false
technique,2485,,"コマンド＝ハイパー",9,16,false
technique,2486,,"クレイジーブレイン",9,16,false
technique,2487,,"怒ツ鬼金剛棍",6,16,false
technique,2488,,"愛の入魂金棒",6,16,false
technique,2489,,"上下上下右右左左XY",10,16,false
technique,2490,,"カミワザコンボ",7,16,false
technique,2491,,"カラーズマザー",7,16,false
technique,2492,,"ペイントドラゴン",8,16,false
technique,2493,,"ラメントフェイト",8,16,false
technique,2494,,"アルカナシールド",8,16,false
technique,2495,,"メタモルコーデ",7,16,false
technique,2496,,"フィッティングアロー",10,16,false
technique,2497,,"バーチャルバース",8,16,false
technique,2498,,"クイーンウィール",8,16,false
technique,2499,,"ビッグゲーム",6,16,false
technique,2500,,"ノンレムパペット",8,16,false
technique,2501,,"ドリームシアター",8,16,false
technique,2502,,"ワンオペレーション",9,16,false
technique,2503,,"ワンダーメディシン",9,16,false
technique,2504,,"スパイラルトリガー",9,16,false
technique,2505,,"マッドネスシリンジ",9,16,false
technique,2506,,"スリフトアンサー",8,16,false
technique,2507,,"オクトパラース",7,16,false
technique,2508,,"バーバルジェイル",8,16,false
technique,2509,,"デビルズコデックス",9,16,false
technique,2510,,"アルティメットサーチ",10,16,false
technique,2511,,"グランツゲイザー",8,16,false
technique,2512,,"シュベルトカッター",9,16,false
technique,2513,,"ゼーレゲヴァルト",8,16,false
technique,2514,,"アルフ＝アイン",7,16,false
technique,2515,,"もうダメだ～",6,16,false
technique,2516,,"ダメダメージ",6,16,false
technique,2517,,"コズミックレイダー",9,16,false
technique,2518,,"レインボーアサルト",9,16,false
technique,2519,,"メテオレイン",6,16,false
technique,2520,,"ギガントエルガー",8,16,false
technique,2521,,"パワーブート",6,16,false
technique,2522,,"ナックルソル",6,16,false
technique,2523,,"シザーズブラック",8,16,false
technique,2524,,"ルーナインパルス",8,16,false
technique,2525,,"イミテーションノイズ",10,16,false
technique,2526,,"クラウンマスク",7,16,false
technique,2527,,"ヴンダーゲネシス",8,16,false
technique,2528,,"セイバーシュトラール",10,16,false
technique,2529,,"デーモンアルム",7,16,false
technique,2530,,"ザータンムント",7,16,false
technique,2531,,"ゴールデンファング",9,16,false
technique,2532,,"フレイムストレート",9,16,false
technique,2533,,"ハッピーファントム",9,16,false
technique,2534,,"ポルテメロス",6,16,false
technique,2535,,"ドクトルメス",6,16,false
technique,2536,,"ナーデルブレイズ",8,16,false
technique,2537,,"ローザフェニクス",8,16,false
technique,2538,,"ヴィーナスロッド",8,16,false
technique,2539,,"ウィングパクト",7,16,false
technique,2540,,"レフィシオール",7,16,false
technique,2541,,"ホライゾンタルフレア",10,16,false
technique,2542,,"エクリプスイレイザー",10,16,false
technique,2543,,"イマジンマール",7,16,false
technique,2544,,"アルティメットアダマス",11,16,false
technique,2545,,"ヘル・カキア",6,16,false
technique,2546,,"メランエクスプロード",10,16,false
technique,2547,,"トライデント・フォール",11,16,false
technique,2548,,"海帝掌打",4,16,false
technique,2549,,"ハロー・ハロー",7,16,false
technique,2550,,"アストラルイラプション",11,16,false
technique,2551,,"コード：オリジン",8,16,false
technique,2552,,"イニシャル・ゼロ",8,16,false
technique,2553,,"スピンシュート",7,16,false
technique,2554,,"みみだまし",5,16,false
technique,2555,,"ボディスピアー",7,16,false
technique,2556,,"断鉄剣（だんてつけん）",11,16,false
technique,2557,,"戸締用心(とじまりようじん)",14,16,false
