id,name_ja,name_ko,name_en,name_zh_hans,name_zh_hant,grade_ja,grade_ko,grade_en,grade_zh_hans,grade_zh_hant,app_name_ja,app_name_ko,app_name_en,app_name_zh_hans,app_name_zh_hant,attribute_ja,attribute_ko,attribute_en,attribute_zh_hans,attribute_zh_hant,special_moves_ja,special_moves_ko,special_moves_en,special_moves_zh_hans,special_moves_zh_hant,profile_ja,profile_ko,profile_en,profile_zh_hans,profile_zh_hant,illustration_listed,icon_listed,illustration_url,icon_url_listed,related_ids_ja_snapshot,related_dynamic_snapshot,url_ja,url_ko,url_en,url_zh_hans,url_zh_hant,anomaly_flags
1,ガッチモン,서치몬,Gatchmon,盖奇兽,蓋奇獸,並,스탠다드,Standard,普,普,検索,검색,Search,搜索,搜索,ソーシャル,소셜,Social,社交,社交,ディープサーチ | ガッチクロー,디프 서치 | 서치 클로,Deep Search | Matching Claw,深度搜索 | 盖奇爪,深度搜索 | 蓋奇銳爪,好奇心旺盛で、調べることが大好きなアプモン。生活の知識から相手の弱点まで、ネットの海を探って何でも検索してくれる。,호기심이 왕성하고 조사하는 것을 아주 좋아하는 어플몬. 생활 지식부터 상대의 약점까지 네트워크 바다를 탐색해 무엇이든지 검색해 준다.,"A deeply curious Appmon that loves to investigate. Whether you're looking for a life hack or someone's Achilles' heel, ask it a question and it will dredge up the answer from the vast ocean of information on the net.",好奇心旺盛，非常喜欢调查的应用兽。从生活小知识到对手的弱点，他能在网络之海中为你搜到任何信息。,好奇心旺盛，最喜歡調查的APP獸。從生活知識到對手的弱點，可在網絡之海中搜索出任何資訊。,True,True,https://digimon.net/cimages/appmon/img_chara_001.jpg,https://digimon.net/cimages/appmon/img_icon_001.png,76 | 4 | 12,True,https://digimon.net/appmon/detail.php?id=1,https://digimon.net/appmon_ko/detail.php?id=1,https://digimon.net/appmon_en/detail.php?id=1,https://digimon.net/appmon_zh-CHS/detail.php?id=1,https://digimon.net/appmon_zh-CHT/detail.php?id=1,ko_profile_uses_eopeulmon_not_page_title_apeumon
2,コールモン,콜몬,Callmon,电话兽,電話獸,並,스탠다드,Standard,普,普,電話,전화,Phone,电话,電話,ソーシャル,소셜,Social,社交,社交,コネクトライン | ノイジーコーリング,커넥트 라인 | 노이지 콜링,Connection Line | Annoying Call,牵线搭桥 | 骚扰寻呼,連線攻擊 | 喧鬧呼叫,一度に何人もの相手と電話を繋げることができる､電話のプロフェッショナル。彼からの電話は、決して着信拒否ができない。,한 번에 여러 상대와 전화할 수 있는 전화 전문가다. 콜몬의 전화는 절대 수신을 거부할 수 없다.,A telecommunications expert that can connect any number of people on the phone at once. You'll find that it's impossible to block a call from this Appmon.,作为电话通信方面的专家，他能够同时与多人接通电话。且任何人都无法以任何方式拒接他的来电。,能同時接聽多人電話的電話專員。誰都不能拒接來自他的電話。,True,True,https://digimon.net/cimages/appmon/img_chara_002.jpg,https://digimon.net/cimages/appmon/img_icon_002.png,79 | 3 | 6,True,https://digimon.net/appmon/detail.php?id=2,https://digimon.net/appmon_ko/detail.php?id=2,https://digimon.net/appmon_en/detail.php?id=2,https://digimon.net/appmon_zh-CHS/detail.php?id=2,https://digimon.net/appmon_zh-CHT/detail.php?id=2,
3,メールモン,메일몬,Mailmon,邮件兽,郵件獸,並,스탠다드,Standard,普,普,メール,메일,Mail,电子邮件,郵件,ソーシャル,소셜,Social,社交,社交,メールダーツ | トラブルポスト,메일 다트 | 트러블 포스트,Mail Darts | Trouble Post,电邮飞镖 | 捣蛋邮件,郵件飛鏢 | 麻煩信件,ネットを駆け巡る、頼もしいメールの配達人。彼が投げるメールに乗れば、宛先に指定された場所まで一息に飛んでいくこともできる。,네트워크를 뛰어다니는 믿음직한 메일 배달부. 메일몬이 던지는 메일을 타면 보내는 곳으로 지정된 장소까지 단숨에 날아갈 수도 있다.,A mail carrier that makes its rounds on the net rain or shine. Hop on the mail it slings to arrive at the destination in an instant.,奔驰在网络中的电子邮件快递员，做事非常可靠。乘上他手中的邮件，用户便可以在瞬间被送至邮件的目标地址。,奔走於網路世界的可靠投遞員。如果乘坐他投下的郵件，可以一口氣飛到指定的收件位置。,True,True,https://digimon.net/cimages/appmon/img_chara_003.jpg,https://digimon.net/cimages/appmon/img_icon_003.png,79 | 6 | 2,True,https://digimon.net/appmon/detail.php?id=3,https://digimon.net/appmon_ko/detail.php?id=3,https://digimon.net/appmon_en/detail.php?id=3,https://digimon.net/appmon_zh-CHS/detail.php?id=3,https://digimon.net/appmon_zh-CHT/detail.php?id=3,
4,ツブモン,츠부몬,Tweetmon,发文兽,發文獸,並,스탠다드,Standard,普,普,つぶやき,트윗,Tweet,微博客,發文,ソーシャル,소셜,Social,社交,社交,ツイボム | イイネラッシュ,트위 봄 | 좋아요 러시,Social Bomb | Thumb Rush,发文炸弹 | 轰炸式连赞,發文炸彈 | 點讚突進,フォローした相手の情報をなんでも話してしまう、おしゃべりなアプモン。面白いと思ったことは拡散せずにはいられない。,팔로우한 상대의 정보를 뭐든지 얘기해 버리는 수다스러운 어플몬. 재밌다고 생각한 일은 퍼뜨려야 속이 시원하다.,A chatty Appmon that tells you more than you care to know about the people you follow. It can't help itself from spreading whatever it finds amusing far and wide.,嘴特别碎的应用兽，经常一不小心就将关注对象的所有信息都给透露出去。总是忍不住在网络中散播那些他觉得特别有意思的事情。,會說出關注中的對手的所有資訊，是很健談的APP獸。發現覺得有趣的事情時一定會到處散播。,True,True,https://digimon.net/cimages/appmon/img_chara_004.jpg,https://digimon.net/cimages/appmon/img_icon_004.png,1 | 12 | 45,True,https://digimon.net/appmon/detail.php?id=4,https://digimon.net/appmon_ko/detail.php?id=4,https://digimon.net/appmon_en/detail.php?id=4,https://digimon.net/appmon_zh-CHS/detail.php?id=4,https://digimon.net/appmon_zh-CHT/detail.php?id=4,ko_profile_uses_eopeulmon_not_page_title_apeumon
5,ゲンゴーモン,언어몬,Gengomon,语言兽,語言獸,並,스탠다드,Standard,普,普,翻訳,번역,Translation,翻译,翻譯,ソーシャル,소셜,Social,社交,社交,バベルシャベル | バベルダマル,바벨 샤베루 | 바벨 다마루,Babble Gabble | Babble Stop,巴别演讲 | 巴别沉默,巴別塔語言 | 沉默巴別塔,世界中の言語を知り尽くす、凄腕の翻訳家。相手の喋る言葉を強制的に翻訳して、会話を妨害する能力を持っている。,전 세계 언어에 통달한 뛰어난 번역가. 상대가 말하는 언어를 강제로 번역해서 대화를 방해하는 능력을 지녔다.,A skilled translator that speaks all the languages of the world. Talk to it and it will constantly interrupt you to translate what you say.,通晓世间一切语言的顶尖翻译家，可以通过强制将对手的讲话翻译成别的语言来达到阻碍沟通的目的。,熟知全世界的語言，是能力出眾的翻譯家。可強制翻譯對手所說的語言，擁有妨礙對話的能力。,True,True,https://digimon.net/cimages/appmon/img_chara_005.jpg,https://digimon.net/cimages/appmon/img_icon_005.png,30 | 31 | 85,True,https://digimon.net/appmon/detail.php?id=5,https://digimon.net/appmon_ko/detail.php?id=5,https://digimon.net/appmon_en/detail.php?id=5,https://digimon.net/appmon_zh-CHS/detail.php?id=5,https://digimon.net/appmon_zh-CHT/detail.php?id=5,
6,アドモン,어드몬,Addmon,通讯录兽,通訊錄獸,並,스탠다드,Standard,普,普,アドレス帳,주소록,Address Book,通讯录,通訊錄,ソーシャル,소셜,Social,社交,社交,アドリサーチ | アドデリート,어드 리서치 | 어드 딜리트,Search Address | Delete Address,搜索联系人 | 删除联系人,通訊錄搜索 | 通訊錄刪除,顔のアドレス帳に、これまで出会った相手の住所や連絡先を記録しているアプモン。胸の鍵は機密情報の暗号化と解除に使用する。,얼굴의 주소록에 지금까지 만난 상대의 주소와 연락처를 기록하는 어플몬. 가슴에 있는 열쇠는 기밀 정보의 암호화와 해제에 사용한다.,An Appmon that records the addresses and contact information of all the people it has met so far in the address book that doubles as its head. It uses the key around its neck to encrypt and decrypt sensitive information.,这种应用兽会将认识过的人的住址和联系方式记录在面部的通讯录中，其胸前的锁眼一般用于对机密信息进行加解密。,臉部為通訊錄的APP獸，會將至今遇到的對手的住址和聯繫方式記錄在其中。使用胸前的鑰匙可將機密情報暗號化或解除。,True,True,https://digimon.net/cimages/appmon/img_chara_006.jpg,https://digimon.net/cimages/appmon/img_icon_006.png,3 | 79 | 2,True,https://digimon.net/appmon/detail.php?id=6,https://digimon.net/appmon_ko/detail.php?id=6,https://digimon.net/appmon_en/detail.php?id=6,https://digimon.net/appmon_zh-CHS/detail.php?id=6,https://digimon.net/appmon_zh-CHT/detail.php?id=6,ko_profile_uses_eopeulmon_not_page_title_apeumon
7,レビューモン,리뷰몬,Reviewmon,评论兽,評論獸,並,스탠다드,Standard,普,普,口コミ,리뷰,Review,点评,評論,ソーシャル,소셜,Social,社交,社交,ポストレビュー | 最悪の評価,포스트 리뷰 | 최악의 평가,Bold Review | Zero out of Ten,前瞻点评 | 扎心大差评,事後評定 | 最低評價,あらゆる物事を見極め、評価をしてくれる辛口レビュアー。彼がほめた商品や店は必ず大人気になると言われている。,모든 일을 주시하고 평가해 주는 독설가인 리뷰어. 리뷰몬이 칭찬한 상품과 가게는 반드시 큰 인기를 얻게 된다고 알려져 있다.,"A harsh reviewer that will critique anything in sight for you. The goods and services it recommends, however, enjoy a huge boom in business.",作为一位口无遮拦的评论员，评语兽能够对任何事物都作出十分精准的评价。据说，凡是被他点过赞的产品或店铺最后一定都会火上天。,透析一切並給予評價的毒舌評論家。據説被他表揚的商品或店家必定會人氣高漲。,True,True,https://digimon.net/cimages/appmon/img_chara_007.jpg,https://digimon.net/cimages/appmon/img_icon_007.png,18 | 10 | 80,True,https://digimon.net/appmon/detail.php?id=7,https://digimon.net/appmon_ko/detail.php?id=7,https://digimon.net/appmon_en/detail.php?id=7,https://digimon.net/appmon_zh-CHS/detail.php?id=7,https://digimon.net/appmon_zh-CHT/detail.php?id=7,
8,セットモン,세팅몬,Setmon,设置兽,設定獸,並,스탠다드,Standard,普,普,設定,설정,Setup,设置设定,設定,ソーシャル,소셜,Social,社交,社交,クイックセットアップ | ピーキーセッティング,퀵 셋업 | 피키 세팅,Quick Setup | Peaky Settings,快速设置 | 极限详细设置,快速設定 | 衰弱設定,扱いの難しい精密機器でも、すぐに使えるよう設定をしてくれるアプモン。彼の作るマニュアルは、初心者にも非常にわかりやすい。,다루기 어려운 정밀 기계도 바로 쓸 수 있도록 설정해 주는 어플몬. 세팅몬이 만드는 매뉴얼은 초보자도 아주 이해하기 쉽다.,"An Appmon that will quickly set up difficult-to-handle equipment for you. The instruction manuals it writes are easy to follow, even for total beginners.",这种应用兽擅长设置各种难以操作的精密仪器，让用户能够“一秒上手”。设置兽编写的使用手册，对初学者来说也是非常容易理解的。,即使是難以使用的精密機械，也能設定成立即使用的APP獸。他所製作的使用手冊對於新手來說也非常簡單易懂。,True,True,https://digimon.net/cimages/appmon/img_chara_008.jpg,https://digimon.net/cimages/appmon/img_icon_008.png,65 | 75 | 58,True,https://digimon.net/appmon/detail.php?id=8,https://digimon.net/appmon_ko/detail.php?id=8,https://digimon.net/appmon_en/detail.php?id=8,https://digimon.net/appmon_zh-CHS/detail.php?id=8,https://digimon.net/appmon_zh-CHT/detail.php?id=8,ko_profile_uses_eopeulmon_not_page_title_apeumon
9,メッセモン,메시몬,Messemon,信息兽,訊息獸,並,스탠다드,Standard,普,普,メッセージ,메시지,Message,短信息,訊息,ソーシャル,소셜,Social,社交,社交,メッセストリームアタック | コトダマレイン,메시 스트림 어택 | 고토다마 레인,Message Flood | Word Rain,短信风暴 | 言灵之雨,訊息奔流攻擊 | 言靈之雨,メッセージの受信・発信の能力を持つアプモン。三つの体を有するが、1つの思考回路を共有して活動している。,"메시지 수신, 발신 능력을 지닌 어플몬. 몸을 3개 지니고 있지만 1개의 사고 회로를 공유해 활동한다.","An Appmon with the ability to send and receive messages. Although it has three bodies, it thinks and moves as one.",拥有接受及发送短信能力的应用兽。该应用兽虽然拥有三个身体，但他们在活动时是共用同一个“大脑”的。,擁有收發訊息能力的APP獸。有三個身體，但只會共用一個腦迴路來進行思考。,True,True,https://digimon.net/cimages/appmon/img_chara_009.jpg,https://digimon.net/cimages/appmon/img_icon_009.png,3 | 79 | 2,True,https://digimon.net/appmon/detail.php?id=9,https://digimon.net/appmon_ko/detail.php?id=9,https://digimon.net/appmon_en/detail.php?id=9,https://digimon.net/appmon_zh-CHS/detail.php?id=9,https://digimon.net/appmon_zh-CHT/detail.php?id=9,ko_profile_uses_eopeulmon_not_page_title_apeumon
10,コソモン,속닥몬,Kosomon,嘀咕兽,傳聞獸,並,스탠다드,Standard,普,普,裏口コミ,비밀 후기,Gossip Review,匿名点评,小道消息,ソーシャル,소셜,Social,社交,社交,イドバタペーパー | コッソリワーク,이도바타 페이퍼 | 소곤소곤 워크,Chatter Paper | Stealth Work,嚼舌根问卷 | 暗中行事,閒話投書 | 黑箱操作,いつも誰かとコソコソしている、少しあやしいアプモン。「裏事情通」を自称しており、話しかけると秘密の情報を教えてくれる。,"항상 누군가와 소곤소곤 얘기하는 조금 수상한 어플몬. 자칭 「속사정 전문가」로, 말을 걸면 비밀 정보를 가르쳐준다.","A gossipy Appmon that is, as the kids say, kinda sus. It fancies itself an information broker and will spill secrets like so many beans.",总在跟人窃窃私语的应用兽，稍微有些形迹可疑。该应用兽自称“消息灵通人士”，只要与其交谈就能得到许多内幕讯息。,總是在跟人竊竊私語，有點可疑的APP獸。只要跟自稱「精通小道消息」的他搭話，就能得知秘密情報。,True,True,https://digimon.net/cimages/appmon/img_chara_010.jpg,https://digimon.net/cimages/appmon/img_icon_010.png,80 | 7 | 56,True,https://digimon.net/appmon/detail.php?id=10,https://digimon.net/appmon_ko/detail.php?id=10,https://digimon.net/appmon_en/detail.php?id=10,https://digimon.net/appmon_zh-CHS/detail.php?id=10,https://digimon.net/appmon_zh-CHT/detail.php?id=10,ko_profile_uses_eopeulmon_not_page_title_apeumon
11,ロケットモン,로켓몬,Rocketmon,火箭兽,火箭獸,並,스탠다드,Standard,普,普,ロケット,로켓,Rocket,火箭,火箭,ナビ,내비,Navi,导航,導航,ロケットバースト | オーバードブースト,로켓 버스트 | 오버드 부스트,Rocket Burst | Overboost,火箭爆发 | 超限加速,火箭爆裂 | 超載噴射,高性能のロケットエンジンを持ち、凄まじい速さで飛ぶことができるアプモン。その爆発的なスピードは音速にも到達する。,고성능 로켓 엔진을 가지고 무시무시한 속도로 날 수 있는 어플몬. 그 폭발적인 속도는 음속에 도달할 정도다.,An Appmon with a high-performance rocket engine that can fly with staggering velocity. Its explosive speed even breaks the sound barrier.,因搭载了高性能的火箭发动机，从而能够展开超高速飞行的应用兽，其瞬间加速度最大可达音速。,擁有高性能的火箭引擎，能以超級快的速度飛行的APP獸。他驚人的速度更是可達音速。,True,True,https://digimon.net/cimages/appmon/img_chara_011.jpg,https://digimon.net/cimages/appmon/img_icon_011.png,86 | 21 | 83,True,https://digimon.net/appmon/detail.php?id=11,https://digimon.net/appmon_ko/detail.php?id=11,https://digimon.net/appmon_en/detail.php?id=11,https://digimon.net/appmon_zh-CHS/detail.php?id=11,https://digimon.net/appmon_zh-CHT/detail.php?id=11,ko_profile_uses_eopeulmon_not_page_title_apeumon
12,ナビモン,내비몬,Navimon,导航兽,導航獸,並,스탠다드,Standard,普,普,ナビ,내비,Navi,导航,導航,ナビ,내비,Navi,导航,導航,ナビゲーションアロー | ショックアタックマーカー,내비게이션 애로 | 쇼크 어택 마커,Navi-Arrow | Marker Attack,制导箭 | 冲击目标锁定,導航箭頭 | 震撼攻擊標記,目的地までの近道を調べ、道案内をしてくれるアプモン。両手の矢印同様まっすぐな性格で、寄り道・回り道を徹底的に嫌っている。,"목적지까지의 지름길을 찾아 길을 안내해 주는 어플몬. 양손의 화살표 모양처럼 올곧은 성격으로, 다른 곳에 들르거나 돌아서 가는 길을 싫어한다.","An Appmon that will find you the quickest route to your destination. It is as straightforward as the arrows serving as its arms, and detests detours and side trips.",该应用兽可以查找出最短路线并引导用户到达目的地。导航兽的性格就像他的那双方位标形状的手掌一样耿直，所以他十分讨厌绕远路。,能調出前往目的地的近路，並協助引導的APP獸。性格宛如雙手的箭頭一般直率，極度討厭繞遠路或順路去其他地方。,True,True,https://digimon.net/cimages/appmon/img_chara_012.jpg,https://digimon.net/cimages/appmon/img_icon_012.png,78 | 4 | 1,True,https://digimon.net/appmon/detail.php?id=12,https://digimon.net/appmon_ko/detail.php?id=12,https://digimon.net/appmon_en/detail.php?id=12,https://digimon.net/appmon_zh-CHS/detail.php?id=12,https://digimon.net/appmon_zh-CHT/detail.php?id=12,ko_profile_uses_eopeulmon_not_page_title_apeumon
13,ジェットモン,제트몬,Jetmon,喷气兽,噴射機獸,並,스탠다드,Standard,普,普,フライト,비행,Flight,航空,航班,ナビ,내비,Navi,导航,導航,ホーミングインパクト | ラプターウィング,호밍 임팩트 | 랩터 윙,Homing Impact | Raptor Wing,追踪冲击 | 迅鹰飞翼,歸航衝擊 | 猛禽之翼,管制塔やレーダーサイトにアクセスする能力を持つ、航空事情に詳しいアプモン。背中に荷物や人を乗せて飛ぶことができる。,관제탑이나 레이더 사이트에 접속하는 능력을 지닌 항공 정보에 빠삭한 어플몬. 등에 짐이나 사람을 싣고 날 수 있다.,"An Appmon that can access control towers and radar sites, and knows where every plane in the sky is. It can fly with passengers and luggage on its back.",十分精通航空运输事务的应用兽，不但能够连接并访问机场塔台及雷达站，还可以背着货物和旅客飞行。,擁有訪問塔台和雷達站的能力，對飛航情況非常了解的APP獸。可以在將人或行李載在背上飛行。,True,True,https://digimon.net/cimages/appmon/img_chara_013.jpg,https://digimon.net/cimages/appmon/img_icon_013.png,17 | 61 | 14,True,https://digimon.net/appmon/detail.php?id=13,https://digimon.net/appmon_ko/detail.php?id=13,https://digimon.net/appmon_en/detail.php?id=13,https://digimon.net/appmon_zh-CHS/detail.php?id=13,https://digimon.net/appmon_zh-CHT/detail.php?id=13,ko_profile_uses_eopeulmon_not_page_title_apeumon
14,レッシャモン,열차몬,Resshamon,列车兽,列車獸,並,스탠다드,Standard,普,普,乗換,환승,Transfer,乘车查询,轉乘,ナビ,내비,Navi,导航,導航,スイッチングレール | トレイルスラム,스위칭 레일 | 트레일 슬램,Rail Switch | Track Slam,轨道转换 | 追尾猛击,切換軌道 | 徑路撞擊,電車の運行状況に詳しいアプモン。より良い乗換情報を教えてくれる他、急ぎの時は自らを快速列車として特別運行してくれる。,열차 운행 상황을 잘 아는 어플몬. 더 좋은 환승 정보를 가르쳐줄 뿐만 아니라 급할 때는 스스로 쾌속 열차로 특별 운행을 해준다.,"An Appmon that knows which trains are delayed and which are on time. It will provide you with the most up-to-date transfer information, and when you're in a rush, offer its services as a rapid train.",对列车的运行情况了如指掌的应用兽。列车兽不但能够为用户提供最合适的换乘信息，在紧急时还可以作为高速列车载客运行。,熟知電車運行狀況的APP獸。除了會告訴更加便捷的轉乘資訊之外，趕時間時還會親自化身為快速列車並開通特別路線。,True,True,https://digimon.net/cimages/appmon/img_chara_014.jpg,https://digimon.net/cimages/appmon/img_icon_014.png,17 | 13 | 82,True,https://digimon.net/appmon/detail.php?id=14,https://digimon.net/appmon_ko/detail.php?id=14,https://digimon.net/appmon_en/detail.php?id=14,https://digimon.net/appmon_zh-CHS/detail.php?id=14,https://digimon.net/appmon_zh-CHT/detail.php?id=14,ko_profile_uses_eopeulmon_not_page_title_apeumon
15,ウェザーモン,웨더몬,Weathermon,天气兽,天氣獸,並,스탠다드,Standard,普,普,天気,날씨,Weather,天气,天氣,ナビ,내비,Navi,导航,導航,プチプチウェザー | グズグズウェザー,톡톡 웨더 | 꾸물꾸물 웨더,Bubbly Weather | Grumbly Weather,晴朗好天气 | 阴郁坏天气,雷雲蓄勢 | 陰晴不定,大気の流れを読み、天気予報をしてくれるアプモン。そのときの感情や言動に合わせ、ごく周辺の天気を変えることができる。,대기의 흐름을 읽어 일기 예보를 해주는 어플몬. 이때의 감정과 언행에 맞추어 아주 가까운 곳의 날씨를 바꿀 수 있다.,"An Appmon that will forecast the weather for you by reading atmospheric currents. Depending on what it says or how it feels, it can change the weather in its immediate vicinity.",能够感知气象变化，从而为用户预测天气的应用兽。该应用兽还可以根据用户的心情和行为在极小范围内改变天气情况。,能讀懂大氣流向預報天氣的APP獸。可依照當下的心情或言行，來改變周遭小範圍內的天氣。,True,True,https://digimon.net/cimages/appmon/img_chara_015.jpg,https://digimon.net/cimages/appmon/img_icon_015.png,11 | 83 | 18,True,https://digimon.net/appmon/detail.php?id=15,https://digimon.net/appmon_ko/detail.php?id=15,https://digimon.net/appmon_en/detail.php?id=15,https://digimon.net/appmon_zh-CHS/detail.php?id=15,https://digimon.net/appmon_zh-CHT/detail.php?id=15,ko_profile_uses_eopeulmon_not_page_title_apeumon
16,コンパスモン,컴퍼스몬,Compassmon,指南针兽,指南針獸,並,스탠다드,Standard,普,普,コンパス,나침반,Compass,指南针,指南針,ナビ,내비,Navi,导航,導航,ぐるぐるパニック | スピンディフレクション,빙글빙글 패닉 | 스핀 디플렉션,Turning Panic | Spin Deflection,疯狂转圈圈 | 旋转偏移,暈頭轉向大恐慌 | 旋轉偏差,正確無比な方位磁針を持つアプモン。近頃は活躍の機会が少なく中でも特にナビモンには強いライバル心を燃やしている。,아주 정확한 나침반을 지닌 어플몬. 최근에는 활약할 기회가 적어 어플몬 중에서도 특히 내비몬에게 강한 라이벌 의식을 불태우고 있다.,"An Appmon with a compass unparalleled in its accuracy. These days, it doesn't enjoy as many opportunities to be useful as it once did, and it especially considers Navimon a bitter rival.",身上装备着无比精确的指南针的应用兽。近年来指南兽活跃在大众面前的机会越来越少，这使得他尤其对导航兽产生了极为强烈的对抗意识。,方位指針準確無比的APP獸。近年來比較沒有表現的機會，針對導航獸有著強烈的競爭意識。,True,True,https://digimon.net/cimages/appmon/img_chara_016.jpg,https://digimon.net/cimages/appmon/img_icon_016.png,14 | 82 | 13,True,https://digimon.net/appmon/detail.php?id=16,https://digimon.net/appmon_ko/detail.php?id=16,https://digimon.net/appmon_en/detail.php?id=16,https://digimon.net/appmon_zh-CHS/detail.php?id=16,https://digimon.net/appmon_zh-CHT/detail.php?id=16,ko_profile_uses_eopeulmon_not_page_title_apeumon
17,ヤドモン,호텔몬,Yadomon,旅店兽,旅館獸,並,스탠다드,Standard,普,普,ホテル,호텔,Hotel,订房,飯店,ナビ,내비,Navi,导航,導航,グランドオープン！ | スケアリーサービス,그랜드 오픈! | 스케어리 서비스,Grand Opening | Scary Service,盛大开业！ | 惊吓服务,盛大開幕！ | 恐怖服務,条件に応じた宿泊施設を紹介してくれるアプモン。彼が背負うホテルは、セレブアプモン御用達の宿として広く知られている。,조건에 맞는 숙박 시설을 소개해 주는 어플몬. 호텔몬이 책임지는 호텔은 셀럽 어플몬이 자주 이용하는 숙박 시설로 널리 알려져 있다.,An Appmon that will find the best accommodation for your needs. The hotel on its back is famous for catering to a glamorous and well-to-do clientèle.,可以按照需求为用户提供酒店客房信息的应用兽。作为应用兽界名兽雅士们的首选，旅店兽后背上的酒店广为人知。,會根據條件介紹住宿設施的APP獸。他背上的飯店是名流APP獸認證的旅館，因而廣為人知。,True,True,https://digimon.net/cimages/appmon/img_chara_017.jpg,https://digimon.net/cimages/appmon/img_icon_017.png,13 | 16 | 8,True,https://digimon.net/appmon/detail.php?id=17,https://digimon.net/appmon_ko/detail.php?id=17,https://digimon.net/appmon_en/detail.php?id=17,https://digimon.net/appmon_zh-CHS/detail.php?id=17,https://digimon.net/appmon_zh-CHT/detail.php?id=17,ko_profile_uses_eopeulmon_not_page_title_apeumon
18,ニュースモン,뉴스몬,Newsmon,新闻兽,新聞獸,並,스탠다드,Standard,普,普,ニュース,뉴스,News,新闻,新聞,ナビ,내비,Navi,导航,導航,ゴーガイニュース | ショーゲキニュース,호외 뉴스 | 충격 뉴스,Breaking News | Shocking News,号外新闻 | 重磅新闻,號外新聞 | 衝擊新聞,特ダネニュースを世界に広めることが生き甲斐の報道マン。先見の明があるらしく、未来のことを書いたニュースもよく当たる。,특종 뉴스를 세계에 알리는 것이 삶의 보람인 보도 기자. 선견지명이 있는 듯 미래의 일을 작성한 뉴스도 자주 들어맞는다.,"A journalist that lives to spread the latest scoops throughout the world. Rumored to possess uncanny foresight, its reporting is usually right on the mark, even when it writes about future events.",作为一名新闻记者，其人生意义就是看到自己的独家新闻被全世界转播。新闻兽似乎拥有未卜先知的能力，因为他所撰写的那些有关未来的报道经常应验。,將傳播獨家新聞到全世界視為生存意義的報道員。似乎擁有先見之明，他所撰寫的未來新聞也經常成為現實。,True,True,https://digimon.net/cimages/appmon/img_chara_018.jpg,https://digimon.net/cimages/appmon/img_icon_018.png,83 | 56 | 7,True,https://digimon.net/appmon/detail.php?id=18,https://digimon.net/appmon_ko/detail.php?id=18,https://digimon.net/appmon_en/detail.php?id=18,https://digimon.net/appmon_zh-CHS/detail.php?id=18,https://digimon.net/appmon_zh-CHT/detail.php?id=18,
19,チュートモン,튜토몬,Tutomon,解说兽,解說獸,並,스탠다드,Standard,普,普,解説,해설,Commentary,解说,解說,ナビ,내비,Navi,导航,導航,フィンガーポインター | チュートリアライズ,핑거 포인터 | 튜토리어라이즈,Finger Pointer | Tutorialize,手指激光笔 | 教程化,指指點點 | 啟動教學,解説が大好きな物知りアプモン。体が小さいためなかなか姿を見つけてもらえず、周囲からは実体のない「謎の声」と思われている。,해설을 아주 좋아하는 박식한 어플몬. 몸이 작아서 좀처럼 모습을 들키지 않기에 주변에서는 실체가 없는 「수수께끼의 목소리」로 여겨진다.,"A walking dictionary of an Appmon that loves nothing more than to explain things. It can be difficult to spot because of its small size, and it is often mistaken for a mysterious, incorporeal voice.",非常喜欢讲解的应用兽，知识十分渊博。因为身材太过矮小，所以他的声音经常会被只闻其声不见其人的观众误认为“谜之声”。,知識淵博且愛好解說的APP獸。因為小小的身軀總是讓人難以找到他。經常被認為是沒有實體的「神秘聲音」。,True,True,https://digimon.net/cimages/appmon/img_chara_019.jpg,https://digimon.net/cimages/appmon/img_icon_019.png,48 | 4 | 96,True,https://digimon.net/appmon/detail.php?id=19,https://digimon.net/appmon_ko/detail.php?id=19,https://digimon.net/appmon_en/detail.php?id=19,https://digimon.net/appmon_zh-CHS/detail.php?id=19,https://digimon.net/appmon_zh-CHT/detail.php?id=19,ko_profile_uses_eopeulmon_not_page_title_apeumon
20,エムシーモン,엠시몬,Mcmon,主持兽,主持獸,並,스탠다드,Standard,普,普,実況,실황,Broadcasting,直播,實況,ナビ,내비,Navi,导航,導航,ソウルシャウト | ジッキョークライシス,소울 샤우트 | 실황 크라이시스,Soul Shout | Let's Play,灵魂喊麦 | 直播危机,靈魂吶喊 | 實況危機,実況に魂を注ぐ喋りの天才。彼の熱い実況を受けると、どんなにやる気のない対象も普段以上のパワーを発揮できる。,실황에 혼을 담는 수다의 천재. 엠시몬의 열정적인 실황을 보면 아무리 의욕이 없는 대상도 평소보다 더 힘을 발휘할 수 있다.,"A motor-mouth that always brings its A game to live coverage. No matter how mundane the task, its impassioned play-by-play commentary is just the motivation its targets need to give it their all.",将自己的整个灵魂都倾注到了直播工作中去的天才。只要收看到主持兽那充满了激情的直播，再萎靡不振的观众也能爆发出高于自身平时水平的力量。,將靈魂注入實況轉播的說話天才。觀看他熱情的實況轉播後，不論是多沒幹勁的人都能發揮出超越平時的力量。,True,True,https://digimon.net/cimages/appmon/img_chara_020.jpg,https://digimon.net/cimages/appmon/img_icon_020.png,50 | 22 | 54,True,https://digimon.net/appmon/detail.php?id=20,https://digimon.net/appmon_ko/detail.php?id=20,https://digimon.net/appmon_en/detail.php?id=20,https://digimon.net/appmon_zh-CHS/detail.php?id=20,https://digimon.net/appmon_zh-CHT/detail.php?id=20,
21,キャメラモン,카메라몬,Cameramon,摄影兽,攝影獸,並,스탠다드,Standard,普,普,カメラ,카메라,Camera,照相,相機,ツール,툴,Tool,工具,工具,キリングシャッター | スパイフォーカス,킬링 셔터 | 스파이 포커스,Killing Shutter | Spy Focus,致命快门 | 隐秘聚焦,殺戮快門 | 間諜焦距,全身のレンズで死角なくターゲットを捉える、凄腕のカメラマン。監視カメラにアクセスし、密かに町中を監視する能力を持つ。,온몸에 있는 렌즈로 반드시 타깃을 포착하는 뛰어난 카메라맨. CCTV에 접속해 몰래 시내를 감시하는 능력을 지녔다.,A highly skilled camera operator that uses the lenses covering its body to capture its subjects from every angle. It can also access surveillance cameras to secretly monitor the whole town.,擅长利用全身上下的镜头无死角地抓拍对象的精英摄影师，可以将自身连接至监控摄像头并由此秘密监视整个城市。,使用全身的鏡頭無死角捕捉目標，是精明能幹的攝影師。擁有訪問監視器並暗中監視城市的能力。,True,True,https://digimon.net/cimages/appmon/img_chara_021.jpg,https://digimon.net/cimages/appmon/img_icon_021.png,11 | 86 | 110,True,https://digimon.net/appmon/detail.php?id=21,https://digimon.net/appmon_ko/detail.php?id=21,https://digimon.net/appmon_en/detail.php?id=21,https://digimon.net/appmon_zh-CHS/detail.php?id=21,https://digimon.net/appmon_zh-CHT/detail.php?id=21,
22,レコモン,레코몬,Recomon,录音兽,錄音獸,並,스탠다드,Standard,普,普,録音,녹음,Recording,录音,錄音,ツール,툴,Tool,工具,工具,アブソープインタビュー | スラックマイク,앱솔브 인터뷰 | 슬랙 마이크,Absorbing Interview | Slack Mic,鲸吞式采访 | 松弛麦克风,吸收採訪 | 鬆弛麥克風,対象の出す音や言葉を記録する能力を持つアプモン。非常にマメな性質で、特に重要ではない会話でもすぐに録音してしまう。,대상이 내는 소리나 말을 기록하는 능력을 지닌 어플몬. 굉장히 부지런한 성격으로 딱히 중요하지 않은 대화도 바로 녹음해 버린다.,"An Appmon that can record every word and sound its targets make. Overly dedicated to its craft, it's especially quick to record completely useless information.",录音兽可以将对象的讲话和发出的声音记录下来。该应用兽性格十分严谨认真，即使对话的内容并不是特别重要，他也会立刻开始录音。,能將對象發出的聲音或說出的話記錄下來的APP獸。相當認真，即使是毫不重要的對話內容也會馬上錄音。,True,True,https://digimon.net/cimages/appmon/img_chara_022.jpg,https://digimon.net/cimages/appmon/img_icon_022.png,100 | 50 | 54,True,https://digimon.net/appmon/detail.php?id=22,https://digimon.net/appmon_ko/detail.php?id=22,https://digimon.net/appmon_en/detail.php?id=22,https://digimon.net/appmon_zh-CHS/detail.php?id=22,https://digimon.net/appmon_zh-CHT/detail.php?id=22,ko_profile_uses_eopeulmon_not_page_title_apeumon
23,カリキュモン,칼큐몬,Calcumon,计算兽,計算獸,並,스탠다드,Standard,普,普,電卓,전자계산기,Calculator,计算器,計算機,ツール,툴,Tool,工具,工具,カウントレーザー | ディバイドアーム,카운트 레이저 | 디바이드 암,Counting Laser | Division Arm,计数激光 | 分割铁臂,計算雷射 | 手臂分離,計算が得意なアプモン。どんなに難しい計算式に対しても、体の計算機を操って一瞬で答えを出してしまう。,계산이 특기인 어플몬. 아무리 어려운 계산식도 몸의 계산기를 조작해 순식간에 답을 낸다.,"An Appmon that specializes in calculations. No matter how difficult the calculation, it can operate the calculator that doubles as its body to give you the answer in an instant.",擅长计算的应用兽，无论面对多么复杂的算式，计算兽都能利用身上的计算器瞬间给出答案。,擅長計算的APP獸。不論是多麼困難的計算公式，都能操作身上的計算機瞬間得出答案。,True,True,https://digimon.net/cimages/appmon/img_chara_023.jpg,https://digimon.net/cimages/appmon/img_icon_023.png,34 | 94 | 92,True,https://digimon.net/appmon/detail.php?id=23,https://digimon.net/appmon_ko/detail.php?id=23,https://digimon.net/appmon_en/detail.php?id=23,https://digimon.net/appmon_zh-CHS/detail.php?id=23,https://digimon.net/appmon_zh-CHT/detail.php?id=23,ko_profile_uses_eopeulmon_not_page_title_apeumon
24,ゴミモン,트래쉬몬,Gomimon,垃圾兽,垃圾獸,並,스탠다드,Standard,普,普,ごみ箱,쓰레기통,Trashbin,回收站,垃圾桶,ツール,툴,Tool,工具,工具,ダストハント | トラッシュボム,더스트 헌트 | 트래쉬 봄,Dust Hunt | Trash Bomb,尘埃掌 | 废物炸弹,灰塵狩獵 | 垃圾炸彈,不要なデータを消去してくれる、処分が大好きなアプモン。放っておくと必要なデータまで捨ててしまうため、扱いには注意が必要。,불필요한 데이터를 지워주는 처분을 아주 좋아하는 어플몬. 내버려두면 필요한 데이터까지 버리므로 주의해서 다뤄야 한다.,"An Appmon that will delete your unwanted data with gusto. When left to its own devices, it will even trash your important data, so always exercise due caution.",非常喜欢处理废弃物的应用兽，可以为用户删除其不再需要的数据。如果放任不管，该应用兽可能会同时删除有用的数据，因此在利用时需要特别小心。,會幫你清除不需要的數據，最喜歡刪除的APP獸。放任不管的話連有用處的數據都被刪除，因此相處時要多加注意。,True,True,https://digimon.net/cimages/appmon/img_chara_024.jpg,https://digimon.net/cimages/appmon/img_icon_024.png,40 | 87 | 39,True,https://digimon.net/appmon/detail.php?id=24,https://digimon.net/appmon_ko/detail.php?id=24,https://digimon.net/appmon_en/detail.php?id=24,https://digimon.net/appmon_zh-CHS/detail.php?id=24,https://digimon.net/appmon_zh-CHT/detail.php?id=24,ko_profile_uses_eopeulmon_not_page_title_apeumon
25,ミラーモン,미러몬,Mirrormon,镜面兽,鏡子獸,並,스탠다드,Standard,普,普,ミラー,거울,Mirror,镜子,鏡子,ツール,툴,Tool,工具,工具,キャプチャーミラー | ミラーズリベンジ,캡처 미러 | 미러스 리벤지,Image Capture | Mirror's Revenge,截取镜 | 魔镜复仇,俘虜之鏡 | 復仇之鏡,体に真実を映す鏡を持つアプモン。一切の歪みを持たない美しい鏡面は、時に敵の攻撃を反射するほどに磨きあげられている。,몸에 진실을 비추는 거울을 지닌 어플몬. 조금도 일그러지지 않은 아름다운 거울의 표면은 때때로 적의 공격을 반사할 정도로 반들반들하게 닦여 있다.,An Appmon with a mirror for a body that reflects things as they truly are. Its flawlessly beautiful mirror is so highly polished that it can even reflect enemy attacks.,该应用兽的身上，嵌着一面可以映出真相的镜子。镜子被擦拭得无比干净，没有一丝瑕疵的镜面有时甚至能够反射敌人的攻击。,身體上的鏡子能映照出真相的APP獸。不帶有絲毫扭曲的鏡面被打磨到時而可以反射敵人的攻擊。,True,True,https://digimon.net/cimages/appmon/img_chara_025.jpg,https://digimon.net/cimages/appmon/img_icon_025.png,90 | 72 | 39,True,https://digimon.net/appmon/detail.php?id=25,https://digimon.net/appmon_ko/detail.php?id=25,https://digimon.net/appmon_en/detail.php?id=25,https://digimon.net/appmon_zh-CHS/detail.php?id=25,https://digimon.net/appmon_zh-CHT/detail.php?id=25,ko_profile_uses_eopeulmon_not_page_title_apeumon
26,ライトモン,라이트몬,Lightmon,灯光兽,照明獸,並,스탠다드,Standard,普,普,ライト,조명,Light,手电筒,照明,ツール,툴,Tool,工具,工具,ブラインドフラッシュ | シャイニングボディ,블라인드 플래시 | 샤이닝 보디,Blinding Flash | Shining Body,致盲爆闪 | 圣光神躯,盲目一閃 | 閃光之軀,周囲を照らし出す能力を持つアプモン。光の輝きと体力が密に連動しているため、点滅時には早めに電球を交換してやるのが吉。,주위를 비추어 드러내는 능력을 지닌 어플몬. 빛의 밝기와 체력이 밀접한 관련이 있으므로 점멸 시 빨리 전구를 바꿔주는 것이 좋다.,"An Appmon that can illuminate its surroundings. Since its brightness is closely tied to its stamina, it's always a good idea to change its bulb after each flash.",可以发光照亮周围的应用兽。光线的亮度与该应用兽的体力高度相关，若出现闪烁等情况应及时更换灯泡。,擁有照亮周圍能力的APP獸。他的亮光與體力有著密切關係，當他開始閃爍時最好盡快更換燈泡。,True,True,https://digimon.net/cimages/appmon/img_chara_026.jpg,https://digimon.net/cimages/appmon/img_icon_026.png,97 | 56 | 52,True,https://digimon.net/appmon/detail.php?id=26,https://digimon.net/appmon_ko/detail.php?id=26,https://digimon.net/appmon_en/detail.php?id=26,https://digimon.net/appmon_zh-CHS/detail.php?id=26,https://digimon.net/appmon_zh-CHT/detail.php?id=26,ko_profile_uses_eopeulmon_not_page_title_apeumon
27,ウォッチモン,워치몬,Watchmon,手表兽,手錶獸,並,스탠다드,Standard,普,普,時計,시계,Watch,时钟,時鐘,ツール,툴,Tool,工具,工具,アラームホールド | ミニッツスピアー,알람 홀드 | 미닛 스피어,Alarm Hold | Minute Spear,闹铃暂停 | 分针长枪,持續鬧鈴 | 分秒之矛,体内に正確な時計を持っているアプモン。すべての予定を秒刻みで行うなど、時間の話には非常にうるさい性格をしている。,체내에 정확한 시계를 지닌 어플몬. 모든 일정을 초 단위로 수행하는 등 시간에 관한 이야기에는 매우 잔소리가 많은 성격이다.,"An Appmon with a highly accurate clock for a body. Incredibly fastidious when it comes to matters of time, it will schedule appointments to the precise second.",体内藏有计时器的应用兽，其走时十分准确。该应用兽非常注重“按时守时”，甚至连他所有的行程安排都是精确到秒的。,體內擁有精準時鐘的APP獸。所有的預定都以秒為單位來執行等等，有著對時間非常講究的性格。,True,True,https://digimon.net/cimages/appmon/img_chara_027.jpg,https://digimon.net/cimages/appmon/img_icon_027.png,29 | 84 | 38,True,https://digimon.net/appmon/detail.php?id=27,https://digimon.net/appmon_ko/detail.php?id=27,https://digimon.net/appmon_en/detail.php?id=27,https://digimon.net/appmon_zh-CHS/detail.php?id=27,https://digimon.net/appmon_zh-CHT/detail.php?id=27,ko_profile_uses_eopeulmon_not_page_title_apeumon
28,ダイアリモン,다이어리몬,Diarimon,日记兽,日記獸,並,스탠다드,Standard,普,普,日記帳,일기장,Diary,日记本,日記本,ツール,툴,Tool,工具,工具,オペレートログ | ロストダイアリー,오퍼레이트 로그 | 로스트 다이어리,Operation Log | Lost Diary,操作记录 | 失落日志,操作紀錄 | 日記遺失,顔の日記帳に、対象の生活や行動をすべて記録しているアプモン。内容を書き換えることで、対象の記憶を改ざんする能力を持つ。,얼굴의 일기장에 대상의 생활과 행동을 모두 기록하는 어플몬. 내용을 고쳐 써서 대상의 기억을 조작하는 능력을 지녔다.,An Appmon that logs every detail about its targets' lives and activities in the diary that serves as its head. It can even alter its targets' memories by overwriting them.,该应用兽会将对象的生活及行为事无巨细地记录到面部的日记本中，并且他还拥有通过重写内容来篡改对象记忆的能力。,會將對象的生活或行動全都記錄在臉部日記本中的APP獸。擁有透過改寫日記內容來竄改對象記憶的能力。,True,True,https://digimon.net/cimages/appmon/img_chara_028.jpg,https://digimon.net/cimages/appmon/img_icon_028.png,63 | 29 | 95,True,https://digimon.net/appmon/detail.php?id=28,https://digimon.net/appmon_ko/detail.php?id=28,https://digimon.net/appmon_en/detail.php?id=28,https://digimon.net/appmon_zh-CHS/detail.php?id=28,https://digimon.net/appmon_zh-CHT/detail.php?id=28,ko_profile_uses_eopeulmon_not_page_title_apeumon
29,カレンダモン,캘린더몬,Calendamon,日历兽,日曆獸,並,스탠다드,Standard,普,普,カレンダー,캘린더,Calendar,日历,日曆,ツール,툴,Tool,工具,工具,スティールプラン | ミスティックホリデー,스틸 플랜 | 미스틱 홀리데이,Steal Plan | Mystic Holiday,偷窃计划 | 神秘假日,盜取計畫 | 神秘假日,あらゆる予定を管理しているアプモン。把握している情報は、大事な会議の日程からスーパーのタイムサービスのことまでさまざま。,모든 스케줄을 관리하는 어플몬. 파악하고 있는 정보는 중요한 회의의 일정부터 슈퍼의 할인 시간까지 다양하다.,"An Appmon that manages all kinds of plans. The information it tracks ranges from the dates of important meetings to limited-time offers at supermarkets, and everything in between.",管理着各种计划的应用兽。从重要会议的日程安排到超市打折的时间段，各种各样的信息都被牢牢地掌握在日历兽的手中。,管理著一切預定的APP獸。從重要的會議日期，到超市的折價時段，各式各樣的情報都在他的掌握之中。,True,True,https://digimon.net/cimages/appmon/img_chara_029.jpg,https://digimon.net/cimages/appmon/img_icon_029.png,84 | 38 | 95,True,https://digimon.net/appmon/detail.php?id=29,https://digimon.net/appmon_ko/detail.php?id=29,https://digimon.net/appmon_en/detail.php?id=29,https://digimon.net/appmon_zh-CHS/detail.php?id=29,https://digimon.net/appmon_zh-CHT/detail.php?id=29,ko_profile_uses_eopeulmon_not_page_title_apeumon
30,オンパモン,음파몬,Onpamon,声波兽,音波獸,並,스탠다드,Standard,普,普,超音波,초음파,Ultrasound,超声波,超音波,ツール,툴,Tool,工具,工具,ウェーブアタック | イージーソナー,웨이브 어택 | 이지 소나,Wave Attack | Easy Sonar,声波攻击 | 简易声纳,聲波攻擊 | 簡易聲納,頭上のラッパから特殊な音波を放出することができるアプモン。音波の反射を読み取ることで、見えない敵の位置を探すことも可能。,머리 위에 있는 나팔에서 특수한 음파를 방출할 수 있는 어플몬. 음파의 반사를 읽어내서 보이지 않는 적의 위치를 찾을 수도 있다.,An Appmon that can emit special sound waves from the acoustic horn atop its head. It can also pinpoint the whereabouts of hidden enemies via echolocation.,能够从头顶上的喇叭释放特殊声波的应用兽。通过读取反射回来的声波，声波兽还可以识别出隐藏起来的敌人。,能從頭上的喇叭播出特殊音波的APP獸。可透過讀取反射的音波來搜尋看不見的敵人的位置。,True,True,https://digimon.net/cimages/appmon/img_chara_030.jpg,https://digimon.net/cimages/appmon/img_icon_030.png,85 | 31 | 42,True,https://digimon.net/appmon/detail.php?id=30,https://digimon.net/appmon_ko/detail.php?id=30,https://digimon.net/appmon_en/detail.php?id=30,https://digimon.net/appmon_zh-CHS/detail.php?id=30,https://digimon.net/appmon_zh-CHT/detail.php?id=30,ko_profile_uses_eopeulmon_not_page_title_apeumon
31,ジャミングモン,재밍몬,Jammingmon,干扰兽,干擾獸,並,스탠다드,Standard,普,普,ジャミング,재밍,Jamming,干扰,干擾,ツール,툴,Tool,工具,工具,ジャムジャムペイン | スプリーシグナル,잼 잼 페인 | 스프리 시그널,Jamming Pain | Spree of Signals,痛痛干扰 | 疯闹信号,干擾波痛 | 狂歡信號,妨害電波を放つ能力を持つアプモン。通信を妨げる以外にも、アプモンにとって非常に不快な音を出して苦しませることができる。,방해 전파를 쏘는 능력을 지닌 어플몬. 통신을 방해할 뿐만 아니라 어플몬에게 매우 불쾌한 소리를 내서 괴롭힐 수 있다.,"An Appmon that can emit jamming signals. Besides interfering with communications, it can also produce sounds that other Appmons find painfully irritating.",拥有发射干扰电磁波能力的应用兽。除了干扰通信以外，干扰兽还可以释放出令应用兽感到极度不适的声音使其痛苦万分。,能釋放干擾電波的APP獸。除了可以干擾通訊之外，還能放出令APP獸極為不舒服的聲音，讓他們感到痛苦。,True,True,https://digimon.net/cimages/appmon/img_chara_031.jpg,https://digimon.net/cimages/appmon/img_icon_031.png,5 | 42 | 30,True,https://digimon.net/appmon/detail.php?id=31,https://digimon.net/appmon_ko/detail.php?id=31,https://digimon.net/appmon_en/detail.php?id=31,https://digimon.net/appmon_zh-CHS/detail.php?id=31,https://digimon.net/appmon_zh-CHT/detail.php?id=31,ko_profile_uses_eopeulmon_not_page_title_apeumon
32,プロテクモン,프로텍몬,Protecmon,防护兽,防護獸,並,스탠다드,Standard,普,普,セキュリティ,보안,Security,安全防护,安全,システム,시스템,System,系统,系統,フレイムウォール | オールマイティガード,프레임 월 | 올마이티 가드,Flame Wall | Almighty Guard,防焰墙 | 全能护盾,烈火炎壁 | 全力防守,防御に長けた屈強なガードマン。両腕の堅牢な盾を使い、日々 迫りくるウィルスから大切なデータを守っている。,방어에 뛰어난 힘이 센 경호원. 양팔의 튼튼한 방패를 사용해 매일 같이 위협하는 바이러스에게서 중요한 데이터를 보호한다.,A tough bodyguard with a strong defense. It uses the sturdy shields on both of its arms to protect important data from the constant threat posed by viruses.,身强力壮的警卫员，防守是他的专长。为了保护那些重要的数据，防护兽每天都在用他臂膀上的那对结实的护盾抵御着病毒的入侵。,擅長防御的強健衛兵。每天都會用雙手上堅固的護盾來抵禦逼近的病毒，以守護重要的數據。,True,True,https://digimon.net/cimages/appmon/img_chara_032.jpg,https://digimon.net/cimages/appmon/img_icon_032.png,41 | 33 | 88,True,https://digimon.net/appmon/detail.php?id=32,https://digimon.net/appmon_ko/detail.php?id=32,https://digimon.net/appmon_en/detail.php?id=32,https://digimon.net/appmon_zh-CHS/detail.php?id=32,https://digimon.net/appmon_zh-CHT/detail.php?id=32,
33,ハックモン,핵몬,Hackmon,黑客兽,駭客獸,並,스탠다드,Standard,普,普,ハッキング,해킹,Hacking,破解入侵,入侵,システム,시스템,System,系统,系統,ヴァンキッシュクロー | ストレンジハック,뱅퀴시 클로 | 스트레인지 핵,Power Claw | Sneaky Hack,征服利爪 | 异常入侵,征服之爪 | 陌生侵襲,使い方次第で世界に危機を招く、危うい能力の持ち主。プログラムの弱点を一目で見抜き、強固なロックも即刻解除してしまう。,사용하기에 따라 세계에 위기를 초래하는 위험한 능력을 지닌 어플몬. 프로그램의 약점을 한눈에 파악하고 견고한 잠금장치도 즉시 해제해 버린다.,"An Appmon that possesses a dangerous ability that, if misused, could bring the entire world to its knees. It can spot programming flaws at a glance and open the strongest locks in an instant.",黑客兽能力十分危险，运用不当可能会为世界带来灾难。该应用兽可以在瞬间识别出程序的弱点，迅速破解那些坚实无比的加密。,依使用方法不同，可能為世界招來危機的危險能力者。能一眼看穿程式的弱點，再堅固的安全鎖也能瞬間解除。,True,True,https://digimon.net/cimages/appmon/img_chara_033.jpg,https://digimon.net/cimages/appmon/img_icon_033.png,44 | 32 | 115,True,https://digimon.net/appmon/detail.php?id=33,https://digimon.net/appmon_ko/detail.php?id=33,https://digimon.net/appmon_en/detail.php?id=33,https://digimon.net/appmon_zh-CHS/detail.php?id=33,https://digimon.net/appmon_zh-CHT/detail.php?id=33,ko_profile_uses_eopeulmon_not_page_title_apeumon
34,バッテリモン,배터리몬,Batterimon,电池兽,電池獸,並,스탠다드,Standard,普,普,バッテリー,배터리,Battery,电池,電池,システム,시스템,System,系统,系統,エレクトリックチャージ | クラップスパーク,일렉트릭 차지 | 클랩 스파크,Electric Charge | Clap Spark,充电蓄能 | 噼啪电光,電力儲值 | 擊掌火花,体に大量のエネルギーを蓄えているアプモン。体力と引き換えに電子機器を充電したり、アプモンの力を回復させることができる。,몸에 대량의 에너지를 축적하는 어플몬. 체력과 맞바꾸어 전자 기기를 충전하거나 어플몬의 힘을 회복시킬 수 있다.,"An Appmon that stores a tremendous amount of energy in its body. At the cost of its own stamina, it can charge electrical devices and restore other Appmons' energy.",该应用兽的体内储存着巨大的能量，可以通过消耗自身的体力来为电子设备充电，或为其他应用兽补充体力。,體內積蓄著大量能量的APP獸。可以變換體力為電子機械充電，或幫APP獸恢復力量。,True,True,https://digimon.net/cimages/appmon/img_chara_034.jpg,https://digimon.net/cimages/appmon/img_icon_034.png,23 | 47 | 92,True,https://digimon.net/appmon/detail.php?id=34,https://digimon.net/appmon_ko/detail.php?id=34,https://digimon.net/appmon_en/detail.php?id=34,https://digimon.net/appmon_zh-CHS/detail.php?id=34,https://digimon.net/appmon_zh-CHT/detail.php?id=34,ko_profile_uses_eopeulmon_not_page_title_apeumon
35,ペコモン,페코몬,Pekomon,扁扁兽,壓縮獸,並,스탠다드,Standard,普,普,圧縮,압축,Compression,压缩,壓縮,システム,시스템,System,系统,系統,ペコペコハンマー | ペコスマッシュ,페코페코 해머 | 페코 스매시,Hammer Squeeze | Hammer Smash,扁扁敲击 | 暴力压缩,扁扁壓槌 | 搗碎壓擊,データを圧縮する能力を持つアプモン。彼のハンマーで叩かれたアプモンは、もれなくかわいらしいミニサイズになってしまう。,데이터를 압축하는 능력을 지닌 어플몬. 페코몬의 해머에 맞은 어플몬은 모두 귀여운 미니 사이즈가 되어버린다.,An Appmon that can compress data to a more manageable size. It can reduce any Appmon to an adorable miniature with a strike of its hammer.,拥有压缩数据能力的应用兽。被扁扁兽的头槌敲过的应用兽都会被压缩得非常迷你，看上去还挺可爱的。,擁有壓縮數據能力的APP獸。被他的槌子敲打過的APP獸，全部都會變成可愛的迷你尺寸。,True,True,https://digimon.net/cimages/appmon/img_chara_035.jpg,https://digimon.net/cimages/appmon/img_icon_035.png,73 | 89 | 36,True,https://digimon.net/appmon/detail.php?id=35,https://digimon.net/appmon_ko/detail.php?id=35,https://digimon.net/appmon_en/detail.php?id=35,https://digimon.net/appmon_zh-CHS/detail.php?id=35,https://digimon.net/appmon_zh-CHT/detail.php?id=35,ko_profile_uses_eopeulmon_not_page_title_apeumon
36,ポコモン,포코몬,Pokomon,鼓鼓兽,解壓獸,並,스탠다드,Standard,普,普,解凍,해동,Decompression,解压缩,解壓,システム,시스템,System,系统,系統,ポコポコブロウ | ポコメルタ,포코포코 블로우 | 포코 멜터,Air Blow | Power Melter,鼓鼓吹气 | 热力解压,砰砰吹息 | 砰然溶解者,圧縮されたデータを解凍する能力を持つアプモン。頭のドライヤーから出る熱風は、カチカチに凝縮したデータを優しく溶かす。,압축된 데이터를 푸는 능력을 지닌 어플몬. 머리의 드라이어에서 나오는 뜨거운 바람은 단단하게 응축된 데이터를 부드럽게 녹인다.,An Appmon that can convert compressed data back to its original size. The hot air it blows from the dryer atop its head gently melts data that has been frozen solid by compression.,拥有将压缩后的数据解压缩能力的应用兽。鼓鼓兽头上的电吹风里吹出的热风，可以将压缩得结结实实的数据一点一点地充成原来的形状。,能將壓縮的數據解壓縮的APP獸。從頭部的吹風機吹出的熱風，能將硬邦邦的壓縮數據緩慢地溶解開來。,True,True,https://digimon.net/cimages/appmon/img_chara_036.jpg,https://digimon.net/cimages/appmon/img_icon_036.png,38 | 35 | 89,True,https://digimon.net/appmon/detail.php?id=36,https://digimon.net/appmon_ko/detail.php?id=36,https://digimon.net/appmon_en/detail.php?id=36,https://digimon.net/appmon_zh-CHS/detail.php?id=36,https://digimon.net/appmon_zh-CHT/detail.php?id=36,ko_profile_uses_eopeulmon_not_page_title_apeumon
37,コピペモン,카피페몬,Copipemon,复制粘贴兽,複製貼上獸,並,스탠다드,Standard,普,普,コピペ,복사&붙여넣기,Copy & Paste,复制粘贴,複製貼上,システム,시스템,System,系统,系統,コピー＆ペースト | チープイミテーション,복사&붙여넣기 | 칩 이미테이션,Copy-Paste | Cheap Imitation,复制&粘贴 | 廉价仿制,複製＆貼上 | 廉價仿製,対象のデータを複製することができるアプモン。論文や絵画、果てはアプモンまで、簡単に本物そっくりのコピーを作ってしまう。,"대상인 데이터를 복제할 수 있는 어플몬. 논문과 그림, 결국은 어플몬까지, 꼭 닮은 복제품을 손쉽게 만들어버린다.","An Appmon that can duplicate its targets' data. It can effortlessly produce a realistic copy of everything from documents to paintings, and even other Appmons.",能够复制对象数据的应用兽。无论是论文或者绘画，甚至就连应用兽本身，他都能复制出一个一模一样的来。,能複製對象數據的APP獸。不論是論文、圖畫，甚至是APP獸都能輕易地做出跟原版一模一樣的複製品。,True,True,https://digimon.net/cimages/appmon/img_chara_037.jpg,https://digimon.net/cimages/appmon/img_icon_037.png,90 | 52 | 39,True,https://digimon.net/appmon/detail.php?id=37,https://digimon.net/appmon_ko/detail.php?id=37,https://digimon.net/appmon_en/detail.php?id=37,https://digimon.net/appmon_zh-CHS/detail.php?id=37,https://digimon.net/appmon_zh-CHT/detail.php?id=37,ko_profile_uses_eopeulmon_not_page_title_apeumon
38,セーブモン,세이브몬,Savemon,储存兽,存檔獸,並,스탠다드,Standard,普,普,バックアップ,백업,Backup,数据备份,備份,システム,시스템,System,系统,系統,セービングバブル | スプリットメモリー,세이빙 버블 | 스플릿 메모리,Saving Bubble | Split Memory,保存气泡 | 分割储存,存檔泡泡 | 記憶分裂,データのバックアップをつくり、保存する能力を持つアプモン。このバックアップがあれば、対象の状態を当時に戻すこともできる。,데이터 백업을 만들어 저장하는 능력을 지닌 어플몬. 해당 백업 자료가 있으면 대상의 상태를 이전으로 되돌릴 수도 있다.,"An Appmon that can create and store data backups. Using those backups, it can restore its targets to past versions of themselves.",能够备份、保存数据的应用兽。只要持有储存兽生成的备份文件，便可以将对象恢复成备份时的状态。,能製作備份數據並將其保存的APP獸。擁有備份數據的話，就可以讓對象恢復到備份當時的狀態。,True,True,https://digimon.net/cimages/appmon/img_chara_038.jpg,https://digimon.net/cimages/appmon/img_icon_038.png,29 | 35 | 89,True,https://digimon.net/appmon/detail.php?id=38,https://digimon.net/appmon_ko/detail.php?id=38,https://digimon.net/appmon_en/detail.php?id=38,https://digimon.net/appmon_zh-CHS/detail.php?id=38,https://digimon.net/appmon_zh-CHT/detail.php?id=38,ko_profile_uses_eopeulmon_not_page_title_apeumon
39,カベモン,월몬,Kabemon,壁纸兽,桌布獸,並,스탠다드,Standard,普,普,壁紙,배경 화면,Wallpaper,壁纸,桌布,システム,시스템,System,系统,系統,リアルプロジェクション | リカバリーウォール,리얼 프로젝션 | 리커버리 월,Real Projection | Recovery Wall,全真投射 | 复原壁,真實投影 | 恢復之牆,壁に投影した光景を、実際に具現化する能力を持つアプモン。投影する範囲が広ければ広いほど、変化する環境も大きくなる。,벽에 투영한 광경을 실제로 구현하는 능력을 지닌 어플몬. 투영하는 범위가 넓으면 넓을수록 변화하는 환경도 커진다.,"At Appmon that can materialize any image it projects on a wall into the real world. The wider the projection, the greater it changes its environment.",该应用兽拥有将投影到墙壁上的场景实体化的能力。投影的范围越大，实体化后的场景也就越大。,能將投影在牆壁上的景色具現化的APP獸。投影的範圍越廣，具現化時變化的環境範圍也就越大。,True,True,https://digimon.net/cimages/appmon/img_chara_039.jpg,https://digimon.net/cimages/appmon/img_icon_039.png,87 | 24 | 49,True,https://digimon.net/appmon/detail.php?id=39,https://digimon.net/appmon_ko/detail.php?id=39,https://digimon.net/appmon_en/detail.php?id=39,https://digimon.net/appmon_zh-CHS/detail.php?id=39,https://digimon.net/appmon_zh-CHT/detail.php?id=39,ko_profile_uses_eopeulmon_not_page_title_apeumon
40,エコモン,에코몬,Ecomon,节能兽,節能獸,並,스탠다드,Standard,普,普,省エネ,에너지 절약,Energy Saving,节能环保,節能,システム,시스템,System,系统,系統,エコロジーグラウンド | バッテリドレイン,이콜로지 그라운드 | 배터리 드레인,Ecology Ground | Battery Drain,绿色力场 | 电量吸收,環保競技場 | 電池放電,エネルギーの消費を抑える能力を持つアプモン。頭部の葉っぱから太陽エネルギーを変換して自らの活動源としている。,에너지 소비를 억제하는 능력을 지닌 어플몬. 머리에 있는 잎에서 태양 에너지를 변환하여 자신의 활동을 위한 에너지로 삼는다.,An Appmon that can reduce energy consumption. It converts solar energy with the leaves atop its head to power its own activities.,该应用兽拥有抑制能源消耗的能力，可以利用头顶上的嫩叶将太阳能转化成自己的动能。,能抑制能源消耗的APP獸。可利用頭部的葉子轉變太陽能來作為自己的活動能源。,True,True,https://digimon.net/cimages/appmon/img_chara_040.jpg,https://digimon.net/cimages/appmon/img_icon_040.png,24 | 68 | 49,True,https://digimon.net/appmon/detail.php?id=40,https://digimon.net/appmon_ko/detail.php?id=40,https://digimon.net/appmon_en/detail.php?id=40,https://digimon.net/appmon_zh-CHS/detail.php?id=40,https://digimon.net/appmon_zh-CHT/detail.php?id=40,ko_profile_uses_eopeulmon_not_page_title_apeumon
41,ピーポモン,삐뽀몬,Pipomon,警笛兽,警報獸,並,스탠다드,Standard,普,普,注意報,경보,Warning,警报,警報,システム,시스템,System,系统,系統,スパイドロイド | パニックセントリー,스파이 드로이드 | 패닉 센트리,Spy Droid | Panic Sentry,间谍机器人 | 动乱警卫兵,密探機器人 | 恐慌哨兵,周囲の危険を感知する能力を持つアプモン。彼の小型偵察機が不審物を発見すると、頭のパトランプが光りサイレンが鳴り響く。,주변의 위험을 감지하는 능력을 지닌 어플몬. 삐뽀몬의 소형 정찰기가 수상한 물건을 발견하면 머리에 있는 장치가 빛나며 사이렌이 울려 퍼진다.,"An Appmon that can sense danger in its surroundings. When its miniature reconnaissance drones detect something suspicious, it blares the police siren atop its head.",该应用兽拥有感知周围危险的能力。当他的微型侦察机发现可疑物品时，警笛兽头上的警灯便会在亮起来的同时发出巨大的警报声。,能感知到周遭危險的APP獸。他的小型偵察機若發現可疑物體，頭上的警燈就會發光並鳴放警笛聲。,True,True,https://digimon.net/cimages/appmon/img_chara_041.jpg,https://digimon.net/cimages/appmon/img_icon_041.png,88 | 32 | 33,True,https://digimon.net/appmon/detail.php?id=41,https://digimon.net/appmon_ko/detail.php?id=41,https://digimon.net/appmon_en/detail.php?id=41,https://digimon.net/appmon_zh-CHS/detail.php?id=41,https://digimon.net/appmon_zh-CHT/detail.php?id=41,ko_profile_uses_eopeulmon_not_page_title_apeumon
42,デンパモン,시그널몬,Denpamon,电波兽,電波獸,並,스탠다드,Standard,普,普,通信,통신,Communication,通信,通訊,システム,시스템,System,系统,系統,シークサークル | クリーンシグナル,시크 서클 | 클린 시그널,Radar Circle | Screen Signal,搜索圈 | 净化信号,搜索圈 | 乾淨信號,特殊な電波を放ち、近くにいるアプモンの位置や数を感知できるアプモン。対アプモンのかくれんぼでは、無敗の実績を誇る。,특수한 전파를 쏴서 가까이 있는 어플몬의 위치와 수를 감지할 수 있는 어플몬. 다른 어플몬과의 숨바꼭질에서는 필승을 자랑한다.,An Appmon that can detect the number and location of nearby Appmons by emitting special signals. It has never once lost a game of hide-and-seek against Appmons.,该应用兽可以释放出特殊的电磁波来探测附近应用兽的分布位置和数量。在应用兽之间，电波兽是躲猫猫游戏的常胜将军，多年来未尝一败。,能釋放特殊的電波來感知附近APP獸的位置和數量。在與APP獸間的捉迷藏紀錄中，擁有自豪的不敗戰績。,True,True,https://digimon.net/cimages/appmon/img_chara_042.jpg,https://digimon.net/cimages/appmon/img_icon_042.png,85 | 5,True,https://digimon.net/appmon/detail.php?id=42,https://digimon.net/appmon_ko/detail.php?id=42,https://digimon.net/appmon_en/detail.php?id=42,https://digimon.net/appmon_zh-CHS/detail.php?id=42,https://digimon.net/appmon_zh-CHT/detail.php?id=42,ko_profile_uses_eopeulmon_not_page_title_apeumon
43,オンモン,온몬,Onmon,上线兽,連線獸,並,스탠다드,Standard,普,普,オンライン,온라인,Online,上线,連線,ゲーム,게임,Game,游戏,遊戲,スイッチスパーク | ツナゲルリンク,스위치 스파크 | 커넥팅 링크,Spark Switch | Energy Link,兴奋开关 | 连结链接,開關火花 | 連線相接,パチッとスイッチを入れるように、対象のやる気をいきなりマックスにする能力を持つアプモン。能力同様、本人も常にやる気満々。,깜박하고 스위치를 켜듯이 대상의 의욕을 갑자기 최고로 만드는 능력을 지닌 어플몬. 능력과 마찬가지로 본인도 항상 의욕이 넘친다.,"An Appmon that can instantly maximize its targets' motivation levels, like flicking on a switch. Fitting of an Appmon with its motivational ability, it's always ready and raring to go.",该应用兽拥有将对象的积极性瞬间最大化的能力——就像啪地一声为他们打开了身上的某个开关一样。跟自己的能力一样，连线兽自身也总是干劲十足。,就像突然打開開關一樣，擁有能瞬間將對象APP獸的幹勁提升到最大的能力。與能力相同，他本身也總是幹勁十足的狀態。,True,True,https://digimon.net/cimages/appmon/img_chara_043.jpg,https://digimon.net/cimages/appmon/img_icon_043.png,1 | 76 | 112,True,https://digimon.net/appmon/detail.php?id=43,https://digimon.net/appmon_ko/detail.php?id=43,https://digimon.net/appmon_en/detail.php?id=43,https://digimon.net/appmon_zh-CHS/detail.php?id=43,https://digimon.net/appmon_zh-CHT/detail.php?id=43,ko_profile_uses_eopeulmon_not_page_title_apeumon
44,オフモン,오프몬,Offmon,离线兽,離線獸,並,스탠다드,Standard,普,普,オフライン,오프라인,Offline,离线,離線,ゲーム,게임,Game,游戏,遊戲,スイッチレイジー | タチキルリンク,스위치 레이지 | 디스커넥팅 링크,Lazy Switch | Idle Link,慵懒开关 | 切断链接,懶惰開關 | 切斷連線,パチッとスイッチを切るように、対象のやる気をいきなりゼロにする能力を持つアプモン。能力のせいか、本人もいつも気だるげ。,깜박하고 스위치를 끄듯이 대상의 의욕을 갑자기 바닥나게 만드는 능력을 지닌 어플몬. 능력 때문인지 본인도 항상 나른하다.,"An Appmon that can instantly deflate its targets' motivation levels, like flicking off a switch. Perhaps because of its demotivational ability, it finds any and everything it attempts a real chore.",该应用兽拥有将对象的积极性瞬间归零的能力——就像啪地一声为他们关闭了身上的某个开关一样。不知是不是因为能力的原因，下线兽总是显得非常没有干劲。,就像突然關閉開關一樣，擁有能瞬間將對象APP獸的幹勁消除的能力。不知道是不是受能力影響，他自己也總是很慵懶。,True,True,https://digimon.net/cimages/appmon/img_chara_044.jpg,https://digimon.net/cimages/appmon/img_icon_044.png,77 | 33 | 121,True,https://digimon.net/appmon/detail.php?id=44,https://digimon.net/appmon_ko/detail.php?id=44,https://digimon.net/appmon_en/detail.php?id=44,https://digimon.net/appmon_zh-CHS/detail.php?id=44,https://digimon.net/appmon_zh-CHT/detail.php?id=44,ko_profile_uses_eopeulmon_not_page_title_apeumon
45,ドカモン,콰광몬,Dokamon,多卡兽,多卡獸,並,스탠다드,Standard,普,普,アクション,액션,Action,全真投射,動作,ゲーム,게임,Game,游戏,遊戲,ドカドカラッシュ | ドッカンパンチ,우르르 러시 | 쾅 펀치,Wild Rush | Savage Punch,多卡多卡冲刺 | 炸裂飞拳,多卡多卡連擊 | 砰擊拳頭,強い相手と戦うほどに燃え上がる、根っからの暴れん坊。高い身体能力と頑丈な拳を持ち、常に自分の力を試す機会を求めている。,강한 상대와 전투할 정도로 불타오르는 천성적으로 난폭한 어플몬. 높은 신체 능력과 튼튼한 주먹을 지녔기에 항상 자신의 힘을 시험할 기회를 찾는다.,"A true ruffian, the stronger its opponent is, the stronger its own fighting spirit becomes. With immense physical strength and heavy-duty fists, it's always looking for an opportunity to test its limits.",敌人越强斗志越旺的应用兽，骨子里就是一个不服就干的暴脾气。多卡兽有着高超的运动能力和一对结实无比的拳头，所以他时常都在寻找着测试自身战斗力的机会。,與越是強大的對手戰鬥，鬥志就越旺盛，是天生的好鬥之徒。擁有強健的身體能力和結實的拳頭，總是在尋求能測試自身力量的機會。,True,True,https://digimon.net/cimages/appmon/img_chara_045.jpg,https://digimon.net/cimages/appmon/img_icon_045.png,96 | 66 | 93,True,https://digimon.net/appmon/detail.php?id=45,https://digimon.net/appmon_ko/detail.php?id=45,https://digimon.net/appmon_en/detail.php?id=45,https://digimon.net/appmon_zh-CHS/detail.php?id=45,https://digimon.net/appmon_zh-CHT/detail.php?id=45,ko_profile_uses_eopeulmon_not_page_title_apeumon
46,ショットモン,샷몬,Shotmon,射击兽,射擊獸,並,스탠다드,Standard,普,普,シューティング,슈팅,Shooting,射击游戏,射擊,ゲーム,게임,Game,游戏,遊戲,デッドショット | プレッシャーリボルヴ,데드 샷 | 프레셔 리볼브,Dead Shot | Revolving Pressure,死亡射击 | 威慑性上弹,死亡射擊 | 螺旋加壓,遠距離射撃を得意とする一流の狙撃手。自慢のリボルバーは特別製で、時に気配も音もなく標的をしとめる。,"원거리 사격이 특기인 일류 저격수. 자랑스러워하는 리볼버는 특별히 만든 것으로 때때로 기척도, 소리도 없이 표적을 해치운다.","An elite sniper specialized in long-range attacks. Its prized revolver is custom-made, and can hit its targets from the shadows without so much as a sound.",一流的狙击手，最擅长远距离射击。有时，射击兽会用那把心爱的特制左轮手枪一声不响地消灭他的目标。,擅長遠距離射擊的一流狙擊手。自豪的左輪手槍是特別製作的，有時甚至能悄無聲息地消滅目標。,True,True,https://digimon.net/cimages/appmon/img_chara_046.jpg,https://digimon.net/cimages/appmon/img_icon_046.png,11 | 86 | 21,True,https://digimon.net/appmon/detail.php?id=46,https://digimon.net/appmon_ko/detail.php?id=46,https://digimon.net/appmon_en/detail.php?id=46,https://digimon.net/appmon_zh-CHS/detail.php?id=46,https://digimon.net/appmon_zh-CHT/detail.php?id=46,
47,カードモン,카드몬,Cardmon,卡片兽,卡牌獸,並,스탠다드,Standard,普,普,カード,카드,Card,卡牌游戏,卡牌,ゲーム,게임,Game,游戏,遊戲,ドローフェイズ | ブランクカード,드로 페이즈 | 블랭크 카드,Drawing Phase | Blank Card,抽牌 | 空白卡牌,抽卡階段 | 空白卡牌,体に描かれたカードのような絵柄を入れ替えることで、さまざまな能力を発動するアプモン。絵柄によって性格まで変わってしまう。,몸에 그려진 카드와 같은 그림을 교체해서 다양한 능력을 발동하는 어플몬. 그림에 따라 성격까지 바뀌어버린다.,An Appmon that can activate a variety of abilities by modifying the card-like drawings on its body. Its personality also changes in function of those drawings.,该应用兽可以通过更换身上图案来发动各种能力，这些图案都与游戏卡牌的卡面十分相似。只不过，图案一更换，性格也骤变。,可透過更換描繪在身上如卡牌般的圖案來發動各種能力的APP獸。性格也會根據圖案的不同而發生改變。,True,True,https://digimon.net/cimages/appmon/img_chara_047.jpg,https://digimon.net/cimages/appmon/img_icon_047.png,92 | 23 | 53,True,https://digimon.net/appmon/detail.php?id=47,https://digimon.net/appmon_ko/detail.php?id=47,https://digimon.net/appmon_en/detail.php?id=47,https://digimon.net/appmon_zh-CHS/detail.php?id=47,https://digimon.net/appmon_zh-CHT/detail.php?id=47,ko_profile_uses_eopeulmon_not_page_title_apeumon
48,ロープレモン,롤플레잉몬,Roleplaymon,角色扮演兽,角色扮演獸,並,스탠다드,Standard,普,普,ロープレ,롤플레잉,Role-playing,角色扮演游戏,角色扮演,ゲーム,게임,Game,游戏,遊戲,ホーリーソード | ブレイブシールド,홀리 소드 | 브레이브 쉴드,Holy Sword | Radiant Shield,圣光剑 | 勇气盾,聖劍攻擊 | 勇氣之盾,聖剣を武器に持つ勇者。不思議なカリスマ性があり、他人の家に勝手に上がり込んで物色をしても、なぜか誰にもとがめられない。,"성검을 무기로 지닌 용사. 신비로운 카리스마를 지녔기에, 다른 이의 집에 마음대로 들어가서 물색해도 어째서인지 누구도 나무랄 수 없다.","A hero that wields a holy sword. Strangely charismatic, no one seems to mind when it barges into homes uninvited and rummages through drawers.",以圣剑为武器的勇者。该应用兽拥有极高的人格魅力，即使登堂入室将百姓家中搜刮一空也从来不会受到任何阻拦。,手持聖劍當武器的勇者。具有不可思議的領袖氣質。不知為何就算他擅闖別人家中隨意獲取物品，也不會被人責備。,True,True,https://digimon.net/cimages/appmon/img_chara_048.jpg,https://digimon.net/cimages/appmon/img_icon_048.png,4 | 19 | 96,True,https://digimon.net/appmon/detail.php?id=48,https://digimon.net/appmon_ko/detail.php?id=48,https://digimon.net/appmon_en/detail.php?id=48,https://digimon.net/appmon_zh-CHS/detail.php?id=48,https://digimon.net/appmon_zh-CHT/detail.php?id=48,
49,パズルモン,퍼즐몬,Puzzlemon,智谜兽,益智獸,並,스탠다드,Standard,普,普,パズル,퍼즐,Puzzle,益智类游戏,益智遊戲,ゲーム,게임,Game,游戏,遊戲,ポッピンスリー | エレメントミックス,팝핀 쓰리 | 엘리먼트 믹스,Popping Trio | Element Mix,跃动三人组 | 元素混合,三連彈砰 | 元素混合,３つの体がそれぞれ異なる個性を持つ、少し特殊なアプモン。互いの位置を入れ替えることでタイプの違う攻撃を放つことができる。,3개의 몸이 각각 다른 개성을 지닌 조금 특수한 어플몬. 서로의 위치를 바꾸면 다른 유형의 공격을 날릴 수 있다.,"A rather unusual Appmon with three bodies, each with its own personality. By swapping positions with each other, they can unleash different types of attacks.",该应用兽较为特殊，因为他有三个身体，而每个身体又都拥有各自的性格。益智兽的三个身体可以通过交换位置来发动不同类型的攻击。,三個身體各自擁有不同的性格，有些特殊的APP獸。可透過替換彼此的位置來使出不同類型的攻擊。,True,True,https://digimon.net/cimages/appmon/img_chara_049.jpg,https://digimon.net/cimages/appmon/img_icon_049.png,40 | 87 | 23,True,https://digimon.net/appmon/detail.php?id=49,https://digimon.net/appmon_ko/detail.php?id=49,https://digimon.net/appmon_en/detail.php?id=49,https://digimon.net/appmon_zh-CHS/detail.php?id=49,https://digimon.net/appmon_zh-CHT/detail.php?id=49,ko_profile_uses_eopeulmon_not_page_title_apeumon
50,ダンスモン,댄스몬,Dancemon,舞蹈兽,舞蹈獸,並,스탠다드,Standard,普,普,リズム,리듬,Rhythm,音乐游戏,節奏,ゲーム,게임,Game,游戏,遊戲,アップロックビート | クレイジーステップ,업록 비트 | 크레이지 스텝,Uprock Beat | Crazy Steps,律动战斗步 | 狂热踢踏,戰鬥節拍 | 瘋狂舞步,音楽を聞けば踊りださずにはいられない、生粋のダンサー。「ノればノるほど強くなる」ミュージッ拳を用い、戦闘さえ踊りこなす。,음악을 들으면 무조건 춤을 추게 되는 정통 댄서다. 「리듬을 잘 탈수록 강해지는」 뮤직 주먹을 활용해 전투에서도 춤을 춘다.,"A dancer through and through, it can't help but dance whenever it hears music. It even dances in battle, and the harder it grooves, the harder its musi-fists fly.",天生的舞蹈家，一听到音乐就想跳上一段。他甚至还能挥动着“越舞越强”的“音乐拳”与敌人跳舞似的展开战斗。,一聽到音樂就會情不自禁地跳舞的天生舞者。會使用「越跳越強」的音樂拳，連戰鬥時也能跳舞應戰。,True,True,https://digimon.net/cimages/appmon/img_chara_050.jpg,https://digimon.net/cimages/appmon/img_icon_050.png,100 | 22 | 54,True,https://digimon.net/appmon/detail.php?id=50,https://digimon.net/appmon_ko/detail.php?id=50,https://digimon.net/appmon_en/detail.php?id=50,https://digimon.net/appmon_zh-CHS/detail.php?id=50,https://digimon.net/appmon_zh-CHT/detail.php?id=50,
51,レースモン,레이스몬,Racemon,竞速兽,賽車獸,並,스탠다드,Standard,普,普,レース,레이스,Race,竞速游戏,競賽,ゲーム,게임,Game,游戏,遊戲,アクセルドライブ | レイジーラビット,액셀 드라이브 | 레이지 래빗,Turbo Drive | Lazy Rabbit,油门狂飙 | 懒散野兔,全速駕駛 | 慵懶的突圍者,操縦できない乗り物はないという、凄腕のドライバー。三輪車から宇宙船まで、乗り物の性能を最大限に引き出す能力を持つ。,"모든 탈것을 조종할 수 있다고 알려진 뛰어난 운전사. 세발자전거부터 우주선까지, 탈것의 성능을 최대한 끌어내는 능력을 지녔다.","An expert driver, there is no vehicle it can't operate. It can draw the maximum performance out of any conveyance, from tricycles to spaceships.",优秀的驾驶员，据说世界上没有他开不了的交通工具。该应用兽的能力可以最大限度地发挥出坐骑的性能，无论那是三轮车还是宇宙飞船。,據說能操縱所有交通工具，是位優秀的司機。從三輪車到太空船，擁有能將交通工具的性能發揮到最大限度的能力。,True,True,https://digimon.net/cimages/appmon/img_chara_051.jpg,https://digimon.net/cimages/appmon/img_icon_051.png,61 | 91 | 13,True,https://digimon.net/appmon/detail.php?id=51,https://digimon.net/appmon_ko/detail.php?id=51,https://digimon.net/appmon_en/detail.php?id=51,https://digimon.net/appmon_zh-CHS/detail.php?id=51,https://digimon.net/appmon_zh-CHT/detail.php?id=51,
52,ドローモン,드로몬,Drawmon,颜料兽,繪圖獸,並,스탠다드,Standard,普,普,ペイント,페인트,Paint,绘画,繪圖,エンタメ,엔터테인먼트,Entertainment,娱乐,娛樂,インクシャワー | ペイントメルト,잉크 샤워 | 페인트 멜트,Ink Shower | Paint Melt,墨汁暴雨 | 图层溶解,墨水淋浴 | 顏料溶解,絵の具のようにドロドロの体を持つ、色塗りが得意なアプモン。アートをこよなく愛しているが、本人の描く絵は少しヘタクソ。,"그림물감처럼 질척거리는 몸을 지닌 색칠이 특기인 어플몬. 예술을 더할 나위 없이 사랑하지만, 본인의 그림 실력은 조금 형편없다.","An artistic Appmon with a body slushy like paint. Although it loves nothing so much as coloring, you might not want to hang the art it produces on your wall.",该应用兽有着颜料般粘稠的身体，非常擅长为绘画上色。虽然颜料兽十分热爱美术，但遗憾的是他自己画的作品其实并不怎么好看。,擁有像繪畫工具一般黏糊糊的身體，是擅長塗色的APP獸。非常喜愛藝術，但本人的畫作卻略顯拙劣。,True,True,https://digimon.net/cimages/appmon/img_chara_052.jpg,https://digimon.net/cimages/appmon/img_icon_052.png,25 | 56 | 39,True,https://digimon.net/appmon/detail.php?id=52,https://digimon.net/appmon_ko/detail.php?id=52,https://digimon.net/appmon_en/detail.php?id=52,https://digimon.net/appmon_zh-CHS/detail.php?id=52,https://digimon.net/appmon_zh-CHT/detail.php?id=52,ko_profile_uses_eopeulmon_not_page_title_apeumon
53,テラーモン,텔러몬,Tellermon,预言兽,預知獸,並,스탠다드,Standard,普,普,占い,점술,Fortune Telling,占卜,占卜,エンタメ,엔터테인먼트,Entertainment,娱乐,娛樂,フォーチュンテラー | スフィアインパクト,포춘 텔러 | 스피어 임팩트,Fortune-Teller | Sphere Impact,未知预言 | 水晶球冲击,算命師 | 水晶球衝擊,ミステリアスな予言者であり、アプモンに人気の占い師。データでできた水晶玉を通して、対象の少し未来の姿を見ることができる。,불가사의한 예언자이며 어플몬에게 인기 있는 점술사. 데이터로 만들어진 수정 구슬을 통해 대상의 가까운 미래를 볼 수 있다.,"A mysterious soothsayer, it is a popular fortune-teller among Appmons. By gazing into a crystal ball made of pure data, it can see into the not-so-distant future of its targets.",神秘的预言家，在应用兽界非常有人气。通过由数据组成的水晶球，预言兽可以预测对象不久后的未来。,神秘的預言者，是位很受APP獸歡迎的占卜師。能透過用數據做成的水晶球看到對象不久之後的未來樣貌。,True,True,https://digimon.net/cimages/appmon/img_chara_053.jpg,https://digimon.net/cimages/appmon/img_icon_053.png,47 | 59 | 98,True,https://digimon.net/appmon/detail.php?id=53,https://digimon.net/appmon_ko/detail.php?id=53,https://digimon.net/appmon_en/detail.php?id=53,https://digimon.net/appmon_zh-CHS/detail.php?id=53,https://digimon.net/appmon_zh-CHT/detail.php?id=53,ko_profile_uses_eopeulmon_not_page_title_apeumon
54,ミュージモン,뮤지몬,Musimon,音乐兽,音樂獸,並,스탠다드,Standard,普,普,音楽,음악,Music,音乐,音樂,エンタメ,엔터테인먼트,Entertainment,娱乐,娛樂,ミュージックアワー！ | ハッピープレイリスト,뮤직 아워! | 해피 플레이리스트,Music Hour | Happy Playlist,奏乐时间！ | 快乐歌单,音樂時刻！ | 歡樂歌單,「音楽は世界を変える」がモットーのミュージシャン。彼の生み出す音楽は、聞く相手の心を激しく動かす。,「음악은 세계를 바꾼다」가 모토인 뮤지션. 뮤지몬이 만들어내는 음악은 듣는 상대의 마음을 격하게 흔든다.,A musician whose motto is music can change the world. The music it produces has a powerful emotional impact on its audience.,信奉“音乐改变世界”的音乐家。她所创作的音乐能够强烈地打动听众的心灵。,以「音樂能改變世界」為座右銘的音樂家。他所奏出的音樂能撼動聽眾的心靈。,True,True,https://digimon.net/cimages/appmon/img_chara_054.jpg,https://digimon.net/cimages/appmon/img_icon_054.png,100 | 50 | 22,True,https://digimon.net/appmon/detail.php?id=54,https://digimon.net/appmon_ko/detail.php?id=54,https://digimon.net/appmon_en/detail.php?id=54,https://digimon.net/appmon_zh-CHS/detail.php?id=54,https://digimon.net/appmon_zh-CHT/detail.php?id=54,
55,ペロリモン,덥석몬,Perorimon,舔舔兽,舔舔獸,並,스탠다드,Standard,普,普,グルメ,맛집,Gourmet,美食,美食,エンタメ,엔터테인먼트,Entertainment,娱乐,娛樂,テイスティングバイト | ペロリンログ,테이스팅 바이트 | 꿀꺽 로그,Tasting Bite | Yummy Log,齿颊生香 | 美味回忆,試吃咀嚼 | 品嘗記錄,食事の時間を何より愛する食いしん坊。普段はとてものんびり屋だが、空腹時には食べ物を求めて凶暴な性格になる。,식사 시간을 가장 사랑하는 먹보. 평소에는 굉장히 느긋하지만 공복일 때는 음식을 찾으며 포악한 성격이 된다.,"A glutton whose favorite time is mealtime. Although it's quite laid-back when its stomach is full, it will flip the table over to find food when it grows hungry.",贯彻“爱吃”二字的大吃货。舔舔兽平日里是个慢性子，但只要他一饿肚子就会变得非常狂暴，到处疯狂地寻找食物。,無比重視吃飯時間的貪吃鬼。平時的性情很悠閒，但是在肚子餓的時候會為了追求食物而變凶暴。,True,True,https://digimon.net/cimages/appmon/img_chara_055.jpg,https://digimon.net/cimages/appmon/img_icon_055.png,66 | 93 | 45,True,https://digimon.net/appmon/detail.php?id=55,https://digimon.net/appmon_ko/detail.php?id=55,https://digimon.net/appmon_en/detail.php?id=55,https://digimon.net/appmon_zh-CHS/detail.php?id=55,https://digimon.net/appmon_zh-CHT/detail.php?id=55,
56,ドーガモン,비디몬,Dogamon,影视兽,影片獸,並,스탠다드,Standard,普,普,動画,영상,Video,视频,影片,エンタメ,엔터테인먼트,Entertainment,娱乐,娛樂,チャンネルプレイ | ダークモニター,채널 플레이 | 다크 모니터,Channel Play | Dark Monitor,视频号连播 | 黑暗荧屏,頻道播放 | 暗黑顯示器,世界中の映像作品や配信動画を熟知するアプモン。腕のリモコンを操作することで、顔の画面に映像を映すことができる。,전 세계의 영상 작품과 스트리밍 영상을 숙지하는 어플몬. 팔에 있는 리모컨을 조작하면 얼굴의 화면에 영상을 띄울 수 있다.,"An Appmon with an encyclopedic knowledge of videos produced around the world, whether projected, broadcast, or streamed. By operating the remote on its arm, it can display pictures on the screen that serves as its face.",对全世界的影视作品和网络视频了如指掌的应用兽。按下手臂上的遥控器，便可以在视频兽面部的显示器上播放视频。,熟悉全世界的影像作品和直播影片的APP獸。使用手臂上的遙控器，可以在臉部的螢幕中顯示出畫面。,True,True,https://digimon.net/cimages/appmon/img_chara_056.jpg,https://digimon.net/cimages/appmon/img_icon_056.png,10 | 97 | 26,True,https://digimon.net/appmon/detail.php?id=56,https://digimon.net/appmon_ko/detail.php?id=56,https://digimon.net/appmon_en/detail.php?id=56,https://digimon.net/appmon_zh-CHS/detail.php?id=56,https://digimon.net/appmon_zh-CHT/detail.php?id=56,ko_profile_uses_eopeulmon_not_page_title_apeumon
57,ドレスモン,드레스몬,Dressmon,洋装兽,服裝獸,並,스탠다드,Standard,普,普,ファッション,패션,Fashion,时尚,時尚,エンタメ,엔터테인먼트,Entertainment,娱乐,娛樂,ソーイングニードル | シャミングステッチ,소잉 니들 | 셰밍 스티치,Sewing Needle | Jamming Stitch,缝衣刺 | 伪装缝合,縫紉刺針 | 妨礙縫線,画面上に表示された服をデータの切れ端で縫い上げ、具現化する能力を持つアプモン。その早縫いの技には誰も敵わない。,화면에 표시된 옷을 데이터 자투리를 이용해서 바느질로 구현하는 능력을 지닌 어플몬. 빠르게 바느질하는 기술은 누구도 따라올 수 없다.,"An Appmon that can materialize any clothing displayed on screen by sewing together scraps of data. When it comes to sewing, no seamstress or tailor can match its speed.",该应用兽可以通过缝制碎片数据，将显示在屏幕上的衣服“实体化”为成衣。在缝制服装的速度上，世界上没有人能比得过裁缝兽。,能將數據碎片縫到顯示在畫面中的服裝上，是擁有具現化能力的APP獸。他的高速縫紉技術無人能敵。,True,True,https://digimon.net/cimages/appmon/img_chara_057.jpg,https://digimon.net/cimages/appmon/img_icon_057.png,25 | 74 | 72,True,https://digimon.net/appmon/detail.php?id=57,https://digimon.net/appmon_ko/detail.php?id=57,https://digimon.net/appmon_en/detail.php?id=57,https://digimon.net/appmon_zh-CHS/detail.php?id=57,https://digimon.net/appmon_zh-CHT/detail.php?id=57,ko_profile_uses_eopeulmon_not_page_title_apeumon
58,ブックモン,북몬,Bookmon,书本兽,書本獸,並,스탠다드,Standard,普,普,電子書籍,e북,eBook,电子书,電子書籍,エンタメ,엔터테인먼트,Entertainment,娱乐,娛樂,ページサモン | センテンスウィップ,페이지 서몬 | 센텐스 휩,Page Summon | Sentence Whip,书页召唤 | 长句长鞭,書頁召喚 | 文章鞭策,世の電子書籍を網羅した、とても物知りなアプモン。彼のページの中では、本の内容が現実の世界として存在している。,세상의 e북을 망라한 굉장히 박식한 어플몬. 북몬의 페이지에는 책의 내용이 현실 세계로 존재한다.,"An incredibly knowledgeable Appmon comprised of all the world's ebooks. Within its pages, the places narrated in fiction exist as real, tangible worlds.",非常有文化的应用兽，因为他的体内储存着世界上所有的电子书。书本的内容都以真实世界的形象存在于在他身上的书页里。,網羅了全世界的電子書籍，是位知識淵博的APP獸。對於現實世界而言，他書頁中的內容將等同於真實存在的事物。,True,True,https://digimon.net/cimages/appmon/img_chara_058.jpg,https://digimon.net/cimages/appmon/img_icon_058.png,75 | 8 | 106,True,https://digimon.net/appmon/detail.php?id=58,https://digimon.net/appmon_ko/detail.php?id=58,https://digimon.net/appmon_en/detail.php?id=58,https://digimon.net/appmon_zh-CHS/detail.php?id=58,https://digimon.net/appmon_zh-CHT/detail.php?id=58,ko_profile_uses_eopeulmon_not_page_title_apeumon
59,ガシャモン,뽑몬,Gashamon,扭蛋兽,扭蛋獸,並,스탠다드,Standard,普,普,ガシャ,캡슐 뽑기,Gashapon,扭蛋,扭蛋,エンタメ,엔터테인먼트,Entertainment,娱乐,娛樂,ガシャガシャポン | ドッキリカプセル,뽑뽑 | 서프라이즈 캡슐,Gashagashapon | Prank Capsule,咔嚓咔嚓砰 | 搞怪扭蛋,扭蛋碰擊 | 整人膠囊,コイン１枚ごとにカプセルを１つくれる、ガシャポン型のアプモン。何が出てくるかはガシャモン本人にもわからない。,코인 1개당 캡슐을 1개 주는 캡슐 뽑기 머신 모양의 어플몬. 무엇이 나올지는 뽑몬 본인도 모른다.,"A gashapon-type Appmon, it will exchange a capsule for each coin you insert into it. What you may find inside, it doesn't even know.",扭蛋机型应用兽，每投入一枚硬币他便会产出一只扭蛋——虽然连他自己都不知道从扭蛋里能开出什么东西来。,每投一枚硬幣就會掉出一個扭蛋的扭蛋機型態APP獸。就連他自己都不知道會掉出什麼樣的扭蛋。,True,True,https://digimon.net/cimages/appmon/img_chara_059.jpg,https://digimon.net/cimages/appmon/img_icon_059.png,60 | 47 | 62,True,https://digimon.net/appmon/detail.php?id=59,https://digimon.net/appmon_ko/detail.php?id=59,https://digimon.net/appmon_en/detail.php?id=59,https://digimon.net/appmon_zh-CHS/detail.php?id=59,https://digimon.net/appmon_zh-CHT/detail.php?id=59,ko_profile_uses_eopeulmon_not_page_title_apeumon
60,ラックモン,럭몬,Luckmon,好运兽,幸運獸,並,스탠다드,Standard,普,普,スロット,슬롯,Slot,老虎机,老虎機,エンタメ,엔터테인먼트,Entertainment,娱乐,娛樂,ラッキースロット | トリプルセブン,럭키 슬롯 | 트리플 세븐,Lucky Slot | Triple Seven,幸运拉杆 | 777,幸運連線 | 777,3つの絵柄が揃うとコインを吐き出す、スロットマシン型のアプモン。彼の前にはいつも、一攫千金を狙うアプモンで列ができている。,같은 그림 3개가 모이면 코인을 뱉어내는 슬롯머신 모양의 어플몬. 럭몬의 앞에는 항상 일확천금을 노리는 어플몬이 장사진을 치고 있다.,"Taking the shape of a slot machine, it will pay out coins should you be lucky enough to line up three of the same symbol. Day in and day out, it stares down a long queue of Appmons eager to strike it rich.",老虎机型应用兽，凑齐三个相同的图案便可以让他吐出硬币。他跟前总是排着一长串梦想着一夜暴富的应用兽。,湊齊三個圖案就會吐出硬幣的老虎機型態APP獸。想一舉致富的APP獸們總是在他面前大排長龍。,True,True,https://digimon.net/cimages/appmon/img_chara_060.jpg,https://digimon.net/cimages/appmon/img_icon_060.png,101 | 68 | 59,True,https://digimon.net/appmon/detail.php?id=60,https://digimon.net/appmon_ko/detail.php?id=60,https://digimon.net/appmon_en/detail.php?id=60,https://digimon.net/appmon_zh-CHS/detail.php?id=60,https://digimon.net/appmon_zh-CHT/detail.php?id=60,ko_profile_uses_eopeulmon_not_page_title_apeumon
61,トリックモン,트릭몬,Trickmon,魔术兽,魔術獸,並,스탠다드,Standard,普,普,手品,마술,Trick,魔术戏法,魔術,エンタメ,엔터테인먼트,Entertainment,娱乐,娛樂,トリッキーハッター | グランドイリュージョン,트리키 해터 | 그랜드 일루전,Hat Trickster | Grand Illusion,魔法帽匠 | 壮丽幻象,帽子戲法 | 巨型幻象,カードからイリュージョンまで、多くの奇術を使いこなす稀代のマジシャン。簡単なデータは消失マジックでパッと消してしまう。,카드부터 일루전까지 많은 마술을 구사하는 희대의 마술사. 간단한 데이터는 소실 마술로 순식간에 지워버린다.,"An extraordinary magician that has all but mastered the art of magic, from card tricks to illusions. It can make simple data disappear into thin air with magic.",不世出的天才魔术师，从扑克牌戏法到大型视觉魔术他都手到擒来，还可以用消失术让一些简单的数据瞬间无影无踪。,從卡牌到幻覺，精通多種奇特手法的稀世魔術師。能用消失魔術讓簡單的數據瞬間消失。,True,True,https://digimon.net/cimages/appmon/img_chara_061.jpg,https://digimon.net/cimages/appmon/img_icon_061.png,91 | 51 | 13,True,https://digimon.net/appmon/detail.php?id=61,https://digimon.net/appmon_ko/detail.php?id=61,https://digimon.net/appmon_en/detail.php?id=61,https://digimon.net/appmon_zh-CHS/detail.php?id=61,https://digimon.net/appmon_zh-CHT/detail.php?id=61,
62,ダイスモン,다이스몬,Dicemon,骰子兽,骰子獸,並,스탠다드,Standard,普,普,サイコロ,주사위,Dice,模拟骰子,骰子,エンタメ,엔터테인먼트,Entertainment,娱乐,娛樂,シックスシェイク | ミラクルロール,식스 셰이크 | 미라클 롤,Six-Shake | Miracle Roll,六方震荡 | 奇迹一掷,六點投擲 | 奇蹟翻滾,サイコロ型の四角いアプモン。ギャンブルが大好きで、日常の行動から攻撃方法まで、すべての結果を運任せで決めてしまう。,"주사위 모양의 네모난 어플몬. 내기를 아주 좋아해서, 일상 속 행동부터 공격 방법까지 모두 결과를 운에 맡기고 결정해 버린다.","As a dice-type Appmon, it takes the form of a simple cube. Its gambling addiction compels it to leave all outcomes to Lady Luck, from its daily activities to its methods of attack.",长得方方正正的骰子型应用兽。骰子兽非常喜欢赌博，从平日的行动到攻击方式，他都会让命运替自己做出抉择。,骰子型態的四方形APP獸。非常熱愛賭博，從日常行動到攻擊方法，所有的事情都以碰運氣的方式來決定。,True,True,https://digimon.net/cimages/appmon/img_chara_062.jpg,https://digimon.net/cimages/appmon/img_icon_062.png,101 | 68 | 60,True,https://digimon.net/appmon/detail.php?id=62,https://digimon.net/appmon_ko/detail.php?id=62,https://digimon.net/appmon_en/detail.php?id=62,https://digimon.net/appmon_zh-CHS/detail.php?id=62,https://digimon.net/appmon_zh-CHT/detail.php?id=62,ko_profile_uses_eopeulmon_not_page_title_apeumon
63,クックモン,쿡몬,Cookmon,烹饪兽,廚師獸,並,스탠다드,Standard,普,普,お料理,요리,Cook,食谱,烹飪,エンタメ,엔터테인먼트,Entertainment,娱乐,娛樂,アストロクッキング | ソウルフルコース,아스트로 쿠킹 | 소울풀 코스,Astro-Cooking | Spirited Specialty,地外烹饪 | 灵魂全餐,星際烹飪 | 靈魂套餐,どんな食通もうならせる料理の鉄人。心身ともに非常にたくましく、時には食材のみならず、敵アプモンすら料理してしまう。,"어떤 음식 전문가라도 감탄하게 하는 최강의 요리사. 몸과 마음 모두 아주 강인하며, 때로는 식재료뿐만 아니라 적인 어플몬까지 요리해 버린다.","An iron chef sure to please the palate of any gourmet. Exceptionally strong in both mind and body, it can make a meal out of any ingredient, even enemy Appmons.",厨艺大师。他的手艺能让每一位口味刁钻的老饕也都心服口服。烹饪兽有着强健的精神和肉体，有时他甚至会将敌方的应用兽也当成食材“料理”一番。,能讓任何美食家都讚嘆不已的烹飪達人。身心都非常強健，有時不只烹飪食材，連敵對的APP獸都會拿去料理。,True,True,https://digimon.net/cimages/appmon/img_chara_063.jpg,https://digimon.net/cimages/appmon/img_icon_063.png,28 | 29 | 95,True,https://digimon.net/appmon/detail.php?id=63,https://digimon.net/appmon_ko/detail.php?id=63,https://digimon.net/appmon_en/detail.php?id=63,https://digimon.net/appmon_zh-CHS/detail.php?id=63,https://digimon.net/appmon_zh-CHT/detail.php?id=63,ko_profile_uses_eopeulmon_not_page_title_apeumon
64,バイラモン,바이러몬,Virusmon,病毒兽,病毒獸,並,스탠다드,Standard,普,普,ウィルス,바이러스,Virus,病毒,病毒,ライフ,라이프,Life,生活,生活,パープルガスト | テンタクルバインド,퍼플 거스트 | 텐터클 바인드,Purple Gust | Tentacle Bind,邪紫狂风 | 触手束缚,紫色狂風 | 觸手束縛,体内でオリジナルのウィルスを精製することができる、非常に危険な存在。扱う毒は即効性のものから遅行性のものまでさまざま。,체내에서 자기만의 바이러스를 정제할 수 있는 매우 위험한 존재. 사용하는 독은 즉시 효과가 나타나는 것부터 나중에 드러나는 것까지 다양하다.,An extremely dangerous being that can refine novel viruses inside its body. The poisons it wields range from fast- to slow-acting.,病毒兽可以在自己的体内提炼世界上独一无二的病毒，是一种非常危险的应用兽。病毒兽能够制造的病毒种类繁多，作用速度从慢到快应有尽有。,能在體內精製原創病毒，是非常危險的APP獸。不論是要立即生效或緩慢發作，能使用的毒包羅萬象。,True,True,https://digimon.net/cimages/appmon/img_chara_064.jpg,https://digimon.net/cimages/appmon/img_icon_064.png,67 | 104 | 71,True,https://digimon.net/appmon/detail.php?id=64,https://digimon.net/appmon_ko/detail.php?id=64,https://digimon.net/appmon_en/detail.php?id=64,https://digimon.net/appmon_zh-CHS/detail.php?id=64,https://digimon.net/appmon_zh-CHT/detail.php?id=64,
65,スリープモン,슬립몬,Sleepmon,睡眠兽,睡眠獸,並,스탠다드,Standard,普,普,睡眠,수면,Sleep,睡眠,睡眠,ライフ,라이프,Life,生活,生活,ス～パ～スリ～パ～ | レイジングアイ,슈~퍼~ 슬리~퍼~ | 레이징 아이,Super Sleeper | Raging Eye,睡～吧～睡～吧～ | 愤怒眼眸,超～級～入～眠～者～ | 暴怒之眼,他人を眠りに誘う能力を持つアプモン。普段は眠ったまま行動しているが、無理に起こすと恐ろしい姿に豹変すると言われている。,"다른 이를 졸리게 하는 능력을 지닌 어플몬. 평소에는 잠든 채로 행동하는데, 억지로 깨우면 무시무시한 모습으로 돌변한다고 한다.",An Appmon that can lull anyone to sleep. Rumor has it that it operates while asleep and will turn into a terrifying monster should you rouse it from its slumber.,该应用兽拥有使人陷入沉睡的能力。睡眠兽通常都是一边睡觉一边活动的。据说如果强行唤醒他，他就会变得非常可怕。,能誘使他人睡著的APP獸。平時以睡著的狀態行動，據說被強行吵醒的話會變成很恐怖的樣子。,True,True,https://digimon.net/cimages/appmon/img_chara_065.jpg,https://digimon.net/cimages/appmon/img_icon_065.png,8 | 17 | 102,True,https://digimon.net/appmon/detail.php?id=65,https://digimon.net/appmon_ko/detail.php?id=65,https://digimon.net/appmon_en/detail.php?id=65,https://digimon.net/appmon_zh-CHS/detail.php?id=65,https://digimon.net/appmon_zh-CHT/detail.php?id=65,ko_profile_uses_eopeulmon_not_page_title_apeumon
66,マッスルモン,머슬몬,Musclemon,肌肉兽,肌肉獸,並,스탠다드,Standard,普,普,筋トレ,근육 트레이닝,Muscle Training,健身增肌,鍛鍊肌肉,ライフ,라이프,Life,生活,生活,マッスルポージング | ムキムキスエット,머슬 포징 | 불끈불끈 스웨트,Muscle Flex | Lean Power,健美姿势 | 猛男臭汗,健美擺姿 | 肌肉汗雨,プロのアプモントレーナー。他人の筋力データを無理やり活性化させる能力を持ち、意志に関わらず体をビルドアップさせてしまう。,프로 어플몬 트레이너. 다른 이의 근력 데이터를 억지로 활성화하는 능력을 지녔기에 의지와 상관없이 몸을 단련하게 된다.,"A professional Appmon trainer. It can will the muscular data of others to activate, turning them into fellow beefcakes whether they like it or not.",非常专业的应用兽健身教练。肌肉兽拥有的能力可以强制激活其他人的体力数据，增大目标的肌肉，且过程不以目标的个人意志为转移。,專業的APP獸訓練師。擁有能強行將別人的肌肉數據活性化的能力，無視他人的意願將其身體塑型。,True,True,https://digimon.net/cimages/appmon/img_chara_066.jpg,https://digimon.net/cimages/appmon/img_icon_066.png,45 | 93 | 23,True,https://digimon.net/appmon/detail.php?id=66,https://digimon.net/appmon_ko/detail.php?id=66,https://digimon.net/appmon_en/detail.php?id=66,https://digimon.net/appmon_zh-CHS/detail.php?id=66,https://digimon.net/appmon_zh-CHT/detail.php?id=66,ko_profile_uses_eopeulmon_not_page_title_apeumon
67,エイドモン,에이드몬,Aidmon,救护兽,救援獸,並,스탠다드,Standard,普,普,救命,구조,Rescue,急救,救命,ライフ,라이프,Life,生活,生活,ヒーリングバンデージ | レスキューキッス,힐링 밴디지 | 레스큐 키스,Healing Bandage | Rescue Kiss,治愈绷带 | 救命一吻,治癒繃帶 | 救援之吻,全身の包帯で相手を治療する能力を持つ、アプモンたちの白衣の天使。治療を拒む悪い患者は、包帯で縛って拘束してしまう。,"전신의 붕대로 상대를 치료하는 능력을 지닌, 어플몬들을 위한 백의의 천사. 치료를 거부하는 나쁜 환자는 붕대로 묶어서 포박해 버린다.","A nurse like an angel in white, it can use the bandages wrapped around its body to heal other Appmons. Unless its patients are difficult and refuse treatment, that is, in which case it uses those same bandages to bound and restrain them.",应用兽们的白衣天使，缠满其全身的绷带可以用来治疗病人。对于那些拒绝接受治疗的患者，救护兽会用绷带将他们捆起来。,能使用全身的繃帶來治療對方，是APP獸們的白衣天使。會用繃帶綑綁拘束住拒絕治療的患者。,True,True,https://digimon.net/cimages/appmon/img_chara_067.jpg,https://digimon.net/cimages/appmon/img_icon_067.png,104 | 103 | 69,True,https://digimon.net/appmon/detail.php?id=67,https://digimon.net/appmon_ko/detail.php?id=67,https://digimon.net/appmon_en/detail.php?id=67,https://digimon.net/appmon_zh-CHS/detail.php?id=67,https://digimon.net/appmon_zh-CHT/detail.php?id=67,ko_profile_uses_eopeulmon_not_page_title_apeumon
68,マネーモン,머니몬,Moneymon,财富兽,提款機獸,並,스탠다드,Standard,普,普,電子マネー,전자화폐,eMoney,电子支付,電子貨幣,ライフ,라이프,Life,生活,生活,ルーレットバンク | マニーショック,룰렛 뱅크 | 머니 쇼크,Roulette Bank | Money Shock,轮盘银行 | 财富冲击,轉盤銀行 | 金錢衝擊,対象の所持金を引き出す能力を持つアプモン。彼に借金をお願いすれば、一時的に所持金を超えた額を手に入れることもできる。,"대상이 소지한 금액을 인출하는 능력을 지닌 어플몬. 머니몬에게 돈을 빌려달라고 하면, 일시적으로 소지금 이상의 금액을 얻을 수도 있다.","An Appmon that can shake down its targets for money. Ask it for a loan and you can expand your coffers, at least for a time.",该应用兽拥有将目标所携带的钱款提取出来的能力。向财富兽借钱时，可以暂时获得超越目前携带金额的现金。,能取出對象持有款項的APP獸。如果向他借錢，可暫時獲得超過手持款項的額度。,True,True,https://digimon.net/cimages/appmon/img_chara_068.jpg,https://digimon.net/cimages/appmon/img_icon_068.png,62 | 73 | 105,True,https://digimon.net/appmon/detail.php?id=68,https://digimon.net/appmon_ko/detail.php?id=68,https://digimon.net/appmon_en/detail.php?id=68,https://digimon.net/appmon_zh-CHS/detail.php?id=68,https://digimon.net/appmon_zh-CHT/detail.php?id=68,ko_profile_uses_eopeulmon_not_page_title_apeumon
69,スパモン,스파몬,Spamon,水疗兽,溫泉獸,並,스탠다드,Standard,普,普,温泉,온천,Spa,温泉,溫泉,ライフ,라이프,Life,生活,生活,ハイドロジェット | 癒しの湯,하이드로제트 | 힐링 온천,Hydrojet | Healing Water,水疗激射 | 疗愈温泉,水流噴射 | 治癒之泉,大きな岩風呂を背負っているアプモン。中身は万病に効くと評判の温泉で、アプモンの間ではなかなか入れない秘湯として有名。,"바위로 둘러싸인 큰 온천을 짊어지고 있는 어플몬. 만병을 고치는 효과가 있다고 소문난 온천으로, 어플몬 사이에서는 좀처럼 들어갈 수 없는 숨은 온천 명소로 유명하다.","An Appmon that carries a large stone bathtub on its back. Famous among Appmons as an exclusive spa, the piping hot water filling its bath is effective against all kinds of ailments.",背负着温泉的应用兽。水疗兽背上的这片温泉据说可治百病且门槛颇高，因此在应用兽之间十分出名。,背著巨大岩壁溫泉的APP獸。傳聞那溫泉可治百病但很難泡到，在APP獸之間也頗具盛名。,True,True,https://digimon.net/cimages/appmon/img_chara_069.jpg,https://digimon.net/cimages/appmon/img_icon_069.png,70 | 103 | 67,True,https://digimon.net/appmon/detail.php?id=69,https://digimon.net/appmon_ko/detail.php?id=69,https://digimon.net/appmon_en/detail.php?id=69,https://digimon.net/appmon_zh-CHS/detail.php?id=69,https://digimon.net/appmon_zh-CHT/detail.php?id=69,ko_profile_uses_eopeulmon_not_page_title_apeumon
70,サプリモン,서플리몬,Supplemon,补药兽,補品獸,並,스탠다드,Standard,普,普,サプリ,보충제,Supplement,调养保健,保健食品,ライフ,라이프,Life,生活,生活,バイタルサプリ | ミナギルエナジー,바이털 서플리 | 넘치는 에너지,Vital Supplement | Rising Energy,活力补剂 | 能量满满,生命補充劑 | 能量滿溢,効果バツグンの予防薬を処方してくれるアプモン。サプリモンのくれるサプリを飲むと、その季節は風邪を引かないと言われている。,효과가 뛰어난 예방약을 처방해 주는 어플몬. 서플리몬이 주는 보충제를 먹으면 그 계절은 감기에 걸리지 않는다고 알려져 있다.,An Appmon that will prescribe you the best preventive medicine. People say taking Supplemon's supplements will keep you from catching cold that season.,该应用兽可以为用户开一些药效显著的预防药剂。据说，补药兽的保健品，可保服用之人在当季不受感冒之苦。,可調配出效果超群的預防藥的APP獸。據說只要吃下補品獸給的保健食品，當季都不會感冒。,True,True,https://digimon.net/cimages/appmon/img_chara_070.jpg,https://digimon.net/cimages/appmon/img_icon_070.png,69 | 67 | 103,True,https://digimon.net/appmon/detail.php?id=70,https://digimon.net/appmon_ko/detail.php?id=70,https://digimon.net/appmon_en/detail.php?id=70,https://digimon.net/appmon_zh-CHS/detail.php?id=70,https://digimon.net/appmon_zh-CHT/detail.php?id=70,ko_profile_uses_eopeulmon_not_page_title_apeumon
71,ドープモン,도프몬,Dopemon,禁药兽,毒藥獸,並,스탠다드,Standard,普,普,増強,증강,Enhancement,刺激强化,增強,ライフ,라이프,Life,生活,生活,バイタルリミット              オーバーパワー,바이털 리미트              오버파워,Vital Limit              Power Flow,生命突破              过载能量,生命限制              力量過載,一時的にステータスを上げる薬を処方する。…が、効果が切れるとひどい副作用が出る。,일시적으로 상태를 강화하는 약을 처방한다. 하지만 효과가 떨어지면 심각한 부작용이 나타난다.,"An Appmon that prescribes drugs guaranteed to temporarily raise statuses... When the effects wear off, however, terrible adverse reactions remain.",禁药兽会给用户开一些可以暂时性地提高能力的药剂——只不过，药效一旦过去，就会出现非常严重的副作用。,能調配出暫時提昇能力的藥品，一旦失效後會出現危險的副作用。,True,True,https://digimon.net/cimages/appmon/img_chara_071.jpg,https://digimon.net/cimages/appmon/img_icon_071.png,67 | 104 | 64,True,https://digimon.net/appmon/detail.php?id=71,https://digimon.net/appmon_ko/detail.php?id=71,https://digimon.net/appmon_en/detail.php?id=71,https://digimon.net/appmon_zh-CHS/detail.php?id=71,https://digimon.net/appmon_zh-CHT/detail.php?id=71,
72,オクショモン,옥셔몬,Auctiomon,拍卖兽,拍賣獸,並,스탠다드,Standard,普,普,オークション,경매,Auction,拍卖,拍賣,ライフ,라이프,Life,生活,生活,スペシャルビッド | ニューサツスイング,스페셜 비드 | 입찰 스윙,Special Bid | Auction Swing,特别出价 | 振臂投标,特別投標 | 新得標槌擊,美術界に通じるオークションマスター。いつでもどこでも、扱う商品が何であっても、その場ですぐにオークションを開いてくれる。,"미술계에 정통한 경매 전문가. 언제 어디서나, 취급하는 상품이 무엇이든 그 자리에서 바로 경매를 열어준다.","An auctioneer who knows the art world like the back of its own hand. No matter what you want to sell, it will hold an auction for you on the spot, anytime, anywhere.",对美术界的情况了如指掌的拍卖师。无论你需要拍卖何种商品，拍卖兽都能随时随地展开一场拍卖盛会。,熟知美術品的拍賣大師。不論何時何地何種商品，都能馬上展開現場拍賣。,True,True,https://digimon.net/cimages/appmon/img_chara_072.jpg,https://digimon.net/cimages/appmon/img_icon_072.png,99 | 74 | 57,True,https://digimon.net/appmon/detail.php?id=72,https://digimon.net/appmon_ko/detail.php?id=72,https://digimon.net/appmon_en/detail.php?id=72,https://digimon.net/appmon_zh-CHS/detail.php?id=72,https://digimon.net/appmon_zh-CHT/detail.php?id=72,
73,カケイモン,가계몬,Kakeimon,家计兽,家計獸,並,스탠다드,Standard,普,普,家計簿,가계부,Account Book,家庭账簿,家計簿,ライフ,라이프,Life,生活,生活,セツヤクハート | ケチケチハート,절약 하트 | 인색한 하트,Thrifty Heart | Stingy Heart,节省之心 | 抠门之心,節約之心 | 吝嗇之心,お得な買い物と話術に長けたアプモン。商品を可能な限り安く購入することにかけては、アプモンの中で右に出る者はいない。,저렴하게 물건을 사는 능력과 화술이 뛰어난 어플몬. 상품을 가능한 한 저렴하게 구매하는 것에 관해서는 어플몬 중에서 능가할 자가 없다.,"An Appmon that excels not only at shopping smart, but at the art of conversation as well. When it comes to purchasing something at the lowest possible price, no other Appmon can hold a candle to it.",擅长砍价的应用兽。在极限压价领域，其他应用兽无一能与家计兽分庭抗礼。,擅長購買優惠商品和說話技巧的APP獸。會盡其所能以便宜的價格來購買商品，關於這方面沒有任何APP獸能贏過他。,True,True,https://digimon.net/cimages/appmon/img_chara_073.jpg,https://digimon.net/cimages/appmon/img_icon_073.png,105 | 40 | 68,True,https://digimon.net/appmon/detail.php?id=73,https://digimon.net/appmon_ko/detail.php?id=73,https://digimon.net/appmon_en/detail.php?id=73,https://digimon.net/appmon_zh-CHS/detail.php?id=73,https://digimon.net/appmon_zh-CHT/detail.php?id=73,ko_profile_uses_eopeulmon_not_page_title_apeumon
74,カイモン,쇼핑몬,Kaimon,购物兽,購物獸,並,스탠다드,Standard,普,普,ショッピング,쇼핑,Shopping,购物,購物,ライフ,라이프,Life,生活,生活,バーゲンプライス | バクガイタイム,바겐 프라이스 | 폭풍 쇼핑 타임,Price Bargain | Bulk Buy,甩卖大特价 | 爆买时间,優惠價格 | 搶購時刻,カゴの中の商品を、いつでもお得な値段で売ってくれるアプモン。一度目を付けたお客は、商品を買うまで決して逃がさない。,장바구니 안의 상품을 항상 저렴한 가격으로 판매하는 어플몬. 한 번 눈독을 들인 손님은 상품을 살 때까지 절대 놓치지 않는다.,"An Appmon that is always happy to sell you the products in its basket at bargain prices. Its prices are so good, in fact, that no customer who sets eyes on them can resist.",该应用兽总是在以优惠的价格贩卖着购物篮中的商品。除非买下商品，否则，被购物兽盯上的顾客是绝无可能被他轻易放走的。,總是以超值價格販售籃中商品的APP獸。被他看上的客人，在買下商品之前絕對無法逃出他的手掌心。,True,True,https://digimon.net/cimages/appmon/img_chara_074.jpg,https://digimon.net/cimages/appmon/img_icon_074.png,57 | 99 | 72,True,https://digimon.net/appmon/detail.php?id=74,https://digimon.net/appmon_ko/detail.php?id=74,https://digimon.net/appmon_en/detail.php?id=74,https://digimon.net/appmon_zh-CHS/detail.php?id=74,https://digimon.net/appmon_zh-CHT/detail.php?id=74,ko_profile_uses_eopeulmon_not_page_title_apeumon
75,ジショモン,딕셔몬,Jishomon,辞典兽,辭典獸,並,스탠다드,Standard,普,普,辞書,사전,Dictionary,词典,辭典,ライフ,라이프,Life,生活,生活,ビブリオスキャン | ヒデングリフ,비블리오 스캔 | 히든 글리프,Biblio-Scan | Secret Glyph,典籍扫描 | 绝密字符,書頁掃描 | 秘傳文字,分厚い辞書の姿をしたアプモン。誰が発信したかわからないネットの情報を嫌い、どんなときも自分の持つ知識だけを信じている。,두꺼운 사전의 모습을 한 어플몬. 출처가 불분명한 인터넷 정보를 싫어하며 언제나 자신이 지닌 지식만을 믿는다.,"An Appmon that takes the form of a hefty dictionary. It turns its nose up at the anonymous and untrustworthy information on the net, preferring instead to rely on its own knowledge at all times.",该应用兽的外观像极了一本厚重的词典。辞典兽非常厌恶网络上的那些连发布者都无从查起的信息，所以无论何时他都只相信自己脑袋里的知识。,外觀為厚實辭典的APP獸。討厭來歷不明的網絡情報，不論何時都只相信自己所知的知識。,True,True,https://digimon.net/cimages/appmon/img_chara_075.jpg,https://digimon.net/cimages/appmon/img_icon_075.png,58 | 106 | 8,True,https://digimon.net/appmon/detail.php?id=75,https://digimon.net/appmon_ko/detail.php?id=75,https://digimon.net/appmon_en/detail.php?id=75,https://digimon.net/appmon_zh-CHS/detail.php?id=75,https://digimon.net/appmon_zh-CHT/detail.php?id=75,ko_profile_uses_eopeulmon_not_page_title_apeumon
76,ロギモン,로긴몬,Logimon,洛基兽,登入獸,超,슈퍼,Super,超,超,ログイン,로그인,Login,登录,登入,ソーシャル,소셜,Social,社交,社交,クライストルネード | ロギプラズマ,크라이스 토네이도 | 로기 플라스마,Data Storm | Login Plasma,圆环龙卷 | 洛基离子炮,圓環龍捲風 | 登入電漿,出没自在の熱血アプモン。正々堂々が信条で、他人のシステムに侵入する時はIDとパスを使用。必ず正面から乗り込んでくる。,신출귀몰하는 열혈 어플몬. 정정당당함을 신조로 삼고 있으며 다른 시스템에 침입할 때는 ID와 비밀번호를 사용한다. 반드시 정면 승부를 걸어온다.,"A hot-blooded Appmon that can appear and disappear at will. It believes in fighting fair and square, using log-in credentials to break into systems. In other words, it always walks in through the front door.",上天入地，无所能不往的热血应用兽。“堂堂正正”是他的处世信条，入侵他人的系统时一定会使用用户名和密码，从正面攻入对方的大门。,自由出沒的熱血APP獸。信奉堂堂正正的作為，要入侵他人系統時會使用ID和密碼。絕對會從正道入侵。,True,True,https://digimon.net/cimages/appmon/img_chara_076.jpg,https://digimon.net/cimages/appmon/img_icon_076.png,43 | 121 | 87,True,https://digimon.net/appmon/detail.php?id=76,https://digimon.net/appmon_ko/detail.php?id=76,https://digimon.net/appmon_en/detail.php?id=76,https://digimon.net/appmon_zh-CHS/detail.php?id=76,https://digimon.net/appmon_zh-CHT/detail.php?id=76,ko_profile_uses_eopeulmon_not_page_title_apeumon
77,ロガモン,로간몬,Logamon,洛迦兽,登出獸,超,슈퍼,Super,超,超,ログオフ,로그아웃,Logoff,注销,登出,ソーシャル,소셜,Social,社交,社交,スクラッチバン | ロガブラスト,스크래치 밴 | 로가 블래스트,Shadow Ban | Logout Blast,刮除式封禁 | 洛迦大爆炸,刮削停權 | 登出爆破,対象をシステムから締め出す能力を持つアプモン。ロガモンはこの能力を使い、自分専用の別荘空間を多数所有している。,대상을 시스템에서 내쫓는 능력을 지닌 어플몬. 로간몬은 해당 능력을 사용해 본인 전용 별장 공간을 여러 개 지니고 있다.,"An Appmon that can lock its targets out of systems. Using this ability, Logmon maintains a number of vacation spaces for its own enjoyment.",该应用兽拥有将对象踢出系统的能力。在这种能力的帮助下，许多空间都成为了洛迦兽专属的“度假领域”。,能將對象從系統中踢除的APP獸。登出獸使用這種能力，創造了許多自己專用的別墅空間。,True,True,https://digimon.net/cimages/appmon/img_chara_077.jpg,https://digimon.net/cimages/appmon/img_icon_077.png,121 | 113 | 44,True,https://digimon.net/appmon/detail.php?id=77,https://digimon.net/appmon_ko/detail.php?id=77,https://digimon.net/appmon_en/detail.php?id=77,https://digimon.net/appmon_zh-CHS/detail.php?id=77,https://digimon.net/appmon_zh-CHT/detail.php?id=77,ko_profile_uses_eopeulmon_not_page_title_apeumon
78,ドガッチモン,슈퍼 서치몬,DoGatchmon,大盖奇兽,大蓋奇獸,超,슈퍼,Super,超,超,超検索,슈퍼 검색,Super Search,超级搜索,超級搜索,ソーシャル,소셜,Social,社交,社交,ディープダイブ | ドガッチバスター | ソニックスラッシュ,디프 다이브 | 슈퍼 서치 버스터 | 소닉 슬래시,Deep Dive | Relevance Bust | Sonic Slash,深海寻觅 | 大盖奇毁灭炮 | 音速突击,深度潛入 | 大蓋奇衝擊波 | 音速斬擊,超強化された検索能力を持つアプモン。ネットの海の深層に潜り込み、通常の検索では知りえない情報を掴むことができる。,매우 강화된 검색 능력을 지닌 어플몬. 네트워크 바다의 심해층에 잠입해 일반 검색으로는 알 수 없는 정보를 손에 넣을 수 있다.,"An Appmon with super-enhanced search capabilities. In order to obtain information that which cannot be found via a normal search, it can dive into the deepmost parts of the net.",该应用兽的检索能力经过了超级强化，这让他能够下潜至网络之海的深处，找到许多普通的搜索方式探寻不到的信息。,被超強化了搜索能力的APP獸。可以潛入網路之海的深處，獲取普通搜索無法知道的情報。,True,True,https://digimon.net/cimages/appmon/img_chara_078.jpg,https://digimon.net/cimages/appmon/img_icon_078.png,122 | 12 | 107,True,https://digimon.net/appmon/detail.php?id=78,https://digimon.net/appmon_ko/detail.php?id=78,https://digimon.net/appmon_en/detail.php?id=78,https://digimon.net/appmon_zh-CHS/detail.php?id=78,https://digimon.net/appmon_zh-CHT/detail.php?id=78,ko_profile_uses_eopeulmon_not_page_title_apeumon
79,ソーシャモン,소셔몬,Sociamon,社交兽,社交獸,超,슈퍼,Super,超,超,ＳＮＳ,SNS,SNS,社交网络,SNS,ソーシャル,소셜,Social,社交,社交,メッセシュトロム | ヘビーギフト,메시 슈트롬 | 헤비 기프트,Message Surge | Heavy Gift,短信大漩涡 | 重磅豪礼,訊息風暴 | 沉重禮物,世界中のＳＮＳを24時間監視しているアプモン。普段は非常に寡黙だが、ＳＮＳ内では打って変わっておしゃべりでフランクになる。,"전 세계 SNS를 24시간 감시하는 어플몬. 평소에는 굉장히 과묵하지만, SNS에서는 수다스럽고 스스럼없는 성격으로 돌변한다.","An Appmon that monitors social media around the world 24-7. Although quite shy in person, it is surprisingly chatty and unreserved on social media.",该应用兽24小时不间断地监视着世界上所有的社交网络平台。平时的他非常不爱说话，但在社交网站上却十分爱说爱笑，友好礼貌。,24小時監視著全世界社交網絡的APP獸。平時非常沈默寡言，但在社交網絡中就會變得健談又坦率。,True,True,https://digimon.net/cimages/appmon/img_chara_079.jpg,https://digimon.net/cimages/appmon/img_icon_079.png,2 | 108 | 80,True,https://digimon.net/appmon/detail.php?id=79,https://digimon.net/appmon_ko/detail.php?id=79,https://digimon.net/appmon_en/detail.php?id=79,https://digimon.net/appmon_zh-CHS/detail.php?id=79,https://digimon.net/appmon_zh-CHT/detail.php?id=79,ko_profile_uses_eopeulmon_not_page_title_apeumon
80,ゴシップモン,가십몬,Gossipmon,闲言兽,傳聞獸,超,슈퍼,Super,超,超,ゴシップ,가십,Gossip,闲话八卦,傳聞,ソーシャル,소셜,Social,社交,社交,ブレイズスラング | ネガティブラスター,블레이즈 슬랭 | 네거티브 블라스터,Slang Blaze | Negative Luster,劲爆黑话 | 负能量炮,俗語火焰 | 消極光輝,嘘も真に仕立て上げる、ゴシップ専門のライター。自分の広めた記事や噂で、ターゲットが困惑するのが楽しくて仕方がない。,거짓말도 진짜로 만들어내는 가십 전문 라이터. 자신이 퍼뜨린 기사와 소문으로 타깃이 당혹스러워하는 것을 아주 즐거워한다.,A gossip columnist that presents lies as truths. It revels in the embarrassment it causes its targets through the articles and rumors it spreads.,专写小道消息的写手，同时也是颠倒黑白的一把好手，最爱看目标被自己散布出去的小道消息唬得一愣一愣的样子。,不論內容是真是假，專門撰寫傳聞的撰稿人。會利用自己傳播的報道或傳聞來困擾目標，樂此不疲。,True,True,https://digimon.net/cimages/appmon/img_chara_080.jpg,https://digimon.net/cimages/appmon/img_icon_080.png,79 | 7 | 108,True,https://digimon.net/appmon/detail.php?id=80,https://digimon.net/appmon_ko/detail.php?id=80,https://digimon.net/appmon_en/detail.php?id=80,https://digimon.net/appmon_zh-CHS/detail.php?id=80,https://digimon.net/appmon_zh-CHT/detail.php?id=80,
81,スカシモン,스카시몬,Sukasimon,扑空兽,撲空獸,超,슈퍼,Super,超,超,スカ,실패,Failed,失败,失敗,ソーシャル,소셜,Social,社交,社交,失敗しちゃった | スカナックル,실패해버렸다 | 실패 너클,Failure | Knuckle Let-Down,搞砸啦 | 扑空拳,搞砸了 | 期望落空之拳,何の能力も持たないが、どこか愛嬌のあるアプモン。スカシモンのそばにいると、不思議と体の力が抜けてしまう。,아무런 능력이 없지만 어딘가 귀여운 어플몬. 스카시몬의 옆에 있으면 신기하게도 몸의 힘이 빠진다.,"An Appmon with no abilities, but quite a dose of charm. Spend time in its presence and you might find yourself strangely relaxed.",没有任何能力，却还能让人觉得有点小可爱的应用兽。很奇怪，只要呆在他身边，每个人都会感到十分放松，甚至连动都不想动一下。,沒有任何能力，但總讓人覺得有可愛之處的APP獸。待在撲空獸身邊，身上的力量就會不可思議地消失。,True,True,https://digimon.net/cimages/appmon/img_chara_081.jpg,https://digimon.net/cimages/appmon/img_icon_081.png,7 | 64 | 2,True,https://digimon.net/appmon/detail.php?id=81,https://digimon.net/appmon_ko/detail.php?id=81,https://digimon.net/appmon_en/detail.php?id=81,https://digimon.net/appmon_zh-CHS/detail.php?id=81,https://digimon.net/appmon_zh-CHT/detail.php?id=81,ko_profile_uses_eopeulmon_not_page_title_apeumon
82,トリップモン,트립몬,Tripmon,云游兽,旅行獸,超,슈퍼,Super,超,超,旅行,여행,Trip,旅行,旅行,ナビ,내비,Navi,导航,導航,トリップゲート | ワンダラーファング,트립 게이트 | 반더러 팡,Trip Gate | Wanderlust Fang,穿梭门 | 流浪尖牙,旅行之門 | 浪者之牙,旅を愛する気ままなさすらい人。自分のカバンから他人のカバンの中にワープする能力を持ち、日々世界中を巡っている。,여행을 사랑하는 자유로운 방랑자. 자기 가방에서 다른 이의 가방 안으로 순간 이동하는 능력을 지녔기에 매일 전 세계를 돌아다닌다.,"A carefree wanderer that loves nothing more than to travel. It can warp from its own bag to any other bag the world over, and spends its days trotting the globe.",酷爱旅行，无拘无束的流浪者。云游兽拥有从自己的背包里瞬移至他人的背包里的能力，这让他能够每日都神游在世界各地。,熱愛旅行無拘無束的漂泊者。能從自己的背包移動到其他人的背包裡，每天都遊走在世界各地。,True,True,https://digimon.net/cimages/appmon/img_chara_082.jpg,https://digimon.net/cimages/appmon/img_icon_082.png,16 | 86 | 110,True,https://digimon.net/appmon/detail.php?id=82,https://digimon.net/appmon_ko/detail.php?id=82,https://digimon.net/appmon_en/detail.php?id=82,https://digimon.net/appmon_zh-CHS/detail.php?id=82,https://digimon.net/appmon_zh-CHT/detail.php?id=82,
83,ウェザドラモン,웨더드라몬,Weatherdramon,气象龙兽,氣象龍獸,超,슈퍼,Super,超,超,天候,기후,Weather,天候,天候,ナビ,내비,Navi,导航,導航,ディヴァインブレス | パニックサンダー,디바인 브레스 | 패닉 선더,Divine Breath | Panic Thunder,神圣吐息 | 惊雷,神聖吐息 | 恐慌雷擊,天候を自在に操る能力を持つアプモン。彼が環境に与える影響は計り知れず、その気になればいつでも大災害を起こすことができる。,"기후를 자유자재로 조종하는 능력을 지닌 어플몬. 웨더드라몬이 환경에 주는 영향은 헤아릴 수 없으며, 마음먹으면 언제든지 엄청난 재해를 일으킬 수 있다.","An Appmon that can manipulate the weather at will. The impact it has on the environment is immeasurable, and it is fully capable of causing natural disasters on a whim.",该应用兽能够自由地操纵天气。气象龙兽对环境有着无法估量的影响，因为他甚至能在一念之间引发巨大的天灾。,擁有自如操控天候能力的APP獸。他對環境造成的影響不可估量，隨時都能隨意引發大災害。,True,True,https://digimon.net/cimages/appmon/img_chara_083.jpg,https://digimon.net/cimages/appmon/img_icon_083.png,111 | 15 | 91,True,https://digimon.net/appmon/detail.php?id=83,https://digimon.net/appmon_ko/detail.php?id=83,https://digimon.net/appmon_en/detail.php?id=83,https://digimon.net/appmon_zh-CHS/detail.php?id=83,https://digimon.net/appmon_zh-CHT/detail.php?id=83,ko_profile_uses_eopeulmon_not_page_title_apeumon
84,タイムモン,타임몬,Timemon,时间兽,時間獸,超,슈퍼,Super,超,超,タイムスリップ,타임 슬립,Time Slip,时间跳跃,時光機,ツール,툴,Tool,工具,工具,クロノスライド | クロックフィスト | クロックシールド,크로노슬라이드 | 클록 피스트 | 클록 쉴드,Chrono-Slide | Clock Fist | Clock Shield,时间滑翔 | 时光拳 | 时光盾,時空滑動 | 時鐘之拳 | 時鐘之盾,時の流れや空間を超越した、稀有な移動能力を持つアプモン。自分の時間以外に、拳で殴った相手の時間にも干渉することができる。,시간의 흐름이나 공간을 초월한 희귀한 이동 능력을 지닌 어플몬. 자신의 시간 외에 주먹으로 때린 상대의 시간에도 간섭할 수 있다.,"An Appmon with the rare ability to transcend the space-time continuum. It can not only disrupt its own flow of time, but also that of any opponent it strikes with its fists.",该应用兽能够超越时空，这种移动能力是十分少见的。除了自己的时间以外，时间兽还可以干涉那些被他的拳头殴打过的人的时间。,能跨越時間之流和空間，擁有稀有移動能力的APP獸。除了能控制自己的時間之外，也能用拳頭毆打對手來幹涉對方的時間。,True,True,https://digimon.net/cimages/appmon/img_chara_084.jpg,https://digimon.net/cimages/appmon/img_icon_084.png,113 | 78 | 77,True,https://digimon.net/appmon/detail.php?id=84,https://digimon.net/appmon_ko/detail.php?id=84,https://digimon.net/appmon_en/detail.php?id=84,https://digimon.net/appmon_zh-CHS/detail.php?id=84,https://digimon.net/appmon_zh-CHT/detail.php?id=84,ko_profile_uses_eopeulmon_not_page_title_apeumon
85,ロアモン,로어몬,Roamon,罗亚兽,咆哮獸,超,슈퍼,Super,超,超,ボイスチェンジ,음성 변조,Voice Change,变声,變聲,ツール,툴,Tool,工具,工具,ライアースロート | ツインスクリーム,라이어 스로트 | 트윈 스크림,Liar Throat | Twin Scream,诳语喉舌 | 双响尖叫,騙子之喉 | 雙重尖叫,世界中の音声データを収集しているアプモン。他人の声を完璧にコピーしたり、対象の声をまったく別物に変換する能力を持つ。,전 세계의 음성 데이터를 수집하는 어플몬. 다른 이의 목소리를 완벽하게 따라 하거나 대상의 목소리를 전혀 다르게 변환하는 능력을 지녔다.,"An Appmon that collects audio data from all around the world. Its abilities include perfectly imitating the voices of others, as well as completely changing the voices of its targets.",该应用兽一直都在收集着全世界的音频记录。罗亚兽不但可以完美地模仿他人的声线，甚至还能够将对象的声音变成完全不同的模样。,在收集全世界的聲音數據的APP獸。能完美地複製他人的聲音，也能將對象的聲音變得完全不同。,True,True,https://digimon.net/cimages/appmon/img_chara_085.jpg,https://digimon.net/cimages/appmon/img_icon_085.png,97 | 114 | 30,True,https://digimon.net/appmon/detail.php?id=85,https://digimon.net/appmon_ko/detail.php?id=85,https://digimon.net/appmon_en/detail.php?id=85,https://digimon.net/appmon_zh-CHS/detail.php?id=85,https://digimon.net/appmon_zh-CHT/detail.php?id=85,ko_profile_uses_eopeulmon_not_page_title_apeumon
86,スコープモン,스코프몬,Scopemon,天眼兽,瞄準鏡獸,超,슈퍼,Super,超,超,監視,감시,Monitoring,监视,監視,ツール,툴,Tool,工具,工具,デスウォッチ | デッドリースナイプ,데스 워치 | 데들리 스나이프,Death Watch | Deadly Snipe,致命观察 | 绝命狙击,死亡瞄準 | 致命狙擊,世界中のカメラを自分の目とすることのできる、現代の千里眼の持ち主。一度能力を発動すれば、スコープモンに死角はない。,전 세계의 카메라를 자기 눈으로 삼을 수 있는 현대의 천리안을 지닌 어플몬이다. 한 번 능력이 발동되면 스코프몬에게 사각지대는 없다.,"A modern clairvoyant that can use any camera around the world as its own eyes. Once it activates its ability, Scopemon has no blind spots.",望远兽可以将全世界的摄像头都变成自己的“眼睛”，堪称现代版的“千里眼”。一旦发动自身能力，天眼兽的眼中将再无死角。,能將全世界的相機化為自己的眼睛，堪稱現代版的千里眼。一旦發動能力，瞄準鏡獸就沒有死角。,True,True,https://digimon.net/cimages/appmon/img_chara_086.jpg,https://digimon.net/cimages/appmon/img_icon_086.png,21 | 82 | 110,True,https://digimon.net/appmon/detail.php?id=86,https://digimon.net/appmon_ko/detail.php?id=86,https://digimon.net/appmon_en/detail.php?id=86,https://digimon.net/appmon_zh-CHS/detail.php?id=86,https://digimon.net/appmon_zh-CHT/detail.php?id=86,ko_profile_uses_eopeulmon_not_page_title_apeumon
87,クラフトモン,크래프트몬,Craftmon,天工兽,工藝獸,超,슈퍼,Super,超,超,設計,설계,Design,设计,設計,ツール,툴,Tool,工具,工具,トッカンメイカー | ゾーンアーキテクト,뚝딱 메이커 | 존 아키텍트,Rapid Builder | Zone Architect,突击巧匠 | 领域构筑,巨響製造者 | 區域建築師,何もない状態から、ひとつのモノを作り上げる能力を持つアプモン。設計図さえ記憶していれば、家さえもその場で建ててしまう。,아무것도 아닌 상태에서 하나의 물건을 만들어내는 능력을 지닌 어플몬. 설계도만 기억하고 있으면 집도 그 자리에서 지어버린다.,"An Appmon that can make something out of nothing. It can even build a house on the spot, provided it has a blueprint saved in its memory.",该应用兽拥有“无中生有”般的造物能力。只要让他记住设计图，他甚至能够当场盖起一座房子来。,能從一無所有的狀態創造出東西的APP獸。只要記得設計圖，就連住宅都能當場建起來。,True,True,https://digimon.net/cimages/appmon/img_chara_087.jpg,https://digimon.net/cimages/appmon/img_icon_087.png,39 | 24 | 112,True,https://digimon.net/appmon/detail.php?id=87,https://digimon.net/appmon_ko/detail.php?id=87,https://digimon.net/appmon_en/detail.php?id=87,https://digimon.net/appmon_zh-CHS/detail.php?id=87,https://digimon.net/appmon_zh-CHT/detail.php?id=87,ko_profile_uses_eopeulmon_not_page_title_apeumon
88,レイドラモン,레이드라몬,Raidramon,掠龙兽,掠龍獸,超,슈퍼,Super,超,超,超ハッキング,슈퍼 해킹,Super Hacking,超级入侵,超級入侵,システム,시스템,System,系统,系統,クラッキングクレイス | バラージジャック,크래킹 클레이스 | 바라지 잭,Key Cracker | Barrage Jack,破碎龙卷 | 火力劫持,破解鑰匙 | 彈幕射手傑克,完全防備のセキュリティすら一瞬で破壊してしまう、非常に危険な存在。主導権を乗っ取ったデータを意のままに操る能力を持つ。,철저하게 보호 중인 보안 장치도 순식간에 파괴해 버리는 매우 위험한 존재. 주도권을 빼앗은 데이터를 마음대로 조종하는 능력을 지녔다.,An extremely dangerous being that can break through the strongest security in an instant. Its stolen data is entirely subject to its will.,非常危险的应用兽，无论多么完美的防卫系统，强袭龙兽都能使其瞬间灰飞烟灭。该应用兽还拥有劫持数据的主权并将其完全纳为己用的能力。,就算是擁有完美防禦的安全措施也能瞬間破壞，是非常危險的存在。能隨心所欲地操縱已奪取主導權的數據。,True,True,https://digimon.net/cimages/appmon/img_chara_088.jpg,https://digimon.net/cimages/appmon/img_icon_088.png,33 | 123 | 89,True,https://digimon.net/appmon/detail.php?id=88,https://digimon.net/appmon_ko/detail.php?id=88,https://digimon.net/appmon_en/detail.php?id=88,https://digimon.net/appmon_zh-CHS/detail.php?id=88,https://digimon.net/appmon_zh-CHT/detail.php?id=88,
89,デジップモン,데집몬,Dezipmon,整合兽,解壓縮獸,超,슈퍼,Super,超,超,圧縮解凍,압축 해동,Zip/Unzip,压缩与解压缩,壓縮和解壓縮,システム,시스템,System,系统,系統,アブソーブジップ | アンフリーズフィスト,앱솔브 집 | 언프리즈 피스트,Zip Absorber | Unfreezing Fist,绝禁拉链 | 冰释神拳,吸收拉鍊 | 解壓之拳,全身がファスナーで構成されているアプモン。自らの体を介し、データの圧縮と解凍を自在に行う能力を持つ。,전신이 지퍼로 구성된 어플몬. 자기 몸을 통해 데이터의 압축과 해동을 자유자재로 하는 능력을 지녔다.,"An Appmon that is entirely made up of zippers. Using its own body, it can freely zip and unzip any data.",全身都由拉链构成的应用兽，能够通过自己的身体随意对数据进行压缩或解压缩。,全身由拉鍊構成的APP獸。能利用身體自如地壓縮或解壓縮數據。,True,True,https://digimon.net/cimages/appmon/img_chara_089.jpg,https://digimon.net/cimages/appmon/img_icon_089.png,88 | 36 | 115,True,https://digimon.net/appmon/detail.php?id=89,https://digimon.net/appmon_ko/detail.php?id=89,https://digimon.net/appmon_en/detail.php?id=89,https://digimon.net/appmon_zh-CHS/detail.php?id=89,https://digimon.net/appmon_zh-CHT/detail.php?id=89,ko_profile_uses_eopeulmon_not_page_title_apeumon
90,ミエーヌモン,미에누몬,Mienumon,障目兽,看不見獸,超,슈퍼,Super,超,超,ステルス,스텔스,Stealth,隐形,隱身,システム,시스템,System,系统,系統,ステルスケープ | カメレオンリック,스텔스 케이프 | 카멜레온 릭,Stealth Cape | Chameleon Lick,遁迹潜形 | 变色龙的舔舐,隱形披風 | 變色龍舔舔攻擊,諜報活動が得意なアプモン。対象の姿を風景に同化させる能力を持ち、どんなときでも物音ひとつ立てずに行動することができる。,첩보 활동이 특기인 어플몬. 대상의 모습을 풍경에 동화시키는 능력을 지녔기에 언제든지 쥐 죽은 듯이 조용하게 행동할 수 있다.,"An Appmon that excels at espionage. It can assimilate the appearance of its targets into the landscape, and never fails to operate in total silence.",擅长策划实施间谍活动的应用兽，除了拥有将对象与周围风景融合在一起的能力以外，其自身也可以在行动时不发出任何响动。,擅長諜報活動的APP獸。擁有讓對象的身姿與風景同化的能力，無論任何時候都能悄無聲息地行動。,True,True,https://digimon.net/cimages/appmon/img_chara_090.jpg,https://digimon.net/cimages/appmon/img_icon_090.png,37 | 116 | 25,True,https://digimon.net/appmon/detail.php?id=90,https://digimon.net/appmon_ko/detail.php?id=90,https://digimon.net/appmon_en/detail.php?id=90,https://digimon.net/appmon_zh-CHS/detail.php?id=90,https://digimon.net/appmon_zh-CHT/detail.php?id=90,ko_profile_uses_eopeulmon_not_page_title_apeumon
91,ワープモン,워프몬,Warpmon,传送兽,傳送獸,超,슈퍼,Super,超,超,転送,전송,Transmission,瞬间传送,傳送,システム,시스템,System,系统,系統,ワープループ | スケアリーゲート,워프 루프 | 스케어리 게이트,Warp Loop | Scary Gate,无尽转移 | 惊吓之门,循環傳送 | 恐怖之門,神出鬼没の発明家アプモン。背中の機械は転送装置で、複数の対象を一瞬で指定した場所に移動させることができる。,"신출귀몰하는 발명가 어플몬. 등에 있는 기계는 전송 장치로, 여러 대상을 순식간에 지정한 장소로 이동시킬 수 있다.",An elusive Appmon and masterful inventor. It can move multiple targets to any specified location using the transporter device it carries on its back.,该应用兽是一名神出鬼没的发明家，能够利用后背上的传送器将多个对象瞬间移动至指定的位置。,神出鬼沒的發明家APP獸。背上的機械是傳送裝置，可以瞬間將複數對象傳送到指定地點。,True,True,https://digimon.net/cimages/appmon/img_chara_091.jpg,https://digimon.net/cimages/appmon/img_icon_091.png,51 | 83 | 111,True,https://digimon.net/appmon/detail.php?id=91,https://digimon.net/appmon_ko/detail.php?id=91,https://digimon.net/appmon_en/detail.php?id=91,https://digimon.net/appmon_zh-CHS/detail.php?id=91,https://digimon.net/appmon_zh-CHT/detail.php?id=91,ko_profile_uses_eopeulmon_not_page_title_apeumon
92,サクシモン,책사몬,Sakusimon,策士兽,策士獸,超,슈퍼,Super,超,超,シミュレーション,시뮬레이션,Simulation,策略类游戏,模擬,ゲーム,게임,Game,游戏,遊戲,臥龍扇 | 炎舞の陣,와룡선 | 염무의 진,Unknown Genius | Flame Dance Formation,卧龙扇 | 炎舞阵,臥龍之扇 | 炎舞之陣,この世の名だたる兵法を修めた、優れた戦術家。綿密に練られた策略で相手の虚をつき、狙った者を確実に追い詰める。,"이 세상의 유명한 병법을 익힌 우수한 전술가. 치밀하게 짜인 책략으로 상대의 허를 찔러, 노린 자를 확실하게 궁지로 몰아넣는다.",An expert tactician that has mastered every famed stratagem in the world. It uses the most meticulous strategies to trick its opponents and ensure that it corners its preys.,遍读古今东西著名兵书的优秀战术家。策士兽会利用周密的策略攻敌军之不备，但求能够将目标切切实实地逼入绝境。,習得世上著名兵法的優秀軍師。向對手使用縝密制定的策略趁虛而入，絕對會將盯上的人逼入絕境。,True,True,https://digimon.net/cimages/appmon/img_chara_092.jpg,https://digimon.net/cimages/appmon/img_icon_092.png,116 | 90 | 23,True,https://digimon.net/appmon/detail.php?id=92,https://digimon.net/appmon_ko/detail.php?id=92,https://digimon.net/appmon_en/detail.php?id=92,https://digimon.net/appmon_zh-CHS/detail.php?id=92,https://digimon.net/appmon_zh-CHT/detail.php?id=92,
93,ドスコモン,도스코몬,Dosukomon,相扑兽,相撲獸,超,슈퍼,Super,超,超,格闘,격투,Fighting,格斗游戏,格鬥,ゲーム,게임,Game,游戏,遊戲,ドヒョウフィールド | ジェット張手,경기장 필드 | 제트 하리테,Dohyo Field | Jet Harite,相扑领域 | 喷气式掌击,土俵擂台 | 噴射掌擊,武術を極めた無類のファイター。正々堂々の一騎打ちのみが認められた神聖な空間、ドヒョウフィールドを展開する能力を持つ。,"무술에 정통한 무적의 파이터. 정정당당한 일대일 승부만을 인정하는 신성한 공간, 경기장 필드를 전개하는 능력을 지녔다.","An unrivaled fighter, master of the martial arts. It can deploy the Dohyo Field, a sacred space where only fair one-on-one fights are allowed.",将武艺修炼至顶峰的顶尖格斗家。该应用兽拥有展开“相扑领域”的能力——在这片神圣的空间中，战士们只能一对一地正面交锋。,精進武術的無雙鬥士。能展開土俵擂台，是只接受堂堂正正的單挑對決的神聖空間。,True,True,https://digimon.net/cimages/appmon/img_chara_093.jpg,https://digimon.net/cimages/appmon/img_icon_093.png,45 | 124 | 95,True,https://digimon.net/appmon/detail.php?id=93,https://digimon.net/appmon_ko/detail.php?id=93,https://digimon.net/appmon_en/detail.php?id=93,https://digimon.net/appmon_zh-CHS/detail.php?id=93,https://digimon.net/appmon_zh-CHT/detail.php?id=93,
94,ブレモン,브레몬,Bramon,健脑兽,大腦獸,超,슈퍼,Super,超,超,脳トレ,두뇌 트레이닝,Brain Training,脑锻炼游戏,腦力激盪,ゲーム,게임,Game,游戏,遊戲,コマンド＝ハイパー | クレイジーブレイン,명령=하이퍼 | 크레이지 브레인,Hyper Command | Crazy Brain,指令：超级激活 | 疯狂大脑,亢奮指令 | 瘋狂大腦,巨大な脳を持つ、頭脳明晰なアプモン。彼のコードを送りこまれた対象は、通常時の何倍もの能力を発揮することができる。,거대한 뇌를 지닌 두뇌가 명석한 어플몬. 브레몬의 코드를 받은 대상은 평상시의 몇 배나 되는 능력을 발휘할 수 있다.,An sharp-minded Appmon with a giant brain. It can send code to its targets to boost their abilities by several orders of magnitude.,脑部巨大、聪明绝顶的应用兽。输入了健脑兽代码的人，其能力将比平时高出数倍。,擁有一顆巨腦，頭腦清晰的APP獸。被他輸送指令碼的對象，能發揮出比名常強數倍的能力。,True,True,https://digimon.net/cimages/appmon/img_chara_094.jpg,https://digimon.net/cimages/appmon/img_icon_094.png,49 | 23 | 66,True,https://digimon.net/appmon/detail.php?id=94,https://digimon.net/appmon_ko/detail.php?id=94,https://digimon.net/appmon_en/detail.php?id=94,https://digimon.net/appmon_zh-CHS/detail.php?id=94,https://digimon.net/appmon_zh-CHT/detail.php?id=94,ko_profile_uses_eopeulmon_not_page_title_apeumon
95,コーチモン,코치몬,Coachmon,教练兽,教練獸,超,슈퍼,Super,超,超,育成,육성,Training,养成类游戏,訓練,ゲーム,게임,Game,游戏,遊戲,怒ツ鬼金剛棍 | 愛の入魂金棒,분노의 금강곤 | 사랑의 입혼금봉,Indestructible Will | Metallic Resilience,怒鬼金刚棍 | 关爱狼牙棒,怒鬼金剛棍 | 愛的狼牙棒,妥協を許さぬ鬼コーチ。彼の教えを受けた者は、礼儀や戦い方、料理の腕前までも、すべて依頼人の理想通りに叩き直されてしまう。,"타협을 용납하지 않는 호랑이 코치. 코치몬의 가르침을 받은 자는 예의와 전투 방식, 요리 솜씨까지 모두 의뢰인이 원하는 대로 바뀐다.","A coach from hell that refuses to accept anything but the very best. From étiquette to combat techniques to culinary skills, it will whip anyone into shape according to its clients' needs.",精益求精的魔鬼教练。从举止仪态到战斗方法甚至烹饪手艺，他一定会将学生从头到脚地改造成委托人心目中最理想的模样。,不接受妥協的魔鬼教練。受其指教的人，從禮儀到戰鬥方法，甚至是烹飪技術，全都會被調教成委托人理想的樣子。,True,True,https://digimon.net/cimages/appmon/img_chara_095.jpg,https://digimon.net/cimages/appmon/img_icon_095.png,117 | 93 | 63,True,https://digimon.net/appmon/detail.php?id=95,https://digimon.net/appmon_ko/detail.php?id=95,https://digimon.net/appmon_en/detail.php?id=95,https://digimon.net/appmon_zh-CHS/detail.php?id=95,https://digimon.net/appmon_zh-CHT/detail.php?id=95,
96,ウラテクモン,테크마스몬,Uratechmon,秘技兽,秘技獸,超,슈퍼,Super,超,超,攻略,공략,Hints and Tips,攻略秘籍,攻略,ゲーム,게임,Game,游戏,遊戲,上下上下右右左左XY | カミワザコンボ,상하상하우우좌좌XY | 필살기 콤보,↑↓↑↓→→←←XY | Tool-Assisted Combo,上下上下右右左左XY | 神连段,上下上下右右左左XY | 神技連段,裏技やバグ技に精通したアプモン。どんなゲームも彼が操作をすることで、通常ではありえないコマンドを発動させることができる。,숨겨진 기술과 버그 기술에 정통한 어플몬. 어떠한 게임이든 테크마스몬이 조작하면 평소에는 있을 수 없는 명령을 발동시킬 수 있다.,"An Appmon that knows all the secret codes and glitch exploits. No matter what game it plays, it can execute commands that would normally be inconceivable.",熟知各种秘技和良性BUG的应用兽。无论他玩什么游戏，都能搞出一些通常情况下绝不可能实现的操作来。,精通秘技和漏洞技的APP獸。不論是什麼遊戲，在他的操作下都能發動平時不可能成立的指令。,True,True,https://digimon.net/cimages/appmon/img_chara_096.jpg,https://digimon.net/cimages/appmon/img_icon_096.png,45 | 48 | 19,True,https://digimon.net/appmon/detail.php?id=96,https://digimon.net/appmon_ko/detail.php?id=96,https://digimon.net/appmon_en/detail.php?id=96,https://digimon.net/appmon_zh-CHS/detail.php?id=96,https://digimon.net/appmon_zh-CHT/detail.php?id=96,ko_profile_uses_eopeulmon_not_page_title_apeumon
97,エフェクモン,이펙몬,Effecmon,特效兽,效果獸,超,슈퍼,Super,超,超,エフェクト,이펙트,Effect,特效,效果,エンタメ,엔터테인먼트,Entertainment,娱乐,娛樂,カラーズマザー | ペイントドラゴン,컬러스 마더 | 페인트 드래곤,Mother Color | Dragon Paint,原初色彩 | 画龙点睛,色彩之母 | 顏料龍,描いたものを具現化する能力を持つアプモン。気に入らない外見のものは、自慢の絵筆でまったくの別物に描き変えてしまう。,그림을 현실로 구현하는 능력을 지닌 어플몬. 마음에 들지 않는 겉모습은 자신이 자랑하는 붓으로 전혀 다른 것으로 바꿔버린다.,"An Appmon that materializes anything it paints into the real world. It will paint over anything that it doesn't like the looks of with its prized paintbrush, transforming it completely.",该应用兽拥有将创作出的绘画实体化的能力。假如某件物体长得不符合特效兽的审美，他便会用那支引以为豪的画笔将其修改得面目全非。,能將描繪的事物具現化的APP獸。對於外表不喜歡的東西，會用引以為傲的畫筆將其描繪成完全不同的東西。,True,True,https://digimon.net/cimages/appmon/img_chara_097.jpg,https://digimon.net/cimages/appmon/img_icon_097.png,114 | 56 | 85,True,https://digimon.net/appmon/detail.php?id=97,https://digimon.net/appmon_ko/detail.php?id=97,https://digimon.net/appmon_en/detail.php?id=97,https://digimon.net/appmon_zh-CHS/detail.php?id=97,https://digimon.net/appmon_zh-CHT/detail.php?id=97,ko_profile_uses_eopeulmon_not_page_title_apeumon
98,タロットモン,타로몬,Tarotmon,塔罗兽,塔羅牌獸,超,슈퍼,Super,超,超,超占い,슈퍼 점술,Super Fortune Telling,超级占卜,超級占卜,エンタメ,엔터테인먼트,Entertainment,娱乐,娛樂,ラメントフェイト | アルカナシールド,라멘토 페이트 | 아르카나 쉴드,Fateful Lamentation | Arcana Shield,命运的叹息 | 阿尔卡那之盾,悲慘命運 | 阿爾克那之盾,あらゆる占術を極めたアプモン。不思議なカードを用いることで、対象の過去から未来をすべて覗き見る能力を持つ。,모든 점술에 통달한 어플몬. 신비로운 카드를 사용해 대상의 과거부터 미래를 모두 들여다보는 능력을 지녔다.,"An Appmon that has mastered all the divination arts. It can see the entire history of its targets, from past to future, using its mysterious cards.",精通世界上所有占卜术的的应用兽。利用那些神奇的卡片，塔罗兽便可以窥视对象的整个人生——从过去，到未来。,精通所有占卜術的APP獸。可使用不可思議的卡牌來窺視對象的過去和未來。,True,True,https://digimon.net/cimages/appmon/img_chara_098.jpg,https://digimon.net/cimages/appmon/img_icon_098.png,59 | 53 | 47,True,https://digimon.net/appmon/detail.php?id=98,https://digimon.net/appmon_ko/detail.php?id=98,https://digimon.net/appmon_en/detail.php?id=98,https://digimon.net/appmon_zh-CHS/detail.php?id=98,https://digimon.net/appmon_zh-CHT/detail.php?id=98,ko_profile_uses_eopeulmon_not_page_title_apeumon
99,コーデモン,코디몬,Coordemon,品衣兽,穿搭獸,超,슈퍼,Super,超,超,コーディネート,코디네이트,Coordinate,时尚穿搭,服裝搭配,エンタメ,엔터테인먼트,Entertainment,娱乐,娛樂,メタモルコーデ | フィッティングアロー,메타모르 코디 | 피팅 애로,Metamorcode | Arranging Arrow,焕然衣新 | 试衣箭,變身穿搭 | 配件箭矢,世界中の服飾データを熟知している、敏腕コーディネーター。対象の状況に応じて用意される服は、戦闘時にも機能性バツグン。,전 세계의 패션 데이터를 숙지하고 있는 최고의 코디네이터. 대상의 상황에 따라 준비되는 옷은 전투 시에도 기능성을 발휘한다.,"A skilled fashion coordinator whose memory is filled with clothing data from around the world. It arranges custom clothing for its targets that is highly functional, even in battle.",精明能干的服饰搭配师，熟知世界上每一种服饰的参数。品衣兽会根据实际情况为对象挑选服装，而这些服装即使在战斗中也具备极高的实用性。,熟知全世界的服飾數據，能力出眾的服裝搭配師。依據對方狀況所準備的衣服，在戰鬥時也能展現出眾的機能。,True,True,https://digimon.net/cimages/appmon/img_chara_099.jpg,https://digimon.net/cimages/appmon/img_icon_099.png,57 | 105 | 120,True,https://digimon.net/appmon/detail.php?id=99,https://digimon.net/appmon_ko/detail.php?id=99,https://digimon.net/appmon_en/detail.php?id=99,https://digimon.net/appmon_zh-CHS/detail.php?id=99,https://digimon.net/appmon_zh-CHT/detail.php?id=99,
100,メディアモン,미디어몬,Mediamon,媒体兽,媒體獸,超,슈퍼,Super,超,超,メディアプレーヤー,미디어 플레이어,Media Player,影音播放器,播放媒體,エンタメ,엔터테인먼트,Entertainment,娱乐,娛樂,バーチャルバース | ハウリングブラスト,버추얼 버스 | 하울링 블래스트,Virtual Vision | Howling Blast,虚拟宇宙 | 爆裂啸叫,虛擬詩篇 | 怒嚎衝擊,音と映像を巧みに操る能力を持つアプモン。ホログラム映像と音声を組み合わせることで、ないものもあるように錯覚させてしまう。,소리와 영상을 능숙하게 조종하는 능력을 지닌 어플몬. 홀로그램 영상과 음성을 조합해 존재하지 않는 것도 존재하는 듯한 착각을 불러일으킨다.,"An Appmon that can skillfully manipulate both audio and video. By combining holographic images with sound, it can create the illusion that inexistent things are real.",能够巧妙地操控声音和影像的应用兽。只要她为全息影像选好合适的音乐音效，便足以让人们陷入亦真亦幻错觉之中。,巧妙操縱聲音和影像的APP獸。透過全像影像和聲音的搭配，讓人產生無中生有的錯覺。,True,True,https://digimon.net/cimages/appmon/img_chara_100.jpg,https://digimon.net/cimages/appmon/img_icon_100.png,22 | 118 | 102,True,https://digimon.net/appmon/detail.php?id=100,https://digimon.net/appmon_ko/detail.php?id=100,https://digimon.net/appmon_en/detail.php?id=100,https://digimon.net/appmon_zh-CHS/detail.php?id=100,https://digimon.net/appmon_zh-CHT/detail.php?id=100,ko_profile_uses_eopeulmon_not_page_title_apeumon
101,ベガスモン,베이거스몬,Vegasmon,维加斯兽,維加斯獸,超,슈퍼,Super,超,超,ルーレット,룰렛,Roulette,轮盘游戏,輪盤,エンタメ,엔터테인먼트,Entertainment,娱乐,娛樂,クイーンウィール | ビッグゲーム,퀸 휠 | 빅 게임,Queen Wheel | Big Game,女王轮盘 | 乾坤一掷,皇后輪盤 | 重大賭局,イカサマ嫌いのディーラーアプモン。中でも得意なルーレット勝負には、金歯から命まで幅広いものをベットさせてくれる。,속임수를 싫어하는 딜러 어플몬. 그중에서도 잘하는 룰렛 승부에서는 금니부터 목숨까지 다양한 것을 베팅한다.,"An Appmon that, as a croupier, despises nothing more than cheaters. Of all the games of chance, roulette is its favorite, and it uses the spin of the wheel to win everything from gold teeth to lives.",十分厌恶“出老千”的荷官应用兽。在维加斯兽最拿手的轮盘游戏中，玩家可以向其抵押几乎任何物品，包括但不限于金牙乃至性命。,討厭耍老千的荷官APP獸。在最擅長的輪盤賭局中，會讓人從金牙齒到性命等各種物品都拿來下注。,True,True,https://digimon.net/cimages/appmon/img_chara_101.jpg,https://digimon.net/cimages/appmon/img_icon_101.png,59 | 68 | 60,True,https://digimon.net/appmon/detail.php?id=101,https://digimon.net/appmon_ko/detail.php?id=101,https://digimon.net/appmon_en/detail.php?id=101,https://digimon.net/appmon_zh-CHS/detail.php?id=101,https://digimon.net/appmon_zh-CHT/detail.php?id=101,ko_profile_uses_eopeulmon_not_page_title_apeumon
102,ドリーモン,드리몬,Dreammon,梦境兽,夢境獸,超,슈퍼,Super,超,超,夢,꿈,Dream,梦境,夢,エンタメ,엔터테인먼트,Entertainment,娱乐,娛樂,ノンレムパペット | ドリームシアター,논렘 퍼핏 | 드림 시어터,Non-REM Puppet | Oniric Theater,无梦玩偶 | 梦幻大舞台,非快速動眼人偶 | 夢境劇場,夢を操る能力を持つ、バクのような姿をしたアプモン。対象の精神を強制的に夢の世界に落とし、空っぽになった体を操ってしまう。,꿈을 조종하는 능력을 지닌 버그와 같은 모습을 한 어플몬. 대상의 정신을 강제로 꿈의 세계로 떨어뜨려 껍데기만 남은 몸을 조종한다.,An Appmon that can control dreams. It resembles the nightmare-devouring mythological baku. It manipulates the empty shells of its targets after forcibly plunging their minds into dream worlds.,长得像梦貘的应用兽，拥有操控梦境的能力。梦境兽能够将对象的精神强制性地沉入梦乡，并以此来操纵其丧失了意识的躯壳。,擁有操控夢境的能力，長得像貘的APP獸。會將對象的精神強制拉入夢中世界，並操縱其變得空虛的身軀。,True,True,https://digimon.net/cimages/appmon/img_chara_102.jpg,https://digimon.net/cimages/appmon/img_icon_102.png,17 | 100 | 118,True,https://digimon.net/appmon/detail.php?id=102,https://digimon.net/appmon_ko/detail.php?id=102,https://digimon.net/appmon_en/detail.php?id=102,https://digimon.net/appmon_zh-CHS/detail.php?id=102,https://digimon.net/appmon_zh-CHT/detail.php?id=102,ko_profile_uses_eopeulmon_not_page_title_apeumon
103,メディックモン,메딕몬,Medicmon,医生兽,醫療獸,超,슈퍼,Super,超,超,メディカル,메디컬,Medical,医疗,醫療,ライフ,라이프,Life,生活,生活,ワンオペレーション | ワンダーメディシン,원 오퍼레이션 | 원더 메디신,Master Operator | Wonder Medicine,单刀上台 | 神奇药丸,單人手術 | 奇蹟醫藥品,身に着けた医療機器でバッチリ健康管理をしてくれるアプモン。能力を引き出す薬品を調合するほか、万病に効く特効薬で仲間を癒す。,몸에 장착한 의료기기로 확실하게 건강을 관리해 주는 어플몬. 능력을 끌어내는 약품을 조합할 뿐만 아니라 만병에 효과가 있는 특효약으로 동료를 치료한다.,"An Appmon that will provide you comprehensive health care with the medical equipment it wears. Besides prescribing medicines that boost abilities, it also heals its allies with miraculous cure-alls.",该应用兽会用利身上的治疗仪为用户十分到位地管理好健康状况。除了能够调配唤醒个人能力的药品以外，医生兽还可以用包治百病的特效药治愈他的伙伴。,使用身上的醫療器具幫人妥善管理健康的APP獸。除了能調配出可以激發能力的藥品之外，還會使用能治百病的特效藥幫夥伴治療。,True,True,https://digimon.net/cimages/appmon/img_chara_103.jpg,https://digimon.net/cimages/appmon/img_icon_103.png,70 | 67 | 119,True,https://digimon.net/appmon/detail.php?id=103,https://digimon.net/appmon_ko/detail.php?id=103,https://digimon.net/appmon_en/detail.php?id=103,https://digimon.net/appmon_zh-CHS/detail.php?id=103,https://digimon.net/appmon_zh-CHT/detail.php?id=103,ko_profile_uses_eopeulmon_not_page_title_apeumon
104,ドクモン,닥몬,Docmon,怪医兽,醫生獸,超,슈퍼,Super,超,超,ドクター,닥터,Doctor,电子医生,醫生,ライフ,라이프,Life,生活,生活,スパイラルトリガー | マッドネスシリンジ,스파이럴 트리거 | 매드니스 시린지,Spiral Trigger | Madness Syringe,螺旋激活 | 癫狂注射器,連鎖引爆 | 瘋狂注射,どんなケガでも奇抜な手術で治す、マッドドクター。腕は確かだが、その手術はケガそのものより痛いともっぱらの評判。,"어떠한 부상도 기발한 수술로 고치는 매드 닥터. 솜씨는 뛰어나지만, 수술이 부상보다 아프다는 평뿐이다.","A mad doctor that can heal any injury with unconventional surgical techniques. Although undeniably skilled, the surgeries it performs are reportedly more painful than what they're intended to heal.",能够用各种荒诞又离奇的手术治愈一切外伤的疯狂医生。怪医兽的医术虽然的确十分高明，但体验过的病人都一致认为被他动手术要比受伤疼得多。,不論什麼傷痛都能用奇特的手術醫治的瘋狂醫生。有貨真價實的本事，但手術卻會帶來比傷痛還要劇烈的疼痛。,True,True,https://digimon.net/cimages/appmon/img_chara_104.jpg,https://digimon.net/cimages/appmon/img_icon_104.png,64 | 103 | 71,True,https://digimon.net/appmon/detail.php?id=104,https://digimon.net/appmon_ko/detail.php?id=104,https://digimon.net/appmon_en/detail.php?id=104,https://digimon.net/appmon_zh-CHS/detail.php?id=104,https://digimon.net/appmon_zh-CHT/detail.php?id=104,
105,コンサルモン,컨설몬,Consulmon,顾问兽,顧問獸,超,슈퍼,Super,超,超,節約,절약,Saving,节约,節約,ライフ,라이프,Life,生活,生活,スリフトアンサー | オクトパラース,스리프트 앤서 | 옥토파라스,Cash Saver | Octoplus,省钱之道 | 八方守护,節儉答案 | 節能章魚爪,やり手の経済アドバイザー。対象の能力を見極め、求められた結果に対して最も効率の良い方法を導き出してくれる。,"뛰어난 경제 어드바이저. 대상의 능력을 꿰뚫어, 원하는 결과를 위한 가장 효율적인 방법을 도출해 낸다.","A shrewd economic advisor. After assessing the capabilities of its targets, it will suggest the most efficient way to achieve their desired results.",非常有能力的理财顾问。通过洞察对象的实力，顾问兽能够根据对象的期望提供最高效的处理方式。,能幹的經濟顧問。能透析對方能力，並為他所期望的結果導出最有效率的辦法。,True,True,https://digimon.net/cimages/appmon/img_chara_105.jpg,https://digimon.net/cimages/appmon/img_icon_105.png,73 | 99 | 120,True,https://digimon.net/appmon/detail.php?id=105,https://digimon.net/appmon_ko/detail.php?id=105,https://digimon.net/appmon_en/detail.php?id=105,https://digimon.net/appmon_zh-CHS/detail.php?id=105,https://digimon.net/appmon_zh-CHT/detail.php?id=105,
106,ライブラモン,라이브러몬,Libramon,书库兽,圖書館獸,超,슈퍼,Super,超,超,図書館,도서관,Library,图书馆,圖書館,ライフ,라이프,Life,生活,生活,バーバルジェイル | デビルズコデックス,버벌 제일 | 데빌스 코덱스,Verbal Jail | Devil's Codex,文字狱 | 恶魔古典,語言監獄 | 惡魔抄本,巨大な書庫の管理人であり、珍しい書籍のコレクター。気になるアプモンを文字データ化して、本に変えてしまう能力を持つ。,거대한 서고의 관리인이자 희귀 서적 수집가. 마음에 드는 어플몬을 문자 데이터로 만들어 책으로 바꿔버리는 능력을 지녔다.,"The custodian of an extensive library and a collector of rare books. It can convert any Appmon that piques its interest into text data, turning them into books.",书库兽是一名巨型藏书库的管理员，同时也是一位珍稀书籍的收藏家，拥有将感兴趣的应用兽转换成字符数据后，再将其制成书籍的能力。,巨大書庫的管理員，同時也是珍貴書籍的收藏家。擁有能將看中的APP獸文字化成數據，再將其變成書本的能力。,True,True,https://digimon.net/cimages/appmon/img_chara_106.jpg,https://digimon.net/cimages/appmon/img_icon_106.png,75 | 58 | 8,True,https://digimon.net/appmon/detail.php?id=106,https://digimon.net/appmon_ko/detail.php?id=106,https://digimon.net/appmon_en/detail.php?id=106,https://digimon.net/appmon_zh-CHS/detail.php?id=106,https://digimon.net/appmon_zh-CHT/detail.php?id=106,ko_profile_uses_eopeulmon_not_page_title_apeumon
107,グローブモン,글로브몬,Globemon,环球兽,全球獸,極,얼티미트,Ultimate,极,極,グローバル,글로벌,Global,全球信息,全球,ソーシャル,소셜,Social,社交,社交,アルティメットサーチ | グランツゲイザー | シュベルトカッター,얼티미트 서치 | 글란즈 게이저 | 슈베르트 커터,Ultimate Search | Clear Gaze | Cutting Edge,终极检索 | 炫光凝视 | 灭刃神光,終極搜索 | 閃耀監視 | 刀劍切割,情報を立体的に捉え、分析する能力を持つアプモン。優れた解析能力を持ち、予知に近いスピードで対象の行動を察知できる。,"정보를 입체적으로 파악해 분석하는 능력을 지닌 어플몬. 뛰어난 해석 능력을 지녔으며, 예지에 가까운 속도로 대상의 행동을 알아차릴 수 있다.","An Appmon that can comprehend and analyze information three-dimensionally. Its analytical capabilities are so advanced, that it can perceive its targets' actions at a speed akin to foresight.",该应用兽拥有多面地收集、分析情报的能力。环球兽的分析判断能力极强，能够近乎先知般地快速预判对象的行动。,可從各個角度掌握和分析情報的APP獸。具有優秀的解析能力，能以接近預知的速度來察覺對象的行動。,True,True,https://digimon.net/cimages/appmon/img_chara_107.jpg,https://digimon.net/cimages/appmon/img_icon_107.png,122 | 1 | 78,True,https://digimon.net/appmon/detail.php?id=107,https://digimon.net/appmon_ko/detail.php?id=107,https://digimon.net/appmon_en/detail.php?id=107,https://digimon.net/appmon_zh-CHS/detail.php?id=107,https://digimon.net/appmon_zh-CHT/detail.php?id=107,ko_profile_uses_eopeulmon_not_page_title_apeumon
108,カリスモン,카리스몬,Charismon,领袖兽,領袖獸,極,얼티미트,Ultimate,极,極,マインドコントロール,마인드 컨트롤,Mind Control,精神控制,精神控制,ソーシャル,소셜,Social,社交,社交,ゼーレゲヴァルト | アルフ＝アイン,제레 게발트 | 알레프=아인,Soul Control | Mind Overwrite,灵魂掌控 | 无尽起源,靈魂支配 | 外星人視線,他人に暗示をかけることを得意とするアプモン。巧みな話術で対象を洗脳し、意のままに操る能力を持つ。,다른 이에게 암시를 거는 것이 특기인 어플몬. 교묘한 화술로 대상을 세뇌해 마음대로 조종하는 능력을 지녔다.,An Appmon that specializes in hypnotic suggestion. It can brainwash and manipulate its targets through skillfully selected words.,该应用兽擅长对他人施加心理暗示，能够运用高超的话术洗脑对象，将其意志玩弄于股掌之间。,擅長對人施加暗示的APP獸。擁有能以花言巧語洗腦對方並隨意操縱的能力。,True,True,https://digimon.net/cimages/appmon/img_chara_108.jpg,https://digimon.net/cimages/appmon/img_icon_108.png,122 | 107 | 119,True,https://digimon.net/appmon/detail.php?id=108,https://digimon.net/appmon_ko/detail.php?id=108,https://digimon.net/appmon_en/detail.php?id=108,https://digimon.net/appmon_zh-CHS/detail.php?id=108,https://digimon.net/appmon_zh-CHT/detail.php?id=108,ko_profile_uses_eopeulmon_not_page_title_apeumon
109,ダメダモン,안댐몬,Damedamon,废柴兽,廢物獸,極,얼티미트,Ultimate,极,極,ダメダメ,안 돼 안 돼,Hopeless,不行不行,不中用,ソーシャル,소셜,Social,社交,社交,もうダメだ～ | ダメダメージ,이제 안 돼~ | 안 돼 대미지,It's Hopeless | Damage Control,我不行了~ | 刮痧式伤害,已經不行啦～ | 無能攻擊,何をやってもうまくできない、少しかわいそうなアプモン。ため息をつくことで、周囲に不運を伝染させる恐ろしい能力を持つ。,뭘 해도 제대로 안 되는 조금 불쌍한 어플몬. 한숨을 쉬어서 주위에 불운을 전염시키는 무서운 능력을 지녔다.,A pitiable Appmon that can't seem to do anything right. It has the frightening ability to pass on its bad luck to those around it by sighing.,什么都做不好的应用兽，废柴到甚至让人觉得有些可怜。但废柴兽的能力是十分恐怖的：只要他叹口气，就能把霉运传染给周围的每一个人。,什麽事情都做不好，有點可憐的APP獸。擁有嘆口氣就會把霉運傳染給周圍的恐怖能力。,True,True,https://digimon.net/cimages/appmon/img_chara_109.jpg,https://digimon.net/cimages/appmon/img_icon_109.png,105 | 104 | 80,True,https://digimon.net/appmon/detail.php?id=109,https://digimon.net/appmon_ko/detail.php?id=109,https://digimon.net/appmon_en/detail.php?id=109,https://digimon.net/appmon_zh-CHS/detail.php?id=109,https://digimon.net/appmon_zh-CHT/detail.php?id=109,ko_profile_uses_eopeulmon_not_page_title_apeumon
110,サテラモン,새틀라몬,Satellamon,卫星兽,衛星獸,極,얼티미트,Ultimate,极,極,GPS,GPS,GPS,GPS,GPS,ナビ,내비,Navi,导航,導航,コズミックレイダー | レインボーアサルト,코즈믹 레이더 | 레인보우 어썰트,Cosmic Raider | Rainbow Assault,星际侵略者 | 彩虹突袭,宇宙入侵者 | 彩虹襲擊,ＧＰＳ衛星にアクセスする能力を持つアプモン。対象の詳細な位置情報を取得することで、必中の攻撃を繰り出すことができる。,GPS 위성에 접속할 수 있는 능력을 지닌 어플몬. 대상의 상세한 위치 정보를 취득해 반드시 명중하는 공격을 날릴 수 있다.,An Appmon that can access GPS satellites. It can unleash a volley of precision attacks on its targets by pinpointing their locations.,该应用兽拥有连接到GPS卫星的能力。通过获得具体的位置信息，卫星兽可以对目标实施必中打击。,擁有訪問GPS衛星能力的APP獸。取得對象的詳細位置資訊後，能使出必中的攻擊。,True,True,https://digimon.net/cimages/appmon/img_chara_110.jpg,https://digimon.net/cimages/appmon/img_icon_110.png,21 | 86 | 16,True,https://digimon.net/appmon/detail.php?id=110,https://digimon.net/appmon_ko/detail.php?id=110,https://digimon.net/appmon_en/detail.php?id=110,https://digimon.net/appmon_zh-CHS/detail.php?id=110,https://digimon.net/appmon_zh-CHT/detail.php?id=110,ko_profile_uses_eopeulmon_not_page_title_apeumon
111,コメットモン,코멧몬,Cometmon,彗星兽,彗星獸,極,얼티미트,Ultimate,极,極,天体,천체,Astronomy,天体,天體,ナビ,내비,Navi,导航,導航,メテオレイン | ギガントエルガー,미티어 레인 | 기간트 애르거,Meteor Rain | Giant Rage,陨石雨 | 巨人的愤怒,隕石彈雨 | 巨人之怒,天体事情に詳しいアプモン。重力に干渉する能力を持っており、惑星に作用することでいつでも隕石を生み出すことができる。,"천체의 정보를 잘 아는 어플몬. 중력에 간섭하는 능력을 지녔기에, 행성에 작용하여 언제든지 운석을 만들어낼 수 있다.",An Appmon with a storehouse of knowledge on astronomical objects. It can disrupt gravity and produce meteorites whenever it wills by disturbing the planets.,宇宙知识极为丰富的应用兽。彗星兽能够操纵重力，而当他将这种能力运用到行星上时，便可以随时制造出陨石。,對天體情況瞭若指掌的APP獸。擁有干涉重力的能力，利用行星就可隨時製造出隕石。,True,True,https://digimon.net/cimages/appmon/img_chara_111.jpg,https://digimon.net/cimages/appmon/img_icon_111.png,126 | 91 | 116,True,https://digimon.net/appmon/detail.php?id=111,https://digimon.net/appmon_ko/detail.php?id=111,https://digimon.net/appmon_en/detail.php?id=111,https://digimon.net/appmon_zh-CHS/detail.php?id=111,https://digimon.net/appmon_zh-CHT/detail.php?id=111,ko_profile_uses_eopeulmon_not_page_title_apeumon
112,ブートモン,부팅몬,Bootmon,启动兽,開機獸,極,얼티미트,Ultimate,极,極,超起動,슈퍼 부팅,Super Boot,超级启动,超級啟動,ツール,툴,Tool,工具,工具,パワーブート | ナックルソル,파워 부팅 | 너클 솔,Power Boot | Sun Knuckle,力量增幅 | 太阳怒拳,強力啟動 | 太陽神拳,周囲のアプモンの機能を高め、溢れたエネルギーを自分の力にすることができるアプモン。自分の限界を超えるのが大好き。,주변 어플몬의 성능을 높여 넘치는 에너지를 자신의 힘으로 만들 수 있는 어플몬. 자신의 한계를 넘는 것을 즐긴다.,An Appmon that can enhance the functions of nearby Appmons and convert any surplus energy into its own power. It finds nothing quite as thrilling as exceeding its own limits.,该应用兽不但能提升周围应用兽的能力，还可以吸收溢出的能量将其纳为己用。此外，启动兽还非常喜欢那种超越自己极限的感觉。,能提升周圍APP獸的機能，並將溢出的能量為己所用的APP獸。非常喜歡超越自己的極限。,True,True,https://digimon.net/cimages/appmon/img_chara_112.jpg,https://digimon.net/cimages/appmon/img_icon_112.png,113 | 43 | 121,True,https://digimon.net/appmon/detail.php?id=112,https://digimon.net/appmon_ko/detail.php?id=112,https://digimon.net/appmon_en/detail.php?id=112,https://digimon.net/appmon_zh-CHS/detail.php?id=112,https://digimon.net/appmon_zh-CHT/detail.php?id=112,ko_profile_uses_eopeulmon_not_page_title_apeumon
113,シャットモン,셧몬,Shutmon,关闭兽,關機獸,極,얼티미트,Ultimate,极,極,強制終了,강제 종료,Forced Termination,强制结束,強制結束,ツール,툴,Tool,工具,工具,シザーズブラック | ルーナインパルス,시저스 블랙 | 루나 임펄스,Grim Scissors | Lunar Impulse,漆黑剪刀 | 月光脉冲,暗黑剪刀 | 月神脈衝,ハサミで斬った物の活動を、強制的に終了させる能力を持つアプモン。斬りつけられた部位は機能が止まり、すべての感覚を失う。,가위로 자른 물건의 활동을 강제로 종료시키는 능력을 지닌 어플몬. 잘린 부위는 기능이 멈추며 모든 감각을 잃는다.,An Appmon that can forcibly terminate the operations of anything it cuts with its scissors. Any part it cuts off ceases to function and loses all sensation.,该应用兽可以用他的大剪刀剪断物体，从而强制终止该物体的活动。被关闭兽的剪刀剪过的部位的机能将陷入停滞，并失去所有感觉。,使用剪刀能讓被斬到的人強制停止活動。被斬到的部位機能會停止，並失去所有感覺。,True,True,https://digimon.net/cimages/appmon/img_chara_113.jpg,https://digimon.net/cimages/appmon/img_icon_113.png,112 | 77 | 121,True,https://digimon.net/appmon/detail.php?id=113,https://digimon.net/appmon_ko/detail.php?id=113,https://digimon.net/appmon_en/detail.php?id=113,https://digimon.net/appmon_zh-CHS/detail.php?id=113,https://digimon.net/appmon_zh-CHT/detail.php?id=113,ko_profile_uses_eopeulmon_not_page_title_apeumon
114,フェイクモン,페이크몬,Fakemon,伪装兽,偽裝獸,極,얼티미트,Ultimate,极,極,偽装,위장,Camouflage,伪装,偽裝,ツール,툴,Tool,工具,工具,イミテーションノイズ | クラウンマスク,이미테이션 노이즈 | 클라운 마스크,Imitation Noise | Clown Mask,伪劣杂音 | 小丑面具,仿聲雜音 | 小丑面具,偽りを生みだしては世間を惑わす、悪の道化師。なりすましの腕は一級品で、普段は自分の姿より他人の姿でいることの方が多い。,"거짓으로 세상을 혼란스럽게 하는 악한 어릿광대. 위장 실력이 굉장히 뛰어나며, 평소에는 자신보다 다른 이의 모습으로 있을 때가 많다.","An evil clown that deceives the world with falsehoods. Its spoofing skills are peerless, and it spends more time imitating others than appearing as its true self.",邪恶的小丑，最爱弄虚作假，迷惑人间。伪装兽拥有一流的变装技巧，平日里他乔装成别人的时间远多于以真面目示人的时间。,製造假象迷惑大眾的邪惡小丑。擁有一流的偽裝技術，通常都是用別人的樣貌示人，較少展現自己的樣貌。,True,True,https://digimon.net/cimages/appmon/img_chara_114.jpg,https://digimon.net/cimages/appmon/img_icon_114.png,120 | 125 | 119,True,https://digimon.net/appmon/detail.php?id=114,https://digimon.net/appmon_ko/detail.php?id=114,https://digimon.net/appmon_en/detail.php?id=114,https://digimon.net/appmon_zh-CHS/detail.php?id=114,https://digimon.net/appmon_zh-CHT/detail.php?id=114,
115,リバイブモン,리바이브몬,Revivemon,复活兽,復原獸,極,얼티미트,Ultimate,极,極,復元,복원,Restoration,系统恢复,復原,システム,시스템,System,系统,系統,ヴンダーゲネシス | セイバーシュトラール,분더 게네시스 | 세이버 슈트랄,Wonder Genesis | Saving Beam,创世奇迹 | 救世光束,救贖光線 | 見證奇蹟,復元の能力を持つアプモン。完全に破壊されてしまったデータでも、一粒の欠片さえ残っていれば元通りに復活させてしまう。,복원 능력을 지닌 어플몬. 완전히 파괴된 데이터도 한 조각만 남아 있으면 원래대로 부활시킨다.,"An Appmon that can restore any data to its original state. It can even recover data that has been completely wiped out, as long as a piece of it remains.",拥有复原能力的应用兽。即使一份数据已经被破坏得面目全非，只要还留有哪怕一丝一毫的痕迹，复活兽便可以将其恢复如初。,擁有復原能力的APP獸。即使是被完全破壞的數據，只要還剩下一粒碎片，就能恢復成原樣。,True,True,https://digimon.net/cimages/appmon/img_chara_115.jpg,https://digimon.net/cimages/appmon/img_icon_115.png,123 | 119 | 88,True,https://digimon.net/appmon/detail.php?id=115,https://digimon.net/appmon_ko/detail.php?id=115,https://digimon.net/appmon_en/detail.php?id=115,https://digimon.net/appmon_zh-CHS/detail.php?id=115,https://digimon.net/appmon_zh-CHT/detail.php?id=115,ko_profile_uses_eopeulmon_not_page_title_apeumon
116,ワルダモン,와루다몬,Warudamon,诡姬兽,謀略獸,極,얼티미트,Ultimate,极,極,策略,책략,Strategy,策略,策略,システム,시스템,System,系统,系統,デーモンアルム | ザータンムント,데몬 암 | 자탄 문트,Demon Arm | Evil Mouth,恶魔的臂弯 | 撒旦的血口,惡魔武裝兵 | 撒旦支配,完璧主義の策略家。詐術や姦計に通じており、作戦を成功させるためならどんな手段もいとわず行使する。,"완벽주의를 추구하는 책략가. 속임수와 간계에 능하며, 작전을 성공시키기 위해서라면 수단을 가리지 않고 행사한다.","A malicious schemer that is also a perfectionist. Familiar with every underhanded trick in the book, it is prepared to use any means necessary to ensure its schemes are a success.",完美主义的策略家，精通各种阴谋诡计，为了作战的成功可以无所不用其极。,完美主義的策略家。通曉騙術和詭計，為了讓作戰成功會不擇手段。,True,True,https://digimon.net/cimages/appmon/img_chara_116.jpg,https://digimon.net/cimages/appmon/img_icon_116.png,126 | 111 | 92,True,https://digimon.net/appmon/detail.php?id=116,https://digimon.net/appmon_ko/detail.php?id=116,https://digimon.net/appmon_en/detail.php?id=116,https://digimon.net/appmon_zh-CHS/detail.php?id=116,https://digimon.net/appmon_zh-CHT/detail.php?id=116,
117,オウジャモン,오우자몬,Oujamon,王者兽,王者獸,極,얼티미트,Ultimate,极,極,戦闘,전투,Battle,战斗,戰鬥,ゲーム,게임,Game,游戏,遊戲,ゴールデンファング | フレイムストレート,골든 팡 | 프레임 스트레이트,Golden Fang | Straight Flame,黄金獠牙 | 爆炎直拳,黃金獠牙 | 烈焰直拳,闘争に生きる孤高の戦士。強きをくじき弱きを助ける正義の心を持ち、会得した数多の武術で強敵を討ち果たすのが生き甲斐。,"투쟁심이 살아있는 고고한 전사. 강한 자를 꺾고 약한 자를 구하는 정의로운 마음을 지녔으며, 수없이 터득한 무술로 강한 적을 쓰러뜨리는 것이 삶의 보람이다.","A lone warrior who lives for battle. Possessing a chivalrous heart, its raison d'être​ is to fight for the oppressed against their oppressors with the myriad of martial arts it has mastered.",戎马一生的战士，生性孤傲不群。为人刚正不阿的王者兽生平最爱抑强扶弱，而他的人生意义，便是活用毕生所学之武艺击败一个又一个的劲敌。,為鬥爭而生的孤傲戰士。具有一顆鋤強扶弱的正義之心，生存之道是用習得的多種武術來徹底擊敗強敵。,True,True,https://digimon.net/cimages/appmon/img_chara_117.jpg,https://digimon.net/cimages/appmon/img_icon_117.png,120 | 93 | 45,True,https://digimon.net/appmon/detail.php?id=117,https://digimon.net/appmon_ko/detail.php?id=117,https://digimon.net/appmon_en/detail.php?id=117,https://digimon.net/appmon_zh-CHS/detail.php?id=117,https://digimon.net/appmon_zh-CHT/detail.php?id=117,
118,エンタモン,엔터몬,Entermon,娱乐兽,娛樂獸,極,얼티미트,Ultimate,极,極,エンターテイメント,오락,Entertainment,文艺娱乐,娛樂,エンタメ,엔터테인먼트,Entertainment,娱乐,娛樂,ハッピーファントム | ポルテメロス,해피 팬텀 | 포르테 멜로스,Phantom Joy | Mystical Melody,欢乐魅影 | 梅勒斯的乐章,歡樂幻影 | 樂譜新世界,エンターテインメントの具現者。エンタモンが生み出す魔法のように楽しい空間は、対象の目を現実世界からそらさせてしまう。,엔터테인먼트의 구현자. 엔터몬이 만들어내는 마법처럼 즐거운 공간은 대상의 눈을 현실 세계에서 돌리게 만든다.,The very embodiment of entertainment. The magically entertaining spectacles that Entermon creates draw its targets' eyes away from the real world.,“娱乐”这一概念的体现者。娱乐兽幻化出的空间就像魔法一样充满了乐趣，让目标乐不思蜀，完全忘记现实世界的一切。,能將娛樂具現化的APP獸。娛樂獸能創造出如同魔法般的快樂空間，讓對象從現實世界移開視線。,True,True,https://digimon.net/cimages/appmon/img_chara_118.jpg,https://digimon.net/cimages/appmon/img_icon_118.png,125 | 54 | 100,True,https://digimon.net/appmon/detail.php?id=118,https://digimon.net/appmon_ko/detail.php?id=118,https://digimon.net/appmon_en/detail.php?id=118,https://digimon.net/appmon_zh-CHS/detail.php?id=118,https://digimon.net/appmon_zh-CHT/detail.php?id=118,
119,バイオモン,바이오몬,Biomon,生命兽,生命獸,極,얼티미트,Ultimate,极,極,ライフ,라이프,Life,生活,生活,ライフ,라이프,Life,生活,生活,ドクトルメス | ナーデルブレイズ,닥터 메스 | 나델 블레이즈,Scalpel Wizard | Needle Blaze,柳叶刀 | 火焰针,醫用手術刀 | 火焰注射,「バイオモンに治せない患者はいない」と言われる至上の名医。生物のすべてを知り尽くした彼にとって、手術などは児戯に等しい。,"「바이오몬이 고칠 수 없는 환자는 없다」고 할 만큼 최고의 명의. 생물의 모든 것을 알고 있는 바이오몬에게, 수술 등은 어린애 장난과 같다.","A renowned physician that boasts that there are no patients it cannot cure. For Biomon, who knows all there is to know on living organisms, surgery is but child's play.",首屈一指的名医，甚至有人声称，“世界上就没有生命兽称治不好的病人”。对通晓一切生物学知识的生命兽来说，做一场手术，其实比玩一局过家家难不了多少。,據說「沒有生命獸救治不了的患者」，是無可超越的名醫。對通曉生物一切的他而言，手術相當於兒戲。,True,True,https://digimon.net/cimages/appmon/img_chara_119.jpg,https://digimon.net/cimages/appmon/img_icon_119.png,114 | 120 | 108,True,https://digimon.net/appmon/detail.php?id=119,https://digimon.net/appmon_ko/detail.php?id=119,https://digimon.net/appmon_en/detail.php?id=119,https://digimon.net/appmon_zh-CHS/detail.php?id=119,https://digimon.net/appmon_zh-CHT/detail.php?id=119,
120,ビューティモン,뷰티몬,Beautymon,美姿兽,美麗獸,極,얼티미트,Ultimate,极,極,美容,미용,Beauty,美容,美容,ライフ,라이프,Life,生活,生活,ローザフェニクス | ヴィーナスロッド | ウィングパクト,로사 피닉스 | 비너스 로드 | 윙 팩트,Rosa Phoenix | Venus Rod | Wing Pact,蔷薇不死鸟 | 维纳斯之杖 | 羽翼之盟,薔薇不死鳥 | 維納斯之杖 | 協議之翼,この世の美を極めたアプモン。容姿のみならず声や振る舞いもたいへん麗しく、その一挙一動はあらゆる者の心を魅了して離さない。,이 세상의 미에 통달한 어플몬. 용모뿐만 아니라 목소리나 행동도 무척 아름다워 그 일거수일투족은 모든 자의 마음을 사로잡고 놓아주지 않는다.,"An Appmon more beautiful than any other in this world. Not only is its appearance exceptionally enticing, but so are its voice and deportment. Its every movement captures the hearts of all who set eyes on it.",美到不可方物的应用兽。美姿兽的容貌身段自不必说，就连声音和举止也是一等一的清丽，哪怕是一举手一投足，都能让人念念不忘，魂牵梦萦。,將世間之美精進至巔峰的APP獸。不僅容貌，連聲音和舉止也非常美麗動人，其一舉一動都讓所有人著迷且欲罷不能。,True,True,https://digimon.net/cimages/appmon/img_chara_120.jpg,https://digimon.net/cimages/appmon/img_icon_120.png,124 | 114 | 117,True,https://digimon.net/appmon/detail.php?id=120,https://digimon.net/appmon_ko/detail.php?id=120,https://digimon.net/appmon_en/detail.php?id=120,https://digimon.net/appmon_zh-CHS/detail.php?id=120,https://digimon.net/appmon_zh-CHT/detail.php?id=120,ko_profile_uses_eopeulmon_not_page_title_apeumon
121,リブートモン,리부트몬,Rebootmon,重启兽,重啟獸,神,신,God,神,神,再起動,재부팅,Reboot,重启,重新啟動,ゴッド,하나님,God,神,神,レフィシオール | ホライゾンタルフレア | エクリプスイレイザー,레피시올 | 호라이즌탈 플레어 | 이클립스 이레이저,Reficior | Horizontal Flare | Eclipse Eraser,再造重建 | 坦荡光焰 | 重见天日,重建 | 水平閃焰 | 侵蝕消除者,終わりと始まりを司る革命の神。受けたダメージごと対象を初期化する再起動の能力を持つため、ほぼ不死身の存在である。,끝과 시작을 관장하는 혁명의 신. 받은 대미지별로 대상을 초기화하는 재부팅 능력을 지니고 있어 거의 불사신에 가까운 존재다.,"The God of Revolution, it has power over beginnings and endings. With the ability to restore its targets to their initial state free of any damage they may have sustained, it is a virtually immortal being.",掌管结束与开始的革命之神。重启兽几乎是一个不死之身，因为他的重启能力可以在对象每次受伤的时候都使其恢复初始状态。,掌管開始與終結的革命之神。擁有連同受到的傷害將對象初始化的重啟能力，幾乎是不死之身。,True,True,https://digimon.net/cimages/appmon/img_chara_121.jpg,https://digimon.net/cimages/appmon/img_icon_121.png,76 | 44 | 77,True,https://digimon.net/appmon/detail.php?id=121,https://digimon.net/appmon_ko/detail.php?id=121,https://digimon.net/appmon_en/detail.php?id=121,https://digimon.net/appmon_zh-CHS/detail.php?id=121,https://digimon.net/appmon_zh-CHT/detail.php?id=121,ko_attribute_god_rendered_as_hananim
122,ガイアモン,가이아몬,Gaiamon,盖亚兽,蓋亞獸,神,신,God,神,神,創造,창조,Creation,创造,創造,ゴッド,하나님,God,神,神,イマジンマール | アルティメットアダマス,이매진 마르 | 얼티미트 아다마스,Divine Sense | Ultimate Adamas,想象之环 | 终极精钢,想像噴發 | 終極金剛岩,世界の英知を得た創世の神。ネットの知識と人の心から多くを学んだ彼の能力は、時に無機物だけでなく命さえも創りあげる。,"세계의 뛰어난 지혜를 터득한 창세의 신. 네트워크 관련 지식과 인간의 마음에서 많은 것을 배운 가이아몬의 능력은, 때때로 무기물뿐만 아니라 생명도 만들어낸다.","The God of Creation, it has made all the world's wisdom its own. Having learned much from the net as well as the hearts of people, it can create not only inorganic matter but even life.",获得过世界级智慧的创世之神。曾经的盖亚兽通过接触网络和人心学到了许多知识，而他的能力不但可以创造有机物，有时甚至可以缔造出生命的奇迹。,得到世界睿智的創世之神。從網路上的知識和人的心理學習了很多知識，不只是無機物，有時甚至還能創造出生命。,True,True,https://digimon.net/cimages/appmon/img_chara_122.jpg,https://digimon.net/cimages/appmon/img_icon_122.png,107 | 78 | 1,True,https://digimon.net/appmon/detail.php?id=122,https://digimon.net/appmon_ko/detail.php?id=122,https://digimon.net/appmon_en/detail.php?id=122,https://digimon.net/appmon_zh-CHS/detail.php?id=122,https://digimon.net/appmon_zh-CHT/detail.php?id=122,ko_attribute_god_rendered_as_hananim
123,ハデスモン,하데스몬,Hadesmon,哈迪斯兽,黑帝斯獸,神,신,God,神,神,変化,변화,Transmutation,变化,變化,ゴッド,하나님,God,神,神,ヘル・カキア | メランエクスプロード,헬 카키아 | 멜란 익스플로드,Hell Kakia | Melan-Explode,恶德地狱 | 黑暗爆炸,地獄惡戲 | 暗黑爆破,破壊と再生を司る冥界の王。物質やデータを思い通りに変化させる能力を持ち、広大な空間すら意のままに改竄・支配する。,파괴와 재생을 관장하는 명계의 왕. 물질과 데이터를 생각대로 변화시키는 능력을 지녔기에 광대한 공간도 마음대로 바꾸고 지배한다.,"The King of the Underworld, it has power over destruction and regeneration. It can change both matter and data at will, altering and controlling even vast spaces as it wishes.",掌管破坏与再生的冥界之王。哈迪斯兽可以随心所欲地对物质和数据施加变化，甚至就连那些极为广阔的空间也能被他肆意地篡改和支配。,掌管破壞與再生的冥界之王。擁有隨心所欲變化物質或數據的能力，就算是廣闊的空間也能隨意竄改支配。,True,True,https://digimon.net/cimages/appmon/img_chara_123.jpg,https://digimon.net/cimages/appmon/img_icon_123.png,115 | 88 | 33,True,https://digimon.net/appmon/detail.php?id=123,https://digimon.net/appmon_ko/detail.php?id=123,https://digimon.net/appmon_en/detail.php?id=123,https://digimon.net/appmon_zh-CHS/detail.php?id=123,https://digimon.net/appmon_zh-CHT/detail.php?id=123,ko_attribute_god_rendered_as_hananim
124,ポセイドモン,포세이도몬,Poseidomon,波塞冬兽,波塞頓獸,神,신,God,神,神,無敵,무적,Invincible,无敌,無敵,ゴッド,하나님,God,神,神,トライデント・フォール | 海帝掌打,트라이던트 폴 | 해제장타,Trident Fall | Godly Palm Strike,坠落神戟 | 海帝掌打,三叉戟落擊 | 海帝掌擊,荒ぶる大海の覇者。彼が生み出す渦潮は鉄壁の防御を誇り、彼がゆるしたもの以外を一切通さない。,"사납고 큰 바다의 일인자. 포세이도몬이 만들어내는 소용돌이는 철벽같은 방어력을 자랑하며, 포세이도몬이 허락한 것 외에는 절대 통과시키지 않는다.","Conqueror of the raging seas. The whirlpools it creates are an impenetrable defense, save for what it allows to pass through.",狂澜中的海洋霸主。波塞冬兽卷起的那道厚厚的旋涡就是保护着他的铜墙铁壁，没有他的允许，世界上的一切事物都无法将其穿透。,洶湧大海之霸者。他所產生的漩渦以擁有鐵壁般的防御力著稱，除了他所允許的事物之外一概無法通過。,True,True,https://digimon.net/cimages/appmon/img_chara_124.jpg,https://digimon.net/cimages/appmon/img_icon_124.png,117 | 93 | 45,True,https://digimon.net/appmon/detail.php?id=124,https://digimon.net/appmon_ko/detail.php?id=124,https://digimon.net/appmon_en/detail.php?id=124,https://digimon.net/appmon_zh-CHS/detail.php?id=124,https://digimon.net/appmon_zh-CHT/detail.php?id=124,ko_attribute_god_rendered_as_hananim
125,ウラノスモン,우라노스몬,Ouranosmon,乌拉诺斯兽,烏拉諾斯獸,神,신,God,神,神,覚醒,각성,Awakening,觉醒,覺醒,ゴッド,하나님,God,神,神,ハロー・ハロー | アストラルイラプション,할로 할로 | 아스트랄 이럽션,Halo-Halo | Astral Eruption,神耀光环 | 幽星迸射,光輪 | 星雲噴發,自由へと導く天空の大帝。彼が放つ眩い後光は、見る者の真の能力を覚醒させる。雲のように掴みどころがない。,자유로 이끄는 천공의 대제. 우라노스몬이 발하는 눈부신 후광은 보는 자로 하여금 진정한 능력을 각성하게 만든다. 구름처럼 종잡을 수 없다.,"The Great Emperor of the Sky, it leads the way to freedom. The dazzling halo that it radiates awakens the innate abilities of whoever beholds its glory. It is as elusive as a cloud.",带领万物走向自由的天空大帝。乌拉诺斯兽的身后散发着夺目的光晕，有幸目睹之人都会觉醒真正的力量。只可惜，他就像那天边的云彩一般踪迹难寻。,引導大家迎向自由的天空大帝。他所釋放的炫目光暈，能使看到的人覺醒真正的能力。猶如雲一般沒有實體的APP獸。,True,True,https://digimon.net/cimages/appmon/img_chara_125.jpg,https://digimon.net/cimages/appmon/img_icon_125.png,118 | 54 | 100,True,https://digimon.net/appmon/detail.php?id=125,https://digimon.net/appmon_ko/detail.php?id=125,https://digimon.net/appmon_en/detail.php?id=125,https://digimon.net/appmon_zh-CHS/detail.php?id=125,https://digimon.net/appmon_zh-CHT/detail.php?id=125,ko_attribute_god_rendered_as_hananim
126,デウスモン,데우스몬,Deusmon,宙斯兽,宙斯獸,神,신,God,神,神,全能,전능,Omnipotence,全能,全能,ゴッド,하나님,God,神,神,コード：オリジン | イニシャル・ゼロ,코드: 오리진 | 이니셜 제로,Code: Origin | Initial Zero,代码：起源 | 头文字0,代碼：起源 | 零之字首,終焉をもたらす最恐の機械神。すべてのアプリ生命体の意思を奪い、破壊し尽くし、自らの一部として取り込む能力を持つ。,"종언을 초래하는 가장 무시무시한 기계 신. 모든 어플 생명체의 의사를 빼앗고 전부 파괴하여, 자신의 일부로 거두어들이는 능력을 지녔다.","The terrible Mechanical God, it is the harbinger of demise. It possesses the ability to rob all app lifeforms of their will, thereby destroying them and incorporating them into itself.",最为凶恶的机械神，他能让末日降临世间。宙斯兽的能力能够夺走所有应用生命体的意志，并在将其彻底摧毁后使其成为自身的一部分。,帶來終結的最恐怖機械神。能奪走所有APP生命體的意志將之破壞殆盡，並吸取其成為自己的一部分。,True,True,https://digimon.net/cimages/appmon/img_chara_126.jpg,https://digimon.net/cimages/appmon/img_icon_126.png,83 | 90 | 116,True,https://digimon.net/appmon/detail.php?id=126,https://digimon.net/appmon_ko/detail.php?id=126,https://digimon.net/appmon_en/detail.php?id=126,https://digimon.net/appmon_zh-CHS/detail.php?id=126,https://digimon.net/appmon_zh-CHT/detail.php?id=126,ko_attribute_god_rendered_as_hananim
127,タップモン(ソーシャル),탭몬(소셜),Tapmon (Social),轻敲兽（社交）,點擊獸（社交）,－,－,－,－,－,タップ,탭,Tap,轻敲,點擊,ソーシャル,소셜,Social,社交,社交,スピンシュート,스핀 슛,Spin Shoot,回旋弹射,迴旋投射,ぴょんぴょん跳ねるのが得意なアプモン。体が柔らかく、よく溶ける。,깡충깡충 뛰는 것이 특기인 어플몬. 몸이 부드럽고 잘 녹는다.,An Appmon that is fond of bouncing up and down. Its body is soft and can dissolve easily.,擅长蹦蹦跳跳的应用兽。他的身体非常柔软，且遇水即溶。,擅於彈跳的APP獸。身體很柔軟，而且很容易融化。,True,True,https://digimon.net/cimages/appmon/img_chara_127.jpg,https://digimon.net/cimages/appmon/img_icon_127.png,133 | 129 | 131,True,https://digimon.net/appmon/detail.php?id=127,https://digimon.net/appmon_ko/detail.php?id=127,https://digimon.net/appmon_en/detail.php?id=127,https://digimon.net/appmon_zh-CHS/detail.php?id=127,https://digimon.net/appmon_zh-CHT/detail.php?id=127,ko_profile_uses_eopeulmon_not_page_title_apeumon
128,タップモン(ナビ),탭몬(내비),Tapmon (Navi),轻敲兽（导航）,點擊獸（導航）,－,－,－,－,－,タップ,탭,Tap,轻敲,點擊,ナビ,내비,Navi,导航,導航,スピンシュート,스핀 슛,Spin Shoot,回旋弹射,迴旋投射,ぴょんぴょん跳ねるのが得意なアプモン。体が柔らかく、よく溶ける。,깡충깡충 뛰는 것이 특기인 어플몬. 몸이 부드럽고 잘 녹는다.,An Appmon that is fond of bouncing up and down. Its body is soft and can dissolve easily.,擅长蹦蹦跳跳的应用兽。他的身体非常柔软，且遇水即溶。,擅於彈跳的APP獸。身體很柔軟，而且很容易融化。,True,True,https://digimon.net/cimages/appmon/img_chara_128.jpg,https://digimon.net/cimages/appmon/img_icon_128.png,132 | 129 | 133,True,https://digimon.net/appmon/detail.php?id=128,https://digimon.net/appmon_ko/detail.php?id=128,https://digimon.net/appmon_en/detail.php?id=128,https://digimon.net/appmon_zh-CHS/detail.php?id=128,https://digimon.net/appmon_zh-CHT/detail.php?id=128,ko_profile_uses_eopeulmon_not_page_title_apeumon
129,タップモン(ツール),탭몬(툴),Tapmon (Tool),轻敲兽（工具）,點擊獸（工具）,－,－,－,－,－,タップ,탭,Tap,轻敲,點擊,ツール,툴,Tool,工具,工具,スピンシュート,스핀 슛,Spin Shoot,回旋弹射,迴旋投射,ぴょんぴょん跳ねるのが得意なアプモン。体が柔らかく、よく溶ける。,깡충깡충 뛰는 것이 특기인 어플몬. 몸이 부드럽고 잘 녹는다.,An Appmon that is fond of bouncing up and down. Its body is soft and can dissolve easily.,擅长蹦蹦跳跳的应用兽。他的身体非常柔软，且遇水即溶。,擅於彈跳的APP獸。身體很柔軟，而且很容易融化。,True,True,https://digimon.net/cimages/appmon/img_chara_129.jpg,https://digimon.net/cimages/appmon/img_icon_129.png,132 | 130 | 133,True,https://digimon.net/appmon/detail.php?id=129,https://digimon.net/appmon_ko/detail.php?id=129,https://digimon.net/appmon_en/detail.php?id=129,https://digimon.net/appmon_zh-CHS/detail.php?id=129,https://digimon.net/appmon_zh-CHT/detail.php?id=129,ko_profile_uses_eopeulmon_not_page_title_apeumon
130,タップモン(システム),탭몬(시스템),Tapmon (System),轻敲兽（系统）,點擊獸（系統）,－,－,－,－,－,タップ,탭,Tap,轻敲,點擊,システム,시스템,System,系统,系統,スピンシュート,스핀 슛,Spin Shoot,回旋弹射,迴旋投射,ぴょんぴょん跳ねるのが得意なアプモン。体が柔らかく、よく溶ける。,깡충깡충 뛰는 것이 특기인 어플몬. 몸이 부드럽고 잘 녹는다.,An Appmon that is fond of bouncing up and down. Its body is soft and can dissolve easily.,擅长蹦蹦跳跳的应用兽。他的身体非常柔软，且遇水即溶。,擅於彈跳的APP獸。身體很柔軟，而且很容易融化。,True,True,https://digimon.net/cimages/appmon/img_chara_130.jpg,https://digimon.net/cimages/appmon/img_icon_130.png,127 | 129 | 128,True,https://digimon.net/appmon/detail.php?id=130,https://digimon.net/appmon_ko/detail.php?id=130,https://digimon.net/appmon_en/detail.php?id=130,https://digimon.net/appmon_zh-CHS/detail.php?id=130,https://digimon.net/appmon_zh-CHT/detail.php?id=130,ko_profile_uses_eopeulmon_not_page_title_apeumon
131,タップモン(ゲーム),탭몬(게임),Tapmon (Game),轻敲兽（游戏）,點擊獸（遊戲）,－,－,－,－,－,タップ,탭,Tap,轻敲,點擊,ゲーム,게임,Game,游戏,遊戲,スピンシュート,스핀 슛,Spin Shoot,回旋弹射,迴旋投射,ぴょんぴょん跳ねるのが得意なアプモン。体が柔らかく、よく溶ける。,깡충깡충 뛰는 것이 특기인 어플몬. 몸이 부드럽고 잘 녹는다.,An Appmon that is fond of bouncing up and down. Its body is soft and can dissolve easily.,擅长蹦蹦跳跳的应用兽。他的身体非常柔软，且遇水即溶。,擅於彈跳的APP獸。身體很柔軟，而且很容易融化。,True,True,https://digimon.net/cimages/appmon/img_chara_131.jpg,https://digimon.net/cimages/appmon/img_icon_131.png,127 | 129 | 130,True,https://digimon.net/appmon/detail.php?id=131,https://digimon.net/appmon_ko/detail.php?id=131,https://digimon.net/appmon_en/detail.php?id=131,https://digimon.net/appmon_zh-CHS/detail.php?id=131,https://digimon.net/appmon_zh-CHT/detail.php?id=131,ko_profile_uses_eopeulmon_not_page_title_apeumon
132,タップモン(エンタメ),탭몬(엔터테인먼트),Tapmon (Entertainment),轻敲兽（娱乐）,點擊獸（娛樂）,－,－,－,－,－,タップ,탭,Tap,轻敲,點擊,エンタメ,엔터테인먼트,Entertainment,娱乐,娛樂,スピンシュート,스핀 슛,Spin Shoot,回旋弹射,迴旋投射,ぴょんぴょん跳ねるのが得意なアプモン。体が柔らかく、よく溶ける。,깡충깡충 뛰는 것이 특기인 어플몬. 몸이 부드럽고 잘 녹는다.,An Appmon that is fond of bouncing up and down. Its body is soft and can dissolve easily.,擅长蹦蹦跳跳的应用兽。他的身体非常柔软，且遇水即溶。,擅於彈跳的APP獸。身體很柔軟，而且很容易融化。,True,True,https://digimon.net/cimages/appmon/img_chara_132.jpg,https://digimon.net/cimages/appmon/img_icon_132.png,127 | 130 | 131,True,https://digimon.net/appmon/detail.php?id=132,https://digimon.net/appmon_ko/detail.php?id=132,https://digimon.net/appmon_en/detail.php?id=132,https://digimon.net/appmon_zh-CHS/detail.php?id=132,https://digimon.net/appmon_zh-CHT/detail.php?id=132,ko_profile_uses_eopeulmon_not_page_title_apeumon
133,タップモン(ライフ),탭몬(라이프),Tapmon (Life),轻敲兽（生活）,點擊獸（生活）,－,－,－,－,－,タップ,탭,Tap,轻敲,點擊,ライフ,라이프,Life,生活,生活,スピンシュート,스핀 슛,Spin Shoot,回旋弹射,迴旋投射,ぴょんぴょん跳ねるのが得意なアプモン。体が柔らかく、よく溶ける。,깡충깡충 뛰는 것이 특기인 어플몬. 몸이 부드럽고 잘 녹는다.,An Appmon that is fond of bouncing up and down. Its body is soft and can dissolve easily.,擅长蹦蹦跳跳的应用兽。他的身体非常柔软，且遇水即溶。,擅於彈跳的APP獸。身體很柔軟，而且很容易融化。,True,True,https://digimon.net/cimages/appmon/img_chara_133.jpg,https://digimon.net/cimages/appmon/img_icon_133.png,131 | 132 | 128,True,https://digimon.net/appmon/detail.php?id=133,https://digimon.net/appmon_ko/detail.php?id=133,https://digimon.net/appmon_en/detail.php?id=133,https://digimon.net/appmon_zh-CHS/detail.php?id=133,https://digimon.net/appmon_zh-CHT/detail.php?id=133,ko_profile_uses_eopeulmon_not_page_title_apeumon
134,フリックモン(ソーシャル),플릭몬(소셜),Flickmon (Social),轻弹兽（社交）,推滑獸（社交）,－,－,－,－,－,フリック,플릭,Flick,轻弹,滑動輸入,ソーシャル,소셜,Social,社交,社交,みみだまし,귀로 속이기,Ear Trick,虚晃一耳,甩耳騙局,耳をヌンチャクのように振り回して弱攻撃をし、相手がひるんだところで噛みつく。,"귀를 쌍절곤처럼 휘둘러 가볍게 공격하며, 상대가 움츠러들었을 때 물어버린다.","It swings its ears like nunchucks at its opponents as a weak attack, then bites them when they flinch.",轻弹兽会像甩动双节棍一样先用他的那对大耳朵进行回旋轻攻击，再看准对方受惊时的破绽一下子咬上去。,像揮動雙節棍般揮動耳朵發動弱弱的攻擊，等對手退縮時再咬上去。,True,True,https://digimon.net/cimages/appmon/img_chara_134.jpg,https://digimon.net/cimages/appmon/img_icon_134.png,139 | 136 | 135,True,https://digimon.net/appmon/detail.php?id=134,https://digimon.net/appmon_ko/detail.php?id=134,https://digimon.net/appmon_en/detail.php?id=134,https://digimon.net/appmon_zh-CHS/detail.php?id=134,https://digimon.net/appmon_zh-CHT/detail.php?id=134,
135,フリックモン(ナビ),플릭몬(내비),Flickmon (Navi),轻弹兽（导航）,推滑獸（導航）,－,－,－,－,－,フリック,플릭,Flick,轻弹,滑動輸入,ナビ,내비,Navi,导航,導航,みみだまし,귀로 속이기,Ear Trick,虚晃一耳,甩耳騙局,耳をヌンチャクのように振り回して弱攻撃をし、相手がひるんだところで噛みつく。,"귀를 쌍절곤처럼 휘둘러 가볍게 공격하며, 상대가 움츠러들었을 때 물어버린다.","It swings its ears like nunchucks at its opponents as a weak attack, then bites them when they flinch.",轻弹兽会像甩动双节棍一样先用他的那对大耳朵进行回旋轻攻击，再看准对方受惊时的破绽一下子咬上去。,像揮動雙節棍般揮動耳朵發動弱弱的攻擊，等對手退縮時再咬上去。,True,True,https://digimon.net/cimages/appmon/img_chara_135.jpg,https://digimon.net/cimages/appmon/img_icon_135.png,137 | 136 | 140,True,https://digimon.net/appmon/detail.php?id=135,https://digimon.net/appmon_ko/detail.php?id=135,https://digimon.net/appmon_en/detail.php?id=135,https://digimon.net/appmon_zh-CHS/detail.php?id=135,https://digimon.net/appmon_zh-CHT/detail.php?id=135,
136,フリックモン(ツール),플릭몬(툴),Flickmon (Tool),轻弹兽（工具）,推滑獸（工具）,－,－,－,－,－,フリック,플릭,Flick,轻弹,滑動輸入,ツール,툴,Tool,工具,工具,みみだまし,귀로 속이기,Ear Trick,虚晃一耳,甩耳騙局,耳をヌンチャクのように振り回して弱攻撃をし、相手がひるんだところで噛みつく。,"귀를 쌍절곤처럼 휘둘러 가볍게 공격하며, 상대가 움츠러들었을 때 물어버린다.","It swings its ears like nunchucks at its opponents as a weak attack, then bites them when they flinch.",轻弹兽会像甩动双节棍一样先用他的那对大耳朵进行回旋轻攻击，再看准对方受惊时的破绽一下子咬上去。,像揮動雙節棍般揮動耳朵發動弱弱的攻擊，等對手退縮時再咬上去。,True,True,https://digimon.net/cimages/appmon/img_chara_136.jpg,https://digimon.net/cimages/appmon/img_icon_136.png,140 | 138 | 135,True,https://digimon.net/appmon/detail.php?id=136,https://digimon.net/appmon_ko/detail.php?id=136,https://digimon.net/appmon_en/detail.php?id=136,https://digimon.net/appmon_zh-CHS/detail.php?id=136,https://digimon.net/appmon_zh-CHT/detail.php?id=136,
137,フリックモン(システム),플릭몬(시스템),Flickmon (System),轻弹兽（系统）,推滑獸（系統）,－,－,－,－,－,フリック,플릭,Flick,轻弹,滑動輸入,システム,시스템,System,系统,系統,みみだまし,귀로 속이기,Ear Trick,虚晃一耳,甩耳騙局,耳をヌンチャクのように振り回して弱攻撃をし、相手がひるんだところで噛みつく。,"귀를 쌍절곤처럼 휘둘러 가볍게 공격하며, 상대가 움츠러들었을 때 물어버린다.","It swings its ears like nunchucks at its opponents as a weak attack, then bites them when they flinch.",轻弹兽会像甩动双节棍一样先用他的那对大耳朵进行回旋轻攻击，再看准对方受惊时的破绽一下子咬上去。,像揮動雙節棍般揮動耳朵發動弱弱的攻擊，等對手退縮時再咬上去。,True,True,https://digimon.net/cimages/appmon/img_chara_137.jpg,https://digimon.net/cimages/appmon/img_icon_137.png,138 | 136 | 139,True,https://digimon.net/appmon/detail.php?id=137,https://digimon.net/appmon_ko/detail.php?id=137,https://digimon.net/appmon_en/detail.php?id=137,https://digimon.net/appmon_zh-CHS/detail.php?id=137,https://digimon.net/appmon_zh-CHT/detail.php?id=137,
138,フリックモン(ゲーム),플릭몬(게임),Flickmon (Game),轻弹兽（系统）,推滑獸（遊戲）,－,－,－,－,－,フリック,플릭,Flick,轻弹,滑動輸入,ゲーム,게임,Game,游戏,遊戲,みみだまし,귀로 속이기,Ear Trick,虚晃一耳,甩耳騙局,耳をヌンチャクのように振り回して弱攻撃をし、相手がひるんだところで噛みつく。,"귀를 쌍절곤처럼 휘둘러 가볍게 공격하며, 상대가 움츠러들었을 때 물어버린다.","It swings its ears like nunchucks at its opponents as a weak attack, then bites them when they flinch.",轻弹兽会像甩动双节棍一样先用他的那对大耳朵进行回旋轻攻击，再看准对方受惊时的破绽一下子咬上去。,像揮動雙節棍般揮動耳朵發動弱弱的攻擊，等對手退縮時再咬上去。,True,True,https://digimon.net/cimages/appmon/img_chara_138.jpg,https://digimon.net/cimages/appmon/img_icon_138.png,137 | 136 | 140,True,https://digimon.net/appmon/detail.php?id=138,https://digimon.net/appmon_ko/detail.php?id=138,https://digimon.net/appmon_en/detail.php?id=138,https://digimon.net/appmon_zh-CHS/detail.php?id=138,https://digimon.net/appmon_zh-CHT/detail.php?id=138,
139,フリックモン(エンタメ),플릭몬(엔터테인먼트),Flickmon (Entertainment),轻弹兽（娱乐）,推滑獸（娛樂）,－,－,－,－,－,フリック,플릭,Flick,轻弹,滑動輸入,エンタメ,엔터테인먼트,Entertainment,娱乐,娛樂,みみだまし,귀로 속이기,Ear Trick,虚晃一耳,甩耳騙局,耳をヌンチャクのように振り回して弱攻撃をし、相手がひるんだところで噛みつく。,"귀를 쌍절곤처럼 휘둘러 가볍게 공격하며, 상대가 움츠러들었을 때 물어버린다.","It swings its ears like nunchucks at its opponents as a weak attack, then bites them when they flinch.",轻弹兽会像甩动双节棍一样先用他的那对大耳朵进行回旋轻攻击，再看准对方受惊时的破绽一下子咬上去。,像揮動雙節棍般揮動耳朵發動弱弱的攻擊，等對手退縮時再咬上去。,True,True,https://digimon.net/cimages/appmon/img_chara_139.jpg,https://digimon.net/cimages/appmon/img_icon_139.png,138 | 134 | 140,True,https://digimon.net/appmon/detail.php?id=139,https://digimon.net/appmon_ko/detail.php?id=139,https://digimon.net/appmon_en/detail.php?id=139,https://digimon.net/appmon_zh-CHS/detail.php?id=139,https://digimon.net/appmon_zh-CHT/detail.php?id=139,
140,フリックモン(ライフ),플릭몬(라이프),Flickmon (Life),轻弹兽（生活）,推滑獸（生活）,－,－,－,－,－,フリック,플릭,Flick,轻弹,滑動輸入,ライフ,라이프,Life,生活,生活,みみだまし,귀로 속이기,Ear Trick,虚晃一耳,甩耳騙局,耳をヌンチャクのように振り回して弱攻撃をし、相手がひるんだところで噛みつく。,"귀를 쌍절곤처럼 휘둘러 가볍게 공격하며, 상대가 움츠러들었을 때 물어버린다.","It swings its ears like nunchucks at its opponents as a weak attack, then bites them when they flinch.",轻弹兽会像甩动双节棍一样先用他的那对大耳朵进行回旋轻攻击，再看准对方受惊时的破绽一下子咬上去。,像揮動雙節棍般揮動耳朵發動弱弱的攻擊，等對手退縮時再咬上去。,True,True,https://digimon.net/cimages/appmon/img_chara_140.jpg,https://digimon.net/cimages/appmon/img_icon_140.png,139 | 135 | 136,True,https://digimon.net/appmon/detail.php?id=140,https://digimon.net/appmon_ko/detail.php?id=140,https://digimon.net/appmon_en/detail.php?id=140,https://digimon.net/appmon_zh-CHS/detail.php?id=140,https://digimon.net/appmon_zh-CHT/detail.php?id=140,
141,スワイプモン(ソーシャル),스와이프몬(소셜),Swipemon (Social),轻扫兽（社交）,滑動獸（社交）,－,－,－,－,－,スワイプ,스와이프,Swipe,轻扫,按住滑動,ソーシャル,소셜,Social,社交,社交,ボディスピアー,보디 스피어,Body Spear,旋身突贯,衝撞矛釘,左右に高速移動してフェイントをかけながら近づき、体の突起で体当たりする。,"좌우로 고속 이동해 상대를 속이면서 접근한 후, 몸의 돌기 부분으로 부딪친다.","It moves side to side at incredible speed, using feints as it closes the distance for a ramming attack.",轻扫兽会先用忽左忽右的高速假动作逼近目标，再用身上凸起的部分向着对方猛撞过去。,一邊使出高速左右移動的佯攻一邊接近目標，再利用身上突起的部位撞擊對方。,True,True,https://digimon.net/cimages/appmon/img_chara_141.jpg,https://digimon.net/cimages/appmon/img_icon_141.png,142 | 144 | 147,True,https://digimon.net/appmon/detail.php?id=141,https://digimon.net/appmon_ko/detail.php?id=141,https://digimon.net/appmon_en/detail.php?id=141,https://digimon.net/appmon_zh-CHS/detail.php?id=141,https://digimon.net/appmon_zh-CHT/detail.php?id=141,
142,スワイプモン(ナビ),스와이프몬(내비),Swipemon (Navi),轻扫兽（导航）,滑動獸（導航）,－,－,－,－,－,スワイプ,스와이프,Swipe,轻扫,按住滑動,ナビ,내비,Navi,导航,導航,ボディスピアー,보디 스피어,Body Spear,旋身突贯,衝撞矛釘,左右に高速移動してフェイントをかけながら近づき、体の突起で体当たりする。,"좌우로 고속 이동해 상대를 속이면서 접근한 후, 몸의 돌기 부분으로 부딪친다.","It moves side to side at incredible speed, using feints as it closes the distance for a ramming attack.",轻扫兽会先用忽左忽右的高速假动作逼近目标，再用身上凸起的部分向着对方猛撞过去。,一邊使出高速左右移動的佯攻一邊接近目標，再利用身上突起的部位撞擊對方。,True,True,https://digimon.net/cimages/appmon/img_chara_142.jpg,https://digimon.net/cimages/appmon/img_icon_142.png,146 | 141 | 147,True,https://digimon.net/appmon/detail.php?id=142,https://digimon.net/appmon_ko/detail.php?id=142,https://digimon.net/appmon_en/detail.php?id=142,https://digimon.net/appmon_zh-CHS/detail.php?id=142,https://digimon.net/appmon_zh-CHT/detail.php?id=142,
143,スワイプモン(ツール),스와이프몬(툴),Swipemon (Tool),轻扫兽（工具）,滑動獸（工具）,－,－,－,－,－,スワイプ,스와이프,Swipe,轻扫,按住滑動,ツール,툴,Tool,工具,工具,ボディスピアー,보디 스피어,Body Spear,旋身突贯,衝撞矛釘,左右に高速移動してフェイントをかけながら近づき、体の突起で体当たりする。,"좌우로 고속 이동해 상대를 속이면서 접근한 후, 몸의 돌기 부분으로 부딪친다.","It moves side to side at incredible speed, using feints as it closes the distance for a ramming attack.",轻扫兽会先用忽左忽右的高速假动作逼近目标，再用身上凸起的部分向着对方猛撞过去。,一邊使出高速左右移動的佯攻一邊接近目標，再利用身上突起的部位撞擊對方。,True,True,https://digimon.net/cimages/appmon/img_chara_143.jpg,https://digimon.net/cimages/appmon/img_icon_143.png,145 | 144 | 146,True,https://digimon.net/appmon/detail.php?id=143,https://digimon.net/appmon_ko/detail.php?id=143,https://digimon.net/appmon_en/detail.php?id=143,https://digimon.net/appmon_zh-CHS/detail.php?id=143,https://digimon.net/appmon_zh-CHT/detail.php?id=143,
144,スワイプモン(システム),스와이프몬(시스템),Swipemon (System),轻扫兽（系统）,滑動獸（系統）,－,－,－,－,－,スワイプ,스와이프,Swipe,轻扫,按住滑動,システム,시스템,System,系统,系統,ボディスピアー,보디 스피어,Body Spear,旋身突贯,衝撞矛釘,左右に高速移動してフェイントをかけながら近づき、体の突起で体当たりする。,"좌우로 고속 이동해 상대를 속이면서 접근한 후, 몸의 돌기 부분으로 부딪친다.","It moves side to side at incredible speed, using feints as it closes the distance for a ramming attack.",轻扫兽会先用忽左忽右的高速假动作逼近目标，再用身上凸起的部分向着对方猛撞过去。,一邊使出高速左右移動的佯攻一邊接近目標，再利用身上突起的部位撞擊對方。,True,True,https://digimon.net/cimages/appmon/img_chara_144.jpg,https://digimon.net/cimages/appmon/img_icon_144.png,143 | 141 | 147,True,https://digimon.net/appmon/detail.php?id=144,https://digimon.net/appmon_ko/detail.php?id=144,https://digimon.net/appmon_en/detail.php?id=144,https://digimon.net/appmon_zh-CHS/detail.php?id=144,https://digimon.net/appmon_zh-CHT/detail.php?id=144,
145,スワイプモン(ゲーム),스와이프몬(게임),Swipemon (Game),轻扫兽（游戏）,滑動獸（遊戲）,－,－,－,－,－,スワイプ,스와이프,Swipe,轻扫,按住滑動,ゲーム,게임,Game,游戏,遊戲,ボディスピアー,보디 스피어,Body Spear,旋身突贯,衝撞矛釘,左右に高速移動してフェイントをかけながら近づき、体の突起で体当たりする。,"좌우로 고속 이동해 상대를 속이면서 접근한 후, 몸의 돌기 부분으로 부딪친다.","It moves side to side at incredible speed, using feints as it closes the distance for a ramming attack.",轻扫兽会先用忽左忽右的高速假动作逼近目标，再用身上凸起的部分向着对方猛撞过去。,一邊使出高速左右移動的佯攻一邊接近目標，再利用身上突起的部位撞擊對方。,True,True,https://digimon.net/cimages/appmon/img_chara_145.jpg,https://digimon.net/cimages/appmon/img_icon_145.png,142 | 141 | 146,True,https://digimon.net/appmon/detail.php?id=145,https://digimon.net/appmon_ko/detail.php?id=145,https://digimon.net/appmon_en/detail.php?id=145,https://digimon.net/appmon_zh-CHS/detail.php?id=145,https://digimon.net/appmon_zh-CHT/detail.php?id=145,
146,スワイプモン(エンタメ),스와이프몬(엔터테인먼트),Swipemon (Entertainment),轻扫兽（娱乐）,滑動獸（娛樂）,－,－,－,－,－,スワイプ,스와이프,Swipe,轻扫,按住滑動,エンタメ,엔터테인먼트,Entertainment,娱乐,娛樂,ボディスピアー,보디 스피어,Body Spear,旋身突贯,衝撞矛釘,左右に高速移動してフェイントをかけながら近づき、体の突起で体当たりする。,"좌우로 고속 이동해 상대를 속이면서 접근한 후, 몸의 돌기 부분으로 부딪친다.","It moves side to side at incredible speed, using feints as it closes the distance for a ramming attack.",轻扫兽会先用忽左忽右的高速假动作逼近目标，再用身上凸起的部分向着对方猛撞过去。,一邊使出高速左右移動的佯攻一邊接近目標，再利用身上突起的部位撞擊對方。,True,True,https://digimon.net/cimages/appmon/img_chara_146.jpg,https://digimon.net/cimages/appmon/img_icon_146.png,141 | 145 | 142,True,https://digimon.net/appmon/detail.php?id=146,https://digimon.net/appmon_ko/detail.php?id=146,https://digimon.net/appmon_en/detail.php?id=146,https://digimon.net/appmon_zh-CHS/detail.php?id=146,https://digimon.net/appmon_zh-CHT/detail.php?id=146,
147,スワイプモン(ライフ),스와이프몬(라이프),Swipemon (Life),轻扫兽（生活）,滑動獸（生活）,－,－,－,－,－,スワイプ,스와이프,Swipe,轻扫,按住滑動,ライフ,라이프,Life,生活,生活,ボディスピアー,보디 스피어,Body Spear,旋身突贯,衝撞矛釘,左右に高速移動してフェイントをかけながら近づき、体の突起で体当たりする。,"좌우로 고속 이동해 상대를 속이면서 접근한 후, 몸의 돌기 부분으로 부딪친다.","It moves side to side at incredible speed, using feints as it closes the distance for a ramming attack.",轻扫兽会先用忽左忽右的高速假动作逼近目标，再用身上凸起的部分向着对方猛撞过去。,一邊使出高速左右移動的佯攻一邊接近目標，再利用身上突起的部位撞擊對方。,True,True,https://digimon.net/cimages/appmon/img_chara_147.jpg,https://digimon.net/cimages/appmon/img_icon_147.png,142 | 143 | 144,True,https://digimon.net/appmon/detail.php?id=147,https://digimon.net/appmon_ko/detail.php?id=147,https://digimon.net/appmon_en/detail.php?id=147,https://digimon.net/appmon_zh-CHS/detail.php?id=147,https://digimon.net/appmon_zh-CHT/detail.php?id=147,
148,ダンテモン,단테몬,Dantemon,但丁兽,但丁獸,不明,불명,Unknown,不明,不明,開放,개방,Open,解放,開放,不明,없음,Unknown,无,無,断鉄剣（だんてつけん） | 戸締用心(とじまりようじん),단철검 | 호체용심,Dantetsuken | Tojimariyoujin,断铁剑 | 户缔用心,斷鐵劍 | 戸締用心（小心門戶）,大いなる道を切り開く化身。ネットの深淵へと続くゲートを開く力を持つ特別なアプモンで、相見えるには秘められた７つのコードが必要だ。巨大な剣でどんな敵をも両断し、戦いを終えれば勝利の歌を聞かせてくれるという。,"위대한 길을 개척하는 화신. 네트워크의 심연으로 이어지는 게이트를 여는 힘을 지닌 특별한 어플몬으로, 만나려면 숨겨진 7개의 코드가 필요하다. 거대한 검으로 어떤 적이라도 두 동강 내며, 전투를 끝내면 승리의 노래를 들려준다고 한다.","An appmon that cuts a wide path for others to follow. With the power to open the gate that leads to the abyss of the net, it requires seven hidden codes to encounter. It is said that it can cut down any enemy with its giant sword, and after battle, celebrates victory with a song.",开辟通途的化身。但丁兽是一位特殊应用兽，他能够开启通向网络深渊的大门。若要与其相见，必须事先集齐潜藏在各地的七份代码。但丁兽手中的巨剑能够将世界上的一切敌人一刀两断，而他也会在战斗结束之际为在场的人们高唱一曲胜利之歌。,開闢大道的化身。能開啟通往網路深淵的大門，是特別的APP獸。需要七個神秘代碼才能見到他。能用巨大的劍斬斷任何敵人，據說在戰鬥結束後會演唱勝利之歌。,True,False,https://digimon.net/cimages/appmon/img_chara_148.jpg,,37 | 83 | 48,True,https://digimon.net/appmon/detail.php?id=148,https://digimon.net/appmon_ko/detail.php?id=148,https://digimon.net/appmon_en/detail.php?id=148,https://digimon.net/appmon_zh-CHS/detail.php?id=148,https://digimon.net/appmon_zh-CHT/detail.php?id=148,ko_unknown_attribute_rendered_as_none | icon_not_listed_on_detail_page | ko_profile_uses_eopeulmon_not_page_title_apeumon
