source_id,source_name_ja,locale,position,related_id,related_name_displayed,related_type_displayed,snapshot_only,source_url
1,ガッチモン,ja,1,76,ロギモン,ログイン / ソーシャル,True,https://digimon.net/appmon/detail.php?id=1
1,ガッチモン,ja,2,4,ツブモン,つぶやき / ソーシャル,True,https://digimon.net/appmon/detail.php?id=1
1,ガッチモン,ja,3,12,ナビモン,ナビ / ナビ,True,https://digimon.net/appmon/detail.php?id=1
1,ガッチモン,ko,1,76,로긴몬,로그인 / 소셜,True,https://digimon.net/appmon_ko/detail.php?id=1
1,ガッチモン,ko,2,12,내비몬,내비 / 내비,True,https://digimon.net/appmon_ko/detail.php?id=1
1,ガッチモン,ko,3,122,가이아몬,창조 / 하나님,True,https://digimon.net/appmon_ko/detail.php?id=1
1,ガッチモン,en,1,43,Onmon,Online  / Game,True,https://digimon.net/appmon_en/detail.php?id=1
1,ガッチモン,en,2,76,Logimon,Login / Social,True,https://digimon.net/appmon_en/detail.php?id=1
1,ガッチモン,en,3,12,Navimon,Navi  / Navi,True,https://digimon.net/appmon_en/detail.php?id=1
1,ガッチモン,zh_hans,1,78,大盖奇兽,超级搜索 / 社交,True,https://digimon.net/appmon_zh-CHS/detail.php?id=1
1,ガッチモン,zh_hans,2,122,盖亚兽,创造 / 神,True,https://digimon.net/appmon_zh-CHS/detail.php?id=1
1,ガッチモン,zh_hans,3,4,发文兽,微博客 / 社交,True,https://digimon.net/appmon_zh-CHS/detail.php?id=1
1,ガッチモン,zh_hant,1,43,連線獸,連線 / 遊戲,True,https://digimon.net/appmon_zh-CHT/detail.php?id=1
1,ガッチモン,zh_hant,2,12,導航獸,導航 / 導航,True,https://digimon.net/appmon_zh-CHT/detail.php?id=1
1,ガッチモン,zh_hant,3,122,蓋亞獸,創造 / 神,True,https://digimon.net/appmon_zh-CHT/detail.php?id=1
2,コールモン,ja,1,79,ソーシャモン,ＳＮＳ / ソーシャル,True,https://digimon.net/appmon/detail.php?id=2
2,コールモン,ja,2,3,メールモン,メール / ソーシャル,True,https://digimon.net/appmon/detail.php?id=2
2,コールモン,ja,3,6,アドモン,アドレス帳 / ソーシャル,True,https://digimon.net/appmon/detail.php?id=2
2,コールモン,ko,1,6,어드몬,주소록 / 소셜,True,https://digimon.net/appmon_ko/detail.php?id=2
2,コールモン,ko,2,79,소셔몬,SNS / 소셜,True,https://digimon.net/appmon_ko/detail.php?id=2
2,コールモン,ko,3,3,메일몬,메일 / 소셜,True,https://digimon.net/appmon_ko/detail.php?id=2
2,コールモン,en,1,9,Messemon,Message / Social,True,https://digimon.net/appmon_en/detail.php?id=2
2,コールモン,en,2,3,Mailmon,Mail / Social,True,https://digimon.net/appmon_en/detail.php?id=2
2,コールモン,en,3,79,Sociamon,SNS / Social,True,https://digimon.net/appmon_en/detail.php?id=2
2,コールモン,zh_hans,1,9,信息兽,短信息 / 社交,True,https://digimon.net/appmon_zh-CHS/detail.php?id=2
2,コールモン,zh_hans,2,3,邮件兽,电子邮件 / 社交,True,https://digimon.net/appmon_zh-CHS/detail.php?id=2
2,コールモン,zh_hans,3,79,社交兽,社交网络 / 社交,True,https://digimon.net/appmon_zh-CHS/detail.php?id=2
2,コールモン,zh_hant,1,9,訊息獸,訊息 / 社交,True,https://digimon.net/appmon_zh-CHT/detail.php?id=2
2,コールモン,zh_hant,2,6,通訊錄獸,通訊錄 / 社交,True,https://digimon.net/appmon_zh-CHT/detail.php?id=2
2,コールモン,zh_hant,3,79,社交獸,SNS / 社交,True,https://digimon.net/appmon_zh-CHT/detail.php?id=2
3,メールモン,ja,1,79,ソーシャモン,ＳＮＳ / ソーシャル,True,https://digimon.net/appmon/detail.php?id=3
3,メールモン,ja,2,6,アドモン,アドレス帳 / ソーシャル,True,https://digimon.net/appmon/detail.php?id=3
3,メールモン,ja,3,2,コールモン,電話 / ソーシャル,True,https://digimon.net/appmon/detail.php?id=3
3,メールモン,ko,1,6,어드몬,주소록 / 소셜,True,https://digimon.net/appmon_ko/detail.php?id=3
3,メールモン,ko,2,79,소셔몬,SNS / 소셜,True,https://digimon.net/appmon_ko/detail.php?id=3
3,メールモン,ko,3,9,메시몬,메시지 / 소셜,True,https://digimon.net/appmon_ko/detail.php?id=3
3,メールモン,en,1,6,Addmon,Address Book / Social,True,https://digimon.net/appmon_en/detail.php?id=3
3,メールモン,en,2,79,Sociamon,SNS / Social,True,https://digimon.net/appmon_en/detail.php?id=3
3,メールモン,en,3,9,Messemon,Message / Social,True,https://digimon.net/appmon_en/detail.php?id=3
3,メールモン,zh_hans,1,6,通讯录兽,通讯录 / 社交,True,https://digimon.net/appmon_zh-CHS/detail.php?id=3
3,メールモン,zh_hans,2,79,社交兽,社交网络 / 社交,True,https://digimon.net/appmon_zh-CHS/detail.php?id=3
3,メールモン,zh_hans,3,2,电话兽,电话 / 社交,True,https://digimon.net/appmon_zh-CHS/detail.php?id=3
3,メールモン,zh_hant,1,2,電話獸,電話 / 社交,True,https://digimon.net/appmon_zh-CHT/detail.php?id=3
3,メールモン,zh_hant,2,9,訊息獸,訊息 / 社交,True,https://digimon.net/appmon_zh-CHT/detail.php?id=3
3,メールモン,zh_hant,3,6,通訊錄獸,通訊錄 / 社交,True,https://digimon.net/appmon_zh-CHT/detail.php?id=3
4,ツブモン,ja,1,1,ガッチモン,検索 / ソーシャル,True,https://digimon.net/appmon/detail.php?id=4
4,ツブモン,ja,2,12,ナビモン,ナビ / ナビ,True,https://digimon.net/appmon/detail.php?id=4
4,ツブモン,ja,3,45,ドカモン,アクション / ゲーム,True,https://digimon.net/appmon/detail.php?id=4
4,ツブモン,ko,1,1,서치몬,검색 / 소셜,True,https://digimon.net/appmon_ko/detail.php?id=4
4,ツブモン,ko,2,48,롤플레잉몬,롤플레잉 / 게임,True,https://digimon.net/appmon_ko/detail.php?id=4
4,ツブモン,ko,3,45,콰광몬,액션 / 게임,True,https://digimon.net/appmon_ko/detail.php?id=4
4,ツブモン,en,1,12,Navimon,Navi  / Navi,True,https://digimon.net/appmon_en/detail.php?id=4
4,ツブモン,en,2,1,Gatchmon,Search  / Social,True,https://digimon.net/appmon_en/detail.php?id=4
4,ツブモン,en,3,78,DoGatchmon,Super Search / Social,True,https://digimon.net/appmon_en/detail.php?id=4
4,ツブモン,zh_hans,1,1,盖奇兽,搜索 / 社交,True,https://digimon.net/appmon_zh-CHS/detail.php?id=4
4,ツブモン,zh_hans,2,96,秘技兽,攻略秘籍 / 游戏,True,https://digimon.net/appmon_zh-CHS/detail.php?id=4
4,ツブモン,zh_hans,3,19,解说兽,解说 / 导航,True,https://digimon.net/appmon_zh-CHS/detail.php?id=4
4,ツブモン,zh_hant,1,96,秘技獸,攻略 / 遊戲,True,https://digimon.net/appmon_zh-CHT/detail.php?id=4
4,ツブモン,zh_hant,2,19,解說獸,解說 / 導航,True,https://digimon.net/appmon_zh-CHT/detail.php?id=4
4,ツブモン,zh_hant,3,1,蓋奇獸,搜索 / 社交,True,https://digimon.net/appmon_zh-CHT/detail.php?id=4
5,ゲンゴーモン,ja,1,30,オンパモン,超音波 / ツール,True,https://digimon.net/appmon/detail.php?id=5
5,ゲンゴーモン,ja,2,31,ジャミングモン,ジャミング / ツール,True,https://digimon.net/appmon/detail.php?id=5
5,ゲンゴーモン,ja,3,85,ロアモン,ボイスチェンジ / ツール,True,https://digimon.net/appmon/detail.php?id=5
5,ゲンゴーモン,ko,1,31,재밍몬,재밍 / 툴,True,https://digimon.net/appmon_ko/detail.php?id=5
5,ゲンゴーモン,ko,2,42,시그널몬,통신 / 시스템,True,https://digimon.net/appmon_ko/detail.php?id=5
5,ゲンゴーモン,ko,3,30,음파몬,초음파 / 툴,True,https://digimon.net/appmon_ko/detail.php?id=5
5,ゲンゴーモン,en,1,31,Jammingmon,Jamming / Tool,True,https://digimon.net/appmon_en/detail.php?id=5
5,ゲンゴーモン,en,2,30,Onpamon,Ultrasound / Tool,True,https://digimon.net/appmon_en/detail.php?id=5
5,ゲンゴーモン,en,3,85,Roamon,Voice Change / Tool,True,https://digimon.net/appmon_en/detail.php?id=5
5,ゲンゴーモン,zh_hans,1,31,干扰兽,干扰 / 工具,True,https://digimon.net/appmon_zh-CHS/detail.php?id=5
5,ゲンゴーモン,zh_hans,2,30,声波兽,超声波 / 工具,True,https://digimon.net/appmon_zh-CHS/detail.php?id=5
5,ゲンゴーモン,zh_hans,3,85,罗亚兽,变声 / 工具,True,https://digimon.net/appmon_zh-CHS/detail.php?id=5
5,ゲンゴーモン,zh_hant,1,31,干擾獸,干擾 / 工具,True,https://digimon.net/appmon_zh-CHT/detail.php?id=5
5,ゲンゴーモン,zh_hant,2,30,音波獸,超音波 / 工具,True,https://digimon.net/appmon_zh-CHT/detail.php?id=5
5,ゲンゴーモン,zh_hant,3,42,電波獸,通訊 / 系統,True,https://digimon.net/appmon_zh-CHT/detail.php?id=5
6,アドモン,ja,1,3,メールモン,メール / ソーシャル,True,https://digimon.net/appmon/detail.php?id=6
6,アドモン,ja,2,79,ソーシャモン,ＳＮＳ / ソーシャル,True,https://digimon.net/appmon/detail.php?id=6
6,アドモン,ja,3,2,コールモン,電話 / ソーシャル,True,https://digimon.net/appmon/detail.php?id=6
6,アドモン,ko,1,2,콜몬,전화 / 소셜,True,https://digimon.net/appmon_ko/detail.php?id=6
6,アドモン,ko,2,9,메시몬,메시지 / 소셜,True,https://digimon.net/appmon_ko/detail.php?id=6
6,アドモン,ko,3,3,메일몬,메일 / 소셜,True,https://digimon.net/appmon_ko/detail.php?id=6
6,アドモン,en,1,2,Callmon,Phone / Social,True,https://digimon.net/appmon_en/detail.php?id=6
6,アドモン,en,2,3,Mailmon,Mail / Social,True,https://digimon.net/appmon_en/detail.php?id=6
6,アドモン,en,3,9,Messemon,Message / Social,True,https://digimon.net/appmon_en/detail.php?id=6
6,アドモン,zh_hans,1,2,电话兽,电话 / 社交,True,https://digimon.net/appmon_zh-CHS/detail.php?id=6
6,アドモン,zh_hans,2,79,社交兽,社交网络 / 社交,True,https://digimon.net/appmon_zh-CHS/detail.php?id=6
6,アドモン,zh_hans,3,9,信息兽,短信息 / 社交,True,https://digimon.net/appmon_zh-CHS/detail.php?id=6
6,アドモン,zh_hant,1,79,社交獸,SNS / 社交,True,https://digimon.net/appmon_zh-CHT/detail.php?id=6
6,アドモン,zh_hant,2,9,訊息獸,訊息 / 社交,True,https://digimon.net/appmon_zh-CHT/detail.php?id=6
6,アドモン,zh_hant,3,2,電話獸,電話 / 社交,True,https://digimon.net/appmon_zh-CHT/detail.php?id=6
7,レビューモン,ja,1,18,ニュースモン,ニュース / ナビ,True,https://digimon.net/appmon/detail.php?id=7
7,レビューモン,ja,2,10,コソモン,裏口コミ / ソーシャル,True,https://digimon.net/appmon/detail.php?id=7
7,レビューモン,ja,3,80,ゴシップモン,ゴシップ / ソーシャル,True,https://digimon.net/appmon/detail.php?id=7
7,レビューモン,ko,1,80,가십몬,가십 / 소셜,True,https://digimon.net/appmon_ko/detail.php?id=7
7,レビューモン,ko,2,18,뉴스몬,뉴스 / 내비,True,https://digimon.net/appmon_ko/detail.php?id=7
7,レビューモン,ko,3,10,속닥몬,비밀 후기 / 소셜,True,https://digimon.net/appmon_ko/detail.php?id=7
7,レビューモン,en,1,56,Dogamon,Video / Entertainment,True,https://digimon.net/appmon_en/detail.php?id=7
7,レビューモン,en,2,80,Gossipmon,Gossip / Social,True,https://digimon.net/appmon_en/detail.php?id=7
7,レビューモン,en,3,10,Kosomon,Gossip Review / Social,True,https://digimon.net/appmon_en/detail.php?id=7
7,レビューモン,zh_hans,1,10,嘀咕兽,匿名点评 / 社交,True,https://digimon.net/appmon_zh-CHS/detail.php?id=7
7,レビューモン,zh_hans,2,80,闲言兽,闲话八卦 / 社交,True,https://digimon.net/appmon_zh-CHS/detail.php?id=7
7,レビューモン,zh_hans,3,56,影视兽,视频 / 娱乐,True,https://digimon.net/appmon_zh-CHS/detail.php?id=7
7,レビューモン,zh_hant,1,18,新聞獸,新聞 / 導航,True,https://digimon.net/appmon_zh-CHT/detail.php?id=7
7,レビューモン,zh_hant,2,80,傳聞獸,傳聞 / 社交,True,https://digimon.net/appmon_zh-CHT/detail.php?id=7
7,レビューモン,zh_hant,3,10,傳聞獸,小道消息 / 社交,True,https://digimon.net/appmon_zh-CHT/detail.php?id=7
8,セットモン,ja,1,65,スリープモン,睡眠 / ライフ,True,https://digimon.net/appmon/detail.php?id=8
8,セットモン,ja,2,75,ジショモン,辞書 / ライフ,True,https://digimon.net/appmon/detail.php?id=8
8,セットモン,ja,3,58,ブックモン,電子書籍 / エンタメ,True,https://digimon.net/appmon/detail.php?id=8
8,セットモン,ko,1,65,슬립몬,수면 / 라이프,True,https://digimon.net/appmon_ko/detail.php?id=8
8,セットモン,ko,2,17,호텔몬,호텔 / 내비,True,https://digimon.net/appmon_ko/detail.php?id=8
8,セットモン,ko,3,102,드리몬,꿈 / 엔터테인먼트,True,https://digimon.net/appmon_ko/detail.php?id=8
8,セットモン,en,1,75,Jishomon,Dictionary / Life,True,https://digimon.net/appmon_en/detail.php?id=8
8,セットモン,en,2,17,Yadomon,Hotel  / Navi,True,https://digimon.net/appmon_en/detail.php?id=8
8,セットモン,en,3,58,Bookmon,eBook / Entertainment,True,https://digimon.net/appmon_en/detail.php?id=8
8,セットモン,zh_hans,1,102,梦境兽,梦境 / 娱乐,True,https://digimon.net/appmon_zh-CHS/detail.php?id=8
8,セットモン,zh_hans,2,58,书本兽,电子书 / 娱乐,True,https://digimon.net/appmon_zh-CHS/detail.php?id=8
8,セットモン,zh_hans,3,75,辞典兽,词典 / 生活,True,https://digimon.net/appmon_zh-CHS/detail.php?id=8
8,セットモン,zh_hant,1,106,圖書館獸,圖書館 / 生活,True,https://digimon.net/appmon_zh-CHT/detail.php?id=8
8,セットモン,zh_hant,2,65,睡眠獸,睡眠 / 生活,True,https://digimon.net/appmon_zh-CHT/detail.php?id=8
8,セットモン,zh_hant,3,102,夢境獸,夢 / 娛樂,True,https://digimon.net/appmon_zh-CHT/detail.php?id=8
9,メッセモン,ja,1,3,メールモン,メール / ソーシャル,True,https://digimon.net/appmon/detail.php?id=9
9,メッセモン,ja,2,79,ソーシャモン,ＳＮＳ / ソーシャル,True,https://digimon.net/appmon/detail.php?id=9
9,メッセモン,ja,3,2,コールモン,電話 / ソーシャル,True,https://digimon.net/appmon/detail.php?id=9
9,メッセモン,ko,1,3,메일몬,메일 / 소셜,True,https://digimon.net/appmon_ko/detail.php?id=9
9,メッセモン,ko,2,79,소셔몬,SNS / 소셜,True,https://digimon.net/appmon_ko/detail.php?id=9
9,メッセモン,ko,3,6,어드몬,주소록 / 소셜,True,https://digimon.net/appmon_ko/detail.php?id=9
9,メッセモン,en,1,6,Addmon,Address Book / Social,True,https://digimon.net/appmon_en/detail.php?id=9
9,メッセモン,en,2,3,Mailmon,Mail / Social,True,https://digimon.net/appmon_en/detail.php?id=9
9,メッセモン,en,3,2,Callmon,Phone / Social,True,https://digimon.net/appmon_en/detail.php?id=9
9,メッセモン,zh_hans,1,79,社交兽,社交网络 / 社交,True,https://digimon.net/appmon_zh-CHS/detail.php?id=9
9,メッセモン,zh_hans,2,2,电话兽,电话 / 社交,True,https://digimon.net/appmon_zh-CHS/detail.php?id=9
9,メッセモン,zh_hans,3,6,通讯录兽,通讯录 / 社交,True,https://digimon.net/appmon_zh-CHS/detail.php?id=9
9,メッセモン,zh_hant,1,3,郵件獸,郵件 / 社交,True,https://digimon.net/appmon_zh-CHT/detail.php?id=9
9,メッセモン,zh_hant,2,2,電話獸,電話 / 社交,True,https://digimon.net/appmon_zh-CHT/detail.php?id=9
9,メッセモン,zh_hant,3,79,社交獸,SNS / 社交,True,https://digimon.net/appmon_zh-CHT/detail.php?id=9
10,コソモン,ja,1,80,ゴシップモン,ゴシップ / ソーシャル,True,https://digimon.net/appmon/detail.php?id=10
10,コソモン,ja,2,7,レビューモン,口コミ / ソーシャル,True,https://digimon.net/appmon/detail.php?id=10
10,コソモン,ja,3,56,ドーガモン,動画 / エンタメ,True,https://digimon.net/appmon/detail.php?id=10
10,コソモン,ko,1,18,뉴스몬,뉴스 / 내비,True,https://digimon.net/appmon_ko/detail.php?id=10
10,コソモン,ko,2,7,리뷰몬,리뷰 / 소셜,True,https://digimon.net/appmon_ko/detail.php?id=10
10,コソモン,ko,3,56,비디몬,영상 / 엔터테인먼트,True,https://digimon.net/appmon_ko/detail.php?id=10
10,コソモン,en,1,18,Newsmon,News / Navi,True,https://digimon.net/appmon_en/detail.php?id=10
10,コソモン,en,2,7,Reviewmon,Review / Social,True,https://digimon.net/appmon_en/detail.php?id=10
10,コソモン,en,3,56,Dogamon,Video / Entertainment,True,https://digimon.net/appmon_en/detail.php?id=10
10,コソモン,zh_hans,1,80,闲言兽,闲话八卦 / 社交,True,https://digimon.net/appmon_zh-CHS/detail.php?id=10
10,コソモン,zh_hans,2,7,评论兽,点评 / 社交,True,https://digimon.net/appmon_zh-CHS/detail.php?id=10
10,コソモン,zh_hans,3,18,新闻兽,新闻 / 导航,True,https://digimon.net/appmon_zh-CHS/detail.php?id=10
10,コソモン,zh_hant,1,7,評論獸,評論 / 社交,True,https://digimon.net/appmon_zh-CHT/detail.php?id=10
10,コソモン,zh_hant,2,80,傳聞獸,傳聞 / 社交,True,https://digimon.net/appmon_zh-CHT/detail.php?id=10
10,コソモン,zh_hant,3,18,新聞獸,新聞 / 導航,True,https://digimon.net/appmon_zh-CHT/detail.php?id=10
11,ロケットモン,ja,1,86,スコープモン,監視 / ツール,True,https://digimon.net/appmon/detail.php?id=11
11,ロケットモン,ja,2,21,キャメラモン,カメラ / ツール,True,https://digimon.net/appmon/detail.php?id=11
11,ロケットモン,ja,3,83,ウェザドラモン,天候 / ナビ,True,https://digimon.net/appmon/detail.php?id=11
11,ロケットモン,ko,1,86,스코프몬,감시 / 툴,True,https://digimon.net/appmon_ko/detail.php?id=11
11,ロケットモン,ko,2,18,뉴스몬,뉴스 / 내비,True,https://digimon.net/appmon_ko/detail.php?id=11
11,ロケットモン,ko,3,15,웨더몬,날씨 / 내비,True,https://digimon.net/appmon_ko/detail.php?id=11
11,ロケットモン,en,1,21,Cameramon,Camera / Tool,True,https://digimon.net/appmon_en/detail.php?id=11
11,ロケットモン,en,2,86,Scopemon,Monitoring / Tool,True,https://digimon.net/appmon_en/detail.php?id=11
11,ロケットモン,en,3,83,Weatherdramon,Weather  / Navi,True,https://digimon.net/appmon_en/detail.php?id=11
11,ロケットモン,zh_hans,1,46,射击兽,射击游戏 / 游戏,True,https://digimon.net/appmon_zh-CHS/detail.php?id=11
11,ロケットモン,zh_hans,2,15,天气兽,天气 / 导航,True,https://digimon.net/appmon_zh-CHS/detail.php?id=11
11,ロケットモン,zh_hans,3,18,新闻兽,新闻 / 导航,True,https://digimon.net/appmon_zh-CHS/detail.php?id=11
11,ロケットモン,zh_hant,1,21,攝影獸,相機 / 工具,True,https://digimon.net/appmon_zh-CHT/detail.php?id=11
11,ロケットモン,zh_hant,2,15,天氣獸,天氣 / 導航,True,https://digimon.net/appmon_zh-CHT/detail.php?id=11
11,ロケットモン,zh_hant,3,18,新聞獸,新聞 / 導航,True,https://digimon.net/appmon_zh-CHT/detail.php?id=11
12,ナビモン,ja,1,78,ドガッチモン,超検索 / ソーシャル,True,https://digimon.net/appmon/detail.php?id=12
12,ナビモン,ja,2,4,ツブモン,つぶやき / ソーシャル,True,https://digimon.net/appmon/detail.php?id=12
12,ナビモン,ja,3,1,ガッチモン,検索 / ソーシャル,True,https://digimon.net/appmon/detail.php?id=12
12,ナビモン,ko,1,1,서치몬,검색 / 소셜,True,https://digimon.net/appmon_ko/detail.php?id=12
12,ナビモン,ko,2,4,츠부몬,트윗 / 소셜,True,https://digimon.net/appmon_ko/detail.php?id=12
12,ナビモン,ko,3,78,슈퍼 서치몬,슈퍼 검색 / 소셜,True,https://digimon.net/appmon_ko/detail.php?id=12
12,ナビモン,en,1,78,DoGatchmon,Super Search / Social,True,https://digimon.net/appmon_en/detail.php?id=12
12,ナビモン,en,2,1,Gatchmon,Search  / Social,True,https://digimon.net/appmon_en/detail.php?id=12
12,ナビモン,en,3,4,Tweetmon,Tweet / Social,True,https://digimon.net/appmon_en/detail.php?id=12
12,ナビモン,zh_hans,1,1,盖奇兽,搜索 / 社交,True,https://digimon.net/appmon_zh-CHS/detail.php?id=12
12,ナビモン,zh_hans,2,4,发文兽,微博客 / 社交,True,https://digimon.net/appmon_zh-CHS/detail.php?id=12
12,ナビモン,zh_hans,3,78,大盖奇兽,超级搜索 / 社交,True,https://digimon.net/appmon_zh-CHS/detail.php?id=12
12,ナビモン,zh_hant,1,4,發文獸,發文 / 社交,True,https://digimon.net/appmon_zh-CHT/detail.php?id=12
12,ナビモン,zh_hant,2,78,大蓋奇獸,超級搜索 / 社交,True,https://digimon.net/appmon_zh-CHT/detail.php?id=12
12,ナビモン,zh_hant,3,1,蓋奇獸,搜索 / 社交,True,https://digimon.net/appmon_zh-CHT/detail.php?id=12
13,ジェットモン,ja,1,17,ヤドモン,ホテル / ナビ,True,https://digimon.net/appmon/detail.php?id=13
13,ジェットモン,ja,2,61,トリックモン,手品 / エンタメ,True,https://digimon.net/appmon/detail.php?id=13
13,ジェットモン,ja,3,14,レッシャモン,乗換 / ナビ,True,https://digimon.net/appmon/detail.php?id=13
13,ジェットモン,ko,1,91,워프몬,전송 / 시스템,True,https://digimon.net/appmon_ko/detail.php?id=13
13,ジェットモン,ko,2,16,컴퍼스몬,나침반 / 내비,True,https://digimon.net/appmon_ko/detail.php?id=13
13,ジェットモン,ko,3,51,레이스몬,레이스 / 게임,True,https://digimon.net/appmon_ko/detail.php?id=13
13,ジェットモン,en,1,51,Racemon,Race  / Game,True,https://digimon.net/appmon_en/detail.php?id=13
13,ジェットモン,en,2,17,Yadomon,Hotel  / Navi,True,https://digimon.net/appmon_en/detail.php?id=13
13,ジェットモン,en,3,16,Compassmon,Compass / Navi,True,https://digimon.net/appmon_en/detail.php?id=13
13,ジェットモン,zh_hans,1,82,云游兽,旅行 / 导航,True,https://digimon.net/appmon_zh-CHS/detail.php?id=13
13,ジェットモン,zh_hans,2,14,列车兽,乘车查询 / 导航,True,https://digimon.net/appmon_zh-CHS/detail.php?id=13
13,ジェットモン,zh_hans,3,51,竞速兽,竞速游戏 / 游戏,True,https://digimon.net/appmon_zh-CHS/detail.php?id=13
13,ジェットモン,zh_hant,1,82,旅行獸,旅行 / 導航,True,https://digimon.net/appmon_zh-CHT/detail.php?id=13
13,ジェットモン,zh_hant,2,51,賽車獸,競賽 / 遊戲,True,https://digimon.net/appmon_zh-CHT/detail.php?id=13
13,ジェットモン,zh_hant,3,91,傳送獸,傳送 / 系統,True,https://digimon.net/appmon_zh-CHT/detail.php?id=13
14,レッシャモン,ja,1,17,ヤドモン,ホテル / ナビ,True,https://digimon.net/appmon/detail.php?id=14
14,レッシャモン,ja,2,13,ジェットモン,フライト / ナビ,True,https://digimon.net/appmon/detail.php?id=14
14,レッシャモン,ja,3,82,トリップモン,旅行 / ナビ,True,https://digimon.net/appmon/detail.php?id=14
14,レッシャモン,ko,1,82,트립몬,여행 / 내비,True,https://digimon.net/appmon_ko/detail.php?id=14
14,レッシャモン,ko,2,17,호텔몬,호텔 / 내비,True,https://digimon.net/appmon_ko/detail.php?id=14
14,レッシャモン,ko,3,16,컴퍼스몬,나침반 / 내비,True,https://digimon.net/appmon_ko/detail.php?id=14
14,レッシャモン,en,1,17,Yadomon,Hotel  / Navi,True,https://digimon.net/appmon_en/detail.php?id=14
14,レッシャモン,en,2,16,Compassmon,Compass / Navi,True,https://digimon.net/appmon_en/detail.php?id=14
14,レッシャモン,en,3,82,Tripmon,Trip / Navi,True,https://digimon.net/appmon_en/detail.php?id=14
14,レッシャモン,zh_hans,1,16,指南针兽,指南针 / 导航,True,https://digimon.net/appmon_zh-CHS/detail.php?id=14
14,レッシャモン,zh_hans,2,17,旅店兽,订房 / 导航,True,https://digimon.net/appmon_zh-CHS/detail.php?id=14
14,レッシャモン,zh_hans,3,13,喷气兽,航空 / 导航,True,https://digimon.net/appmon_zh-CHS/detail.php?id=14
14,レッシャモン,zh_hant,1,16,指南針獸,指南針 / 導航,True,https://digimon.net/appmon_zh-CHT/detail.php?id=14
14,レッシャモン,zh_hant,2,17,旅館獸,飯店 / 導航,True,https://digimon.net/appmon_zh-CHT/detail.php?id=14
14,レッシャモン,zh_hant,3,13,噴射機獸,航班 / 導航,True,https://digimon.net/appmon_zh-CHT/detail.php?id=14
15,ウェザーモン,ja,1,11,ロケットモン,ロケット / ナビ,True,https://digimon.net/appmon/detail.php?id=15
15,ウェザーモン,ja,2,83,ウェザドラモン,天候 / ナビ,True,https://digimon.net/appmon/detail.php?id=15
15,ウェザーモン,ja,3,18,ニュースモン,ニュース / ナビ,True,https://digimon.net/appmon/detail.php?id=15
15,ウェザーモン,ko,1,11,로켓몬,로켓 / 내비,True,https://digimon.net/appmon_ko/detail.php?id=15
15,ウェザーモン,ko,2,18,뉴스몬,뉴스 / 내비,True,https://digimon.net/appmon_ko/detail.php?id=15
15,ウェザーモン,ko,3,83,웨더드라몬,기후 / 내비,True,https://digimon.net/appmon_ko/detail.php?id=15
15,ウェザーモン,en,1,11,Rocketmon,Rocket / Navi,True,https://digimon.net/appmon_en/detail.php?id=15
15,ウェザーモン,en,2,83,Weatherdramon,Weather  / Navi,True,https://digimon.net/appmon_en/detail.php?id=15
15,ウェザーモン,en,3,18,Newsmon,News / Navi,True,https://digimon.net/appmon_en/detail.php?id=15
15,ウェザーモン,zh_hans,1,83,气象龙兽,天候 / 导航,True,https://digimon.net/appmon_zh-CHS/detail.php?id=15
15,ウェザーモン,zh_hans,2,18,新闻兽,新闻 / 导航,True,https://digimon.net/appmon_zh-CHS/detail.php?id=15
15,ウェザーモン,zh_hans,3,11,火箭兽,火箭 / 导航,True,https://digimon.net/appmon_zh-CHS/detail.php?id=15
15,ウェザーモン,zh_hant,1,18,新聞獸,新聞 / 導航,True,https://digimon.net/appmon_zh-CHT/detail.php?id=15
15,ウェザーモン,zh_hant,2,11,火箭獸,火箭 / 導航,True,https://digimon.net/appmon_zh-CHT/detail.php?id=15
15,ウェザーモン,zh_hant,3,83,氣象龍獸,天候 / 導航,True,https://digimon.net/appmon_zh-CHT/detail.php?id=15
16,コンパスモン,ja,1,14,レッシャモン,乗換 / ナビ,True,https://digimon.net/appmon/detail.php?id=16
16,コンパスモン,ja,2,82,トリップモン,旅行 / ナビ,True,https://digimon.net/appmon/detail.php?id=16
16,コンパスモン,ja,3,13,ジェットモン,フライト / ナビ,True,https://digimon.net/appmon/detail.php?id=16
16,コンパスモン,ko,1,17,호텔몬,호텔 / 내비,True,https://digimon.net/appmon_ko/detail.php?id=16
16,コンパスモン,ko,2,13,제트몬,비행 / 내비,True,https://digimon.net/appmon_ko/detail.php?id=16
16,コンパスモン,ko,3,82,트립몬,여행 / 내비,True,https://digimon.net/appmon_ko/detail.php?id=16
16,コンパスモン,en,1,17,Yadomon,Hotel  / Navi,True,https://digimon.net/appmon_en/detail.php?id=16
16,コンパスモン,en,2,82,Tripmon,Trip / Navi,True,https://digimon.net/appmon_en/detail.php?id=16
16,コンパスモン,en,3,14,Resshamon,Transfer / Navi,True,https://digimon.net/appmon_en/detail.php?id=16
16,コンパスモン,zh_hans,1,13,喷气兽,航空 / 导航,True,https://digimon.net/appmon_zh-CHS/detail.php?id=16
16,コンパスモン,zh_hans,2,17,旅店兽,订房 / 导航,True,https://digimon.net/appmon_zh-CHS/detail.php?id=16
16,コンパスモン,zh_hans,3,82,云游兽,旅行 / 导航,True,https://digimon.net/appmon_zh-CHS/detail.php?id=16
16,コンパスモン,zh_hant,1,17,旅館獸,飯店 / 導航,True,https://digimon.net/appmon_zh-CHT/detail.php?id=16
16,コンパスモン,zh_hant,2,13,噴射機獸,航班 / 導航,True,https://digimon.net/appmon_zh-CHT/detail.php?id=16
16,コンパスモン,zh_hant,3,14,列車獸,轉乘 / 導航,True,https://digimon.net/appmon_zh-CHT/detail.php?id=16
17,ヤドモン,ja,1,13,ジェットモン,フライト / ナビ,True,https://digimon.net/appmon/detail.php?id=17
17,ヤドモン,ja,2,16,コンパスモン,コンパス / ナビ,True,https://digimon.net/appmon/detail.php?id=17
17,ヤドモン,ja,3,8,セットモン,設定 / ソーシャル,True,https://digimon.net/appmon/detail.php?id=17
17,ヤドモン,ko,1,8,세팅몬,설정 / 소셜,True,https://digimon.net/appmon_ko/detail.php?id=17
17,ヤドモン,ko,2,102,드리몬,꿈 / 엔터테인먼트,True,https://digimon.net/appmon_ko/detail.php?id=17
17,ヤドモン,ko,3,65,슬립몬,수면 / 라이프,True,https://digimon.net/appmon_ko/detail.php?id=17
17,ヤドモン,en,1,13,Jetmon,Flight / Navi,True,https://digimon.net/appmon_en/detail.php?id=17
17,ヤドモン,en,2,8,Setmon,Setup  / Social,True,https://digimon.net/appmon_en/detail.php?id=17
17,ヤドモン,en,3,82,Tripmon,Trip / Navi,True,https://digimon.net/appmon_en/detail.php?id=17
17,ヤドモン,zh_hans,1,8,设置兽,设置设定 / 社交,True,https://digimon.net/appmon_zh-CHS/detail.php?id=17
17,ヤドモン,zh_hans,2,13,喷气兽,航空 / 导航,True,https://digimon.net/appmon_zh-CHS/detail.php?id=17
17,ヤドモン,zh_hans,3,65,睡眠兽,睡眠 / 生活,True,https://digimon.net/appmon_zh-CHS/detail.php?id=17
17,ヤドモン,zh_hant,1,13,噴射機獸,航班 / 導航,True,https://digimon.net/appmon_zh-CHT/detail.php?id=17
17,ヤドモン,zh_hant,2,65,睡眠獸,睡眠 / 生活,True,https://digimon.net/appmon_zh-CHT/detail.php?id=17
17,ヤドモン,zh_hant,3,14,列車獸,轉乘 / 導航,True,https://digimon.net/appmon_zh-CHT/detail.php?id=17
18,ニュースモン,ja,1,83,ウェザドラモン,天候 / ナビ,True,https://digimon.net/appmon/detail.php?id=18
18,ニュースモン,ja,2,56,ドーガモン,動画 / エンタメ,True,https://digimon.net/appmon/detail.php?id=18
18,ニュースモン,ja,3,7,レビューモン,口コミ / ソーシャル,True,https://digimon.net/appmon/detail.php?id=18
18,ニュースモン,ko,1,10,속닥몬,비밀 후기 / 소셜,True,https://digimon.net/appmon_ko/detail.php?id=18
18,ニュースモン,ko,2,15,웨더몬,날씨 / 내비,True,https://digimon.net/appmon_ko/detail.php?id=18
18,ニュースモン,ko,3,56,비디몬,영상 / 엔터테인먼트,True,https://digimon.net/appmon_ko/detail.php?id=18
18,ニュースモン,en,1,83,Weatherdramon,Weather  / Navi,True,https://digimon.net/appmon_en/detail.php?id=18
18,ニュースモン,en,2,10,Kosomon,Gossip Review / Social,True,https://digimon.net/appmon_en/detail.php?id=18
18,ニュースモン,en,3,11,Rocketmon,Rocket / Navi,True,https://digimon.net/appmon_en/detail.php?id=18
18,ニュースモン,zh_hans,1,83,气象龙兽,天候 / 导航,True,https://digimon.net/appmon_zh-CHS/detail.php?id=18
18,ニュースモン,zh_hans,2,56,影视兽,视频 / 娱乐,True,https://digimon.net/appmon_zh-CHS/detail.php?id=18
18,ニュースモン,zh_hans,3,11,火箭兽,火箭 / 导航,True,https://digimon.net/appmon_zh-CHS/detail.php?id=18
18,ニュースモン,zh_hant,1,15,天氣獸,天氣 / 導航,True,https://digimon.net/appmon_zh-CHT/detail.php?id=18
18,ニュースモン,zh_hant,2,80,傳聞獸,傳聞 / 社交,True,https://digimon.net/appmon_zh-CHT/detail.php?id=18
18,ニュースモン,zh_hant,3,56,影片獸,影片 / 娛樂,True,https://digimon.net/appmon_zh-CHT/detail.php?id=18
19,チュートモン,ja,1,48,ロープレモン,ロープレ / ゲーム,True,https://digimon.net/appmon/detail.php?id=19
19,チュートモン,ja,2,4,ツブモン,つぶやき / ソーシャル,True,https://digimon.net/appmon/detail.php?id=19
19,チュートモン,ja,3,96,ウラテクモン,攻略 / ゲーム,True,https://digimon.net/appmon/detail.php?id=19
19,チュートモン,ko,1,45,콰광몬,액션 / 게임,True,https://digimon.net/appmon_ko/detail.php?id=19
19,チュートモン,ko,2,4,츠부몬,트윗 / 소셜,True,https://digimon.net/appmon_ko/detail.php?id=19
19,チュートモン,ko,3,48,롤플레잉몬,롤플레잉 / 게임,True,https://digimon.net/appmon_ko/detail.php?id=19
19,チュートモン,en,1,4,Tweetmon,Tweet / Social,True,https://digimon.net/appmon_en/detail.php?id=19
19,チュートモン,en,2,45,Dokamon,Action / Game,True,https://digimon.net/appmon_en/detail.php?id=19
19,チュートモン,en,3,48,Roleplaymon,Role-playing / Game,True,https://digimon.net/appmon_en/detail.php?id=19
19,チュートモン,zh_hans,1,45,多卡兽,全真投射 / 游戏,True,https://digimon.net/appmon_zh-CHS/detail.php?id=19
19,チュートモン,zh_hans,2,4,发文兽,微博客 / 社交,True,https://digimon.net/appmon_zh-CHS/detail.php?id=19
19,チュートモン,zh_hans,3,96,秘技兽,攻略秘籍 / 游戏,True,https://digimon.net/appmon_zh-CHS/detail.php?id=19
19,チュートモン,zh_hant,1,48,角色扮演獸,角色扮演 / 遊戲,True,https://digimon.net/appmon_zh-CHT/detail.php?id=19
19,チュートモン,zh_hant,2,45,多卡獸,動作 / 遊戲,True,https://digimon.net/appmon_zh-CHT/detail.php?id=19
19,チュートモン,zh_hant,3,96,秘技獸,攻略 / 遊戲,True,https://digimon.net/appmon_zh-CHT/detail.php?id=19
20,エムシーモン,ja,1,50,ダンスモン,リズム / ゲーム,True,https://digimon.net/appmon/detail.php?id=20
20,エムシーモン,ja,2,22,レコモン,録音 / ツール,True,https://digimon.net/appmon/detail.php?id=20
20,エムシーモン,ja,3,54,ミュージモン,音楽 / エンタメ,True,https://digimon.net/appmon/detail.php?id=20
20,エムシーモン,ko,1,100,미디어몬,미디어 플레이어 / 엔터테인먼트,True,https://digimon.net/appmon_ko/detail.php?id=20
20,エムシーモン,ko,2,50,댄스몬,리듬 / 게임,True,https://digimon.net/appmon_ko/detail.php?id=20
20,エムシーモン,ko,3,22,레코몬,녹음 / 툴,True,https://digimon.net/appmon_ko/detail.php?id=20
20,エムシーモン,en,1,50,Dancemon,Rhythm / Game,True,https://digimon.net/appmon_en/detail.php?id=20
20,エムシーモン,en,2,100,Mediamon,Media Player / Entertainment,True,https://digimon.net/appmon_en/detail.php?id=20
20,エムシーモン,en,3,54,Musimon,Music / Entertainment,True,https://digimon.net/appmon_en/detail.php?id=20
20,エムシーモン,zh_hans,1,22,录音兽,录音 / 工具,True,https://digimon.net/appmon_zh-CHS/detail.php?id=20
20,エムシーモン,zh_hans,2,50,舞蹈兽,音乐游戏 / 游戏,True,https://digimon.net/appmon_zh-CHS/detail.php?id=20
20,エムシーモン,zh_hans,3,100,媒体兽,影音播放器 / 娱乐,True,https://digimon.net/appmon_zh-CHS/detail.php?id=20
20,エムシーモン,zh_hant,1,22,錄音獸,錄音 / 工具,True,https://digimon.net/appmon_zh-CHT/detail.php?id=20
20,エムシーモン,zh_hant,2,100,媒體獸,播放媒體 / 娛樂,True,https://digimon.net/appmon_zh-CHT/detail.php?id=20
20,エムシーモン,zh_hant,3,54,音樂獸,音樂 / 娛樂,True,https://digimon.net/appmon_zh-CHT/detail.php?id=20
21,キャメラモン,ja,1,11,ロケットモン,ロケット / ナビ,True,https://digimon.net/appmon/detail.php?id=21
21,キャメラモン,ja,2,86,スコープモン,監視 / ツール,True,https://digimon.net/appmon/detail.php?id=21
21,キャメラモン,ja,3,110,サテラモン,GPS / ナビ,True,https://digimon.net/appmon/detail.php?id=21
21,キャメラモン,ko,1,110,새틀라몬,GPS / 내비,True,https://digimon.net/appmon_ko/detail.php?id=21
21,キャメラモン,ko,2,86,스코프몬,감시 / 툴,True,https://digimon.net/appmon_ko/detail.php?id=21
21,キャメラモン,ko,3,11,로켓몬,로켓 / 내비,True,https://digimon.net/appmon_ko/detail.php?id=21
21,キャメラモン,en,1,46,Shotmon,Shooting / Game,True,https://digimon.net/appmon_en/detail.php?id=21
21,キャメラモン,en,2,110,Satellamon,GPS / Navi,True,https://digimon.net/appmon_en/detail.php?id=21
21,キャメラモン,en,3,11,Rocketmon,Rocket / Navi,True,https://digimon.net/appmon_en/detail.php?id=21
21,キャメラモン,zh_hans,1,11,火箭兽,火箭 / 导航,True,https://digimon.net/appmon_zh-CHS/detail.php?id=21
21,キャメラモン,zh_hans,2,110,卫星兽,GPS / 导航,True,https://digimon.net/appmon_zh-CHS/detail.php?id=21
21,キャメラモン,zh_hans,3,86,天眼兽,监视 / 工具,True,https://digimon.net/appmon_zh-CHS/detail.php?id=21
21,キャメラモン,zh_hant,1,46,射擊獸,射擊 / 遊戲,True,https://digimon.net/appmon_zh-CHT/detail.php?id=21
21,キャメラモン,zh_hant,2,86,瞄準鏡獸,監視 / 工具,True,https://digimon.net/appmon_zh-CHT/detail.php?id=21
21,キャメラモン,zh_hant,3,11,火箭獸,火箭 / 導航,True,https://digimon.net/appmon_zh-CHT/detail.php?id=21
22,レコモン,ja,1,100,メディアモン,メディアプレーヤー / エンタメ,True,https://digimon.net/appmon/detail.php?id=22
22,レコモン,ja,2,50,ダンスモン,リズム / ゲーム,True,https://digimon.net/appmon/detail.php?id=22
22,レコモン,ja,3,54,ミュージモン,音楽 / エンタメ,True,https://digimon.net/appmon/detail.php?id=22
22,レコモン,ko,1,50,댄스몬,리듬 / 게임,True,https://digimon.net/appmon_ko/detail.php?id=22
22,レコモン,ko,2,54,뮤지몬,음악 / 엔터테인먼트,True,https://digimon.net/appmon_ko/detail.php?id=22
22,レコモン,ko,3,100,미디어몬,미디어 플레이어 / 엔터테인먼트,True,https://digimon.net/appmon_ko/detail.php?id=22
22,レコモン,en,1,50,Dancemon,Rhythm / Game,True,https://digimon.net/appmon_en/detail.php?id=22
22,レコモン,en,2,20,Mcmon,Broadcasting  / Navi,True,https://digimon.net/appmon_en/detail.php?id=22
22,レコモン,en,3,100,Mediamon,Media Player / Entertainment,True,https://digimon.net/appmon_en/detail.php?id=22
22,レコモン,zh_hans,1,50,舞蹈兽,音乐游戏 / 游戏,True,https://digimon.net/appmon_zh-CHS/detail.php?id=22
22,レコモン,zh_hans,2,100,媒体兽,影音播放器 / 娱乐,True,https://digimon.net/appmon_zh-CHS/detail.php?id=22
22,レコモン,zh_hans,3,54,音乐兽,音乐 / 娱乐,True,https://digimon.net/appmon_zh-CHS/detail.php?id=22
22,レコモン,zh_hant,1,54,音樂獸,音樂 / 娛樂,True,https://digimon.net/appmon_zh-CHT/detail.php?id=22
22,レコモン,zh_hant,2,50,舞蹈獸,節奏 / 遊戲,True,https://digimon.net/appmon_zh-CHT/detail.php?id=22
22,レコモン,zh_hant,3,100,媒體獸,播放媒體 / 娛樂,True,https://digimon.net/appmon_zh-CHT/detail.php?id=22
23,カリキュモン,ja,1,34,バッテリモン,バッテリー / システム,True,https://digimon.net/appmon/detail.php?id=23
23,カリキュモン,ja,2,94,ブレモン,脳トレ / ゲーム,True,https://digimon.net/appmon/detail.php?id=23
23,カリキュモン,ja,3,92,サクシモン,シミュレーション / ゲーム,True,https://digimon.net/appmon/detail.php?id=23
23,カリキュモン,ko,1,47,카드몬,카드 / 게임,True,https://digimon.net/appmon_ko/detail.php?id=23
23,カリキュモン,ko,2,66,머슬몬,근육 트레이닝 / 라이프,True,https://digimon.net/appmon_ko/detail.php?id=23
23,カリキュモン,ko,3,49,퍼즐몬,퍼즐 / 게임,True,https://digimon.net/appmon_ko/detail.php?id=23
23,カリキュモン,en,1,34,Batterimon,Battery  / System,True,https://digimon.net/appmon_en/detail.php?id=23
23,カリキュモン,en,2,66,Musclemon,Muscle Training / Life,True,https://digimon.net/appmon_en/detail.php?id=23
23,カリキュモン,en,3,49,Puzzlemon,Puzzle / Game,True,https://digimon.net/appmon_en/detail.php?id=23
23,カリキュモン,zh_hans,1,49,智谜兽,益智类游戏 / 游戏,True,https://digimon.net/appmon_zh-CHS/detail.php?id=23
23,カリキュモン,zh_hans,2,94,健脑兽,脑锻炼游戏 / 游戏,True,https://digimon.net/appmon_zh-CHS/detail.php?id=23
23,カリキュモン,zh_hans,3,47,卡片兽,卡牌游戏 / 游戏,True,https://digimon.net/appmon_zh-CHS/detail.php?id=23
23,カリキュモン,zh_hant,1,94,大腦獸,腦力激盪 / 遊戲,True,https://digimon.net/appmon_zh-CHT/detail.php?id=23
23,カリキュモン,zh_hant,2,92,策士獸,模擬 / 遊戲,True,https://digimon.net/appmon_zh-CHT/detail.php?id=23
23,カリキュモン,zh_hant,3,34,電池獸,電池 / 系統,True,https://digimon.net/appmon_zh-CHT/detail.php?id=23
24,ゴミモン,ja,1,40,エコモン,省エネ / システム,True,https://digimon.net/appmon/detail.php?id=24
24,ゴミモン,ja,2,87,クラフトモン,設計 / ツール,True,https://digimon.net/appmon/detail.php?id=24
24,ゴミモン,ja,3,39,カベモン,壁紙 / システム,True,https://digimon.net/appmon/detail.php?id=24
24,ゴミモン,ko,1,40,에코몬,에너지 절약 / 시스템,True,https://digimon.net/appmon_ko/detail.php?id=24
24,ゴミモン,ko,2,87,크래프트몬,설계 / 툴,True,https://digimon.net/appmon_ko/detail.php?id=24
24,ゴミモン,ko,3,49,퍼즐몬,퍼즐 / 게임,True,https://digimon.net/appmon_ko/detail.php?id=24
24,ゴミモン,en,1,87,Craftmon,Design / Tool,True,https://digimon.net/appmon_en/detail.php?id=24
24,ゴミモン,en,2,49,Puzzlemon,Puzzle / Game,True,https://digimon.net/appmon_en/detail.php?id=24
24,ゴミモン,en,3,39,Kabemon,Wallpaper / System,True,https://digimon.net/appmon_en/detail.php?id=24
24,ゴミモン,zh_hans,1,49,智谜兽,益智类游戏 / 游戏,True,https://digimon.net/appmon_zh-CHS/detail.php?id=24
24,ゴミモン,zh_hans,2,87,天工兽,设计 / 工具,True,https://digimon.net/appmon_zh-CHS/detail.php?id=24
24,ゴミモン,zh_hans,3,39,壁纸兽,壁纸 / 系统,True,https://digimon.net/appmon_zh-CHS/detail.php?id=24
24,ゴミモン,zh_hant,1,87,工藝獸,設計 / 工具,True,https://digimon.net/appmon_zh-CHT/detail.php?id=24
24,ゴミモン,zh_hant,2,39,桌布獸,桌布 / 系統,True,https://digimon.net/appmon_zh-CHT/detail.php?id=24
24,ゴミモン,zh_hant,3,40,節能獸,節能 / 系統,True,https://digimon.net/appmon_zh-CHT/detail.php?id=24
25,ミラーモン,ja,1,90,ミエーヌモン,ステルス / システム,True,https://digimon.net/appmon/detail.php?id=25
25,ミラーモン,ja,2,72,オクショモン,オークション / ライフ,True,https://digimon.net/appmon/detail.php?id=25
25,ミラーモン,ja,3,39,カベモン,壁紙 / システム,True,https://digimon.net/appmon/detail.php?id=25
25,ミラーモン,ko,1,37,카피페몬,복사&붙여넣기 / 시스템,True,https://digimon.net/appmon_ko/detail.php?id=25
25,ミラーモン,ko,2,72,옥셔몬,경매 / 라이프,True,https://digimon.net/appmon_ko/detail.php?id=25
25,ミラーモン,ko,3,39,월몬,배경 화면 / 시스템,True,https://digimon.net/appmon_ko/detail.php?id=25
25,ミラーモン,en,1,99,Coordemon,Coordinate / Entertainment,True,https://digimon.net/appmon_en/detail.php?id=25
25,ミラーモン,en,2,37,Copipemon,Copy & Paste / System,True,https://digimon.net/appmon_en/detail.php?id=25
25,ミラーモン,en,3,74,Kaimon,Shopping / Life,True,https://digimon.net/appmon_en/detail.php?id=25
25,ミラーモン,zh_hans,1,57,洋装兽,时尚 / 娱乐,True,https://digimon.net/appmon_zh-CHS/detail.php?id=25
25,ミラーモン,zh_hans,2,39,壁纸兽,壁纸 / 系统,True,https://digimon.net/appmon_zh-CHS/detail.php?id=25
25,ミラーモン,zh_hans,3,72,拍卖兽,拍卖 / 生活,True,https://digimon.net/appmon_zh-CHS/detail.php?id=25
25,ミラーモン,zh_hant,1,52,繪圖獸,繪圖 / 娛樂,True,https://digimon.net/appmon_zh-CHT/detail.php?id=25
25,ミラーモン,zh_hant,2,37,複製貼上獸,複製貼上 / 系統,True,https://digimon.net/appmon_zh-CHT/detail.php?id=25
25,ミラーモン,zh_hant,3,74,購物獸,購物 / 生活,True,https://digimon.net/appmon_zh-CHT/detail.php?id=25
26,ライトモン,ja,1,97,エフェクモン,エフェクト / エンタメ,True,https://digimon.net/appmon/detail.php?id=26
26,ライトモン,ja,2,56,ドーガモン,動画 / エンタメ,True,https://digimon.net/appmon/detail.php?id=26
26,ライトモン,ja,3,52,ドローモン,ペイント / エンタメ,True,https://digimon.net/appmon/detail.php?id=26
26,ライトモン,ko,1,97,이펙몬,이펙트 / 엔터테인먼트,True,https://digimon.net/appmon_ko/detail.php?id=26
26,ライトモン,ko,2,56,비디몬,영상 / 엔터테인먼트,True,https://digimon.net/appmon_ko/detail.php?id=26
26,ライトモン,ko,3,52,드로몬,페인트 / 엔터테인먼트,True,https://digimon.net/appmon_ko/detail.php?id=26
26,ライトモン,en,1,56,Dogamon,Video / Entertainment,True,https://digimon.net/appmon_en/detail.php?id=26
26,ライトモン,en,2,52,Drawmon,Paint / Entertainment,True,https://digimon.net/appmon_en/detail.php?id=26
26,ライトモン,en,3,97,Effecmon,Effect / Entertainment,True,https://digimon.net/appmon_en/detail.php?id=26
26,ライトモン,zh_hans,1,97,特效兽,特效 / 娱乐,True,https://digimon.net/appmon_zh-CHS/detail.php?id=26
26,ライトモン,zh_hans,2,56,影视兽,视频 / 娱乐,True,https://digimon.net/appmon_zh-CHS/detail.php?id=26
26,ライトモン,zh_hans,3,52,颜料兽,绘画 / 娱乐,True,https://digimon.net/appmon_zh-CHS/detail.php?id=26
26,ライトモン,zh_hant,1,52,繪圖獸,繪圖 / 娛樂,True,https://digimon.net/appmon_zh-CHT/detail.php?id=26
26,ライトモン,zh_hant,2,97,效果獸,效果 / 娛樂,True,https://digimon.net/appmon_zh-CHT/detail.php?id=26
26,ライトモン,zh_hant,3,56,影片獸,影片 / 娛樂,True,https://digimon.net/appmon_zh-CHT/detail.php?id=26
27,ウォッチモン,ja,1,29,カレンダモン,カレンダー / ツール,True,https://digimon.net/appmon/detail.php?id=27
27,ウォッチモン,ja,2,84,タイムモン,タイムスリップ / ツール,True,https://digimon.net/appmon/detail.php?id=27
27,ウォッチモン,ja,3,38,セーブモン,バックアップ / システム,True,https://digimon.net/appmon/detail.php?id=27
27,ウォッチモン,ko,1,84,타임몬,타임 슬립 / 툴,True,https://digimon.net/appmon_ko/detail.php?id=27
27,ウォッチモン,ko,2,38,세이브몬,백업 / 시스템,True,https://digimon.net/appmon_ko/detail.php?id=27
27,ウォッチモン,ko,3,29,캘린더몬,캘린더 / 툴,True,https://digimon.net/appmon_ko/detail.php?id=27
27,ウォッチモン,en,1,38,Savemon,Backup / System,True,https://digimon.net/appmon_en/detail.php?id=27
27,ウォッチモン,en,2,84,Timemon,Time Slip / Tool,True,https://digimon.net/appmon_en/detail.php?id=27
27,ウォッチモン,en,3,29,Calendamon,Calendar / Tool,True,https://digimon.net/appmon_en/detail.php?id=27
27,ウォッチモン,zh_hans,1,29,日历兽,日历 / 工具,True,https://digimon.net/appmon_zh-CHS/detail.php?id=27
27,ウォッチモン,zh_hans,2,38,储存兽,数据备份 / 系统,True,https://digimon.net/appmon_zh-CHS/detail.php?id=27
27,ウォッチモン,zh_hans,3,84,时间兽,时间跳跃 / 工具,True,https://digimon.net/appmon_zh-CHS/detail.php?id=27
27,ウォッチモン,zh_hant,1,38,存檔獸,備份 / 系統,True,https://digimon.net/appmon_zh-CHT/detail.php?id=27
27,ウォッチモン,zh_hant,2,29,日曆獸,日曆 / 工具,True,https://digimon.net/appmon_zh-CHT/detail.php?id=27
27,ウォッチモン,zh_hant,3,84,時間獸,時光機 / 工具,True,https://digimon.net/appmon_zh-CHT/detail.php?id=27
28,ダイアリモン,ja,1,63,クックモン,お料理 / エンタメ,True,https://digimon.net/appmon/detail.php?id=28
28,ダイアリモン,ja,2,29,カレンダモン,カレンダー / ツール,True,https://digimon.net/appmon/detail.php?id=28
28,ダイアリモン,ja,3,95,コーチモン,育成 / ゲーム,True,https://digimon.net/appmon/detail.php?id=28
28,ダイアリモン,ko,1,95,코치몬,육성 / 게임,True,https://digimon.net/appmon_ko/detail.php?id=28
28,ダイアリモン,ko,2,63,쿡몬,요리 / 엔터테인먼트,True,https://digimon.net/appmon_ko/detail.php?id=28
28,ダイアリモン,ko,3,29,캘린더몬,캘린더 / 툴,True,https://digimon.net/appmon_ko/detail.php?id=28
28,ダイアリモン,en,1,63,Cookmon,Cook  / Entertainment,True,https://digimon.net/appmon_en/detail.php?id=28
28,ダイアリモン,en,2,95,Coachmon,Training / Game,True,https://digimon.net/appmon_en/detail.php?id=28
28,ダイアリモン,en,3,29,Calendamon,Calendar / Tool,True,https://digimon.net/appmon_en/detail.php?id=28
28,ダイアリモン,zh_hans,1,95,教练兽,养成类游戏 / 游戏,True,https://digimon.net/appmon_zh-CHS/detail.php?id=28
28,ダイアリモン,zh_hans,2,63,烹饪兽,食谱 / 娱乐,True,https://digimon.net/appmon_zh-CHS/detail.php?id=28
28,ダイアリモン,zh_hans,3,29,日历兽,日历 / 工具,True,https://digimon.net/appmon_zh-CHS/detail.php?id=28
28,ダイアリモン,zh_hant,1,95,教練獸,訓練 / 遊戲,True,https://digimon.net/appmon_zh-CHT/detail.php?id=28
28,ダイアリモン,zh_hant,2,63,廚師獸,烹飪 / 娛樂,True,https://digimon.net/appmon_zh-CHT/detail.php?id=28
28,ダイアリモン,zh_hant,3,29,日曆獸,日曆 / 工具,True,https://digimon.net/appmon_zh-CHT/detail.php?id=28
29,カレンダモン,ja,1,84,タイムモン,タイムスリップ / ツール,True,https://digimon.net/appmon/detail.php?id=29
29,カレンダモン,ja,2,38,セーブモン,バックアップ / システム,True,https://digimon.net/appmon/detail.php?id=29
29,カレンダモン,ja,3,95,コーチモン,育成 / ゲーム,True,https://digimon.net/appmon/detail.php?id=29
29,カレンダモン,ko,1,84,타임몬,타임 슬립 / 툴,True,https://digimon.net/appmon_ko/detail.php?id=29
29,カレンダモン,ko,2,38,세이브몬,백업 / 시스템,True,https://digimon.net/appmon_ko/detail.php?id=29
29,カレンダモン,ko,3,28,다이어리몬,일기장 / 툴,True,https://digimon.net/appmon_ko/detail.php?id=29
29,カレンダモン,en,1,27,Watchmon,Watch / Tool,True,https://digimon.net/appmon_en/detail.php?id=29
29,カレンダモン,en,2,84,Timemon,Time Slip / Tool,True,https://digimon.net/appmon_en/detail.php?id=29
29,カレンダモン,en,3,95,Coachmon,Training / Game,True,https://digimon.net/appmon_en/detail.php?id=29
29,カレンダモン,zh_hans,1,27,手表兽,时钟 / 工具,True,https://digimon.net/appmon_zh-CHS/detail.php?id=29
29,カレンダモン,zh_hans,2,63,烹饪兽,食谱 / 娱乐,True,https://digimon.net/appmon_zh-CHS/detail.php?id=29
29,カレンダモン,zh_hans,3,95,教练兽,养成类游戏 / 游戏,True,https://digimon.net/appmon_zh-CHS/detail.php?id=29
29,カレンダモン,zh_hant,1,63,廚師獸,烹飪 / 娛樂,True,https://digimon.net/appmon_zh-CHT/detail.php?id=29
29,カレンダモン,zh_hant,2,27,手錶獸,時鐘 / 工具,True,https://digimon.net/appmon_zh-CHT/detail.php?id=29
29,カレンダモン,zh_hant,3,28,日記獸,日記本 / 工具,True,https://digimon.net/appmon_zh-CHT/detail.php?id=29
30,オンパモン,ja,1,85,ロアモン,ボイスチェンジ / ツール,True,https://digimon.net/appmon/detail.php?id=30
30,オンパモン,ja,2,31,ジャミングモン,ジャミング / ツール,True,https://digimon.net/appmon/detail.php?id=30
30,オンパモン,ja,3,42,デンパモン,通信 / システム,True,https://digimon.net/appmon/detail.php?id=30
30,オンパモン,ko,1,5,언어몬,번역 / 소셜,True,https://digimon.net/appmon_ko/detail.php?id=30
30,オンパモン,ko,2,31,재밍몬,재밍 / 툴,True,https://digimon.net/appmon_ko/detail.php?id=30
30,オンパモン,ko,3,85,로어몬,음성 변조 / 툴,True,https://digimon.net/appmon_ko/detail.php?id=30
30,オンパモン,en,1,31,Jammingmon,Jamming / Tool,True,https://digimon.net/appmon_en/detail.php?id=30
30,オンパモン,en,2,85,Roamon,Voice Change / Tool,True,https://digimon.net/appmon_en/detail.php?id=30
30,オンパモン,en,3,42,Denpamon,Communication / System,True,https://digimon.net/appmon_en/detail.php?id=30
30,オンパモン,zh_hans,1,5,语言兽,翻译 / 社交,True,https://digimon.net/appmon_zh-CHS/detail.php?id=30
30,オンパモン,zh_hans,2,85,罗亚兽,变声 / 工具,True,https://digimon.net/appmon_zh-CHS/detail.php?id=30
30,オンパモン,zh_hans,3,42,电波兽,通信 / 系统,True,https://digimon.net/appmon_zh-CHS/detail.php?id=30
30,オンパモン,zh_hant,1,5,語言獸,翻譯 / 社交,True,https://digimon.net/appmon_zh-CHT/detail.php?id=30
30,オンパモン,zh_hant,2,31,干擾獸,干擾 / 工具,True,https://digimon.net/appmon_zh-CHT/detail.php?id=30
30,オンパモン,zh_hant,3,42,電波獸,通訊 / 系統,True,https://digimon.net/appmon_zh-CHT/detail.php?id=30
31,ジャミングモン,ja,1,5,ゲンゴーモン,翻訳 / ソーシャル,True,https://digimon.net/appmon/detail.php?id=31
31,ジャミングモン,ja,2,42,デンパモン,通信 / システム,True,https://digimon.net/appmon/detail.php?id=31
31,ジャミングモン,ja,3,30,オンパモン,超音波 / ツール,True,https://digimon.net/appmon/detail.php?id=31
31,ジャミングモン,ko,1,42,시그널몬,통신 / 시스템,True,https://digimon.net/appmon_ko/detail.php?id=31
31,ジャミングモン,ko,2,30,음파몬,초음파 / 툴,True,https://digimon.net/appmon_ko/detail.php?id=31
31,ジャミングモン,ko,3,85,로어몬,음성 변조 / 툴,True,https://digimon.net/appmon_ko/detail.php?id=31
31,ジャミングモン,en,1,42,Denpamon,Communication / System,True,https://digimon.net/appmon_en/detail.php?id=31
31,ジャミングモン,en,2,30,Onpamon,Ultrasound / Tool,True,https://digimon.net/appmon_en/detail.php?id=31
31,ジャミングモン,en,3,85,Roamon,Voice Change / Tool,True,https://digimon.net/appmon_en/detail.php?id=31
31,ジャミングモン,zh_hans,1,85,罗亚兽,变声 / 工具,True,https://digimon.net/appmon_zh-CHS/detail.php?id=31
31,ジャミングモン,zh_hans,2,42,电波兽,通信 / 系统,True,https://digimon.net/appmon_zh-CHS/detail.php?id=31
31,ジャミングモン,zh_hans,3,30,声波兽,超声波 / 工具,True,https://digimon.net/appmon_zh-CHS/detail.php?id=31
31,ジャミングモン,zh_hant,1,42,電波獸,通訊 / 系統,True,https://digimon.net/appmon_zh-CHT/detail.php?id=31
31,ジャミングモン,zh_hant,2,30,音波獸,超音波 / 工具,True,https://digimon.net/appmon_zh-CHT/detail.php?id=31
31,ジャミングモン,zh_hant,3,5,語言獸,翻譯 / 社交,True,https://digimon.net/appmon_zh-CHT/detail.php?id=31
32,プロテクモン,ja,1,41,ピーポモン,注意報 / システム,True,https://digimon.net/appmon/detail.php?id=32
32,プロテクモン,ja,2,33,ハックモン,ハッキング / システム,True,https://digimon.net/appmon/detail.php?id=32
32,プロテクモン,ja,3,88,レイドラモン,超ハッキング / システム,True,https://digimon.net/appmon/detail.php?id=32
32,プロテクモン,ko,1,33,핵몬,해킹 / 시스템,True,https://digimon.net/appmon_ko/detail.php?id=32
32,プロテクモン,ko,2,41,삐뽀몬,경보 / 시스템,True,https://digimon.net/appmon_ko/detail.php?id=32
32,プロテクモン,ko,3,88,레이드라몬,슈퍼 해킹 / 시스템,True,https://digimon.net/appmon_ko/detail.php?id=32
32,プロテクモン,en,1,41,Pipomon,Warning / System,True,https://digimon.net/appmon_en/detail.php?id=32
32,プロテクモン,en,2,33,Hackmon,Hacking / System,True,https://digimon.net/appmon_en/detail.php?id=32
32,プロテクモン,en,3,88,Raidramon,Super Hacking / System,True,https://digimon.net/appmon_en/detail.php?id=32
32,プロテクモン,zh_hans,1,33,黑客兽,破解入侵 / 系统,True,https://digimon.net/appmon_zh-CHS/detail.php?id=32
32,プロテクモン,zh_hans,2,88,掠龙兽,超级入侵 / 系统,True,https://digimon.net/appmon_zh-CHS/detail.php?id=32
32,プロテクモン,zh_hans,3,41,警笛兽,警报 / 系统,True,https://digimon.net/appmon_zh-CHS/detail.php?id=32
32,プロテクモン,zh_hant,1,33,駭客獸,入侵 / 系統,True,https://digimon.net/appmon_zh-CHT/detail.php?id=32
32,プロテクモン,zh_hant,2,88,掠龍獸,超級入侵 / 系統,True,https://digimon.net/appmon_zh-CHT/detail.php?id=32
32,プロテクモン,zh_hant,3,41,警報獸,警報 / 系統,True,https://digimon.net/appmon_zh-CHT/detail.php?id=32
33,ハックモン,ja,1,44,オフモン,オフライン / ゲーム,True,https://digimon.net/appmon/detail.php?id=33
33,ハックモン,ja,2,32,プロテクモン,セキュリティ / システム,True,https://digimon.net/appmon/detail.php?id=33
33,ハックモン,ja,3,115,リバイブモン,復元 / システム,True,https://digimon.net/appmon/detail.php?id=33
33,ハックモン,ko,1,123,하데스몬,변화 / 하나님,True,https://digimon.net/appmon_ko/detail.php?id=33
33,ハックモン,ko,2,77,로간몬,로그아웃 / 소셜,True,https://digimon.net/appmon_ko/detail.php?id=33
33,ハックモン,ko,3,88,레이드라몬,슈퍼 해킹 / 시스템,True,https://digimon.net/appmon_ko/detail.php?id=33
33,ハックモン,en,1,77,Logamon,Logoff / Social,True,https://digimon.net/appmon_en/detail.php?id=33
33,ハックモン,en,2,44,Offmon,Offline / Game,True,https://digimon.net/appmon_en/detail.php?id=33
33,ハックモン,en,3,32,Protecmon,Security / System,True,https://digimon.net/appmon_en/detail.php?id=33
33,ハックモン,zh_hans,1,41,警笛兽,警报 / 系统,True,https://digimon.net/appmon_zh-CHS/detail.php?id=33
33,ハックモン,zh_hans,2,115,复活兽,系统恢复 / 系统,True,https://digimon.net/appmon_zh-CHS/detail.php?id=33
33,ハックモン,zh_hans,3,88,掠龙兽,超级入侵 / 系统,True,https://digimon.net/appmon_zh-CHS/detail.php?id=33
33,ハックモン,zh_hant,1,32,防護獸,安全 / 系統,True,https://digimon.net/appmon_zh-CHT/detail.php?id=33
33,ハックモン,zh_hant,2,123,黑帝斯獸,變化 / 神,True,https://digimon.net/appmon_zh-CHT/detail.php?id=33
33,ハックモン,zh_hant,3,88,掠龍獸,超級入侵 / 系統,True,https://digimon.net/appmon_zh-CHT/detail.php?id=33
34,バッテリモン,ja,1,23,カリキュモン,電卓 / ツール,True,https://digimon.net/appmon/detail.php?id=34
34,バッテリモン,ja,2,47,カードモン,カード / ゲーム,True,https://digimon.net/appmon/detail.php?id=34
34,バッテリモン,ja,3,92,サクシモン,シミュレーション / ゲーム,True,https://digimon.net/appmon/detail.php?id=34
34,バッテリモン,ko,1,23,칼큐몬,전자계산기 / 툴,True,https://digimon.net/appmon_ko/detail.php?id=34
34,バッテリモン,ko,2,47,카드몬,카드 / 게임,True,https://digimon.net/appmon_ko/detail.php?id=34
34,バッテリモン,ko,3,92,책사몬,시뮬레이션 / 게임,True,https://digimon.net/appmon_ko/detail.php?id=34
34,バッテリモン,en,1,92,Sakusimon,Simulation  / Game,True,https://digimon.net/appmon_en/detail.php?id=34
34,バッテリモン,en,2,47,Cardmon,Card / Game,True,https://digimon.net/appmon_en/detail.php?id=34
34,バッテリモン,en,3,23,Calcumon,Calculator  / Tool,True,https://digimon.net/appmon_en/detail.php?id=34
34,バッテリモン,zh_hans,1,47,卡片兽,卡牌游戏 / 游戏,True,https://digimon.net/appmon_zh-CHS/detail.php?id=34
34,バッテリモン,zh_hans,2,92,策士兽,策略类游戏 / 游戏,True,https://digimon.net/appmon_zh-CHS/detail.php?id=34
34,バッテリモン,zh_hans,3,23,计算兽,计算器 / 工具,True,https://digimon.net/appmon_zh-CHS/detail.php?id=34
34,バッテリモン,zh_hant,1,23,計算獸,計算機 / 工具,True,https://digimon.net/appmon_zh-CHT/detail.php?id=34
34,バッテリモン,zh_hant,2,92,策士獸,模擬 / 遊戲,True,https://digimon.net/appmon_zh-CHT/detail.php?id=34
34,バッテリモン,zh_hant,3,47,卡牌獸,卡牌 / 遊戲,True,https://digimon.net/appmon_zh-CHT/detail.php?id=34
35,ペコモン,ja,1,73,カケイモン,家計簿 / ライフ,True,https://digimon.net/appmon/detail.php?id=35
35,ペコモン,ja,2,89,デジップモン,圧縮解凍 / システム,True,https://digimon.net/appmon/detail.php?id=35
35,ペコモン,ja,3,36,ポコモン,解凍 / システム,True,https://digimon.net/appmon/detail.php?id=35
35,ペコモン,ko,1,68,머니몬,전자화폐 / 라이프,True,https://digimon.net/appmon_ko/detail.php?id=35
35,ペコモン,ko,2,38,세이브몬,백업 / 시스템,True,https://digimon.net/appmon_ko/detail.php?id=35
35,ペコモン,ko,3,89,데집몬,압축 해동 / 시스템,True,https://digimon.net/appmon_ko/detail.php?id=35
35,ペコモン,en,1,68,Moneymon,eMoney / Life,True,https://digimon.net/appmon_en/detail.php?id=35
35,ペコモン,en,2,73,Kakeimon,Account Book  / Life,True,https://digimon.net/appmon_en/detail.php?id=35
35,ペコモン,en,3,89,Dezipmon,Zip/Unzip / System,True,https://digimon.net/appmon_en/detail.php?id=35
35,ペコモン,zh_hans,1,38,储存兽,数据备份 / 系统,True,https://digimon.net/appmon_zh-CHS/detail.php?id=35
35,ペコモン,zh_hans,2,89,整合兽,压缩与解压缩 / 系统,True,https://digimon.net/appmon_zh-CHS/detail.php?id=35
35,ペコモン,zh_hans,3,73,家计兽,家庭账簿 / 生活,True,https://digimon.net/appmon_zh-CHS/detail.php?id=35
35,ペコモン,zh_hant,1,38,存檔獸,備份 / 系統,True,https://digimon.net/appmon_zh-CHT/detail.php?id=35
35,ペコモン,zh_hant,2,40,節能獸,節能 / 系統,True,https://digimon.net/appmon_zh-CHT/detail.php?id=35
35,ペコモン,zh_hant,3,68,提款機獸,電子貨幣 / 生活,True,https://digimon.net/appmon_zh-CHT/detail.php?id=35
36,ポコモン,ja,1,38,セーブモン,バックアップ / システム,True,https://digimon.net/appmon/detail.php?id=36
36,ポコモン,ja,2,35,ペコモン,圧縮 / システム,True,https://digimon.net/appmon/detail.php?id=36
36,ポコモン,ja,3,89,デジップモン,圧縮解凍 / システム,True,https://digimon.net/appmon/detail.php?id=36
36,ポコモン,ko,1,38,세이브몬,백업 / 시스템,True,https://digimon.net/appmon_ko/detail.php?id=36
36,ポコモン,ko,2,35,페코몬,압축 / 시스템,True,https://digimon.net/appmon_ko/detail.php?id=36
36,ポコモン,ko,3,89,데집몬,압축 해동 / 시스템,True,https://digimon.net/appmon_ko/detail.php?id=36
36,ポコモン,en,1,35,Pekomon,Compression / System,True,https://digimon.net/appmon_en/detail.php?id=36
36,ポコモン,en,2,89,Dezipmon,Zip/Unzip / System,True,https://digimon.net/appmon_en/detail.php?id=36
36,ポコモン,en,3,38,Savemon,Backup / System,True,https://digimon.net/appmon_en/detail.php?id=36
36,ポコモン,zh_hans,1,38,储存兽,数据备份 / 系统,True,https://digimon.net/appmon_zh-CHS/detail.php?id=36
36,ポコモン,zh_hans,2,35,扁扁兽,压缩 / 系统,True,https://digimon.net/appmon_zh-CHS/detail.php?id=36
36,ポコモン,zh_hans,3,89,整合兽,压缩与解压缩 / 系统,True,https://digimon.net/appmon_zh-CHS/detail.php?id=36
36,ポコモン,zh_hant,1,38,存檔獸,備份 / 系統,True,https://digimon.net/appmon_zh-CHT/detail.php?id=36
36,ポコモン,zh_hant,2,89,解壓縮獸,壓縮和解壓縮 / 系統,True,https://digimon.net/appmon_zh-CHT/detail.php?id=36
36,ポコモン,zh_hant,3,35,壓縮獸,壓縮 / 系統,True,https://digimon.net/appmon_zh-CHT/detail.php?id=36
37,コピペモン,ja,1,90,ミエーヌモン,ステルス / システム,True,https://digimon.net/appmon/detail.php?id=37
37,コピペモン,ja,2,52,ドローモン,ペイント / エンタメ,True,https://digimon.net/appmon/detail.php?id=37
37,コピペモン,ja,3,39,カベモン,壁紙 / システム,True,https://digimon.net/appmon/detail.php?id=37
37,コピペモン,ko,1,52,드로몬,페인트 / 엔터테인먼트,True,https://digimon.net/appmon_ko/detail.php?id=37
37,コピペモン,ko,2,39,월몬,배경 화면 / 시스템,True,https://digimon.net/appmon_ko/detail.php?id=37
37,コピペモン,ko,3,25,미러몬,거울 / 툴,True,https://digimon.net/appmon_ko/detail.php?id=37
37,コピペモン,en,1,52,Drawmon,Paint / Entertainment,True,https://digimon.net/appmon_en/detail.php?id=37
37,コピペモン,en,2,90,Mienumon,Stealth / System,True,https://digimon.net/appmon_en/detail.php?id=37
37,コピペモン,en,3,39,Kabemon,Wallpaper / System,True,https://digimon.net/appmon_en/detail.php?id=37
37,コピペモン,zh_hans,1,90,障目兽,隐形 / 系统,True,https://digimon.net/appmon_zh-CHS/detail.php?id=37
37,コピペモン,zh_hans,2,25,镜面兽,镜子 / 工具,True,https://digimon.net/appmon_zh-CHS/detail.php?id=37
37,コピペモン,zh_hans,3,52,颜料兽,绘画 / 娱乐,True,https://digimon.net/appmon_zh-CHS/detail.php?id=37
37,コピペモン,zh_hant,1,39,桌布獸,桌布 / 系統,True,https://digimon.net/appmon_zh-CHT/detail.php?id=37
37,コピペモン,zh_hant,2,90,看不見獸,隱身 / 系統,True,https://digimon.net/appmon_zh-CHT/detail.php?id=37
37,コピペモン,zh_hant,3,25,鏡子獸,鏡子 / 工具,True,https://digimon.net/appmon_zh-CHT/detail.php?id=37
38,セーブモン,ja,1,29,カレンダモン,カレンダー / ツール,True,https://digimon.net/appmon/detail.php?id=38
38,セーブモン,ja,2,35,ペコモン,圧縮 / システム,True,https://digimon.net/appmon/detail.php?id=38
38,セーブモン,ja,3,89,デジップモン,圧縮解凍 / システム,True,https://digimon.net/appmon/detail.php?id=38
38,セーブモン,ko,1,36,포코몬,해동 / 시스템,True,https://digimon.net/appmon_ko/detail.php?id=38
38,セーブモン,ko,2,89,데집몬,압축 해동 / 시스템,True,https://digimon.net/appmon_ko/detail.php?id=38
38,セーブモン,ko,3,35,페코몬,압축 / 시스템,True,https://digimon.net/appmon_ko/detail.php?id=38
38,セーブモン,en,1,89,Dezipmon,Zip/Unzip / System,True,https://digimon.net/appmon_en/detail.php?id=38
38,セーブモン,en,2,84,Timemon,Time Slip / Tool,True,https://digimon.net/appmon_en/detail.php?id=38
38,セーブモン,en,3,36,Pokomon,Decompression / System,True,https://digimon.net/appmon_en/detail.php?id=38
38,セーブモン,zh_hans,1,36,鼓鼓兽,解压缩 / 系统,True,https://digimon.net/appmon_zh-CHS/detail.php?id=38
38,セーブモン,zh_hans,2,84,时间兽,时间跳跃 / 工具,True,https://digimon.net/appmon_zh-CHS/detail.php?id=38
38,セーブモン,zh_hans,3,35,扁扁兽,压缩 / 系统,True,https://digimon.net/appmon_zh-CHS/detail.php?id=38
38,セーブモン,zh_hant,1,35,壓縮獸,壓縮 / 系統,True,https://digimon.net/appmon_zh-CHT/detail.php?id=38
38,セーブモン,zh_hant,2,29,日曆獸,日曆 / 工具,True,https://digimon.net/appmon_zh-CHT/detail.php?id=38
38,セーブモン,zh_hant,3,89,解壓縮獸,壓縮和解壓縮 / 系統,True,https://digimon.net/appmon_zh-CHT/detail.php?id=38
39,カベモン,ja,1,87,クラフトモン,設計 / ツール,True,https://digimon.net/appmon/detail.php?id=39
39,カベモン,ja,2,24,ゴミモン,ごみ箱 / ツール,True,https://digimon.net/appmon/detail.php?id=39
39,カベモン,ja,3,49,パズルモン,パズル / ゲーム,True,https://digimon.net/appmon/detail.php?id=39
39,カベモン,ko,1,49,퍼즐몬,퍼즐 / 게임,True,https://digimon.net/appmon_ko/detail.php?id=39
39,カベモン,ko,2,87,크래프트몬,설계 / 툴,True,https://digimon.net/appmon_ko/detail.php?id=39
39,カベモン,ko,3,25,미러몬,거울 / 툴,True,https://digimon.net/appmon_ko/detail.php?id=39
39,カベモン,en,1,25,Mirrormon,Mirror / Tool,True,https://digimon.net/appmon_en/detail.php?id=39
39,カベモン,en,2,87,Craftmon,Design / Tool,True,https://digimon.net/appmon_en/detail.php?id=39
39,カベモン,en,3,49,Puzzlemon,Puzzle / Game,True,https://digimon.net/appmon_en/detail.php?id=39
39,カベモン,zh_hans,1,37,复制粘贴兽,复制粘贴 / 系统,True,https://digimon.net/appmon_zh-CHS/detail.php?id=39
39,カベモン,zh_hans,2,90,障目兽,隐形 / 系统,True,https://digimon.net/appmon_zh-CHS/detail.php?id=39
39,カベモン,zh_hans,3,49,智谜兽,益智类游戏 / 游戏,True,https://digimon.net/appmon_zh-CHS/detail.php?id=39
39,カベモン,zh_hant,1,37,複製貼上獸,複製貼上 / 系統,True,https://digimon.net/appmon_zh-CHT/detail.php?id=39
39,カベモン,zh_hant,2,87,工藝獸,設計 / 工具,True,https://digimon.net/appmon_zh-CHT/detail.php?id=39
39,カベモン,zh_hant,3,40,節能獸,節能 / 系統,True,https://digimon.net/appmon_zh-CHT/detail.php?id=39
40,エコモン,ja,1,24,ゴミモン,ごみ箱 / ツール,True,https://digimon.net/appmon/detail.php?id=40
40,エコモン,ja,2,68,マネーモン,電子マネー / ライフ,True,https://digimon.net/appmon/detail.php?id=40
40,エコモン,ja,3,49,パズルモン,パズル / ゲーム,True,https://digimon.net/appmon/detail.php?id=40
40,エコモン,ko,1,39,월몬,배경 화면 / 시스템,True,https://digimon.net/appmon_ko/detail.php?id=40
40,エコモン,ko,2,105,컨설몬,절약 / 라이프,True,https://digimon.net/appmon_ko/detail.php?id=40
40,エコモン,ko,3,49,퍼즐몬,퍼즐 / 게임,True,https://digimon.net/appmon_ko/detail.php?id=40
40,エコモン,en,1,68,Moneymon,eMoney / Life,True,https://digimon.net/appmon_en/detail.php?id=40
40,エコモン,en,2,105,Consulmon,Saving / Life,True,https://digimon.net/appmon_en/detail.php?id=40
40,エコモン,en,3,24,Gomimon,Trashbin  / Tool,True,https://digimon.net/appmon_en/detail.php?id=40
40,エコモン,zh_hans,1,68,财富兽,电子支付 / 生活,True,https://digimon.net/appmon_zh-CHS/detail.php?id=40
40,エコモン,zh_hans,2,35,扁扁兽,压缩 / 系统,True,https://digimon.net/appmon_zh-CHS/detail.php?id=40
40,エコモン,zh_hans,3,24,垃圾兽,回收站 / 工具,True,https://digimon.net/appmon_zh-CHS/detail.php?id=40
40,エコモン,zh_hant,1,105,顧問獸,節約 / 生活,True,https://digimon.net/appmon_zh-CHT/detail.php?id=40
40,エコモン,zh_hant,2,49,益智獸,益智遊戲 / 遊戲,True,https://digimon.net/appmon_zh-CHT/detail.php?id=40
40,エコモン,zh_hant,3,35,壓縮獸,壓縮 / 系統,True,https://digimon.net/appmon_zh-CHT/detail.php?id=40
41,ピーポモン,ja,1,88,レイドラモン,超ハッキング / システム,True,https://digimon.net/appmon/detail.php?id=41
41,ピーポモン,ja,2,32,プロテクモン,セキュリティ / システム,True,https://digimon.net/appmon/detail.php?id=41
41,ピーポモン,ja,3,33,ハックモン,ハッキング / システム,True,https://digimon.net/appmon/detail.php?id=41
41,ピーポモン,ko,1,32,프로텍몬,보안 / 시스템,True,https://digimon.net/appmon_ko/detail.php?id=41
41,ピーポモン,ko,2,33,핵몬,해킹 / 시스템,True,https://digimon.net/appmon_ko/detail.php?id=41
41,ピーポモン,ko,3,88,레이드라몬,슈퍼 해킹 / 시스템,True,https://digimon.net/appmon_ko/detail.php?id=41
41,ピーポモン,en,1,33,Hackmon,Hacking / System,True,https://digimon.net/appmon_en/detail.php?id=41
41,ピーポモン,en,2,88,Raidramon,Super Hacking / System,True,https://digimon.net/appmon_en/detail.php?id=41
41,ピーポモン,en,3,32,Protecmon,Security / System,True,https://digimon.net/appmon_en/detail.php?id=41
41,ピーポモン,zh_hans,1,88,掠龙兽,超级入侵 / 系统,True,https://digimon.net/appmon_zh-CHS/detail.php?id=41
41,ピーポモン,zh_hans,2,33,黑客兽,破解入侵 / 系统,True,https://digimon.net/appmon_zh-CHS/detail.php?id=41
41,ピーポモン,zh_hans,3,32,防护兽,安全防护 / 系统,True,https://digimon.net/appmon_zh-CHS/detail.php?id=41
41,ピーポモン,zh_hant,1,88,掠龍獸,超級入侵 / 系統,True,https://digimon.net/appmon_zh-CHT/detail.php?id=41
41,ピーポモン,zh_hant,2,33,駭客獸,入侵 / 系統,True,https://digimon.net/appmon_zh-CHT/detail.php?id=41
41,ピーポモン,zh_hant,3,32,防護獸,安全 / 系統,True,https://digimon.net/appmon_zh-CHT/detail.php?id=41
42,デンパモン,ja,1,85,ロアモン,ボイスチェンジ / ツール,True,https://digimon.net/appmon/detail.php?id=42
42,デンパモン,ja,2,5,ゲンゴーモン,翻訳 / ソーシャル,True,https://digimon.net/appmon/detail.php?id=42
42,デンパモン,ko,1,85,로어몬,음성 변조 / 툴,True,https://digimon.net/appmon_ko/detail.php?id=42
42,デンパモン,ko,2,5,언어몬,번역 / 소셜,True,https://digimon.net/appmon_ko/detail.php?id=42
42,デンパモン,en,1,85,Roamon,Voice Change / Tool,True,https://digimon.net/appmon_en/detail.php?id=42
42,デンパモン,en,2,5,Gengomon,Translation / Social,True,https://digimon.net/appmon_en/detail.php?id=42
42,デンパモン,zh_hans,1,85,罗亚兽,变声 / 工具,True,https://digimon.net/appmon_zh-CHS/detail.php?id=42
42,デンパモン,zh_hans,2,5,语言兽,翻译 / 社交,True,https://digimon.net/appmon_zh-CHS/detail.php?id=42
42,デンパモン,zh_hant,1,85,咆哮獸,變聲 / 工具,True,https://digimon.net/appmon_zh-CHT/detail.php?id=42
42,デンパモン,zh_hant,2,5,語言獸,翻譯 / 社交,True,https://digimon.net/appmon_zh-CHT/detail.php?id=42
43,オンモン,ja,1,1,ガッチモン,検索 / ソーシャル,True,https://digimon.net/appmon/detail.php?id=43
43,オンモン,ja,2,76,ロギモン,ログイン / ソーシャル,True,https://digimon.net/appmon/detail.php?id=43
43,オンモン,ja,3,112,ブートモン,超起動 / ツール,True,https://digimon.net/appmon/detail.php?id=43
43,オンモン,ko,1,121,리부트몬,재부팅 / 하나님,True,https://digimon.net/appmon_ko/detail.php?id=43
43,オンモン,ko,2,1,서치몬,검색 / 소셜,True,https://digimon.net/appmon_ko/detail.php?id=43
43,オンモン,ko,3,76,로긴몬,로그인 / 소셜,True,https://digimon.net/appmon_ko/detail.php?id=43
43,オンモン,en,1,112,Bootmon,Super Boot / Tool,True,https://digimon.net/appmon_en/detail.php?id=43
43,オンモン,en,2,76,Logimon,Login / Social,True,https://digimon.net/appmon_en/detail.php?id=43
43,オンモン,en,3,1,Gatchmon,Search  / Social,True,https://digimon.net/appmon_en/detail.php?id=43
43,オンモン,zh_hans,1,112,启动兽,超级启动 / 工具,True,https://digimon.net/appmon_zh-CHS/detail.php?id=43
43,オンモン,zh_hans,2,1,盖奇兽,搜索 / 社交,True,https://digimon.net/appmon_zh-CHS/detail.php?id=43
43,オンモン,zh_hans,3,121,重启兽,重启 / 神,True,https://digimon.net/appmon_zh-CHS/detail.php?id=43
43,オンモン,zh_hant,1,112,開機獸,超級啟動 / 工具,True,https://digimon.net/appmon_zh-CHT/detail.php?id=43
43,オンモン,zh_hant,2,76,登入獸,登入 / 社交,True,https://digimon.net/appmon_zh-CHT/detail.php?id=43
43,オンモン,zh_hant,3,121,重啟獸,重新啟動 / 神,True,https://digimon.net/appmon_zh-CHT/detail.php?id=43
44,オフモン,ja,1,77,ロガモン,ログオフ / ソーシャル,True,https://digimon.net/appmon/detail.php?id=44
44,オフモン,ja,2,33,ハックモン,ハッキング / システム,True,https://digimon.net/appmon/detail.php?id=44
44,オフモン,ja,3,121,リブートモン,再起動 / ゴッド,True,https://digimon.net/appmon/detail.php?id=44
44,オフモン,ko,1,33,핵몬,해킹 / 시스템,True,https://digimon.net/appmon_ko/detail.php?id=44
44,オフモン,ko,2,77,로간몬,로그아웃 / 소셜,True,https://digimon.net/appmon_ko/detail.php?id=44
44,オフモン,ko,3,113,셧몬,강제 종료 / 툴,True,https://digimon.net/appmon_ko/detail.php?id=44
44,オフモン,en,1,113,Shutmon,Forced Termination  / Tool,True,https://digimon.net/appmon_en/detail.php?id=44
44,オフモン,en,2,121,Rebootmon,Reboot  / God,True,https://digimon.net/appmon_en/detail.php?id=44
44,オフモン,en,3,33,Hackmon,Hacking / System,True,https://digimon.net/appmon_en/detail.php?id=44
44,オフモン,zh_hans,1,121,重启兽,重启 / 神,True,https://digimon.net/appmon_zh-CHS/detail.php?id=44
44,オフモン,zh_hans,2,77,洛迦兽,注销 / 社交,True,https://digimon.net/appmon_zh-CHS/detail.php?id=44
44,オフモン,zh_hans,3,113,关闭兽,强制结束 / 工具,True,https://digimon.net/appmon_zh-CHS/detail.php?id=44
44,オフモン,zh_hant,1,121,重啟獸,重新啟動 / 神,True,https://digimon.net/appmon_zh-CHT/detail.php?id=44
44,オフモン,zh_hant,2,77,登出獸,登出 / 社交,True,https://digimon.net/appmon_zh-CHT/detail.php?id=44
44,オフモン,zh_hant,3,33,駭客獸,入侵 / 系統,True,https://digimon.net/appmon_zh-CHT/detail.php?id=44
45,ドカモン,ja,1,96,ウラテクモン,攻略 / ゲーム,True,https://digimon.net/appmon/detail.php?id=45
45,ドカモン,ja,2,66,マッスルモン,筋トレ / ライフ,True,https://digimon.net/appmon/detail.php?id=45
45,ドカモン,ja,3,93,ドスコモン,格闘 / ゲーム,True,https://digimon.net/appmon/detail.php?id=45
45,ドカモン,ko,1,55,덥석몬,맛집 / 엔터테인먼트,True,https://digimon.net/appmon_ko/detail.php?id=45
45,ドカモン,ko,2,93,도스코몬,격투 / 게임,True,https://digimon.net/appmon_ko/detail.php?id=45
45,ドカモン,ko,3,19,튜토몬,해설 / 내비,True,https://digimon.net/appmon_ko/detail.php?id=45
45,ドカモン,en,1,66,Musclemon,Muscle Training / Life,True,https://digimon.net/appmon_en/detail.php?id=45
45,ドカモン,en,2,19,Tutomon,Commentary  / Navi,True,https://digimon.net/appmon_en/detail.php?id=45
45,ドカモン,en,3,4,Tweetmon,Tweet / Social,True,https://digimon.net/appmon_en/detail.php?id=45
45,ドカモン,zh_hans,1,66,肌肉兽,健身增肌 / 生活,True,https://digimon.net/appmon_zh-CHS/detail.php?id=45
45,ドカモン,zh_hans,2,19,解说兽,解说 / 导航,True,https://digimon.net/appmon_zh-CHS/detail.php?id=45
45,ドカモン,zh_hans,3,93,相扑兽,格斗游戏 / 游戏,True,https://digimon.net/appmon_zh-CHS/detail.php?id=45
45,ドカモン,zh_hant,1,19,解說獸,解說 / 導航,True,https://digimon.net/appmon_zh-CHT/detail.php?id=45
45,ドカモン,zh_hant,2,48,角色扮演獸,角色扮演 / 遊戲,True,https://digimon.net/appmon_zh-CHT/detail.php?id=45
45,ドカモン,zh_hant,3,55,舔舔獸,美食 / 娛樂,True,https://digimon.net/appmon_zh-CHT/detail.php?id=45
46,ショットモン,ja,1,11,ロケットモン,ロケット / ナビ,True,https://digimon.net/appmon/detail.php?id=46
46,ショットモン,ja,2,86,スコープモン,監視 / ツール,True,https://digimon.net/appmon/detail.php?id=46
46,ショットモン,ja,3,21,キャメラモン,カメラ / ツール,True,https://digimon.net/appmon/detail.php?id=46
46,ショットモン,ko,1,11,로켓몬,로켓 / 내비,True,https://digimon.net/appmon_ko/detail.php?id=46
46,ショットモン,ko,2,21,카메라몬,카메라 / 툴,True,https://digimon.net/appmon_ko/detail.php?id=46
46,ショットモン,ko,3,86,스코프몬,감시 / 툴,True,https://digimon.net/appmon_ko/detail.php?id=46
46,ショットモン,en,1,86,Scopemon,Monitoring / Tool,True,https://digimon.net/appmon_en/detail.php?id=46
46,ショットモン,en,2,11,Rocketmon,Rocket / Navi,True,https://digimon.net/appmon_en/detail.php?id=46
46,ショットモン,en,3,21,Cameramon,Camera / Tool,True,https://digimon.net/appmon_en/detail.php?id=46
46,ショットモン,zh_hans,1,21,摄影兽,照相 / 工具,True,https://digimon.net/appmon_zh-CHS/detail.php?id=46
46,ショットモン,zh_hans,2,11,火箭兽,火箭 / 导航,True,https://digimon.net/appmon_zh-CHS/detail.php?id=46
46,ショットモン,zh_hans,3,86,天眼兽,监视 / 工具,True,https://digimon.net/appmon_zh-CHS/detail.php?id=46
46,ショットモン,zh_hant,1,21,攝影獸,相機 / 工具,True,https://digimon.net/appmon_zh-CHT/detail.php?id=46
46,ショットモン,zh_hant,2,11,火箭獸,火箭 / 導航,True,https://digimon.net/appmon_zh-CHT/detail.php?id=46
46,ショットモン,zh_hant,3,86,瞄準鏡獸,監視 / 工具,True,https://digimon.net/appmon_zh-CHT/detail.php?id=46
47,カードモン,ja,1,92,サクシモン,シミュレーション / ゲーム,True,https://digimon.net/appmon/detail.php?id=47
47,カードモン,ja,2,23,カリキュモン,電卓 / ツール,True,https://digimon.net/appmon/detail.php?id=47
47,カードモン,ja,3,53,テラーモン,占い / エンタメ,True,https://digimon.net/appmon/detail.php?id=47
47,カードモン,ko,1,59,뽑몬,캡슐 뽑기 / 엔터테인먼트,True,https://digimon.net/appmon_ko/detail.php?id=47
47,カードモン,ko,2,53,텔러몬,점술 / 엔터테인먼트,True,https://digimon.net/appmon_ko/detail.php?id=47
47,カードモン,ko,3,34,배터리몬,배터리 / 시스템,True,https://digimon.net/appmon_ko/detail.php?id=47
47,カードモン,en,1,92,Sakusimon,Simulation  / Game,True,https://digimon.net/appmon_en/detail.php?id=47
47,カードモン,en,2,23,Calcumon,Calculator  / Tool,True,https://digimon.net/appmon_en/detail.php?id=47
47,カードモン,en,3,34,Batterimon,Battery  / System,True,https://digimon.net/appmon_en/detail.php?id=47
47,カードモン,zh_hans,1,34,电池兽,电池 / 系统,True,https://digimon.net/appmon_zh-CHS/detail.php?id=47
47,カードモン,zh_hans,2,23,计算兽,计算器 / 工具,True,https://digimon.net/appmon_zh-CHS/detail.php?id=47
47,カードモン,zh_hans,3,59,扭蛋兽,扭蛋 / 娱乐,True,https://digimon.net/appmon_zh-CHS/detail.php?id=47
47,カードモン,zh_hant,1,59,扭蛋獸,扭蛋 / 娛樂,True,https://digimon.net/appmon_zh-CHT/detail.php?id=47
47,カードモン,zh_hant,2,53,預知獸,占卜 / 娛樂,True,https://digimon.net/appmon_zh-CHT/detail.php?id=47
47,カードモン,zh_hant,3,34,電池獸,電池 / 系統,True,https://digimon.net/appmon_zh-CHT/detail.php?id=47
48,ロープレモン,ja,1,4,ツブモン,つぶやき / ソーシャル,True,https://digimon.net/appmon/detail.php?id=48
48,ロープレモン,ja,2,19,チュートモン,解説 / ナビ,True,https://digimon.net/appmon/detail.php?id=48
48,ロープレモン,ja,3,96,ウラテクモン,攻略 / ゲーム,True,https://digimon.net/appmon/detail.php?id=48
48,ロープレモン,ko,1,96,테크마스몬,공략 / 게임,True,https://digimon.net/appmon_ko/detail.php?id=48
48,ロープレモン,ko,2,19,튜토몬,해설 / 내비,True,https://digimon.net/appmon_ko/detail.php?id=48
48,ロープレモン,ko,3,4,츠부몬,트윗 / 소셜,True,https://digimon.net/appmon_ko/detail.php?id=48
48,ロープレモン,en,1,4,Tweetmon,Tweet / Social,True,https://digimon.net/appmon_en/detail.php?id=48
48,ロープレモン,en,2,45,Dokamon,Action / Game,True,https://digimon.net/appmon_en/detail.php?id=48
48,ロープレモン,en,3,96,Uratechmon,Hints and Tips / Game,True,https://digimon.net/appmon_en/detail.php?id=48
48,ロープレモン,zh_hans,1,19,解说兽,解说 / 导航,True,https://digimon.net/appmon_zh-CHS/detail.php?id=48
48,ロープレモン,zh_hans,2,45,多卡兽,全真投射 / 游戏,True,https://digimon.net/appmon_zh-CHS/detail.php?id=48
48,ロープレモン,zh_hans,3,96,秘技兽,攻略秘籍 / 游戏,True,https://digimon.net/appmon_zh-CHS/detail.php?id=48
48,ロープレモン,zh_hant,1,45,多卡獸,動作 / 遊戲,True,https://digimon.net/appmon_zh-CHT/detail.php?id=48
48,ロープレモン,zh_hant,2,19,解說獸,解說 / 導航,True,https://digimon.net/appmon_zh-CHT/detail.php?id=48
48,ロープレモン,zh_hant,3,96,秘技獸,攻略 / 遊戲,True,https://digimon.net/appmon_zh-CHT/detail.php?id=48
49,パズルモン,ja,1,40,エコモン,省エネ / システム,True,https://digimon.net/appmon/detail.php?id=49
49,パズルモン,ja,2,87,クラフトモン,設計 / ツール,True,https://digimon.net/appmon/detail.php?id=49
49,パズルモン,ja,3,23,カリキュモン,電卓 / ツール,True,https://digimon.net/appmon/detail.php?id=49
49,パズルモン,ko,1,40,에코몬,에너지 절약 / 시스템,True,https://digimon.net/appmon_ko/detail.php?id=49
49,パズルモン,ko,2,87,크래프트몬,설계 / 툴,True,https://digimon.net/appmon_ko/detail.php?id=49
49,パズルモン,ko,3,94,브레몬,두뇌 트레이닝 / 게임,True,https://digimon.net/appmon_ko/detail.php?id=49
49,パズルモン,en,1,94,Bramon,Brain Training / Game,True,https://digimon.net/appmon_en/detail.php?id=49
49,パズルモン,en,2,23,Calcumon,Calculator  / Tool,True,https://digimon.net/appmon_en/detail.php?id=49
49,パズルモン,en,3,40,Ecomon,Energy Saving / System,True,https://digimon.net/appmon_en/detail.php?id=49
49,パズルモン,zh_hans,1,94,健脑兽,脑锻炼游戏 / 游戏,True,https://digimon.net/appmon_zh-CHS/detail.php?id=49
49,パズルモン,zh_hans,2,40,节能兽,节能环保 / 系统,True,https://digimon.net/appmon_zh-CHS/detail.php?id=49
49,パズルモン,zh_hans,3,23,计算兽,计算器 / 工具,True,https://digimon.net/appmon_zh-CHS/detail.php?id=49
49,パズルモン,zh_hant,1,66,肌肉獸,鍛鍊肌肉 / 生活,True,https://digimon.net/appmon_zh-CHT/detail.php?id=49
49,パズルモン,zh_hant,2,87,工藝獸,設計 / 工具,True,https://digimon.net/appmon_zh-CHT/detail.php?id=49
49,パズルモン,zh_hant,3,23,計算獸,計算機 / 工具,True,https://digimon.net/appmon_zh-CHT/detail.php?id=49
50,ダンスモン,ja,1,100,メディアモン,メディアプレーヤー / エンタメ,True,https://digimon.net/appmon/detail.php?id=50
50,ダンスモン,ja,2,22,レコモン,録音 / ツール,True,https://digimon.net/appmon/detail.php?id=50
50,ダンスモン,ja,3,54,ミュージモン,音楽 / エンタメ,True,https://digimon.net/appmon/detail.php?id=50
50,ダンスモン,ko,1,100,미디어몬,미디어 플레이어 / 엔터테인먼트,True,https://digimon.net/appmon_ko/detail.php?id=50
50,ダンスモン,ko,2,54,뮤지몬,음악 / 엔터테인먼트,True,https://digimon.net/appmon_ko/detail.php?id=50
50,ダンスモン,ko,3,22,레코몬,녹음 / 툴,True,https://digimon.net/appmon_ko/detail.php?id=50
50,ダンスモン,en,1,22,Recomon,Recording / Tool,True,https://digimon.net/appmon_en/detail.php?id=50
50,ダンスモン,en,2,54,Musimon,Music / Entertainment,True,https://digimon.net/appmon_en/detail.php?id=50
50,ダンスモン,en,3,100,Mediamon,Media Player / Entertainment,True,https://digimon.net/appmon_en/detail.php?id=50
50,ダンスモン,zh_hans,1,22,录音兽,录音 / 工具,True,https://digimon.net/appmon_zh-CHS/detail.php?id=50
50,ダンスモン,zh_hans,2,100,媒体兽,影音播放器 / 娱乐,True,https://digimon.net/appmon_zh-CHS/detail.php?id=50
50,ダンスモン,zh_hans,3,54,音乐兽,音乐 / 娱乐,True,https://digimon.net/appmon_zh-CHS/detail.php?id=50
50,ダンスモン,zh_hant,1,20,主持獸,實況 / 導航,True,https://digimon.net/appmon_zh-CHT/detail.php?id=50
50,ダンスモン,zh_hant,2,54,音樂獸,音樂 / 娛樂,True,https://digimon.net/appmon_zh-CHT/detail.php?id=50
50,ダンスモン,zh_hant,3,100,媒體獸,播放媒體 / 娛樂,True,https://digimon.net/appmon_zh-CHT/detail.php?id=50
51,レースモン,ja,1,61,トリックモン,手品 / エンタメ,True,https://digimon.net/appmon/detail.php?id=51
51,レースモン,ja,2,91,ワープモン,転送 / システム,True,https://digimon.net/appmon/detail.php?id=51
51,レースモン,ja,3,13,ジェットモン,フライト / ナビ,True,https://digimon.net/appmon/detail.php?id=51
51,レースモン,ko,1,13,제트몬,비행 / 내비,True,https://digimon.net/appmon_ko/detail.php?id=51
51,レースモン,ko,2,61,트릭몬,마술 / 엔터테인먼트,True,https://digimon.net/appmon_ko/detail.php?id=51
51,レースモン,ko,3,91,워프몬,전송 / 시스템,True,https://digimon.net/appmon_ko/detail.php?id=51
51,レースモン,en,1,91,Warpmon,Transmission / System,True,https://digimon.net/appmon_en/detail.php?id=51
51,レースモン,en,2,61,Trickmon,Trick / Entertainment,True,https://digimon.net/appmon_en/detail.php?id=51
51,レースモン,en,3,13,Jetmon,Flight / Navi,True,https://digimon.net/appmon_en/detail.php?id=51
51,レースモン,zh_hans,1,61,魔术兽,魔术戏法 / 娱乐,True,https://digimon.net/appmon_zh-CHS/detail.php?id=51
51,レースモン,zh_hans,2,13,喷气兽,航空 / 导航,True,https://digimon.net/appmon_zh-CHS/detail.php?id=51
51,レースモン,zh_hans,3,91,传送兽,瞬间传送 / 系统,True,https://digimon.net/appmon_zh-CHS/detail.php?id=51
51,レースモン,zh_hant,1,61,魔術獸,魔術 / 娛樂,True,https://digimon.net/appmon_zh-CHT/detail.php?id=51
51,レースモン,zh_hant,2,13,噴射機獸,航班 / 導航,True,https://digimon.net/appmon_zh-CHT/detail.php?id=51
51,レースモン,zh_hant,3,91,傳送獸,傳送 / 系統,True,https://digimon.net/appmon_zh-CHT/detail.php?id=51
52,ドローモン,ja,1,25,ミラーモン,ミラー / ツール,True,https://digimon.net/appmon/detail.php?id=52
52,ドローモン,ja,2,56,ドーガモン,動画 / エンタメ,True,https://digimon.net/appmon/detail.php?id=52
52,ドローモン,ja,3,39,カベモン,壁紙 / システム,True,https://digimon.net/appmon/detail.php?id=52
52,ドローモン,ko,1,39,월몬,배경 화면 / 시스템,True,https://digimon.net/appmon_ko/detail.php?id=52
52,ドローモン,ko,2,37,카피페몬,복사&붙여넣기 / 시스템,True,https://digimon.net/appmon_ko/detail.php?id=52
52,ドローモン,ko,3,26,라이트몬,조명 / 툴,True,https://digimon.net/appmon_ko/detail.php?id=52
52,ドローモン,en,1,26,Lightmon,Light / Tool,True,https://digimon.net/appmon_en/detail.php?id=52
52,ドローモン,en,2,97,Effecmon,Effect / Entertainment,True,https://digimon.net/appmon_en/detail.php?id=52
52,ドローモン,en,3,25,Mirrormon,Mirror / Tool,True,https://digimon.net/appmon_en/detail.php?id=52
52,ドローモン,zh_hans,1,26,灯光兽,手电筒 / 工具,True,https://digimon.net/appmon_zh-CHS/detail.php?id=52
52,ドローモン,zh_hans,2,56,影视兽,视频 / 娱乐,True,https://digimon.net/appmon_zh-CHS/detail.php?id=52
52,ドローモン,zh_hans,3,37,复制粘贴兽,复制粘贴 / 系统,True,https://digimon.net/appmon_zh-CHS/detail.php?id=52
52,ドローモン,zh_hant,1,97,效果獸,效果 / 娛樂,True,https://digimon.net/appmon_zh-CHT/detail.php?id=52
52,ドローモン,zh_hant,2,56,影片獸,影片 / 娛樂,True,https://digimon.net/appmon_zh-CHT/detail.php?id=52
52,ドローモン,zh_hant,3,37,複製貼上獸,複製貼上 / 系統,True,https://digimon.net/appmon_zh-CHT/detail.php?id=52
53,テラーモン,ja,1,47,カードモン,カード / ゲーム,True,https://digimon.net/appmon/detail.php?id=53
53,テラーモン,ja,2,59,ガシャモン,ガシャ / エンタメ,True,https://digimon.net/appmon/detail.php?id=53
53,テラーモン,ja,3,98,タロットモン,超占い / エンタメ,True,https://digimon.net/appmon/detail.php?id=53
53,テラーモン,ko,1,59,뽑몬,캡슐 뽑기 / 엔터테인먼트,True,https://digimon.net/appmon_ko/detail.php?id=53
53,テラーモン,ko,2,98,타로몬,슈퍼 점술 / 엔터테인먼트,True,https://digimon.net/appmon_ko/detail.php?id=53
53,テラーモン,ko,3,47,카드몬,카드 / 게임,True,https://digimon.net/appmon_ko/detail.php?id=53
53,テラーモン,en,1,98,Tarotmon,Super Fortune Telling / Entertainment,True,https://digimon.net/appmon_en/detail.php?id=53
53,テラーモン,en,2,59,Gashamon,Gashapon / Entertainment,True,https://digimon.net/appmon_en/detail.php?id=53
53,テラーモン,en,3,47,Cardmon,Card / Game,True,https://digimon.net/appmon_en/detail.php?id=53
53,テラーモン,zh_hans,1,59,扭蛋兽,扭蛋 / 娱乐,True,https://digimon.net/appmon_zh-CHS/detail.php?id=53
53,テラーモン,zh_hans,2,47,卡片兽,卡牌游戏 / 游戏,True,https://digimon.net/appmon_zh-CHS/detail.php?id=53
53,テラーモン,zh_hans,3,98,塔罗兽,超级占卜 / 娱乐,True,https://digimon.net/appmon_zh-CHS/detail.php?id=53
53,テラーモン,zh_hant,1,98,塔羅牌獸,超級占卜 / 娛樂,True,https://digimon.net/appmon_zh-CHT/detail.php?id=53
53,テラーモン,zh_hant,2,47,卡牌獸,卡牌 / 遊戲,True,https://digimon.net/appmon_zh-CHT/detail.php?id=53
53,テラーモン,zh_hant,3,59,扭蛋獸,扭蛋 / 娛樂,True,https://digimon.net/appmon_zh-CHT/detail.php?id=53
54,ミュージモン,ja,1,100,メディアモン,メディアプレーヤー / エンタメ,True,https://digimon.net/appmon/detail.php?id=54
54,ミュージモン,ja,2,50,ダンスモン,リズム / ゲーム,True,https://digimon.net/appmon/detail.php?id=54
54,ミュージモン,ja,3,22,レコモン,録音 / ツール,True,https://digimon.net/appmon/detail.php?id=54
54,ミュージモン,ko,1,22,레코몬,녹음 / 툴,True,https://digimon.net/appmon_ko/detail.php?id=54
54,ミュージモン,ko,2,50,댄스몬,리듬 / 게임,True,https://digimon.net/appmon_ko/detail.php?id=54
54,ミュージモン,ko,3,20,엠시몬,실황 / 내비,True,https://digimon.net/appmon_ko/detail.php?id=54
54,ミュージモン,en,1,100,Mediamon,Media Player / Entertainment,True,https://digimon.net/appmon_en/detail.php?id=54
54,ミュージモン,en,2,22,Recomon,Recording / Tool,True,https://digimon.net/appmon_en/detail.php?id=54
54,ミュージモン,en,3,125,Ouranosmon,Awakening / God,True,https://digimon.net/appmon_en/detail.php?id=54
54,ミュージモン,zh_hans,1,20,主持兽,直播 / 导航,True,https://digimon.net/appmon_zh-CHS/detail.php?id=54
54,ミュージモン,zh_hans,2,125,乌拉诺斯兽,觉醒 / 神,True,https://digimon.net/appmon_zh-CHS/detail.php?id=54
54,ミュージモン,zh_hans,3,50,舞蹈兽,音乐游戏 / 游戏,True,https://digimon.net/appmon_zh-CHS/detail.php?id=54
54,ミュージモン,zh_hant,1,22,錄音獸,錄音 / 工具,True,https://digimon.net/appmon_zh-CHT/detail.php?id=54
54,ミュージモン,zh_hant,2,100,媒體獸,播放媒體 / 娛樂,True,https://digimon.net/appmon_zh-CHT/detail.php?id=54
54,ミュージモン,zh_hant,3,50,舞蹈獸,節奏 / 遊戲,True,https://digimon.net/appmon_zh-CHT/detail.php?id=54
55,ペロリモン,ja,1,66,マッスルモン,筋トレ / ライフ,True,https://digimon.net/appmon/detail.php?id=55
55,ペロリモン,ja,2,93,ドスコモン,格闘 / ゲーム,True,https://digimon.net/appmon/detail.php?id=55
55,ペロリモン,ja,3,45,ドカモン,アクション / ゲーム,True,https://digimon.net/appmon/detail.php?id=55
55,ペロリモン,ko,1,66,머슬몬,근육 트레이닝 / 라이프,True,https://digimon.net/appmon_ko/detail.php?id=55
55,ペロリモン,ko,2,93,도스코몬,격투 / 게임,True,https://digimon.net/appmon_ko/detail.php?id=55
55,ペロリモン,ko,3,45,콰광몬,액션 / 게임,True,https://digimon.net/appmon_ko/detail.php?id=55
55,ペロリモン,en,1,66,Musclemon,Muscle Training / Life,True,https://digimon.net/appmon_en/detail.php?id=55
55,ペロリモン,en,2,45,Dokamon,Action / Game,True,https://digimon.net/appmon_en/detail.php?id=55
55,ペロリモン,en,3,93,Dosukomon,Fighting / Game,True,https://digimon.net/appmon_en/detail.php?id=55
55,ペロリモン,zh_hans,1,45,多卡兽,全真投射 / 游戏,True,https://digimon.net/appmon_zh-CHS/detail.php?id=55
55,ペロリモン,zh_hans,2,93,相扑兽,格斗游戏 / 游戏,True,https://digimon.net/appmon_zh-CHS/detail.php?id=55
55,ペロリモン,zh_hans,3,66,肌肉兽,健身增肌 / 生活,True,https://digimon.net/appmon_zh-CHS/detail.php?id=55
55,ペロリモン,zh_hant,1,93,相撲獸,格鬥 / 遊戲,True,https://digimon.net/appmon_zh-CHT/detail.php?id=55
55,ペロリモン,zh_hant,2,66,肌肉獸,鍛鍊肌肉 / 生活,True,https://digimon.net/appmon_zh-CHT/detail.php?id=55
55,ペロリモン,zh_hant,3,45,多卡獸,動作 / 遊戲,True,https://digimon.net/appmon_zh-CHT/detail.php?id=55
56,ドーガモン,ja,1,10,コソモン,裏口コミ / ソーシャル,True,https://digimon.net/appmon/detail.php?id=56
56,ドーガモン,ja,2,97,エフェクモン,エフェクト / エンタメ,True,https://digimon.net/appmon/detail.php?id=56
56,ドーガモン,ja,3,26,ライトモン,ライト / ツール,True,https://digimon.net/appmon/detail.php?id=56
56,ドーガモン,ko,1,10,속닥몬,비밀 후기 / 소셜,True,https://digimon.net/appmon_ko/detail.php?id=56
56,ドーガモン,ko,2,18,뉴스몬,뉴스 / 내비,True,https://digimon.net/appmon_ko/detail.php?id=56
56,ドーガモン,ko,3,52,드로몬,페인트 / 엔터테인먼트,True,https://digimon.net/appmon_ko/detail.php?id=56
56,ドーガモン,en,1,7,Reviewmon,Review / Social,True,https://digimon.net/appmon_en/detail.php?id=56
56,ドーガモン,en,2,52,Drawmon,Paint / Entertainment,True,https://digimon.net/appmon_en/detail.php?id=56
56,ドーガモン,en,3,18,Newsmon,News / Navi,True,https://digimon.net/appmon_en/detail.php?id=56
56,ドーガモン,zh_hans,1,7,评论兽,点评 / 社交,True,https://digimon.net/appmon_zh-CHS/detail.php?id=56
56,ドーガモン,zh_hans,2,52,颜料兽,绘画 / 娱乐,True,https://digimon.net/appmon_zh-CHS/detail.php?id=56
56,ドーガモン,zh_hans,3,10,嘀咕兽,匿名点评 / 社交,True,https://digimon.net/appmon_zh-CHS/detail.php?id=56
56,ドーガモン,zh_hant,1,80,傳聞獸,傳聞 / 社交,True,https://digimon.net/appmon_zh-CHT/detail.php?id=56
56,ドーガモン,zh_hant,2,7,評論獸,評論 / 社交,True,https://digimon.net/appmon_zh-CHT/detail.php?id=56
56,ドーガモン,zh_hant,3,26,照明獸,照明 / 工具,True,https://digimon.net/appmon_zh-CHT/detail.php?id=56
57,ドレスモン,ja,1,25,ミラーモン,ミラー / ツール,True,https://digimon.net/appmon/detail.php?id=57
57,ドレスモン,ja,2,74,カイモン,ショッピング / ライフ,True,https://digimon.net/appmon/detail.php?id=57
57,ドレスモン,ja,3,72,オクショモン,オークション / ライフ,True,https://digimon.net/appmon/detail.php?id=57
57,ドレスモン,ko,1,72,옥셔몬,경매 / 라이프,True,https://digimon.net/appmon_ko/detail.php?id=57
57,ドレスモン,ko,2,74,쇼핑몬,쇼핑 / 라이프,True,https://digimon.net/appmon_ko/detail.php?id=57
57,ドレスモン,ko,3,99,코디몬,코디네이트 / 엔터테인먼트,True,https://digimon.net/appmon_ko/detail.php?id=57
57,ドレスモン,en,1,25,Mirrormon,Mirror / Tool,True,https://digimon.net/appmon_en/detail.php?id=57
57,ドレスモン,en,2,72,Auctiomon,Auction / Life,True,https://digimon.net/appmon_en/detail.php?id=57
57,ドレスモン,en,3,74,Kaimon,Shopping / Life,True,https://digimon.net/appmon_en/detail.php?id=57
57,ドレスモン,zh_hans,1,74,购物兽,购物 / 生活,True,https://digimon.net/appmon_zh-CHS/detail.php?id=57
57,ドレスモン,zh_hans,2,99,品衣兽,时尚穿搭 / 娱乐,True,https://digimon.net/appmon_zh-CHS/detail.php?id=57
57,ドレスモン,zh_hans,3,72,拍卖兽,拍卖 / 生活,True,https://digimon.net/appmon_zh-CHS/detail.php?id=57
57,ドレスモン,zh_hant,1,25,鏡子獸,鏡子 / 工具,True,https://digimon.net/appmon_zh-CHT/detail.php?id=57
57,ドレスモン,zh_hant,2,99,穿搭獸,服裝搭配 / 娛樂,True,https://digimon.net/appmon_zh-CHT/detail.php?id=57
57,ドレスモン,zh_hant,3,72,拍賣獸,拍賣 / 生活,True,https://digimon.net/appmon_zh-CHT/detail.php?id=57
58,ブックモン,ja,1,75,ジショモン,辞書 / ライフ,True,https://digimon.net/appmon/detail.php?id=58
58,ブックモン,ja,2,8,セットモン,設定 / ソーシャル,True,https://digimon.net/appmon/detail.php?id=58
58,ブックモン,ja,3,106,ライブラモン,図書館 / ライフ,True,https://digimon.net/appmon/detail.php?id=58
58,ブックモン,ko,1,106,라이브러몬,도서관 / 라이프,True,https://digimon.net/appmon_ko/detail.php?id=58
58,ブックモン,ko,2,75,딕셔몬,사전 / 라이프,True,https://digimon.net/appmon_ko/detail.php?id=58
58,ブックモン,ko,3,8,세팅몬,설정 / 소셜,True,https://digimon.net/appmon_ko/detail.php?id=58
58,ブックモン,en,1,75,Jishomon,Dictionary / Life,True,https://digimon.net/appmon_en/detail.php?id=58
58,ブックモン,en,2,106,Libramon,Library / Life,True,https://digimon.net/appmon_en/detail.php?id=58
58,ブックモン,en,3,8,Setmon,Setup  / Social,True,https://digimon.net/appmon_en/detail.php?id=58
58,ブックモン,zh_hans,1,75,辞典兽,词典 / 生活,True,https://digimon.net/appmon_zh-CHS/detail.php?id=58
58,ブックモン,zh_hans,2,106,书库兽,图书馆 / 生活,True,https://digimon.net/appmon_zh-CHS/detail.php?id=58
58,ブックモン,zh_hans,3,8,设置兽,设置设定 / 社交,True,https://digimon.net/appmon_zh-CHS/detail.php?id=58
58,ブックモン,zh_hant,1,106,圖書館獸,圖書館 / 生活,True,https://digimon.net/appmon_zh-CHT/detail.php?id=58
58,ブックモン,zh_hant,2,8,設定獸,設定 / 社交,True,https://digimon.net/appmon_zh-CHT/detail.php?id=58
58,ブックモン,zh_hant,3,75,辭典獸,辭典 / 生活,True,https://digimon.net/appmon_zh-CHT/detail.php?id=58
59,ガシャモン,ja,1,60,ラックモン,スロット / エンタメ,True,https://digimon.net/appmon/detail.php?id=59
59,ガシャモン,ja,2,47,カードモン,カード / ゲーム,True,https://digimon.net/appmon/detail.php?id=59
59,ガシャモン,ja,3,62,ダイスモン,サイコロ / エンタメ,True,https://digimon.net/appmon/detail.php?id=59
59,ガシャモン,ko,1,47,카드몬,카드 / 게임,True,https://digimon.net/appmon_ko/detail.php?id=59
59,ガシャモン,ko,2,68,머니몬,전자화폐 / 라이프,True,https://digimon.net/appmon_ko/detail.php?id=59
59,ガシャモン,ko,3,60,럭몬,슬롯 / 엔터테인먼트,True,https://digimon.net/appmon_ko/detail.php?id=59
59,ガシャモン,en,1,101,Vegasmon,Roulette / Entertainment,True,https://digimon.net/appmon_en/detail.php?id=59
59,ガシャモン,en,2,62,Dicemon,Dice  / Entertainment,True,https://digimon.net/appmon_en/detail.php?id=59
59,ガシャモン,en,3,60,Luckmon,Slot  / Entertainment,True,https://digimon.net/appmon_en/detail.php?id=59
59,ガシャモン,zh_hans,1,62,骰子兽,模拟骰子 / 娱乐,True,https://digimon.net/appmon_zh-CHS/detail.php?id=59
59,ガシャモン,zh_hans,2,68,财富兽,电子支付 / 生活,True,https://digimon.net/appmon_zh-CHS/detail.php?id=59
59,ガシャモン,zh_hans,3,101,维加斯兽,轮盘游戏 / 娱乐,True,https://digimon.net/appmon_zh-CHS/detail.php?id=59
59,ガシャモン,zh_hant,1,47,卡牌獸,卡牌 / 遊戲,True,https://digimon.net/appmon_zh-CHT/detail.php?id=59
59,ガシャモン,zh_hant,2,68,提款機獸,電子貨幣 / 生活,True,https://digimon.net/appmon_zh-CHT/detail.php?id=59
59,ガシャモン,zh_hant,3,98,塔羅牌獸,超級占卜 / 娛樂,True,https://digimon.net/appmon_zh-CHT/detail.php?id=59
60,ラックモン,ja,1,101,ベガスモン,ルーレット / エンタメ,True,https://digimon.net/appmon/detail.php?id=60
60,ラックモン,ja,2,68,マネーモン,電子マネー / ライフ,True,https://digimon.net/appmon/detail.php?id=60
60,ラックモン,ja,3,59,ガシャモン,ガシャ / エンタメ,True,https://digimon.net/appmon/detail.php?id=60
60,ラックモン,ko,1,68,머니몬,전자화폐 / 라이프,True,https://digimon.net/appmon_ko/detail.php?id=60
60,ラックモン,ko,2,62,다이스몬,주사위 / 엔터테인먼트,True,https://digimon.net/appmon_ko/detail.php?id=60
60,ラックモン,ko,3,101,베이거스몬,룰렛 / 엔터테인먼트,True,https://digimon.net/appmon_ko/detail.php?id=60
60,ラックモン,en,1,59,Gashamon,Gashapon / Entertainment,True,https://digimon.net/appmon_en/detail.php?id=60
60,ラックモン,en,2,101,Vegasmon,Roulette / Entertainment,True,https://digimon.net/appmon_en/detail.php?id=60
60,ラックモン,en,3,62,Dicemon,Dice  / Entertainment,True,https://digimon.net/appmon_en/detail.php?id=60
60,ラックモン,zh_hans,1,59,扭蛋兽,扭蛋 / 娱乐,True,https://digimon.net/appmon_zh-CHS/detail.php?id=60
60,ラックモン,zh_hans,2,62,骰子兽,模拟骰子 / 娱乐,True,https://digimon.net/appmon_zh-CHS/detail.php?id=60
60,ラックモン,zh_hans,3,68,财富兽,电子支付 / 生活,True,https://digimon.net/appmon_zh-CHS/detail.php?id=60
60,ラックモン,zh_hant,1,68,提款機獸,電子貨幣 / 生活,True,https://digimon.net/appmon_zh-CHT/detail.php?id=60
60,ラックモン,zh_hant,2,101,維加斯獸,輪盤 / 娛樂,True,https://digimon.net/appmon_zh-CHT/detail.php?id=60
60,ラックモン,zh_hant,3,59,扭蛋獸,扭蛋 / 娛樂,True,https://digimon.net/appmon_zh-CHT/detail.php?id=60
61,トリックモン,ja,1,91,ワープモン,転送 / システム,True,https://digimon.net/appmon/detail.php?id=61
61,トリックモン,ja,2,51,レースモン,レース / ゲーム,True,https://digimon.net/appmon/detail.php?id=61
61,トリックモン,ja,3,13,ジェットモン,フライト / ナビ,True,https://digimon.net/appmon/detail.php?id=61
61,トリックモン,ko,1,13,제트몬,비행 / 내비,True,https://digimon.net/appmon_ko/detail.php?id=61
61,トリックモン,ko,2,91,워프몬,전송 / 시스템,True,https://digimon.net/appmon_ko/detail.php?id=61
61,トリックモン,ko,3,51,레이스몬,레이스 / 게임,True,https://digimon.net/appmon_ko/detail.php?id=61
61,トリックモン,en,1,91,Warpmon,Transmission / System,True,https://digimon.net/appmon_en/detail.php?id=61
61,トリックモン,en,2,51,Racemon,Race  / Game,True,https://digimon.net/appmon_en/detail.php?id=61
61,トリックモン,en,3,13,Jetmon,Flight / Navi,True,https://digimon.net/appmon_en/detail.php?id=61
61,トリックモン,zh_hans,1,51,竞速兽,竞速游戏 / 游戏,True,https://digimon.net/appmon_zh-CHS/detail.php?id=61
61,トリックモン,zh_hans,2,13,喷气兽,航空 / 导航,True,https://digimon.net/appmon_zh-CHS/detail.php?id=61
61,トリックモン,zh_hans,3,91,传送兽,瞬间传送 / 系统,True,https://digimon.net/appmon_zh-CHS/detail.php?id=61
61,トリックモン,zh_hant,1,13,噴射機獸,航班 / 導航,True,https://digimon.net/appmon_zh-CHT/detail.php?id=61
61,トリックモン,zh_hant,2,51,賽車獸,競賽 / 遊戲,True,https://digimon.net/appmon_zh-CHT/detail.php?id=61
61,トリックモン,zh_hant,3,91,傳送獸,傳送 / 系統,True,https://digimon.net/appmon_zh-CHT/detail.php?id=61
62,ダイスモン,ja,1,101,ベガスモン,ルーレット / エンタメ,True,https://digimon.net/appmon/detail.php?id=62
62,ダイスモン,ja,2,68,マネーモン,電子マネー / ライフ,True,https://digimon.net/appmon/detail.php?id=62
62,ダイスモン,ja,3,60,ラックモン,スロット / エンタメ,True,https://digimon.net/appmon/detail.php?id=62
62,ダイスモン,ko,1,101,베이거스몬,룰렛 / 엔터테인먼트,True,https://digimon.net/appmon_ko/detail.php?id=62
62,ダイスモン,ko,2,68,머니몬,전자화폐 / 라이프,True,https://digimon.net/appmon_ko/detail.php?id=62
62,ダイスモン,ko,3,59,뽑몬,캡슐 뽑기 / 엔터테인먼트,True,https://digimon.net/appmon_ko/detail.php?id=62
62,ダイスモン,en,1,59,Gashamon,Gashapon / Entertainment,True,https://digimon.net/appmon_en/detail.php?id=62
62,ダイスモン,en,2,68,Moneymon,eMoney / Life,True,https://digimon.net/appmon_en/detail.php?id=62
62,ダイスモン,en,3,60,Luckmon,Slot  / Entertainment,True,https://digimon.net/appmon_en/detail.php?id=62
62,ダイスモン,zh_hans,1,59,扭蛋兽,扭蛋 / 娱乐,True,https://digimon.net/appmon_zh-CHS/detail.php?id=62
62,ダイスモン,zh_hans,2,101,维加斯兽,轮盘游戏 / 娱乐,True,https://digimon.net/appmon_zh-CHS/detail.php?id=62
62,ダイスモン,zh_hans,3,68,财富兽,电子支付 / 生活,True,https://digimon.net/appmon_zh-CHS/detail.php?id=62
62,ダイスモン,zh_hant,1,59,扭蛋獸,扭蛋 / 娛樂,True,https://digimon.net/appmon_zh-CHT/detail.php?id=62
62,ダイスモン,zh_hant,2,101,維加斯獸,輪盤 / 娛樂,True,https://digimon.net/appmon_zh-CHT/detail.php?id=62
62,ダイスモン,zh_hant,3,68,提款機獸,電子貨幣 / 生活,True,https://digimon.net/appmon_zh-CHT/detail.php?id=62
63,クックモン,ja,1,28,ダイアリモン,日記帳 / ツール,True,https://digimon.net/appmon/detail.php?id=63
63,クックモン,ja,2,29,カレンダモン,カレンダー / ツール,True,https://digimon.net/appmon/detail.php?id=63
63,クックモン,ja,3,95,コーチモン,育成 / ゲーム,True,https://digimon.net/appmon/detail.php?id=63
63,クックモン,ko,1,29,캘린더몬,캘린더 / 툴,True,https://digimon.net/appmon_ko/detail.php?id=63
63,クックモン,ko,2,28,다이어리몬,일기장 / 툴,True,https://digimon.net/appmon_ko/detail.php?id=63
63,クックモン,ko,3,95,코치몬,육성 / 게임,True,https://digimon.net/appmon_ko/detail.php?id=63
63,クックモン,en,1,29,Calendamon,Calendar / Tool,True,https://digimon.net/appmon_en/detail.php?id=63
63,クックモン,en,2,95,Coachmon,Training / Game,True,https://digimon.net/appmon_en/detail.php?id=63
63,クックモン,en,3,28,Diarimon,Diary / Tool,True,https://digimon.net/appmon_en/detail.php?id=63
63,クックモン,zh_hans,1,28,日记兽,日记本 / 工具,True,https://digimon.net/appmon_zh-CHS/detail.php?id=63
63,クックモン,zh_hans,2,29,日历兽,日历 / 工具,True,https://digimon.net/appmon_zh-CHS/detail.php?id=63
63,クックモン,zh_hans,3,95,教练兽,养成类游戏 / 游戏,True,https://digimon.net/appmon_zh-CHS/detail.php?id=63
63,クックモン,zh_hant,1,95,教練獸,訓練 / 遊戲,True,https://digimon.net/appmon_zh-CHT/detail.php?id=63
63,クックモン,zh_hant,2,29,日曆獸,日曆 / 工具,True,https://digimon.net/appmon_zh-CHT/detail.php?id=63
63,クックモン,zh_hant,3,28,日記獸,日記本 / 工具,True,https://digimon.net/appmon_zh-CHT/detail.php?id=63
64,バイラモン,ja,1,67,エイドモン,救命 / ライフ,True,https://digimon.net/appmon/detail.php?id=64
64,バイラモン,ja,2,104,ドクモン,ドクター / ライフ,True,https://digimon.net/appmon/detail.php?id=64
64,バイラモン,ja,3,71,ドープモン,増強 / ライフ,True,https://digimon.net/appmon/detail.php?id=64
64,バイラモン,ko,1,104,닥몬,닥터 / 라이프,True,https://digimon.net/appmon_ko/detail.php?id=64
64,バイラモン,ko,2,71,도프몬,증강 / 라이프,True,https://digimon.net/appmon_ko/detail.php?id=64
64,バイラモン,ko,3,67,에이드몬,구조 / 라이프,True,https://digimon.net/appmon_ko/detail.php?id=64
64,バイラモン,en,1,71,Dopemon,Enhancement / Life,True,https://digimon.net/appmon_en/detail.php?id=64
64,バイラモン,en,2,104,Docmon,Doctor  / Life,True,https://digimon.net/appmon_en/detail.php?id=64
64,バイラモン,en,3,67,Aidmon,Rescue / Life,True,https://digimon.net/appmon_en/detail.php?id=64
64,バイラモン,zh_hans,1,67,救护兽,急救 / 生活,True,https://digimon.net/appmon_zh-CHS/detail.php?id=64
64,バイラモン,zh_hans,2,71,禁药兽,刺激强化 / 生活,True,https://digimon.net/appmon_zh-CHS/detail.php?id=64
64,バイラモン,zh_hans,3,104,怪医兽,电子医生 / 生活,True,https://digimon.net/appmon_zh-CHS/detail.php?id=64
64,バイラモン,zh_hant,1,71,毒藥獸,增強 / 生活,True,https://digimon.net/appmon_zh-CHT/detail.php?id=64
64,バイラモン,zh_hant,2,104,醫生獸,醫生 / 生活,True,https://digimon.net/appmon_zh-CHT/detail.php?id=64
64,バイラモン,zh_hant,3,67,救援獸,救命 / 生活,True,https://digimon.net/appmon_zh-CHT/detail.php?id=64
65,スリープモン,ja,1,8,セットモン,設定 / ソーシャル,True,https://digimon.net/appmon/detail.php?id=65
65,スリープモン,ja,2,17,ヤドモン,ホテル / ナビ,True,https://digimon.net/appmon/detail.php?id=65
65,スリープモン,ja,3,102,ドリーモン,夢 / エンタメ,True,https://digimon.net/appmon/detail.php?id=65
65,スリープモン,ko,1,17,호텔몬,호텔 / 내비,True,https://digimon.net/appmon_ko/detail.php?id=65
65,スリープモン,ko,2,8,세팅몬,설정 / 소셜,True,https://digimon.net/appmon_ko/detail.php?id=65
65,スリープモン,ko,3,102,드리몬,꿈 / 엔터테인먼트,True,https://digimon.net/appmon_ko/detail.php?id=65
65,スリープモン,en,1,102,Dreammon,Dream / Entertainment,True,https://digimon.net/appmon_en/detail.php?id=65
65,スリープモン,en,2,17,Yadomon,Hotel  / Navi,True,https://digimon.net/appmon_en/detail.php?id=65
65,スリープモン,en,3,8,Setmon,Setup  / Social,True,https://digimon.net/appmon_en/detail.php?id=65
65,スリープモン,zh_hans,1,102,梦境兽,梦境 / 娱乐,True,https://digimon.net/appmon_zh-CHS/detail.php?id=65
65,スリープモン,zh_hans,2,8,设置兽,设置设定 / 社交,True,https://digimon.net/appmon_zh-CHS/detail.php?id=65
65,スリープモン,zh_hans,3,17,旅店兽,订房 / 导航,True,https://digimon.net/appmon_zh-CHS/detail.php?id=65
65,スリープモン,zh_hant,1,17,旅館獸,飯店 / 導航,True,https://digimon.net/appmon_zh-CHT/detail.php?id=65
65,スリープモン,zh_hant,2,8,設定獸,設定 / 社交,True,https://digimon.net/appmon_zh-CHT/detail.php?id=65
65,スリープモン,zh_hant,3,102,夢境獸,夢 / 娛樂,True,https://digimon.net/appmon_zh-CHT/detail.php?id=65
66,マッスルモン,ja,1,45,ドカモン,アクション / ゲーム,True,https://digimon.net/appmon/detail.php?id=66
66,マッスルモン,ja,2,93,ドスコモン,格闘 / ゲーム,True,https://digimon.net/appmon/detail.php?id=66
66,マッスルモン,ja,3,23,カリキュモン,電卓 / ツール,True,https://digimon.net/appmon/detail.php?id=66
66,マッスルモン,ko,1,93,도스코몬,격투 / 게임,True,https://digimon.net/appmon_ko/detail.php?id=66
66,マッスルモン,ko,2,23,칼큐몬,전자계산기 / 툴,True,https://digimon.net/appmon_ko/detail.php?id=66
66,マッスルモン,ko,3,94,브레몬,두뇌 트레이닝 / 게임,True,https://digimon.net/appmon_ko/detail.php?id=66
66,マッスルモン,en,1,23,Calcumon,Calculator  / Tool,True,https://digimon.net/appmon_en/detail.php?id=66
66,マッスルモン,en,2,49,Puzzlemon,Puzzle / Game,True,https://digimon.net/appmon_en/detail.php?id=66
66,マッスルモン,en,3,94,Bramon,Brain Training / Game,True,https://digimon.net/appmon_en/detail.php?id=66
66,マッスルモン,zh_hans,1,55,舔舔兽,美食 / 娱乐,True,https://digimon.net/appmon_zh-CHS/detail.php?id=66
66,マッスルモン,zh_hans,2,49,智谜兽,益智类游戏 / 游戏,True,https://digimon.net/appmon_zh-CHS/detail.php?id=66
66,マッスルモン,zh_hans,3,23,计算兽,计算器 / 工具,True,https://digimon.net/appmon_zh-CHS/detail.php?id=66
66,マッスルモン,zh_hant,1,94,大腦獸,腦力激盪 / 遊戲,True,https://digimon.net/appmon_zh-CHT/detail.php?id=66
66,マッスルモン,zh_hant,2,23,計算獸,計算機 / 工具,True,https://digimon.net/appmon_zh-CHT/detail.php?id=66
66,マッスルモン,zh_hant,3,49,益智獸,益智遊戲 / 遊戲,True,https://digimon.net/appmon_zh-CHT/detail.php?id=66
67,エイドモン,ja,1,104,ドクモン,ドクター / ライフ,True,https://digimon.net/appmon/detail.php?id=67
67,エイドモン,ja,2,103,メディックモン,メディカル / ライフ,True,https://digimon.net/appmon/detail.php?id=67
67,エイドモン,ja,3,69,スパモン,温泉 / ライフ,True,https://digimon.net/appmon/detail.php?id=67
67,エイドモン,ko,1,103,메딕몬,메디컬 / 라이프,True,https://digimon.net/appmon_ko/detail.php?id=67
67,エイドモン,ko,2,69,스파몬,온천 / 라이프,True,https://digimon.net/appmon_ko/detail.php?id=67
67,エイドモン,ko,3,71,도프몬,증강 / 라이프,True,https://digimon.net/appmon_ko/detail.php?id=67
67,エイドモン,en,1,64,Virusmon,Virus / Life,True,https://digimon.net/appmon_en/detail.php?id=67
67,エイドモン,en,2,70,Supplemon,Supplement / Life,True,https://digimon.net/appmon_en/detail.php?id=67
67,エイドモン,en,3,103,Medicmon,Medical  / Life,True,https://digimon.net/appmon_en/detail.php?id=67
67,エイドモン,zh_hans,1,64,病毒兽,病毒 / 生活,True,https://digimon.net/appmon_zh-CHS/detail.php?id=67
67,エイドモン,zh_hans,2,70,补药兽,调养保健 / 生活,True,https://digimon.net/appmon_zh-CHS/detail.php?id=67
67,エイドモン,zh_hans,3,104,怪医兽,电子医生 / 生活,True,https://digimon.net/appmon_zh-CHS/detail.php?id=67
67,エイドモン,zh_hant,1,64,病毒獸,病毒 / 生活,True,https://digimon.net/appmon_zh-CHT/detail.php?id=67
67,エイドモン,zh_hant,2,103,醫療獸,醫療 / 生活,True,https://digimon.net/appmon_zh-CHT/detail.php?id=67
67,エイドモン,zh_hant,3,70,補品獸,保健食品 / 生活,True,https://digimon.net/appmon_zh-CHT/detail.php?id=67
68,マネーモン,ja,1,62,ダイスモン,サイコロ / エンタメ,True,https://digimon.net/appmon/detail.php?id=68
68,マネーモン,ja,2,73,カケイモン,家計簿 / ライフ,True,https://digimon.net/appmon/detail.php?id=68
68,マネーモン,ja,3,105,コンサルモン,節約 / ライフ,True,https://digimon.net/appmon/detail.php?id=68
68,マネーモン,ko,1,35,페코몬,압축 / 시스템,True,https://digimon.net/appmon_ko/detail.php?id=68
68,マネーモン,ko,2,59,뽑몬,캡슐 뽑기 / 엔터테인먼트,True,https://digimon.net/appmon_ko/detail.php?id=68
68,マネーモン,ko,3,105,컨설몬,절약 / 라이프,True,https://digimon.net/appmon_ko/detail.php?id=68
68,マネーモン,en,1,60,Luckmon,Slot  / Entertainment,True,https://digimon.net/appmon_en/detail.php?id=68
68,マネーモン,en,2,105,Consulmon,Saving / Life,True,https://digimon.net/appmon_en/detail.php?id=68
68,マネーモン,en,3,40,Ecomon,Energy Saving / System,True,https://digimon.net/appmon_en/detail.php?id=68
68,マネーモン,zh_hans,1,59,扭蛋兽,扭蛋 / 娱乐,True,https://digimon.net/appmon_zh-CHS/detail.php?id=68
68,マネーモン,zh_hans,2,40,节能兽,节能环保 / 系统,True,https://digimon.net/appmon_zh-CHS/detail.php?id=68
68,マネーモン,zh_hans,3,101,维加斯兽,轮盘游戏 / 娱乐,True,https://digimon.net/appmon_zh-CHS/detail.php?id=68
68,マネーモン,zh_hant,1,40,節能獸,節能 / 系統,True,https://digimon.net/appmon_zh-CHT/detail.php?id=68
68,マネーモン,zh_hant,2,101,維加斯獸,輪盤 / 娛樂,True,https://digimon.net/appmon_zh-CHT/detail.php?id=68
68,マネーモン,zh_hant,3,60,幸運獸,老虎機 / 娛樂,True,https://digimon.net/appmon_zh-CHT/detail.php?id=68
69,スパモン,ja,1,70,サプリモン,サプリ / ライフ,True,https://digimon.net/appmon/detail.php?id=69
69,スパモン,ja,2,103,メディックモン,メディカル / ライフ,True,https://digimon.net/appmon/detail.php?id=69
69,スパモン,ja,3,67,エイドモン,救命 / ライフ,True,https://digimon.net/appmon/detail.php?id=69
69,スパモン,ko,1,103,메딕몬,메디컬 / 라이프,True,https://digimon.net/appmon_ko/detail.php?id=69
69,スパモン,ko,2,70,서플리몬,보충제 / 라이프,True,https://digimon.net/appmon_ko/detail.php?id=69
69,スパモン,ko,3,67,에이드몬,구조 / 라이프,True,https://digimon.net/appmon_ko/detail.php?id=69
69,スパモン,en,1,70,Supplemon,Supplement / Life,True,https://digimon.net/appmon_en/detail.php?id=69
69,スパモン,en,2,67,Aidmon,Rescue / Life,True,https://digimon.net/appmon_en/detail.php?id=69
69,スパモン,en,3,103,Medicmon,Medical  / Life,True,https://digimon.net/appmon_en/detail.php?id=69
69,スパモン,zh_hans,1,103,医生兽,医疗 / 生活,True,https://digimon.net/appmon_zh-CHS/detail.php?id=69
69,スパモン,zh_hans,2,70,补药兽,调养保健 / 生活,True,https://digimon.net/appmon_zh-CHS/detail.php?id=69
69,スパモン,zh_hans,3,67,救护兽,急救 / 生活,True,https://digimon.net/appmon_zh-CHS/detail.php?id=69
69,スパモン,zh_hant,1,67,救援獸,救命 / 生活,True,https://digimon.net/appmon_zh-CHT/detail.php?id=69
69,スパモン,zh_hant,2,70,補品獸,保健食品 / 生活,True,https://digimon.net/appmon_zh-CHT/detail.php?id=69
69,スパモン,zh_hant,3,103,醫療獸,醫療 / 生活,True,https://digimon.net/appmon_zh-CHT/detail.php?id=69
70,サプリモン,ja,1,69,スパモン,温泉 / ライフ,True,https://digimon.net/appmon/detail.php?id=70
70,サプリモン,ja,2,67,エイドモン,救命 / ライフ,True,https://digimon.net/appmon/detail.php?id=70
70,サプリモン,ja,3,103,メディックモン,メディカル / ライフ,True,https://digimon.net/appmon/detail.php?id=70
70,サプリモン,ko,1,67,에이드몬,구조 / 라이프,True,https://digimon.net/appmon_ko/detail.php?id=70
70,サプリモン,ko,2,103,메딕몬,메디컬 / 라이프,True,https://digimon.net/appmon_ko/detail.php?id=70
70,サプリモン,ko,3,69,스파몬,온천 / 라이프,True,https://digimon.net/appmon_ko/detail.php?id=70
70,サプリモン,en,1,69,Spamon,Spa / Life,True,https://digimon.net/appmon_en/detail.php?id=70
70,サプリモン,en,2,103,Medicmon,Medical  / Life,True,https://digimon.net/appmon_en/detail.php?id=70
70,サプリモン,en,3,67,Aidmon,Rescue / Life,True,https://digimon.net/appmon_en/detail.php?id=70
70,サプリモン,zh_hans,1,67,救护兽,急救 / 生活,True,https://digimon.net/appmon_zh-CHS/detail.php?id=70
70,サプリモン,zh_hans,2,103,医生兽,医疗 / 生活,True,https://digimon.net/appmon_zh-CHS/detail.php?id=70
70,サプリモン,zh_hans,3,69,水疗兽,温泉 / 生活,True,https://digimon.net/appmon_zh-CHS/detail.php?id=70
70,サプリモン,zh_hant,1,103,醫療獸,醫療 / 生活,True,https://digimon.net/appmon_zh-CHT/detail.php?id=70
70,サプリモン,zh_hant,2,67,救援獸,救命 / 生活,True,https://digimon.net/appmon_zh-CHT/detail.php?id=70
70,サプリモン,zh_hant,3,69,溫泉獸,溫泉 / 生活,True,https://digimon.net/appmon_zh-CHT/detail.php?id=70
71,ドープモン,ja,1,67,エイドモン,救命 / ライフ,True,https://digimon.net/appmon/detail.php?id=71
71,ドープモン,ja,2,104,ドクモン,ドクター / ライフ,True,https://digimon.net/appmon/detail.php?id=71
71,ドープモン,ja,3,64,バイラモン,ウィルス / ライフ,True,https://digimon.net/appmon/detail.php?id=71
71,ドープモン,ko,1,67,에이드몬,구조 / 라이프,True,https://digimon.net/appmon_ko/detail.php?id=71
71,ドープモン,ko,2,104,닥몬,닥터 / 라이프,True,https://digimon.net/appmon_ko/detail.php?id=71
71,ドープモン,ko,3,64,바이러몬,바이러스 / 라이프,True,https://digimon.net/appmon_ko/detail.php?id=71
71,ドープモン,en,1,64,Virusmon,Virus / Life,True,https://digimon.net/appmon_en/detail.php?id=71
71,ドープモン,en,2,67,Aidmon,Rescue / Life,True,https://digimon.net/appmon_en/detail.php?id=71
71,ドープモン,en,3,104,Docmon,Doctor  / Life,True,https://digimon.net/appmon_en/detail.php?id=71
71,ドープモン,zh_hans,1,104,怪医兽,电子医生 / 生活,True,https://digimon.net/appmon_zh-CHS/detail.php?id=71
71,ドープモン,zh_hans,2,64,病毒兽,病毒 / 生活,True,https://digimon.net/appmon_zh-CHS/detail.php?id=71
71,ドープモン,zh_hans,3,67,救护兽,急救 / 生活,True,https://digimon.net/appmon_zh-CHS/detail.php?id=71
71,ドープモン,zh_hant,1,64,病毒獸,病毒 / 生活,True,https://digimon.net/appmon_zh-CHT/detail.php?id=71
71,ドープモン,zh_hant,2,67,救援獸,救命 / 生活,True,https://digimon.net/appmon_zh-CHT/detail.php?id=71
71,ドープモン,zh_hant,3,104,醫生獸,醫生 / 生活,True,https://digimon.net/appmon_zh-CHT/detail.php?id=71
72,オクショモン,ja,1,99,コーデモン,コーディネート / エンタメ,True,https://digimon.net/appmon/detail.php?id=72
72,オクショモン,ja,2,74,カイモン,ショッピング / ライフ,True,https://digimon.net/appmon/detail.php?id=72
72,オクショモン,ja,3,57,ドレスモン,ファッション / エンタメ,True,https://digimon.net/appmon/detail.php?id=72
72,オクショモン,ko,1,57,드레스몬,패션 / 엔터테인먼트,True,https://digimon.net/appmon_ko/detail.php?id=72
72,オクショモン,ko,2,74,쇼핑몬,쇼핑 / 라이프,True,https://digimon.net/appmon_ko/detail.php?id=72
72,オクショモン,ko,3,99,코디몬,코디네이트 / 엔터테인먼트,True,https://digimon.net/appmon_ko/detail.php?id=72
72,オクショモン,en,1,74,Kaimon,Shopping / Life,True,https://digimon.net/appmon_en/detail.php?id=72
72,オクショモン,en,2,57,Dressmon,Fashion / Entertainment,True,https://digimon.net/appmon_en/detail.php?id=72
72,オクショモン,en,3,25,Mirrormon,Mirror / Tool,True,https://digimon.net/appmon_en/detail.php?id=72
72,オクショモン,zh_hans,1,25,镜面兽,镜子 / 工具,True,https://digimon.net/appmon_zh-CHS/detail.php?id=72
72,オクショモン,zh_hans,2,74,购物兽,购物 / 生活,True,https://digimon.net/appmon_zh-CHS/detail.php?id=72
72,オクショモン,zh_hans,3,99,品衣兽,时尚穿搭 / 娱乐,True,https://digimon.net/appmon_zh-CHS/detail.php?id=72
72,オクショモン,zh_hant,1,57,服裝獸,時尚 / 娛樂,True,https://digimon.net/appmon_zh-CHT/detail.php?id=72
72,オクショモン,zh_hant,2,99,穿搭獸,服裝搭配 / 娛樂,True,https://digimon.net/appmon_zh-CHT/detail.php?id=72
72,オクショモン,zh_hant,3,25,鏡子獸,鏡子 / 工具,True,https://digimon.net/appmon_zh-CHT/detail.php?id=72
73,カケイモン,ja,1,105,コンサルモン,節約 / ライフ,True,https://digimon.net/appmon/detail.php?id=73
73,カケイモン,ja,2,40,エコモン,省エネ / システム,True,https://digimon.net/appmon/detail.php?id=73
73,カケイモン,ja,3,68,マネーモン,電子マネー / ライフ,True,https://digimon.net/appmon/detail.php?id=73
73,カケイモン,ko,1,40,에코몬,에너지 절약 / 시스템,True,https://digimon.net/appmon_ko/detail.php?id=73
73,カケイモン,ko,2,105,컨설몬,절약 / 라이프,True,https://digimon.net/appmon_ko/detail.php?id=73
73,カケイモン,ko,3,35,페코몬,압축 / 시스템,True,https://digimon.net/appmon_ko/detail.php?id=73
73,カケイモン,en,1,68,Moneymon,eMoney / Life,True,https://digimon.net/appmon_en/detail.php?id=73
73,カケイモン,en,2,105,Consulmon,Saving / Life,True,https://digimon.net/appmon_en/detail.php?id=73
73,カケイモン,en,3,35,Pekomon,Compression / System,True,https://digimon.net/appmon_en/detail.php?id=73
73,カケイモン,zh_hans,1,40,节能兽,节能环保 / 系统,True,https://digimon.net/appmon_zh-CHS/detail.php?id=73
73,カケイモン,zh_hans,2,35,扁扁兽,压缩 / 系统,True,https://digimon.net/appmon_zh-CHS/detail.php?id=73
73,カケイモン,zh_hans,3,68,财富兽,电子支付 / 生活,True,https://digimon.net/appmon_zh-CHS/detail.php?id=73
73,カケイモン,zh_hant,1,105,顧問獸,節約 / 生活,True,https://digimon.net/appmon_zh-CHT/detail.php?id=73
73,カケイモン,zh_hant,2,35,壓縮獸,壓縮 / 系統,True,https://digimon.net/appmon_zh-CHT/detail.php?id=73
73,カケイモン,zh_hant,3,68,提款機獸,電子貨幣 / 生活,True,https://digimon.net/appmon_zh-CHT/detail.php?id=73
74,カイモン,ja,1,57,ドレスモン,ファッション / エンタメ,True,https://digimon.net/appmon/detail.php?id=74
74,カイモン,ja,2,99,コーデモン,コーディネート / エンタメ,True,https://digimon.net/appmon/detail.php?id=74
74,カイモン,ja,3,72,オクショモン,オークション / ライフ,True,https://digimon.net/appmon/detail.php?id=74
74,カイモン,ko,1,72,옥셔몬,경매 / 라이프,True,https://digimon.net/appmon_ko/detail.php?id=74
74,カイモン,ko,2,57,드레스몬,패션 / 엔터테인먼트,True,https://digimon.net/appmon_ko/detail.php?id=74
74,カイモン,ko,3,99,코디몬,코디네이트 / 엔터테인먼트,True,https://digimon.net/appmon_ko/detail.php?id=74
74,カイモン,en,1,99,Coordemon,Coordinate / Entertainment,True,https://digimon.net/appmon_en/detail.php?id=74
74,カイモン,en,2,72,Auctiomon,Auction / Life,True,https://digimon.net/appmon_en/detail.php?id=74
74,カイモン,en,3,57,Dressmon,Fashion / Entertainment,True,https://digimon.net/appmon_en/detail.php?id=74
74,カイモン,zh_hans,1,57,洋装兽,时尚 / 娱乐,True,https://digimon.net/appmon_zh-CHS/detail.php?id=74
74,カイモン,zh_hans,2,72,拍卖兽,拍卖 / 生活,True,https://digimon.net/appmon_zh-CHS/detail.php?id=74
74,カイモン,zh_hans,3,99,品衣兽,时尚穿搭 / 娱乐,True,https://digimon.net/appmon_zh-CHS/detail.php?id=74
74,カイモン,zh_hant,1,25,鏡子獸,鏡子 / 工具,True,https://digimon.net/appmon_zh-CHT/detail.php?id=74
74,カイモン,zh_hant,2,57,服裝獸,時尚 / 娛樂,True,https://digimon.net/appmon_zh-CHT/detail.php?id=74
74,カイモン,zh_hant,3,99,穿搭獸,服裝搭配 / 娛樂,True,https://digimon.net/appmon_zh-CHT/detail.php?id=74
75,ジショモン,ja,1,58,ブックモン,電子書籍 / エンタメ,True,https://digimon.net/appmon/detail.php?id=75
75,ジショモン,ja,2,106,ライブラモン,図書館 / ライフ,True,https://digimon.net/appmon/detail.php?id=75
75,ジショモン,ja,3,8,セットモン,設定 / ソーシャル,True,https://digimon.net/appmon/detail.php?id=75
75,ジショモン,ko,1,58,북몬,e북 / 엔터테인먼트,True,https://digimon.net/appmon_ko/detail.php?id=75
75,ジショモン,ko,2,8,세팅몬,설정 / 소셜,True,https://digimon.net/appmon_ko/detail.php?id=75
75,ジショモン,ko,3,106,라이브러몬,도서관 / 라이프,True,https://digimon.net/appmon_ko/detail.php?id=75
75,ジショモン,en,1,58,Bookmon,eBook / Entertainment,True,https://digimon.net/appmon_en/detail.php?id=75
75,ジショモン,en,2,8,Setmon,Setup  / Social,True,https://digimon.net/appmon_en/detail.php?id=75
75,ジショモン,en,3,106,Libramon,Library / Life,True,https://digimon.net/appmon_en/detail.php?id=75
75,ジショモン,zh_hans,1,8,设置兽,设置设定 / 社交,True,https://digimon.net/appmon_zh-CHS/detail.php?id=75
75,ジショモン,zh_hans,2,58,书本兽,电子书 / 娱乐,True,https://digimon.net/appmon_zh-CHS/detail.php?id=75
75,ジショモン,zh_hans,3,106,书库兽,图书馆 / 生活,True,https://digimon.net/appmon_zh-CHS/detail.php?id=75
75,ジショモン,zh_hant,1,8,設定獸,設定 / 社交,True,https://digimon.net/appmon_zh-CHT/detail.php?id=75
75,ジショモン,zh_hant,2,106,圖書館獸,圖書館 / 生活,True,https://digimon.net/appmon_zh-CHT/detail.php?id=75
75,ジショモン,zh_hant,3,58,書本獸,電子書籍 / 娛樂,True,https://digimon.net/appmon_zh-CHT/detail.php?id=75
76,ロギモン,ja,1,43,オンモン,オンライン / ゲーム,True,https://digimon.net/appmon/detail.php?id=76
76,ロギモン,ja,2,121,リブートモン,再起動 / ゴッド,True,https://digimon.net/appmon/detail.php?id=76
76,ロギモン,ja,3,87,クラフトモン,設計 / ツール,True,https://digimon.net/appmon/detail.php?id=76
76,ロギモン,ko,1,112,부팅몬,슈퍼 부팅 / 툴,True,https://digimon.net/appmon_ko/detail.php?id=76
76,ロギモン,ko,2,121,리부트몬,재부팅 / 하나님,True,https://digimon.net/appmon_ko/detail.php?id=76
76,ロギモン,ko,3,87,크래프트몬,설계 / 툴,True,https://digimon.net/appmon_ko/detail.php?id=76
76,ロギモン,en,1,121,Rebootmon,Reboot  / God,True,https://digimon.net/appmon_en/detail.php?id=76
76,ロギモン,en,2,87,Craftmon,Design / Tool,True,https://digimon.net/appmon_en/detail.php?id=76
76,ロギモン,en,3,112,Bootmon,Super Boot / Tool,True,https://digimon.net/appmon_en/detail.php?id=76
76,ロギモン,zh_hans,1,112,启动兽,超级启动 / 工具,True,https://digimon.net/appmon_zh-CHS/detail.php?id=76
76,ロギモン,zh_hans,2,43,上线兽,上线 / 游戏,True,https://digimon.net/appmon_zh-CHS/detail.php?id=76
76,ロギモン,zh_hans,3,87,天工兽,设计 / 工具,True,https://digimon.net/appmon_zh-CHS/detail.php?id=76
76,ロギモン,zh_hant,1,43,連線獸,連線 / 遊戲,True,https://digimon.net/appmon_zh-CHT/detail.php?id=76
76,ロギモン,zh_hant,2,87,工藝獸,設計 / 工具,True,https://digimon.net/appmon_zh-CHT/detail.php?id=76
76,ロギモン,zh_hant,3,112,開機獸,超級啟動 / 工具,True,https://digimon.net/appmon_zh-CHT/detail.php?id=76
77,ロガモン,ja,1,121,リブートモン,再起動 / ゴッド,True,https://digimon.net/appmon/detail.php?id=77
77,ロガモン,ja,2,113,シャットモン,強制終了 / ツール,True,https://digimon.net/appmon/detail.php?id=77
77,ロガモン,ja,3,44,オフモン,オフライン / ゲーム,True,https://digimon.net/appmon/detail.php?id=77
77,ロガモン,ko,1,44,오프몬,오프라인 / 게임,True,https://digimon.net/appmon_ko/detail.php?id=77
77,ロガモン,ko,2,84,타임몬,타임 슬립 / 툴,True,https://digimon.net/appmon_ko/detail.php?id=77
77,ロガモン,ko,3,113,셧몬,강제 종료 / 툴,True,https://digimon.net/appmon_ko/detail.php?id=77
77,ロガモン,en,1,121,Rebootmon,Reboot  / God,True,https://digimon.net/appmon_en/detail.php?id=77
77,ロガモン,en,2,44,Offmon,Offline / Game,True,https://digimon.net/appmon_en/detail.php?id=77
77,ロガモン,en,3,113,Shutmon,Forced Termination  / Tool,True,https://digimon.net/appmon_en/detail.php?id=77
77,ロガモン,zh_hans,1,121,重启兽,重启 / 神,True,https://digimon.net/appmon_zh-CHS/detail.php?id=77
77,ロガモン,zh_hans,2,44,离线兽,离线 / 游戏,True,https://digimon.net/appmon_zh-CHS/detail.php?id=77
77,ロガモン,zh_hans,3,113,关闭兽,强制结束 / 工具,True,https://digimon.net/appmon_zh-CHS/detail.php?id=77
77,ロガモン,zh_hant,1,113,關機獸,強制結束 / 工具,True,https://digimon.net/appmon_zh-CHT/detail.php?id=77
77,ロガモン,zh_hant,2,84,時間獸,時光機 / 工具,True,https://digimon.net/appmon_zh-CHT/detail.php?id=77
77,ロガモン,zh_hant,3,44,離線獸,離線 / 遊戲,True,https://digimon.net/appmon_zh-CHT/detail.php?id=77
78,ドガッチモン,ja,1,122,ガイアモン,創造 / ゴッド,True,https://digimon.net/appmon/detail.php?id=78
78,ドガッチモン,ja,2,12,ナビモン,ナビ / ナビ,True,https://digimon.net/appmon/detail.php?id=78
78,ドガッチモン,ja,3,107,グローブモン,グローバル / ソーシャル,True,https://digimon.net/appmon/detail.php?id=78
78,ドガッチモン,ko,1,107,글로브몬,글로벌 / 소셜,True,https://digimon.net/appmon_ko/detail.php?id=78
78,ドガッチモン,ko,2,84,타임몬,타임 슬립 / 툴,True,https://digimon.net/appmon_ko/detail.php?id=78
78,ドガッチモン,ko,3,12,내비몬,내비 / 내비,True,https://digimon.net/appmon_ko/detail.php?id=78
78,ドガッチモン,en,1,107,Globemon,Global  / Social,True,https://digimon.net/appmon_en/detail.php?id=78
78,ドガッチモン,en,2,12,Navimon,Navi  / Navi,True,https://digimon.net/appmon_en/detail.php?id=78
78,ドガッチモン,en,3,122,Gaiamon,Creation / God,True,https://digimon.net/appmon_en/detail.php?id=78
78,ドガッチモン,zh_hans,1,1,盖奇兽,搜索 / 社交,True,https://digimon.net/appmon_zh-CHS/detail.php?id=78
78,ドガッチモン,zh_hans,2,122,盖亚兽,创造 / 神,True,https://digimon.net/appmon_zh-CHS/detail.php?id=78
78,ドガッチモン,zh_hans,3,84,时间兽,时间跳跃 / 工具,True,https://digimon.net/appmon_zh-CHS/detail.php?id=78
78,ドガッチモン,zh_hant,1,84,時間獸,時光機 / 工具,True,https://digimon.net/appmon_zh-CHT/detail.php?id=78
78,ドガッチモン,zh_hant,2,1,蓋奇獸,搜索 / 社交,True,https://digimon.net/appmon_zh-CHT/detail.php?id=78
78,ドガッチモン,zh_hant,3,122,蓋亞獸,創造 / 神,True,https://digimon.net/appmon_zh-CHT/detail.php?id=78
79,ソーシャモン,ja,1,2,コールモン,電話 / ソーシャル,True,https://digimon.net/appmon/detail.php?id=79
79,ソーシャモン,ja,2,108,カリスモン,マインドコントロール / ソーシャル,True,https://digimon.net/appmon/detail.php?id=79
79,ソーシャモン,ja,3,80,ゴシップモン,ゴシップ / ソーシャル,True,https://digimon.net/appmon/detail.php?id=79
79,ソーシャモン,ko,1,108,카리스몬,마인드 컨트롤 / 소셜,True,https://digimon.net/appmon_ko/detail.php?id=79
79,ソーシャモン,ko,2,80,가십몬,가십 / 소셜,True,https://digimon.net/appmon_ko/detail.php?id=79
79,ソーシャモン,ko,3,2,콜몬,전화 / 소셜,True,https://digimon.net/appmon_ko/detail.php?id=79
79,ソーシャモン,en,1,108,Charismon,Mind Control  / Social,True,https://digimon.net/appmon_en/detail.php?id=79
79,ソーシャモン,en,2,80,Gossipmon,Gossip / Social,True,https://digimon.net/appmon_en/detail.php?id=79
79,ソーシャモン,en,3,9,Messemon,Message / Social,True,https://digimon.net/appmon_en/detail.php?id=79
79,ソーシャモン,zh_hans,1,2,电话兽,电话 / 社交,True,https://digimon.net/appmon_zh-CHS/detail.php?id=79
79,ソーシャモン,zh_hans,2,108,领袖兽,精神控制 / 社交,True,https://digimon.net/appmon_zh-CHS/detail.php?id=79
79,ソーシャモン,zh_hans,3,80,闲言兽,闲话八卦 / 社交,True,https://digimon.net/appmon_zh-CHS/detail.php?id=79
79,ソーシャモン,zh_hant,1,80,傳聞獸,傳聞 / 社交,True,https://digimon.net/appmon_zh-CHT/detail.php?id=79
79,ソーシャモン,zh_hant,2,108,領袖獸,精神控制 / 社交,True,https://digimon.net/appmon_zh-CHT/detail.php?id=79
79,ソーシャモン,zh_hant,3,2,電話獸,電話 / 社交,True,https://digimon.net/appmon_zh-CHT/detail.php?id=79
80,ゴシップモン,ja,1,79,ソーシャモン,ＳＮＳ / ソーシャル,True,https://digimon.net/appmon/detail.php?id=80
80,ゴシップモン,ja,2,7,レビューモン,口コミ / ソーシャル,True,https://digimon.net/appmon/detail.php?id=80
80,ゴシップモン,ja,3,108,カリスモン,マインドコントロール / ソーシャル,True,https://digimon.net/appmon/detail.php?id=80
80,ゴシップモン,ko,1,7,리뷰몬,리뷰 / 소셜,True,https://digimon.net/appmon_ko/detail.php?id=80
80,ゴシップモン,ko,2,18,뉴스몬,뉴스 / 내비,True,https://digimon.net/appmon_ko/detail.php?id=80
80,ゴシップモン,ko,3,79,소셔몬,SNS / 소셜,True,https://digimon.net/appmon_ko/detail.php?id=80
80,ゴシップモン,en,1,79,Sociamon,SNS / Social,True,https://digimon.net/appmon_en/detail.php?id=80
80,ゴシップモン,en,2,18,Newsmon,News / Navi,True,https://digimon.net/appmon_en/detail.php?id=80
80,ゴシップモン,en,3,108,Charismon,Mind Control  / Social,True,https://digimon.net/appmon_en/detail.php?id=80
80,ゴシップモン,zh_hans,1,7,评论兽,点评 / 社交,True,https://digimon.net/appmon_zh-CHS/detail.php?id=80
80,ゴシップモン,zh_hans,2,108,领袖兽,精神控制 / 社交,True,https://digimon.net/appmon_zh-CHS/detail.php?id=80
80,ゴシップモン,zh_hans,3,18,新闻兽,新闻 / 导航,True,https://digimon.net/appmon_zh-CHS/detail.php?id=80
80,ゴシップモン,zh_hant,1,108,領袖獸,精神控制 / 社交,True,https://digimon.net/appmon_zh-CHT/detail.php?id=80
80,ゴシップモン,zh_hant,2,18,新聞獸,新聞 / 導航,True,https://digimon.net/appmon_zh-CHT/detail.php?id=80
80,ゴシップモン,zh_hant,3,7,評論獸,評論 / 社交,True,https://digimon.net/appmon_zh-CHT/detail.php?id=80
81,スカシモン,ja,1,7,レビューモン,口コミ / ソーシャル,True,https://digimon.net/appmon/detail.php?id=81
81,スカシモン,ja,2,64,バイラモン,ウィルス / ライフ,True,https://digimon.net/appmon/detail.php?id=81
81,スカシモン,ja,3,2,コールモン,電話 / ソーシャル,True,https://digimon.net/appmon/detail.php?id=81
81,スカシモン,ko,1,70,서플리몬,보충제 / 라이프,True,https://digimon.net/appmon_ko/detail.php?id=81
81,スカシモン,ko,2,33,핵몬,해킹 / 시스템,True,https://digimon.net/appmon_ko/detail.php?id=81
81,スカシモン,ko,3,7,리뷰몬,리뷰 / 소셜,True,https://digimon.net/appmon_ko/detail.php?id=81
81,スカシモン,en,1,7,Reviewmon,Review / Social,True,https://digimon.net/appmon_en/detail.php?id=81
81,スカシモン,en,2,2,Callmon,Phone / Social,True,https://digimon.net/appmon_en/detail.php?id=81
81,スカシモン,en,3,70,Supplemon,Supplement / Life,True,https://digimon.net/appmon_en/detail.php?id=81
81,スカシモン,zh_hans,1,7,评论兽,点评 / 社交,True,https://digimon.net/appmon_zh-CHS/detail.php?id=81
81,スカシモン,zh_hans,2,33,黑客兽,破解入侵 / 系统,True,https://digimon.net/appmon_zh-CHS/detail.php?id=81
81,スカシモン,zh_hans,3,27,手表兽,时钟 / 工具,True,https://digimon.net/appmon_zh-CHS/detail.php?id=81
81,スカシモン,zh_hant,1,2,電話獸,電話 / 社交,True,https://digimon.net/appmon_zh-CHT/detail.php?id=81
81,スカシモン,zh_hant,2,7,評論獸,評論 / 社交,True,https://digimon.net/appmon_zh-CHT/detail.php?id=81
81,スカシモン,zh_hant,3,64,病毒獸,病毒 / 生活,True,https://digimon.net/appmon_zh-CHT/detail.php?id=81
82,トリップモン,ja,1,16,コンパスモン,コンパス / ナビ,True,https://digimon.net/appmon/detail.php?id=82
82,トリップモン,ja,2,86,スコープモン,監視 / ツール,True,https://digimon.net/appmon/detail.php?id=82
82,トリップモン,ja,3,110,サテラモン,GPS / ナビ,True,https://digimon.net/appmon/detail.php?id=82
82,トリップモン,ko,1,16,컴퍼스몬,나침반 / 내비,True,https://digimon.net/appmon_ko/detail.php?id=82
82,トリップモン,ko,2,14,열차몬,환승 / 내비,True,https://digimon.net/appmon_ko/detail.php?id=82
82,トリップモン,ko,3,86,스코프몬,감시 / 툴,True,https://digimon.net/appmon_ko/detail.php?id=82
82,トリップモン,en,1,110,Satellamon,GPS / Navi,True,https://digimon.net/appmon_en/detail.php?id=82
82,トリップモン,en,2,14,Resshamon,Transfer / Navi,True,https://digimon.net/appmon_en/detail.php?id=82
82,トリップモン,en,3,86,Scopemon,Monitoring / Tool,True,https://digimon.net/appmon_en/detail.php?id=82
82,トリップモン,zh_hans,1,110,卫星兽,GPS / 导航,True,https://digimon.net/appmon_zh-CHS/detail.php?id=82
82,トリップモン,zh_hans,2,86,天眼兽,监视 / 工具,True,https://digimon.net/appmon_zh-CHS/detail.php?id=82
82,トリップモン,zh_hans,3,14,列车兽,乘车查询 / 导航,True,https://digimon.net/appmon_zh-CHS/detail.php?id=82
82,トリップモン,zh_hant,1,110,衛星獸,GPS / 導航,True,https://digimon.net/appmon_zh-CHT/detail.php?id=82
82,トリップモン,zh_hant,2,16,指南針獸,指南針 / 導航,True,https://digimon.net/appmon_zh-CHT/detail.php?id=82
82,トリップモン,zh_hant,3,14,列車獸,轉乘 / 導航,True,https://digimon.net/appmon_zh-CHT/detail.php?id=82
83,ウェザドラモン,ja,1,111,コメットモン,天体 / ナビ,True,https://digimon.net/appmon/detail.php?id=83
83,ウェザドラモン,ja,2,15,ウェザーモン,天気 / ナビ,True,https://digimon.net/appmon/detail.php?id=83
83,ウェザドラモン,ja,3,91,ワープモン,転送 / システム,True,https://digimon.net/appmon/detail.php?id=83
83,ウェザドラモン,ko,1,111,코멧몬,천체 / 내비,True,https://digimon.net/appmon_ko/detail.php?id=83
83,ウェザドラモン,ko,2,91,워프몬,전송 / 시스템,True,https://digimon.net/appmon_ko/detail.php?id=83
83,ウェザドラモン,ko,3,11,로켓몬,로켓 / 내비,True,https://digimon.net/appmon_ko/detail.php?id=83
83,ウェザドラモン,en,1,11,Rocketmon,Rocket / Navi,True,https://digimon.net/appmon_en/detail.php?id=83
83,ウェザドラモン,en,2,111,Cometmon,Astronomy / Navi,True,https://digimon.net/appmon_en/detail.php?id=83
83,ウェザドラモン,en,3,91,Warpmon,Transmission / System,True,https://digimon.net/appmon_en/detail.php?id=83
83,ウェザドラモン,zh_hans,1,15,天气兽,天气 / 导航,True,https://digimon.net/appmon_zh-CHS/detail.php?id=83
83,ウェザドラモン,zh_hans,2,111,彗星兽,天体 / 导航,True,https://digimon.net/appmon_zh-CHS/detail.php?id=83
83,ウェザドラモン,zh_hans,3,11,火箭兽,火箭 / 导航,True,https://digimon.net/appmon_zh-CHS/detail.php?id=83
83,ウェザドラモン,zh_hant,1,15,天氣獸,天氣 / 導航,True,https://digimon.net/appmon_zh-CHT/detail.php?id=83
83,ウェザドラモン,zh_hant,2,11,火箭獸,火箭 / 導航,True,https://digimon.net/appmon_zh-CHT/detail.php?id=83
83,ウェザドラモン,zh_hant,3,91,傳送獸,傳送 / 系統,True,https://digimon.net/appmon_zh-CHT/detail.php?id=83
84,タイムモン,ja,1,113,シャットモン,強制終了 / ツール,True,https://digimon.net/appmon/detail.php?id=84
84,タイムモン,ja,2,78,ドガッチモン,超検索 / ソーシャル,True,https://digimon.net/appmon/detail.php?id=84
84,タイムモン,ja,3,77,ロガモン,ログオフ / ソーシャル,True,https://digimon.net/appmon/detail.php?id=84
84,タイムモン,ko,1,78,슈퍼 서치몬,슈퍼 검색 / 소셜,True,https://digimon.net/appmon_ko/detail.php?id=84
84,タイムモン,ko,2,77,로간몬,로그아웃 / 소셜,True,https://digimon.net/appmon_ko/detail.php?id=84
84,タイムモン,ko,3,113,셧몬,강제 종료 / 툴,True,https://digimon.net/appmon_ko/detail.php?id=84
84,タイムモン,en,1,113,Shutmon,Forced Termination  / Tool,True,https://digimon.net/appmon_en/detail.php?id=84
84,タイムモン,en,2,107,Globemon,Global  / Social,True,https://digimon.net/appmon_en/detail.php?id=84
84,タイムモン,en,3,77,Logamon,Logoff / Social,True,https://digimon.net/appmon_en/detail.php?id=84
84,タイムモン,zh_hans,1,77,洛迦兽,注销 / 社交,True,https://digimon.net/appmon_zh-CHS/detail.php?id=84
84,タイムモン,zh_hans,2,113,关闭兽,强制结束 / 工具,True,https://digimon.net/appmon_zh-CHS/detail.php?id=84
84,タイムモン,zh_hans,3,78,大盖奇兽,超级搜索 / 社交,True,https://digimon.net/appmon_zh-CHS/detail.php?id=84
84,タイムモン,zh_hant,1,77,登出獸,登出 / 社交,True,https://digimon.net/appmon_zh-CHT/detail.php?id=84
84,タイムモン,zh_hant,2,113,關機獸,強制結束 / 工具,True,https://digimon.net/appmon_zh-CHT/detail.php?id=84
84,タイムモン,zh_hant,3,107,全球獸,全球 / 社交,True,https://digimon.net/appmon_zh-CHT/detail.php?id=84
85,ロアモン,ja,1,97,エフェクモン,エフェクト / エンタメ,True,https://digimon.net/appmon/detail.php?id=85
85,ロアモン,ja,2,114,フェイクモン,偽装 / ツール,True,https://digimon.net/appmon/detail.php?id=85
85,ロアモン,ja,3,30,オンパモン,超音波 / ツール,True,https://digimon.net/appmon/detail.php?id=85
85,ロアモン,ko,1,114,페이크몬,위장 / 툴,True,https://digimon.net/appmon_ko/detail.php?id=85
85,ロアモン,ko,2,30,음파몬,초음파 / 툴,True,https://digimon.net/appmon_ko/detail.php?id=85
85,ロアモン,ko,3,5,언어몬,번역 / 소셜,True,https://digimon.net/appmon_ko/detail.php?id=85
85,ロアモン,en,1,30,Onpamon,Ultrasound / Tool,True,https://digimon.net/appmon_en/detail.php?id=85
85,ロアモン,en,2,97,Effecmon,Effect / Entertainment,True,https://digimon.net/appmon_en/detail.php?id=85
85,ロアモン,en,3,114,Fakemon,Camouflage / Tool,True,https://digimon.net/appmon_en/detail.php?id=85
85,ロアモン,zh_hans,1,97,特效兽,特效 / 娱乐,True,https://digimon.net/appmon_zh-CHS/detail.php?id=85
85,ロアモン,zh_hans,2,5,语言兽,翻译 / 社交,True,https://digimon.net/appmon_zh-CHS/detail.php?id=85
85,ロアモン,zh_hans,3,30,声波兽,超声波 / 工具,True,https://digimon.net/appmon_zh-CHS/detail.php?id=85
85,ロアモン,zh_hant,1,30,音波獸,超音波 / 工具,True,https://digimon.net/appmon_zh-CHT/detail.php?id=85
85,ロアモン,zh_hant,2,97,效果獸,效果 / 娛樂,True,https://digimon.net/appmon_zh-CHT/detail.php?id=85
85,ロアモン,zh_hant,3,5,語言獸,翻譯 / 社交,True,https://digimon.net/appmon_zh-CHT/detail.php?id=85
86,スコープモン,ja,1,21,キャメラモン,カメラ / ツール,True,https://digimon.net/appmon/detail.php?id=86
86,スコープモン,ja,2,82,トリップモン,旅行 / ナビ,True,https://digimon.net/appmon/detail.php?id=86
86,スコープモン,ja,3,110,サテラモン,GPS / ナビ,True,https://digimon.net/appmon/detail.php?id=86
86,スコープモン,ko,1,82,트립몬,여행 / 내비,True,https://digimon.net/appmon_ko/detail.php?id=86
86,スコープモン,ko,2,21,카메라몬,카메라 / 툴,True,https://digimon.net/appmon_ko/detail.php?id=86
86,スコープモン,ko,3,110,새틀라몬,GPS / 내비,True,https://digimon.net/appmon_ko/detail.php?id=86
86,スコープモン,en,1,82,Tripmon,Trip / Navi,True,https://digimon.net/appmon_en/detail.php?id=86
86,スコープモン,en,2,110,Satellamon,GPS / Navi,True,https://digimon.net/appmon_en/detail.php?id=86
86,スコープモン,en,3,46,Shotmon,Shooting / Game,True,https://digimon.net/appmon_en/detail.php?id=86
86,スコープモン,zh_hans,1,21,摄影兽,照相 / 工具,True,https://digimon.net/appmon_zh-CHS/detail.php?id=86
86,スコープモン,zh_hans,2,82,云游兽,旅行 / 导航,True,https://digimon.net/appmon_zh-CHS/detail.php?id=86
86,スコープモン,zh_hans,3,110,卫星兽,GPS / 导航,True,https://digimon.net/appmon_zh-CHS/detail.php?id=86
86,スコープモン,zh_hant,1,46,射擊獸,射擊 / 遊戲,True,https://digimon.net/appmon_zh-CHT/detail.php?id=86
86,スコープモン,zh_hant,2,82,旅行獸,旅行 / 導航,True,https://digimon.net/appmon_zh-CHT/detail.php?id=86
86,スコープモン,zh_hant,3,21,攝影獸,相機 / 工具,True,https://digimon.net/appmon_zh-CHT/detail.php?id=86
87,クラフトモン,ja,1,39,カベモン,壁紙 / システム,True,https://digimon.net/appmon/detail.php?id=87
87,クラフトモン,ja,2,24,ゴミモン,ごみ箱 / ツール,True,https://digimon.net/appmon/detail.php?id=87
87,クラフトモン,ja,3,112,ブートモン,超起動 / ツール,True,https://digimon.net/appmon/detail.php?id=87
87,クラフトモン,ko,1,76,로긴몬,로그인 / 소셜,True,https://digimon.net/appmon_ko/detail.php?id=87
87,クラフトモン,ko,2,24,트래쉬몬,쓰레기통 / 툴,True,https://digimon.net/appmon_ko/detail.php?id=87
87,クラフトモン,ko,3,112,부팅몬,슈퍼 부팅 / 툴,True,https://digimon.net/appmon_ko/detail.php?id=87
87,クラフトモン,en,1,112,Bootmon,Super Boot / Tool,True,https://digimon.net/appmon_en/detail.php?id=87
87,クラフトモン,en,2,39,Kabemon,Wallpaper / System,True,https://digimon.net/appmon_en/detail.php?id=87
87,クラフトモン,en,3,24,Gomimon,Trashbin  / Tool,True,https://digimon.net/appmon_en/detail.php?id=87
87,クラフトモン,zh_hans,1,76,洛基兽,登录 / 社交,True,https://digimon.net/appmon_zh-CHS/detail.php?id=87
87,クラフトモン,zh_hans,2,39,壁纸兽,壁纸 / 系统,True,https://digimon.net/appmon_zh-CHS/detail.php?id=87
87,クラフトモン,zh_hans,3,24,垃圾兽,回收站 / 工具,True,https://digimon.net/appmon_zh-CHS/detail.php?id=87
87,クラフトモン,zh_hant,1,76,登入獸,登入 / 社交,True,https://digimon.net/appmon_zh-CHT/detail.php?id=87
87,クラフトモン,zh_hant,2,39,桌布獸,桌布 / 系統,True,https://digimon.net/appmon_zh-CHT/detail.php?id=87
87,クラフトモン,zh_hant,3,112,開機獸,超級啟動 / 工具,True,https://digimon.net/appmon_zh-CHT/detail.php?id=87
88,レイドラモン,ja,1,33,ハックモン,ハッキング / システム,True,https://digimon.net/appmon/detail.php?id=88
88,レイドラモン,ja,2,123,ハデスモン,変化 / ゴッド,True,https://digimon.net/appmon/detail.php?id=88
88,レイドラモン,ja,3,89,デジップモン,圧縮解凍 / システム,True,https://digimon.net/appmon/detail.php?id=88
88,レイドラモン,ko,1,123,하데스몬,변화 / 하나님,True,https://digimon.net/appmon_ko/detail.php?id=88
88,レイドラモン,ko,2,33,핵몬,해킹 / 시스템,True,https://digimon.net/appmon_ko/detail.php?id=88
88,レイドラモン,ko,3,115,리바이브몬,복원 / 시스템,True,https://digimon.net/appmon_ko/detail.php?id=88
88,レイドラモン,en,1,33,Hackmon,Hacking / System,True,https://digimon.net/appmon_en/detail.php?id=88
88,レイドラモン,en,2,123,Hadesmon,Transmutation / God,True,https://digimon.net/appmon_en/detail.php?id=88
88,レイドラモン,en,3,115,Revivemon,Restoration / System,True,https://digimon.net/appmon_en/detail.php?id=88
88,レイドラモン,zh_hans,1,33,黑客兽,破解入侵 / 系统,True,https://digimon.net/appmon_zh-CHS/detail.php?id=88
88,レイドラモン,zh_hans,2,123,哈迪斯兽,变化 / 神,True,https://digimon.net/appmon_zh-CHS/detail.php?id=88
88,レイドラモン,zh_hans,3,115,复活兽,系统恢复 / 系统,True,https://digimon.net/appmon_zh-CHS/detail.php?id=88
88,レイドラモン,zh_hant,1,123,黑帝斯獸,變化 / 神,True,https://digimon.net/appmon_zh-CHT/detail.php?id=88
88,レイドラモン,zh_hant,2,115,復原獸,復原 / 系統,True,https://digimon.net/appmon_zh-CHT/detail.php?id=88
88,レイドラモン,zh_hant,3,33,駭客獸,入侵 / 系統,True,https://digimon.net/appmon_zh-CHT/detail.php?id=88
89,デジップモン,ja,1,88,レイドラモン,超ハッキング / システム,True,https://digimon.net/appmon/detail.php?id=89
89,デジップモン,ja,2,36,ポコモン,解凍 / システム,True,https://digimon.net/appmon/detail.php?id=89
89,デジップモン,ja,3,115,リバイブモン,復元 / システム,True,https://digimon.net/appmon/detail.php?id=89
89,デジップモン,ko,1,35,페코몬,압축 / 시스템,True,https://digimon.net/appmon_ko/detail.php?id=89
89,デジップモン,ko,2,88,레이드라몬,슈퍼 해킹 / 시스템,True,https://digimon.net/appmon_ko/detail.php?id=89
89,デジップモン,ko,3,36,포코몬,해동 / 시스템,True,https://digimon.net/appmon_ko/detail.php?id=89
89,デジップモン,en,1,88,Raidramon,Super Hacking / System,True,https://digimon.net/appmon_en/detail.php?id=89
89,デジップモン,en,2,115,Revivemon,Restoration / System,True,https://digimon.net/appmon_en/detail.php?id=89
89,デジップモン,en,3,36,Pokomon,Decompression / System,True,https://digimon.net/appmon_en/detail.php?id=89
89,デジップモン,zh_hans,1,88,掠龙兽,超级入侵 / 系统,True,https://digimon.net/appmon_zh-CHS/detail.php?id=89
89,デジップモン,zh_hans,2,36,鼓鼓兽,解压缩 / 系统,True,https://digimon.net/appmon_zh-CHS/detail.php?id=89
89,デジップモン,zh_hans,3,35,扁扁兽,压缩 / 系统,True,https://digimon.net/appmon_zh-CHS/detail.php?id=89
89,デジップモン,zh_hant,1,35,壓縮獸,壓縮 / 系統,True,https://digimon.net/appmon_zh-CHT/detail.php?id=89
89,デジップモン,zh_hant,2,88,掠龍獸,超級入侵 / 系統,True,https://digimon.net/appmon_zh-CHT/detail.php?id=89
89,デジップモン,zh_hant,3,115,復原獸,復原 / 系統,True,https://digimon.net/appmon_zh-CHT/detail.php?id=89
90,ミエーヌモン,ja,1,37,コピペモン,コピペ / システム,True,https://digimon.net/appmon/detail.php?id=90
90,ミエーヌモン,ja,2,116,ワルダモン,策略 / システム,True,https://digimon.net/appmon/detail.php?id=90
90,ミエーヌモン,ja,3,25,ミラーモン,ミラー / ツール,True,https://digimon.net/appmon/detail.php?id=90
90,ミエーヌモン,ko,1,116,와루다몬,책략 / 시스템,True,https://digimon.net/appmon_ko/detail.php?id=90
90,ミエーヌモン,ko,2,65,슬립몬,수면 / 라이프,True,https://digimon.net/appmon_ko/detail.php?id=90
90,ミエーヌモン,ko,3,37,카피페몬,복사&붙여넣기 / 시스템,True,https://digimon.net/appmon_ko/detail.php?id=90
90,ミエーヌモン,en,1,116,Warudamon,Strategy / System,True,https://digimon.net/appmon_en/detail.php?id=90
90,ミエーヌモン,en,2,37,Copipemon,Copy & Paste / System,True,https://digimon.net/appmon_en/detail.php?id=90
90,ミエーヌモン,en,3,25,Mirrormon,Mirror / Tool,True,https://digimon.net/appmon_en/detail.php?id=90
90,ミエーヌモン,zh_hans,1,116,诡姬兽,策略 / 系统,True,https://digimon.net/appmon_zh-CHS/detail.php?id=90
90,ミエーヌモン,zh_hans,2,92,策士兽,策略类游戏 / 游戏,True,https://digimon.net/appmon_zh-CHS/detail.php?id=90
90,ミエーヌモン,zh_hans,3,25,镜面兽,镜子 / 工具,True,https://digimon.net/appmon_zh-CHS/detail.php?id=90
90,ミエーヌモン,zh_hant,1,25,鏡子獸,鏡子 / 工具,True,https://digimon.net/appmon_zh-CHT/detail.php?id=90
90,ミエーヌモン,zh_hant,2,65,睡眠獸,睡眠 / 生活,True,https://digimon.net/appmon_zh-CHT/detail.php?id=90
90,ミエーヌモン,zh_hant,3,37,複製貼上獸,複製貼上 / 系統,True,https://digimon.net/appmon_zh-CHT/detail.php?id=90
91,ワープモン,ja,1,51,レースモン,レース / ゲーム,True,https://digimon.net/appmon/detail.php?id=91
91,ワープモン,ja,2,83,ウェザドラモン,天候 / ナビ,True,https://digimon.net/appmon/detail.php?id=91
91,ワープモン,ja,3,111,コメットモン,天体 / ナビ,True,https://digimon.net/appmon/detail.php?id=91
91,ワープモン,ko,1,111,코멧몬,천체 / 내비,True,https://digimon.net/appmon_ko/detail.php?id=91
91,ワープモン,ko,2,61,트릭몬,마술 / 엔터테인먼트,True,https://digimon.net/appmon_ko/detail.php?id=91
91,ワープモン,ko,3,83,웨더드라몬,기후 / 내비,True,https://digimon.net/appmon_ko/detail.php?id=91
91,ワープモン,en,1,61,Trickmon,Trick / Entertainment,True,https://digimon.net/appmon_en/detail.php?id=91
91,ワープモン,en,2,111,Cometmon,Astronomy / Navi,True,https://digimon.net/appmon_en/detail.php?id=91
91,ワープモン,en,3,83,Weatherdramon,Weather  / Navi,True,https://digimon.net/appmon_en/detail.php?id=91
91,ワープモン,zh_hans,1,83,气象龙兽,天候 / 导航,True,https://digimon.net/appmon_zh-CHS/detail.php?id=91
91,ワープモン,zh_hans,2,51,竞速兽,竞速游戏 / 游戏,True,https://digimon.net/appmon_zh-CHS/detail.php?id=91
91,ワープモン,zh_hans,3,111,彗星兽,天体 / 导航,True,https://digimon.net/appmon_zh-CHS/detail.php?id=91
91,ワープモン,zh_hant,1,51,賽車獸,競賽 / 遊戲,True,https://digimon.net/appmon_zh-CHT/detail.php?id=91
91,ワープモン,zh_hant,2,83,氣象龍獸,天候 / 導航,True,https://digimon.net/appmon_zh-CHT/detail.php?id=91
91,ワープモン,zh_hant,3,111,彗星獸,天體 / 導航,True,https://digimon.net/appmon_zh-CHT/detail.php?id=91
92,サクシモン,ja,1,116,ワルダモン,策略 / システム,True,https://digimon.net/appmon/detail.php?id=92
92,サクシモン,ja,2,90,ミエーヌモン,ステルス / システム,True,https://digimon.net/appmon/detail.php?id=92
92,サクシモン,ja,3,23,カリキュモン,電卓 / ツール,True,https://digimon.net/appmon/detail.php?id=92
92,サクシモン,ko,1,116,와루다몬,책략 / 시스템,True,https://digimon.net/appmon_ko/detail.php?id=92
92,サクシモン,ko,2,34,배터리몬,배터리 / 시스템,True,https://digimon.net/appmon_ko/detail.php?id=92
92,サクシモン,ko,3,90,미에누몬,스텔스 / 시스템,True,https://digimon.net/appmon_ko/detail.php?id=92
92,サクシモン,en,1,90,Mienumon,Stealth / System,True,https://digimon.net/appmon_en/detail.php?id=92
92,サクシモン,en,2,23,Calcumon,Calculator  / Tool,True,https://digimon.net/appmon_en/detail.php?id=92
92,サクシモン,en,3,116,Warudamon,Strategy / System,True,https://digimon.net/appmon_en/detail.php?id=92
92,サクシモン,zh_hans,1,34,电池兽,电池 / 系统,True,https://digimon.net/appmon_zh-CHS/detail.php?id=92
92,サクシモン,zh_hans,2,90,障目兽,隐形 / 系统,True,https://digimon.net/appmon_zh-CHS/detail.php?id=92
92,サクシモン,zh_hans,3,116,诡姬兽,策略 / 系统,True,https://digimon.net/appmon_zh-CHS/detail.php?id=92
92,サクシモン,zh_hant,1,23,計算獸,計算機 / 工具,True,https://digimon.net/appmon_zh-CHT/detail.php?id=92
92,サクシモン,zh_hant,2,116,謀略獸,策略 / 系統,True,https://digimon.net/appmon_zh-CHT/detail.php?id=92
92,サクシモン,zh_hant,3,34,電池獸,電池 / 系統,True,https://digimon.net/appmon_zh-CHT/detail.php?id=92
93,ドスコモン,ja,1,45,ドカモン,アクション / ゲーム,True,https://digimon.net/appmon/detail.php?id=93
93,ドスコモン,ja,2,124,ポセイドモン,無敵 / ゴッド,True,https://digimon.net/appmon/detail.php?id=93
93,ドスコモン,ja,3,95,コーチモン,育成 / ゲーム,True,https://digimon.net/appmon/detail.php?id=93
93,ドスコモン,ko,1,124,포세이도몬,무적 / 하나님,True,https://digimon.net/appmon_ko/detail.php?id=93
93,ドスコモン,ko,2,45,콰광몬,액션 / 게임,True,https://digimon.net/appmon_ko/detail.php?id=93
93,ドスコモン,ko,3,117,오우자몬,전투 / 게임,True,https://digimon.net/appmon_ko/detail.php?id=93
93,ドスコモン,en,1,124,Poseidomon,Invincible / God,True,https://digimon.net/appmon_en/detail.php?id=93
93,ドスコモン,en,2,117,Oujamon,Battle  / Game,True,https://digimon.net/appmon_en/detail.php?id=93
93,ドスコモン,en,3,45,Dokamon,Action / Game,True,https://digimon.net/appmon_en/detail.php?id=93
93,ドスコモン,zh_hans,1,117,王者兽,战斗 / 游戏,True,https://digimon.net/appmon_zh-CHS/detail.php?id=93
93,ドスコモン,zh_hans,2,124,波塞冬兽,无敌 / 神,True,https://digimon.net/appmon_zh-CHS/detail.php?id=93
93,ドスコモン,zh_hans,3,45,多卡兽,全真投射 / 游戏,True,https://digimon.net/appmon_zh-CHS/detail.php?id=93
93,ドスコモン,zh_hant,1,45,多卡獸,動作 / 遊戲,True,https://digimon.net/appmon_zh-CHT/detail.php?id=93
93,ドスコモン,zh_hant,2,95,教練獸,訓練 / 遊戲,True,https://digimon.net/appmon_zh-CHT/detail.php?id=93
93,ドスコモン,zh_hant,3,117,王者獸,戰鬥 / 遊戲,True,https://digimon.net/appmon_zh-CHT/detail.php?id=93
94,ブレモン,ja,1,49,パズルモン,パズル / ゲーム,True,https://digimon.net/appmon/detail.php?id=94
94,ブレモン,ja,2,23,カリキュモン,電卓 / ツール,True,https://digimon.net/appmon/detail.php?id=94
94,ブレモン,ja,3,66,マッスルモン,筋トレ / ライフ,True,https://digimon.net/appmon/detail.php?id=94
94,ブレモン,ko,1,49,퍼즐몬,퍼즐 / 게임,True,https://digimon.net/appmon_ko/detail.php?id=94
94,ブレモン,ko,2,23,칼큐몬,전자계산기 / 툴,True,https://digimon.net/appmon_ko/detail.php?id=94
94,ブレモン,ko,3,66,머슬몬,근육 트레이닝 / 라이프,True,https://digimon.net/appmon_ko/detail.php?id=94
94,ブレモン,en,1,23,Calcumon,Calculator  / Tool,True,https://digimon.net/appmon_en/detail.php?id=94
94,ブレモン,en,2,49,Puzzlemon,Puzzle / Game,True,https://digimon.net/appmon_en/detail.php?id=94
94,ブレモン,en,3,66,Musclemon,Muscle Training / Life,True,https://digimon.net/appmon_en/detail.php?id=94
94,ブレモン,zh_hans,1,23,计算兽,计算器 / 工具,True,https://digimon.net/appmon_zh-CHS/detail.php?id=94
94,ブレモン,zh_hans,2,49,智谜兽,益智类游戏 / 游戏,True,https://digimon.net/appmon_zh-CHS/detail.php?id=94
94,ブレモン,zh_hans,3,66,肌肉兽,健身增肌 / 生活,True,https://digimon.net/appmon_zh-CHS/detail.php?id=94
94,ブレモン,zh_hant,1,49,益智獸,益智遊戲 / 遊戲,True,https://digimon.net/appmon_zh-CHT/detail.php?id=94
94,ブレモン,zh_hant,2,23,計算獸,計算機 / 工具,True,https://digimon.net/appmon_zh-CHT/detail.php?id=94
94,ブレモン,zh_hant,3,66,肌肉獸,鍛鍊肌肉 / 生活,True,https://digimon.net/appmon_zh-CHT/detail.php?id=94
95,コーチモン,ja,1,117,オウジャモン,戦闘 / ゲーム,True,https://digimon.net/appmon/detail.php?id=95
95,コーチモン,ja,2,93,ドスコモン,格闘 / ゲーム,True,https://digimon.net/appmon/detail.php?id=95
95,コーチモン,ja,3,63,クックモン,お料理 / エンタメ,True,https://digimon.net/appmon/detail.php?id=95
95,コーチモン,ko,1,63,쿡몬,요리 / 엔터테인먼트,True,https://digimon.net/appmon_ko/detail.php?id=95
95,コーチモン,ko,2,117,오우자몬,전투 / 게임,True,https://digimon.net/appmon_ko/detail.php?id=95
95,コーチモン,ko,3,28,다이어리몬,일기장 / 툴,True,https://digimon.net/appmon_ko/detail.php?id=95
95,コーチモン,en,1,28,Diarimon,Diary / Tool,True,https://digimon.net/appmon_en/detail.php?id=95
95,コーチモン,en,2,63,Cookmon,Cook  / Entertainment,True,https://digimon.net/appmon_en/detail.php?id=95
95,コーチモン,en,3,117,Oujamon,Battle  / Game,True,https://digimon.net/appmon_en/detail.php?id=95
95,コーチモン,zh_hans,1,117,王者兽,战斗 / 游戏,True,https://digimon.net/appmon_zh-CHS/detail.php?id=95
95,コーチモン,zh_hans,2,28,日记兽,日记本 / 工具,True,https://digimon.net/appmon_zh-CHS/detail.php?id=95
95,コーチモン,zh_hans,3,93,相扑兽,格斗游戏 / 游戏,True,https://digimon.net/appmon_zh-CHS/detail.php?id=95
95,コーチモン,zh_hant,1,28,日記獸,日記本 / 工具,True,https://digimon.net/appmon_zh-CHT/detail.php?id=95
95,コーチモン,zh_hant,2,63,廚師獸,烹飪 / 娛樂,True,https://digimon.net/appmon_zh-CHT/detail.php?id=95
95,コーチモン,zh_hant,3,93,相撲獸,格鬥 / 遊戲,True,https://digimon.net/appmon_zh-CHT/detail.php?id=95
96,ウラテクモン,ja,1,45,ドカモン,アクション / ゲーム,True,https://digimon.net/appmon/detail.php?id=96
96,ウラテクモン,ja,2,48,ロープレモン,ロープレ / ゲーム,True,https://digimon.net/appmon/detail.php?id=96
96,ウラテクモン,ja,3,19,チュートモン,解説 / ナビ,True,https://digimon.net/appmon/detail.php?id=96
96,ウラテクモン,ko,1,4,츠부몬,트윗 / 소셜,True,https://digimon.net/appmon_ko/detail.php?id=96
96,ウラテクモン,ko,2,45,콰광몬,액션 / 게임,True,https://digimon.net/appmon_ko/detail.php?id=96
96,ウラテクモン,ko,3,48,롤플레잉몬,롤플레잉 / 게임,True,https://digimon.net/appmon_ko/detail.php?id=96
96,ウラテクモン,en,1,48,Roleplaymon,Role-playing / Game,True,https://digimon.net/appmon_en/detail.php?id=96
96,ウラテクモン,en,2,45,Dokamon,Action / Game,True,https://digimon.net/appmon_en/detail.php?id=96
96,ウラテクモン,en,3,4,Tweetmon,Tweet / Social,True,https://digimon.net/appmon_en/detail.php?id=96
96,ウラテクモン,zh_hans,1,45,多卡兽,全真投射 / 游戏,True,https://digimon.net/appmon_zh-CHS/detail.php?id=96
96,ウラテクモン,zh_hans,2,19,解说兽,解说 / 导航,True,https://digimon.net/appmon_zh-CHS/detail.php?id=96
96,ウラテクモン,zh_hans,3,4,发文兽,微博客 / 社交,True,https://digimon.net/appmon_zh-CHS/detail.php?id=96
96,ウラテクモン,zh_hant,1,45,多卡獸,動作 / 遊戲,True,https://digimon.net/appmon_zh-CHT/detail.php?id=96
96,ウラテクモン,zh_hant,2,19,解說獸,解說 / 導航,True,https://digimon.net/appmon_zh-CHT/detail.php?id=96
96,ウラテクモン,zh_hant,3,48,角色扮演獸,角色扮演 / 遊戲,True,https://digimon.net/appmon_zh-CHT/detail.php?id=96
97,エフェクモン,ja,1,114,フェイクモン,偽装 / ツール,True,https://digimon.net/appmon/detail.php?id=97
97,エフェクモン,ja,2,56,ドーガモン,動画 / エンタメ,True,https://digimon.net/appmon/detail.php?id=97
97,エフェクモン,ja,3,85,ロアモン,ボイスチェンジ / ツール,True,https://digimon.net/appmon/detail.php?id=97
97,エフェクモン,ko,1,56,비디몬,영상 / 엔터테인먼트,True,https://digimon.net/appmon_ko/detail.php?id=97
97,エフェクモン,ko,2,85,로어몬,음성 변조 / 툴,True,https://digimon.net/appmon_ko/detail.php?id=97
97,エフェクモン,ko,3,114,페이크몬,위장 / 툴,True,https://digimon.net/appmon_ko/detail.php?id=97
97,エフェクモン,en,1,85,Roamon,Voice Change / Tool,True,https://digimon.net/appmon_en/detail.php?id=97
97,エフェクモン,en,2,56,Dogamon,Video / Entertainment,True,https://digimon.net/appmon_en/detail.php?id=97
97,エフェクモン,en,3,114,Fakemon,Camouflage / Tool,True,https://digimon.net/appmon_en/detail.php?id=97
97,エフェクモン,zh_hans,1,52,颜料兽,绘画 / 娱乐,True,https://digimon.net/appmon_zh-CHS/detail.php?id=97
97,エフェクモン,zh_hans,2,114,伪装兽,伪装 / 工具,True,https://digimon.net/appmon_zh-CHS/detail.php?id=97
97,エフェクモン,zh_hans,3,85,罗亚兽,变声 / 工具,True,https://digimon.net/appmon_zh-CHS/detail.php?id=97
97,エフェクモン,zh_hant,1,52,繪圖獸,繪圖 / 娛樂,True,https://digimon.net/appmon_zh-CHT/detail.php?id=97
97,エフェクモン,zh_hant,2,56,影片獸,影片 / 娛樂,True,https://digimon.net/appmon_zh-CHT/detail.php?id=97
97,エフェクモン,zh_hant,3,114,偽裝獸,偽裝 / 工具,True,https://digimon.net/appmon_zh-CHT/detail.php?id=97
98,タロットモン,ja,1,59,ガシャモン,ガシャ / エンタメ,True,https://digimon.net/appmon/detail.php?id=98
98,タロットモン,ja,2,53,テラーモン,占い / エンタメ,True,https://digimon.net/appmon/detail.php?id=98
98,タロットモン,ja,3,47,カードモン,カード / ゲーム,True,https://digimon.net/appmon/detail.php?id=98
98,タロットモン,ko,1,59,뽑몬,캡슐 뽑기 / 엔터테인먼트,True,https://digimon.net/appmon_ko/detail.php?id=98
98,タロットモン,ko,2,47,카드몬,카드 / 게임,True,https://digimon.net/appmon_ko/detail.php?id=98
98,タロットモン,ko,3,53,텔러몬,점술 / 엔터테인먼트,True,https://digimon.net/appmon_ko/detail.php?id=98
98,タロットモン,en,1,59,Gashamon,Gashapon / Entertainment,True,https://digimon.net/appmon_en/detail.php?id=98
98,タロットモン,en,2,47,Cardmon,Card / Game,True,https://digimon.net/appmon_en/detail.php?id=98
98,タロットモン,en,3,53,Tellermon,Fortune Telling / Entertainment,True,https://digimon.net/appmon_en/detail.php?id=98
98,タロットモン,zh_hans,1,59,扭蛋兽,扭蛋 / 娱乐,True,https://digimon.net/appmon_zh-CHS/detail.php?id=98
98,タロットモン,zh_hans,2,47,卡片兽,卡牌游戏 / 游戏,True,https://digimon.net/appmon_zh-CHS/detail.php?id=98
98,タロットモン,zh_hans,3,53,预言兽,占卜 / 娱乐,True,https://digimon.net/appmon_zh-CHS/detail.php?id=98
98,タロットモン,zh_hant,1,59,扭蛋獸,扭蛋 / 娛樂,True,https://digimon.net/appmon_zh-CHT/detail.php?id=98
98,タロットモン,zh_hant,2,47,卡牌獸,卡牌 / 遊戲,True,https://digimon.net/appmon_zh-CHT/detail.php?id=98
98,タロットモン,zh_hant,3,53,預知獸,占卜 / 娛樂,True,https://digimon.net/appmon_zh-CHT/detail.php?id=98
99,コーデモン,ja,1,57,ドレスモン,ファッション / エンタメ,True,https://digimon.net/appmon/detail.php?id=99
99,コーデモン,ja,2,105,コンサルモン,節約 / ライフ,True,https://digimon.net/appmon/detail.php?id=99
99,コーデモン,ja,3,120,ビューティモン,美容 / ライフ,True,https://digimon.net/appmon/detail.php?id=99
99,コーデモン,ko,1,74,쇼핑몬,쇼핑 / 라이프,True,https://digimon.net/appmon_ko/detail.php?id=99
99,コーデモン,ko,2,105,컨설몬,절약 / 라이프,True,https://digimon.net/appmon_ko/detail.php?id=99
99,コーデモン,ko,3,57,드레스몬,패션 / 엔터테인먼트,True,https://digimon.net/appmon_ko/detail.php?id=99
99,コーデモン,en,1,105,Consulmon,Saving / Life,True,https://digimon.net/appmon_en/detail.php?id=99
99,コーデモン,en,2,57,Dressmon,Fashion / Entertainment,True,https://digimon.net/appmon_en/detail.php?id=99
99,コーデモン,en,3,120,Beautymon,Beauty / Life,True,https://digimon.net/appmon_en/detail.php?id=99
99,コーデモン,zh_hans,1,120,美姿兽,美容 / 生活,True,https://digimon.net/appmon_zh-CHS/detail.php?id=99
99,コーデモン,zh_hans,2,105,顾问兽,节约 / 生活,True,https://digimon.net/appmon_zh-CHS/detail.php?id=99
99,コーデモン,zh_hans,3,74,购物兽,购物 / 生活,True,https://digimon.net/appmon_zh-CHS/detail.php?id=99
99,コーデモン,zh_hant,1,57,服裝獸,時尚 / 娛樂,True,https://digimon.net/appmon_zh-CHT/detail.php?id=99
99,コーデモン,zh_hant,2,74,購物獸,購物 / 生活,True,https://digimon.net/appmon_zh-CHT/detail.php?id=99
99,コーデモン,zh_hant,3,105,顧問獸,節約 / 生活,True,https://digimon.net/appmon_zh-CHT/detail.php?id=99
100,メディアモン,ja,1,22,レコモン,録音 / ツール,True,https://digimon.net/appmon/detail.php?id=100
100,メディアモン,ja,2,118,エンタモン,エンターテイメント / エンタメ,True,https://digimon.net/appmon/detail.php?id=100
100,メディアモン,ja,3,102,ドリーモン,夢 / エンタメ,True,https://digimon.net/appmon/detail.php?id=100
100,メディアモン,ko,1,22,레코몬,녹음 / 툴,True,https://digimon.net/appmon_ko/detail.php?id=100
100,メディアモン,ko,2,54,뮤지몬,음악 / 엔터테인먼트,True,https://digimon.net/appmon_ko/detail.php?id=100
100,メディアモン,ko,3,118,엔터몬,오락 / 엔터테인먼트,True,https://digimon.net/appmon_ko/detail.php?id=100
100,メディアモン,en,1,54,Musimon,Music / Entertainment,True,https://digimon.net/appmon_en/detail.php?id=100
100,メディアモン,en,2,22,Recomon,Recording / Tool,True,https://digimon.net/appmon_en/detail.php?id=100
100,メディアモン,en,3,118,Entermon,Entertainment  / Entertainment,True,https://digimon.net/appmon_en/detail.php?id=100
100,メディアモン,zh_hans,1,22,录音兽,录音 / 工具,True,https://digimon.net/appmon_zh-CHS/detail.php?id=100
100,メディアモン,zh_hans,2,102,梦境兽,梦境 / 娱乐,True,https://digimon.net/appmon_zh-CHS/detail.php?id=100
100,メディアモン,zh_hans,3,54,音乐兽,音乐 / 娱乐,True,https://digimon.net/appmon_zh-CHS/detail.php?id=100
100,メディアモン,zh_hant,1,118,娛樂獸,娛樂 / 娛樂,True,https://digimon.net/appmon_zh-CHT/detail.php?id=100
100,メディアモン,zh_hant,2,54,音樂獸,音樂 / 娛樂,True,https://digimon.net/appmon_zh-CHT/detail.php?id=100
100,メディアモン,zh_hant,3,102,夢境獸,夢 / 娛樂,True,https://digimon.net/appmon_zh-CHT/detail.php?id=100
101,ベガスモン,ja,1,59,ガシャモン,ガシャ / エンタメ,True,https://digimon.net/appmon/detail.php?id=101
101,ベガスモン,ja,2,68,マネーモン,電子マネー / ライフ,True,https://digimon.net/appmon/detail.php?id=101
101,ベガスモン,ja,3,60,ラックモン,スロット / エンタメ,True,https://digimon.net/appmon/detail.php?id=101
101,ベガスモン,ko,1,59,뽑몬,캡슐 뽑기 / 엔터테인먼트,True,https://digimon.net/appmon_ko/detail.php?id=101
101,ベガスモン,ko,2,62,다이스몬,주사위 / 엔터테인먼트,True,https://digimon.net/appmon_ko/detail.php?id=101
101,ベガスモン,ko,3,68,머니몬,전자화폐 / 라이프,True,https://digimon.net/appmon_ko/detail.php?id=101
101,ベガスモン,en,1,68,Moneymon,eMoney / Life,True,https://digimon.net/appmon_en/detail.php?id=101
101,ベガスモン,en,2,60,Luckmon,Slot  / Entertainment,True,https://digimon.net/appmon_en/detail.php?id=101
101,ベガスモン,en,3,59,Gashamon,Gashapon / Entertainment,True,https://digimon.net/appmon_en/detail.php?id=101
101,ベガスモン,zh_hans,1,60,好运兽,老虎机 / 娱乐,True,https://digimon.net/appmon_zh-CHS/detail.php?id=101
101,ベガスモン,zh_hans,2,68,财富兽,电子支付 / 生活,True,https://digimon.net/appmon_zh-CHS/detail.php?id=101
101,ベガスモン,zh_hans,3,62,骰子兽,模拟骰子 / 娱乐,True,https://digimon.net/appmon_zh-CHS/detail.php?id=101
101,ベガスモン,zh_hant,1,62,骰子獸,骰子 / 娛樂,True,https://digimon.net/appmon_zh-CHT/detail.php?id=101
101,ベガスモン,zh_hant,2,60,幸運獸,老虎機 / 娛樂,True,https://digimon.net/appmon_zh-CHT/detail.php?id=101
101,ベガスモン,zh_hant,3,68,提款機獸,電子貨幣 / 生活,True,https://digimon.net/appmon_zh-CHT/detail.php?id=101
102,ドリーモン,ja,1,17,ヤドモン,ホテル / ナビ,True,https://digimon.net/appmon/detail.php?id=102
102,ドリーモン,ja,2,100,メディアモン,メディアプレーヤー / エンタメ,True,https://digimon.net/appmon/detail.php?id=102
102,ドリーモン,ja,3,118,エンタモン,エンターテイメント / エンタメ,True,https://digimon.net/appmon/detail.php?id=102
102,ドリーモン,ko,1,100,미디어몬,미디어 플레이어 / 엔터테인먼트,True,https://digimon.net/appmon_ko/detail.php?id=102
102,ドリーモン,ko,2,118,엔터몬,오락 / 엔터테인먼트,True,https://digimon.net/appmon_ko/detail.php?id=102
102,ドリーモン,ko,3,17,호텔몬,호텔 / 내비,True,https://digimon.net/appmon_ko/detail.php?id=102
102,ドリーモン,en,1,17,Yadomon,Hotel  / Navi,True,https://digimon.net/appmon_en/detail.php?id=102
102,ドリーモン,en,2,118,Entermon,Entertainment  / Entertainment,True,https://digimon.net/appmon_en/detail.php?id=102
102,ドリーモン,en,3,100,Mediamon,Media Player / Entertainment,True,https://digimon.net/appmon_en/detail.php?id=102
102,ドリーモン,zh_hans,1,17,旅店兽,订房 / 导航,True,https://digimon.net/appmon_zh-CHS/detail.php?id=102
102,ドリーモン,zh_hans,2,118,娱乐兽,文艺娱乐 / 娱乐,True,https://digimon.net/appmon_zh-CHS/detail.php?id=102
102,ドリーモン,zh_hans,3,100,媒体兽,影音播放器 / 娱乐,True,https://digimon.net/appmon_zh-CHS/detail.php?id=102
102,ドリーモン,zh_hant,1,17,旅館獸,飯店 / 導航,True,https://digimon.net/appmon_zh-CHT/detail.php?id=102
102,ドリーモン,zh_hant,2,100,媒體獸,播放媒體 / 娛樂,True,https://digimon.net/appmon_zh-CHT/detail.php?id=102
102,ドリーモン,zh_hant,3,118,娛樂獸,娛樂 / 娛樂,True,https://digimon.net/appmon_zh-CHT/detail.php?id=102
103,メディックモン,ja,1,70,サプリモン,サプリ / ライフ,True,https://digimon.net/appmon/detail.php?id=103
103,メディックモン,ja,2,67,エイドモン,救命 / ライフ,True,https://digimon.net/appmon/detail.php?id=103
103,メディックモン,ja,3,119,バイオモン,ライフ / ライフ,True,https://digimon.net/appmon/detail.php?id=103
103,メディックモン,ko,1,119,바이오몬,라이프 / 라이프,True,https://digimon.net/appmon_ko/detail.php?id=103
103,メディックモン,ko,2,70,서플리몬,보충제 / 라이프,True,https://digimon.net/appmon_ko/detail.php?id=103
103,メディックモン,ko,3,104,닥몬,닥터 / 라이프,True,https://digimon.net/appmon_ko/detail.php?id=103
103,メディックモン,en,1,119,Biomon,Life  / Life,True,https://digimon.net/appmon_en/detail.php?id=103
103,メディックモン,en,2,70,Supplemon,Supplement / Life,True,https://digimon.net/appmon_en/detail.php?id=103
103,メディックモン,en,3,104,Docmon,Doctor  / Life,True,https://digimon.net/appmon_en/detail.php?id=103
103,メディックモン,zh_hans,1,119,生命兽,生活 / 生活,True,https://digimon.net/appmon_zh-CHS/detail.php?id=103
103,メディックモン,zh_hans,2,67,救护兽,急救 / 生活,True,https://digimon.net/appmon_zh-CHS/detail.php?id=103
103,メディックモン,zh_hans,3,104,怪医兽,电子医生 / 生活,True,https://digimon.net/appmon_zh-CHS/detail.php?id=103
103,メディックモン,zh_hant,1,67,救援獸,救命 / 生活,True,https://digimon.net/appmon_zh-CHT/detail.php?id=103
103,メディックモン,zh_hant,2,70,補品獸,保健食品 / 生活,True,https://digimon.net/appmon_zh-CHT/detail.php?id=103
103,メディックモン,zh_hant,3,104,醫生獸,醫生 / 生活,True,https://digimon.net/appmon_zh-CHT/detail.php?id=103
104,ドクモン,ja,1,64,バイラモン,ウィルス / ライフ,True,https://digimon.net/appmon/detail.php?id=104
104,ドクモン,ja,2,103,メディックモン,メディカル / ライフ,True,https://digimon.net/appmon/detail.php?id=104
104,ドクモン,ja,3,71,ドープモン,増強 / ライフ,True,https://digimon.net/appmon/detail.php?id=104
104,ドクモン,ko,1,64,바이러몬,바이러스 / 라이프,True,https://digimon.net/appmon_ko/detail.php?id=104
104,ドクモン,ko,2,71,도프몬,증강 / 라이프,True,https://digimon.net/appmon_ko/detail.php?id=104
104,ドクモン,ko,3,119,바이오몬,라이프 / 라이프,True,https://digimon.net/appmon_ko/detail.php?id=104
104,ドクモン,en,1,119,Biomon,Life  / Life,True,https://digimon.net/appmon_en/detail.php?id=104
104,ドクモン,en,2,103,Medicmon,Medical  / Life,True,https://digimon.net/appmon_en/detail.php?id=104
104,ドクモン,en,3,64,Virusmon,Virus / Life,True,https://digimon.net/appmon_en/detail.php?id=104
104,ドクモン,zh_hans,1,103,医生兽,医疗 / 生活,True,https://digimon.net/appmon_zh-CHS/detail.php?id=104
104,ドクモン,zh_hans,2,71,禁药兽,刺激强化 / 生活,True,https://digimon.net/appmon_zh-CHS/detail.php?id=104
104,ドクモン,zh_hans,3,119,生命兽,生活 / 生活,True,https://digimon.net/appmon_zh-CHS/detail.php?id=104
104,ドクモン,zh_hant,1,71,毒藥獸,增強 / 生活,True,https://digimon.net/appmon_zh-CHT/detail.php?id=104
104,ドクモン,zh_hant,2,64,病毒獸,病毒 / 生活,True,https://digimon.net/appmon_zh-CHT/detail.php?id=104
104,ドクモン,zh_hant,3,119,生命獸,生活 / 生活,True,https://digimon.net/appmon_zh-CHT/detail.php?id=104
105,コンサルモン,ja,1,73,カケイモン,家計簿 / ライフ,True,https://digimon.net/appmon/detail.php?id=105
105,コンサルモン,ja,2,99,コーデモン,コーディネート / エンタメ,True,https://digimon.net/appmon/detail.php?id=105
105,コンサルモン,ja,3,120,ビューティモン,美容 / ライフ,True,https://digimon.net/appmon/detail.php?id=105
105,コンサルモン,ko,1,73,가계몬,가계부 / 라이프,True,https://digimon.net/appmon_ko/detail.php?id=105
105,コンサルモン,ko,2,74,쇼핑몬,쇼핑 / 라이프,True,https://digimon.net/appmon_ko/detail.php?id=105
105,コンサルモン,ko,3,99,코디몬,코디네이트 / 엔터테인먼트,True,https://digimon.net/appmon_ko/detail.php?id=105
105,コンサルモン,en,1,74,Kaimon,Shopping / Life,True,https://digimon.net/appmon_en/detail.php?id=105
105,コンサルモン,en,2,73,Kakeimon,Account Book  / Life,True,https://digimon.net/appmon_en/detail.php?id=105
105,コンサルモン,en,3,120,Beautymon,Beauty / Life,True,https://digimon.net/appmon_en/detail.php?id=105
105,コンサルモン,zh_hans,1,73,家计兽,家庭账簿 / 生活,True,https://digimon.net/appmon_zh-CHS/detail.php?id=105
105,コンサルモン,zh_hans,2,74,购物兽,购物 / 生活,True,https://digimon.net/appmon_zh-CHS/detail.php?id=105
105,コンサルモン,zh_hans,3,99,品衣兽,时尚穿搭 / 娱乐,True,https://digimon.net/appmon_zh-CHS/detail.php?id=105
105,コンサルモン,zh_hant,1,74,購物獸,購物 / 生活,True,https://digimon.net/appmon_zh-CHT/detail.php?id=105
105,コンサルモン,zh_hant,2,73,家計獸,家計簿 / 生活,True,https://digimon.net/appmon_zh-CHT/detail.php?id=105
105,コンサルモン,zh_hant,3,120,美麗獸,美容 / 生活,True,https://digimon.net/appmon_zh-CHT/detail.php?id=105
106,ライブラモン,ja,1,75,ジショモン,辞書 / ライフ,True,https://digimon.net/appmon/detail.php?id=106
106,ライブラモン,ja,2,58,ブックモン,電子書籍 / エンタメ,True,https://digimon.net/appmon/detail.php?id=106
106,ライブラモン,ja,3,8,セットモン,設定 / ソーシャル,True,https://digimon.net/appmon/detail.php?id=106
106,ライブラモン,ko,1,8,세팅몬,설정 / 소셜,True,https://digimon.net/appmon_ko/detail.php?id=106
106,ライブラモン,ko,2,58,북몬,e북 / 엔터테인먼트,True,https://digimon.net/appmon_ko/detail.php?id=106
106,ライブラモン,ko,3,75,딕셔몬,사전 / 라이프,True,https://digimon.net/appmon_ko/detail.php?id=106
106,ライブラモン,en,1,8,Setmon,Setup  / Social,True,https://digimon.net/appmon_en/detail.php?id=106
106,ライブラモン,en,2,58,Bookmon,eBook / Entertainment,True,https://digimon.net/appmon_en/detail.php?id=106
106,ライブラモン,en,3,75,Jishomon,Dictionary / Life,True,https://digimon.net/appmon_en/detail.php?id=106
106,ライブラモン,zh_hans,1,75,辞典兽,词典 / 生活,True,https://digimon.net/appmon_zh-CHS/detail.php?id=106
106,ライブラモン,zh_hans,2,58,书本兽,电子书 / 娱乐,True,https://digimon.net/appmon_zh-CHS/detail.php?id=106
106,ライブラモン,zh_hans,3,8,设置兽,设置设定 / 社交,True,https://digimon.net/appmon_zh-CHS/detail.php?id=106
106,ライブラモン,zh_hant,1,58,書本獸,電子書籍 / 娛樂,True,https://digimon.net/appmon_zh-CHT/detail.php?id=106
106,ライブラモン,zh_hant,2,75,辭典獸,辭典 / 生活,True,https://digimon.net/appmon_zh-CHT/detail.php?id=106
106,ライブラモン,zh_hant,3,8,設定獸,設定 / 社交,True,https://digimon.net/appmon_zh-CHT/detail.php?id=106
107,グローブモン,ja,1,122,ガイアモン,創造 / ゴッド,True,https://digimon.net/appmon/detail.php?id=107
107,グローブモン,ja,2,1,ガッチモン,検索 / ソーシャル,True,https://digimon.net/appmon/detail.php?id=107
107,グローブモン,ja,3,78,ドガッチモン,超検索 / ソーシャル,True,https://digimon.net/appmon/detail.php?id=107
107,グローブモン,ko,1,1,서치몬,검색 / 소셜,True,https://digimon.net/appmon_ko/detail.php?id=107
107,グローブモン,ko,2,122,가이아몬,창조 / 하나님,True,https://digimon.net/appmon_ko/detail.php?id=107
107,グローブモン,ko,3,78,슈퍼 서치몬,슈퍼 검색 / 소셜,True,https://digimon.net/appmon_ko/detail.php?id=107
107,グローブモン,en,1,1,Gatchmon,Search  / Social,True,https://digimon.net/appmon_en/detail.php?id=107
107,グローブモン,en,2,108,Charismon,Mind Control  / Social,True,https://digimon.net/appmon_en/detail.php?id=107
107,グローブモン,en,3,78,DoGatchmon,Super Search / Social,True,https://digimon.net/appmon_en/detail.php?id=107
107,グローブモン,zh_hans,1,122,盖亚兽,创造 / 神,True,https://digimon.net/appmon_zh-CHS/detail.php?id=107
107,グローブモン,zh_hans,2,78,大盖奇兽,超级搜索 / 社交,True,https://digimon.net/appmon_zh-CHS/detail.php?id=107
107,グローブモン,zh_hans,3,1,盖奇兽,搜索 / 社交,True,https://digimon.net/appmon_zh-CHS/detail.php?id=107
107,グローブモン,zh_hant,1,108,領袖獸,精神控制 / 社交,True,https://digimon.net/appmon_zh-CHT/detail.php?id=107
107,グローブモン,zh_hant,2,78,大蓋奇獸,超級搜索 / 社交,True,https://digimon.net/appmon_zh-CHT/detail.php?id=107
107,グローブモン,zh_hant,3,122,蓋亞獸,創造 / 神,True,https://digimon.net/appmon_zh-CHT/detail.php?id=107
108,カリスモン,ja,1,122,ガイアモン,創造 / ゴッド,True,https://digimon.net/appmon/detail.php?id=108
108,カリスモン,ja,2,107,グローブモン,グローバル / ソーシャル,True,https://digimon.net/appmon/detail.php?id=108
108,カリスモン,ja,3,119,バイオモン,ライフ / ライフ,True,https://digimon.net/appmon/detail.php?id=108
108,カリスモン,ko,1,114,페이크몬,위장 / 툴,True,https://digimon.net/appmon_ko/detail.php?id=108
108,カリスモン,ko,2,119,바이오몬,라이프 / 라이프,True,https://digimon.net/appmon_ko/detail.php?id=108
108,カリスモン,ko,3,122,가이아몬,창조 / 하나님,True,https://digimon.net/appmon_ko/detail.php?id=108
108,カリスモン,en,1,120,Beautymon,Beauty / Life,True,https://digimon.net/appmon_en/detail.php?id=108
108,カリスモン,en,2,122,Gaiamon,Creation / God,True,https://digimon.net/appmon_en/detail.php?id=108
108,カリスモン,en,3,107,Globemon,Global  / Social,True,https://digimon.net/appmon_en/detail.php?id=108
108,カリスモン,zh_hans,1,119,生命兽,生活 / 生活,True,https://digimon.net/appmon_zh-CHS/detail.php?id=108
108,カリスモン,zh_hans,2,122,盖亚兽,创造 / 神,True,https://digimon.net/appmon_zh-CHS/detail.php?id=108
108,カリスモン,zh_hans,3,107,环球兽,全球信息 / 社交,True,https://digimon.net/appmon_zh-CHS/detail.php?id=108
108,カリスモン,zh_hant,1,122,蓋亞獸,創造 / 神,True,https://digimon.net/appmon_zh-CHT/detail.php?id=108
108,カリスモン,zh_hant,2,120,美麗獸,美容 / 生活,True,https://digimon.net/appmon_zh-CHT/detail.php?id=108
108,カリスモン,zh_hant,3,107,全球獸,全球 / 社交,True,https://digimon.net/appmon_zh-CHT/detail.php?id=108
109,ダメダモン,ja,1,105,コンサルモン,節約 / ライフ,True,https://digimon.net/appmon/detail.php?id=109
109,ダメダモン,ja,2,104,ドクモン,ドクター / ライフ,True,https://digimon.net/appmon/detail.php?id=109
109,ダメダモン,ja,3,80,ゴシップモン,ゴシップ / ソーシャル,True,https://digimon.net/appmon/detail.php?id=109
109,ダメダモン,ko,1,88,레이드라몬,슈퍼 해킹 / 시스템,True,https://digimon.net/appmon_ko/detail.php?id=109
109,ダメダモン,ko,2,104,닥몬,닥터 / 라이프,True,https://digimon.net/appmon_ko/detail.php?id=109
109,ダメダモン,ko,3,95,코치몬,육성 / 게임,True,https://digimon.net/appmon_ko/detail.php?id=109
109,ダメダモン,en,1,105,Consulmon,Saving / Life,True,https://digimon.net/appmon_en/detail.php?id=109
109,ダメダモン,en,2,104,Docmon,Doctor  / Life,True,https://digimon.net/appmon_en/detail.php?id=109
109,ダメダモン,en,3,84,Timemon,Time Slip / Tool,True,https://digimon.net/appmon_en/detail.php?id=109
109,ダメダモン,zh_hans,1,88,掠龙兽,超级入侵 / 系统,True,https://digimon.net/appmon_zh-CHS/detail.php?id=109
109,ダメダモン,zh_hans,2,105,顾问兽,节约 / 生活,True,https://digimon.net/appmon_zh-CHS/detail.php?id=109
109,ダメダモン,zh_hans,3,84,时间兽,时间跳跃 / 工具,True,https://digimon.net/appmon_zh-CHS/detail.php?id=109
109,ダメダモン,zh_hant,1,80,傳聞獸,傳聞 / 社交,True,https://digimon.net/appmon_zh-CHT/detail.php?id=109
109,ダメダモン,zh_hant,2,104,醫生獸,醫生 / 生活,True,https://digimon.net/appmon_zh-CHT/detail.php?id=109
109,ダメダモン,zh_hant,3,95,教練獸,訓練 / 遊戲,True,https://digimon.net/appmon_zh-CHT/detail.php?id=109
110,サテラモン,ja,1,21,キャメラモン,カメラ / ツール,True,https://digimon.net/appmon/detail.php?id=110
110,サテラモン,ja,2,86,スコープモン,監視 / ツール,True,https://digimon.net/appmon/detail.php?id=110
110,サテラモン,ja,3,16,コンパスモン,コンパス / ナビ,True,https://digimon.net/appmon/detail.php?id=110
110,サテラモン,ko,1,21,카메라몬,카메라 / 툴,True,https://digimon.net/appmon_ko/detail.php?id=110
110,サテラモン,ko,2,86,스코프몬,감시 / 툴,True,https://digimon.net/appmon_ko/detail.php?id=110
110,サテラモン,ko,3,82,트립몬,여행 / 내비,True,https://digimon.net/appmon_ko/detail.php?id=110
110,サテラモン,en,1,86,Scopemon,Monitoring / Tool,True,https://digimon.net/appmon_en/detail.php?id=110
110,サテラモン,en,2,16,Compassmon,Compass / Navi,True,https://digimon.net/appmon_en/detail.php?id=110
110,サテラモン,en,3,82,Tripmon,Trip / Navi,True,https://digimon.net/appmon_en/detail.php?id=110
110,サテラモン,zh_hans,1,16,指南针兽,指南针 / 导航,True,https://digimon.net/appmon_zh-CHS/detail.php?id=110
110,サテラモン,zh_hans,2,86,天眼兽,监视 / 工具,True,https://digimon.net/appmon_zh-CHS/detail.php?id=110
110,サテラモン,zh_hans,3,21,摄影兽,照相 / 工具,True,https://digimon.net/appmon_zh-CHS/detail.php?id=110
110,サテラモン,zh_hant,1,82,旅行獸,旅行 / 導航,True,https://digimon.net/appmon_zh-CHT/detail.php?id=110
110,サテラモン,zh_hant,2,16,指南針獸,指南針 / 導航,True,https://digimon.net/appmon_zh-CHT/detail.php?id=110
110,サテラモン,zh_hant,3,21,攝影獸,相機 / 工具,True,https://digimon.net/appmon_zh-CHT/detail.php?id=110
111,コメットモン,ja,1,126,デウスモン,全能 / ゴッド,True,https://digimon.net/appmon/detail.php?id=111
111,コメットモン,ja,2,91,ワープモン,転送 / システム,True,https://digimon.net/appmon/detail.php?id=111
111,コメットモン,ja,3,116,ワルダモン,策略 / システム,True,https://digimon.net/appmon/detail.php?id=111
111,コメットモン,ko,1,83,웨더드라몬,기후 / 내비,True,https://digimon.net/appmon_ko/detail.php?id=111
111,コメットモン,ko,2,116,와루다몬,책략 / 시스템,True,https://digimon.net/appmon_ko/detail.php?id=111
111,コメットモン,ko,3,91,워프몬,전송 / 시스템,True,https://digimon.net/appmon_ko/detail.php?id=111
111,コメットモン,en,1,91,Warpmon,Transmission / System,True,https://digimon.net/appmon_en/detail.php?id=111
111,コメットモン,en,2,116,Warudamon,Strategy / System,True,https://digimon.net/appmon_en/detail.php?id=111
111,コメットモン,en,3,83,Weatherdramon,Weather  / Navi,True,https://digimon.net/appmon_en/detail.php?id=111
111,コメットモン,zh_hans,1,126,宙斯兽,全能 / 神,True,https://digimon.net/appmon_zh-CHS/detail.php?id=111
111,コメットモン,zh_hans,2,91,传送兽,瞬间传送 / 系统,True,https://digimon.net/appmon_zh-CHS/detail.php?id=111
111,コメットモン,zh_hans,3,116,诡姬兽,策略 / 系统,True,https://digimon.net/appmon_zh-CHS/detail.php?id=111
111,コメットモン,zh_hant,1,126,宙斯獸,全能 / 神,True,https://digimon.net/appmon_zh-CHT/detail.php?id=111
111,コメットモン,zh_hant,2,91,傳送獸,傳送 / 系統,True,https://digimon.net/appmon_zh-CHT/detail.php?id=111
111,コメットモン,zh_hant,3,83,氣象龍獸,天候 / 導航,True,https://digimon.net/appmon_zh-CHT/detail.php?id=111
112,ブートモン,ja,1,113,シャットモン,強制終了 / ツール,True,https://digimon.net/appmon/detail.php?id=112
112,ブートモン,ja,2,43,オンモン,オンライン / ゲーム,True,https://digimon.net/appmon/detail.php?id=112
112,ブートモン,ja,3,121,リブートモン,再起動 / ゴッド,True,https://digimon.net/appmon/detail.php?id=112
112,ブートモン,ko,1,121,리부트몬,재부팅 / 하나님,True,https://digimon.net/appmon_ko/detail.php?id=112
112,ブートモン,ko,2,113,셧몬,강제 종료 / 툴,True,https://digimon.net/appmon_ko/detail.php?id=112
112,ブートモン,ko,3,76,로긴몬,로그인 / 소셜,True,https://digimon.net/appmon_ko/detail.php?id=112
112,ブートモン,en,1,76,Logimon,Login / Social,True,https://digimon.net/appmon_en/detail.php?id=112
112,ブートモン,en,2,113,Shutmon,Forced Termination  / Tool,True,https://digimon.net/appmon_en/detail.php?id=112
112,ブートモン,en,3,121,Rebootmon,Reboot  / God,True,https://digimon.net/appmon_en/detail.php?id=112
112,ブートモン,zh_hans,1,76,洛基兽,登录 / 社交,True,https://digimon.net/appmon_zh-CHS/detail.php?id=112
112,ブートモン,zh_hans,2,113,关闭兽,强制结束 / 工具,True,https://digimon.net/appmon_zh-CHS/detail.php?id=112
112,ブートモン,zh_hans,3,43,上线兽,上线 / 游戏,True,https://digimon.net/appmon_zh-CHS/detail.php?id=112
112,ブートモン,zh_hant,1,121,重啟獸,重新啟動 / 神,True,https://digimon.net/appmon_zh-CHT/detail.php?id=112
112,ブートモン,zh_hant,2,113,關機獸,強制結束 / 工具,True,https://digimon.net/appmon_zh-CHT/detail.php?id=112
112,ブートモン,zh_hant,3,76,登入獸,登入 / 社交,True,https://digimon.net/appmon_zh-CHT/detail.php?id=112
113,シャットモン,ja,1,112,ブートモン,超起動 / ツール,True,https://digimon.net/appmon/detail.php?id=113
113,シャットモン,ja,2,77,ロガモン,ログオフ / ソーシャル,True,https://digimon.net/appmon/detail.php?id=113
113,シャットモン,ja,3,121,リブートモン,再起動 / ゴッド,True,https://digimon.net/appmon/detail.php?id=113
113,シャットモン,ko,1,121,리부트몬,재부팅 / 하나님,True,https://digimon.net/appmon_ko/detail.php?id=113
113,シャットモン,ko,2,44,오프몬,오프라인 / 게임,True,https://digimon.net/appmon_ko/detail.php?id=113
113,シャットモン,ko,3,77,로간몬,로그아웃 / 소셜,True,https://digimon.net/appmon_ko/detail.php?id=113
113,シャットモン,en,1,112,Bootmon,Super Boot / Tool,True,https://digimon.net/appmon_en/detail.php?id=113
113,シャットモン,en,2,121,Rebootmon,Reboot  / God,True,https://digimon.net/appmon_en/detail.php?id=113
113,シャットモン,en,3,77,Logamon,Logoff / Social,True,https://digimon.net/appmon_en/detail.php?id=113
113,シャットモン,zh_hans,1,77,洛迦兽,注销 / 社交,True,https://digimon.net/appmon_zh-CHS/detail.php?id=113
113,シャットモン,zh_hans,2,44,离线兽,离线 / 游戏,True,https://digimon.net/appmon_zh-CHS/detail.php?id=113
113,シャットモン,zh_hans,3,121,重启兽,重启 / 神,True,https://digimon.net/appmon_zh-CHS/detail.php?id=113
113,シャットモン,zh_hant,1,121,重啟獸,重新啟動 / 神,True,https://digimon.net/appmon_zh-CHT/detail.php?id=113
113,シャットモン,zh_hant,2,77,登出獸,登出 / 社交,True,https://digimon.net/appmon_zh-CHT/detail.php?id=113
113,シャットモン,zh_hant,3,44,離線獸,離線 / 遊戲,True,https://digimon.net/appmon_zh-CHT/detail.php?id=113
114,フェイクモン,ja,1,120,ビューティモン,美容 / ライフ,True,https://digimon.net/appmon/detail.php?id=114
114,フェイクモン,ja,2,125,ウラノスモン,覚醒 / ゴッド,True,https://digimon.net/appmon/detail.php?id=114
114,フェイクモン,ja,3,119,バイオモン,ライフ / ライフ,True,https://digimon.net/appmon/detail.php?id=114
114,フェイクモン,ko,1,125,우라노스몬,각성 / 하나님,True,https://digimon.net/appmon_ko/detail.php?id=114
114,フェイクモン,ko,2,119,바이오몬,라이프 / 라이프,True,https://digimon.net/appmon_ko/detail.php?id=114
114,フェイクモン,ko,3,120,뷰티몬,미용 / 라이프,True,https://digimon.net/appmon_ko/detail.php?id=114
114,フェイクモン,en,1,120,Beautymon,Beauty / Life,True,https://digimon.net/appmon_en/detail.php?id=114
114,フェイクモン,en,2,125,Ouranosmon,Awakening / God,True,https://digimon.net/appmon_en/detail.php?id=114
114,フェイクモン,en,3,119,Biomon,Life  / Life,True,https://digimon.net/appmon_en/detail.php?id=114
114,フェイクモン,zh_hans,1,119,生命兽,生活 / 生活,True,https://digimon.net/appmon_zh-CHS/detail.php?id=114
114,フェイクモン,zh_hans,2,108,领袖兽,精神控制 / 社交,True,https://digimon.net/appmon_zh-CHS/detail.php?id=114
114,フェイクモン,zh_hans,3,125,乌拉诺斯兽,觉醒 / 神,True,https://digimon.net/appmon_zh-CHS/detail.php?id=114
114,フェイクモン,zh_hant,1,120,美麗獸,美容 / 生活,True,https://digimon.net/appmon_zh-CHT/detail.php?id=114
114,フェイクモン,zh_hant,2,108,領袖獸,精神控制 / 社交,True,https://digimon.net/appmon_zh-CHT/detail.php?id=114
114,フェイクモン,zh_hant,3,125,烏拉諾斯獸,覺醒 / 神,True,https://digimon.net/appmon_zh-CHT/detail.php?id=114
115,リバイブモン,ja,1,123,ハデスモン,変化 / ゴッド,True,https://digimon.net/appmon/detail.php?id=115
115,リバイブモン,ja,2,119,バイオモン,ライフ / ライフ,True,https://digimon.net/appmon/detail.php?id=115
115,リバイブモン,ja,3,88,レイドラモン,超ハッキング / システム,True,https://digimon.net/appmon/detail.php?id=115
115,リバイブモン,ko,1,88,레이드라몬,슈퍼 해킹 / 시스템,True,https://digimon.net/appmon_ko/detail.php?id=115
115,リバイブモン,ko,2,119,바이오몬,라이프 / 라이프,True,https://digimon.net/appmon_ko/detail.php?id=115
115,リバイブモン,ko,3,33,핵몬,해킹 / 시스템,True,https://digimon.net/appmon_ko/detail.php?id=115
115,リバイブモン,en,1,123,Hadesmon,Transmutation / God,True,https://digimon.net/appmon_en/detail.php?id=115
115,リバイブモン,en,2,119,Biomon,Life  / Life,True,https://digimon.net/appmon_en/detail.php?id=115
115,リバイブモン,en,3,88,Raidramon,Super Hacking / System,True,https://digimon.net/appmon_en/detail.php?id=115
115,リバイブモン,zh_hans,1,119,生命兽,生活 / 生活,True,https://digimon.net/appmon_zh-CHS/detail.php?id=115
115,リバイブモン,zh_hans,2,123,哈迪斯兽,变化 / 神,True,https://digimon.net/appmon_zh-CHS/detail.php?id=115
115,リバイブモン,zh_hans,3,33,黑客兽,破解入侵 / 系统,True,https://digimon.net/appmon_zh-CHS/detail.php?id=115
115,リバイブモン,zh_hant,1,119,生命獸,生活 / 生活,True,https://digimon.net/appmon_zh-CHT/detail.php?id=115
115,リバイブモン,zh_hant,2,33,駭客獸,入侵 / 系統,True,https://digimon.net/appmon_zh-CHT/detail.php?id=115
115,リバイブモン,zh_hant,3,88,掠龍獸,超級入侵 / 系統,True,https://digimon.net/appmon_zh-CHT/detail.php?id=115
116,ワルダモン,ja,1,126,デウスモン,全能 / ゴッド,True,https://digimon.net/appmon/detail.php?id=116
116,ワルダモン,ja,2,111,コメットモン,天体 / ナビ,True,https://digimon.net/appmon/detail.php?id=116
116,ワルダモン,ja,3,92,サクシモン,シミュレーション / ゲーム,True,https://digimon.net/appmon/detail.php?id=116
116,ワルダモン,ko,1,92,책사몬,시뮬레이션 / 게임,True,https://digimon.net/appmon_ko/detail.php?id=116
116,ワルダモン,ko,2,111,코멧몬,천체 / 내비,True,https://digimon.net/appmon_ko/detail.php?id=116
116,ワルダモン,ko,3,90,미에누몬,스텔스 / 시스템,True,https://digimon.net/appmon_ko/detail.php?id=116
116,ワルダモン,en,1,126,Deusmon,Omnipotence / God,True,https://digimon.net/appmon_en/detail.php?id=116
116,ワルダモン,en,2,90,Mienumon,Stealth / System,True,https://digimon.net/appmon_en/detail.php?id=116
116,ワルダモン,en,3,92,Sakusimon,Simulation  / Game,True,https://digimon.net/appmon_en/detail.php?id=116
116,ワルダモン,zh_hans,1,111,彗星兽,天体 / 导航,True,https://digimon.net/appmon_zh-CHS/detail.php?id=116
116,ワルダモン,zh_hans,2,90,障目兽,隐形 / 系统,True,https://digimon.net/appmon_zh-CHS/detail.php?id=116
116,ワルダモン,zh_hans,3,126,宙斯兽,全能 / 神,True,https://digimon.net/appmon_zh-CHS/detail.php?id=116
116,ワルダモン,zh_hant,1,126,宙斯獸,全能 / 神,True,https://digimon.net/appmon_zh-CHT/detail.php?id=116
116,ワルダモン,zh_hant,2,111,彗星獸,天體 / 導航,True,https://digimon.net/appmon_zh-CHT/detail.php?id=116
116,ワルダモン,zh_hant,3,90,看不見獸,隱身 / 系統,True,https://digimon.net/appmon_zh-CHT/detail.php?id=116
117,オウジャモン,ja,1,120,ビューティモン,美容 / ライフ,True,https://digimon.net/appmon/detail.php?id=117
117,オウジャモン,ja,2,93,ドスコモン,格闘 / ゲーム,True,https://digimon.net/appmon/detail.php?id=117
117,オウジャモン,ja,3,45,ドカモン,アクション / ゲーム,True,https://digimon.net/appmon/detail.php?id=117
117,オウジャモン,ko,1,124,포세이도몬,무적 / 하나님,True,https://digimon.net/appmon_ko/detail.php?id=117
117,オウジャモン,ko,2,93,도스코몬,격투 / 게임,True,https://digimon.net/appmon_ko/detail.php?id=117
117,オウジャモン,ko,3,120,뷰티몬,미용 / 라이프,True,https://digimon.net/appmon_ko/detail.php?id=117
117,オウジャモン,en,1,124,Poseidomon,Invincible / God,True,https://digimon.net/appmon_en/detail.php?id=117
117,オウジャモン,en,2,45,Dokamon,Action / Game,True,https://digimon.net/appmon_en/detail.php?id=117
117,オウジャモン,en,3,93,Dosukomon,Fighting / Game,True,https://digimon.net/appmon_en/detail.php?id=117
117,オウジャモン,zh_hans,1,45,多卡兽,全真投射 / 游戏,True,https://digimon.net/appmon_zh-CHS/detail.php?id=117
117,オウジャモン,zh_hans,2,93,相扑兽,格斗游戏 / 游戏,True,https://digimon.net/appmon_zh-CHS/detail.php?id=117
117,オウジャモン,zh_hans,3,120,美姿兽,美容 / 生活,True,https://digimon.net/appmon_zh-CHS/detail.php?id=117
117,オウジャモン,zh_hant,1,45,多卡獸,動作 / 遊戲,True,https://digimon.net/appmon_zh-CHT/detail.php?id=117
117,オウジャモン,zh_hant,2,93,相撲獸,格鬥 / 遊戲,True,https://digimon.net/appmon_zh-CHT/detail.php?id=117
117,オウジャモン,zh_hant,3,124,波塞頓獸,無敵 / 神,True,https://digimon.net/appmon_zh-CHT/detail.php?id=117
118,エンタモン,ja,1,125,ウラノスモン,覚醒 / ゴッド,True,https://digimon.net/appmon/detail.php?id=118
118,エンタモン,ja,2,54,ミュージモン,音楽 / エンタメ,True,https://digimon.net/appmon/detail.php?id=118
118,エンタモン,ja,3,100,メディアモン,メディアプレーヤー / エンタメ,True,https://digimon.net/appmon/detail.php?id=118
118,エンタモン,ko,1,100,미디어몬,미디어 플레이어 / 엔터테인먼트,True,https://digimon.net/appmon_ko/detail.php?id=118
118,エンタモン,ko,2,125,우라노스몬,각성 / 하나님,True,https://digimon.net/appmon_ko/detail.php?id=118
118,エンタモン,ko,3,54,뮤지몬,음악 / 엔터테인먼트,True,https://digimon.net/appmon_ko/detail.php?id=118
118,エンタモン,en,1,54,Musimon,Music / Entertainment,True,https://digimon.net/appmon_en/detail.php?id=118
118,エンタモン,en,2,114,Fakemon,Camouflage / Tool,True,https://digimon.net/appmon_en/detail.php?id=118
118,エンタモン,en,3,100,Mediamon,Media Player / Entertainment,True,https://digimon.net/appmon_en/detail.php?id=118
118,エンタモン,zh_hans,1,100,媒体兽,影音播放器 / 娱乐,True,https://digimon.net/appmon_zh-CHS/detail.php?id=118
118,エンタモン,zh_hans,2,125,乌拉诺斯兽,觉醒 / 神,True,https://digimon.net/appmon_zh-CHS/detail.php?id=118
118,エンタモン,zh_hans,3,54,音乐兽,音乐 / 娱乐,True,https://digimon.net/appmon_zh-CHS/detail.php?id=118
118,エンタモン,zh_hant,1,54,音樂獸,音樂 / 娛樂,True,https://digimon.net/appmon_zh-CHT/detail.php?id=118
118,エンタモン,zh_hant,2,125,烏拉諾斯獸,覺醒 / 神,True,https://digimon.net/appmon_zh-CHT/detail.php?id=118
118,エンタモン,zh_hant,3,114,偽裝獸,偽裝 / 工具,True,https://digimon.net/appmon_zh-CHT/detail.php?id=118
119,バイオモン,ja,1,114,フェイクモン,偽装 / ツール,True,https://digimon.net/appmon/detail.php?id=119
119,バイオモン,ja,2,120,ビューティモン,美容 / ライフ,True,https://digimon.net/appmon/detail.php?id=119
119,バイオモン,ja,3,108,カリスモン,マインドコントロール / ソーシャル,True,https://digimon.net/appmon/detail.php?id=119
119,バイオモン,ko,1,123,하데스몬,변화 / 하나님,True,https://digimon.net/appmon_ko/detail.php?id=119
119,バイオモン,ko,2,120,뷰티몬,미용 / 라이프,True,https://digimon.net/appmon_ko/detail.php?id=119
119,バイオモン,ko,3,114,페이크몬,위장 / 툴,True,https://digimon.net/appmon_ko/detail.php?id=119
119,バイオモン,en,1,115,Revivemon,Restoration / System,True,https://digimon.net/appmon_en/detail.php?id=119
119,バイオモン,en,2,120,Beautymon,Beauty / Life,True,https://digimon.net/appmon_en/detail.php?id=119
119,バイオモン,en,3,123,Hadesmon,Transmutation / God,True,https://digimon.net/appmon_en/detail.php?id=119
119,バイオモン,zh_hans,1,114,伪装兽,伪装 / 工具,True,https://digimon.net/appmon_zh-CHS/detail.php?id=119
119,バイオモン,zh_hans,2,123,哈迪斯兽,变化 / 神,True,https://digimon.net/appmon_zh-CHS/detail.php?id=119
119,バイオモン,zh_hans,3,115,复活兽,系统恢复 / 系统,True,https://digimon.net/appmon_zh-CHS/detail.php?id=119
119,バイオモン,zh_hant,1,108,領袖獸,精神控制 / 社交,True,https://digimon.net/appmon_zh-CHT/detail.php?id=119
119,バイオモン,zh_hant,2,114,偽裝獸,偽裝 / 工具,True,https://digimon.net/appmon_zh-CHT/detail.php?id=119
119,バイオモン,zh_hant,3,120,美麗獸,美容 / 生活,True,https://digimon.net/appmon_zh-CHT/detail.php?id=119
120,ビューティモン,ja,1,124,ポセイドモン,無敵 / ゴッド,True,https://digimon.net/appmon/detail.php?id=120
120,ビューティモン,ja,2,114,フェイクモン,偽装 / ツール,True,https://digimon.net/appmon/detail.php?id=120
120,ビューティモン,ja,3,117,オウジャモン,戦闘 / ゲーム,True,https://digimon.net/appmon/detail.php?id=120
120,ビューティモン,ko,1,124,포세이도몬,무적 / 하나님,True,https://digimon.net/appmon_ko/detail.php?id=120
120,ビューティモン,ko,2,117,오우자몬,전투 / 게임,True,https://digimon.net/appmon_ko/detail.php?id=120
120,ビューティモン,ko,3,114,페이크몬,위장 / 툴,True,https://digimon.net/appmon_ko/detail.php?id=120
120,ビューティモン,en,1,117,Oujamon,Battle  / Game,True,https://digimon.net/appmon_en/detail.php?id=120
120,ビューティモン,en,2,114,Fakemon,Camouflage / Tool,True,https://digimon.net/appmon_en/detail.php?id=120
120,ビューティモン,en,3,119,Biomon,Life  / Life,True,https://digimon.net/appmon_en/detail.php?id=120
120,ビューティモン,zh_hans,1,124,波塞冬兽,无敌 / 神,True,https://digimon.net/appmon_zh-CHS/detail.php?id=120
120,ビューティモン,zh_hans,2,119,生命兽,生活 / 生活,True,https://digimon.net/appmon_zh-CHS/detail.php?id=120
120,ビューティモン,zh_hans,3,114,伪装兽,伪装 / 工具,True,https://digimon.net/appmon_zh-CHS/detail.php?id=120
120,ビューティモン,zh_hant,1,114,偽裝獸,偽裝 / 工具,True,https://digimon.net/appmon_zh-CHT/detail.php?id=120
120,ビューティモン,zh_hant,2,119,生命獸,生活 / 生活,True,https://digimon.net/appmon_zh-CHT/detail.php?id=120
120,ビューティモン,zh_hant,3,124,波塞頓獸,無敵 / 神,True,https://digimon.net/appmon_zh-CHT/detail.php?id=120
121,リブートモン,ja,1,76,ロギモン,ログイン / ソーシャル,True,https://digimon.net/appmon/detail.php?id=121
121,リブートモン,ja,2,44,オフモン,オフライン / ゲーム,True,https://digimon.net/appmon/detail.php?id=121
121,リブートモン,ja,3,77,ロガモン,ログオフ / ソーシャル,True,https://digimon.net/appmon/detail.php?id=121
121,リブートモン,ko,1,43,온몬,온라인 / 게임,True,https://digimon.net/appmon_ko/detail.php?id=121
121,リブートモン,ko,2,76,로긴몬,로그인 / 소셜,True,https://digimon.net/appmon_ko/detail.php?id=121
121,リブートモン,ko,3,112,부팅몬,슈퍼 부팅 / 툴,True,https://digimon.net/appmon_ko/detail.php?id=121
121,リブートモン,en,1,77,Logamon,Logoff / Social,True,https://digimon.net/appmon_en/detail.php?id=121
121,リブートモン,en,2,76,Logimon,Login / Social,True,https://digimon.net/appmon_en/detail.php?id=121
121,リブートモン,en,3,44,Offmon,Offline / Game,True,https://digimon.net/appmon_en/detail.php?id=121
121,リブートモン,zh_hans,1,112,启动兽,超级启动 / 工具,True,https://digimon.net/appmon_zh-CHS/detail.php?id=121
121,リブートモン,zh_hans,2,76,洛基兽,登录 / 社交,True,https://digimon.net/appmon_zh-CHS/detail.php?id=121
121,リブートモン,zh_hans,3,44,离线兽,离线 / 游戏,True,https://digimon.net/appmon_zh-CHS/detail.php?id=121
121,リブートモン,zh_hant,1,43,連線獸,連線 / 遊戲,True,https://digimon.net/appmon_zh-CHT/detail.php?id=121
121,リブートモン,zh_hant,2,44,離線獸,離線 / 遊戲,True,https://digimon.net/appmon_zh-CHT/detail.php?id=121
121,リブートモン,zh_hant,3,113,關機獸,強制結束 / 工具,True,https://digimon.net/appmon_zh-CHT/detail.php?id=121
122,ガイアモン,ja,1,107,グローブモン,グローバル / ソーシャル,True,https://digimon.net/appmon/detail.php?id=122
122,ガイアモン,ja,2,78,ドガッチモン,超検索 / ソーシャル,True,https://digimon.net/appmon/detail.php?id=122
122,ガイアモン,ja,3,1,ガッチモン,検索 / ソーシャル,True,https://digimon.net/appmon/detail.php?id=122
122,ガイアモン,ko,1,108,카리스몬,마인드 컨트롤 / 소셜,True,https://digimon.net/appmon_ko/detail.php?id=122
122,ガイアモン,ko,2,107,글로브몬,글로벌 / 소셜,True,https://digimon.net/appmon_ko/detail.php?id=122
122,ガイアモン,ko,3,78,슈퍼 서치몬,슈퍼 검색 / 소셜,True,https://digimon.net/appmon_ko/detail.php?id=122
122,ガイアモン,en,1,1,Gatchmon,Search  / Social,True,https://digimon.net/appmon_en/detail.php?id=122
122,ガイアモン,en,2,78,DoGatchmon,Super Search / Social,True,https://digimon.net/appmon_en/detail.php?id=122
122,ガイアモン,en,3,107,Globemon,Global  / Social,True,https://digimon.net/appmon_en/detail.php?id=122
122,ガイアモン,zh_hans,1,107,环球兽,全球信息 / 社交,True,https://digimon.net/appmon_zh-CHS/detail.php?id=122
122,ガイアモン,zh_hans,2,78,大盖奇兽,超级搜索 / 社交,True,https://digimon.net/appmon_zh-CHS/detail.php?id=122
122,ガイアモン,zh_hans,3,1,盖奇兽,搜索 / 社交,True,https://digimon.net/appmon_zh-CHS/detail.php?id=122
122,ガイアモン,zh_hant,1,107,全球獸,全球 / 社交,True,https://digimon.net/appmon_zh-CHT/detail.php?id=122
122,ガイアモン,zh_hant,2,1,蓋奇獸,搜索 / 社交,True,https://digimon.net/appmon_zh-CHT/detail.php?id=122
122,ガイアモン,zh_hant,3,108,領袖獸,精神控制 / 社交,True,https://digimon.net/appmon_zh-CHT/detail.php?id=122
123,ハデスモン,ja,1,115,リバイブモン,復元 / システム,True,https://digimon.net/appmon/detail.php?id=123
123,ハデスモン,ja,2,88,レイドラモン,超ハッキング / システム,True,https://digimon.net/appmon/detail.php?id=123
123,ハデスモン,ja,3,33,ハックモン,ハッキング / システム,True,https://digimon.net/appmon/detail.php?id=123
123,ハデスモン,ko,1,88,레이드라몬,슈퍼 해킹 / 시스템,True,https://digimon.net/appmon_ko/detail.php?id=123
123,ハデスモン,ko,2,119,바이오몬,라이프 / 라이프,True,https://digimon.net/appmon_ko/detail.php?id=123
123,ハデスモン,ko,3,115,리바이브몬,복원 / 시스템,True,https://digimon.net/appmon_ko/detail.php?id=123
123,ハデスモン,en,1,119,Biomon,Life  / Life,True,https://digimon.net/appmon_en/detail.php?id=123
123,ハデスモン,en,2,115,Revivemon,Restoration / System,True,https://digimon.net/appmon_en/detail.php?id=123
123,ハデスモン,en,3,88,Raidramon,Super Hacking / System,True,https://digimon.net/appmon_en/detail.php?id=123
123,ハデスモン,zh_hans,1,119,生命兽,生活 / 生活,True,https://digimon.net/appmon_zh-CHS/detail.php?id=123
123,ハデスモン,zh_hans,2,115,复活兽,系统恢复 / 系统,True,https://digimon.net/appmon_zh-CHS/detail.php?id=123
123,ハデスモン,zh_hans,3,88,掠龙兽,超级入侵 / 系统,True,https://digimon.net/appmon_zh-CHS/detail.php?id=123
123,ハデスモン,zh_hant,1,119,生命獸,生活 / 生活,True,https://digimon.net/appmon_zh-CHT/detail.php?id=123
123,ハデスモン,zh_hant,2,115,復原獸,復原 / 系統,True,https://digimon.net/appmon_zh-CHT/detail.php?id=123
123,ハデスモン,zh_hant,3,88,掠龍獸,超級入侵 / 系統,True,https://digimon.net/appmon_zh-CHT/detail.php?id=123
124,ポセイドモン,ja,1,117,オウジャモン,戦闘 / ゲーム,True,https://digimon.net/appmon/detail.php?id=124
124,ポセイドモン,ja,2,93,ドスコモン,格闘 / ゲーム,True,https://digimon.net/appmon/detail.php?id=124
124,ポセイドモン,ja,3,45,ドカモン,アクション / ゲーム,True,https://digimon.net/appmon/detail.php?id=124
124,ポセイドモン,ko,1,117,오우자몬,전투 / 게임,True,https://digimon.net/appmon_ko/detail.php?id=124
124,ポセイドモン,ko,2,120,뷰티몬,미용 / 라이프,True,https://digimon.net/appmon_ko/detail.php?id=124
124,ポセイドモン,ko,3,45,콰광몬,액션 / 게임,True,https://digimon.net/appmon_ko/detail.php?id=124
124,ポセイドモン,en,1,120,Beautymon,Beauty / Life,True,https://digimon.net/appmon_en/detail.php?id=124
124,ポセイドモン,en,2,117,Oujamon,Battle  / Game,True,https://digimon.net/appmon_en/detail.php?id=124
124,ポセイドモン,en,3,45,Dokamon,Action / Game,True,https://digimon.net/appmon_en/detail.php?id=124
124,ポセイドモン,zh_hans,1,45,多卡兽,全真投射 / 游戏,True,https://digimon.net/appmon_zh-CHS/detail.php?id=124
124,ポセイドモン,zh_hans,2,120,美姿兽,美容 / 生活,True,https://digimon.net/appmon_zh-CHS/detail.php?id=124
124,ポセイドモン,zh_hans,3,93,相扑兽,格斗游戏 / 游戏,True,https://digimon.net/appmon_zh-CHS/detail.php?id=124
124,ポセイドモン,zh_hant,1,93,相撲獸,格鬥 / 遊戲,True,https://digimon.net/appmon_zh-CHT/detail.php?id=124
124,ポセイドモン,zh_hant,2,120,美麗獸,美容 / 生活,True,https://digimon.net/appmon_zh-CHT/detail.php?id=124
124,ポセイドモン,zh_hant,3,45,多卡獸,動作 / 遊戲,True,https://digimon.net/appmon_zh-CHT/detail.php?id=124
125,ウラノスモン,ja,1,118,エンタモン,エンターテイメント / エンタメ,True,https://digimon.net/appmon/detail.php?id=125
125,ウラノスモン,ja,2,54,ミュージモン,音楽 / エンタメ,True,https://digimon.net/appmon/detail.php?id=125
125,ウラノスモン,ja,3,100,メディアモン,メディアプレーヤー / エンタメ,True,https://digimon.net/appmon/detail.php?id=125
125,ウラノスモン,ko,1,54,뮤지몬,음악 / 엔터테인먼트,True,https://digimon.net/appmon_ko/detail.php?id=125
125,ウラノスモン,ko,2,114,페이크몬,위장 / 툴,True,https://digimon.net/appmon_ko/detail.php?id=125
125,ウラノスモン,ko,3,118,엔터몬,오락 / 엔터테인먼트,True,https://digimon.net/appmon_ko/detail.php?id=125
125,ウラノスモン,en,1,54,Musimon,Music / Entertainment,True,https://digimon.net/appmon_en/detail.php?id=125
125,ウラノスモン,en,2,118,Entermon,Entertainment  / Entertainment,True,https://digimon.net/appmon_en/detail.php?id=125
125,ウラノスモン,en,3,100,Mediamon,Media Player / Entertainment,True,https://digimon.net/appmon_en/detail.php?id=125
125,ウラノスモン,zh_hans,1,114,伪装兽,伪装 / 工具,True,https://digimon.net/appmon_zh-CHS/detail.php?id=125
125,ウラノスモン,zh_hans,2,118,娱乐兽,文艺娱乐 / 娱乐,True,https://digimon.net/appmon_zh-CHS/detail.php?id=125
125,ウラノスモン,zh_hans,3,100,媒体兽,影音播放器 / 娱乐,True,https://digimon.net/appmon_zh-CHS/detail.php?id=125
125,ウラノスモン,zh_hant,1,54,音樂獸,音樂 / 娛樂,True,https://digimon.net/appmon_zh-CHT/detail.php?id=125
125,ウラノスモン,zh_hant,2,114,偽裝獸,偽裝 / 工具,True,https://digimon.net/appmon_zh-CHT/detail.php?id=125
125,ウラノスモン,zh_hant,3,118,娛樂獸,娛樂 / 娛樂,True,https://digimon.net/appmon_zh-CHT/detail.php?id=125
126,デウスモン,ja,1,83,ウェザドラモン,天候 / ナビ,True,https://digimon.net/appmon/detail.php?id=126
126,デウスモン,ja,2,90,ミエーヌモン,ステルス / システム,True,https://digimon.net/appmon/detail.php?id=126
126,デウスモン,ja,3,116,ワルダモン,策略 / システム,True,https://digimon.net/appmon/detail.php?id=126
126,デウスモン,ko,1,111,코멧몬,천체 / 내비,True,https://digimon.net/appmon_ko/detail.php?id=126
126,デウスモン,ko,2,90,미에누몬,스텔스 / 시스템,True,https://digimon.net/appmon_ko/detail.php?id=126
126,デウスモン,ko,3,116,와루다몬,책략 / 시스템,True,https://digimon.net/appmon_ko/detail.php?id=126
126,デウスモン,en,1,116,Warudamon,Strategy / System,True,https://digimon.net/appmon_en/detail.php?id=126
126,デウスモン,en,2,111,Cometmon,Astronomy / Navi,True,https://digimon.net/appmon_en/detail.php?id=126
126,デウスモン,en,3,90,Mienumon,Stealth / System,True,https://digimon.net/appmon_en/detail.php?id=126
126,デウスモン,zh_hans,1,116,诡姬兽,策略 / 系统,True,https://digimon.net/appmon_zh-CHS/detail.php?id=126
126,デウスモン,zh_hans,2,90,障目兽,隐形 / 系统,True,https://digimon.net/appmon_zh-CHS/detail.php?id=126
126,デウスモン,zh_hans,3,111,彗星兽,天体 / 导航,True,https://digimon.net/appmon_zh-CHS/detail.php?id=126
126,デウスモン,zh_hant,1,90,看不見獸,隱身 / 系統,True,https://digimon.net/appmon_zh-CHT/detail.php?id=126
126,デウスモン,zh_hant,2,111,彗星獸,天體 / 導航,True,https://digimon.net/appmon_zh-CHT/detail.php?id=126
126,デウスモン,zh_hant,3,116,謀略獸,策略 / 系統,True,https://digimon.net/appmon_zh-CHT/detail.php?id=126
127,タップモン(ソーシャル),ja,1,133,タップモン(ライフ),タップ / ライフ,True,https://digimon.net/appmon/detail.php?id=127
127,タップモン(ソーシャル),ja,2,129,タップモン(ツール),タップ / ツール,True,https://digimon.net/appmon/detail.php?id=127
127,タップモン(ソーシャル),ja,3,131,タップモン(ゲーム),タップ / ゲーム,True,https://digimon.net/appmon/detail.php?id=127
127,タップモン(ソーシャル),ko,1,132,탭몬(엔터테인먼트),탭 / 엔터테인먼트,True,https://digimon.net/appmon_ko/detail.php?id=127
127,タップモン(ソーシャル),ko,2,133,탭몬(라이프),탭 / 라이프,True,https://digimon.net/appmon_ko/detail.php?id=127
127,タップモン(ソーシャル),ko,3,128,탭몬(내비),탭 / 내비,True,https://digimon.net/appmon_ko/detail.php?id=127
127,タップモン(ソーシャル),en,1,131,Tapmon (Game),Tap / Game,True,https://digimon.net/appmon_en/detail.php?id=127
127,タップモン(ソーシャル),en,2,133,Tapmon (Life),Tap / Life,True,https://digimon.net/appmon_en/detail.php?id=127
127,タップモン(ソーシャル),en,3,132,Tapmon (Entertainment),Tap / Entertainment,True,https://digimon.net/appmon_en/detail.php?id=127
127,タップモン(ソーシャル),zh_hans,1,130,轻敲兽（系统）,轻敲 / 系统,True,https://digimon.net/appmon_zh-CHS/detail.php?id=127
127,タップモン(ソーシャル),zh_hans,2,128,轻敲兽（导航）,轻敲 / 导航,True,https://digimon.net/appmon_zh-CHS/detail.php?id=127
127,タップモン(ソーシャル),zh_hans,3,132,轻敲兽（娱乐）,轻敲 / 娱乐,True,https://digimon.net/appmon_zh-CHS/detail.php?id=127
127,タップモン(ソーシャル),zh_hant,1,131,點擊獸（遊戲）,點擊 / 遊戲,True,https://digimon.net/appmon_zh-CHT/detail.php?id=127
127,タップモン(ソーシャル),zh_hant,2,130,點擊獸（系統）,點擊 / 系統,True,https://digimon.net/appmon_zh-CHT/detail.php?id=127
127,タップモン(ソーシャル),zh_hant,3,132,點擊獸（娛樂）,點擊 / 娛樂,True,https://digimon.net/appmon_zh-CHT/detail.php?id=127
128,タップモン(ナビ),ja,1,132,タップモン(エンタメ),タップ / エンタメ,True,https://digimon.net/appmon/detail.php?id=128
128,タップモン(ナビ),ja,2,129,タップモン(ツール),タップ / ツール,True,https://digimon.net/appmon/detail.php?id=128
128,タップモン(ナビ),ja,3,133,タップモン(ライフ),タップ / ライフ,True,https://digimon.net/appmon/detail.php?id=128
128,タップモン(ナビ),ko,1,132,탭몬(엔터테인먼트),탭 / 엔터테인먼트,True,https://digimon.net/appmon_ko/detail.php?id=128
128,タップモン(ナビ),ko,2,133,탭몬(라이프),탭 / 라이프,True,https://digimon.net/appmon_ko/detail.php?id=128
128,タップモン(ナビ),ko,3,130,탭몬(시스템),탭 / 시스템,True,https://digimon.net/appmon_ko/detail.php?id=128
128,タップモン(ナビ),en,1,132,Tapmon (Entertainment),Tap / Entertainment,True,https://digimon.net/appmon_en/detail.php?id=128
128,タップモン(ナビ),en,2,131,Tapmon (Game),Tap / Game,True,https://digimon.net/appmon_en/detail.php?id=128
128,タップモン(ナビ),en,3,129,Tapmon (Tool),Tap / Tool,True,https://digimon.net/appmon_en/detail.php?id=128
128,タップモン(ナビ),zh_hans,1,132,轻敲兽（娱乐）,轻敲 / 娱乐,True,https://digimon.net/appmon_zh-CHS/detail.php?id=128
128,タップモン(ナビ),zh_hans,2,127,轻敲兽（社交）,轻敲 / 社交,True,https://digimon.net/appmon_zh-CHS/detail.php?id=128
128,タップモン(ナビ),zh_hans,3,131,轻敲兽（游戏）,轻敲 / 游戏,True,https://digimon.net/appmon_zh-CHS/detail.php?id=128
128,タップモン(ナビ),zh_hant,1,131,點擊獸（遊戲）,點擊 / 遊戲,True,https://digimon.net/appmon_zh-CHT/detail.php?id=128
128,タップモン(ナビ),zh_hant,2,133,點擊獸（生活）,點擊 / 生活,True,https://digimon.net/appmon_zh-CHT/detail.php?id=128
128,タップモン(ナビ),zh_hant,3,127,點擊獸（社交）,點擊 / 社交,True,https://digimon.net/appmon_zh-CHT/detail.php?id=128
129,タップモン(ツール),ja,1,132,タップモン(エンタメ),タップ / エンタメ,True,https://digimon.net/appmon/detail.php?id=129
129,タップモン(ツール),ja,2,130,タップモン(システム),タップ / システム,True,https://digimon.net/appmon/detail.php?id=129
129,タップモン(ツール),ja,3,133,タップモン(ライフ),タップ / ライフ,True,https://digimon.net/appmon/detail.php?id=129
129,タップモン(ツール),ko,1,128,탭몬(내비),탭 / 내비,True,https://digimon.net/appmon_ko/detail.php?id=129
129,タップモン(ツール),ko,2,133,탭몬(라이프),탭 / 라이프,True,https://digimon.net/appmon_ko/detail.php?id=129
129,タップモン(ツール),ko,3,130,탭몬(시스템),탭 / 시스템,True,https://digimon.net/appmon_ko/detail.php?id=129
129,タップモン(ツール),en,1,128,Tapmon (Navi),Tap / Navi,True,https://digimon.net/appmon_en/detail.php?id=129
129,タップモン(ツール),en,2,127,Tapmon (Social),Tap / Social,True,https://digimon.net/appmon_en/detail.php?id=129
129,タップモン(ツール),en,3,133,Tapmon (Life),Tap / Life,True,https://digimon.net/appmon_en/detail.php?id=129
129,タップモン(ツール),zh_hans,1,128,轻敲兽（导航）,轻敲 / 导航,True,https://digimon.net/appmon_zh-CHS/detail.php?id=129
129,タップモン(ツール),zh_hans,2,133,轻敲兽（生活）,轻敲 / 生活,True,https://digimon.net/appmon_zh-CHS/detail.php?id=129
129,タップモン(ツール),zh_hans,3,127,轻敲兽（社交）,轻敲 / 社交,True,https://digimon.net/appmon_zh-CHS/detail.php?id=129
129,タップモン(ツール),zh_hant,1,131,點擊獸（遊戲）,點擊 / 遊戲,True,https://digimon.net/appmon_zh-CHT/detail.php?id=129
129,タップモン(ツール),zh_hant,2,130,點擊獸（系統）,點擊 / 系統,True,https://digimon.net/appmon_zh-CHT/detail.php?id=129
129,タップモン(ツール),zh_hant,3,132,點擊獸（娛樂）,點擊 / 娛樂,True,https://digimon.net/appmon_zh-CHT/detail.php?id=129
130,タップモン(システム),ja,1,127,タップモン(ソーシャル),タップ / ソーシャル,True,https://digimon.net/appmon/detail.php?id=130
130,タップモン(システム),ja,2,129,タップモン(ツール),タップ / ツール,True,https://digimon.net/appmon/detail.php?id=130
130,タップモン(システム),ja,3,128,タップモン(ナビ),タップ / ナビ,True,https://digimon.net/appmon/detail.php?id=130
130,タップモン(システム),ko,1,129,탭몬(툴),탭 / 툴,True,https://digimon.net/appmon_ko/detail.php?id=130
130,タップモン(システム),ko,2,128,탭몬(내비),탭 / 내비,True,https://digimon.net/appmon_ko/detail.php?id=130
130,タップモン(システム),ko,3,132,탭몬(엔터테인먼트),탭 / 엔터테인먼트,True,https://digimon.net/appmon_ko/detail.php?id=130
130,タップモン(システム),en,1,132,Tapmon (Entertainment),Tap / Entertainment,True,https://digimon.net/appmon_en/detail.php?id=130
130,タップモン(システム),en,2,129,Tapmon (Tool),Tap / Tool,True,https://digimon.net/appmon_en/detail.php?id=130
130,タップモン(システム),en,3,127,Tapmon (Social),Tap / Social,True,https://digimon.net/appmon_en/detail.php?id=130
130,タップモン(システム),zh_hans,1,131,轻敲兽（游戏）,轻敲 / 游戏,True,https://digimon.net/appmon_zh-CHS/detail.php?id=130
130,タップモン(システム),zh_hans,2,132,轻敲兽（娱乐）,轻敲 / 娱乐,True,https://digimon.net/appmon_zh-CHS/detail.php?id=130
130,タップモン(システム),zh_hans,3,133,轻敲兽（生活）,轻敲 / 生活,True,https://digimon.net/appmon_zh-CHS/detail.php?id=130
130,タップモン(システム),zh_hant,1,128,點擊獸（導航）,點擊 / 導航,True,https://digimon.net/appmon_zh-CHT/detail.php?id=130
130,タップモン(システム),zh_hant,2,127,點擊獸（社交）,點擊 / 社交,True,https://digimon.net/appmon_zh-CHT/detail.php?id=130
130,タップモン(システム),zh_hant,3,129,點擊獸（工具）,點擊 / 工具,True,https://digimon.net/appmon_zh-CHT/detail.php?id=130
131,タップモン(ゲーム),ja,1,127,タップモン(ソーシャル),タップ / ソーシャル,True,https://digimon.net/appmon/detail.php?id=131
131,タップモン(ゲーム),ja,2,129,タップモン(ツール),タップ / ツール,True,https://digimon.net/appmon/detail.php?id=131
131,タップモン(ゲーム),ja,3,130,タップモン(システム),タップ / システム,True,https://digimon.net/appmon/detail.php?id=131
131,タップモン(ゲーム),ko,1,129,탭몬(툴),탭 / 툴,True,https://digimon.net/appmon_ko/detail.php?id=131
131,タップモン(ゲーム),ko,2,127,탭몬(소셜),탭 / 소셜,True,https://digimon.net/appmon_ko/detail.php?id=131
131,タップモン(ゲーム),ko,3,132,탭몬(엔터테인먼트),탭 / 엔터테인먼트,True,https://digimon.net/appmon_ko/detail.php?id=131
131,タップモン(ゲーム),en,1,132,Tapmon (Entertainment),Tap / Entertainment,True,https://digimon.net/appmon_en/detail.php?id=131
131,タップモン(ゲーム),en,2,127,Tapmon (Social),Tap / Social,True,https://digimon.net/appmon_en/detail.php?id=131
131,タップモン(ゲーム),en,3,130,Tapmon (System),Tap / System,True,https://digimon.net/appmon_en/detail.php?id=131
131,タップモン(ゲーム),zh_hans,1,132,轻敲兽（娱乐）,轻敲 / 娱乐,True,https://digimon.net/appmon_zh-CHS/detail.php?id=131
131,タップモン(ゲーム),zh_hans,2,130,轻敲兽（系统）,轻敲 / 系统,True,https://digimon.net/appmon_zh-CHS/detail.php?id=131
131,タップモン(ゲーム),zh_hans,3,127,轻敲兽（社交）,轻敲 / 社交,True,https://digimon.net/appmon_zh-CHS/detail.php?id=131
131,タップモン(ゲーム),zh_hant,1,132,點擊獸（娛樂）,點擊 / 娛樂,True,https://digimon.net/appmon_zh-CHT/detail.php?id=131
131,タップモン(ゲーム),zh_hant,2,129,點擊獸（工具）,點擊 / 工具,True,https://digimon.net/appmon_zh-CHT/detail.php?id=131
131,タップモン(ゲーム),zh_hant,3,130,點擊獸（系統）,點擊 / 系統,True,https://digimon.net/appmon_zh-CHT/detail.php?id=131
132,タップモン(エンタメ),ja,1,127,タップモン(ソーシャル),タップ / ソーシャル,True,https://digimon.net/appmon/detail.php?id=132
132,タップモン(エンタメ),ja,2,130,タップモン(システム),タップ / システム,True,https://digimon.net/appmon/detail.php?id=132
132,タップモン(エンタメ),ja,3,131,タップモン(ゲーム),タップ / ゲーム,True,https://digimon.net/appmon/detail.php?id=132
132,タップモン(エンタメ),ko,1,129,탭몬(툴),탭 / 툴,True,https://digimon.net/appmon_ko/detail.php?id=132
132,タップモン(エンタメ),ko,2,130,탭몬(시스템),탭 / 시스템,True,https://digimon.net/appmon_ko/detail.php?id=132
132,タップモン(エンタメ),ko,3,127,탭몬(소셜),탭 / 소셜,True,https://digimon.net/appmon_ko/detail.php?id=132
132,タップモン(エンタメ),en,1,131,Tapmon (Game),Tap / Game,True,https://digimon.net/appmon_en/detail.php?id=132
132,タップモン(エンタメ),en,2,128,Tapmon (Navi),Tap / Navi,True,https://digimon.net/appmon_en/detail.php?id=132
132,タップモン(エンタメ),en,3,133,Tapmon (Life),Tap / Life,True,https://digimon.net/appmon_en/detail.php?id=132
132,タップモン(エンタメ),zh_hans,1,128,轻敲兽（导航）,轻敲 / 导航,True,https://digimon.net/appmon_zh-CHS/detail.php?id=132
132,タップモン(エンタメ),zh_hans,2,130,轻敲兽（系统）,轻敲 / 系统,True,https://digimon.net/appmon_zh-CHS/detail.php?id=132
132,タップモン(エンタメ),zh_hans,3,133,轻敲兽（生活）,轻敲 / 生活,True,https://digimon.net/appmon_zh-CHS/detail.php?id=132
132,タップモン(エンタメ),zh_hant,1,130,點擊獸（系統）,點擊 / 系統,True,https://digimon.net/appmon_zh-CHT/detail.php?id=132
132,タップモン(エンタメ),zh_hant,2,129,點擊獸（工具）,點擊 / 工具,True,https://digimon.net/appmon_zh-CHT/detail.php?id=132
132,タップモン(エンタメ),zh_hant,3,131,點擊獸（遊戲）,點擊 / 遊戲,True,https://digimon.net/appmon_zh-CHT/detail.php?id=132
133,タップモン(ライフ),ja,1,131,タップモン(ゲーム),タップ / ゲーム,True,https://digimon.net/appmon/detail.php?id=133
133,タップモン(ライフ),ja,2,132,タップモン(エンタメ),タップ / エンタメ,True,https://digimon.net/appmon/detail.php?id=133
133,タップモン(ライフ),ja,3,128,タップモン(ナビ),タップ / ナビ,True,https://digimon.net/appmon/detail.php?id=133
133,タップモン(ライフ),ko,1,129,탭몬(툴),탭 / 툴,True,https://digimon.net/appmon_ko/detail.php?id=133
133,タップモン(ライフ),ko,2,132,탭몬(엔터테인먼트),탭 / 엔터테인먼트,True,https://digimon.net/appmon_ko/detail.php?id=133
133,タップモン(ライフ),ko,3,128,탭몬(내비),탭 / 내비,True,https://digimon.net/appmon_ko/detail.php?id=133
133,タップモン(ライフ),en,1,127,Tapmon (Social),Tap / Social,True,https://digimon.net/appmon_en/detail.php?id=133
133,タップモン(ライフ),en,2,128,Tapmon (Navi),Tap / Navi,True,https://digimon.net/appmon_en/detail.php?id=133
133,タップモン(ライフ),en,3,130,Tapmon (System),Tap / System,True,https://digimon.net/appmon_en/detail.php?id=133
133,タップモン(ライフ),zh_hans,1,127,轻敲兽（社交）,轻敲 / 社交,True,https://digimon.net/appmon_zh-CHS/detail.php?id=133
133,タップモン(ライフ),zh_hans,2,131,轻敲兽（游戏）,轻敲 / 游戏,True,https://digimon.net/appmon_zh-CHS/detail.php?id=133
133,タップモン(ライフ),zh_hans,3,132,轻敲兽（娱乐）,轻敲 / 娱乐,True,https://digimon.net/appmon_zh-CHS/detail.php?id=133
133,タップモン(ライフ),zh_hant,1,129,點擊獸（工具）,點擊 / 工具,True,https://digimon.net/appmon_zh-CHT/detail.php?id=133
133,タップモン(ライフ),zh_hant,2,131,點擊獸（遊戲）,點擊 / 遊戲,True,https://digimon.net/appmon_zh-CHT/detail.php?id=133
133,タップモン(ライフ),zh_hant,3,130,點擊獸（系統）,點擊 / 系統,True,https://digimon.net/appmon_zh-CHT/detail.php?id=133
134,フリックモン(ソーシャル),ja,1,139,フリックモン(エンタメ),フリック / エンタメ,True,https://digimon.net/appmon/detail.php?id=134
134,フリックモン(ソーシャル),ja,2,136,フリックモン(ツール),フリック / ツール,True,https://digimon.net/appmon/detail.php?id=134
134,フリックモン(ソーシャル),ja,3,135,フリックモン(ナビ),フリック / ナビ,True,https://digimon.net/appmon/detail.php?id=134
134,フリックモン(ソーシャル),ko,1,139,플릭몬(엔터테인먼트),플릭 / 엔터테인먼트,True,https://digimon.net/appmon_ko/detail.php?id=134
134,フリックモン(ソーシャル),ko,2,137,플릭몬(시스템),플릭 / 시스템,True,https://digimon.net/appmon_ko/detail.php?id=134
134,フリックモン(ソーシャル),ko,3,136,플릭몬(툴),플릭 / 툴,True,https://digimon.net/appmon_ko/detail.php?id=134
134,フリックモン(ソーシャル),en,1,136,Flickmon (Tool),Flick / Tool,True,https://digimon.net/appmon_en/detail.php?id=134
134,フリックモン(ソーシャル),en,2,137,Flickmon (System),Flick / System,True,https://digimon.net/appmon_en/detail.php?id=134
134,フリックモン(ソーシャル),en,3,140,Flickmon (Life),Flick / Life,True,https://digimon.net/appmon_en/detail.php?id=134
134,フリックモン(ソーシャル),zh_hans,1,138,轻弹兽（系统）,轻弹 / 游戏,True,https://digimon.net/appmon_zh-CHS/detail.php?id=134
134,フリックモン(ソーシャル),zh_hans,2,140,轻弹兽（生活）,轻弹 / 生活,True,https://digimon.net/appmon_zh-CHS/detail.php?id=134
134,フリックモン(ソーシャル),zh_hans,3,135,轻弹兽（导航）,轻弹 / 导航,True,https://digimon.net/appmon_zh-CHS/detail.php?id=134
134,フリックモン(ソーシャル),zh_hant,1,137,推滑獸（系統）,滑動輸入 / 系統,True,https://digimon.net/appmon_zh-CHT/detail.php?id=134
134,フリックモン(ソーシャル),zh_hant,2,139,推滑獸（娛樂）,滑動輸入 / 娛樂,True,https://digimon.net/appmon_zh-CHT/detail.php?id=134
134,フリックモン(ソーシャル),zh_hant,3,135,推滑獸（導航）,滑動輸入 / 導航,True,https://digimon.net/appmon_zh-CHT/detail.php?id=134
135,フリックモン(ナビ),ja,1,137,フリックモン(システム),フリック / システム,True,https://digimon.net/appmon/detail.php?id=135
135,フリックモン(ナビ),ja,2,136,フリックモン(ツール),フリック / ツール,True,https://digimon.net/appmon/detail.php?id=135
135,フリックモン(ナビ),ja,3,140,フリックモン(ライフ),フリック / ライフ,True,https://digimon.net/appmon/detail.php?id=135
135,フリックモン(ナビ),ko,1,139,플릭몬(엔터테인먼트),플릭 / 엔터테인먼트,True,https://digimon.net/appmon_ko/detail.php?id=135
135,フリックモン(ナビ),ko,2,136,플릭몬(툴),플릭 / 툴,True,https://digimon.net/appmon_ko/detail.php?id=135
135,フリックモン(ナビ),ko,3,140,플릭몬(라이프),플릭 / 라이프,True,https://digimon.net/appmon_ko/detail.php?id=135
135,フリックモン(ナビ),en,1,134,Flickmon (Social),Flick / Social,True,https://digimon.net/appmon_en/detail.php?id=135
135,フリックモン(ナビ),en,2,138,Flickmon (Game),Flick / Game,True,https://digimon.net/appmon_en/detail.php?id=135
135,フリックモン(ナビ),en,3,139,Flickmon (Entertainment),Flick / Entertainment,True,https://digimon.net/appmon_en/detail.php?id=135
135,フリックモン(ナビ),zh_hans,1,140,轻弹兽（生活）,轻弹 / 生活,True,https://digimon.net/appmon_zh-CHS/detail.php?id=135
135,フリックモン(ナビ),zh_hans,2,138,轻弹兽（系统）,轻弹 / 游戏,True,https://digimon.net/appmon_zh-CHS/detail.php?id=135
135,フリックモン(ナビ),zh_hans,3,134,轻弹兽（社交）,轻弹 / 社交,True,https://digimon.net/appmon_zh-CHS/detail.php?id=135
135,フリックモン(ナビ),zh_hant,1,140,推滑獸（生活）,滑動輸入 / 生活,True,https://digimon.net/appmon_zh-CHT/detail.php?id=135
135,フリックモン(ナビ),zh_hant,2,136,推滑獸（工具）,滑動輸入 / 工具,True,https://digimon.net/appmon_zh-CHT/detail.php?id=135
135,フリックモン(ナビ),zh_hant,3,134,推滑獸（社交）,滑動輸入 / 社交,True,https://digimon.net/appmon_zh-CHT/detail.php?id=135
136,フリックモン(ツール),ja,1,140,フリックモン(ライフ),フリック / ライフ,True,https://digimon.net/appmon/detail.php?id=136
136,フリックモン(ツール),ja,2,138,フリックモン(ゲーム),フリック / ゲーム,True,https://digimon.net/appmon/detail.php?id=136
136,フリックモン(ツール),ja,3,135,フリックモン(ナビ),フリック / ナビ,True,https://digimon.net/appmon/detail.php?id=136
136,フリックモン(ツール),ko,1,140,플릭몬(라이프),플릭 / 라이프,True,https://digimon.net/appmon_ko/detail.php?id=136
136,フリックモン(ツール),ko,2,135,플릭몬(내비),플릭 / 내비,True,https://digimon.net/appmon_ko/detail.php?id=136
136,フリックモン(ツール),ko,3,137,플릭몬(시스템),플릭 / 시스템,True,https://digimon.net/appmon_ko/detail.php?id=136
136,フリックモン(ツール),en,1,134,Flickmon (Social),Flick / Social,True,https://digimon.net/appmon_en/detail.php?id=136
136,フリックモン(ツール),en,2,137,Flickmon (System),Flick / System,True,https://digimon.net/appmon_en/detail.php?id=136
136,フリックモン(ツール),en,3,135,Flickmon (Navi),Flick / Navi,True,https://digimon.net/appmon_en/detail.php?id=136
136,フリックモン(ツール),zh_hans,1,137,轻弹兽（系统）,轻弹 / 系统,True,https://digimon.net/appmon_zh-CHS/detail.php?id=136
136,フリックモン(ツール),zh_hans,2,135,轻弹兽（导航）,轻弹 / 导航,True,https://digimon.net/appmon_zh-CHS/detail.php?id=136
136,フリックモン(ツール),zh_hans,3,139,轻弹兽（娱乐）,轻弹 / 娱乐,True,https://digimon.net/appmon_zh-CHS/detail.php?id=136
136,フリックモン(ツール),zh_hant,1,137,推滑獸（系統）,滑動輸入 / 系統,True,https://digimon.net/appmon_zh-CHT/detail.php?id=136
136,フリックモン(ツール),zh_hant,2,140,推滑獸（生活）,滑動輸入 / 生活,True,https://digimon.net/appmon_zh-CHT/detail.php?id=136
136,フリックモン(ツール),zh_hant,3,135,推滑獸（導航）,滑動輸入 / 導航,True,https://digimon.net/appmon_zh-CHT/detail.php?id=136
137,フリックモン(システム),ja,1,138,フリックモン(ゲーム),フリック / ゲーム,True,https://digimon.net/appmon/detail.php?id=137
137,フリックモン(システム),ja,2,136,フリックモン(ツール),フリック / ツール,True,https://digimon.net/appmon/detail.php?id=137
137,フリックモン(システム),ja,3,139,フリックモン(エンタメ),フリック / エンタメ,True,https://digimon.net/appmon/detail.php?id=137
137,フリックモン(システム),ko,1,135,플릭몬(내비),플릭 / 내비,True,https://digimon.net/appmon_ko/detail.php?id=137
137,フリックモン(システム),ko,2,138,플릭몬(게임),플릭 / 게임,True,https://digimon.net/appmon_ko/detail.php?id=137
137,フリックモン(システム),ko,3,136,플릭몬(툴),플릭 / 툴,True,https://digimon.net/appmon_ko/detail.php?id=137
137,フリックモン(システム),en,1,134,Flickmon (Social),Flick / Social,True,https://digimon.net/appmon_en/detail.php?id=137
137,フリックモン(システム),en,2,135,Flickmon (Navi),Flick / Navi,True,https://digimon.net/appmon_en/detail.php?id=137
137,フリックモン(システム),en,3,136,Flickmon (Tool),Flick / Tool,True,https://digimon.net/appmon_en/detail.php?id=137
137,フリックモン(システム),zh_hans,1,140,轻弹兽（生活）,轻弹 / 生活,True,https://digimon.net/appmon_zh-CHS/detail.php?id=137
137,フリックモン(システム),zh_hans,2,136,轻弹兽（工具）,轻弹 / 工具,True,https://digimon.net/appmon_zh-CHS/detail.php?id=137
137,フリックモン(システム),zh_hans,3,134,轻弹兽（社交）,轻弹 / 社交,True,https://digimon.net/appmon_zh-CHS/detail.php?id=137
137,フリックモン(システム),zh_hant,1,134,推滑獸（社交）,滑動輸入 / 社交,True,https://digimon.net/appmon_zh-CHT/detail.php?id=137
137,フリックモン(システム),zh_hant,2,136,推滑獸（工具）,滑動輸入 / 工具,True,https://digimon.net/appmon_zh-CHT/detail.php?id=137
137,フリックモン(システム),zh_hant,3,138,推滑獸（遊戲）,滑動輸入 / 遊戲,True,https://digimon.net/appmon_zh-CHT/detail.php?id=137
138,フリックモン(ゲーム),ja,1,137,フリックモン(システム),フリック / システム,True,https://digimon.net/appmon/detail.php?id=138
138,フリックモン(ゲーム),ja,2,136,フリックモン(ツール),フリック / ツール,True,https://digimon.net/appmon/detail.php?id=138
138,フリックモン(ゲーム),ja,3,140,フリックモン(ライフ),フリック / ライフ,True,https://digimon.net/appmon/detail.php?id=138
138,フリックモン(ゲーム),ko,1,140,플릭몬(라이프),플릭 / 라이프,True,https://digimon.net/appmon_ko/detail.php?id=138
138,フリックモン(ゲーム),ko,2,134,플릭몬(소셜),플릭 / 소셜,True,https://digimon.net/appmon_ko/detail.php?id=138
138,フリックモン(ゲーム),ko,3,136,플릭몬(툴),플릭 / 툴,True,https://digimon.net/appmon_ko/detail.php?id=138
138,フリックモン(ゲーム),en,1,139,Flickmon (Entertainment),Flick / Entertainment,True,https://digimon.net/appmon_en/detail.php?id=138
138,フリックモン(ゲーム),en,2,134,Flickmon (Social),Flick / Social,True,https://digimon.net/appmon_en/detail.php?id=138
138,フリックモン(ゲーム),en,3,137,Flickmon (System),Flick / System,True,https://digimon.net/appmon_en/detail.php?id=138
138,フリックモン(ゲーム),zh_hans,1,136,轻弹兽（工具）,轻弹 / 工具,True,https://digimon.net/appmon_zh-CHS/detail.php?id=138
138,フリックモン(ゲーム),zh_hans,2,139,轻弹兽（娱乐）,轻弹 / 娱乐,True,https://digimon.net/appmon_zh-CHS/detail.php?id=138
138,フリックモン(ゲーム),zh_hans,3,137,轻弹兽（系统）,轻弹 / 系统,True,https://digimon.net/appmon_zh-CHS/detail.php?id=138
138,フリックモン(ゲーム),zh_hant,1,134,推滑獸（社交）,滑動輸入 / 社交,True,https://digimon.net/appmon_zh-CHT/detail.php?id=138
138,フリックモン(ゲーム),zh_hant,2,137,推滑獸（系統）,滑動輸入 / 系統,True,https://digimon.net/appmon_zh-CHT/detail.php?id=138
138,フリックモン(ゲーム),zh_hant,3,139,推滑獸（娛樂）,滑動輸入 / 娛樂,True,https://digimon.net/appmon_zh-CHT/detail.php?id=138
139,フリックモン(エンタメ),ja,1,138,フリックモン(ゲーム),フリック / ゲーム,True,https://digimon.net/appmon/detail.php?id=139
139,フリックモン(エンタメ),ja,2,134,フリックモン(ソーシャル),フリック / ソーシャル,True,https://digimon.net/appmon/detail.php?id=139
139,フリックモン(エンタメ),ja,3,140,フリックモン(ライフ),フリック / ライフ,True,https://digimon.net/appmon/detail.php?id=139
139,フリックモン(エンタメ),ko,1,136,플릭몬(툴),플릭 / 툴,True,https://digimon.net/appmon_ko/detail.php?id=139
139,フリックモン(エンタメ),ko,2,135,플릭몬(내비),플릭 / 내비,True,https://digimon.net/appmon_ko/detail.php?id=139
139,フリックモン(エンタメ),ko,3,138,플릭몬(게임),플릭 / 게임,True,https://digimon.net/appmon_ko/detail.php?id=139
139,フリックモン(エンタメ),en,1,140,Flickmon (Life),Flick / Life,True,https://digimon.net/appmon_en/detail.php?id=139
139,フリックモン(エンタメ),en,2,134,Flickmon (Social),Flick / Social,True,https://digimon.net/appmon_en/detail.php?id=139
139,フリックモン(エンタメ),en,3,138,Flickmon (Game),Flick / Game,True,https://digimon.net/appmon_en/detail.php?id=139
139,フリックモン(エンタメ),zh_hans,1,140,轻弹兽（生活）,轻弹 / 生活,True,https://digimon.net/appmon_zh-CHS/detail.php?id=139
139,フリックモン(エンタメ),zh_hans,2,134,轻弹兽（社交）,轻弹 / 社交,True,https://digimon.net/appmon_zh-CHS/detail.php?id=139
139,フリックモン(エンタメ),zh_hans,3,135,轻弹兽（导航）,轻弹 / 导航,True,https://digimon.net/appmon_zh-CHS/detail.php?id=139
139,フリックモン(エンタメ),zh_hant,1,138,推滑獸（遊戲）,滑動輸入 / 遊戲,True,https://digimon.net/appmon_zh-CHT/detail.php?id=139
139,フリックモン(エンタメ),zh_hant,2,136,推滑獸（工具）,滑動輸入 / 工具,True,https://digimon.net/appmon_zh-CHT/detail.php?id=139
139,フリックモン(エンタメ),zh_hant,3,134,推滑獸（社交）,滑動輸入 / 社交,True,https://digimon.net/appmon_zh-CHT/detail.php?id=139
140,フリックモン(ライフ),ja,1,139,フリックモン(エンタメ),フリック / エンタメ,True,https://digimon.net/appmon/detail.php?id=140
140,フリックモン(ライフ),ja,2,135,フリックモン(ナビ),フリック / ナビ,True,https://digimon.net/appmon/detail.php?id=140
140,フリックモン(ライフ),ja,3,136,フリックモン(ツール),フリック / ツール,True,https://digimon.net/appmon/detail.php?id=140
140,フリックモン(ライフ),ko,1,135,플릭몬(내비),플릭 / 내비,True,https://digimon.net/appmon_ko/detail.php?id=140
140,フリックモン(ライフ),ko,2,139,플릭몬(엔터테인먼트),플릭 / 엔터테인먼트,True,https://digimon.net/appmon_ko/detail.php?id=140
140,フリックモン(ライフ),ko,3,136,플릭몬(툴),플릭 / 툴,True,https://digimon.net/appmon_ko/detail.php?id=140
140,フリックモン(ライフ),en,1,137,Flickmon (System),Flick / System,True,https://digimon.net/appmon_en/detail.php?id=140
140,フリックモン(ライフ),en,2,139,Flickmon (Entertainment),Flick / Entertainment,True,https://digimon.net/appmon_en/detail.php?id=140
140,フリックモン(ライフ),en,3,135,Flickmon (Navi),Flick / Navi,True,https://digimon.net/appmon_en/detail.php?id=140
140,フリックモン(ライフ),zh_hans,1,137,轻弹兽（系统）,轻弹 / 系统,True,https://digimon.net/appmon_zh-CHS/detail.php?id=140
140,フリックモン(ライフ),zh_hans,2,135,轻弹兽（导航）,轻弹 / 导航,True,https://digimon.net/appmon_zh-CHS/detail.php?id=140
140,フリックモン(ライフ),zh_hans,3,138,轻弹兽（系统）,轻弹 / 游戏,True,https://digimon.net/appmon_zh-CHS/detail.php?id=140
140,フリックモン(ライフ),zh_hant,1,137,推滑獸（系統）,滑動輸入 / 系統,True,https://digimon.net/appmon_zh-CHT/detail.php?id=140
140,フリックモン(ライフ),zh_hant,2,135,推滑獸（導航）,滑動輸入 / 導航,True,https://digimon.net/appmon_zh-CHT/detail.php?id=140
140,フリックモン(ライフ),zh_hant,3,136,推滑獸（工具）,滑動輸入 / 工具,True,https://digimon.net/appmon_zh-CHT/detail.php?id=140
141,スワイプモン(ソーシャル),ja,1,142,スワイプモン(ナビ),スワイプ / ナビ,True,https://digimon.net/appmon/detail.php?id=141
141,スワイプモン(ソーシャル),ja,2,144,スワイプモン(システム),スワイプ / システム,True,https://digimon.net/appmon/detail.php?id=141
141,スワイプモン(ソーシャル),ja,3,147,スワイプモン(ライフ),スワイプ / ライフ,True,https://digimon.net/appmon/detail.php?id=141
141,スワイプモン(ソーシャル),ko,1,144,스와이프몬(시스템),스와이프 / 시스템,True,https://digimon.net/appmon_ko/detail.php?id=141
141,スワイプモン(ソーシャル),ko,2,146,스와이프몬(엔터테인먼트),스와이프 / 엔터테인먼트,True,https://digimon.net/appmon_ko/detail.php?id=141
141,スワイプモン(ソーシャル),ko,3,142,스와이프몬(내비),스와이프 / 내비,True,https://digimon.net/appmon_ko/detail.php?id=141
141,スワイプモン(ソーシャル),en,1,142,Swipemon (Navi),Swipe / Navi,True,https://digimon.net/appmon_en/detail.php?id=141
141,スワイプモン(ソーシャル),en,2,143,Swipemon (Tool),Swipe / Tool,True,https://digimon.net/appmon_en/detail.php?id=141
141,スワイプモン(ソーシャル),en,3,147,Swipemon (Life),Swipe / Life,True,https://digimon.net/appmon_en/detail.php?id=141
141,スワイプモン(ソーシャル),zh_hans,1,145,轻扫兽（游戏）,轻扫 / 游戏,True,https://digimon.net/appmon_zh-CHS/detail.php?id=141
141,スワイプモン(ソーシャル),zh_hans,2,143,轻扫兽（工具）,轻扫 / 工具,True,https://digimon.net/appmon_zh-CHS/detail.php?id=141
141,スワイプモン(ソーシャル),zh_hans,3,146,轻扫兽（娱乐）,轻扫 / 娱乐,True,https://digimon.net/appmon_zh-CHS/detail.php?id=141
141,スワイプモン(ソーシャル),zh_hant,1,147,滑動獸（生活）,按住滑動 / 生活,True,https://digimon.net/appmon_zh-CHT/detail.php?id=141
141,スワイプモン(ソーシャル),zh_hant,2,144,滑動獸（系統）,按住滑動 / 系統,True,https://digimon.net/appmon_zh-CHT/detail.php?id=141
141,スワイプモン(ソーシャル),zh_hant,3,143,滑動獸（工具）,按住滑動 / 工具,True,https://digimon.net/appmon_zh-CHT/detail.php?id=141
142,スワイプモン(ナビ),ja,1,146,スワイプモン(エンタメ),スワイプ / エンタメ,True,https://digimon.net/appmon/detail.php?id=142
142,スワイプモン(ナビ),ja,2,141,スワイプモン(ソーシャル),スワイプ / ソーシャル,True,https://digimon.net/appmon/detail.php?id=142
142,スワイプモン(ナビ),ja,3,147,スワイプモン(ライフ),スワイプ / ライフ,True,https://digimon.net/appmon/detail.php?id=142
142,スワイプモン(ナビ),ko,1,145,스와이프몬(게임),스와이프 / 게임,True,https://digimon.net/appmon_ko/detail.php?id=142
142,スワイプモン(ナビ),ko,2,146,스와이프몬(엔터테인먼트),스와이프 / 엔터테인먼트,True,https://digimon.net/appmon_ko/detail.php?id=142
142,スワイプモン(ナビ),ko,3,141,스와이프몬(소셜),스와이프 / 소셜,True,https://digimon.net/appmon_ko/detail.php?id=142
142,スワイプモン(ナビ),en,1,146,Swipemon (Entertainment),Swipe / Entertainment,True,https://digimon.net/appmon_en/detail.php?id=142
142,スワイプモン(ナビ),en,2,144,Swipemon (System),Swipe / System,True,https://digimon.net/appmon_en/detail.php?id=142
142,スワイプモン(ナビ),en,3,143,Swipemon (Tool),Swipe / Tool,True,https://digimon.net/appmon_en/detail.php?id=142
142,スワイプモン(ナビ),zh_hans,1,147,轻扫兽（生活）,轻扫 / 生活,True,https://digimon.net/appmon_zh-CHS/detail.php?id=142
142,スワイプモン(ナビ),zh_hans,2,144,轻扫兽（系统）,轻扫 / 系统,True,https://digimon.net/appmon_zh-CHS/detail.php?id=142
142,スワイプモン(ナビ),zh_hans,3,145,轻扫兽（游戏）,轻扫 / 游戏,True,https://digimon.net/appmon_zh-CHS/detail.php?id=142
142,スワイプモン(ナビ),zh_hant,1,141,滑動獸（社交）,按住滑動 / 社交,True,https://digimon.net/appmon_zh-CHT/detail.php?id=142
142,スワイプモン(ナビ),zh_hant,2,145,滑動獸（遊戲）,按住滑動 / 遊戲,True,https://digimon.net/appmon_zh-CHT/detail.php?id=142
142,スワイプモン(ナビ),zh_hant,3,146,滑動獸（娛樂）,按住滑動 / 娛樂,True,https://digimon.net/appmon_zh-CHT/detail.php?id=142
143,スワイプモン(ツール),ja,1,145,スワイプモン(ゲーム),スワイプ / ゲーム,True,https://digimon.net/appmon/detail.php?id=143
143,スワイプモン(ツール),ja,2,144,スワイプモン(システム),スワイプ / システム,True,https://digimon.net/appmon/detail.php?id=143
143,スワイプモン(ツール),ja,3,146,スワイプモン(エンタメ),スワイプ / エンタメ,True,https://digimon.net/appmon/detail.php?id=143
143,スワイプモン(ツール),ko,1,141,스와이프몬(소셜),스와이프 / 소셜,True,https://digimon.net/appmon_ko/detail.php?id=143
143,スワイプモン(ツール),ko,2,144,스와이프몬(시스템),스와이프 / 시스템,True,https://digimon.net/appmon_ko/detail.php?id=143
143,スワイプモン(ツール),ko,3,147,스와이프몬(라이프),스와이프 / 라이프,True,https://digimon.net/appmon_ko/detail.php?id=143
143,スワイプモン(ツール),en,1,147,Swipemon (Life),Swipe / Life,True,https://digimon.net/appmon_en/detail.php?id=143
143,スワイプモン(ツール),en,2,146,Swipemon (Entertainment),Swipe / Entertainment,True,https://digimon.net/appmon_en/detail.php?id=143
143,スワイプモン(ツール),en,3,142,Swipemon (Navi),Swipe / Navi,True,https://digimon.net/appmon_en/detail.php?id=143
143,スワイプモン(ツール),zh_hans,1,144,轻扫兽（系统）,轻扫 / 系统,True,https://digimon.net/appmon_zh-CHS/detail.php?id=143
143,スワイプモン(ツール),zh_hans,2,142,轻扫兽（导航）,轻扫 / 导航,True,https://digimon.net/appmon_zh-CHS/detail.php?id=143
143,スワイプモン(ツール),zh_hans,3,146,轻扫兽（娱乐）,轻扫 / 娱乐,True,https://digimon.net/appmon_zh-CHS/detail.php?id=143
143,スワイプモン(ツール),zh_hant,1,147,滑動獸（生活）,按住滑動 / 生活,True,https://digimon.net/appmon_zh-CHT/detail.php?id=143
143,スワイプモン(ツール),zh_hant,2,144,滑動獸（系統）,按住滑動 / 系統,True,https://digimon.net/appmon_zh-CHT/detail.php?id=143
143,スワイプモン(ツール),zh_hant,3,141,滑動獸（社交）,按住滑動 / 社交,True,https://digimon.net/appmon_zh-CHT/detail.php?id=143
144,スワイプモン(システム),ja,1,143,スワイプモン(ツール),スワイプ / ツール,True,https://digimon.net/appmon/detail.php?id=144
144,スワイプモン(システム),ja,2,141,スワイプモン(ソーシャル),スワイプ / ソーシャル,True,https://digimon.net/appmon/detail.php?id=144
144,スワイプモン(システム),ja,3,147,スワイプモン(ライフ),スワイプ / ライフ,True,https://digimon.net/appmon/detail.php?id=144
144,スワイプモン(システム),ko,1,142,스와이프몬(내비),스와이프 / 내비,True,https://digimon.net/appmon_ko/detail.php?id=144
144,スワイプモン(システム),ko,2,147,스와이프몬(라이프),스와이프 / 라이프,True,https://digimon.net/appmon_ko/detail.php?id=144
144,スワイプモン(システム),ko,3,141,스와이프몬(소셜),스와이프 / 소셜,True,https://digimon.net/appmon_ko/detail.php?id=144
144,スワイプモン(システム),en,1,143,Swipemon (Tool),Swipe / Tool,True,https://digimon.net/appmon_en/detail.php?id=144
144,スワイプモン(システム),en,2,147,Swipemon (Life),Swipe / Life,True,https://digimon.net/appmon_en/detail.php?id=144
144,スワイプモン(システム),en,3,146,Swipemon (Entertainment),Swipe / Entertainment,True,https://digimon.net/appmon_en/detail.php?id=144
144,スワイプモン(システム),zh_hans,1,146,轻扫兽（娱乐）,轻扫 / 娱乐,True,https://digimon.net/appmon_zh-CHS/detail.php?id=144
144,スワイプモン(システム),zh_hans,2,147,轻扫兽（生活）,轻扫 / 生活,True,https://digimon.net/appmon_zh-CHS/detail.php?id=144
144,スワイプモン(システム),zh_hans,3,143,轻扫兽（工具）,轻扫 / 工具,True,https://digimon.net/appmon_zh-CHS/detail.php?id=144
144,スワイプモン(システム),zh_hant,1,145,滑動獸（遊戲）,按住滑動 / 遊戲,True,https://digimon.net/appmon_zh-CHT/detail.php?id=144
144,スワイプモン(システム),zh_hant,2,146,滑動獸（娛樂）,按住滑動 / 娛樂,True,https://digimon.net/appmon_zh-CHT/detail.php?id=144
144,スワイプモン(システム),zh_hant,3,141,滑動獸（社交）,按住滑動 / 社交,True,https://digimon.net/appmon_zh-CHT/detail.php?id=144
145,スワイプモン(ゲーム),ja,1,142,スワイプモン(ナビ),スワイプ / ナビ,True,https://digimon.net/appmon/detail.php?id=145
145,スワイプモン(ゲーム),ja,2,141,スワイプモン(ソーシャル),スワイプ / ソーシャル,True,https://digimon.net/appmon/detail.php?id=145
145,スワイプモン(ゲーム),ja,3,146,スワイプモン(エンタメ),スワイプ / エンタメ,True,https://digimon.net/appmon/detail.php?id=145
145,スワイプモン(ゲーム),ko,1,144,스와이프몬(시스템),스와이프 / 시스템,True,https://digimon.net/appmon_ko/detail.php?id=145
145,スワイプモン(ゲーム),ko,2,142,스와이프몬(내비),스와이프 / 내비,True,https://digimon.net/appmon_ko/detail.php?id=145
145,スワイプモン(ゲーム),ko,3,147,스와이프몬(라이프),스와이프 / 라이프,True,https://digimon.net/appmon_ko/detail.php?id=145
145,スワイプモン(ゲーム),en,1,146,Swipemon (Entertainment),Swipe / Entertainment,True,https://digimon.net/appmon_en/detail.php?id=145
145,スワイプモン(ゲーム),en,2,141,Swipemon (Social),Swipe / Social,True,https://digimon.net/appmon_en/detail.php?id=145
145,スワイプモン(ゲーム),en,3,143,Swipemon (Tool),Swipe / Tool,True,https://digimon.net/appmon_en/detail.php?id=145
145,スワイプモン(ゲーム),zh_hans,1,144,轻扫兽（系统）,轻扫 / 系统,True,https://digimon.net/appmon_zh-CHS/detail.php?id=145
145,スワイプモン(ゲーム),zh_hans,2,143,轻扫兽（工具）,轻扫 / 工具,True,https://digimon.net/appmon_zh-CHS/detail.php?id=145
145,スワイプモン(ゲーム),zh_hans,3,147,轻扫兽（生活）,轻扫 / 生活,True,https://digimon.net/appmon_zh-CHS/detail.php?id=145
145,スワイプモン(ゲーム),zh_hant,1,143,滑動獸（工具）,按住滑動 / 工具,True,https://digimon.net/appmon_zh-CHT/detail.php?id=145
145,スワイプモン(ゲーム),zh_hant,2,142,滑動獸（導航）,按住滑動 / 導航,True,https://digimon.net/appmon_zh-CHT/detail.php?id=145
145,スワイプモン(ゲーム),zh_hant,3,144,滑動獸（系統）,按住滑動 / 系統,True,https://digimon.net/appmon_zh-CHT/detail.php?id=145
146,スワイプモン(エンタメ),ja,1,141,スワイプモン(ソーシャル),スワイプ / ソーシャル,True,https://digimon.net/appmon/detail.php?id=146
146,スワイプモン(エンタメ),ja,2,145,スワイプモン(ゲーム),スワイプ / ゲーム,True,https://digimon.net/appmon/detail.php?id=146
146,スワイプモン(エンタメ),ja,3,142,スワイプモン(ナビ),スワイプ / ナビ,True,https://digimon.net/appmon/detail.php?id=146
146,スワイプモン(エンタメ),ko,1,143,스와이프몬(툴),스와이프 / 툴,True,https://digimon.net/appmon_ko/detail.php?id=146
146,スワイプモン(エンタメ),ko,2,147,스와이프몬(라이프),스와이프 / 라이프,True,https://digimon.net/appmon_ko/detail.php?id=146
146,スワイプモン(エンタメ),ko,3,141,스와이프몬(소셜),스와이프 / 소셜,True,https://digimon.net/appmon_ko/detail.php?id=146
146,スワイプモン(エンタメ),en,1,147,Swipemon (Life),Swipe / Life,True,https://digimon.net/appmon_en/detail.php?id=146
146,スワイプモン(エンタメ),en,2,141,Swipemon (Social),Swipe / Social,True,https://digimon.net/appmon_en/detail.php?id=146
146,スワイプモン(エンタメ),en,3,142,Swipemon (Navi),Swipe / Navi,True,https://digimon.net/appmon_en/detail.php?id=146
146,スワイプモン(エンタメ),zh_hans,1,141,轻扫兽（社交）,轻扫 / 社交,True,https://digimon.net/appmon_zh-CHS/detail.php?id=146
146,スワイプモン(エンタメ),zh_hans,2,147,轻扫兽（生活）,轻扫 / 生活,True,https://digimon.net/appmon_zh-CHS/detail.php?id=146
146,スワイプモン(エンタメ),zh_hans,3,142,轻扫兽（导航）,轻扫 / 导航,True,https://digimon.net/appmon_zh-CHS/detail.php?id=146
146,スワイプモン(エンタメ),zh_hant,1,141,滑動獸（社交）,按住滑動 / 社交,True,https://digimon.net/appmon_zh-CHT/detail.php?id=146
146,スワイプモン(エンタメ),zh_hant,2,143,滑動獸（工具）,按住滑動 / 工具,True,https://digimon.net/appmon_zh-CHT/detail.php?id=146
146,スワイプモン(エンタメ),zh_hant,3,142,滑動獸（導航）,按住滑動 / 導航,True,https://digimon.net/appmon_zh-CHT/detail.php?id=146
147,スワイプモン(ライフ),ja,1,142,スワイプモン(ナビ),スワイプ / ナビ,True,https://digimon.net/appmon/detail.php?id=147
147,スワイプモン(ライフ),ja,2,143,スワイプモン(ツール),スワイプ / ツール,True,https://digimon.net/appmon/detail.php?id=147
147,スワイプモン(ライフ),ja,3,144,スワイプモン(システム),スワイプ / システム,True,https://digimon.net/appmon/detail.php?id=147
147,スワイプモン(ライフ),ko,1,141,스와이프몬(소셜),스와이프 / 소셜,True,https://digimon.net/appmon_ko/detail.php?id=147
147,スワイプモン(ライフ),ko,2,142,스와이프몬(내비),스와이프 / 내비,True,https://digimon.net/appmon_ko/detail.php?id=147
147,スワイプモン(ライフ),ko,3,146,스와이프몬(엔터테인먼트),스와이프 / 엔터테인먼트,True,https://digimon.net/appmon_ko/detail.php?id=147
147,スワイプモン(ライフ),en,1,144,Swipemon (System),Swipe / System,True,https://digimon.net/appmon_en/detail.php?id=147
147,スワイプモン(ライフ),en,2,143,Swipemon (Tool),Swipe / Tool,True,https://digimon.net/appmon_en/detail.php?id=147
147,スワイプモン(ライフ),en,3,145,Swipemon (Game),Swipe / Game,True,https://digimon.net/appmon_en/detail.php?id=147
147,スワイプモン(ライフ),zh_hans,1,144,轻扫兽（系统）,轻扫 / 系统,True,https://digimon.net/appmon_zh-CHS/detail.php?id=147
147,スワイプモン(ライフ),zh_hans,2,141,轻扫兽（社交）,轻扫 / 社交,True,https://digimon.net/appmon_zh-CHS/detail.php?id=147
147,スワイプモン(ライフ),zh_hans,3,145,轻扫兽（游戏）,轻扫 / 游戏,True,https://digimon.net/appmon_zh-CHS/detail.php?id=147
147,スワイプモン(ライフ),zh_hant,1,143,滑動獸（工具）,按住滑動 / 工具,True,https://digimon.net/appmon_zh-CHT/detail.php?id=147
147,スワイプモン(ライフ),zh_hant,2,141,滑動獸（社交）,按住滑動 / 社交,True,https://digimon.net/appmon_zh-CHT/detail.php?id=147
147,スワイプモン(ライフ),zh_hant,3,144,滑動獸（系統）,按住滑動 / 系統,True,https://digimon.net/appmon_zh-CHT/detail.php?id=147
148,ダンテモン,ja,1,37,コピペモン,コピペ / システム,True,https://digimon.net/appmon/detail.php?id=148
148,ダンテモン,ja,2,83,ウェザドラモン,天候 / ナビ,True,https://digimon.net/appmon/detail.php?id=148
148,ダンテモン,ja,3,48,ロープレモン,ロープレ / ゲーム,True,https://digimon.net/appmon/detail.php?id=148
148,ダンテモン,ko,1,53,텔러몬,점술 / 엔터테인먼트,True,https://digimon.net/appmon_ko/detail.php?id=148
148,ダンテモン,ko,2,103,메딕몬,메디컬 / 라이프,True,https://digimon.net/appmon_ko/detail.php?id=148
148,ダンテモン,ko,3,83,웨더드라몬,기후 / 내비,True,https://digimon.net/appmon_ko/detail.php?id=148
148,ダンテモン,en,1,24,Gomimon,Trashbin  / Tool,True,https://digimon.net/appmon_en/detail.php?id=148
148,ダンテモン,en,2,53,Tellermon,Fortune Telling / Entertainment,True,https://digimon.net/appmon_en/detail.php?id=148
148,ダンテモン,en,3,37,Copipemon,Copy & Paste / System,True,https://digimon.net/appmon_en/detail.php?id=148
148,ダンテモン,zh_hans,1,24,垃圾兽,回收站 / 工具,True,https://digimon.net/appmon_zh-CHS/detail.php?id=148
148,ダンテモン,zh_hans,2,48,角色扮演兽,角色扮演游戏 / 游戏,True,https://digimon.net/appmon_zh-CHS/detail.php?id=148
148,ダンテモン,zh_hans,3,83,气象龙兽,天候 / 导航,True,https://digimon.net/appmon_zh-CHS/detail.php?id=148
148,ダンテモン,zh_hant,1,53,預知獸,占卜 / 娛樂,True,https://digimon.net/appmon_zh-CHT/detail.php?id=148
148,ダンテモン,zh_hant,2,3,郵件獸,郵件 / 社交,True,https://digimon.net/appmon_zh-CHT/detail.php?id=148
148,ダンテモン,zh_hant,3,37,複製貼上獸,複製貼上 / 系統,True,https://digimon.net/appmon_zh-CHT/detail.php?id=148
